AXFMSFP Flymaster Live, V1.0, S/N 997965
HFDTE200426
HFPLTPILOTINCHARGE:Juan Carlos Moran
B1308071853202S04154955WA0102301093
B1308111853202S04154956WA0102301093
B1308151853203S04154958WA0102301095
B1308191853202S04154957WA0102301096
B1308231853202S04154956WA0102301091
B1308271853201S04154955WA0102301088
B1308311853200S04154954WA0102301086
B1308351853200S04154954WA0102301088
B1308391853200S04154954WA0102301089
B1308431853200S04154955WA0102301090
B1308471853201S04154956WA0102301090
B1308511853201S04154956WA0102301090
B1308551853201S04154957WA0102301090
B1308591853200S04154956WA0102301091
B1309031853200S04154956WA0102301094
B1309071853200S04154957WA0102301095
B1309111853200S04154957WA0102301095
B1309151853200S04154956WA0102301095
B1309191853200S04154956WA0102301095
B1309231853199S04154956WA0102301096
B1309271853199S04154955WA0102301096
B1309311853199S04154955WA0102301097
B1309351853199S04154955WA0102301097
B1309391853198S04154955WA0102301097
B1309431853199S04154955WA0102301097
B1309471853199S04154955WA0102301096
B1309511853198S04154954WA0102301096
B1309551853198S04154954WA0102301095
B1309591853198S04154953WA0102301094
B1310031853198S04154953WA0102301093
B1310071853198S04154953WA0102301092
B1310111853198S04154953WA0102301092
B1310151853198S04154953WA0102301092
B1310191853198S04154953WA0102301092
B1310231853198S04154953WA0102301092
B1310271853198S04154952WA0102301091
B1310311853198S04154952WA0102301091
B1310351853198S04154952WA0102301090
B1310391853198S04154952WA0102301090
B1310431853198S04154952WA0102301091
B1310471853198S04154952WA0102301091
B1310511853198S04154952WA0102301091
B1310551853198S04154952WA0102301090
B1310591853198S04154952WA0102301090
B1311031853198S04154952WA0102301090
B1311071853198S04154952WA0102301089
B1311111853198S04154952WA0102301090
B1311151853198S04154952WA0102301090
B1311191853198S04154952WA0102301090
B1311231853198S04154953WA0102301090
B1311271853198S04154953WA0102301090
B1311311853198S04154953WA0102301090
B1311351853198S04154953WA0102301090
B1311391853198S04154953WA0102301090
B1311431853198S04154953WA0102301090
B1311471853198S04154953WA0102301090
B1311511853198S04154953WA0102301090
B1311551853198S04154953WA0102301090
B1311591853198S04154953WA0102301090
B1312031853198S04154953WA0102301090
B1312071853198S04154953WA0102301090
B1312111853198S04154953WA0102301090
B1312151853198S04154953WA0102301090
B1312191853198S04154953WA0102301090
B1312231853198S04154953WA0102301090
B1312271853198S04154953WA0102301090
B1312311853198S04154953WA0102301090
B1312351853198S04154952WA0102301090
B1312391853198S04154952WA0102301090
B1312431853198S04154952WA0102301089
B1312471853198S04154952WA0102301089
B1312511853198S04154952WA0102301089
B1312551853198S04154952WA0102301089
B1312591853198S04154952WA0102301089
B1313031853198S04154952WA0102301089
B1313071853198S04154952WA0102301088
B1313111853198S04154952WA0102301088
B1313151853198S04154951WA0102301087
B1313191853198S04154951WA0102301087
B1313231853198S04154951WA0102301086
B1313271853198S04154951WA0102301086
B1313311853198S04154951WA0102301086
B1313351853198S04154951WA0102301085
B1313391853197S04154950WA0102301085
B1313431853197S04154950WA0102301085
B1313471853197S04154950WA0102301085
B1313511853197S04154950WA0102301085
B1313551853197S04154950WA0102301086
B1313591853197S04154951WA0102301086
B1314031853197S04154951WA0102301086
B1314071853197S04154950WA0102301086
B1314111853197S04154950WA0102301086
B1314151853197S04154950WA0102301086
B1314191853197S04154950WA0102301086
B1314231853197S04154950WA0102301086
B1314271853197S04154950WA0102301086
B1314311853197S04154950WA0102301086
B1314351853197S04154950WA0102301087
B1314391853197S04154950WA0102301087
B1314431853197S04154950WA0102301087
B1314471853197S04154950WA0102301087
B1314511853197S04154950WA0102301087
B1314551853197S04154950WA0102301087
B1314591853197S04154950WA0102301087
B1315031853197S04154950WA0102301087
B1315071853197S04154950WA0102301087
B1315111853197S04154951WA0102301087
B1315151853197S04154951WA0102301087
B1315191853197S04154951WA0102301088
B1315231853197S04154951WA0102301088
B1315271853198S04154951WA0102301088
B1315311853198S04154951WA0102301088
B1315351853198S04154951WA0102301088
B1315391853198S04154951WA0102301089
B1315431853198S04154951WA0102301089
B1315471853197S04154951WA0102301089
B1315511853197S04154951WA0102301089
B1315551853197S04154951WA0102301089
B1315591853198S04154951WA0102301090
B1316031853198S04154951WA0102301091
B1316071853198S04154951WA0102301091
B1316111853198S04154952WA0102301092
B1316151853198S04154952WA0102301092
B1316191853198S04154952WA0102301092
B1316231853198S04154952WA0102301093
B1316271853198S04154952WA0102301093
B1316311853198S04154952WA0102301093
B1316351853198S04154952WA0102301093
B1316391853198S04154952WA0102301093
B1316431853198S04154952WA0102301092
B1316471853198S04154952WA0102301091
B1316511853198S04154952WA0102301091
B1316551853198S04154952WA0102301091
B1316591853198S04154952WA0102301091
B1317031853198S04154952WA0102301090
B1317071853198S04154952WA0102301090
B1317111853198S04154951WA0102301089
B1317151853198S04154951WA0102301089
B1317191853198S04154951WA0102301088
B1317231853198S04154951WA0102301088
B1317271853198S04154951WA0102301088
B1317311853198S04154951WA0102301087
B1317351853198S04154951WA0102301087
B1317391853198S04154951WA0102401088
B1317431853198S04154951WA0102401088
B1317471853198S04154951WA0102401088
B1317511853198S04154951WA0102401088
B1317551853198S04154951WA0102401088
B1317591853198S04154951WA0102401088
B1318031853198S04154951WA0102401089
B1318071853198S04154951WA0102401088
B1318111853198S04154951WA0102401088
B1318151853198S04154951WA0102401089
B1318191853198S04154951WA0102401089
B1318231853198S04154951WA0102401089
B1318271853198S04154951WA0102401089
B1318311853198S04154951WA0102401089
B1318351853198S04154952WA0102401089
B1318391853199S04154952WA0102401089
B1318431853199S04154952WA0102301089
B1318471853199S04154953WA0102301089
B1318511853199S04154952WA0102401089
B1318551853199S04154952WA0102401089
B1318591853199S04154953WA0102401089
B1319031853199S04154953WA0102401089
B1319071853199S04154952WA0102401090
B1319111853199S04154952WA0102401090
B1319151853199S04154952WA0102401090
B1319191853198S04154952WA0102401089
B1319231853199S04154952WA0102401089
B1319271853198S04154952WA0102401089
B1319311853198S04154952WA0102401088
B1319351853198S04154952WA0102401088
B1319391853198S04154952WA0102401088
B1319431853198S04154953WA0102401088
B1319471853198S04154953WA0102401087
B1319511853198S04154953WA0102401088
B1319551853198S04154953WA0102401088
B1319591853199S04154953WA0102401088
B1320031853198S04154952WA0102401088
B1320071853198S04154952WA0102401088
B1320111853198S04154952WA0102401088
B1320151853198S04154952WA0102401088
B1320191853198S04154952WA0102401089
B1320231853198S04154952WA0102401089
B1320271853199S04154952WA0102401088
B1320311853199S04154952WA0102401087
B1320351853199S04154952WA0102401088
B1320391853199S04154952WA0102401088
B1320431853198S04154952WA0102401088
B1320471853198S04154952WA0102401088
B1320511853198S04154951WA0102401088
B1320551853198S04154951WA0102401087
B1320591853198S04154952WA0102401087
B1321031853198S04154952WA0102401087
B1321071853198S04154951WA0102401088
B1321111853198S04154951WA0102401088
B1321151853198S04154951WA0102301088
B1321191853198S04154951WA0102301088
B1321231853198S04154951WA0102401088
B1321271853198S04154952WA0102401088
B1321311853198S04154952WA0102401088
B1321351853198S04154952WA0102401088
B1321391853198S04154952WA0102401088
B1321431853198S04154952WA0102301088
B1321471853198S04154952WA0102401088
B1321511853198S04154952WA0102401088
B1321551853198S04154952WA0102401088
B1321591853198S04154952WA0102401087
B1322031853198S04154952WA0102401087
B1322071853198S04154952WA0102401087
B1322111853198S04154952WA0102401087
B1322151853198S04154952WA0102401087
B1322191853198S04154952WA0102401087
B1322231853198S04154952WA0102401087
B1322271853198S04154952WA0102401087
B1322311853198S04154952WA0102401087
B1322351853198S04154952WA0102401087
B1322391853198S04154952WA0102401086
B1322431853198S04154952WA0102401086
B1322471853198S04154951WA0102401087
B1322511853198S04154951WA0102401087
B1322551853198S04154951WA0102401087
B1322591853198S04154951WA0102401087
B1323031853198S04154951WA0102401088
B1323071853198S04154951WA0102401088
B1323111853198S04154951WA0102301088
B1323151853197S04154951WA0102401089
B1323191853197S04154950WA0102401089
B1323231853197S04154950WA0102401090
B1323271853197S04154950WA0102401090
B1323311853197S04154950WA0102401090
B1323351853197S04154950WA0102401090
B1323391853197S04154950WA0102401091
B1323431853197S04154950WA0102401091
B1323471853197S04154950WA0102301090
B1323511853197S04154950WA0102401090
B1323551853197S04154950WA0102401090
B1323591853197S04154950WA0102401089
B1324031853197S04154950WA0102401089
B1324071853197S04154950WA0102401089
B1324111853198S04154950WA0102301089
B1324151853198S04154950WA0102301089
B1324191853198S04154950WA0102301089
B1324231853198S04154950WA0102301089
B1324271853198S04154950WA0102401088
B1324311853198S04154950WA0102401088
B1324351853198S04154950WA0102401087
B1324391853198S04154950WA0102401087
B1324431853198S04154950WA0102401087
B1324471853198S04154950WA0102401088
B1324511853198S04154950WA0102401088
B1324551853198S04154951WA0102401087
B1324591853198S04154951WA0102401087
B1325031853198S04154951WA0102401087
B1325071853198S04154951WA0102401087
B1325111853198S04154951WA0102401087
B1325151853198S04154951WA0102401087
B1325191853198S04154952WA0102401087
B1325231853198S04154952WA0102401087
B1325271853198S04154952WA0102401087
B1325311853198S04154952WA0102401087
B1325351853198S04154952WA0102401088
B1325391853198S04154952WA0102401088
B1325431853198S04154952WA0102401088
B1325471853198S04154952WA0102401086
B1325511853197S04154951WA0102401085
B1325551853197S04154950WA0102401086
B1325591853197S04154950WA0102401087
B1326031853196S04154950WA0102401087
B1326071853196S04154950WA0102401087
B1326111853196S04154950WA0102401087
B1326151853196S04154950WA0102401086
B1326191853197S04154950WA0102401087
B1326231853197S04154950WA0102401087
B1326271853197S04154950WA0102401087
B1326311853197S04154950WA0102401087
B1326351853197S04154951WA0102401088
B1326391853197S04154950WA0102401088
B1326431853197S04154950WA0102401087
B1326471853197S04154950WA0102401087
B1326511853196S04154950WA0102401087
B1326551853196S04154950WA0102401088
B1326591853196S04154950WA0102401088
B1327031853196S04154950WA0102401088
B1327071853196S04154950WA0102401088
B1327111853196S04154950WA0102401088
B1327151853196S04154950WA0102401088
B1327191853196S04154950WA0102401087
B1327231853196S04154950WA0102401087
B1327271853196S04154950WA0102401087
B1327311853196S04154950WA0102401087
B1327351853196S04154950WA0102401087
B1327391853196S04154950WA0102401087
B1327431853196S04154950WA0102401087
B1327471853196S04154951WA0102401087
B1327511853196S04154951WA0102401087
B1327551853196S04154951WA0102401088
B1327591853196S04154951WA0102401088
B1328031853196S04154951WA0102401088
B1328071853196S04154951WA0102401088
B1328111853196S04154951WA0102401088
B1328151853197S04154951WA0102401088
B1328191853197S04154951WA0102401088
B1328231853197S04154951WA0102401088
B1328271853197S04154951WA0102401088
B1328311853197S04154951WA0102401089
B1328351853197S04154951WA0102401089
B1328391853197S04154951WA0102401089
B1328431853197S04154951WA0102401089
B1328471853197S04154951WA0102401089
B1328511853197S04154951WA0102401089
B1328551853198S04154951WA0102401089
B1328591853198S04154951WA0102401088
B1329031853198S04154951WA0102401088
B1329071853198S04154951WA0102401088
B1329111853198S04154951WA0102401088
B1329151853198S04154951WA0102401088
B1329191853198S04154951WA0102401088
B1329231853198S04154951WA0102401088
B1329271853198S04154951WA0102401088
B1329311853198S04154951WA0102401088
B1329351853198S04154951WA0102401089
B1329391853198S04154951WA0102401089
B1329431853198S04154951WA0102401089
B1329471853198S04154951WA0102401089
B1329511853198S04154951WA0102401089
B1329551853198S04154951WA0102401090
B1329591853198S04154951WA0102401090
B1330031853198S04154951WA0102401090
B1330071853198S04154951WA0102401090
B1330111853198S04154951WA0102401091
B1330151853198S04154951WA0102401091
B1330191853198S04154951WA0102401092
B1330231853198S04154951WA0102401092
B1330271853198S04154951WA0102401092
B1330311853198S04154951WA0102401092
B1330351853198S04154951WA0102401092
B1330391853198S04154951WA0102401092
B1330431853198S04154951WA0102401093
B1330471853198S04154951WA0102401093
B1330511853198S04154951WA0102401094
B1330551853198S04154951WA0102401094
B1330591853198S04154951WA0102401094
B1331031853198S04154951WA0102401094
B1331071853198S04154951WA0102401094
B1331111853198S04154951WA0102401094
B1331151853198S04154951WA0102401094
B1331191853198S04154951WA0102401094
B1331231853198S04154951WA0102401094
B1331271853198S04154951WA0102401094
B1331311853198S04154951WA0102401094
B1331351853198S04154951WA0102401093
B1331391853198S04154951WA0102401093
B1331431853198S04154951WA0102401093
B1331471853198S04154951WA0102401093
B1331511853198S04154951WA0102401093
B1331551853198S04154951WA0102401094
B1331591853198S04154951WA0102401093
B1332031853198S04154951WA0102401093
B1332071853198S04154951WA0102401093
B1332111853198S04154951WA0102401093
B1332151853198S04154952WA0102401093
B1332191853198S04154952WA0102401093
B1332231853199S04154952WA0102401093
B1332271853199S04154952WA0102401093
B1332311853199S04154951WA0102401094
B1332351853199S04154951WA0102401094
B1332391853199S04154951WA0102401094
B1332431853199S04154951WA0102401094
B1332471853198S04154951WA0102401093
B1332511853198S04154951WA0102401093
B1332551853198S04154951WA0102401093
B1332591853198S04154951WA0102401093
B1333031853198S04154951WA0102401093
B1333071853198S04154951WA0102401093
B1333111853198S04154951WA0102401093
B1333151853198S04154951WA0102401092
B1333191853198S04154951WA0102401092
B1333231853198S04154951WA0102401092
B1333271853198S04154951WA0102401092
B1333311853198S04154951WA0102401092
B1333351853198S04154951WA0102401092
B1333391853198S04154951WA0102401092
B1333431853198S04154951WA0102401092
B1333471853198S04154951WA0102401092
B1333511853197S04154951WA0102401092
B1333551853197S04154951WA0102401091
B1333591853197S04154951WA0102401091
B1334031853198S04154951WA0102401091
B1334071853198S04154951WA0102401092
B1334111853198S04154951WA0102401092
B1334151853198S04154951WA0102401092
B1334191853198S04154951WA0102401092
B1334231853198S04154950WA0102401092
B1334271853198S04154950WA0102401092
B1334311853198S04154950WA0102401092
B1334351853198S04154950WA0102401092
B1334391853198S04154950WA0102401093
B1334431853198S04154950WA0102401093
B1334471853198S04154950WA0102401093
B1334511853198S04154950WA0102401093
B1334551853198S04154950WA0102401093
B1334591853198S04154950WA0102401094
B1335031853198S04154951WA0102401094
B1335071853198S04154951WA0102401094
B1335111853198S04154951WA0102401094
B1335151853198S04154951WA0102401094
B1335191853198S04154951WA0102401094
B1335231853198S04154951WA0102401095
B1335271853198S04154951WA0102401094
B1335311853198S04154951WA0102401094
B1335351853198S04154951WA0102401094
B1335391853198S04154951WA0102401094
B1335431853198S04154951WA0102401094
B1335471853198S04154951WA0102401094
B1335511853198S04154951WA0102401094
B1335551853198S04154951WA0102401094
B1335591853198S04154951WA0102401094
B1336031853198S04154951WA0102401094
B1336071853198S04154951WA0102401094
B1336111853198S04154951WA0102401093
B1336151853198S04154951WA0102401092
B1336191853198S04154951WA0102401092
B1336231853198S04154951WA0102401092
B1336271853198S04154951WA0102401092
B1336311853198S04154951WA0102401092
B1336351853198S04154951WA0102401092
B1336391853198S04154951WA0102401092
B1336431853198S04154951WA0102401092
B1336471853198S04154951WA0102401092
B1336511853198S04154951WA0102401092
B1336551853198S04154951WA0102401092
B1336591853198S04154951WA0102401093
B1337031853198S04154951WA0102401093
B1337071853198S04154951WA0102401093
B1337111853198S04154951WA0102401092
B1337151853198S04154951WA0102401092
B1337191853198S04154951WA0102401092
B1337231853198S04154951WA0102401092
B1337271853198S04154951WA0102401093
B1337311853198S04154951WA0102401093
B1337351853198S04154951WA0102401093
B1337391853198S04154951WA0102401093
B1337431853198S04154951WA0102401093
B1337471853198S04154951WA0102401093
B1337511853198S04154951WA0102401093
B1337551853197S04154951WA0102401093
B1337591853197S04154951WA0102401093
B1338031853197S04154951WA0102401093
B1338071853197S04154951WA0102401093
B1338111853197S04154951WA0102401094
B1338151853197S04154951WA0102401093
B1338191853197S04154951WA0102401093
B1338231853197S04154951WA0102401093
B1338271853197S04154950WA0102401093
B1338311853197S04154950WA0102401092
B1338351853197S04154950WA0102401092
B1338391853197S04154950WA0102401092
B1338431853197S04154950WA0102401092
B1338471853197S04154950WA0102401092
B1338511853197S04154950WA0102401093
B1338551853197S04154950WA0102401093
B1338591853197S04154950WA0102401094
B1339031853197S04154950WA0102401094
B1339071853197S04154950WA0102401094
B1339111853197S04154951WA0102401094
B1339151853197S04154950WA0102401095
B1339191853197S04154950WA0102401095
B1339231853197S04154950WA0102401095
B1339271853197S04154950WA0102401095
B1339311853197S04154950WA0102401094
B1339351853197S04154950WA0102401094
B1339391853197S04154950WA0102401094
B1339431853197S04154950WA0102401093
B1339471853197S04154950WA0102401093
B1339511853197S04154950WA0102401093
B1339551853197S04154950WA0102401093
B1339591853197S04154950WA0102401094
B1340031853198S04154950WA0102401094
B1340071853198S04154950WA0102401094
B1340111853198S04154950WA0102401094
B1340151853198S04154950WA0102401094
B1340191853198S04154950WA0102401094
B1340231853198S04154951WA0102401094
B1340271853198S04154951WA0102401094
B1340311853198S04154950WA0102401094
B1340351853197S04154950WA0102401094
B1340391853197S04154950WA0102401094
B1340431853197S04154950WA0102401094
B1340471853197S04154950WA0102401093
B1340511853197S04154950WA0102401093
B1340551853197S04154950WA0102401093
B1340591853197S04154950WA0102401092
B1341031853197S04154950WA0102401092
B1341071853197S04154950WA0102401092
B1341111853197S04154950WA0102401093
B1341151853197S04154950WA0102401093
B1341191853197S04154950WA0102401093
B1341231853197S04154950WA0102401093
B1341271853197S04154950WA0102401093
B1341311853197S04154950WA0102401093
B1341351853197S04154950WA0102401093
B1341391853197S04154950WA0102401093
B1341431853197S04154950WA0102401093
B1341471853197S04154950WA0102401092
B1341511853197S04154950WA0102401092
B1341551853197S04154950WA0102401092
B1341591853197S04154950WA0102401092
B1342031853197S04154950WA0102401091
B1342071853197S04154950WA0102401091
B1342111853197S04154950WA0102401091
B1342151853197S04154950WA0102401091
B1342191853197S04154950WA0102401091
B1342231853197S04154950WA0102401091
B1342271853197S04154950WA0102401091
B1342311853197S04154950WA0102401091
B1342351853198S04154950WA0102401091
B1342391853197S04154950WA0102401091
B1342431853198S04154950WA0102401092
B1342471853198S04154950WA0102401092
B1342511853197S04154950WA0102401092
B1342551853198S04154950WA0102401092
B1342591853198S04154950WA0102401092
B1343031853198S04154950WA0102401093
B1343071853198S04154950WA0102401093
B1343111853198S04154950WA0102401093
B1343151853198S04154950WA0102401094
B1343191853198S04154950WA0102401094
B1343231853197S04154950WA0102401093
B1343271853197S04154950WA0102401093
B1343311853198S04154950WA0102401093
B1343351853197S04154950WA0102401093
B1343391853197S04154950WA0102401093
B1343431853197S04154950WA0102401093
B1343471853197S04154950WA0102401093
B1343511853197S04154950WA0102401092
B1343551853197S04154951WA0102401092
B1343591853197S04154950WA0102401091
B1344031853197S04154950WA0102401091
B1344071853197S04154951WA0102401091
B1344111853197S04154951WA0102401090
B1344151853197S04154951WA0102401091
B1344191853197S04154951WA0102401090
B1344231853197S04154951WA0102401091
B1344271853197S04154951WA0102401091
B1344311853198S04154951WA0102401091
B1344351853198S04154951WA0102401091
B1344391853198S04154951WA0102401091
B1344431853198S04154951WA0102401090
B1344471853198S04154951WA0102401090
B1344511853198S04154951WA0102401090
B1344551853198S04154951WA0102401090
B1344591853198S04154951WA0102401090
B1345031853198S04154951WA0102401090
B1345071853198S04154951WA0102401090
B1345111853198S04154951WA0102401090
B1345151853197S04154950WA0102401090
B1345191853197S04154950WA0102401090
B1345231853197S04154950WA0102401090
B1345271853197S04154950WA0102401089
B1345311853197S04154950WA0102401090
B1345351853197S04154950WA0102401090
B1345391853197S04154950WA0102401089
B1345431853197S04154950WA0102401089
B1345471853197S04154950WA0102401090
B1345511853197S04154950WA0102401090
B1345551853197S04154950WA0102401091
B1345591853197S04154950WA0102401090
B1346031853197S04154950WA0102401090
B1346071853197S04154950WA0102401090
B1346111853197S04154950WA0102401089
B1346151853197S04154950WA0102401089
B1346191853197S04154950WA0102401089
B1346231853197S04154950WA0102401089
B1346271853197S04154950WA0102401090
B1346311853197S04154950WA0102401091
B1346351853197S04154950WA0102401091
B1346391853197S04154950WA0102401092
B1346431853197S04154950WA0102401091
B1346471853197S04154950WA0102401092
B1346511853197S04154950WA0102401093
B1346551853197S04154950WA0102401093
B1346591853197S04154950WA0102401092
B1347031853197S04154950WA0102401093
B1347071853197S04154950WA0102401093
B1347111853197S04154950WA0102401094
B1347151853197S04154950WA0102401094
B1347191853197S04154950WA0102401094
B1347231853197S04154950WA0102401094
B1347271853197S04154951WA0102401094
B1347311853197S04154951WA0102401095
B1347351853197S04154951WA0102401094
B1347391853197S04154951WA0102401094
B1347431853197S04154951WA0102401094
B1347471853197S04154951WA0102401094
B1347511853197S04154951WA0102401093
B1347551853197S04154951WA0102401091
B1347591853196S04154951WA0102401091
B1348031853197S04154951WA0102401092
B1348071853197S04154951WA0102401092
B1348111853197S04154951WA0102401092
B1348151853197S04154951WA0102401092
B1348191853197S04154951WA0102401092
B1348231853197S04154950WA0102401092
B1348271853197S04154950WA0102401092
B1348311853197S04154950WA0102401093
B1348351853197S04154950WA0102401093
B1348391853197S04154950WA0102401093
B1348431853197S04154950WA0102401093
B1348471853197S04154950WA0102401093
B1348511853197S04154950WA0102401094
B1348551853197S04154950WA0102401094
B1348591853197S04154950WA0102401094
B1349031853197S04154950WA0102401094
B1349071853197S04154950WA0102401094
B1349111853197S04154950WA0102401094
B1349151853197S04154950WA0102401093
B1349191853197S04154950WA0102401093
B1349231853197S04154950WA0102401093
B1349271853197S04154950WA0102401093
B1349311853197S04154950WA0102401094
B1349351853197S04154950WA0102401094
B1349391853197S04154950WA0102401094
B1349431853197S04154950WA0102401093
B1349471853197S04154950WA0102401093
B1349511853198S04154950WA0102401093
B1349551853197S04154950WA0102401093
B1349591853197S04154950WA0102401093
B1350031853197S04154950WA0102401093
B1350071853197S04154950WA0102401093
B1350111853197S04154950WA0102401094
B1350151853197S04154950WA0102401094
B1350191853197S04154950WA0102401094
B1350231853197S04154950WA0102401094
B1350271853197S04154950WA0102401094
B1350311853197S04154950WA0102401094
B1350351853197S04154950WA0102401093
B1350391853197S04154950WA0102401093
B1350431853197S04154950WA0102401094
B1350471853197S04154951WA0102401094
B1350511853197S04154951WA0102401093
B1350551853197S04154951WA0102401093
B1350591853197S04154950WA0102401093
B1351031853197S04154950WA0102401092
B1351071853197S04154950WA0102401092
B1351111853197S04154950WA0102401091
B1351151853197S04154950WA0102401091
B1351191853197S04154950WA0102401091
B1351231853197S04154950WA0102401091
B1351271853197S04154950WA0102401091
B1351311853197S04154950WA0102401090
B1351351853197S04154950WA0102401090
B1351391853197S04154950WA0102401090
B1351431853197S04154951WA0102401090
B1351471853197S04154951WA0102401090
B1351511853197S04154951WA0102401090
B1351551853197S04154951WA0102401090
B1351591853197S04154951WA0102401090
B1352031853197S04154951WA0102401090
B1352071853197S04154951WA0102401091
B1352111853197S04154951WA0102401090
B1352151853197S04154951WA0102401091
B1352191853197S04154951WA0102401091
B1352231853197S04154951WA0102401091
B1352271853197S04154951WA0102401092
B1352311853197S04154951WA0102401092
B1352351853197S04154950WA0102401092
B1352391853197S04154950WA0102401092
B1352431853197S04154950WA0102401092
B1352471853197S04154950WA0102401092
B1352511853197S04154950WA0102401092
B1352551853197S04154950WA0102401092
B1352591853197S04154950WA0102401092
B1353031853197S04154950WA0102401092
B1353071853197S04154950WA0102401091
B1353111853197S04154950WA0102401092
B1353151853197S04154950WA0102401092
B1353191853197S04154950WA0102401092
B1353231853197S04154950WA0102401091
B1353271853197S04154950WA0102401091
B1353311853197S04154950WA0102401092
B1353351853197S04154950WA0102401092
B1353391853197S04154950WA0102401092
B1353431853197S04154950WA0102401092
B1353471853197S04154950WA0102401091
B1353511853197S04154950WA0102401092
B1353551853197S04154950WA0102401092
B1353591853197S04154950WA0102401092
B1354031853197S04154950WA0102401092
B1354071853197S04154950WA0102401093
B1354111853197S04154950WA0102401093
B1354151853198S04154950WA0102401094
B1354191853198S04154950WA0102401094
B1354231853198S04154950WA0102401095
B1354271853198S04154950WA0102401095
B1354311853197S04154950WA0102401095
B1354351853197S04154950WA0102401095
B1354391853197S04154950WA0102401094
B1354431853197S04154950WA0102401094
B1354471853197S04154950WA0102401094
B1354511853197S04154950WA0102401094
B1354551853197S04154950WA0102401094
B1354591853197S04154950WA0102401093
B1355031853197S04154950WA0102401093
B1355071853197S04154950WA0102401092
B1355111853197S04154950WA0102401092
B1355151853197S04154950WA0102401092
B1355191853197S04154950WA0102401092
B1355231853197S04154949WA0102401092
B1355271853197S04154950WA0102401092
B1355311853197S04154950WA0102401092
B1355351853197S04154950WA0102401092
B1355391853196S04154950WA0102401092
B1355431853196S04154950WA0102401091
B1355471853197S04154951WA0102401090
B1355511853197S04154950WA0102401089
B1355551853197S04154950WA0102401090
B1355591853197S04154950WA0102401092
B1356031853197S04154951WA0102401093
B1356071853197S04154951WA0102401094
B1356111853197S04154951WA0102401094
B1356151853197S04154951WA0102401094
B1356191853197S04154950WA0102401094
B1356231853196S04154951WA0102501094
B1356271853196S04154951WA0102501093
B1356311853196S04154951WA0102501093
B1356351853196S04154952WA0102501093
B1356391853196S04154953WA0102501092
B1356431853197S04154952WA0102401092
B1356471853197S04154950WA0102401091
B1356511853196S04154950WA0102401091
B1356551853196S04154950WA0102401091
B1356591853196S04154950WA0102401091
B1357031853196S04154950WA0102401089
B1357071853196S04154950WA0102401089
B1357111853197S04154949WA0102401088
B1357151853196S04154949WA0102401088
B1357191853196S04154949WA0102401088
B1357231853196S04154950WA0102401090
B1357271853196S04154950WA0102401092
B1357311853196S04154950WA0102401092
B1357351853196S04154950WA0102401092
B1357391853196S04154950WA0102401092
B1357431853196S04154950WA0102401091
B1357471853196S04154951WA0102401091
B1357511853195S04154951WA0102401091
B1357551853195S04154950WA0102401090
B1357591853195S04154950WA0102401091
B1358031853195S04154950WA0102401092
B1358071853195S04154950WA0102401091
B1358111853195S04154950WA0102401091
B1358151853195S04154950WA0102401091
B1358191853195S04154950WA0102401091
B1358231853195S04154950WA0102401092
B1358271853195S04154951WA0102401093
B1358311853195S04154951WA0102401093
B1358351853195S04154951WA0102401093
B1358391853195S04154950WA0102401093
B1358431853195S04154950WA0102401093
B1358471853195S04154950WA0102401093
B1358511853195S04154950WA0102401092
B1358551853195S04154951WA0102401092
B1358591853195S04154951WA0102401092
B1359031853195S04154951WA0102401092
B1359071853195S04154951WA0102401092
B1359111853195S04154951WA0102401093
B1359151853195S04154951WA0102401093
B1359191853195S04154951WA0102401093
B1359231853195S04154951WA0102401093
B1359271853195S04154951WA0102401092
B1359311853195S04154951WA0102401092
B1359351853195S04154951WA0102401092
B1359391853195S04154951WA0102401092
B1359431853195S04154951WA0102401093
B1359471853195S04154951WA0102401093
B1359511853195S04154951WA0102401093
B1359551853195S04154951WA0102401093
B1359591853195S04154951WA0102401094
B1400031853195S04154951WA0102401093
B1400071853195S04154951WA0102401093
B1400111853195S04154951WA0102401093
B1400151853195S04154951WA0102401093
B1400191853195S04154951WA0102401093
B1400231853195S04154951WA0102401093
B1400271853195S04154951WA0102401093
B1400311853195S04154951WA0102401093
B1400351853195S04154951WA0102401093
B1400391853195S04154950WA0102401093
B1400431853195S04154951WA0102401093
B1400471853195S04154951WA0102401093
B1400511853195S04154951WA0102401093
B1400551853195S04154952WA0102401093
B1400591853195S04154952WA0102401093
B1401031853195S04154952WA0102401092
B1401071853195S04154952WA0102401092
B1401111853195S04154952WA0102401092
B1401151853195S04154952WA0102401092
B1401191853195S04154952WA0102401092
B1401231853195S04154952WA0102401092
B1401271853195S04154952WA0102401092
B1401311853195S04154952WA0102401092
B1401351853195S04154952WA0102401092
B1401391853195S04154952WA0102401092
B1401431853196S04154952WA0102401092
B1401471853196S04154952WA0102401092
B1401511853196S04154952WA0102401092
B1401551853196S04154952WA0102401092
B1401591853196S04154952WA0102401093
B1402031853196S04154952WA0102401093
B1402071853196S04154952WA0102401093
B1402111853196S04154952WA0102401093
B1402151853196S04154952WA0102401093
B1402191853196S04154952WA0102401094
B1402231853196S04154952WA0102401094
B1402271853196S04154952WA0102401094
B1402311853196S04154952WA0102401095
B1402351853196S04154952WA0102401095
B1402391853196S04154953WA0102401095
B1402431853196S04154953WA0102401095
B1402471853196S04154953WA0102401095
B1402511853196S04154952WA0102401096
B1402551853195S04154952WA0102501096
B1402591853195S04154952WA0102501097
B1403031853195S04154951WA0102501096
B1403071853196S04154950WA0102501094
B1403111853196S04154950WA0102501093
B1403151853196S04154950WA0102501093
B1403191853196S04154949WA0102501092
B1403231853196S04154949WA0102501092
B1403271853196S04154949WA0102501093
B1403311853196S04154949WA0102501093
B1403351853196S04154948WA0102501094
B1403391853196S04154948WA0102501094
B1403431853196S04154948WA0102501095
B1403471853196S04154948WA0102501094
B1403511853196S04154947WA0102501094
B1403551853196S04154947WA0102501095
B1403591853196S04154947WA0102501095
B1404031853196S04154947WA0102501096
B1404071853196S04154947WA0102501096
B1404111853196S04154947WA0102501096
B1404151853196S04154946WA0102501096
B1404191853196S04154946WA0102501096
B1404231853196S04154946WA0102501097
B1404271853196S04154946WA0102501097
B1404311853196S04154946WA0102501097
B1404351853196S04154946WA0102501097
B1404391853196S04154946WA0102501097
B1404431853196S04154946WA0102501097
B1404471853196S04154946WA0102501097
B1404511853196S04154946WA0102501096
B1404551853196S04154946WA0102501095
B1404591853196S04154946WA0102501095
B1405031853196S04154946WA0102501096
B1405071853195S04154947WA0102501096
B1405111853195S04154947WA0102501096
B1405151853196S04154947WA0102501096
B1405191853196S04154947WA0102401096
B1405231853196S04154949WA0102401096
B1405271853196S04154950WA0102401096
B1405311853197S04154950WA0102401096
B1405351853196S04154950WA0102401096
B1405391853196S04154950WA0102401098
B1405431853196S04154950WA0102401100
B1405471853196S04154950WA0102401100
B1405511853196S04154950WA0102401102
B1405551853196S04154949WA0102401103
B1405591853196S04154949WA0102401102
B1406031853196S04154949WA0102401102
B1406071853196S04154949WA0102401103
B1406111853196S04154949WA0102401104
B1406151853195S04154950WA0102401103
B1406191853195S04154950WA0102401102
B1406231853196S04154950WA0102401101
B1406271853196S04154949WA0102401098
B1406311853196S04154949WA0102401098
B1406351853196S04154949WA0102401097
B1406391853196S04154950WA0102401096
B1406431853196S04154950WA0102401094
B1406471853196S04154950WA0102401094
B1406511853196S04154950WA0102401093
B1406551853196S04154950WA0102401092
B1406591853196S04154950WA0102401092
B1407031853196S04154950WA0102401092
B1407071853196S04154950WA0102401091
B1407111853196S04154950WA0102401091
B1407151853196S04154950WA0102401091
B1407191853197S04154950WA0102401091
B1407231853197S04154949WA0102401092
B1407271853197S04154949WA0102401093
B1407311853197S04154949WA0102401092
B1407351853197S04154950WA0102401092
B1407391853197S04154950WA0102401091
B1407431853197S04154950WA0102401091
B1407471853197S04154950WA0102401091
B1407511853197S04154951WA0102401090
B1407551853196S04154951WA0102401090
B1407591853197S04154951WA0102401090
B1408031853196S04154951WA0102401090
B1408071853197S04154950WA0102401090
B1408111853196S04154950WA0102401091
B1408151853196S04154950WA0102401092
B1408191853196S04154950WA0102401093
B1408231853196S04154950WA0102401093
B1408271853196S04154950WA0102401093
B1408311853196S04154950WA0102401094
B1408351853196S04154950WA0102401094
B1408391853196S04154950WA0102401095
B1408431853196S04154950WA0102401095
B1408471853196S04154950WA0102401096
B1408511853196S04154950WA0102401096
B1408551853196S04154950WA0102401096
B1408591853196S04154950WA0102401095
B1409031853196S04154950WA0102401095
B1409071853196S04154950WA0102401094
B1409111853196S04154950WA0102401093
B1409151853197S04154950WA0102401093
B1409191853197S04154950WA0102401093
B1409231853197S04154950WA0102401092
B1409271853197S04154950WA0102401091
B1409311853196S04154950WA0102401091
B1409351853197S04154950WA0102401091
B1409391853197S04154951WA0102401090
B1409431853196S04154951WA0102401091
B1409471853196S04154951WA0102401093
B1409511853196S04154951WA0102401094
B1409551853196S04154950WA0102401094
B1409591853196S04154950WA0102401095
B1410031853195S04154950WA0102401095
B1410071853195S04154950WA0102401095
B1410111853195S04154950WA0102401096
B1410151853195S04154950WA0102401096
B1410191853195S04154950WA0102401096
B1410231853195S04154950WA0102401096
B1410271853195S04154951WA0102401096
B1410311853195S04154950WA0102401097
B1410351853195S04154950WA0102401097
B1410391853195S04154950WA0102401097
B1410431853195S04154950WA0102401098
B1410471853195S04154950WA0102401098
B1410511853195S04154951WA0102401099
B1410551853195S04154951WA0102401099
B1410591853195S04154950WA0102401098
B1411031853196S04154950WA0102401098
B1411071853196S04154950WA0102401098
B1411111853196S04154950WA0102401098
B1411151853196S04154950WA0102401098
B1411191853196S04154950WA0102401097
B1411231853196S04154950WA0102401097
B1411271853197S04154950WA0102401096
B1411311853197S04154951WA0102401094
B1411351853197S04154951WA0102401093
B1411391853197S04154951WA0102401092
B1411431853197S04154951WA0102401092
B1411471853197S04154951WA0102401092
B1411511853197S04154951WA0102401092
B1411551853197S04154951WA0102401092
B1411591853197S04154951WA0102401091
B1412031853197S04154952WA0102401091
B1412071853197S04154952WA0102401091
B1412111853197S04154951WA0102401092
B1412151853197S04154951WA0102501092
B1412191853197S04154951WA0102501093
B1412231853197S04154950WA0102501093
B1412271853197S04154950WA0102501093
B1412311853197S04154950WA0102401094
B1412351853197S04154949WA0102401095
B1412391853197S04154949WA0102401096
B1412431853197S04154949WA0102401096
B1412471853197S04154950WA0102401097
B1412511853197S04154950WA0102401097
B1412551853197S04154950WA0102401096
B1412591853197S04154951WA0102401096
B1413031853197S04154951WA0102401095
B1413071853197S04154951WA0102401095
B1413111853198S04154951WA0102401095
B1413151853197S04154950WA0102401095
B1413191853197S04154949WA0102401095
B1413231853196S04154949WA0102401094
B1413271853196S04154950WA0102401094
B1413311853196S04154950WA0102401094
B1413351853196S04154950WA0102401093
B1413391853196S04154950WA0102401093
B1413431853196S04154950WA0102401093
B1413471853196S04154950WA0102401093
B1413511853195S04154949WA0102401093
B1413551853195S04154949WA0102501093
B1413591853195S04154950WA0102501094
B1414031853194S04154950WA0102501094
B1414071853194S04154950WA0102501095
B1414111853194S04154950WA0102501096
B1414151853194S04154950WA0102501097
B1414191853194S04154950WA0102501097
B1414231853194S04154950WA0102501098
B1414271853194S04154950WA0102501097
B1414311853194S04154951WA0102501097
B1414351853194S04154951WA0102501097
B1414391853194S04154951WA0102501097
B1414431853194S04154951WA0102501097
B1414471853194S04154951WA0102501097
B1414511853195S04154951WA0102501097
B1414551853194S04154951WA0102501097
B1414591853195S04154950WA0102501097
B1415031853195S04154950WA0102501097
B1415071853196S04154950WA0102501096
B1415111853195S04154950WA0102501098
B1415151853196S04154950WA0102501097
B1415191853196S04154949WA0102501096
B1415231853196S04154949WA0102501097
B1415271853196S04154949WA0102501097
B1415311853196S04154949WA0102501098
B1415351853195S04154949WA0102501098
B1415391853195S04154949WA0102501098
B1415431853195S04154949WA0102501100
B1415471853195S04154949WA0102501100
B1415511853195S04154949WA0102501101
B1415551853196S04154948WA0102501101
B1415591853197S04154948WA0102501100
B1416031853197S04154947WA0102401098
B1416071853197S04154946WA0102401099
B1416111853196S04154946WA0102401098
B1416151853195S04154946WA0102501099
B1416191853194S04154945WA0102501099
B1416231853193S04154944WA0102501098
B1416271853191S04154943WA0102501098
B1416311853191S04154943WA0102501098
B1416351853191S04154943WA0102501097
B1416391853191S04154943WA0102501096
B1416431853191S04154943WA0102501097
B1416471853192S04154944WA0102501099
B1416511853192S04154945WA0102601100
B1416551853193S04154945WA0102501100
B1416591853193S04154945WA0102501100
B1417031853192S04154946WA0102501100
B1417071853192S04154946WA0102501099
B1417111853193S04154946WA0102501099
B1417151853192S04154946WA0102501100
B1417191853192S04154946WA0102501101
B1417231853192S04154946WA0102501100
B1417271853192S04154946WA0102501101
B1417311853192S04154945WA0102501101
B1417351853192S04154945WA0102501101
B1417391853192S04154945WA0102501102
B1417431853192S04154945WA0102501102
B1417471853192S04154945WA0102501102
B1417511853191S04154945WA0102501102
B1417551853192S04154944WA0102501103
B1417591853192S04154945WA0102501104
B1418031853193S04154946WA0102501104
B1418071853193S04154946WA0102501105
B1418111853193S04154946WA0102501106
B1418151853193S04154946WA0102501106
B1418191853193S04154946WA0102501106
B1418231853194S04154946WA0102501106
B1418271853194S04154946WA0102501105
B1418311853194S04154946WA0102501105
B1418351853194S04154946WA0102501105
B1418391853194S04154946WA0102501105
B1418431853194S04154946WA0102501104
B1418471853194S04154946WA0102501103
B1418511853194S04154946WA0102501103
B1418551853194S04154946WA0102501102
B1418591853194S04154946WA0102501102
B1419031853194S04154946WA0102501102
B1419071853194S04154946WA0102501103
B1419111853194S04154946WA0102501104
B1419151853194S04154946WA0102501104
B1419191853194S04154946WA0102501105
B1419231853194S04154946WA0102501105
B1419271853193S04154946WA0102501103
B1419311853193S04154946WA0102501103
B1419351853193S04154946WA0102501104
B1419391853194S04154946WA0102501104
B1419431853194S04154946WA0102501105
B1419471853194S04154946WA0102501106
B1419511853194S04154946WA0102501105
B1419551853194S04154946WA0102501105
B1419591853194S04154946WA0102601105
B1420031853194S04154946WA0102501105
B1420071853194S04154946WA0102601105
B1420111853194S04154946WA0102601104
B1420151853194S04154946WA0102601104
B1420191853194S04154946WA0102601105
B1420231853194S04154946WA0102601104
B1420271853194S04154946WA0102601104
B1420311853194S04154945WA0102601104
B1420351853194S04154945WA0102601104
B1420391853194S04154945WA0102601104
B1420431853193S04154946WA0102601103
B1420471853193S04154945WA0102601103
B1420511853193S04154945WA0102601102
B1420551853193S04154946WA0102601101
B1420591853193S04154946WA0102601101
B1421031853192S04154946WA0102601099
B1421071853192S04154947WA0102601098
B1421111853192S04154947WA0102601098
B1421151853192S04154947WA0102601098
B1421191853193S04154947WA0102601097
B1421231853193S04154948WA0102601097
B1421271853192S04154948WA0102601096
B1421311853192S04154948WA0102601097
B1421351853192S04154948WA0102601097
B1421391853192S04154948WA0102601097
B1421431853192S04154948WA0102601097
B1421471853192S04154948WA0102601097
B1421511853192S04154947WA0102601097
B1421551853192S04154947WA0102601097
B1421591853192S04154947WA0102601097
B1422031853192S04154947WA0102601097
B1422071853192S04154947WA0102601097
B1422111853193S04154947WA0102601097
B1422151853193S04154947WA0102601098
B1422191853193S04154946WA0102601098
B1422231853193S04154946WA0102601098
B1422271853193S04154946WA0102601098
B1422311853194S04154946WA0102601098
B1422351853194S04154946WA0102601099
B1422391853194S04154946WA0102601099
B1422431853194S04154946WA0102601099
B1422471853194S04154946WA0102601099
B1422511853194S04154946WA0102601098
B1422551853194S04154946WA0102601099
B1422591853194S04154946WA0102601099
B1423031853194S04154946WA0102601100
B1423071853194S04154946WA0102601100
B1423111853194S04154946WA0102601100
B1423151853194S04154947WA0102601100
B1423191853193S04154947WA0102601100
B1423231853193S04154947WA0102601100
B1423271853193S04154947WA0102601100
B1423311853193S04154947WA0102601098
B1423351853193S04154947WA0102601098
B1423391853193S04154947WA0102601099
B1423431853193S04154947WA0102601099
B1423471853193S04154947WA0102601099
B1423511853193S04154947WA0102601099
B1423551853193S04154946WA0102601099
B1423591853192S04154946WA0102601100
B1424031853190S04154947WA0102701101
B1424071853190S04154947WA0102701102
B1424111853189S04154948WA0102701100
B1424151853189S04154948WA0102701100
B1424191853189S04154949WA0102701100
B1424231853189S04154949WA0102701100
B1424271853189S04154949WA0102701101
B1424311853189S04154950WA0102701101
B1424351853188S04154951WA0102701103
B1424391853189S04154952WA0102701105
B1424431853189S04154953WA0102701105
B1424471853190S04154954WA0102701104
B1424511853191S04154955WA0102801105
B1424551853191S04154954WA0102701104
B1424591853191S04154954WA0102701104
B1425031853191S04154954WA0102701103
B1425071853191S04154954WA0102701104
B1425111853190S04154954WA0102701104
B1425151853190S04154954WA0102701104
B1425191853190S04154954WA0102701104
B1425231853190S04154954WA0102701104
B1425271853190S04154954WA0102701103
B1425311853190S04154954WA0102701101
B1425351853191S04154954WA0102701099
B1425391853191S04154954WA0102701098
B1425431853191S04154954WA0102701098
B1425471853191S04154954WA0102701099
B1425511853191S04154954WA0102701099
B1425551853191S04154954WA0102701099
B1425591853191S04154953WA0102801098
B1426031853191S04154953WA0102701098
B1426071853189S04154953WA0102801098
B1426111853189S04154951WA0102801098
B1426151853189S04154949WA0102701098
B1426191853189S04154949WA0102701098
B1426231853189S04154947WA0102701100
B1426271853190S04154946WA0102701097
B1426311853190S04154944WA0102601095
B1426351853190S04154942WA0102601095
B1426391853189S04154941WA0102601094
B1426431853189S04154940WA0102601095
B1426471853189S04154939WA0102601094
B1426511853189S04154939WA0102601094
B1426551853190S04154939WA0102601093
B1426591853190S04154939WA0102601093
B1427031853190S04154939WA0102601093
B1427071853190S04154939WA0102601093
B1427111853190S04154939WA0102601093
B1427151853191S04154939WA0102601093
B1427191853191S04154938WA0102601093
B1427231853191S04154939WA0102601092
B1427271853191S04154939WA0102601092
B1427311853191S04154939WA0102601092
B1427351853191S04154939WA0102601092
B1427391853191S04154939WA0102601092
B1427431853191S04154939WA0102601092
B1427471853192S04154939WA0102601091
B1427511853192S04154939WA0102601092
B1427551853192S04154939WA0102601092
B1427591853192S04154939WA0102601092
B1428031853192S04154939WA0102601093
B1428071853192S04154939WA0102601094
B1428111853192S04154939WA0102601094
B1428151853192S04154938WA0102601094
B1428191853192S04154938WA0102601095
B1428231853192S04154938WA0102601095
B1428271853192S04154938WA0102601096
B1428311853192S04154938WA0102601097
B1428351853191S04154938WA0102601097
B1428391853191S04154938WA0102601097
B1428431853191S04154938WA0102601098
B1428471853191S04154938WA0102601098
B1428511853191S04154938WA0102601098
B1428551853191S04154938WA0102601098
B1428591853192S04154938WA0102601098
B1429031853192S04154938WA0102601098
B1429071853192S04154938WA0102601098
B1429111853192S04154938WA0102601099
B1429151853192S04154938WA0102601099
B1429191853192S04154938WA0102601099
B1429231853192S04154938WA0102601098
B1429271853192S04154938WA0102601099
B1429311853191S04154938WA0102601099
B1429351853191S04154938WA0102601099
B1429391853192S04154938WA0102601099
B1429431853192S04154938WA0102601098
B1429471853192S04154938WA0102601097
B1429511853192S04154938WA0102601096
B1429551853192S04154939WA0102601094
B1429591853192S04154939WA0102601094
B1430031853192S04154939WA0102601094
B1430071853192S04154939WA0102601093
B1430111853192S04154939WA0102601093
B1430151853193S04154939WA0102601092
B1430191853193S04154939WA0102601092
B1430231853193S04154939WA0102601092
B1430271853193S04154939WA0102601092
B1430311853192S04154939WA0102601092
B1430351853192S04154939WA0102601093
B1430391853192S04154939WA0102601093
B1430431853192S04154938WA0102601093
B1430471853192S04154938WA0102601094
B1430511853192S04154938WA0102601094
B1430551853192S04154938WA0102601094
B1430591853192S04154938WA0102601094
B1431031853192S04154938WA0102601094
B1431071853191S04154938WA0102601095
B1431111853192S04154938WA0102601094
B1431151853191S04154938WA0102601094
B1431191853192S04154938WA0102601094
B1431231853192S04154938WA0102601094
B1431271853192S04154938WA0102601094
B1431311853192S04154938WA0102601094
B1431351853192S04154938WA0102601095
B1431391853192S04154938WA0102601096
B1431431853192S04154938WA0102601096
B1431471853192S04154938WA0102601096
B1431511853192S04154938WA0102601096
B1431551853192S04154938WA0102601095
B1431591853192S04154938WA0102601094
B1432031853192S04154938WA0102601094
B1432071853192S04154938WA0102601094
B1432111853192S04154938WA0102601094
B1432151853192S04154938WA0102601093
B1432191853192S04154938WA0102601093
B1432231853192S04154938WA0102601093
B1432271853192S04154938WA0102601093
B1432311853192S04154938WA0102601093
B1432351853191S04154938WA0102601094
B1432391853191S04154938WA0102601094
B1432431853191S04154939WA0102601094
B1432471853191S04154939WA0102601094
B1432511853191S04154939WA0102601094
B1432551853191S04154939WA0102601093
B1432591853191S04154939WA0102601094
B1433031853191S04154939WA0102601095
B1433071853191S04154939WA0102601095
B1433111853191S04154939WA0102601095
B1433151853191S04154939WA0102601095
B1433191853191S04154940WA0102601096
B1433231853191S04154940WA0102601096
B1433271853192S04154940WA0102601095
B1433311853192S04154940WA0102601095
B1433351853192S04154940WA0102601095
B1433391853192S04154940WA0102601095
B1433431853192S04154940WA0102601095
B1433471853192S04154940WA0102601095
B1433511853192S04154940WA0102601096
B1433551853192S04154940WA0102601096
B1433591853192S04154940WA0102601096
B1434031853192S04154940WA0102601096
B1434071853192S04154939WA0102601095
B1434111853192S04154939WA0102601095
B1434151853192S04154939WA0102601095
B1434191853192S04154939WA0102601095
B1434231853192S04154939WA0102601094
B1434271853192S04154940WA0102601094
B1434311853192S04154940WA0102601094
B1434351853192S04154940WA0102601094
B1434391853192S04154940WA0102601094
B1434431853192S04154939WA0102601095
B1434471853192S04154939WA0102601095
B1434511853192S04154939WA0102601095
B1434551853192S04154939WA0102601095
B1434591853192S04154939WA0102601096
B1435031853192S04154939WA0102601095
B1435071853192S04154939WA0102601095
B1435111853192S04154939WA0102601095
B1435151853192S04154939WA0102601094
B1435191853192S04154939WA0102601094
B1435231853192S04154939WA0102601094
B1435271853192S04154939WA0102601094
B1435311853193S04154939WA0102601093
B1435351853193S04154939WA0102601093
B1435391853193S04154940WA0102601093
B1435431853192S04154940WA0102601093
B1435471853192S04154939WA0102601094
B1435511853192S04154939WA0102601094
B1435551853192S04154939WA0102601094
B1435591853192S04154940WA0102601094
B1436031853192S04154939WA0102601094
B1436071853192S04154940WA0102601094
B1436111853192S04154940WA0102601094
B1436151853192S04154940WA0102601095
B1436191853192S04154940WA0102601095
B1436231853192S04154940WA0102601095
B1436271853192S04154940WA0102601095
B1436311853192S04154940WA0102601094
B1436351853192S04154940WA0102601094
B1436391853192S04154940WA0102601094
B1436431853192S04154940WA0102601094
B1436471853192S04154940WA0102601094
B1436511853192S04154940WA0102601094
B1436551853192S04154940WA0102601093
B1436591853193S04154941WA0102701094
B1437031853192S04154942WA0102701096
B1437071853193S04154943WA0102701096
B1437111853195S04154944WA0102701096
B1437151853196S04154945WA0102701096
B1437191853197S04154945WA0102601096
B1437231853197S04154945WA0102601096
B1437271853197S04154946WA0102601095
B1437311853196S04154946WA0102601095
B1437351853196S04154946WA0102601095
B1437391853196S04154946WA0102601095
B1437431853196S04154945WA0102601095
B1437471853197S04154945WA0102601094
B1437511853197S04154945WA0102601094
B1437551853197S04154945WA0102601094
B1437591853197S04154945WA0102601094
B1438031853197S04154945WA0102601094
B1438071853197S04154945WA0102601094
B1438111853196S04154945WA0102601094
B1438151853197S04154944WA0102701094
B1438191853197S04154944WA0102701093
B1438231853197S04154944WA0102701093
B1438271853197S04154944WA0102701093
B1438311853197S04154944WA0102701093
B1438351853197S04154944WA0102701094
B1438391853197S04154944WA0102701094
B1438431853197S04154944WA0102701093
B1438471853197S04154944WA0102701093
B1438511853197S04154944WA0102701092
B1438551853197S04154945WA0102701092
B1438591853197S04154945WA0102701091
B1439031853197S04154945WA0102701091
B1439071853197S04154945WA0102701091
B1439111853197S04154945WA0102701092
B1439151853197S04154945WA0102701091
B1439191853197S04154945WA0102701091
B1439231853197S04154945WA0102701092
B1439271853196S04154945WA0102701093
B1439311853196S04154944WA0102701093
B1439351853196S04154945WA0102701092
B1439391853196S04154945WA0102701091
B1439431853196S04154945WA0102701092
B1439471853196S04154945WA0102701092
B1439511853196S04154945WA0102701092
B1439551853196S04154945WA0102701092
B1439591853196S04154946WA0102701091
B1440031853196S04154946WA0102701090
B1440071853196S04154946WA0102701092
B1440111853196S04154946WA0102701093
B1440151853196S04154946WA0102701094
B1440191853196S04154947WA0102701095
B1440231853196S04154947WA0102701097
B1440271853196S04154948WA0102701098
B1440311853196S04154948WA0102701099
B1440351853196S04154948WA0102701099
B1440391853196S04154948WA0102701099
B1440431853196S04154948WA0102701100
B1440471853197S04154949WA0102701100
B1440511853196S04154949WA0102701101
B1440551853196S04154949WA0102701101
B1440591853197S04154949WA0102701102
B1441031853196S04154949WA0102701102
B1441071853196S04154949WA0102701103
B1441111853196S04154949WA0102701103
B1441151853196S04154949WA0102701103
B1441191853196S04154949WA0102701104
B1441231853196S04154949WA0102701104
B1441271853196S04154949WA0102701104
B1441311853196S04154947WA0102701104
B1441351853199S04154948WA0102701104
B1441391853197S04154949WA0102701105
B1441431853196S04154950WA0102701104
B1441471853195S04154950WA0102701105
B1441511853195S04154950WA0102701104
B1441551853195S04154950WA0102801102
B1441591853194S04154950WA0102701102
B1442031853196S04154950WA0102701101
B1442071853195S04154950WA0102701099
B1442111853195S04154951WA0102801099
B1442151853194S04154951WA0102801098
B1442191853194S04154951WA0102801099
B1442231853194S04154951WA0102801099
B1442271853194S04154952WA0102801100
B1442311853194S04154951WA0102801100
B1442351853194S04154951WA0102801100
B1442391853193S04154951WA0102801100
B1442431853193S04154951WA0102801100
B1442471853193S04154951WA0102801100
B1442511853193S04154951WA0102801100
B1442551853193S04154951WA0102801099
B1442591853193S04154951WA0102801099
B1443031853193S04154951WA0102801099
B1443071853193S04154951WA0102801098
B1443111853193S04154951WA0102801099
B1443151853193S04154951WA0102801099
B1443191853193S04154951WA0102801099
B1443231853193S04154951WA0102801100
B1443271853192S04154950WA0102801100
B1443311853192S04154950WA0102801100
B1443351853192S04154950WA0102801100
B1443391853192S04154950WA0102801101
B1443431853192S04154950WA0102801101
B1443471853192S04154950WA0102801102
B1443511853192S04154950WA0102801102
B1443551853192S04154951WA0102801100
B1443591853193S04154951WA0102801099
B1444031853193S04154951WA0102801098
B1444071853193S04154951WA0102801097
B1444111853193S04154952WA0102801096
B1444151853193S04154952WA0102801095
B1444191853193S04154952WA0102801095
B1444231853193S04154952WA0102801096
B1444271853193S04154952WA0102801095
B1444311853193S04154952WA0102801094
B1444351853193S04154952WA0102801094
B1444391853193S04154952WA0102801093
B1444431853193S04154953WA0102801094
B1444471853193S04154953WA0102801096
B1444511853193S04154953WA0102801096
B1444551853193S04154953WA0102801098
B1444591853193S04154953WA0102801099
B1445031853193S04154954WA0102801100
B1445071853192S04154954WA0102801101
B1445111853192S04154953WA0102801100
B1445151853192S04154953WA0102801100
B1445191853192S04154953WA0102801099
B1445231853192S04154953WA0102801099
B1445271853192S04154952WA0102801098
B1445311853192S04154952WA0102801097
B1445351853192S04154952WA0102801097
B1445391853191S04154952WA0102801097
B1445431853192S04154952WA0102801097
B1445471853191S04154952WA0102801097
B1445511853191S04154952WA0102801097
B1445551853191S04154952WA0102801097
B1445591853191S04154952WA0102801095
B1446031853192S04154952WA0102801094
B1446071853191S04154952WA0102801094
B1446111853191S04154952WA0102801093
B1446151853191S04154952WA0102801094
B1446191853191S04154952WA0102801095
B1446231853191S04154952WA0102801096
B1446271853191S04154952WA0102801096
B1446311853191S04154952WA0102801096
B1446351853191S04154952WA0102801096
B1446391853191S04154952WA0102801096
B1446431853191S04154952WA0102801096
B1446471853191S04154951WA0102801096
B1446511853191S04154951WA0102801096
B1446551853191S04154951WA0102801096
B1446591853191S04154951WA0102801096
B1447031853191S04154951WA0102801097
B1447071853191S04154951WA0102801097
B1447111853191S04154952WA0102801097
B1447151853191S04154952WA0102801097
B1447191853191S04154952WA0102801096
B1447231853192S04154952WA0102801096
B1447271853192S04154952WA0102801096
B1447311853192S04154952WA0102801096
B1447351853192S04154952WA0102801095
B1447391853192S04154952WA0102801095
B1447431853192S04154952WA0102801095
B1447471853192S04154952WA0102801095
B1447511853192S04154952WA0102801095
B1447551853192S04154952WA0102801095
B1447591853192S04154952WA0102801095
B1448031853192S04154952WA0102801095
B1448071853192S04154952WA0102801096
B1448111853192S04154952WA0102801096
B1448151853192S04154952WA0102801096
B1448191853192S04154952WA0102901097
B1448231853192S04154952WA0102801098
B1448271853192S04154952WA0102801098
B1448311853192S04154952WA0102801098
B1448351853192S04154952WA0102801098
B1448391853192S04154952WA0102801098
B1448431853192S04154952WA0102901099
B1448471853192S04154952WA0102801098
B1448511853192S04154952WA0102901096
B1448551853191S04154953WA0102901096
B1448591853191S04154953WA0102901096
B1449031853191S04154953WA0102901096
B1449071853191S04154953WA0102901097
B1449111853191S04154953WA0102801097
B1449151853191S04154953WA0102901098
B1449191853192S04154953WA0102901098
B1449231853191S04154953WA0102901098
B1449271853191S04154954WA0102901098
B1449311853190S04154954WA0102901099
B1449351853190S04154954WA0102901099
B1449391853190S04154954WA0102901099
B1449431853190S04154954WA0102901098
B1449471853190S04154954WA0102901098
B1449511853190S04154954WA0102901097
B1449551853190S04154954WA0102901096
B1449591853190S04154953WA0102901094
B1450031853190S04154953WA0102901092
B1450071853190S04154953WA0102901093
B1450111853190S04154953WA0102901093
B1450151853190S04154953WA0102901094
B1450191853190S04154953WA0102901093
B1450231853190S04154953WA0102901092
B1450271853190S04154952WA0102901091
B1450311853190S04154952WA0102901091
B1450351853190S04154952WA0102901090
B1450391853190S04154952WA0102901088
B1450431853190S04154953WA0102901090
B1450471853191S04154953WA0102901091
B1450511853191S04154953WA0102901089
B1450551853191S04154953WA0102901088
B1450591853191S04154952WA0102901089
B1451031853192S04154952WA0102901091
B1451071853193S04154952WA0102901092
B1451111853193S04154952WA0102901092
B1451151853193S04154952WA0102901091
B1451191853193S04154952WA0102901092
B1451231853193S04154951WA0102901092
B1451271853193S04154951WA0102901093
B1451311853193S04154951WA0102901093
B1451351853194S04154950WA0102901094
B1451391853194S04154950WA0102901094
B1451431853194S04154950WA0102901095
B1451471853194S04154951WA0102901095
B1451511853194S04154951WA0102901095
B1451551853194S04154951WA0102901096
B1451591853195S04154951WA0102901097
B1452031853194S04154951WA0102901097
B1452071853195S04154951WA0102901099
B1452111853195S04154951WA0102901099
B1452151853195S04154951WA0102901099
B1452191853194S04154951WA0102901099
B1452231853194S04154951WA0102901099
B1452271853194S04154952WA0102901100
B1452311853194S04154952WA0102901099
B1452351853194S04154952WA0102901099
B1452391853194S04154952WA0102901099
B1452431853194S04154952WA0102901099
B1452471853194S04154952WA0102901099
B1452511853194S04154952WA0102901099
B1452551853194S04154953WA0102901098
B1452591853193S04154953WA0102901097
B1453031853192S04154953WA0102901098
B1453071853192S04154952WA0102901098
B1453111853191S04154952WA0102901098
B1453151853192S04154953WA0102901097
B1453191853191S04154953WA0102901096
B1453231853192S04154951WA0102901096
B1453271853192S04154950WA0102901092
B1453311853192S04154950WA0102901091
B1453351853190S04154951WA0102901090
B1453391853189S04154953WA0102901089
B1453431853190S04154954WA0102901088
B1453471853189S04154956WA0103001088
B1453511853188S04154958WA0103001090
B1453551853188S04154960WA0103001091
B1453591853188S04154961WA0103001093
B1454031853188S04154964WA0102901096
B1454071853188S04154966WA0102901097
B1454111853188S04154966WA0102901097
B1454151853187S04154966WA0102901097
B1454191853186S04154965WA0102901099
B1454231853186S04154966WA0102901099
B1454271853184S04154964WA0102901099
B1456251853195S04154956WA0102901099
B1456291853193S04154959WA0102901098
B1456331853196S04154956WA0102901099
B1456371853194S04154957WA0102901100
B1456411853192S04154959WA0102901099
B1456451853192S04154962WA0102901101
B1456491853190S04154964WA0102901102
B1456531853190S04154966WA0102901104
B1456571853189S04154965WA0102901104
B1457011853187S04154963WA0103001100
B1457051853185S04154963WA0103001098
B1457091853184S04154965WA0103001099
B1457131853181S04154964WA0103001099
B1457171853183S04154961WA0103001096
B1457211853185S04154967WA0103001099
B1457251853181S04154964WA0103001106
B1457291853180S04154962WA0103001108
B1457331853178S04154958WA0103001111
B1457371853179S04154956WA0103001115
B1457411853181S04154954WA0103001116
B1457451853185S04154961WA0103001111
B1457491853186S04154962WA0103001098
B1457531853186S04154961WA0103001095
B1457571853186S04154959WA0103001092
B1458011853186S04154958WA0103001089
B1458051853186S04154957WA0103001088
B1458091853186S04154956WA0103001088
B1458131853187S04154956WA0103001087
B1458171853187S04154956WA0103001087
B1458211853187S04154957WA0103001087
B1458251853187S04154956WA0103001087
B1458291853187S04154955WA0103001087
B1458331853187S04154955WA0103001088
B1458371853186S04154955WA0103001088
B1458411853187S04154954WA0103001089
B1458451853187S04154953WA0103001089
B1458491853187S04154952WA0103001090
B1458531853188S04154951WA0103001091
B1458571853188S04154951WA0102901091
B1459011853189S04154950WA0102901091
B1459051853190S04154950WA0102901089
B1459091853192S04154949WA0102901087
B1459131853193S04154950WA0102801087
B1459171853194S04154949WA0102801087
B1459211853194S04154948WA0102801088
B1459251853194S04154948WA0102801089
B1459291853194S04154948WA0102801090
B1459331853194S04154948WA0102801091
B1459371853194S04154947WA0102801092
B1459411853195S04154947WA0102801093
B1459451853195S04154947WA0102801093
B1459491853195S04154947WA0102801094
B1459531853195S04154947WA0102801095
B1459571853195S04154947WA0102801095
B1500011853195S04154947WA0102801095
B1500051853195S04154947WA0102801095
B1500091853196S04154947WA0102801095
B1500131853196S04154947WA0102801095
B1500171853196S04154947WA0102801094
B1500211853196S04154946WA0102801094
B1500251853196S04154946WA0102801094
B1500291853196S04154946WA0102801094
B1500331853196S04154946WA0102801094
B1500371853196S04154946WA0102801094
B1500411853196S04154946WA0102801094
B1500451853196S04154946WA0102801094
B1500491853196S04154946WA0102801094
B1500531853196S04154946WA0102801094
B1500571853196S04154946WA0102801094
B1501011853196S04154947WA0102801093
B1501051853196S04154946WA0102801093
B1501091853196S04154946WA0102801093
B1501131853196S04154946WA0102801092
B1501171853196S04154947WA0102801092
B1501211853196S04154946WA0102801092
B1501251853196S04154947WA0102801092
B1501291853196S04154946WA0102801092
B1501331853196S04154947WA0102801092
B1501371853196S04154947WA0102801091
B1501411853196S04154947WA0102801091
B1501451853196S04154947WA0102801092
B1501491853196S04154947WA0102801092
B1501531853196S04154948WA0102801091
B1501571853196S04154948WA0102801091
B1502011853196S04154948WA0102801090
B1502051853196S04154948WA0102801090
B1502091853196S04154948WA0102801090
B1502131853196S04154948WA0102801091
B1502171853195S04154948WA0102801091
B1502211853195S04154949WA0102801091
B1502251853195S04154949WA0102801092
B1502291853195S04154949WA0102801093
B1502331853195S04154949WA0102801094
B1502371853195S04154950WA0102801094
B1502411853195S04154950WA0102801095
B1502451853195S04154950WA0102801095
B1502491853195S04154950WA0102801096
B1502531853195S04154950WA0102801097
B1502571853195S04154950WA0102801098
B1503011853195S04154951WA0102801099
B1503051853195S04154951WA0102801100
B1503091853195S04154951WA0102801100
B1503131853195S04154951WA0102801101
B1503171853195S04154951WA0102801101
B1503211853195S04154951WA0102801101
B1503251853195S04154951WA0102801100
B1503291853195S04154951WA0102801099
B1503331853195S04154951WA0102801099
B1503371853195S04154951WA0102801098
B1503411853195S04154951WA0102801098
B1503451853195S04154951WA0102801097
B1503491853195S04154951WA0102801097
B1503531853195S04154951WA0102801096
B1503571853195S04154951WA0102801097
B1504011853195S04154951WA0102801097
B1504051853195S04154951WA0102801096
B1504091853195S04154951WA0102801096
B1504131853195S04154951WA0102801096
B1504171853195S04154951WA0102801096
B1504211853195S04154951WA0102801096
B1504251853195S04154951WA0102801096
B1504291853195S04154951WA0102801096
B1504331853195S04154951WA0102801096
B1504371853195S04154951WA0102801096
B1504411853195S04154950WA0102801096
B1504451853195S04154949WA0102801097
B1504491853195S04154949WA0102801095
B1504531853195S04154948WA0102801096
B1504571853195S04154948WA0102801096
B1505011853195S04154947WA0102801095
B1505051853195S04154947WA0102801095
B1505091853195S04154947WA0102801094
B1505131853195S04154946WA0102801094
B1505171853195S04154946WA0102801094
B1505211853195S04154946WA0102801093
B1505251853196S04154946WA0102801093
B1505291853196S04154946WA0102801093
B1505331853196S04154946WA0102801093
B1505371853196S04154945WA0102801093
B1505411853196S04154945WA0102801093
B1505451853196S04154946WA0102801093
B1505491853196S04154945WA0102801093
B1505531853196S04154945WA0102801093
B1505571853196S04154945WA0102801093
B1506011853196S04154945WA0102801093
B1506051853196S04154946WA0102801093
B1506091853196S04154946WA0102801092
B1506131853196S04154946WA0102801092
B1506171853196S04154946WA0102801092
B1506211853196S04154946WA0102801092
B1506251853196S04154946WA0102801092
B1506291853196S04154946WA0102801091
B1506331853194S04154945WA0102801090
B1506371853192S04154944WA0102901091
B1506411853192S04154943WA0102901092
B1506451853191S04154942WA0102801093
B1506491853190S04154941WA0102901091
B1506531853190S04154940WA0102801091
B1506571853190S04154940WA0102801090
B1507011853190S04154940WA0102801090
B1507051853192S04154940WA0102801091
B1507091853192S04154940WA0102801091
B1507131853193S04154941WA0102801091
B1507171853193S04154944WA0102901090
B1507211853194S04154945WA0102901090
B1507251853195S04154946WA0102801089
B1507291853195S04154946WA0102801089
B1507331853196S04154946WA0102801088
B1507371853196S04154946WA0102801088
B1507411853196S04154947WA0102801089
B1507451853196S04154947WA0102801089
B1507491853195S04154947WA0102801090
B1507531853195S04154947WA0102801091
B1507571853195S04154947WA0102801092
B1508011853195S04154948WA0102801093
B1508051853195S04154948WA0102801094
B1508091853195S04154948WA0102801094
B1508131853195S04154948WA0102801093
B1508171853195S04154948WA0102801094
B1508211853195S04154948WA0102801094
B1508251853195S04154948WA0102801095
B1508291853195S04154948WA0102801095
B1508331853195S04154948WA0102801096
B1508371853194S04154948WA0102801097
B1508411853194S04154948WA0102901097
B1508451853194S04154947WA0102801096
B1508491853194S04154947WA0102801096
B1508531853194S04154947WA0102801096
B1508571853194S04154948WA0102901095
B1509011853195S04154948WA0102801095
B1509051853195S04154948WA0102801094
B1509091853195S04154948WA0102801094
B1509131853195S04154948WA0102801093
B1509171853195S04154948WA0102801093
B1509211853195S04154948WA0102801093
B1509251853195S04154948WA0102801093
B1509291853195S04154948WA0102801093
B1509331853195S04154948WA0102801094
B1509371853194S04154948WA0102801094
B1509411853194S04154948WA0102901095
B1509451853194S04154948WA0102801095
B1509491853195S04154948WA0102801095
B1509531853194S04154948WA0102801096
B1509571853194S04154948WA0102801097
B1510011853194S04154948WA0102801097
B1510051853194S04154948WA0102801097
B1510091853194S04154947WA0102801098
B1510131853194S04154947WA0102801098
B1510171853194S04154948WA0102801098
B1510211853194S04154948WA0102801099
B1510251853194S04154948WA0102901099
B1510291853194S04154948WA0102901100
B1510331853194S04154948WA0102801100
B1510371853193S04154948WA0102801099
B1510411853193S04154948WA0102801098
B1510451853193S04154948WA0102801098
B1510491853193S04154948WA0102801097
B1510531853193S04154948WA0102801096
B1510571853193S04154948WA0102801095
B1511011853193S04154948WA0102801096
B1511051853193S04154948WA0102801095
B1511091853193S04154948WA0102901095
B1511131853193S04154948WA0102901095
B1511171853193S04154948WA0102901095
B1511211853193S04154948WA0102801095
B1511251853193S04154948WA0102801095
B1511291853193S04154948WA0102901095
B1511331853194S04154948WA0102801094
B1511371853194S04154948WA0102801094
B1511411853194S04154948WA0102801094
B1511451853194S04154948WA0102801094
B1511491853194S04154948WA0102901094
B1511531853194S04154948WA0102901094
B1511571853194S04154948WA0102901093
B1512011853194S04154948WA0102801093
B1512051853194S04154949WA0102801093
B1512091853194S04154949WA0102801093
B1512131853194S04154949WA0102801093
B1512171853194S04154949WA0102801094
B1512211853194S04154949WA0102801095
B1512251853194S04154949WA0102801095
B1512291853194S04154949WA0102801094
B1512331853194S04154949WA0102801094
B1512371853194S04154949WA0102801094
B1512411853194S04154949WA0102901093
B1512451853194S04154949WA0102801093
B1512491853194S04154949WA0102801093
B1512531853194S04154949WA0102801093
B1512571853194S04154949WA0102801094
B1513011853194S04154949WA0102801094
B1513051853194S04154949WA0102801094
B1513091853195S04154949WA0102801094
B1513131853195S04154950WA0102801094
B1513171853195S04154950WA0102801093
B1513211853195S04154950WA0102801093
B1513251853195S04154950WA0102801092
B1513291853195S04154950WA0102901092
B1513331853195S04154950WA0102801092
B1513371853195S04154950WA0102801092
B1513411853195S04154950WA0102901093
B1513451853195S04154950WA0102801093
B1513491853195S04154950WA0102901093
B1513531853195S04154950WA0102901093
B1513571853195S04154950WA0102801093
B1514011853195S04154950WA0102801094
B1514051853195S04154950WA0102801095
B1514091853195S04154950WA0102901095
B1514131853195S04154950WA0102901095
B1514171853195S04154950WA0102901095
B1514211853195S04154949WA0102901095
B1514251853195S04154949WA0102801094
B1514291853194S04154949WA0102801095
B1514331853194S04154949WA0102901095
B1514371853193S04154947WA0102901095
B1514411853192S04154946WA0102901093
B1514451853190S04154945WA0102901092
B1514491853189S04154945WA0102901093
B1514531853188S04154944WA0102901093
B1514571853188S04154944WA0102901093
B1515011853188S04154943WA0102901094
B1515051853188S04154943WA0102901094
B1515091853188S04154944WA0102901094
B1515131853188S04154943WA0102901094
B1515171853189S04154943WA0102901093
B1515211853189S04154943WA0102901093
B1515251853188S04154943WA0102901092
B1515291853188S04154943WA0102901093
B1515331853188S04154942WA0102901092
B1515371853188S04154942WA0102901090
B1515411853188S04154942WA0102901090
B1515451853189S04154941WA0102901089
B1515491853189S04154941WA0102901089
B1515531853189S04154941WA0102901088
B1515571853189S04154942WA0102901088
B1516011853189S04154942WA0102901088
B1516051853189S04154942WA0102901089
B1516091853189S04154942WA0102901089
B1516131853189S04154942WA0102901089
B1516171853189S04154942WA0102901088
B1516211853190S04154942WA0102901088
B1516251853190S04154942WA0102901088
B1516291853190S04154943WA0102901088
B1516331853190S04154943WA0102901088
B1516371853190S04154942WA0102901087
B1516411853189S04154942WA0102901087
B1516451853189S04154942WA0102901086
B1516491853189S04154942WA0102901086
B1516531853189S04154942WA0102901086
B1516571853189S04154942WA0102901086
B1517011853189S04154942WA0102901087
B1517051853189S04154942WA0102901088
B1517091853189S04154942WA0102901088
B1517131853189S04154942WA0102901089
B1517171853189S04154942WA0102901089
B1517211853189S04154942WA0102901090
B1517251853189S04154942WA0102901091
B1517291853189S04154942WA0102901091
B1517331853189S04154942WA0102901092
B1517371853189S04154942WA0102901092
B1517411853188S04154942WA0102901093
B1517451853188S04154942WA0102901095
B1517491853188S04154943WA0102901095
B1517531853188S04154943WA0102901096
B1517571853188S04154942WA0102901096
B1518011853188S04154942WA0102901095
B1518051853189S04154942WA0102901093
B1518091853189S04154942WA0102901091
B1518131853190S04154942WA0102901090
B1518171853190S04154942WA0102901090
B1518211853190S04154942WA0102901090
B1518251853190S04154942WA0102901090
B1518291853190S04154942WA0102901090
B1518331853190S04154942WA0102901090
B1518371853190S04154943WA0102901090
B1518411853190S04154943WA0102901089
B1518451853190S04154943WA0102901090
B1518491853190S04154943WA0102901089
B1518531853190S04154943WA0102901089
B1518571853190S04154943WA0102901089
B1519011853190S04154942WA0102901089
B1519051853190S04154942WA0102901088
B1519091853190S04154942WA0102901088
B1519131853190S04154942WA0102901088
B1519171853190S04154942WA0102901088
B1519211853191S04154942WA0102901087
B1519251853190S04154942WA0102901087
B1519291853191S04154942WA0102901087
B1519331853191S04154942WA0102901087
B1519371853191S04154942WA0102901086
B1519411853191S04154942WA0102901086
B1519451853190S04154942WA0102901087
B1519491853190S04154942WA0102901087
B1519531853190S04154942WA0102901087
B1519571853190S04154942WA0102901087
B1520011853192S04154942WA0102901087
B1520051853194S04154944WA0102901086
B1520091853195S04154944WA0102901086
B1520131853196S04154946WA0102901085
B1520171853197S04154948WA0102901084
B1520211853198S04154949WA0102901083
B1520251853198S04154949WA0102901083
B1520291853198S04154949WA0102901083
B1520331853198S04154950WA0102901084
B1520371853198S04154950WA0102901084
B1520411853198S04154950WA0102901084
B1520451853198S04154950WA0102901085
B1520491853198S04154951WA0102901086
B1520531853197S04154951WA0102901085
B1520571853197S04154951WA0102901086
B1521011853197S04154951WA0102901087
B1521051853198S04154951WA0102901087
B1521091853198S04154951WA0102901088
B1521131853198S04154951WA0102901089
B1521171853198S04154951WA0102901089
B1521211853198S04154952WA0102901089
B1521251853198S04154951WA0102901089
B1521291853198S04154951WA0102901089
B1521331853197S04154951WA0102901088
B1521371853197S04154951WA0102901088
B1521411853197S04154951WA0102901088
B1521451853197S04154951WA0102901088
B1521491853197S04154951WA0102901089
B1521531853197S04154951WA0102901089
B1521571853197S04154951WA0102901089
B1522011853198S04154951WA0102901089
B1522051853197S04154951WA0102901089
B1522091853197S04154951WA0102901090
B1522131853197S04154951WA0102901090
B1522171853197S04154951WA0102901089
B1522211853197S04154951WA0102901090
B1522251853197S04154951WA0102901090
B1522291853197S04154951WA0102901089
B1522331853197S04154951WA0102901090
B1522371853197S04154951WA0102901090
B1522411853197S04154951WA0102901091
B1522451853197S04154951WA0102901092
B1522491853197S04154951WA0102901092
B1522531853197S04154951WA0102901092
B1522571853197S04154951WA0102901092
B1523011853197S04154951WA0102901093
B1523051853197S04154952WA0102901093
B1523091853196S04154952WA0102901093
B1523131853196S04154951WA0102901093
B1523171853196S04154951WA0102901094
B1523211853196S04154951WA0102901094
B1523251853196S04154951WA0102901095
B1523291853196S04154951WA0102901095
B1523331853196S04154951WA0102901094
B1523371853196S04154951WA0102901095
B1523411853196S04154951WA0102901095
B1523451853196S04154951WA0102901095
B1523491853196S04154951WA0102901095
B1523531853196S04154951WA0102901094
B1523571853196S04154951WA0102901093
B1524011853197S04154951WA0102901093
B1524051853197S04154951WA0102901092
B1524091853197S04154952WA0102901092
B1524131853197S04154951WA0102901091
B1524171853197S04154951WA0102901090
B1524211853197S04154951WA0102901090
B1524251853197S04154951WA0102901090
B1524291853196S04154951WA0102901089
B1524331853196S04154951WA0102901089
B1524371853196S04154950WA0103001088
B1524411853196S04154950WA0103001088
B1524451853196S04154950WA0102901087
B1524491853196S04154950WA0102901087
B1524531853196S04154949WA0102901087
B1524571853196S04154949WA0102901086
B1525011853196S04154949WA0103001086
B1525051853196S04154949WA0103001087
B1525091853196S04154949WA0103001087
B1525131853195S04154949WA0103001087
B1525171853195S04154949WA0102901087
B1525211853195S04154949WA0102901088
B1525251853195S04154948WA0103001088
B1525291853194S04154947WA0103001088
B1525331853193S04154945WA0103001088
B1525371853191S04154944WA0103001088
B1525411853190S04154942WA0103001089
B1525451853189S04154941WA0102901088
B1525491853188S04154940WA0102901088
B1525531853187S04154937WA0102801088
B1525571853188S04154935WA0102801088
B1526011853189S04154932WA0102701087
B1526051853189S04154930WA0102701086
B1526091853190S04154928WA0102601085
B1526131853190S04154926WA0102601085
B1526171853190S04154925WA0102501085
B1526211853190S04154926WA0102501085
B1526251853190S04154926WA0102501085
B1526291853190S04154926WA0102501086
B1526331853190S04154926WA0102501087
B1526371853190S04154926WA0102501087
B1526411853190S04154926WA0102601088
B1526451853190S04154926WA0102501087
B1526491853190S04154926WA0102501087
B1526531853191S04154926WA0102501087
B1526571853191S04154926WA0102501087
B1527011853191S04154926WA0102501086
B1527051853191S04154926WA0102501086
B1527091853191S04154926WA0102501086
B1527131853191S04154926WA0102501086
B1527171853191S04154926WA0102501086
B1527211853191S04154926WA0102501086
B1527251853191S04154926WA0102501085
B1527291853191S04154926WA0102501085
B1527331853191S04154926WA0102501085
B1527371853191S04154925WA0102501085
B1527411853191S04154925WA0102501085
B1527451853191S04154925WA0102501086
B1527491853191S04154925WA0102501086
B1527531853191S04154925WA0102501087
B1527571853190S04154925WA0102501087
B1528011853190S04154925WA0102501088
B1528051853190S04154925WA0102501089
B1528091853190S04154924WA0102501089
B1528131853190S04154924WA0102501089
B1528171853190S04154925WA0102501090
B1528211853190S04154925WA0102501090
B1528251853190S04154925WA0102501090
B1528291853190S04154925WA0102501090
B1528331853190S04154925WA0102501090
B1528371853190S04154925WA0102501089
B1528411853190S04154925WA0102501089
B1528451853190S04154924WA0102501088
B1528491853190S04154924WA0102501088
B1528531853190S04154924WA0102501087
B1528571853190S04154924WA0102501087
B1529011853190S04154924WA0102501087
B1529051853190S04154924WA0102501087
B1529091853190S04154924WA0102501088
B1529131853190S04154924WA0102501088
B1529171853190S04154924WA0102501088
B1529211853190S04154924WA0102501087
B1529251853190S04154924WA0102501086
B1529291853190S04154924WA0102501086
B1529331853190S04154924WA0102501086
B1529371853190S04154924WA0102501086
B1529411853190S04154924WA0102501087
B1529451853190S04154924WA0102501087
B1529491853190S04154924WA0102501087
B1529531853190S04154924WA0102501086
B1529571853190S04154924WA0102501086
B1530011853190S04154923WA0102501085
B1530051853190S04154923WA0102501085
B1530091853189S04154923WA0102501085
B1530131853188S04154922WA0102501085
B1530171853187S04154922WA0102501085
B1530211853188S04154922WA0102501085
B1530251853188S04154923WA0102501085
B1530291853188S04154922WA0102501084
B1530331853188S04154922WA0102501084
B1530371853188S04154923WA0102501084
B1530411853188S04154923WA0102501084
B1530451853188S04154923WA0102501083
B1530491853189S04154923WA0102501084
B1530531853189S04154923WA0102501084
B1530571853189S04154923WA0102501084
B1531011853189S04154923WA0102501085
B1531051853189S04154923WA0102501085
B1531091853189S04154923WA0102501085
B1531131853188S04154923WA0102501086
B1531171853188S04154923WA0102501086
B1531211853188S04154923WA0102501087
B1531251853188S04154923WA0102401087
B1531291853188S04154923WA0102401087
B1531331853187S04154923WA0102401087
B1531371853187S04154923WA0102401086
B1531411853187S04154923WA0102401086
B1531451853187S04154922WA0102401086
B1531491853187S04154922WA0102401085
B1531531853187S04154922WA0102401085
B1531571853187S04154922WA0102401084
B1532011853187S04154922WA0102401084
B1532051853187S04154922WA0102401084
B1532091853187S04154922WA0102401083
B1532131853187S04154922WA0102401083
B1532171853187S04154922WA0102401084
B1532211853187S04154922WA0102401084
B1532251853187S04154922WA0102401084
B1532291853187S04154922WA0102401084
B1532331853187S04154922WA0102401084
B1532371853187S04154922WA0102401085
B1532411853187S04154922WA0102401085
B1532451853187S04154922WA0102401085
B1532491853187S04154922WA0102401084
B1532531853187S04154922WA0102401083
B1532571853187S04154921WA0102401082
B1533011853187S04154921WA0102401081
B1533051853187S04154921WA0102401081
B1533091853187S04154921WA0102401081
B1533131853187S04154921WA0102401081
B1533171853187S04154921WA0102401081
B1533211853187S04154921WA0102401081
B1533251853187S04154921WA0102401081
B1533291853187S04154922WA0102501081
B1533331853187S04154922WA0102401081
B1533371853187S04154922WA0102401081
B1533411853187S04154922WA0102401081
B1533451853187S04154922WA0102401081
B1533491853187S04154922WA0102401080
B1533531853187S04154922WA0102401079
B1533571853187S04154922WA0102401080
B1534011853187S04154922WA0102401080
B1534051853186S04154921WA0102401081
B1534091853186S04154921WA0102401082
B1534131853186S04154921WA0102401083
B1534171853186S04154921WA0102401083
B1534211853186S04154921WA0102401084
B1534251853186S04154921WA0102401085
B1534291853187S04154920WA0102401085
B1534331853188S04154920WA0102501086
B1534371853188S04154921WA0102501086
B1534411853188S04154921WA0102501086
B1534451853188S04154922WA0102501086
B1534491853187S04154922WA0102501085
B1534531853187S04154922WA0102501085
B1534571853187S04154921WA0102501085
B1535011853187S04154921WA0102501085
B1535051853187S04154921WA0102501085
B1535091853187S04154921WA0102501084
B1535131853187S04154921WA0102501084
B1535171853187S04154921WA0102501084
B1535211853187S04154921WA0102501083
B1535251853187S04154921WA0102501083
B1535291853187S04154921WA0102501082
B1535331853187S04154921WA0102501082
B1535371853187S04154921WA0102501082
B1535411853187S04154921WA0102501082
B1535451853187S04154921WA0102501082
B1535491853187S04154921WA0102501081
B1535531853187S04154921WA0102501082
B1535571853187S04154921WA0102501082
B1536011853187S04154921WA0102501083
B1536051853187S04154921WA0102501083
B1536091853187S04154921WA0102501083
B1536131853187S04154921WA0102501083
B1536171853187S04154921WA0102501083
B1536211853187S04154920WA0102501084
B1536251853187S04154921WA0102501085
B1536291853187S04154921WA0102501084
B1536331853187S04154921WA0102501085
B1536371853187S04154921WA0102501084
B1536411853187S04154921WA0102501084
B1536451853187S04154921WA0102501084
B1536491853187S04154921WA0102501084
B1536531853187S04154921WA0102501084
B1536571853187S04154921WA0102501084
B1537011853186S04154921WA0102501085
B1537051853186S04154921WA0102501085
B1537091853186S04154921WA0102501086
B1537131853187S04154921WA0102501087
B1537171853186S04154921WA0102501087
B1537211853187S04154921WA0102501087
B1537251853187S04154921WA0102501087
B1537291853186S04154921WA0102501088
B1537331853186S04154922WA0102501088
B1537371853186S04154922WA0102501088
B1537411853186S04154922WA0102501089
B1537451853186S04154922WA0102501088
B1537491853186S04154922WA0102501088
B1537531853187S04154922WA0102501087
B1537571853187S04154922WA0102501087
B1538011853187S04154922WA0102501087
B1538051853187S04154922WA0102501087
B1538091853186S04154922WA0102501088
B1538131853186S04154922WA0102501088
B1538171853185S04154922WA0102501088
B1538211853186S04154922WA0102501089
B1538251853186S04154922WA0102501088
B1538291853186S04154922WA0102501088
B1538331853186S04154922WA0102501089
B1538371853186S04154922WA0102501090
B1538411853186S04154922WA0102501090
B1538451853186S04154923WA0102501090
B1538491853186S04154923WA0102601089
B1538531853185S04154923WA0102601090
B1538571853185S04154923WA0102601090
B1539011853186S04154923WA0102601089
B1539051853186S04154923WA0102601088
B1539091853186S04154923WA0102601088
B1539131853186S04154923WA0102601088
B1539171853186S04154923WA0102601088
B1539211853187S04154923WA0102601088
B1539251853188S04154923WA0102601086
B1539291853188S04154923WA0102601086
B1539331853188S04154923WA0102601086
B1539371853188S04154923WA0102601087
B1539411853188S04154923WA0102601087
B1539451853187S04154922WA0102601086
B1539491853187S04154922WA0102601086
B1539531853187S04154922WA0102601086
B1539571853187S04154922WA0102601086
B1540011853186S04154922WA0102601085
B1540051853186S04154922WA0102601085
B1540091853187S04154922WA0102601085
B1540131853187S04154922WA0102601086
B1540171853187S04154923WA0102601086
B1540211853187S04154923WA0102601087
B1540251853187S04154922WA0102601087
B1540291853187S04154922WA0102601086
B1540331853187S04154922WA0102601086
B1540371853187S04154923WA0102601087
B1540411853186S04154923WA0102601088
B1540451853186S04154923WA0102601088
B1540491853187S04154923WA0102601088
B1540531853187S04154923WA0102601087
B1540571853187S04154923WA0102601087
B1541011853187S04154923WA0102601088
B1541051853187S04154923WA0102601087
B1541091853187S04154923WA0102601087
B1541131853188S04154924WA0102601088
B1541171853187S04154923WA0102601089
B1541211853187S04154923WA0102601088
B1541251853187S04154924WA0102601088
B1541291853187S04154924WA0102601089
B1541331853187S04154924WA0102601090
B1541371853187S04154924WA0102601090
B1541411853187S04154923WA0102601090
B1541451853187S04154923WA0102601090
B1541491853187S04154923WA0102601091
B1541531853188S04154924WA0102701091
B1541571853188S04154924WA0102701090
B1542011853188S04154924WA0102701090
B1542051853188S04154924WA0102601091
B1542091853188S04154924WA0102601091
B1542131853187S04154924WA0102701091
B1542171853187S04154924WA0102701090
B1542211853187S04154924WA0102701091
B1542251853187S04154924WA0102701091
B1542291853187S04154924WA0102701091
B1542331853187S04154924WA0102701090
B1542371853187S04154924WA0102701090
B1542411853187S04154924WA0102701091
B1542451853187S04154924WA0102701091
B1542491853187S04154924WA0102701090
B1542531853187S04154924WA0102701090
B1542571853187S04154924WA0102701090
B1543011853187S04154924WA0102701090
B1543051853187S04154924WA0102701090
B1543091853187S04154924WA0102701091
B1543131853187S04154924WA0102701091
B1543171853187S04154923WA0102701090
B1543211853187S04154924WA0102701090
B1543251853187S04154924WA0102701090
B1543291853187S04154924WA0102701089
B1543331853187S04154924WA0102701089
B1543371853187S04154924WA0102701089
B1543411853187S04154924WA0102701089
B1543451853187S04154924WA0102701089
B1543491853187S04154924WA0102701090
B1543531853187S04154924WA0102701090
B1543571853187S04154925WA0102701090
B1544011853187S04154925WA0102701090
B1544051853187S04154925WA0102701090
B1544091853187S04154925WA0102701090
B1544131853187S04154925WA0102701090
B1544171853187S04154925WA0102701091
B1544211853187S04154925WA0102701091
B1544251853187S04154925WA0102701092
B1544291853187S04154925WA0102701092
B1544331853187S04154925WA0102701093
B1544371853187S04154925WA0102701093
B1544411853187S04154925WA0102701094
B1544451853187S04154925WA0102701094
B1544491853187S04154925WA0102701093
B1544531853188S04154925WA0102701093
B1544571853187S04154924WA0102701092
B1545011853188S04154924WA0102701091
B1545051853188S04154924WA0102701091
B1545091853188S04154924WA0102701090
B1545131853188S04154924WA0102701090
B1545171853188S04154924WA0102701090
B1545211853188S04154924WA0102701089
B1545251853188S04154924WA0102701088
B1545291853188S04154923WA0102701089
B1545331853189S04154923WA0102701090
B1545371853189S04154923WA0102701090
B1545411853189S04154923WA0102701091
B1545451853190S04154923WA0102701092
B1545491853190S04154922WA0102701093
B1545531853190S04154921WA0102701093
B1545571853191S04154921WA0102701093
B1546011853190S04154921WA0102701093
B1546051853190S04154920WA0102701092
B1546091853190S04154920WA0102701091
B1546131853190S04154919WA0102701091
B1546171853190S04154919WA0102701091
B1546211853190S04154918WA0102701092
B1546251853189S04154918WA0102701092
B1546291853189S04154919WA0102701091
B1546331853188S04154919WA0102701091
B1546371853187S04154919WA0102601091
B1546411853188S04154919WA0102601090
B1546451853188S04154919WA0102701088
B1546491853188S04154919WA0102601088
B1546531853188S04154919WA0102601088
B1546571853187S04154919WA0102601088
B1547011853187S04154918WA0102601088
B1547051853187S04154918WA0102601088
B1547091853187S04154918WA0102601087
B1547131853187S04154919WA0102601087
B1547171853187S04154919WA0102601087
B1547211853186S04154918WA0102601087
B1547251853186S04154918WA0102601088
B1547291853186S04154918WA0102601088
B1547331853186S04154918WA0102601088
B1547371853186S04154918WA0102601088
B1547411853187S04154918WA0102601088
B1547451853187S04154918WA0102601088
B1547491853187S04154918WA0102601088
B1547531853187S04154918WA0102601089
B1547571853186S04154918WA0102601089
B1548011853185S04154917WA0102501088
B1548051853185S04154918WA0102501089
B1548091853185S04154918WA0102501089
B1548131853185S04154918WA0102501090
B1548171853185S04154918WA0102501090
B1548211853185S04154918WA0102501090
B1548251853185S04154918WA0102501089
B1548291853185S04154918WA0102501087
B1548331853185S04154918WA0102501086
B1548371853185S04154918WA0102501087
B1548411853185S04154918WA0102501087
B1548451853185S04154918WA0102501087
B1548491853185S04154918WA0102501087
B1548531853185S04154918WA0102501087
B1548571853186S04154918WA0102601088
B1549011853187S04154918WA0102701088
B1549051853187S04154918WA0102701089
B1549091853187S04154918WA0102701089
B1549131853187S04154918WA0102701088
B1549171853186S04154918WA0102701089
B1549211853186S04154919WA0102701088
B1549251853186S04154919WA0102601088
B1549291853187S04154918WA0102601087
B1549331853187S04154918WA0102701087
B1549371853187S04154918WA0102701087
B1549411853187S04154918WA0102701087
B1549451853187S04154918WA0102701087
B1549491853187S04154918WA0102701086
B1549531853187S04154919WA0102701087
B1549571853187S04154919WA0102701087
B1550011853187S04154919WA0102701086
B1550051853187S04154919WA0102701085
B1550091853187S04154918WA0102701084
B1550131853187S04154918WA0102701084
B1550171853187S04154919WA0102701084
B1550211853187S04154919WA0102701085
B1550251853187S04154919WA0102701086
B1550291853187S04154919WA0102701087
B1550331853188S04154919WA0102701087
B1550371853187S04154919WA0102701087
B1550411853187S04154919WA0102701087
B1550451853188S04154919WA0102701088
B1550491853188S04154919WA0102701088
B1550531853188S04154919WA0102701088
B1550571853188S04154919WA0102701089
B1551011853188S04154919WA0102701089
B1551051853188S04154919WA0102701089
B1551091853188S04154919WA0102701089
B1551131853188S04154919WA0102701089
B1551171853188S04154919WA0102701089
B1551211853188S04154919WA0102701089
B1551251853188S04154919WA0102701089
B1551291853188S04154919WA0102701089
B1551331853188S04154919WA0102701089
B1551371853188S04154919WA0102701089
B1551411853188S04154919WA0102701089
B1551451853188S04154919WA0102701090
B1551491853188S04154919WA0102701090
B1551531853188S04154919WA0102701091
B1551571853188S04154920WA0102701091
B1552011853188S04154920WA0102701092
B1552051853188S04154920WA0102701092
B1552091853188S04154920WA0102701092
B1552131853188S04154920WA0102701092
B1552171853188S04154920WA0102701092
B1552211853188S04154920WA0102701092
B1552251853188S04154920WA0102701091
B1552291853188S04154920WA0102701091
B1552331853188S04154919WA0102701091
B1552371853188S04154919WA0102701091
B1552411853189S04154918WA0102701091
B1552451853189S04154918WA0102701091
B1552491853189S04154918WA0102701091
B1552531853189S04154918WA0102701091
B1552571853189S04154917WA0102701092
B1553011853189S04154917WA0102701092
B1553051853189S04154918WA0102701091
B1553091853189S04154918WA0102701091
B1553131853189S04154918WA0102701091
B1553171853189S04154918WA0102701090
B1553211853189S04154918WA0102701090
B1553251853189S04154918WA0102701091
B1553291853189S04154918WA0102701091
B1553331853188S04154918WA0102701090
B1553371853189S04154918WA0102701089
B1553411853189S04154918WA0102701088
B1553451853189S04154918WA0102701087
B1553491853189S04154918WA0102701087
B1553531853189S04154918WA0102701087
B1553571853189S04154918WA0102701088
B1554011853189S04154918WA0102701088
B1554051853189S04154918WA0102701088
B1554091853189S04154918WA0102701089
B1554131853189S04154918WA0102701089
B1554171853189S04154918WA0102701089
B1554211853189S04154919WA0102801090
B1554251853189S04154919WA0102701090
B1554291853188S04154919WA0102701090
B1554331853188S04154919WA0102801090
B1554371853188S04154919WA0102801090
B1554411853188S04154919WA0102801089
B1554451853188S04154919WA0102801090
B1554491853188S04154919WA0102801090
B1554531853188S04154919WA0102801091
B1554571853188S04154919WA0102801091
B1555011853189S04154919WA0102801091
B1555051853189S04154919WA0102801090
B1555091853189S04154919WA0102801089
B1555131853189S04154919WA0102801089
B1555171853188S04154919WA0102801090
B1555211853188S04154919WA0102801089
B1555251853188S04154918WA0102801088
B1555291853188S04154918WA0102801088
B1555331853188S04154919WA0102801088
B1555371853188S04154919WA0102801089
B1555411853188S04154919WA0102801088
B1555451853188S04154919WA0102801088
B1555491853188S04154920WA0102801088
B1555531853188S04154919WA0102801089
B1555571853188S04154919WA0102801088
B1556011853189S04154919WA0102801088
B1556051853189S04154920WA0102801089
B1556091853189S04154920WA0102801089
B1556131853189S04154920WA0102801088
B1556171853189S04154920WA0102801088
B1556211853189S04154919WA0102801089
B1556251853189S04154920WA0102801090
B1556291853188S04154920WA0102801090
B1556331853189S04154920WA0102801090
B1556371853189S04154920WA0102801090
B1556411853189S04154920WA0102801090
B1556451853189S04154920WA0102801090
B1556491853189S04154920WA0102801090
B1556531853189S04154920WA0102801090
B1556571853189S04154920WA0102801091
B1557011853189S04154920WA0102801091
B1557051853187S04154920WA0102801091
B1557091853179S04154919WA0102401087
B1557131853158S04154920WA0101301076
B1557171853134S04154918WA0100801075
B1557211853109S04154918WA0100201069
B1557251853084S04154917WA0099901068
B1557291853058S04154912WA0099301061
B1557331853035S04154906WA0099101060
B1557371853010S04154898WA0098401053
B1557411852988S04154887WA0098301049
B1557451852963S04154876WA0097701045
B1557491852945S04154860WA0097701043
B1557531852926S04154844WA0097301039
B1557571852910S04154825WA0096901033
B1558011852890S04154811WA0096401029
B1558051852868S04154803WA0095801021
B1558091852847S04154790WA0095401018
B1558131852827S04154777WA0095101014
B1558171852809S04154761WA0094601010
B1558211852792S04154743WA0094101005
B1558251852774S04154726WA0093400997
B1558291852760S04154711WA0093100994
B1558331852741S04154694WA0092400986
B1558371852724S04154680WA0092000982
B1558411852700S04154668WA0091000973
B1558451852683S04154652WA0090600969
B1558491852663S04154635WA0089800960
B1558531852645S04154617WA0089200953
B1558571852625S04154600WA0088500946
B1559011852607S04154582WA0088000940
B1559051852590S04154562WA0087600934
B1559091852574S04154542WA0086900927
B1559131852560S04154520WA0086500924
B1559171852547S04154498WA0086100919
B1559211852538S04154476WA0085800916
B1559251852527S04154451WA0085200910
B1559291852514S04154436WA0084900905
B1559331852493S04154422WA0084100899
B1559371852478S04154404WA0083900894
B1559411852459S04154389WA0083300888
B1559451852441S04154370WA0082800883
B1559491852423S04154350WA0082500880
B1559531852409S04154326WA0082200878
B1559571852397S04154303WA0081900873
B1600011852379S04154283WA0081500869
B1600051852362S04154262WA0081300867
B1600091852344S04154241WA0080900862
B1600131852325S04154226WA0080600858
B1600171852305S04154206WA0079700849
B1600211852287S04154189WA0079600849
B1600251852267S04154169WA0079000843
B1600291852248S04154150WA0078400835
B1600331852239S04154125WA0077900831
B1600371852226S04154102WA0077100820
B1600411852203S04154087WA0076300814
B1600451852180S04154070WA0075500804
B1600491852160S04154052WA0074900799
B1600531852142S04154032WA0074300791
B1600571852128S04154008WA0074000787
B1601011852115S04153985WA0073300781
B1601051852100S04153965WA0072800776
B1601091852084S04153944WA0072200772
B1601131852071S04153922WA0072000770
B1601171852054S04153900WA0071400763
B1601211852033S04153874WA0070600756
B1601251852019S04153850WA0070600754
B1601291852003S04153821WA0069500743
B1601331851986S04153795WA0069000738
B1601371851965S04153769WA0067800725
B1601411851943S04153742WA0066800715
B1601451851922S04153715WA0065900706
B1601491851902S04153692WA0065600704
B1601531851887S04153675WA0065400701
B1601571851867S04153665WA0065300701
B1602011851847S04153661WA0065400701
B1602051851827S04153660WA0065700707
B1602091851812S04153672WA0066200712
B1602131851797S04153681WA0067100723
B1602171851792S04153658WA0067600727
B1602211851818S04153656WA0067900730
B1602251851836S04153676WA0068700736
B1602291851843S04153697WA0069500743
B1602331851829S04153702WA0069900748
B1602371851830S04153681WA0070800758
B1602411851858S04153676WA0071500764
B1602451851869S04153696WA0072300770
B1602491851859S04153718WA0072200768
B1602531851838S04153725WA0072700777
B1602571851825S04153715WA0073400783
B1603011851823S04153688WA0073700788
B1603051851845S04153671WA0074600795
B1603091851864S04153688WA0075300805
B1603131851848S04153697WA0076100811
B1603171851830S04153698WA0076800819
B1603211851816S04153710WA0077500825
B1603251851801S04153727WA0078200835
B1603291851786S04153725WA0079500847
B1603331851806S04153705WA0080300857
B1603371851819S04153730WA0081500872
B1603411851800S04153738WA0083000885
B1603451851790S04153724WA0084400902
B1603491851808S04153706WA0085700914
B1603531851834S04153717WA0086700925
B1603571851830S04153741WA0087900938
B1604011851816S04153756WA0089000947
B1604051851798S04153768WA0089800956
B1604091851786S04153782WA0091000970
B1604131851774S04153798WA0091800977
B1604171851762S04153819WA0092600987
B1604211851759S04153844WA0093200994
B1604251851751S04153864WA0094401007
B1604291851732S04153871WA0095201015
B1604331851729S04153849WA0095801023
B1604371851753S04153847WA0096701029
B1604411851778S04153862WA0097301036
B1604451851795S04153871WA0098501047
B1604491851801S04153897WA0098401046
B1604531851779S04153907WA0098601046
B1604571851755S04153902WA0098601048
B1605011851734S04153894WA0099201056
B1605051851730S04153876WA0100101066
B1605091851753S04153870WA0100701072
B1605131851762S04153896WA0101201078
B1605171851743S04153904WA0101701083
B1605211851728S04153893WA0102601094
B1605251851731S04153873WA0103301101
B1605291851753S04153862WA0103801106
B1605331851773S04153882WA0104201109
B1605371851760S04153902WA0104801116
B1605411851744S04153891WA0105301122
B1605451851745S04153872WA0106101130
B1605491851755S04153851WA0106501134
B1605531851766S04153832WA0107201142
B1605571851793S04153831WA0107801148
B1606011851794S04153856WA0108401154
B1606051851775S04153851WA0109001160
B1606091851782S04153829WA0109701167
B1606131851809S04153831WA0110401175
B1606171851818S04153857WA0111201183
B1606211851800S04153867WA0111701188
B1606251851789S04153850WA0112501197
B1606291851798S04153829WA0113401206
B1606331851825S04153830WA0113901211
B1606371851837S04153855WA0114701221
B1606411851820S04153871WA0115501229
B1606451851807S04153859WA0116401236
B1606491851817S04153837WA0117001244
B1606531851844S04153838WA0117701249
B1606571851857S04153864WA0118301256
B1607011851844S04153884WA0119001262
B1607051851825S04153884WA0119601271
B1607091851826S04153862WA0120201277
B1607131851853S04153854WA0120701281
B1607171851875S04153840WA0121201286
B1607211851897S04153827WA0121901294
B1607251851919S04153843WA0122001293
B1607291851909S04153866WA0122001294
B1607331851895S04153855WA0122301298
B1607371851908S04153834WA0122701302
B1607411851921S04153817WA0123201306
B1607451851934S04153795WA0123101307
B1607491851945S04153771WA0123301310
B1607531851957S04153755WA0124601328
B1607571851969S04153739WA0124701325
B1608011851983S04153720WA0125001332
B1608051851997S04153703WA0124701325
B1608091852014S04153682WA0124301321
B1608131852031S04153660WA0123601314
B1608171852048S04153640WA0123401313
B1608211852071S04153615WA0123201312
B1608251852090S04153599WA0124701332
B1608291852108S04153585WA0125401333
B1608331852132S04153575WA0126301347
B1608371852154S04153581WA0127301354
B1608411852174S04153596WA0128001359
B1608451852173S04153623WA0128101361
B1608491852156S04153622WA0128401363
B1608531852141S04153611WA0129001370
B1608571852140S04153588WA0129301374
B1609011852149S04153568WA0130301385
B1609051852161S04153547WA0130801388
B1609091852173S04153525WA0131201395
B1609131852185S04153506WA0132201404
B1609171852193S04153481WA0132701410
B1609211852203S04153460WA0133401417
B1609251852219S04153439WA0133801423
B1609291852237S04153427WA0134901434
B1609331852261S04153428WA0135501439
B1609371852273S04153447WA0136301446
B1609411852257S04153464WA0137001453
B1609451852236S04153455WA0137801462
B1609491852231S04153428WA0138201466
B1609531852235S04153405WA0139101477
B1609571852255S04153393WA0139701481
B1610011852274S04153400WA0140401488
B1610051852276S04153422WA0140701490
B1610091852265S04153443WA0141201496
B1610131852254S04153464WA0142001505
B1610171852233S04153476WA0142801514
B1610211852214S04153459WA0143201518
B1610251852223S04153435WA0143601521
B1610291852243S04153424WA0143901524
B1610331852263S04153423WA0144701532
B1610371852284S04153431WA0145501541
B1610411852303S04153427WA0146401549
B1610451852322S04153409WA0147401561
B1610491852337S04153390WA0148701573
B1610531852356S04153371WA0149701585
B1610571852374S04153354WA0150701595
B1611011852391S04153336WA0151101596
B1611051852408S04153313WA0151401605
B1611091852415S04153296WA0152501613
B1611131852428S04153277WA0152701614
B1611171852439S04153260WA0152401607
B1611211852456S04153239WA0151601602
B1611251852474S04153221WA0151101594
B1611291852494S04153205WA0150501591
B1611331852513S04153186WA0149701583
B1611371852531S04153169WA0149501582
B1611411852550S04153149WA0148901576
B1611451852566S04153130WA0148701572
B1611491852582S04153107WA0147801564
B1611531852599S04153087WA0147301559
B1611571852619S04153069WA0146701553
B1612011852636S04153053WA0146501550
B1612051852653S04153035WA0145901544
B1612091852670S04153017WA0145501538
B1612131852689S04152999WA0144801533
B1612171852708S04152986WA0144601530
B1612211852728S04152969WA0143901524
B1612251852749S04152953WA0143401518
B1612291852770S04152936WA0143001515
B1612331852799S04152919WA0141601498
B1612371852825S04152900WA0141301499
B1612411852851S04152880WA0140601488
B1612451852877S04152859WA0140001482
B1612491852903S04152838WA0139301476
B1612531852932S04152822WA0138701470
B1612571852959S04152804WA0138201463
B1613011852988S04152788WA0137601459
B1613051853015S04152773WA0137101453
B1613091853044S04152758WA0136501447
B1613131853071S04152743WA0136101441
B1613171853098S04152728WA0135501436
B1613211853122S04152715WA0135001429
B1613251853148S04152704WA0134101418
B1613291853175S04152700WA0133501415
B1613331853200S04152693WA0133101409
B1613371853229S04152688WA0132401402
B1613411853255S04152687WA0131901397
B1613451853282S04152690WA0131301389
B1613491853310S04152693WA0130301379
B1613531853338S04152695WA0129301368
B1613571853366S04152693WA0128201354
B1614011853391S04152682WA0127101344
B1614051853412S04152661WA0125901331
B1614091853421S04152636WA0125901333
B1614131853431S04152611WA0126001334
B1614171853448S04152604WA0126601340
B1614211853448S04152626WA0126401339
B1614251853422S04152615WA0126201339
B1614291853425S04152591WA0126901345
B1614331853441S04152575WA0127101347
B1614371853454S04152554WA0127101345
B1614411853466S04152526WA0126401340
B1614451853478S04152499WA0126501342
B1614491853485S04152470WA0126701347
B1614531853487S04152449WA0127901356
B1614571853488S04152423WA0128401363
B1615011853495S04152401WA0129301374
B1615051853503S04152381WA0129901378
B1615091853512S04152361WA0130601386
B1615131853527S04152344WA0130801386
B1615171853539S04152325WA0131501396
B1615211853554S04152309WA0131901398
B1615251853571S04152298WA0132501406
B1615291853589S04152315WA0132601408
B1615331853581S04152335WA0133901421
B1615371853559S04152341WA0134501427
B1615411853549S04152318WA0134501428
B1615451853569S04152312WA0134901433
B1615491853581S04152332WA0135601438
B1615531853566S04152347WA0136501446
B1615571853542S04152338WA0136901451
B1616011853534S04152313WA0137201454
B1616051853543S04152292WA0137301453
B1616091853563S04152274WA0137401456
B1616131853585S04152263WA0137501454
B1616171853608S04152259WA0137701457
B1616211853629S04152262WA0138201462
B1616251853636S04152284WA0138601465
B1616291853619S04152300WA0139001471
B1616331853606S04152277WA0139201474
B1616371853628S04152276WA0140001483
B1616411853640S04152290WA0140901488
B1616451853647S04152316WA0141201495
B1616491853643S04152339WA0142301504
B1616531853635S04152365WA0142701509
B1616571853624S04152388WA0143201514
B1617011853612S04152412WA0143801523
B1617051853592S04152423WA0144801534
B1617091853573S04152409WA0145301539
B1617131853583S04152388WA0145801547
B1617171853602S04152396WA0146701553
B1617211853615S04152419WA0147001557
B1617251853624S04152439WA0148201569
B1617291853635S04152464WA0148501571
B1617331853638S04152491WA0149501583
B1617371853643S04152520WA0149701583
B1617411853645S04152546WA0150101587
B1617451853642S04152573WA0149901584
B1617491853634S04152598WA0149301577
B1617531853615S04152614WA0148401569
B1617571853591S04152620WA0147601561
B1618011853568S04152616WA0147201558
B1618051853548S04152604WA0146801554
B1618091853527S04152592WA0146501551
B1618131853508S04152578WA0146401551
B1618171853485S04152569WA0146601553
B1618211853465S04152552WA0146401551
B1618251853447S04152531WA0146701557
B1618291853440S04152507WA0146601554
B1618331853444S04152479WA0146301553
B1618371853454S04152453WA0146201552
B1618411853471S04152436WA0146801558
B1618451853489S04152428WA0147401562
B1618491853509S04152424WA0147901569
B1618531853527S04152420WA0148501572
B1618571853549S04152422WA0148901577
B1619011853572S04152418WA0149101579
B1619051853595S04152423WA0150001590
B1619091853617S04152433WA0150701594
B1619131853638S04152449WA0151601605
B1619171853657S04152461WA0152501612
B1619211853673S04152481WA0153101619
B1619251853685S04152500WA0153601621
B1619291853688S04152525WA0153101615
B1619331853687S04152548WA0153001615
B1619371853683S04152570WA0152601611
B1619411853673S04152591WA0151901605
B1619451853653S04152599WA0151001594
B1619491853632S04152607WA0150001583
B1619531853611S04152599WA0149001573
B1619571853588S04152595WA0148301567
B1620011853566S04152589WA0148001565
B1620051853544S04152587WA0147701562
B1620091853517S04152586WA0146901554
B1620131853493S04152587WA0147401561
B1620171853469S04152592WA0147401559
B1620211853443S04152596WA0147601562
B1620251853416S04152600WA0147901567
B1620291853387S04152595WA0148501574
B1620331853367S04152578WA0149101579
B1620371853350S04152556WA0149401583
B1620411853340S04152529WA0149501585
B1620451853340S04152508WA0149701583
B1620491853346S04152485WA0149101577
B1620531853360S04152464WA0148401571
B1620571853380S04152453WA0148201571
B1621011853397S04152445WA0148101566
B1621051853418S04152439WA0148001566
B1621091853438S04152436WA0147901563
B1621131853458S04152428WA0147901563
B1621171853476S04152417WA0147801560
B1621211853495S04152405WA0147801561
B1621251853515S04152397WA0147901561
B1621291853536S04152384WA0147901562
B1621331853559S04152376WA0148001561
B1621371853585S04152378WA0148301566
B1621411853602S04152390WA0148801567
B1621451853626S04152405WA0148501566
B1621491853635S04152428WA0148601568
B1621531853619S04152447WA0148401566
B1621571853596S04152446WA0148201563
B1622011853574S04152437WA0147901561
B1622051853553S04152430WA0147701559
B1622091853530S04152425WA0148001563
B1622131853510S04152419WA0148301567
B1622171853486S04152414WA0148601572
B1622211853473S04152393WA0149001576
B1622251853486S04152372WA0149101577
B1622291853506S04152379WA0149001573
B1622331853517S04152403WA0148901574
B1622371853521S04152427WA0149201578
B1622411853506S04152444WA0149501581
B1622451853498S04152463WA0149901584
B1622491853493S04152489WA0150001591
B1622531853479S04152507WA0150601596
B1622571853469S04152529WA0150901599
B1623011853465S04152552WA0151301604
B1623051853458S04152575WA0151501607
B1623091853461S04152596WA0152001611
B1623131853467S04152618WA0151401604
B1623171853474S04152642WA0150801597
B1623211853476S04152666WA0150501593
B1623251853477S04152691WA0150201587
B1623291853472S04152718WA0149801582
B1623331853465S04152742WA0149201577
B1623371853445S04152751WA0148301570
B1623411853425S04152735WA0147501562
B1623451853410S04152712WA0146701554
B1623491853403S04152683WA0146101548
B1623531853398S04152654WA0145601542
B1623571853392S04152625WA0145101537
B1624011853389S04152595WA0144701534
B1624051853384S04152566WA0144201529
B1624091853378S04152537WA0144201529
B1624131853370S04152509WA0143901526
B1624171853379S04152486WA0144101528
B1624211853397S04152470WA0144101528
B1624251853421S04152460WA0144201526
B1624291853445S04152453WA0144401528
B1624331853471S04152446WA0144401525
B1624371853498S04152442WA0144601529
B1624411853521S04152450WA0144801529
B1624451853532S04152474WA0144701528
B1624491853530S04152501WA0144701527
B1624531853516S04152521WA0144601526
B1624571853492S04152522WA0144601529
B1625011853478S04152503WA0145101533
B1625051853479S04152477WA0145001535
B1625091853492S04152457WA0145301537
B1625131853513S04152450WA0145301536
B1625171853538S04152461WA0145101532
B1625211853545S04152486WA0145001531
B1625251853530S04152509WA0144701529
B1625291853508S04152517WA0144501525
B1625331853484S04152511WA0144201523
B1625371853469S04152493WA0144301524
B1625411853452S04152472WA0144101523
B1625451853439S04152453WA0144501528
B1625491853428S04152429WA0144501528
B1625531853432S04152407WA0144901533
B1625571853454S04152397WA0144301522
B1626011853474S04152383WA0143701516
B1626051853496S04152372WA0143101510
B1626091853519S04152370WA0142801506
B1626131853534S04152397WA0142001498
B1626171853520S04152419WA0141801497
B1626211853500S04152423WA0141901497
B1626251853486S04152409WA0141601493
B1626291853491S04152385WA0140901489
B1626331853512S04152378WA0140701485
B1626371853534S04152395WA0140001479
B1626411853538S04152422WA0139701475
B1626451853525S04152444WA0139201469
B1626491853510S04152462WA0138801465
B1626531853497S04152484WA0138501462
B1626571853477S04152505WA0137901456
B1627011853453S04152520WA0137901457
B1627051853426S04152527WA0137901456
B1627091853400S04152539WA0137601453
B1627131853378S04152554WA0137601453
B1627171853354S04152570WA0137201448
B1627211853333S04152588WA0137301450
B1627251853309S04152600WA0137101447
B1627291853292S04152579WA0136301440
B1627331853306S04152560WA0135901435
B1627371853324S04152546WA0135401430
B1627411853341S04152553WA0135101426
B1627451853354S04152575WA0134501420
B1627491853360S04152599WA0134301417
B1627531853369S04152623WA0134101416
B1627571853376S04152646WA0134101416
B1628011853375S04152669WA0134301418
B1628051853352S04152684WA0133901413
B1628091853334S04152667WA0133301405
B1628131853323S04152644WA0132701399
B1628171853307S04152622WA0132201397
B1628211853297S04152598WA0131701392
B1628251853311S04152582WA0131201387
B1628291853328S04152591WA0131001383
B1628331853341S04152609WA0130801380
B1628371853350S04152630WA0130701378
B1628411853364S04152647WA0130901381
B1628451853366S04152669WA0131101382
B1628491853341S04152679WA0130901382
B1628531853332S04152652WA0130801381
B1628571853353S04152642WA0130601379
B1629011853371S04152649WA0131001384
B1629051853384S04152666WA0131101383
B1629091853398S04152685WA0131101384
B1629131853407S04152708WA0131401387
B1629171853395S04152730WA0131401387
B1629211853372S04152718WA0130801381
B1629251853372S04152696WA0130801382
B1629291853388S04152681WA0130601380
B1629331853407S04152689WA0130601380
B1629371853420S04152709WA0130601380
B1629411853422S04152733WA0130701381
B1629451853406S04152754WA0130701380
B1629491853383S04152760WA0130901381
B1629531853360S04152750WA0130301375
B1629571853349S04152729WA0130101373
B1630011853358S04152706WA0129401366
B1630051853377S04152697WA0129601370
B1630091853392S04152681WA0129201364
B1630131853410S04152664WA0128601359
B1630171853431S04152645WA0128001354
B1630211853450S04152628WA0128001354
B1630251853469S04152615WA0129001368
B1630291853482S04152601WA0129901373
B1630331853496S04152585WA0130501382
B1630371853509S04152570WA0131101385
B1630411853519S04152551WA0131301387
B1630451853534S04152532WA0131401387
B1630491853546S04152511WA0131701390
B1630531853555S04152481WA0131901393
B1630571853568S04152460WA0132101392
B1631011853584S04152432WA0130701378
B1631051853601S04152401WA0129801371
B1631091853617S04152371WA0128901362
B1631131853635S04152341WA0128001352
B1631171853652S04152312WA0127201343
B1631211853673S04152281WA0125901333
B1631251853693S04152251WA0125501328
B1631291853716S04152220WA0124701321
B1631331853740S04152192WA0124301316
B1631371853762S04152163WA0123301306
B1631411853784S04152135WA0122901304
B1631451853805S04152110WA0122301296
B1631491853825S04152082WA0121901292
B1631531853848S04152056WA0120901281
B1631571853874S04152029WA0120101275
B1632011853897S04151999WA0119301266
B1632051853916S04151967WA0118501257
B1632091853934S04151936WA0117501247
B1632131853956S04151907WA0116601239
B1632171853973S04151880WA0116101232
B1632211853993S04151854WA0115101220
B1632251854007S04151827WA0114701216
B1632291854021S04151802WA0114101209
B1632331854038S04151775WA0113701207
B1632371854054S04151749WA0113701206
B1632411854067S04151722WA0113501203
B1632451854077S04151695WA0113901209
B1632491854089S04151668WA0113901209
B1632531854104S04151642WA0114401214
B1632571854120S04151615WA0114301212
B1633011854139S04151584WA0114301213
B1633051854163S04151554WA0114301213
B1633091854189S04151528WA0114601219
B1633131854218S04151509WA0114901221
B1633171854247S04151494WA0114901219
B1633211854277S04151481WA0115201224
B1633251854298S04151469WA0116501236
B1633291854319S04151463WA0117001238
B1633331854342S04151450WA0117101242
B1633371854351S04151436WA0117401243
B1633411854329S04151429WA0116701238
B1633451854316S04151445WA0117001236
B1633491854322S04151474WA0116301226
B1633531854337S04151497WA0116501233
B1633571854340S04151523WA0116901235
B1634011854333S04151544WA0118201253
B1634051854314S04151554WA0119601267
B1634091854296S04151551WA0121301284
B1634131854280S04151532WA0122201294
B1634171854284S04151510WA0123201303
B1634211854305S04151500WA0123701310
B1634251854323S04151514WA0124201312
B1634291854334S04151537WA0124401314
B1634331854343S04151560WA0125301327
B1634371854349S04151582WA0126801342
B1634411854331S04151597WA0127601349
B1634451854313S04151585WA0129301370
B1634491854304S04151564WA0130401382
B1634531854314S04151538WA0131101390
B1634571854329S04151520WA0132401402
B1635011854346S04151502WA0132701403
B1635051854364S04151485WA0132701400
B1635091854384S04151462WA0132301398
B1635131854403S04151432WA0131301387
B1635171854419S04151401WA0131101388
B1635211854435S04151371WA0130501381
B1635251854450S04151341WA0130001376
B1635291854470S04151312WA0129001365
B1635331854489S04151282WA0128601361
B1635371854504S04151250WA0127801352
B1635411854518S04151219WA0127401349
B1635451854530S04151187WA0125801331
B1635491854548S04151149WA0124201318
B1635531854565S04151113WA0123401309
B1635571854581S04151078WA0122601301
B1636011854600S04151045WA0121801291
B1636051854621S04151010WA0121201284
B1636091854634S04150973WA0120701277
B1636131854648S04150934WA0119501265
B1636171854661S04150896WA0118801261
B1636211854677S04150860WA0118101251
B1636251854694S04150827WA0117801247
B1636291854714S04150794WA0117201239
B1636331854732S04150760WA0116901237
B1636371854744S04150728WA0116601232
B1636411854758S04150697WA0116001225
B1636451854772S04150668WA0115301218
B1636491854785S04150639WA0114801211
B1636531854799S04150605WA0113401197
B1636571854814S04150571WA0112601192
B1637011854828S04150538WA0111801183
B1637051854844S04150504WA0111001174
B1637091854859S04150470WA0110301164
B1637131854874S04150435WA0109301155
B1637171854888S04150399WA0108301145
B1637211854902S04150363WA0107301135
B1637251854913S04150328WA0106401126
B1637291854924S04150292WA0105301114
B1637331854936S04150257WA0104401105
B1637371854948S04150224WA0103501094
B1637411854959S04150189WA0102201081
B1637451854968S04150157WA0101401072
B1637491854979S04150123WA0100201060
B1637531854986S04150088WA0099401050
B1637571854998S04150054WA0098101037
B1638011855010S04150022WA0097401028
B1638051855024S04149990WA0096101014
B1638091855041S04149959WA0094801000
B1638131855057S04149928WA0093900992
B1638171855069S04149896WA0093100985
B1638211855083S04149864WA0092600979
B1638251855097S04149830WA0091800972
B1638291855115S04149800WA0091300967
B1638331855135S04149770WA0090700960
B1638371855154S04149737WA0090100956
B1638411855173S04149707WA0089800952
B1638451855193S04149681WA0089600952
B1638491855215S04149655WA0089500950
B1638531855238S04149629WA0089300949
B1638571855265S04149605WA0089000946
B1639011855295S04149590WA0089100947
B1639051855327S04149584WA0089500950
B1639091855355S04149581WA0090100956
B1639131855373S04149584WA0091200966
B1639171855390S04149603WA0091300967
B1639211855394S04149628WA0092000974
B1639251855379S04149648WA0092300976
B1639291855363S04149637WA0092700982
B1639331855379S04149626WA0093500989
B1639371855399S04149642WA0093900992
B1639411855389S04149667WA0094400999
B1639451855364S04149670WA0094901003
B1639491855356S04149654WA0095601011
B1639531855374S04149645WA0096101015
B1639571855396S04149645WA0096501020
B1640011855411S04149666WA0096901024
B1640051855402S04149687WA0097301027
B1640091855378S04149692WA0097201026
B1640131855358S04149680WA0097601033
B1640171855368S04149662WA0098001037
B1640211855387S04149657WA0098601042
B1640251855411S04149661WA0098701044
B1640291855432S04149670WA0099101045
B1640331855455S04149685WA0098701040
B1640371855480S04149707WA0097301024
B1640411855509S04149733WA0096001014
B1640451855535S04149755WA0095301002
B1640491855569S04149774WA0093800988
B1640531855598S04149793WA0093500983
B1640571855630S04149809WA0092600973
B1641011855662S04149826WA0091700963
B1641051855696S04149843WA0090900956
B1641091855729S04149860WA0090200948
B1641131855763S04149875WA0089600941
B1641171855798S04149892WA0088900936
B1641211855830S04149900WA0089500945
B1641251855855S04149909WA0090500955
B1641291855878S04149920WA0091500965
B1641331855901S04149925WA0092500975
B1641371855917S04149939WA0093900989
B1641411855919S04149968WA0094800998
B1641451855912S04149991WA0096101012
B1641491855892S04149988WA0096701022
B1641531855901S04149967WA0097601029
B1641571855920S04149954WA0099001046
B1642011855940S04149952WA0100301057
B1642051855956S04149968WA0101301068
B1642091855957S04149997WA0101801073
B1642131855944S04150018WA0103001086
B1642171855920S04150016WA0103501093
B1642211855909S04150002WA0104801107
B1642251855916S04149981WA0105501117
B1642291855938S04149977WA0106901131
B1642331855954S04149996WA0107601136
B1642371855953S04150021WA0108501146
B1642411855931S04150028WA0109101153
B1642451855925S04150008WA0110101164
B1642491855945S04149999WA0111001172
B1642531855957S04150023WA0111901181
B1642571855939S04150040WA0113001192
B1643011855922S04150055WA0113901200
B1643051855918S04150082WA0114301204
B1643091855928S04150107WA0115001213
B1643131855941S04150126WA0115701217
B1643171855957S04150152WA0115001209
B1643211855970S04150172WA0115401213
B1643251855988S04150202WA0113801198
B1643291856004S04150230WA0113501197
B1643331856022S04150262WA0112701186
B1643371856038S04150294WA0112201182
B1643411856054S04150328WA0111001168
B1643451856068S04150366WA0110101161
B1643491856083S04150399WA0109601152
B1643531856101S04150436WA0108501142
B1643571856117S04150471WA0107901135
B1644011856135S04150508WA0106901125
B1644051856151S04150542WA0106401120
B1644091856166S04150578WA0105501110
B1644131856182S04150613WA0105001104
B1644171856199S04150646WA0104501099
B1644211856216S04150678WA0104101095
B1644251856234S04150709WA0103501088
B1644291856252S04150738WA0103201085
B1644331856270S04150769WA0102401076
B1644371856288S04150808WA0101201061
B1644411856301S04150847WA0101101064
B1644451856312S04150870WA0102401075
B1644491856330S04150901WA0102101073
B1644531856348S04150930WA0102701083
B1644571856360S04150960WA0102701078
B1645011856371S04150998WA0102401078
B1645051856378S04151031WA0102201073
B1645091856390S04151072WA0100801057
B1645131856403S04151114WA0100501057
B1645171856416S04151153WA0100201050
B1645211856426S04151193WA0099901050
B1645251856439S04151232WA0099401043
B1645291856451S04151269WA0099201043
B1645331856463S04151304WA0098901038
B1645371856476S04151338WA0098101030
B1645411856488S04151369WA0097401021
B1645451856508S04151399WA0096101007
B1645491856534S04151422WA0095100996
B1645531856569S04151441WA0093700984
B1645571856600S04151465WA0093400983
B1646011856625S04151493WA0093200979
B1646051856654S04151519WA0092800975
B1646091856680S04151542WA0092600971
B1646131856702S04151567WA0092300968
B1646171856719S04151589WA0092300966
B1646211856733S04151616WA0092000963
B1646251856746S04151649WA0091000953
B1646291856760S04151678WA0090700950
B1646331856768S04151705WA0090400945
B1646371856776S04151739WA0088900930
B1646411856784S04151772WA0088300924
B1646451856792S04151807WA0087400914
B1646491856801S04151840WA0087000912
B1646531856810S04151870WA0086600907
B1646571856818S04151901WA0086000902
B1647011856824S04151928WA0085700897
B1647051856830S04151957WA0084900889
B1647091856837S04151986WA0084100881
B1647131856845S04152017WA0083200871
B1647171856854S04152051WA0082200861
B1647211856865S04152085WA0081300853
B1647251856878S04152118WA0080700845
B1647291856892S04152151WA0079800837
B1647331856906S04152183WA0079200830
B1647371856922S04152214WA0078400821
B1647411856935S04152244WA0077700813
B1647451856948S04152274WA0077000806
B1647491856963S04152301WA0076400798
B1647531856975S04152329WA0075600791
B1647571856986S04152356WA0074700779
B1648011857000S04152388WA0073400766
B1648051857015S04152417WA0072600758
B1648091857029S04152447WA0071600747
B1648131857040S04152479WA0070600736
B1648171857048S04152511WA0069900729
B1648211857061S04152543WA0069100720
B1648251857073S04152576WA0068700717
B1648291857092S04152609WA0068000709
B1648331857111S04152640WA0067500703
B1648371857135S04152667WA0066600694
B1648411857155S04152694WA0066000686
B1648451857176S04152720WA0065000676
B1648491857195S04152746WA0064300668
B1648531857209S04152775WA0063600661
B1648571857220S04152808WA0062400648
B1649011857233S04152842WA0061700643
B1649051857252S04152872WA0061400640
B1649091857271S04152903WA0060900637
B1649131857289S04152932WA0060800635
B1649171857304S04152956WA0061000634
B1649211857320S04152981WA0061200637
B1649251857336S04152999WA0061800642
B1649291857352S04153024WA0061200636
B1649331857365S04153047WA0061100634
B1649371857380S04153077WA0060300626
B1649411857394S04153104WA0060200626
B1649451857410S04153133WA0059500618
B1649491857424S04153160WA0059200615
B1649531857438S04153189WA0058600609
B1649571857453S04153214WA0058500608
B1650011857474S04153238WA0058000601
B1650051857499S04153257WA0058100605
B1650091857524S04153270WA0058400608
B1650131857545S04153287WA0058800612
B1650171857556S04153311WA0058800609
B1650211857562S04153341WA0058400607
B1650251857567S04153367WA0058500606
B1650291857577S04153393WA0058400605
B1650331857593S04153424WA0057700597
B1650371857610S04153447WA0057900601
B1650411857628S04153470WA0057800598
B1650451857637S04153499WA0057800598
B1650491857634S04153531WA0057500594
B1650531857625S04153564WA0056600587
B1650571857621S04153598WA0056000580
B1651011857617S04153632WA0055300573
B1651051857604S04153667WA0054600568
B1651091857593S04153695WA0055200574
B1651131857581S04153720WA0055100571
B1651171857575S04153747WA0055400579
B1651211857571S04153768WA0056200584
B1651251857573S04153794WA0056600590
B1651291857576S04153818WA0057400598
B1651331857583S04153846WA0058000605
B1651371857588S04153871WA0058800613
B1651411857596S04153896WA0059100616
B1651451857615S04153919WA0059600622
B1651491857631S04153949WA0059900626
B1651531857649S04153979WA0060300629
B1651571857667S04154007WA0061500644
B1652011857687S04154029WA0062200648
B1652051857710S04154050WA0062600653
B1652091857726S04154075WA0063400663
B1652131857743S04154100WA0063700666
B1652171857755S04154124WA0064200671
B1652211857775S04154144WA0064600676
B1652251857792S04154163WA0065500685
B1652291857806S04154184WA0066400696
B1652331857821S04154207WA0067200704
B1652371857836S04154228WA0068100712
B1652411857861S04154240WA0068600719
B1652451857881S04154236WA0069600726
B1652491857893S04154214WA0070200737
B1652531857898S04154197WA0071400749
B1652571857882S04154205WA0071600754
B1653011857886S04154232WA0072400765
B1653051857903S04154246WA0073500776
B1653091857931S04154244WA0073700779
B1653131857959S04154240WA0074800793
B1653171857972S04154222WA0075700801
B1653211857958S04154219WA0076000804
B1653251857957S04154245WA0076500813
B1653291857971S04154269WA0077500822
B1653331857990S04154286WA0078900836
B1653371858018S04154290WA0079700845
B1653411858044S04154296WA0081000856
B1653451858051S04154279WA0081100856
B1653491858034S04154278WA0081700861
B1653531858025S04154297WA0082600872
B1653571858029S04154324WA0083600878
B1654011858040S04154347WA0084300886
B1654051858058S04154355WA0084500888
B1654091858066S04154336WA0084300892
B1654131858058S04154327WA0085200900
B1654171858044S04154316WA0085800908
B1654211858031S04154306WA0086900920
B1654251858015S04154305WA0087900930
B1654291858001S04154301WA0088800942
B1654331858000S04154286WA0089800950
B1654371858026S04154285WA0090000948
B1654411858036S04154315WA0090000948
B1654451858035S04154342WA0090900958
B1654491858038S04154378WA0091100959
B1654531858034S04154407WA0091700964
B1654571858030S04154444WA0090300948
B1655011858037S04154466WA0090700955
B1655051858042S04154487WA0090400946
B1655091858037S04154518WA0089800941
B1655131858033S04154549WA0089600940
B1655171858030S04154582WA0088700928
B1655211858026S04154613WA0088200925
B1655251858027S04154648WA0087700920
B1655291858029S04154681WA0088100926
B1655331858035S04154710WA0088700932
B1655371858042S04154740WA0089100935
B1655411858045S04154771WA0089300936
B1655451858048S04154800WA0090300948
B1655491858061S04154820WA0091000955
B1655531858076S04154840WA0091900967
B1655571858064S04154866WA0092800973
B1656011858041S04154867WA0093500979
B1656051858049S04154854WA0093900985
B1656091858066S04154868WA0094800995
B1656131858082S04154887WA0095801006
B1656171858086S04154912WA0097101021
B1656211858064S04154906WA0097801029
B1656251858084S04154900WA0098901042
B1656291858079S04154925WA0100401057
B1656331858059S04154916WA0101301067
B1656371858077S04154904WA0102301078
B1656411858097S04154914WA0103801093
B1656451858114S04154931WA0105201108
B1656491858126S04154954WA0106101116
B1656531858137S04154980WA0107001125
B1656571858149S04155003WA0108001135
B1657011858161S04155031WA0108001134
B1657051858173S04155064WA0108101139
B1657091858185S04155086WA0109001145
B1657131858197S04155118WA0108501142
B1657171858209S04155141WA0109301148
B1657211858220S04155170WA0109301149
B1657251858230S04155202WA0109101147
B1657291858239S04155235WA0109201148
B1657331858251S04155268WA0109001147
B1657371858260S04155301WA0109201147
B1657411858268S04155335WA0108901144
B1657451858279S04155370WA0108301138
B1657491858288S04155407WA0108001136
B1657531858297S04155441WA0108001134
B1657571858307S04155475WA0107601129
B1658011858318S04155513WA0106801123
B1658051858324S04155548WA0106501120
B1658091858328S04155582WA0107001127
B1658131858333S04155614WA0107101125
B1658171858334S04155655WA0106901126
B1658211858335S04155687WA0107401129
B1658251858337S04155725WA0106601120
B1658291858339S04155758WA0106801123
B1658331858361S04155778WA0106601120
B1658371858399S04155779WA0105701114
B1658411858434S04155778WA0105501110
B1658451858471S04155778WA0104901104
B1658491858505S04155779WA0104501100
B1658531858538S04155780WA0103701092
B1658571858575S04155785WA0103001085
B1659011858607S04155791WA0102401077
B1659051858641S04155792WA0101501067
B1659091858671S04155794WA0101301064
B1659131858700S04155798WA0100901058
B1659171858731S04155803WA0099901048
B1659211858761S04155809WA0099601046
B1659251858789S04155812WA0098801034
B1659291858822S04155821WA0097401021
B1659331858854S04155827WA0096901015
B1659371858890S04155835WA0095801004
B1659411858923S04155843WA0095000996
B1659451858955S04155854WA0094000985
B1659491858987S04155866WA0092900974
B1659531859016S04155880WA0092500973
B1659571859040S04155887WA0093000975
B1700011859068S04155888WA0093000976
B1700051859094S04155886WA0092900972
B1700091859125S04155890WA0092500971
B1700131859153S04155890WA0093000973
B1700171859182S04155889WA0093200977
B1700211859208S04155888WA0093800981
B1700251859232S04155886WA0094600991
B1700291859253S04155882WA0095701003
B1700331859274S04155877WA0096601013
B1700371859291S04155873WA0098001027
B1700411859312S04155869WA0098101029
B1700451859327S04155867WA0099101039
B1700491859346S04155866WA0099201039
B1700531859366S04155866WA0099601048
B1700571859386S04155864WA0100001051
B1701011859407S04155863WA0101001065
B1701051859430S04155857WA0102101076
B1701091859450S04155852WA0103801096
B1701131859471S04155847WA0105001107
B1701171859494S04155841WA0106101118
B1701211859518S04155835WA0107001127
B1701251859540S04155824WA0107801133
B1701291859568S04155813WA0108201139
B1701331859593S04155807WA0109301150
B1701371859615S04155805WA0110001154
B1701411859644S04155805WA0109101144
B1701451859669S04155805WA0109601153
B1701491859695S04155808WA0109901157
B1701531859720S04155811WA0110501162
B1701571859745S04155819WA0110901167
B1702011859770S04155827WA0111001167
B1702051859794S04155839WA0111801177
B1702091859819S04155853WA0112401184
B1702131859839S04155869WA0113401194
B1702171859863S04155883WA0113901200
B1702211859889S04155902WA0113301191
B1702251859918S04155922WA0112301178
B1702291859953S04155938WA0111201168
B1702331859983S04155955WA0110801162
B1702371900014S04155968WA0110301156
B1702411900046S04155987WA0108801137
B1702451900073S04156012WA0107701128
B1702491900102S04156035WA0106501116
B1702531900129S04156058WA0106101112
B1702571900159S04156079WA0105101099
B1703011900190S04156101WA0104501093
B1703051900224S04156123WA0104001089
B1703091900255S04156142WA0104401095
B1703131900285S04156159WA0104701098
B1703171900312S04156170WA0105501106
B1703211900338S04156181WA0106401116
B1703251900358S04156189WA0107701126
B1703291900362S04156210WA0108101131
B1703331900346S04156197WA0108701142
B1703371900352S04156174WA0110201158
B1703411900375S04156159WA0110901164
B1703451900399S04156170WA0111601171
B1703491900419S04156185WA0112201174
B1703531900441S04156198WA0112001173
B1703571900470S04156205WA0111501166
B1704011900496S04156216WA0111501169
B1704051900518S04156226WA0111701170
B1704091900547S04156236WA0111401167
B1704131900575S04156248WA0111401167
B1704171900605S04156256WA0111401168
B1704211900635S04156260WA0110401155
B1704251900667S04156261WA0109501148
B1704291900697S04156264WA0109101145
B1704331900727S04156271WA0108901143
B1704371900757S04156280WA0108501138
B1704411900784S04156283WA0108201133
B1704451900814S04156286WA0107301125
B1704491900845S04156291WA0106801121
B1704531900874S04156293WA0106701118
B1704571900907S04156294WA0106501118
B1705011900939S04156293WA0107001125
B1705051900966S04156297WA0107801132
B1705091901000S04156300WA0107001121
B1705131901034S04156305WA0106501120
B1705171901067S04156309WA0106001112
B1705211901101S04156317WA0105001101
B1705251901137S04156327WA0103501085
B1705291901169S04156338WA0102801076
B1705331901205S04156346WA0101501061
B1705371901241S04156354WA0100701052
B1705411901275S04156363WA0099901044
B1705451901310S04156371WA0098901034
B1705491901346S04156383WA0097901024
B1705531901380S04156395WA0097201018
B1705571901417S04156404WA0096301007
B1706011901453S04156413WA0095701002
B1706051901489S04156424WA0095000995
B1706091901525S04156433WA0094300986
B1706131901561S04156439WA0093600978
B1706171901596S04156447WA0092800971
B1706211901631S04156461WA0091900962
B1706251901665S04156472WA0091200955
B1706291901694S04156475WA0091200954
B1706331901690S04156448WA0089700943
B1706371901661S04156432WA0089000942
B1706411901633S04156413WA0088100930
B1706451901605S04156391WA0087300924
B1706491901578S04156372WA0086600914
B1706531901550S04156353WA0086000907
B1706571901523S04156331WA0085000896
B1707011901498S04156308WA0084400890
B1707051901471S04156286WA0083600882
B1707091901448S04156265WA0083300878
B1707131901422S04156241WA0082400867
B1707171901395S04156222WA0081800862
B1707211901367S04156200WA0080900851
B1707251901339S04156177WA0080100844
B1707291901315S04156154WA0079500836
B1707331901293S04156133WA0079800843
B1707371901272S04156121WA0080400846
B1707411901242S04156112WA0080500854
B1707451901222S04156115WA0081800868
B1707491901197S04156123WA0082400875
B1707531901175S04156134WA0083200883
B1707571901154S04156141WA0084500894
B1708011901130S04156149WA0084600892
B1708051901107S04156158WA0084700893
B1708091901080S04156168WA0085000897
B1708131901062S04156177WA0086600913
B1708171901063S04156197WA0087000911
B1708211901084S04156191WA0087400914
B1708251901084S04156168WA0088400924
B1708291901061S04156160WA0089000931
B1708331901061S04156179WA0089600935
B1708371901083S04156179WA0090700948
B1708411901094S04156161WA0091700956
B1708451901080S04156137WA0092200961
B1708491901060S04156147WA0093000972
B1708531901064S04156165WA0093800980
B1708571901084S04156166WA0094500987
B1709011901092S04156144WA0095400994
B1709051901076S04156123WA0095900999
B1709091901052S04156126WA0096401007
B1709131901041S04156140WA0097301017
B1709171901048S04156162WA0097501020
B1709211901060S04156178WA0098601030
B1709251901077S04156188WA0099601040
B1709291901089S04156165WA0100201049
B1709331901064S04156159WA0100601054
B1709371901066S04156177WA0101401062
B1709411901086S04156163WA0102201069
B1709451901079S04156140WA0103001076
B1709491901058S04156124WA0103701085
B1709531901037S04156108WA0104301091
B1709571901016S04156093WA0104601094
B1710011900992S04156078WA0105001098
B1710051900968S04156063WA0104901097
B1710091900941S04156044WA0103701084
B1710131900917S04156023WA0102801076
B1710171900895S04156002WA0102101070
B1710211900872S04155980WA0101201059
B1710251900848S04155959WA0100201048
B1710291900822S04155943WA0099301039
B1710331900794S04155928WA0098301028
B1710371900766S04155912WA0097601024
B1710411900740S04155898WA0097001016
B1710451900708S04155885WA0096001006
B1710491900677S04155871WA0095100998
B1710531900648S04155860WA0094100986
B1710571900616S04155848WA0092600971
B1711011900585S04155839WA0091500959
B1711051900552S04155830WA0090100946
B1711091900519S04155825WA0089100936
B1711131900486S04155820WA0088700933
B1711171900452S04155816WA0087900923
B1711211900419S04155811WA0087000914
B1711251900385S04155805WA0086000902
B1711291900352S04155798WA0085000893
B1711331900319S04155793WA0084100882
B1711371900284S04155787WA0083000872
B1711411900250S04155781WA0082100862
B1711451900214S04155776WA0081300854
B1711491900180S04155771WA0080600846
B1711531900145S04155767WA0079700838
B1711571900113S04155766WA0079000830
B1712011900077S04155767WA0077900817
B1712051900046S04155774WA0077200811
B1712091900012S04155782WA0076000797
B1712131859975S04155789WA0075000789
B1712171859939S04155802WA0073800776
B1712211859906S04155819WA0073300772
B1712251859877S04155837WA0072600762
B1712291859850S04155858WA0071600749
B1712331859819S04155875WA0070200736
B1712371859788S04155889WA0069000722
B1712411859753S04155893WA0067700711
B1712451859719S04155897WA0066800701
B1712491859683S04155900WA0065700689
B1712531859650S04155903WA0064900682
B1712571859615S04155909WA0064500678
B1713011859586S04155914WA0064900681
B1713051859559S04155922WA0065500688
B1713091859531S04155926WA0066000694
B1713131859507S04155929WA0067000703
B1713171859481S04155929WA0067500708
B1713211859454S04155931WA0068200715
B1713251859431S04155937WA0069600730
B1713291859406S04155934WA0070700741
B1713331859388S04155922WA0072200758
B1713371859377S04155898WA0073100765
B1713411859394S04155878WA0074100778
B1713451859418S04155879WA0075400790
B1713491859437S04155897WA0076300801
B1713531859427S04155917WA0077900818
B1713571859407S04155927WA0079400834
B1714011859386S04155919WA0080800849
B1714051859388S04155893WA0081900860
B1714091859412S04155889WA0083000872
B1714131859437S04155890WA0084400887
B1714171859465S04155893WA0085200893
B1714211859495S04155897WA0086300906
B1714251859517S04155916WA0087800922
B1714291859510S04155940WA0089400941
B1714331859492S04155922WA0090700954
B1714371859517S04155910WA0092200970
B1714411859531S04155935WA0093500983
B1714451859509S04155938WA0095101001
B1714491859516S04155912WA0096501017
B1714531859545S04155923WA0097901031
B1714571859544S04155949WA0099701050
B1715011859525S04155937WA0101301066
B1715051859547S04155918WA0102801085
B1715091859569S04155941WA0104401101
B1715131859557S04155960WA0106201118
B1715171859539S04155943WA0107401131
B1715211859555S04155921WA0109101149
B1715251859583S04155927WA0110701164
B1715291859585S04155953WA0112001179
B1715331859566S04155955WA0113701196
B1715371859568S04155931WA0115401217
B1715411859597S04155932WA0116701228
B1715451859611S04155954WA0118201242
B1715491859598S04155972WA0119201253
B1715531859579S04155963WA0120201264
B1715571859572S04155941WA0121701281
B1716011859586S04155919WA0123301297
B1716051859613S04155926WA0124301308
B1716091859608S04155948WA0125501320
B1716131859590S04155943WA0127001337
B1716171859601S04155923WA0128301352
B1716211859627S04155932WA0129601365
B1716251859619S04155951WA0130701377
B1716291859602S04155951WA0132201391
B1716331859598S04155932WA0133401405
B1716371859625S04155924WA0134301414
B1716411859651S04155936WA0135401425
B1716451859657S04155958WA0136501437
B1716491859638S04155958WA0137301446
B1716531859620S04155950WA0138501459
B1716571859600S04155946WA0139701472
B1717011859583S04155933WA0140901484
B1717051859576S04155907WA0142001495
B1717091859574S04155882WA0143201507
B1717131859562S04155865WA0144501522
B1717171859548S04155857WA0145801534
B1717211859534S04155850WA0147301551
B1717251859518S04155844WA0148701565
B1717291859503S04155836WA0150101579
B1717331859488S04155822WA0151501595
B1717371859472S04155809WA0152501604
B1717411859457S04155797WA0153601616
B1717451859444S04155777WA0154301623
B1717491859433S04155757WA0155101631
B1717531859417S04155737WA0154501620
B1717571859395S04155709WA0153301613
B1718011859373S04155686WA0153001608
B1718051859346S04155656WA0151801602
B1718091859324S04155629WA0151801600
B1718131859300S04155599WA0150801591
B1718171859279S04155570WA0150301585
B1718211859258S04155539WA0149601577
B1718251859236S04155508WA0149101572
B1718291859213S04155479WA0148501565
B1718331859188S04155449WA0147701557
B1718371859162S04155421WA0147201551
B1718411859135S04155394WA0146701545
B1718451859109S04155366WA0146101538
B1718491859081S04155338WA0145401532
B1718531859052S04155314WA0144901526
B1718571859023S04155292WA0144301518
B1719011858990S04155273WA0143501509
B1719051858960S04155250WA0142601500
B1719091858930S04155226WA0141701491
B1719131858898S04155204WA0140801482
B1719171858867S04155181WA0140001472
B1719211858835S04155159WA0139201464
B1719251858806S04155138WA0138701457
B1719291858777S04155115WA0137601446
B1719331858749S04155090WA0136701437
B1719371858719S04155067WA0135801429
B1719411858693S04155041WA0135101420
B1719451858670S04155012WA0134301412
B1719491858646S04154985WA0133701406
B1719531858619S04154959WA0132901397
B1719571858592S04154937WA0132301391
B1720011858566S04154916WA0131501381
B1720051858546S04154890WA0130501370
B1720091858522S04154864WA0129401359
B1720131858501S04154835WA0128601351
B1720171858480S04154810WA0127701342
B1720211858457S04154782WA0126601330
B1720251858435S04154757WA0126001324
B1720291858415S04154732WA0125001311
B1720331858394S04154706WA0124001301
B1720371858373S04154681WA0122601284
B1720411858353S04154650WA0121401274
B1720451858332S04154624WA0120701266
B1720491858313S04154595WA0119901258
B1720531858293S04154566WA0119401253
B1720571858273S04154539WA0118901245
B1721011858252S04154507WA0117801237
B1721051858232S04154482WA0117601233
B1721091858209S04154457WA0116701223
B1721131858186S04154436WA0116101219
B1721171858167S04154422WA0115801214
B1721211858149S04154402WA0114801204
B1721251858128S04154387WA0113701191
B1721291858106S04154370WA0112301175
B1721331858079S04154352WA0110001151
B1721371858050S04154336WA0108701141
B1721411858022S04154324WA0107401126
B1721451857996S04154306WA0106201117
B1721491857969S04154292WA0105601109
B1721531857948S04154283WA0105301106
B1721571857928S04154275WA0104401094
B1722011857903S04154264WA0103101081
B1722051857876S04154253WA0102001071
B1722091857846S04154245WA0100801059
B1722131857818S04154238WA0100101052
B1722171857787S04154227WA0098901040
B1722211857758S04154216WA0098601038
B1722251857731S04154207WA0099101044
B1722291857704S04154202WA0099201043
B1722331857678S04154200WA0099701049
B1722371857657S04154197WA0100201052
B1722411857631S04154199WA0100401056
B1722451857607S04154197WA0101001060
B1722491857581S04154192WA0100901060
B1722531857559S04154177WA0101201063
B1722571857540S04154160WA0101601069
B1723011857524S04154142WA0102001073
B1723051857510S04154121WA0102201074
B1723091857489S04154105WA0102401076
B1723131857470S04154088WA0102701078
B1723171857450S04154062WA0102401078
B1723211857438S04154038WA0103201084
B1723251857423S04154012WA0103201087
B1723291857409S04153988WA0103701090
B1723331857396S04153961WA0104101095
B1723371857385S04153936WA0104201095
B1723411857370S04153908WA0104601102
B1723451857354S04153883WA0104601098
B1723491857336S04153857WA0104401098
B1723531857323S04153833WA0103801089
B1723571857309S04153802WA0102901081
B1724011857296S04153779WA0102401073
B1724051857277S04153749WA0100801057
B1724091857259S04153720WA0099901048
B1724131857244S04153690WA0099001038
B1724171857229S04153660WA0097901024
B1724211857215S04153628WA0096401011
B1724251857197S04153600WA0095601002
B1724291857181S04153569WA0094300986
B1724331857164S04153537WA0093300980
B1724371857147S04153509WA0092500969
B1724411857130S04153475WA0091000954
B1724451857111S04153445WA0090000942
B1724491857089S04153413WA0088600928
B1724531857071S04153378WA0087400916
B1724571857050S04153348WA0086700910
B1725011857031S04153317WA0086000900
B1725051857015S04153285WA0085100891
B1725091856997S04153256WA0084200881
B1725131856980S04153230WA0083200870
B1725171856958S04153204WA0082000857
B1725211856938S04153178WA0081000847
B1725251856918S04153151WA0080500842
B1725291856902S04153127WA0080300841
B1725331856886S04153104WA0080100839
B1725371856869S04153082WA0079400830
B1725411856851S04153057WA0078800826
B1725451856836S04153034WA0078600823
B1725491856823S04153008WA0078200819
B1725531856815S04152978WA0077500811
B1725571856811S04152940WA0076400802
B1726011856803S04152903WA0076000797
B1726051856798S04152866WA0075700795
B1726091856796S04152831WA0075800796
B1726131856799S04152806WA0076900807
B1726171856794S04152781WA0076800804
B1726211856791S04152752WA0077200813
B1726251856792S04152721WA0077500816
B1726291856793S04152690WA0078400829
B1726331856794S04152666WA0080000846
B1726371856796S04152644WA0081100854
B1726411856798S04152619WA0081500858
B1726451856798S04152595WA0081700859
B1726491856800S04152574WA0082300866
B1726531856801S04152554WA0082900871
B1726571856807S04152539WA0083900885
B1727011856819S04152558WA0084400891
B1727051856803S04152581WA0085200898
B1727091856780S04152588WA0085800903
B1727131856762S04152573WA0086300908
B1727171856776S04152563WA0086900915
B1727211856791S04152583WA0087600922
B1727251856807S04152603WA0088400929
B1727291856829S04152620WA0088900936
B1727331856850S04152630WA0089600941
B1727371856866S04152650WA0090300952
B1727411856848S04152658WA0090800958
B1727451856860S04152636WA0091000960
B1727491856879S04152651WA0092000973
B1727531856875S04152676WA0092900981
B1727571856870S04152700WA0094200995
B1728011856850S04152710WA0095001001
B1728051856829S04152717WA0095801010
B1728091856806S04152724WA0096501018
B1728131856782S04152728WA0097501030
B1728171856763S04152719WA0098701041
B1728211856774S04152697WA0099301048
B1728251856784S04152719WA0100201059
B1728291856761S04152721WA0101301071
B1728331856759S04152697WA0102201080
B1728371856782S04152695WA0103101092
B1728411856788S04152715WA0104401102
B1728451856767S04152725WA0105301112
B1728491856757S04152702WA0106001119
B1728531856777S04152700WA0106901129
B1728571856776S04152723WA0107801139
B1729011856751S04152733WA0108701146
B1729051856724S04152744WA0109101149
B1729091856697S04152751WA0110001171
B1729131856675S04152747WA0112001187
B1729171856654S04152742WA0113501204
B1729211856633S04152736WA0114801217
B1729251856611S04152725WA0116301232
B1729291856587S04152712WA0117801249
B1729331856564S04152711WA0119801270
B1729371856549S04152732WA0121401289
B1729411856563S04152746WA0123401305
B1729451856581S04152729WA0124501314
B1729491856573S04152705WA0126101333
B1729531856549S04152693WA0127401347
B1729571856529S04152706WA0129001366
B1730011856538S04152721WA0130901380
B1730051856562S04152715WA0132201393
B1730091856565S04152688WA0133301403
B1730131856553S04152661WA0134401415
B1730171856548S04152628WA0135501427
B1730211856544S04152599WA0136301434
B1730251856545S04152562WA0135701428
B1730291856548S04152526WA0135901431
B1730331856547S04152487WA0135101423
B1730371856546S04152454WA0135301427
B1730411856549S04152421WA0134701416
B1730451856547S04152382WA0133801408
B1730491856549S04152344WA0132601395
B1730531856551S04152305WA0131601386
B1730571856555S04152266WA0130401374
B1731011856557S04152230WA0129801367
B1731051856559S04152193WA0128601354
B1731091856560S04152157WA0127901346
B1731131856561S04152120WA0126901334
B1731171856563S04152084WA0126101327
B1731211856566S04152049WA0125001314
B1731251856569S04152012WA0123701303
B1731291856573S04151978WA0122501289
B1731331856580S04151939WA0120801271
B1731371856589S04151903WA0119701260
B1731411856596S04151866WA0118601248
B1731451856604S04151830WA0117601238
B1731491856609S04151794WA0116701229
B1731531856616S04151758WA0115601216
B1731571856621S04151717WA0114001200
B1732011856626S04151680WA0113201192
B1732051856633S04151647WA0111901176
B1732091856642S04151611WA0110201159
B1732131856648S04151576WA0108801142
B1732171856654S04151540WA0107501130
B1732211856665S04151507WA0106201115
B1732251856677S04151472WA0104701102
B1732291856691S04151437WA0103301086
B1732331856707S04151402WA0102001072
B1732371856724S04151373WA0101501070
B1732411856737S04151345WA0101201066
B1732451856750S04151319WA0101301070
B1732491856760S04151297WA0102101078
B1732531856770S04151275WA0102201079
B1732571856780S04151255WA0102601084
B1733011856791S04151234WA0102701087
B1733051856801S04151214WA0103301092
B1733091856812S04151197WA0104001100
B1733131856824S04151178WA0104201102
B1733171856838S04151159WA0104701107
B1733211856857S04151144WA0105301113
B1733251856873S04151126WA0106001120
B1733291856884S04151105WA0106601128
B1733331856887S04151086WA0107801138
B1733371856884S04151064WA0108501146
B1733411856877S04151049WA0109601154
B1733451856860S04151030WA0109601157
B1733491856850S04151010WA0110901171
B1733531856837S04150986WA0111201171
B1733571856825S04150965WA0111601177
B1734011856808S04150940WA0110501162
B1734051856794S04150915WA0110701169
B1734091856782S04150892WA0110801166
B1734131856765S04150865WA0110401163
B1734171856746S04150841WA0110201159
B1734211856727S04150811WA0109401152
B1734251856715S04150781WA0109101148
B1734291856703S04150749WA0108501142
B1734331856689S04150718WA0107901137
B1734371856674S04150686WA0107301130
B1734411856660S04150654WA0106501121
B1734451856647S04150619WA0105801115
B1734491856637S04150587WA0105801114
B1734531856627S04150552WA0105201107
B1734571856616S04150519WA0104801102
B1735011856603S04150483WA0103901093
B1735051856588S04150449WA0103401088
B1735091856575S04150414WA0102801083
B1735131856561S04150381WA0102401078
B1735171856546S04150348WA0101801071
B1735211856531S04150313WA0101001062
B1735251856514S04150279WA0100301056
B1735291856502S04150244WA0099401046
B1735331856485S04150210WA0098601038
B1735371856470S04150176WA0097901031
B1735411856461S04150140WA0097301024
B1735451856449S04150105WA0096501015
B1735491856432S04150071WA0095601007
B1735531856418S04150036WA0094900999
B1735571856400S04150002WA0094000989
B1736011856385S04149967WA0093300982
B1736051856369S04149933WA0092500974
B1736091856354S04149899WA0091900966
B1736131856335S04149865WA0091100959
B1736171856319S04149832WA0090400951
B1736211856301S04149798WA0089700944
B1736251856282S04149766WA0089000937
B1736291856262S04149734WA0088300929
B1736331856235S04149712WA0087900926
B1736371856204S04149730WA0087100919
B1736411856197S04149765WA0086500912
B1736451856191S04149800WA0085800901
B1736491856183S04149834WA0085000892
B1736531856178S04149868WA0084100881
B1736571856173S04149904WA0083100871
B1737011856166S04149940WA0082300863
B1737051856159S04149977WA0081700857
B1737091856151S04150012WA0081100849
B1737131856147S04150050WA0080600845
B1737171856144S04150083WA0080600845
B1737211856149S04150117WA0080400842
B1737251856151S04150152WA0079300827
B1737291856156S04150190WA0078100817
B1737331856160S04150226WA0077200806
B1737371856167S04150263WA0076100795
B1737411856175S04150300WA0075000784
B1737451856185S04150340WA0073500768
B1737491856194S04150377WA0072800760
B1737531856205S04150418WA0071800749
B1737571856217S04150457WA0071800752
B1738011856230S04150493WA0071600746
B1738051856240S04150534WA0071000740
B1738091856252S04150574WA0070700741
B1738131856260S04150601WA0072300757
B1738171856266S04150627WA0073000764
B1738211856272S04150650WA0073500768
B1738251856279S04150677WA0073600770
B1738291856288S04150705WA0073900774
B1738331856294S04150726WA0075500792
B1738371856298S04150751WA0075900792
B1738411856305S04150783WA0076200799
B1738451856311S04150814WA0077100809
B1738491856316S04150842WA0078000818
B1738531856321S04150869WA0078700825
B1738571856319S04150897WA0079400832
B1739011856320S04150928WA0079400831
B1739051856319S04150965WA0079100828
B1739091856321S04151005WA0079000829
B1739131856320S04151044WA0078700825
B1739171856317S04151082WA0078800826
B1739211856315S04151117WA0078400820
B1739251856312S04151156WA0077300809
B1739291856309S04151193WA0076600803
B1739331856305S04151231WA0075900795
B1739371856301S04151270WA0075000785
B1739411856299S04151310WA0074200778
B1739451856294S04151349WA0073500768
B1739491856285S04151391WA0072200755
B1739531856278S04151433WA0071100742
B1739571856271S04151478WA0069800730
B1740011856265S04151518WA0069000722
B1740051856258S04151560WA0067500706
B1740091856251S04151600WA0066400694
B1740131856247S04151635WA0065600686
B1740171856236S04151669WA0064400669
B1740211856225S04151706WA0062800654
B1740251856217S04151742WA0061300636
B1740291856207S04151783WA0059600623
B1740331856206S04151816WA0059900626
B1740371856200S04151852WA0059200618
B1740411856192S04151882WA0059600625
B1740451856187S04151908WA0060000626
B1740491856179S04151936WA0060200630
B1740531856174S04151963WA0060300628
B1740571856171S04151994WA0060400633
B1741011856167S04152020WA0060800634
B1741051856162S04152054WA0059800625
B1741091856159S04152085WA0059800625
B1741131856154S04152122WA0058800616
B1741171856146S04152151WA0059300621
B1741211856137S04152188WA0058100609
B1741251856127S04152221WA0057900607
B1741291856117S04152257WA0057200600
B1741331856109S04152290WA0057300601
B1741371856101S04152323WA0057000597
B1741411856097S04152352WA0056900594
B1741451856090S04152385WA0055700579
B1741491856080S04152420WA0054500571
B1741531856073S04152454WA0053800561
B1741571856064S04152491WA0052700552
B1742011856055S04152527WA0051900541
B1742051856045S04152564WA0050800530
B1742091856036S04152601WA0049800518
B1742131856029S04152639WA0048700508
B1742171856021S04152673WA0048400506
B1742211856014S04152702WA0048600507
B1742251856008S04152732WA0048700509
B1742291856003S04152764WA0048500506
B1742331855997S04152792WA0049100516
B1742371855994S04152821WA0049100511
B1742411855988S04152849WA0049100512
B1742451855982S04152878WA0048200501
B1742491855974S04152905WA0047600495
B1742531855969S04152933WA0046700485
B1742571855963S04152961WA0046100479
B1743011855961S04152990WA0045400471
B1743051855953S04153018WA0044900465
B1743091855945S04153047WA0044100458
B1743131855938S04153076WA0043500451
B1743171855928S04153109WA0042200438
B1743211855920S04153141WA0041500431
B1743251855910S04153173WA0040500419
B1743291855901S04153205WA0039700412
B1743331855891S04153235WA0039000403
B1743371855881S04153268WA0038000394
B1743411855872S04153300WA0037700392
B1743451855868S04153332WA0037400389
B1743491855860S04153367WA0037200387
B1743531855852S04153399WA0037500390
B1743571855840S04153430WA0037500389
B1744011855831S04153458WA0037100383
B1744051855818S04153493WA0035900372
B1744091855807S04153525WA0035900370
B1744131855803S04153557WA0035600367
B1744171855802S04153594WA0034700357
B1744211855801S04153628WA0034700358
B1744251855797S04153656WA0035100362
B1744291855800S04153680WA0035300364
B1744331855794S04153705WA0035200360
B1744371855781S04153727WA0035200360
B1744411855761S04153731WA0035100359
B1744451855760S04153708WA0035200363
B1744491855781S04153716WA0035500364
B1744531855766S04153735WA0035300364
B1744571855762S04153714WA0035500367
B1745011855784S04153718WA0035900371
B1745051855777S04153743WA0036000370
B1745091855756S04153733WA0035700368
B1745131855751S04153713WA0036500376
B1745171855751S04153689WA0036500375
B1745211855771S04153675WA0036800378
B1745251855777S04153699WA0036600377
B1745291855757S04153689WA0036600379
B1745331855760S04153667WA0037100381
B1745371855779S04153648WA0036900380
B1745411855797S04153662WA0037200383
B1745451855786S04153683WA0037300384
B1745491855769S04153691WA0037500386
B1745531855752S04153676WA0037800391
B1745571855769S04153658WA0038200395
B1746011855784S04153674WA0038900404
B1746051855770S04153687WA0039200406
B1746091855750S04153677WA0039900413
B1746131855752S04153655WA0040200412
B1746171855775S04153645WA0040500417
B1746211855795S04153656WA0041200421
B1746251855796S04153680WA0041000420
B1746291855782S04153690WA0041400423
B1746331855764S04153677WA0041500425
B1746371855773S04153655WA0041800428
B1746411855795S04153657WA0042100433
B1746451855806S04153679WA0042300434
B1746491855809S04153703WA0042400434
B1746531855805S04153726WA0042500437
B1746571855797S04153750WA0042300434
B1747011855802S04153777WA0042300436
B1747051855804S04153803WA0042100432
B1747091855805S04153830WA0041900430
B1747131855803S04153858WA0041600427
B1747171855802S04153885WA0041500426
B1747211855803S04153910WA0041300423
B1747251855804S04153938WA0040700418
B1747291855806S04153964WA0041100423
B1747331855806S04153991WA0041500427
B1747371855806S04154019WA0041600428
B1747411855806S04154046WA0042000433
B1747451855801S04154072WA0042300436
B1747491855797S04154097WA0042600439
B1747531855793S04154123WA0042800442
B1747571855787S04154146WA0043200446
B1748011855781S04154171WA0043200444
B1748051855776S04154196WA0043300446
B1748091855769S04154219WA0043500446
B1748131855770S04154245WA0043700448
B1748171855769S04154271WA0043600448
B1748211855761S04154295WA0043400445
B1748251855750S04154321WA0043000442
B1748291855740S04154347WA0042500436
B1748331855729S04154374WA0042000431
B1748371855720S04154403WA0041800428
B1748411855709S04154432WA0041600428
B1748451855699S04154458WA0041600426
B1748491855693S04154485WA0041300423
B1748531855682S04154514WA0040800418
B1748571855677S04154541WA0040600416
B1749011855674S04154570WA0039900409
B1749051855667S04154598WA0039200401
B1749091855660S04154624WA0039000399
B1749131855661S04154654WA0038200389
B1749171855670S04154681WA0037600383
B1749211855671S04154713WA0036500372
B1749251855661S04154743WA0036100369
B1749291855650S04154765WA0036300370
B1749331855637S04154790WA0036000367
B1749371855622S04154814WA0035800363
B1749411855609S04154839WA0035200354
B1749451855612S04154868WA0034400345
B1749491855632S04154888WA0033800339
B1749531855659S04154885WA0033300336
B1749571855673S04154870WA0033200334
B1750011855683S04154853WA0033300336
B1750051855699S04154836WA0033000333
B1750091855705S04154819WA0033500341
B1750131855697S04154808WA0034100347
B1750171855681S04154803WA0033900345
B1750211855665S04154799WA0033600339
B1750251855648S04154789WA0032700330
B1750291855637S04154779WA0032100322
B1750331855622S04154764WA0031300316
B1750371855607S04154758WA0031200314
B1750411855590S04154748WA0030500307
B1750461855571S04154740WA0029700297
B1750501855552S04154748WA0029100291
B1750541855541S04154767WA0028300282
B1750581855542S04154794WA0027500272
B1751021855554S04154817WA0026800264
B1751061855573S04154838WA0025900254
B1751101855597S04154853WA0025200246
B1751141855621S04154867WA0024600240
B1751181855646S04154881WA0024000234
B1751221855670S04154892WA0023800231
B1751261855695S04154904WA0023700232
B1751301855717S04154914WA0023800232
B1751341855746S04154917WA0023300227
B1751381855769S04154915WA0023300226
B1751421855783S04154903WA0023400228
B1751461855797S04154889WA0023200226
B1751501855811S04154874WA0023200226
B1751541855823S04154859WA0023200228
B1751581855828S04154842WA0023200230
B1752021855842S04154829WA0023600235
B1752061855857S04154813WA0023600235
B1752101855868S04154798WA0023200229
B1752141855859S04154787WA0022500223
B1752181855845S04154783WA0022000217
B1752221855837S04154777WA0021600214
B1752261855821S04154772WA0020700204
B1752301855806S04154770WA0020400200
B1752341855790S04154769WA0020100198
B1752381855775S04154767WA0020100197
B1752421855759S04154771WA0019900195
B1752461855756S04154749WA0019000186
B1752501855752S04154731WA0019000188
B1752541855734S04154728WA0019000188
B1752581855718S04154736WA0019000187
B1753021855714S04154715WA0018400181
B1753061855718S04154702WA0019000186
B1753101855717S04154687WA0018500179
B1753141855712S04154675WA0018200177
B1753181855705S04154670WA0017800168
B1753221855706S04154670WA0017800161
B1753261855705S04154668WA0017800156
B1753301855703S04154669WA0017800161
B1753341855703S04154669WA0017800161
B1753381855703S04154668WA0017800161
B1753421855703S04154669WA0017800161
B1753461855704S04154669WA0017800162
B1753501855703S04154669WA0017800162
B1753541855704S04154670WA0017800164
B1753581855704S04154670WA0017800164
B1754021855704S04154671WA0017800166
B1754061855705S04154671WA0017800167
B1754101855705S04154671WA0017800168
B1754141855705S04154671WA0017800168
B1754181855705S04154672WA0017800169
B1754221855705S04154671WA0017800169
B1754261855705S04154671WA0017800170
B1754301855706S04154672WA0017800171
B1754341855705S04154672WA0017800171
B1754381855704S04154671WA0017800169
B1754421855704S04154672WA0017800169
B1754461855703S04154672WA0017800169
B1754501855703S04154672WA0017800169
B1754541855703S04154672WA0017800169
B1754581855703S04154672WA0017800168
B1755021855703S04154672WA0017800168
B1755061855703S04154672WA0017800168
B1755101855703S04154672WA0017800168
B1755141855703S04154672WA0017800168
B1755181855703S04154672WA0017800169
B1755221855704S04154672WA0017800170
B1755261855704S04154672WA0017800171
B1755301855704S04154672WA0017800172
B1755341855704S04154672WA0017800172
B1755381855704S04154672WA0017800172
B1755421855704S04154672WA0017800172
B1755461855703S04154672WA0017800172
B1755501855703S04154672WA0017800171
B1755541855703S04154672WA0017800171
B1755581855703S04154672WA0017800171
B1756021855703S04154672WA0017800170
B1756061855703S04154672WA0017800169
B1756101855703S04154672WA0017800169
B1756141855703S04154672WA0017800168
B1756181855702S04154672WA0017800168
B1756221855702S04154672WA0017800168
B1756261855702S04154672WA0017800167
B1756301855702S04154672WA0017800165
B1756341855702S04154672WA0017800164
B1756381855702S04154672WA0017800163
B1756421855701S04154672WA0017800164
B1756461855702S04154672WA0017800165
B1756501855702S04154672WA0017800165
B1756541855702S04154672WA0017800165
B1756581855701S04154672WA0017800165
B1757021855702S04154672WA0017800166
B1757061855702S04154673WA0017800166
B1757101855701S04154673WA0017800165
B1757141855702S04154673WA0017800165
B1757181855702S04154673WA0017800166
B1757221855702S04154673WA0017800167
B1757261855702S04154673WA0017800167
B1757301855702S04154673WA0017900166
B1757341855702S04154672WA0017900166
B1757381855702S04154672WA0017900167
B1757421855702S04154672WA0017900167
B1757461855702S04154672WA0017800167
B1757501855702S04154672WA0017900167
B1757541855703S04154672WA0017900167
B1757581855703S04154672WA0017800169
B1758021855702S04154671WA0017900171
B1758061855701S04154672WA0017900171
B1758101855701S04154673WA0017900172
B1758141855701S04154673WA0017900172
B1758181855701S04154672WA0017800174
B1758221855702S04154672WA0017900173
B1758261855702S04154673WA0017900171
B1758301855702S04154672WA0017900171
B1758341855702S04154672WA0017900171
B1758381855702S04154672WA0017800171
B1758421855702S04154672WA0017900171
B1758461855702S04154672WA0017900171
B1758501855702S04154672WA0017900171
B1758541855702S04154672WA0017900171
B1758581855702S04154672WA0017900171
B1759021855702S04154672WA0017900171
B1759061855702S04154672WA0017900172
B1759101855702S04154672WA0017900173
B1759141855702S04154672WA0017900173
B1759181855702S04154672WA0017900172
B1759221855702S04154672WA0017900172
B1759261855702S04154672WA0017900172
B1759301855702S04154672WA0017900172
B1759341855702S04154672WA0017900171
B1759381855702S04154672WA0017900170
B1759421855702S04154672WA0017900170
B1759461855702S04154672WA0017900170
B1759501855702S04154672WA0017900170
B1759541855702S04154672WA0017900170
B1759581855702S04154672WA0017900170
B1800021855702S04154672WA0017900171
B1800061855703S04154672WA0017900172
B1800101855703S04154672WA0017900173
B1800141855703S04154672WA0017900172
B1800181855703S04154672WA0017900171
B1800221855703S04154672WA0017900171
B1800261855703S04154672WA0017900170
B1800301855703S04154672WA0017900171
B1800341855703S04154672WA0017900171
B1800381855703S04154672WA0017900170
B1800421855703S04154672WA0017900169
B1800461855703S04154672WA0017900169
B1800501855703S04154672WA0017900169
B1800541855703S04154673WA0017900169
B1800581855703S04154673WA0017900169
B1801021855703S04154673WA0017900169
B1801061855703S04154672WA0017900169
B1801101855703S04154672WA0017900170
B1801141855703S04154672WA0017900170
B1801181855703S04154672WA0017900171
B1801221855703S04154672WA0017900171
B1801261855703S04154672WA0017900171
B1801301855703S04154672WA0017900170
B1801341855703S04154673WA0017900170
B1801381855703S04154673WA0017900170
B1801421855703S04154673WA0017900170
B1801461855703S04154673WA0017900170
B1801501855703S04154673WA0017900169
B1801541855703S04154673WA0017900170
B1801581855703S04154673WA0017900170
B1802021855703S04154673WA0017900171
B1802061855703S04154673WA0017900172
B1802101855703S04154672WA0017900173
B1802141855703S04154672WA0017900174
B1802181855703S04154672WA0017900174
B1802221855703S04154672WA0017900174
B1802261855703S04154672WA0017900175
B1802301855702S04154672WA0017900176
B1802341855702S04154672WA0017900176
B1802381855702S04154671WA0017900177
B1802421855702S04154671WA0017900177
B1802461855702S04154671WA0017900177
B1802501855702S04154671WA0017900177
B1802541855702S04154672WA0017900178
B1802581855702S04154671WA0017900177
B1803021855704S04154671WA0017900177
B1803061855704S04154671WA0017900177
B1803101855704S04154671WA0017900177
B1803141855704S04154671WA0017900177
B1803181855704S04154672WA0017900177
B1803221855705S04154673WA0017900176
B1803261855704S04154673WA0017900175
B1803301855704S04154673WA0017900175
B1803341855704S04154673WA0017900174
B1803381855704S04154673WA0017900174
B1803421855704S04154673WA0017900173
B1803461855704S04154673WA0017900173
B1803501855704S04154673WA0017900173
B1803541855704S04154672WA0017900173
B1803581855704S04154673WA0017900173
B1804021855703S04154672WA0017900173
B1804061855703S04154672WA0017900172
B1804101855703S04154672WA0017900172
B1804141855703S04154672WA0017900172
B1804181855703S04154672WA0017900172
B1804221855703S04154672WA0017900173
B1804261855703S04154672WA0017900173
B1804301855704S04154673WA0017900173
B1804341855704S04154673WA0017900174
B1804381855703S04154672WA0017900174
B1804421855703S04154672WA0017900174
B1804461855703S04154673WA0017900174
B1804501855703S04154673WA0017900174
B1804541855704S04154673WA0017900174
B1804581855703S04154672WA0017900174
B1805021855704S04154673WA0017900174
B1805061855704S04154673WA0017900174
B1805101855704S04154673WA0017900175
B1805141855704S04154673WA0017900175
B1805181855704S04154673WA0017900176
B1805221855704S04154673WA0017900176
B1805261855704S04154673WA0017900176
B1805301855704S04154673WA0017900177
B1805341855704S04154673WA0017900177
B1805381855704S04154673WA0017900178
B1805421855704S04154673WA0017900178
B1805461855704S04154674WA0017900179
B1805501855704S04154674WA0017900179
B1805541855704S04154674WA0017900180
B1805581855704S04154673WA0017900180
B1806021855704S04154673WA0017900179
B1806061855704S04154673WA0017900179
B1806101855704S04154673WA0017900179
B1806141855704S04154673WA0017900180
B1806181855704S04154673WA0017900179
B1806221855704S04154673WA0017900180
B1806261855704S04154673WA0017900179
B1806301855704S04154673WA0017900178
B1806341855704S04154673WA0017900177
B1806381855704S04154672WA0018000177
B1806421855704S04154672WA0017900176
B1806461855704S04154672WA0017900176
B1806501855704S04154672WA0017900176
B1806541855704S04154672WA0017900176
B1806581855704S04154672WA0017900176
B1807021855704S04154672WA0017900175
B1807061855704S04154672WA0017900175
B1807101855704S04154672WA0017900175
B1807141855704S04154672WA0017900175
B1807181855704S04154671WA0017900174
B1807221855704S04154671WA0017900174
B1807261855704S04154671WA0017900174
B1807301855704S04154671WA0017900173
B1807341855704S04154671WA0017900173
B1807381855704S04154671WA0017900172
B1807421855704S04154671WA0017900173
B1807461855704S04154671WA0017900173
B1807501855704S04154671WA0018000173
B1807541855704S04154671WA0017900174
B1807581855704S04154671WA0017900174
B1808021855704S04154671WA0017900174
B1808061855704S04154671WA0017900174
B1808101855704S04154671WA0017900175
B1808141855705S04154672WA0017900175
B1808181855705S04154672WA0017900175
B1808221855705S04154672WA0017900175
B1808261855705S04154672WA0018000175
B1808301855705S04154672WA0018000175
B1808341855704S04154672WA0017900174
B1808381855704S04154672WA0018000174
B1808421855704S04154672WA0017900174
B1808461855704S04154672WA0018000174
B1808501855704S04154672WA0017900173
B1808541855704S04154672WA0018000173
B1808581855704S04154672WA0018000173
B1809021855704S04154672WA0018000174
B1809061855704S04154672WA0018000173
B1809101855704S04154672WA0018000173
B1809141855704S04154672WA0018000172
B1809181855704S04154672WA0018000171
B1809221855704S04154672WA0018000171
B1809261855704S04154672WA0018000171
B1809301855704S04154672WA0018000171
B1809341855704S04154672WA0018000171
B1809381855704S04154672WA0018000170
B1809421855703S04154672WA0018000170
B1809461855703S04154672WA0018000171
B1809501855704S04154672WA0018000171
B1809541855704S04154672WA0018000171
B1809581855704S04154672WA0018000171
B1810021855704S04154672WA0018000171
B1810061855704S04154672WA0018000171
B1810101855704S04154672WA0018000170
B1810141855704S04154672WA0018000170
B1810181855704S04154672WA0018000171
B1810221855704S04154672WA0018000171
B1810261855704S04154672WA0018000171
B1810301855704S04154672WA0018000171
B1810341855704S04154672WA0018000171
B1810381855704S04154673WA0018000172
B1810421855704S04154672WA0018000173
B1810461855704S04154672WA0018000174
B1810501855704S04154672WA0018000174
B1810541855704S04154672WA0018000174
B1810581855704S04154672WA0018000174
B1811021855704S04154672WA0018000172
B1811061855704S04154672WA0018000172
B1811101855704S04154672WA0018000171
B1811141855704S04154672WA0018000170
B1811181855704S04154672WA0018000170
B1811221855704S04154672WA0018000170
B1811261855704S04154671WA0018000170
B1811301855703S04154671WA0018000170
B1811341855703S04154671WA0018000170
B1811381855703S04154671WA0018000170
B1811421855703S04154671WA0018000170
B1811461855703S04154671WA0018000171
B1811501855703S04154671WA0018000171
B1811541855703S04154672WA0018000171
B1811581855703S04154672WA0018000171
B1812021855703S04154671WA0018000172
B1812061855703S04154672WA0018000172
B1812101855703S04154672WA0018000173
B1812141855703S04154673WA0018000173
B1812181855703S04154673WA0018000174
B1812221855703S04154673WA0018000173
B1812261855703S04154673WA0018000172
B1812301855704S04154672WA0018000171
B1812341855704S04154673WA0018000171
B1812381855704S04154673WA0018000172
B1812421855703S04154673WA0018000173
B1812461855703S04154673WA0018000174
B1812501855703S04154673WA0018000174
B1812541855703S04154673WA0018000174
B1812581855703S04154673WA0018000174
B1813021855703S04154673WA0018000174
B1813061855703S04154673WA0018000175
B1813101855703S04154673WA0018000175
B1813141855703S04154673WA0018000175
B1813181855703S04154673WA0018000175
B1813221855703S04154673WA0018000176
B1813261855703S04154673WA0018000176
B1813301855703S04154673WA0018000176
B1813341855703S04154673WA0018000176
B1813381855703S04154673WA0018000176
B1813421855703S04154673WA0018000175
B1813461855703S04154673WA0018000174
B1813501855704S04154673WA0018000173
B1813541855704S04154673WA0018000173
B1813581855704S04154672WA0018000173
B1814021855704S04154672WA0018000172
B1814061855704S04154672WA0018000172
B1814101855704S04154672WA0018000173
B1814141855704S04154672WA0018000173
B1814181855704S04154672WA0018000174
B1814221855703S04154672WA0018000173
B1814261855704S04154672WA0018000173
B1814301855704S04154672WA0018000173
B1814341855703S04154672WA0018000173
B1814381855703S04154672WA0018000173
B1814421855703S04154672WA0018000173
B1814461855704S04154672WA0018000172
B1814501855704S04154672WA0018000171
B1814541855703S04154672WA0018000171
B1814581855703S04154672WA0018000171
B1815021855704S04154672WA0018000171
B1815061855703S04154672WA0018000171
B1815101855703S04154672WA0018000171
B1815141855703S04154672WA0018000172
B1815181855704S04154672WA0018000173
B1815221855703S04154672WA0018000174
B1815261855704S04154672WA0018000174
B1815301855704S04154672WA0018000175
B1815341855704S04154672WA0018000176
B1815381855704S04154672WA0018000176
B1815421855704S04154672WA0018000175
B1815461855704S04154672WA0018000175
B1815501855704S04154672WA0018000176
B1815541855704S04154671WA0018000177
B1815581855704S04154671WA0018000178
B1816021855704S04154671WA0018000178
B1816061855704S04154671WA0018000179
B1816101855704S04154671WA0018000179
B1816141855704S04154671WA0018000180
B1816181855704S04154671WA0018000180
B1816221855704S04154671WA0018000179
B1816261855704S04154671WA0018000178
B1816301855704S04154671WA0018000178
B1816341855704S04154671WA0018000177
B1816381855704S04154671WA0018000176
B1816421855704S04154671WA0018000176
B1816461855704S04154671WA0018000175
B1816501855703S04154671WA0018000174
B1816541855704S04154671WA0018000173
B1816581855704S04154672WA0018000173
B1817021855704S04154672WA0018000172
B1817061855704S04154672WA0018000173
B1817101855704S04154672WA0018000172
B1817141855703S04154672WA0018000173
B1817181855704S04154672WA0018000173
B1817221855703S04154672WA0018000174
B1817261855704S04154672WA0018000174
B1817301855704S04154672WA0018000174
B1817341855703S04154672WA0018000174
B1817381855704S04154672WA0018000174
B1817421855704S04154672WA0018000173
B1817461855704S04154672WA0018000173
B1817501855704S04154671WA0018000172
B1817541855704S04154671WA0018000172
B1817581855704S04154671WA0018000171
B1818021855704S04154671WA0018000171
B1818061855704S04154671WA0018000171
B1818101855704S04154671WA0018000171
B1818141855704S04154671WA0018000172
B1818181855704S04154671WA0018000173
B1818221855704S04154671WA0018000173
B1818261855704S04154671WA0018000174
B1818301855704S04154671WA0018000174
B1818341855704S04154671WA0018000174
B1818381855704S04154671WA0018000174
B1818421855704S04154671WA0018000174
B1818461855704S04154671WA0018000174
B1818501855704S04154671WA0018000174
B1818541855704S04154671WA0018000174
B1818581855704S04154671WA0018000174
B1819021855704S04154671WA0018000174
B1819061855704S04154671WA0018000174
B1819101855704S04154670WA0018000173
B1819141855703S04154670WA0018000173
B1819181855703S04154670WA0018000172
B1819221855703S04154669WA0018000171
B1819261855703S04154669WA0018000171
B1819301855703S04154669WA0018000172
B1819341855703S04154669WA0018000172
B1819381855703S04154669WA0018000173
B1819421855703S04154669WA0018000174
B1819461855703S04154669WA0018000174
B1819501855703S04154669WA0018000174
B1819541855702S04154669WA0018000174
B1819581855703S04154669WA0018000174
B1820021855703S04154669WA0018000173
B1820061855703S04154669WA0018000173
B1820101855703S04154669WA0018000173
B1820141855703S04154668WA0018000172
B1820181855702S04154668WA0018000172
B1820221855702S04154668WA0018000172
B1820261855702S04154668WA0018000171
B1820301855703S04154668WA0018000172
B1820341855703S04154668WA0018000172
B1820381855703S04154668WA0018000172
B1820421855703S04154668WA0018000172
B1820461855703S04154669WA0018000172
B1820501855703S04154669WA0018000172
B1820541855703S04154669WA0018000172
B1820581855703S04154669WA0018000172
B1821021855703S04154669WA0018000172
B1821061855703S04154669WA0018000172
B1821101855703S04154669WA0018000172
B1821141855703S04154670WA0018000172
B1821181855704S04154669WA0018000173
B1821221855704S04154670WA0018000172
B1821261855704S04154669WA0018000173
B1821301855704S04154670WA0018000173
B1821341855704S04154670WA0018000173
B1821381855704S04154670WA0018000173
B1821421855704S04154669WA0018000173
B1821461855704S04154670WA0018000173
B1821501855704S04154670WA0018000172
B1821541855704S04154670WA0018000172
B1821581855704S04154670WA0018000172
B1822021855704S04154670WA0018000171
B1822061855704S04154670WA0018000171
B1822101855704S04154670WA0018000171
B1822141855704S04154670WA0018000171
B1822181855704S04154671WA0018000172
B1822221855704S04154671WA0018000172
B1822261855704S04154671WA0018000172
B1822301855704S04154671WA0018000172
B1822341855704S04154671WA0018000173
B1822381855704S04154671WA0018000173
B1822421855704S04154671WA0018000173
B1822461855704S04154671WA0018000173
B1822501855704S04154671WA0018000173
B1822541855704S04154671WA0018000173
B1822581855704S04154671WA0018000173
B1823021855704S04154671WA0018000174
B1823061855704S04154671WA0018000174
B1823101855704S04154671WA0018000174
B1823141855704S04154671WA0018000174
B1823181855704S04154670WA0018000174
B1823221855704S04154670WA0018000174
B1823261855704S04154670WA0018000174
B1823301855704S04154670WA0018000175
B1823341855703S04154670WA0018000174
B1823381855704S04154669WA0018000174
B1823421855704S04154669WA0018000173
B1823461855704S04154669WA0018000172
B1823501855704S04154670WA0018000174
B1823541855704S04154671WA0018000176
B1823581855704S04154671WA0018000178
B1824021855704S04154671WA0018000179
B1824061855704S04154671WA0018000180
B1824101855704S04154671WA0018000180
B1824141855704S04154671WA0018000180
B1824181855704S04154671WA0018000181
B1824221855704S04154671WA0018000182
B1824261855704S04154672WA0018000181
B1824301855704S04154672WA0018000180
B1824341855704S04154672WA0018000179
B1824381855704S04154672WA0018000179
B1824421855704S04154671WA0018000178
B1824461855704S04154671WA0018000178
B1824501855704S04154671WA0018000177
B1824541855703S04154671WA0018000177
B1824581855702S04154671WA0018000177
B1825021855701S04154673WA0018000177
B1825061855699S04154674WA0018000177
B1825101855698S04154675WA0018100177
B1825141855696S04154676WA0018100177
B1825181855695S04154678WA0018100176
B1825221855694S04154679WA0018100177
B1825261855692S04154680WA0018100176
B1825301855691S04154681WA0018100175
B1825341855691S04154682WA0018100174
B1825381855691S04154684WA0018000173
B1825421855690S04154686WA0018000172
B1825461855688S04154687WA0018000171
B1825501855686S04154688WA0018100171
B1825541855685S04154689WA0018000171
B1825581855685S04154692WA0018000171
B1826021855685S04154694WA0018000171
B1826061855685S04154696WA0018000172
B1826101855685S04154698WA0018000172
B1826141855684S04154700WA0018000171
B1826181855684S04154703WA0018000171
B1826221855685S04154705WA0018000171
B1826261855686S04154707WA0018000170
B1826301855688S04154709WA0018000170
B1826341855688S04154711WA0018000171
B1826381855690S04154713WA0018000172
B1826421855691S04154716WA0018000170
B1826461855692S04154718WA0018000171
B1826501855694S04154721WA0018000171
B1826541855695S04154723WA0018000171
B1826581855696S04154725WA0018000172
B1827021855697S04154727WA0018000172
B1827061855696S04154727WA0018000172
B1827101855697S04154730WA0018000172
B1827141855697S04154730WA0018000171
B1827181855697S04154731WA0018000172
B1827221855697S04154731WA0018000171
B1827261855697S04154733WA0018000171
B1827301855698S04154733WA0018000171
B1827341855698S04154734WA0018000171
B1827381855697S04154734WA0018000172
B1827421855696S04154735WA0018000172
B1827461855696S04154735WA0018000172
B1827501855696S04154736WA0018000172
B1827541855696S04154736WA0018000173
B1827581855697S04154734WA0018000174
B1828021855697S04154734WA0018000174
B1828061855697S04154734WA0018000174
B1828101855697S04154734WA0018000174
B1828141855698S04154734WA0018000174
B1828181855697S04154734WA0018000174
B1828221855697S04154734WA0018000174
B1828261855697S04154734WA0018000173
B1828301855697S04154733WA0018000172
B1828341855697S04154733WA0018000172
B1828381855697S04154734WA0018000173
B1828421855697S04154733WA0018000173
B1828461855697S04154733WA0018000173
B1828501855697S04154733WA0018000173
B1828541855697S04154733WA0018000173
B1828581855697S04154733WA0018000173
B1829021855697S04154733WA0018000174
B1829061855697S04154734WA0018000175
B1829101855697S04154733WA0018000175
B1829141855697S04154734WA0018000174
B1829181855697S04154736WA0018000173
B1829221855697S04154738WA0018000174
B1829261855698S04154740WA0018000173
B1829301855700S04154742WA0018000173
B1829341855701S04154743WA0018000173
B1829381855702S04154745WA0018000173
B1829421855702S04154748WA0018000174
B1829461855703S04154749WA0018000174
B1829501855703S04154752WA0018100174
B1829541855703S04154753WA0018100174
B1829581855705S04154753WA0018100175
B1830021855705S04154754WA0018100176
B1830061855703S04154754WA0018100176
B1830101855701S04154756WA0018100176
B1830141855700S04154757WA0018100177
B1830181855699S04154759WA0018100177
B1830221855697S04154760WA0018100178
B1830261855695S04154762WA0018100178
B1830301855694S04154763WA0018100178
B1830341855692S04154765WA0018100178
B1830381855690S04154766WA0018100177
B1830421855688S04154768WA0018100178
B1830461855687S04154768WA0018200178
B1830501855686S04154770WA0018200177
B1830541855684S04154771WA0018200176
B1830581855683S04154772WA0018200177
B1831021855682S04154773WA0018200177
B1831061855679S04154774WA0018200177
B1831101855679S04154776WA0018200177
B1831141855678S04154776WA0018200177
B1831181855677S04154776WA0018200177
B1831221855677S04154776WA0018200177
B1831261855676S04154776WA0018200177
B1831301855676S04154776WA0018200177
B1831341855676S04154776WA0018200178
B1831381855675S04154776WA0018200178
B1831421855675S04154777WA0018200178
B1831461855675S04154777WA0018200176
B1831501855675S04154777WA0018200174
B1831541855675S04154778WA0018200173
B1831581855675S04154778WA0018200172
B1832021855675S04154778WA0018200172
B1832061855675S04154778WA0018200173
B1832101855675S04154778WA0018200173
B1832141855675S04154778WA0018200172
B1832181855675S04154779WA0018200171
B1832221855675S04154779WA0018200169
B1832261855675S04154778WA0018200172
B1832301855674S04154778WA0018200173
B1832341855674S04154779WA0018200173
B1832381855674S04154779WA0018200174
B1832421855674S04154778WA0018200175
B1832461855674S04154777WA0018200178
B1832501855674S04154777WA0018200179
B1832541855674S04154777WA0018200181
B1832581855674S04154777WA0018200182
B1833021855674S04154777WA0018200180
B1833061855674S04154777WA0018200181
B1833101855674S04154777WA0018200183
B1833141855674S04154777WA0018200182
B1833181855674S04154777WA0018200182
B1833221855674S04154777WA0018200182
B1833261855674S04154777WA0018200182
B1833301855674S04154777WA0018200182
B1833341855674S04154777WA0018200181
B1833381855674S04154777WA0018200180
B1833421855674S04154777WA0018200179
B1833461855674S04154777WA0018200180
B1833501855674S04154777WA0018200179
B1833541855674S04154777WA0018200179
B1833581855675S04154777WA0018200178
B1834021855674S04154777WA0018200178
B1834061855674S04154777WA0018200179
B1834101855674S04154777WA0018200179
B1834141855674S04154777WA0018200178
B1834181855675S04154777WA0018200179
B1834221855675S04154778WA0018200179
B1834261855674S04154777WA0018200180
B1834301855674S04154777WA0018200180
B1834341855674S04154777WA0018200181
B1834381855674S04154777WA0018200181
B1834421855674S04154776WA0018200182
B1834461855674S04154776WA0018200182
B1834501855674S04154776WA0018200183
B1834541855674S04154776WA0018200183
B1834581855674S04154776WA0018200183
B1835021855674S04154776WA0018200183
B1835061855674S04154776WA0018200182
B1835101855674S04154776WA0018200182
B1835141855674S04154776WA0018200182
B1835181855674S04154776WA0018200182
B1835221855673S04154779WA0018300181
B1835261855670S04154781WA0018300180
B1835301855668S04154781WA0018300180
B1835341855666S04154782WA0018300180
B1835381855663S04154783WA0018300180
B1835421855661S04154784WA0018300179
B1835461855659S04154785WA0018300178
B1835501855657S04154786WA0018300177
B1835541855656S04154787WA0018300177
B1835581855655S04154787WA0018300177
B1836021855654S04154787WA0018300176
B1836061855654S04154787WA0018300176
B1836101855654S04154787WA0018300177
B1836141855654S04154787WA0018300177
B1836181855654S04154787WA0018300177
B1836221855654S04154788WA0018300178
B1836261855653S04154787WA0018300178
B1836301855654S04154788WA0018300179
B1836341855654S04154788WA0018300180
B1836381855653S04154788WA0018300181
B1836421855653S04154788WA0018300182
B1836461855653S04154788WA0018300183
B1836501855653S04154788WA0018300183
B1836541855654S04154789WA0018300183
B1836581855654S04154789WA0018300182
B1837021855654S04154789WA0018300180
B1837061855654S04154789WA0018300180
B1837101855654S04154788WA0018300180
B1837141855655S04154788WA0018300179
B1837181855655S04154788WA0018300179
B1837221855655S04154788WA0018300178
B1837261855655S04154788WA0018300178
B1837301855655S04154788WA0018300178
B1837341855655S04154788WA0018300179
B1837381855656S04154786WA0018300179
B1837421855657S04154785WA0018300178
B1837461855658S04154784WA0018300178
B1837501855658S04154785WA0018300178
B1837541855657S04154786WA0018300174
B1837581855661S04154785WA0018300173
B1838021855667S04154783WA0018300171
B1838061855669S04154782WA0018300171
B1838101855675S04154781WA0018300173
B1838141855682S04154784WA0018300171
B1838181855693S04154787WA0018300170
B1838221855705S04154792WA0018300171
B1838261855712S04154795WA0018300172
B1838301855720S04154799WA0018300170
B1838341855726S04154802WA0018300166
B1838381855727S04154802WA0018300163
B1838421855724S04154801WA0018300161
B1838461855721S04154802WA0018300160
B1838501855720S04154803WA0018300159
B1838541855720S04154801WA0018300156
B1838581855715S04154798WA0018300157
B1839021855708S04154794WA0018300157
B1839061855704S04154791WA0018300155
B1839101855696S04154787WA0018300154
B1839141855687S04154783WA0018300155
B1839181855680S04154780WA0018300155
B1839221855676S04154779WA0018300154
B1839261855673S04154778WA0018300153
B1839301855671S04154778WA0018300153
B1839341855669S04154777WA0018300153
B1839381855669S04154777WA0018300153
B1839421855668S04154777WA0018300152
B1839461855669S04154777WA0018300151
B1839501855669S04154777WA0018300152
B1839541855669S04154778WA0018300152
B1839581855669S04154778WA0018300154
B1840021855669S04154778WA0018300155
B1840061855669S04154779WA0018300155
B1840101855669S04154779WA0018300156
B1840141855669S04154779WA0018300157
B1840181855669S04154779WA0018300158
B1840221855668S04154779WA0018300159
B1840261855667S04154780WA0018300161
B1840301855666S04154781WA0018300161
B1840341855666S04154781WA0018300162
B1840381855666S04154780WA0018300161
B1840421855665S04154781WA0018300163
B1840461855664S04154781WA0018300163
B1840501855660S04154783WA0018300162
B1840541855653S04154785WA0018400161
B1840581855645S04154788WA0018400158
B1841021855637S04154792WA0018400157
B1841061855629S04154795WA0018400157
B1841101855625S04154797WA0018400157
B1841141855618S04154799WA0018400157
B1841181855609S04154802WA0018500156
B1841221855601S04154806WA0018500156
B1841261855593S04154809WA0018500156
B1841301855584S04154813WA0018500158
B1841341855575S04154817WA0018600159
B1841381855565S04154820WA0018600158
B1841421855556S04154823WA0018600158
B1841461855547S04154826WA0018700159
B1841501855538S04154829WA0018700160
B1841541855528S04154833WA0018700161
B1841581855519S04154837WA0018700162
B1842021855513S04154841WA0018700163
B1842061855515S04154851WA0018800164
B1842101855517S04154861WA0018700163
B1842141855520S04154872WA0018700164
B1842181855524S04154883WA0018700166
B1842221855526S04154895WA0018700167
B1842261855530S04154907WA0018700169
B1842301855532S04154918WA0018700170
B1842341855535S04154928WA0018700171
B1842381855539S04154942WA0018800171
B1842421855543S04154957WA0018800172
B1842461855549S04154970WA0018800172
B1842501855557S04154983WA0018800172
B1842541855561S04154990WA0018800172
B1842581855568S04154999WA0018900173
B1843021855579S04155012WA0019000174
B1843061855593S04155027WA0019000174
B1843101855606S04155041WA0018900175
B1843141855615S04155060WA0018800175
B1843181855625S04155082WA0018800177
B1843221855638S04155103WA0018800177
B1843261855648S04155123WA0018800177
B1843301855654S04155146WA0018800178
B1843341855658S04155169WA0019000178
B1843381855662S04155189WA0019100178
B1843421855667S04155207WA0019200176
B1843461855668S04155227WA0019400178
B1843501855668S04155248WA0019500180
B1843541855667S04155271WA0019600180
B1843581855670S04155292WA0019600179
B1844021855678S04155311WA0019700180
B1844061855689S04155328WA0019800180
B1844101855705S04155342WA0019600180
B1844141855725S04155353WA0019300179
B1844181855742S04155368WA0019100179
B1844221855754S04155384WA0019000179
B1844261855764S04155400WA0019000181
B1844301855774S04155419WA0019000182
B1844341855785S04155437WA0019000184
B1844381855797S04155456WA0019000186
B1844421855809S04155474WA0019000189
B1844461855822S04155493WA0019100190
B1844501855833S04155516WA0019100192
B1844541855832S04155539WA0019200196
B1844581855823S04155556WA0019200198
B1845021855815S04155576WA0019200198
B1845061855818S04155601WA0019200199
B1845101855824S04155629WA0019300199
B1845141855828S04155656WA0019500200
B1845181855833S04155681WA0019800201
B1845221855838S04155700WA0020000200
B1845261855840S04155720WA0020100200
B1845301855830S04155736WA0020100200
B1845341855809S04155739WA0019900200
B1845381855787S04155743WA0019800200
B1845421855769S04155755WA0019600199
B1845461855757S04155774WA0019600202
B1845501855753S04155796WA0019600206
B1845541855755S04155821WA0019700208
B1845581855757S04155845WA0019800210
B1846021855764S04155870WA0019700208
B1846061855775S04155892WA0019600207
B1846101855790S04155911WA0019700206
B1846141855795S04155931WA0019900204
B1846181855796S04155951WA0019700203
B1846221855798S04155974WA0019600200
B1846261855798S04155993WA0019500197
B1846301855798S04156014WA0019600190
B1846341855797S04156034WA0019700188
B1846381855797S04156052WA0019800187
B1846421855797S04156063WA0019900187
B1846461855796S04156074WA0020000188
B1846501855798S04156088WA0020100192
B1846541855801S04156111WA0020200194
B1846581855801S04156138WA0020200193
B1847021855792S04156166WA0020200193
B1847061855782S04156190WA0020200191
B1847101855774S04156216WA0020200189
B1847141855765S04156246WA0020300188
B1847181855756S04156274WA0020300188
B1847221855744S04156295WA0020300187
B1847261855730S04156311WA0020400186
B1847301855715S04156323WA0020400185
B1847341855704S04156335WA0020400184
B1847381855692S04156344WA0020500185
B1847421855682S04156349WA0020500185
B1847461855667S04156354WA0020500183
B1847501855645S04156357WA0020600182
B1847541855619S04156360WA0020600182
B1847581855589S04156363WA0020800182
B1848021855552S04156368WA0020900183
B1848061855513S04156373WA0021000183
B1848101855470S04156378WA0021200184
B1848141855425S04156385WA0021300184
B1848181855384S04156389WA0021000185
B1848221855345S04156395WA0020800188
B1848261855306S04156399WA0020800189
B1848301855267S04156405WA0020900192
B1848341855229S04156409WA0020700197
B1848381855192S04156412WA0020500201
B1848421855160S04156415WA0020200203
B1848461855131S04156419WA0020100206
B1848501855101S04156423WA0020000208
B1848541855073S04156425WA0019900207
B1848581855046S04156429WA0019800205
B1849021855018S04156435WA0019700201
B1849061854988S04156442WA0019700196
B1849101854957S04156447WA0019700193
B1849141854921S04156454WA0019700187
B1849181854879S04156462WA0019900179
B1849221854837S04156468WA0019900174
B1849261854796S04156473WA0020000172
B1849301854757S04156480WA0020000167
B1849341854724S04156484WA0019700164
B1849381854694S04156488WA0019500162
B1849421854667S04156491WA0019300161
B1849461854640S04156493WA0019100162
B1849501854609S04156499WA0019000162
B1849541854582S04156503WA0018900163
B1849581854553S04156507WA0018900162
B1850021854525S04156510WA0018900162
B1850061854498S04156515WA0018900162
B1850101854468S04156521WA0018800161
B1850141854441S04156526WA0018800161
B1850181854415S04156535WA0018700161
B1850221854389S04156543WA0018600162
B1850261854362S04156551WA0018600163
B1850301854338S04156556WA0018500163
B1850341854313S04156564WA0018500162
B1850381854290S04156572WA0018500163
B1850421854267S04156582WA0018500162
B1850461854247S04156592WA0018400163
B1850501854226S04156603WA0018300163
B1850541854203S04156619WA0018300166
B1850581854179S04156635WA0018300170
B1851021854159S04156649WA0018300173
B1851061854139S04156663WA0018300176
B1851101854121S04156674WA0018200178
B1851141854103S04156683WA0018200180
B1851181854086S04156694WA0018200181
B1851221854069S04156704WA0018200182
B1851261854052S04156714WA0018200181
B1851301854035S04156725WA0018200183
B1851341854014S04156737WA0018400183
B1851381853990S04156751WA0018400183
B1851421853965S04156766WA0018400183
B1851461853938S04156782WA0018500183
B1851501853908S04156801WA0018600183
B1851541853877S04156820WA0018700183
B1851581853847S04156839WA0018600183
B1852021853817S04156856WA0018500183
B1852061853788S04156867WA0018400182
B1852101853760S04156871WA0018200180
B1852141853736S04156872WA0018200178
B1852181853715S04156873WA0018100177
B1852221853701S04156871WA0018000174
B1852261853687S04156869WA0018000171
B1852301853669S04156865WA0018000170
B1852341853649S04156863WA0018000172
B1852381853631S04156861WA0018000175
B1852421853614S04156857WA0018000176
B1852461853597S04156852WA0017900176
B1852501853578S04156846WA0017900177
B1852541853565S04156842WA0017900177
B1852581853556S04156839WA0017800177
B1853021853545S04156835WA0017900177
B1853061853531S04156830WA0017900177
B1853101853520S04156827WA0017800178
B1853141853519S04156826WA0017800179
B1853181853519S04156825WA0017800180
B1853221853519S04156824WA0017800179
B1853261853514S04156823WA0017800178
B1853301853506S04156820WA0017800177
B1853341853496S04156817WA0017800177
B1853381853485S04156812WA0017800178
B1853421853471S04156807WA0017800180
B1853461853456S04156802WA0017900183
B1853501853446S04156794WA0017800184
B1853541853435S04156787WA0017800184
B1853581853413S04156781WA0017900184
B1854021853388S04156774WA0018000186
B1854061853362S04156766WA0018000187
B1854101853336S04156758WA0017900188
B1854141853311S04156751WA0017900188
B1854181853293S04156747WA0017700184
B1854221853280S04156750WA0017700183
B1854261853260S04156752WA0017900183
B1854301853232S04156756WA0018000183
B1854341853204S04156763WA0018100183
B1854381853185S04156771WA0017800184
B1854421853164S04156782WA0017900187
B1854461853138S04156800WA0018000186
B1854501853119S04156815WA0017800187
B1854541853100S04156834WA0017800186
B1854581853088S04156850WA0017700184
B1855021853078S04156866WA0017700182
B1855061853067S04156887WA0017700181
B1855101853059S04156909WA0017700181
B1855141853054S04156926WA0017600179
B1855181853050S04156946WA0017600180
B1855221853045S04156971WA0017700183
B1855261853040S04156995WA0017700184
B1855301853034S04157019WA0017700186
B1855341853030S04157039WA0017700188
B1855381853026S04157056WA0017700188
B1855421853022S04157072WA0017700187
B1855461853018S04157087WA0017600186
B1855501853016S04157103WA0017700185
B1855541853012S04157121WA0017700184
B1855581853008S04157138WA0017700183
B1856021853004S04157158WA0017700182
B1856061852998S04157181WA0017800181
B1856101852992S04157204WA0017700179
B1856141852987S04157227WA0017800176
B1856181852982S04157250WA0017700174
B1856221852977S04157271WA0017700172
B1856261852973S04157293WA0017600170
B1856301852967S04157316WA0017600168
B1856341852961S04157341WA0017600167
B1856381852953S04157369WA0017600165
B1856421852944S04157398WA0017500164
B1856461852933S04157426WA0017500163
B1856501852921S04157455WA0017500163
B1856541852907S04157483WA0017400163
B1856581852894S04157505WA0017300163
B1857021852876S04157530WA0017400163
B1857061852857S04157558WA0017600162
B1857101852835S04157585WA0017800165
B1857141852812S04157608WA0018100167
B1857181852791S04157630WA0018200169
B1857221852769S04157652WA0018400171
B1857261852746S04157673WA0018700172
B1857301852724S04157694WA0018900173
B1857341852701S04157716WA0019100174
B1857381852681S04157737WA0019200174
B1857421852663S04157754WA0019200174
B1857461852648S04157769WA0019200176
B1857501852635S04157781WA0019100179
B1857541852624S04157787WA0019000181
B1857581852617S04157789WA0018900181
B1858021852607S04157795WA0018900182
B1858061852597S04157806WA0018900181
B1858101852585S04157818WA0018900182
B1858141852571S04157835WA0018800183
B1858181852555S04157853WA0018600183
B1858221852539S04157870WA0018400184
B1858261852522S04157879WA0018300183
B1858301852502S04157878WA0018200180
B1858341852484S04157877WA0018100180
B1858381852469S04157874WA0018100180
B1858421852453S04157870WA0018100180
B1858461852435S04157866WA0018100179
B1858501852416S04157862WA0018100179
B1858541852398S04157857WA0018100180
B1858581852379S04157854WA0018100178
B1859021852361S04157847WA0018100178
B1859061852343S04157841WA0018100178
B1859101852329S04157838WA0018100179
B1859141852322S04157837WA0018200177
B1859181852309S04157833WA0018200177
B1859221852291S04157829WA0018500178
B1859261852274S04157824WA0018500177
B1859301852257S04157821WA0018400176
B1859341852241S04157817WA0018300174
B1859381852224S04157813WA0018200173
B1859421852206S04157808WA0018200174
B1859461852187S04157804WA0018200172
B1859501852168S04157801WA0018200171
B1859541852149S04157794WA0018200170
B1859581852132S04157786WA0018200167
B1900021852116S04157777WA0018200165
B1900061852101S04157763WA0018200163
B1900101852089S04157746WA0018100162
B1900141852080S04157730WA0018100161
B1900181852074S04157719WA0018100160
B1900221852062S04157705WA0018100159
B1900261852047S04157684WA0018200161
B1900301852029S04157661WA0018500160
B1900341852014S04157640WA0018600161
B1900381852000S04157618WA0018600159
B1900421851985S04157594WA0018300158
B1900461851970S04157572WA0018100156
B1900501851958S04157552WA0018000158
B1900541851952S04157539WA0018000157
B1900581851942S04157522WA0018000154
B1901021851931S04157501WA0018000152
B1901061851921S04157485WA0018000150
B1901101851918S04157480WA0018000148
B1901141851913S04157480WA0018000149
B1901181851907S04157482WA0018000152
B1901221851897S04157489WA0018000151
B1901261851883S04157498WA0018000152
B1901301851873S04157505WA0018000152
B1901341851869S04157509WA0018000153
B1901381851856S04157520WA0018000155
B1901421851843S04157529WA0018000157
B1901461851835S04157531WA0018000156
B1901501851826S04157521WA0018000157
B1901541851816S04157501WA0018100156
B1901581851805S04157481WA0018100155
B1902021851794S04157463WA0018000154
B1902061851786S04157448WA0018000155
B1902101851777S04157440WA0018000154
B1902141851769S04157426WA0018000153
B1902181851764S04157409WA0018000151
B1902221851761S04157400WA0017900150
B1902261851761S04157396WA0017900151
B1902301851760S04157393WA0017900148
B1902341851758S04157392WA0017900147
B1902381851750S04157393WA0017900148
B1902421851735S04157396WA0017900151
B1902461851723S04157401WA0017900152
B1902501851709S04157418WA0017700149
B1902541851696S04157431WA0017600149
B1902581851683S04157442WA0017600145
B1903021851668S04157451WA0017800143
B1903061851652S04157458WA0018000141
B1903101851643S04157462WA0018000141
B1903141851636S04157460WA0018000142
B1903181851632S04157450WA0018000144
B1903221851625S04157433WA0018000145
B1903261851618S04157415WA0018000145
B1903301851614S04157402WA0018000144
B1903341851608S04157388WA0018000143
B1903381851599S04157375WA0017900145
B1903421851592S04157365WA0017900143
B1903461851585S04157355WA0017900144
B1903501851582S04157348WA0017900144
B1903541851583S04157346WA0017900144
B1903581851583S04157346WA0017900143
B1904021851583S04157346WA0017900142
B1904061851583S04157346WA0017900143
B1904101851583S04157346WA0017900143
B1904141851584S04157345WA0017900142
B1904181851584S04157346WA0017900141
B1904221851582S04157348WA0017900144
B1904261851582S04157348WA0017900148
B1904301851581S04157347WA0017900152
B1904341851582S04157346WA0017900152
B1904381851582S04157344WA0017900153
B1904421851582S04157343WA0017900153
B1904461851580S04157341WA0017900155
B1904501851576S04157338WA0018000154
B1904541851573S04157334WA0018000151
B1904581851571S04157331WA0018000149
B1905021851577S04157324WA0018000150
B1905061851586S04157318WA0018000153
B1905101851595S04157312WA0018000153
B1905141851599S04157311WA0017900153
B1905181851599S04157311WA0017900152
B1905221851599S04157312WA0017900150
B1905261851602S04157312WA0017900151
B1905301851608S04157315WA0017900149
B1905341851623S04157315WA0017600148
B1905381851641S04157316WA0017400147
B1905421851659S04157312WA0017600148
B1905461851677S04157307WA0017800147
B1905501851696S04157301WA0017800147
B1905541851713S04157296WA0017800147
B1905581851721S04157293WA0017800148
B1906021851727S04157298WA0017800149
B1906061851733S04157303WA0017800148
B1906101851735S04157305WA0017800150
B1906141851737S04157301WA0017800151
B1906181851736S04157296WA0017800150
B1906221851733S04157292WA0017800150
B1906261851732S04157290WA0017800150
B1906301851731S04157290WA0017800152
B1906341851731S04157290WA0017800151
B1906381851731S04157290WA0017800151
B1906421851731S04157288WA0017800152
B1906461851731S04157288WA0017800152
B1906501851731S04157288WA0017800153
B1906541851731S04157286WA0017800154
B1906581851731S04157286WA0017800154
B1907021851731S04157286WA0017800155
B1907061851731S04157286WA0017800155
B1907101851731S04157286WA0017800156
B1907141851731S04157285WA0017800154
B1907181851727S04157279WA0017800154
B1907221851718S04157265WA0017800155
B1907261851707S04157244WA0017800157
B1907301851690S04157220WA0017800154
B1907341851673S04157195WA0017900154
B1907381851656S04157168WA0017800153
B1907421851640S04157147WA0017800155
B1907461851627S04157125WA0017800156
B1907501851615S04157107WA0017800156
B1907541851604S04157090WA0017800157
B1907581851593S04157072WA0017800158
B1908021851581S04157053WA0017800159
B1908061851569S04157035WA0017800160
B1908101851557S04157017WA0017800160
B1908141851547S04157001WA0017800160
B1908181851537S04156984WA0017800160
B1908221851528S04156965WA0017800159
B1908261851519S04156949WA0017800158
B1908301851509S04156934WA0017800157
B1908341851500S04156918WA0017800156
B1908381851491S04156903WA0017800154
B1908421851480S04156888WA0017800155
B1908461851468S04156870WA0017800156
B1908501851458S04156854WA0017800158
B1908541851449S04156841WA0017800159
B1908581851440S04156826WA0017900158
B1909021851430S04156811WA0017900157
B1909061851417S04156793WA0017900153
B1909101851404S04156775WA0017900153
B1909141851393S04156758WA0017900153
B1909181851381S04156741WA0017800150
B1909221851368S04156723WA0017800150
B1909261851357S04156706WA0017800151
B1909301851349S04156689WA0017800155
B1909341851338S04156675WA0017800153
B1909381851328S04156658WA0017700147
B1909421851317S04156637WA0017700148
B1909461851306S04156612WA0017800152
B1909501851291S04156589WA0017800156
B1909541851278S04156564WA0017800159
B1909581851263S04156539WA0017700159
B1910021851247S04156514WA0017700160
B1910061851233S04156494WA0017700161
B1910101851220S04156472WA0017600162
B1910141851206S04156450WA0017600164
B1910181851193S04156429WA0017700167
B1910221851181S04156409WA0017600169
B1910261851167S04156388WA0017600165
B1910301851156S04156376WA0017500163
B1910341851146S04156377WA0017500163
B1910381851133S04156384WA0017500166
B1910421851121S04156388WA0017600164
B1910461851110S04156397WA0017600166
B1910501851096S04156407WA0017600165
B1910541851084S04156416WA0017600168
B1910581851072S04156426WA0017600169
B1911021851066S04156434WA0017600171
B1911061851063S04156443WA0017600174
B1911101851063S04156447WA0017600177
B1911141851063S04156450WA0017600178
B1911181851063S04156451WA0017600182
B1911221851064S04156451WA0017600185
B1911261851064S04156450WA0017600188
B1911301851064S04156450WA0017600188
B1911341851064S04156449WA0017600188
B1911381851064S04156447WA0017600188
B1911421851064S04156446WA0017600190
B1911461851064S04156446WA0017600193
B1911501851064S04156447WA0017600193
B1911541851061S04156449WA0017600194
B1911581851059S04156456WA0017600195
B1912021851066S04156466WA0017600194
B1912061851070S04156472WA0017600191
B1912101851069S04156472WA0017600189
B1912141851069S04156471WA0017600187
B1912181851070S04156472WA0017600187
B1912221851072S04156473WA0017600189
B1912261851075S04156474WA0017600190
B1912301851076S04156475WA0017600189
B1912341851075S04156475WA0017700189
B1912381851073S04156475WA0017700188
B1912421851075S04156476WA0017700188
B1912461851076S04156476WA0017700189
B1912501851077S04156477WA0017700189
B1912541851079S04156477WA0017700191
B1912581851079S04156476WA0017700191
B1913021851078S04156475WA0017700193
B1913061851081S04156477WA0017800195
B1913101851085S04156480WA0017900197
B1913141851085S04156482WA0018000200
B1913181851083S04156483WA0018000198
B1913221851082S04156482WA0018000196
B1913261851081S04156482WA0018000194
B1913301851081S04156482WA0018000192
B1913341851079S04156482WA0018000189
B1913381851077S04156481WA0018000188
B1913421851077S04156480WA0018000186
B1913461851077S04156480WA0018000189
B1913501851076S04156480WA0018000190
B1913541851075S04156480WA0018000189
B1913581851075S04156481WA0018000189
B1914021851074S04156480WA0018000190
B1914061851073S04156480WA0018000191
B1914101851070S04156480WA0018000191
B1914141851068S04156481WA0018000189
B1914181851068S04156481WA0018000188
B1914221851068S04156482WA0018000185
B1914261851064S04156482WA0018000186
B1914301851062S04156481WA0018000188
B1914341851059S04156481WA0018000189
B1914381851057S04156482WA0018000188
B1914421851056S04156481WA0018000186
B1914461851056S04156480WA0018000185
B1914501851057S04156480WA0018000185
B1914541851056S04156480WA0018000184
B1914581851057S04156480WA0018000183
B1915021851057S04156481WA0018000181
B1915061851056S04156482WA0018000178
B1915101851055S04156483WA0018000176
B1915141851056S04156483WA0018000174
B1915181851055S04156484WA0018000171
B1915221851056S04156483WA0018000171
B1915261851056S04156484WA0018000170
B1915301851056S04156484WA0018000171
B1915341851053S04156485WA0018000168
B1915381851052S04156485WA0018000165
B1915421851052S04156485WA0018000163
B1915461851054S04156485WA0018000163
B1915501851059S04156484WA0018000163
B1915541851058S04156484WA0018000163
B1915581851057S04156484WA0018000162
B1916021851056S04156484WA0018000159
B1916061851055S04156484WA0018000155
B1916101851054S04156483WA0018000153
B1916141851054S04156483WA0018000153
B1916181851054S04156482WA0018000151
B1916221851055S04156483WA0018000151
B1916261851055S04156483WA0018000149
B1916301851055S04156484WA0018000146
B1916341851057S04156482WA0018000144
B1916381851057S04156482WA0018000146
B1916421851058S04156482WA0018000145
B1916461851057S04156482WA0018000145
B1916501851058S04156482WA0018000145
B1916541851057S04156483WA0018000141
B1916581851057S04156484WA0018000140
B1917021851055S04156484WA0018000141
B1917061851053S04156485WA0018000141
B1917101851052S04156485WA0018000141
B1917141851051S04156485WA0018000143
B1917181851050S04156484WA0018000142
B1917221851050S04156483WA0018000144
B1917261851051S04156483WA0018000146
B1917301851049S04156484WA0018000143
B1917341851049S04156484WA0018000142
B1917381851049S04156484WA0018000145
B1917421851049S04156484WA0018000145
B1917461851050S04156485WA0018000146
B1917501851052S04156484WA0018000148
B1917541851053S04156483WA0018000147
B1917581851056S04156483WA0018000147
B1918021851056S04156483WA0018000145
B1918061851057S04156482WA0018000145
B1918101851059S04156483WA0018000145
B1918141851060S04156482WA0018000147
B1918181851064S04156481WA0018000150
B1918221851065S04156482WA0018000153
B1918261851067S04156482WA0018000150
B1918301851069S04156481WA0018000151
B1918341851071S04156481WA0018000151
B1918381851072S04156482WA0018000153
B1918421851072S04156482WA0018000155
B1918461851072S04156482WA0018000156
B1918501851072S04156482WA0018000156
B1918541851072S04156482WA0018000159
B1918581851071S04156482WA0018000160
B1919021851070S04156481WA0018000162
B1919061851070S04156482WA0018000163
B1919101851070S04156483WA0018000166
B1919141851071S04156483WA0018000170
B1919181851071S04156483WA0018000172
B1919221851070S04156482WA0018000172
B1919261851070S04156481WA0018000172
B1919301851070S04156481WA0018000173
B1919341851069S04156481WA0018000174
B1919381851068S04156482WA0018000178
B1919421851068S04156481WA0018000179
B1919461851068S04156482WA0018000179
B1919501851069S04156481WA0018000182
B1919541851068S04156481WA0018000184
B1919581851068S04156480WA0018000187
B1920021851069S04156480WA0018000188
B1920061851069S04156480WA0018000188
B1920101851068S04156480WA0018000189
B1920141851067S04156481WA0018000189
B1920181851066S04156481WA0018000191
B1920221851065S04156482WA0018000189
B1920261851064S04156483WA0018000186
B1920301851064S04156484WA0018000185
B1920341851063S04156484WA0018000186
B1920381851063S04156484WA0018000184
B1920421851063S04156484WA0018000184
B1920461851063S04156484WA0018000183
B1920501851062S04156484WA0018000179
B1920541851061S04156484WA0018000177
B1920581851062S04156484WA0018000175
B1921021851063S04156484WA0018000175
B1921061851063S04156484WA0018000174
B1921101851063S04156483WA0018000175
B1921141851062S04156482WA0018000174
B1921181851062S04156481WA0018000175
B1921221851062S04156481WA0018000173
B1921261851061S04156481WA0018000170
B1921301851061S04156481WA0018000171
B1921341851061S04156481WA0018000171
B1921381851061S04156480WA0018000169
B1921421851060S04156480WA0018000168
B1921461851060S04156479WA0018000168
B1921501851059S04156478WA0018000168
B1921541851058S04156478WA0018000167
B1921581851057S04156477WA0018000164
B1922021851057S04156478WA0018000163
B1922061851056S04156478WA0018000162
B1922101851057S04156478WA0018000161
B1922141851057S04156478WA0018000159
B1922181851057S04156479WA0018000158
B1922221851057S04156479WA0018000156
B1922261851057S04156479WA0018000155
B1922301851057S04156480WA0018000151
B1922341851057S04156480WA0018000149
B1922381851057S04156480WA0018000148
B1922421851057S04156480WA0018000147
B1922461851057S04156480WA0018000146
B1922501851057S04156480WA0018000147
B1922541851057S04156480WA0018000146
B1922581851057S04156481WA0018000145
B1923021851058S04156481WA0018000144
B1923061851059S04156481WA0018000144
B1923101851059S04156481WA0018000144
B1923141851059S04156481WA0018000145
B1923181851058S04156482WA0018000147
B1923221851057S04156482WA0018000148
B1923261851058S04156483WA0018000150
B1923301851058S04156483WA0018000152
B1923341851059S04156483WA0018000154
B1923381851061S04156482WA0018000158
B1923421851061S04156482WA0018000163
B1923461851061S04156483WA0018000166
B1923501851060S04156483WA0018000169
B1923541851061S04156483WA0018000171
B1923581851061S04156483WA0018000171
B1924021851062S04156483WA0018000173
B1924061851063S04156482WA0018000173
B1924101851062S04156482WA0018000174
B1924141851061S04156483WA0018000174
B1924181851060S04156483WA0018000174
B1924221851059S04156483WA0018000175
B1924261851059S04156482WA0018000175
B1924301851058S04156482WA0018000172
B1924341851057S04156482WA0018000171
B1924381851054S04156483WA0018000171
B1924421851052S04156483WA0018000171
B1924461851051S04156483WA0018000171
B1924501851051S04156483WA0018000172
B1924541851049S04156484WA0018000174
B1924581851048S04156484WA0018000174
B1925021851048S04156484WA0018000174
B1925061851046S04156486WA0018000176
B1925101851045S04156486WA0018000175
B1925141851047S04156486WA0018000176
B1925181851051S04156485WA0018000176
B1925221851052S04156485WA0018000175
B1925261851052S04156484WA0018000175
B1925301851052S04156484WA0018000176
B1925341851052S04156485WA0018000177
B1925381851051S04156485WA0018000179
B1925421851050S04156485WA0018000179
B1925461851051S04156484WA0018000179
B1925501851052S04156483WA0018000181
B1925541851053S04156483WA0018000181
B1925581851055S04156482WA0018000181
B1926021851057S04156481WA0018000183
B1926061851058S04156481WA0018000183
B1926101851058S04156481WA0018000183
B1926141851059S04156481WA0018000182
B1926181851059S04156481WA0018000181
B1926221851059S04156481WA0018000180
B1926261851059S04156481WA0018000180
B1926301851058S04156481WA0018000179
B1926341851059S04156481WA0018000178
B1926381851059S04156481WA0018000177
B1926421851060S04156480WA0018000175
B1926461851060S04156480WA0018000174
B1926501851060S04156480WA0018000172
B1926541851060S04156480WA0018000172
B1926581851060S04156480WA0018000171
B1927021851060S04156480WA0018000171
B1927061851061S04156481WA0018000171
B1927101851061S04156481WA0018000172
B1927141851061S04156481WA0018000173
B1927181851061S04156482WA0017900173
B1927221851061S04156482WA0017900173
B1927261851061S04156482WA0017900171
B1927301851060S04156482WA0017900168
B1927341851061S04156482WA0017900169
B1927381851061S04156482WA0017900171
B1927421851061S04156482WA0018000172
B1927461851062S04156483WA0018000173
B1927501851062S04156483WA0018000173
B1927541851062S04156482WA0018000173
B1927581851063S04156481WA0018000173
B1928021851064S04156481WA0017900174
B1928061851064S04156480WA0018000175
B1928101851064S04156479WA0017900176
B1928141851064S04156479WA0018000177
B1928181851065S04156479WA0017900178
B1928221851066S04156479WA0017900178
B1928261851067S04156478WA0017900178
B1928301851068S04156478WA0017900179
B1928341851068S04156477WA0017900180
B1928381851067S04156478WA0017900181
B1928421851068S04156478WA0018000181
B1928461851068S04156478WA0018000183
B1928501851068S04156478WA0017900184
B1928541851070S04156478WA0017900186
B1928581851070S04156478WA0017900188
B1929021851074S04156477WA0017900194
B1929061851078S04156475WA0017900200
B1929101851077S04156476WA0017900203
B1929141851076S04156477WA0017900203
B1929181851075S04156477WA0017900203
B1929221851075S04156476WA0017900204
B1929261851075S04156476WA0017900204
B1929301851075S04156476WA0018000204
B1929341851076S04156477WA0017900208
B1929381851077S04156476WA0017900211
B1929421851077S04156476WA0017900210
B1929461851076S04156476WA0017900211
B1929501851075S04156477WA0017900209
B1929541851074S04156478WA0017900206
B1929581851072S04156478WA0017900203
B1930001851072S04156479WA0017900201
