AXFMSFP Flymaster Live, V1.0, S/N 474171
HFDTE200426
HFPLTPILOTINCHARGE:Isabela Sales
B1402131853201S04154949WA0101201091
B1402171853201S04154943WA0101201093
B1402211853196S04154942WA0101201100
B1402251853195S04154942WA0101201099
B1402291853194S04154944WA0101201102
B1402331853193S04154945WA0101301102
B1402371853193S04154945WA0101301101
B1402411853193S04154946WA0101201100
B1402451853193S04154946WA0101201099
B1402491853193S04154946WA0101201098
B1402531853193S04154946WA0101201099
B1402571853193S04154946WA0101201099
B1403011853193S04154947WA0101301099
B1403051853193S04154947WA0101301100
B1403091853193S04154947WA0101301101
B1403131853193S04154947WA0101201102
B1403171853193S04154946WA0101201101
B1403211853193S04154946WA0101201102
B1403251853193S04154947WA0101301103
B1403291853193S04154947WA0101301104
B1403331853193S04154947WA0101301104
B1403371853193S04154947WA0101201104
B1403411853193S04154947WA0101201104
B1403451853193S04154948WA0101201105
B1403491853192S04154948WA0101201105
B1403531853192S04154948WA0101301105
B1403571853192S04154948WA0101301106
B1404011853192S04154948WA0101301106
B1404051853192S04154949WA0101201106
B1404091853193S04154949WA0101101107
B1404131853193S04154949WA0101201108
B1404171853192S04154948WA0101201108
B1404211853192S04154948WA0101201108
B1404251853192S04154948WA0101201108
B1404291853192S04154948WA0101301108
B1404331853192S04154948WA0101301107
B1404371853192S04154948WA0101201106
B1404411853192S04154948WA0101301104
B1404451853192S04154948WA0101201103
B1404491853191S04154947WA0101201102
B1404531853191S04154947WA0101301100
B1404571853191S04154948WA0101201100
B1405011853191S04154947WA0101201100
B1405051853191S04154947WA0101201098
B1405091853191S04154947WA0101201098
B1405131853191S04154947WA0101201097
B1405171853191S04154948WA0101201096
B1405211853192S04154947WA0101201097
B1405251853192S04154947WA0101201097
B1405291853192S04154947WA0101201097
B1405331853192S04154947WA0101201096
B1405371853192S04154947WA0101201098
B1405411853192S04154947WA0101201098
B1405451853192S04154947WA0101201098
B1405491853192S04154947WA0101201098
B1405531853192S04154947WA0101201098
B1405571853192S04154947WA0101201098
B1406011853192S04154947WA0101201097
B1406051853192S04154947WA0101301097
B1406091853192S04154947WA0101201097
B1406131853192S04154947WA0101201097
B1406171853192S04154947WA0101201097
B1406211853191S04154947WA0101101098
B1406251853191S04154947WA0101201098
B1406291853191S04154947WA0101201098
B1406331853191S04154947WA0101301099
B1406371853191S04154947WA0101101100
B1406411853191S04154947WA0101201100
B1406451853191S04154947WA0101201101
B1406491853191S04154947WA0101301101
B1406531853192S04154947WA0101201102
B1406571853192S04154947WA0101201103
B1407011853192S04154947WA0101201103
B1407051853192S04154947WA0101201104
B1407091853192S04154947WA0101201105
B1407131853192S04154947WA0101201104
B1407171853192S04154947WA0101201104
B1407211853192S04154947WA0101201104
B1407251853192S04154947WA0101201104
B1407291853192S04154947WA0101201104
B1407331853192S04154947WA0101201103
B1407371853192S04154947WA0101201103
B1407411853192S04154947WA0101201103
B1407451853192S04154946WA0101201102
B1407491853192S04154946WA0101201102
B1407531853192S04154946WA0101201102
B1407571853192S04154946WA0101201101
B1408011853191S04154946WA0101201100
B1408051853191S04154946WA0101201098
B1408091853191S04154946WA0101201097
B1408131853191S04154946WA0101201096
B1408171853192S04154946WA0101201096
B1408211853192S04154946WA0101201096
B1408251853192S04154946WA0101201096
B1408291853192S04154946WA0101201094
B1408331853192S04154946WA0101201094
B1408371853191S04154946WA0101201093
B1408411853192S04154946WA0101201092
B1408451853192S04154946WA0101201092
B1408491853192S04154947WA0101201092
B1408531853192S04154947WA0101201093
B1408571853192S04154946WA0101201093
B1409011853192S04154946WA0101201093
B1409051853192S04154946WA0101301093
B1409091853192S04154946WA0101201094
B1409131853192S04154946WA0101201095
B1409171853192S04154946WA0101201095
B1409211853192S04154946WA0101201095
B1409251853192S04154946WA0101201095
B1409291853192S04154946WA0101201095
B1409331853192S04154946WA0101201096
B1409371853192S04154946WA0101201097
B1409411853192S04154946WA0101201097
B1409451853192S04154946WA0101201097
B1409491853192S04154946WA0101201097
B1409531853192S04154946WA0101201097
B1409571853192S04154946WA0101201097
B1410011853192S04154946WA0101201098
B1410051853192S04154946WA0101201097
B1410091853192S04154946WA0101201097
B1410131853192S04154945WA0101201097
B1410171853192S04154945WA0101201097
B1410211853191S04154945WA0101201098
B1410251853191S04154945WA0101201099
B1410291853191S04154945WA0101201099
B1410331853192S04154945WA0101201100
B1410371853192S04154945WA0101201101
B1410411853192S04154945WA0101201100
B1410451853191S04154945WA0101201101
B1410491853192S04154945WA0101201101
B1410531853192S04154945WA0101201101
B1410571853192S04154945WA0101201101
B1411011853192S04154945WA0101201102
B1411051853192S04154945WA0101201102
B1411091853192S04154945WA0101201101
B1411131853192S04154944WA0101201101
B1411171853192S04154944WA0101201101
B1411211853192S04154944WA0101201101
B1411251853192S04154945WA0101201101
B1411291853192S04154945WA0101201102
B1411331853192S04154945WA0101201101
B1411371853192S04154945WA0101201101
B1411411853192S04154945WA0101201101
B1411451853191S04154945WA0101201101
B1411491853191S04154945WA0101201101
B1411531853191S04154945WA0101201101
B1411571853191S04154945WA0101201100
B1412011853191S04154946WA0101201100
B1412051853191S04154946WA0101201101
B1412091853191S04154946WA0101201101
B1412131853191S04154946WA0101201101
B1412171853191S04154946WA0101201101
B1412211853191S04154946WA0101201101
B1412251853191S04154946WA0101201101
B1412291853191S04154946WA0101201101
B1412331853192S04154946WA0101201100
B1412371853192S04154946WA0101201101
B1412411853192S04154946WA0101201101
B1412451853192S04154946WA0101201101
B1412491853192S04154946WA0101201101
B1412531853192S04154946WA0101201101
B1412571853192S04154946WA0101201101
B1413011853191S04154946WA0101201101
B1413051853191S04154946WA0101201101
B1413091853191S04154946WA0101201100
B1413131853191S04154946WA0101201100
B1413171853191S04154945WA0101201100
B1413211853191S04154946WA0101201100
B1413251853191S04154946WA0101201101
B1413291853192S04154946WA0101201101
B1413331853192S04154946WA0101201101
B1413371853192S04154946WA0101201101
B1413411853192S04154946WA0101201101
B1413451853192S04154947WA0101201101
B1413491853192S04154947WA0101301102
B1413531853193S04154947WA0101201102
B1413571853193S04154947WA0101201102
B1414011853193S04154947WA0101201102
B1414051853193S04154947WA0101201102
B1414091853193S04154947WA0101301102
B1414131853193S04154947WA0101301102
B1414171853193S04154947WA0101201102
B1414211853193S04154947WA0101201101
B1414251853193S04154947WA0101201101
B1414291853193S04154947WA0101201101
B1414331853193S04154947WA0101301100
B1414371853193S04154947WA0101201100
B1414411853193S04154947WA0101201099
B1414451853193S04154947WA0101301099
B1414491853193S04154947WA0101201099
B1414531853193S04154947WA0101201099
B1414571853193S04154947WA0101301100
B1415011853193S04154947WA0101201099
B1415051853193S04154947WA0101301100
B1415091853193S04154947WA0101201099
B1415131853193S04154946WA0101201098
B1415171853193S04154946WA0101201097
B1415211853193S04154946WA0101201097
B1415251853193S04154946WA0101201097
B1415291853193S04154946WA0101201098
B1415331853193S04154946WA0101201098
B1415371853193S04154947WA0101301099
B1415411853193S04154947WA0101201100
B1415451853193S04154947WA0101201100
B1415491853193S04154947WA0101201101
B1415531853193S04154948WA0101201102
B1415571853193S04154948WA0101301102
B1416011853193S04154948WA0101201102
B1416051853193S04154948WA0101201103
B1416091853193S04154948WA0101301102
B1416131853193S04154948WA0101201102
B1416171853193S04154948WA0101301102
B1416211853193S04154948WA0101201102
B1416251853193S04154948WA0101301102
B1416291853193S04154948WA0101301102
B1416331853193S04154948WA0101201102
B1416371853193S04154948WA0101301102
B1416411853193S04154948WA0101301101
B1416451853193S04154948WA0101301101
B1416491853193S04154947WA0101301101
B1416531853193S04154947WA0101301101
B1416571853193S04154947WA0101301100
B1417011853193S04154947WA0101301100
B1417051853193S04154947WA0101301100
B1417091853193S04154947WA0101301100
B1417131853193S04154947WA0101301100
B1417171853193S04154947WA0101301100
B1417211853193S04154947WA0101301100
B1417251853193S04154947WA0101301100
B1417291853193S04154947WA0101201100
B1417331853193S04154947WA0101201101
B1417371853193S04154947WA0101301101
B1417411853193S04154947WA0101301101
B1417451853193S04154947WA0101301100
B1417491853192S04154946WA0101301100
B1417531853192S04154946WA0101301100
B1417571853192S04154946WA0101301099
B1418011853192S04154946WA0101301098
B1418051853192S04154946WA0101201097
B1418091853192S04154946WA0101301097
B1418131853192S04154947WA0101301097
B1418171853192S04154947WA0101301098
B1418211853192S04154947WA0101301099
B1418251853192S04154947WA0101301099
B1418291853192S04154947WA0101301100
B1418331853192S04154947WA0101301100
B1418371853192S04154947WA0101301101
B1418411853192S04154947WA0101201101
B1418451853192S04154947WA0101201101
B1418491853192S04154947WA0101201101
B1418531853192S04154947WA0101201101
B1418571853192S04154947WA0101201101
B1419011853192S04154947WA0101301101
B1419051853192S04154946WA0101301101
B1419091853192S04154946WA0101201100
B1419131853192S04154946WA0101301100
B1419171853192S04154946WA0101301101
B1419211853192S04154946WA0101201101
B1419251853192S04154946WA0101301101
B1419291853192S04154946WA0101201102
B1419331853192S04154946WA0101301102
B1419371853192S04154947WA0101301102
B1419411853192S04154947WA0101301101
B1419451853192S04154947WA0101301101
B1419491853192S04154947WA0101301100
B1419531853192S04154947WA0101301100
B1419571853192S04154947WA0101301099
B1420011853192S04154946WA0101201099
B1420051853192S04154946WA0101201099
B1420091853192S04154946WA0101301099
B1420131853192S04154946WA0101301099
B1420171853192S04154946WA0101301099
B1420211853192S04154946WA0101301099
B1420251853192S04154946WA0101301099
B1420291853192S04154946WA0101301099
B1420331853192S04154946WA0101301099
B1420371853192S04154946WA0101301099
B1420411853192S04154946WA0101301099
B1420451853192S04154946WA0101301099
B1420491853192S04154946WA0101301099
B1420531853192S04154946WA0101301099
B1420571853192S04154946WA0101301098
B1421011853192S04154946WA0101301098
B1421051853192S04154946WA0101301098
B1421091853192S04154946WA0101301098
B1421131853192S04154947WA0101301096
B1421171853192S04154947WA0101301096
B1421211853192S04154947WA0101301096
B1421251853192S04154947WA0101301096
B1421291853192S04154947WA0101301097
B1421331853192S04154947WA0101301096
B1421371853192S04154947WA0101301096
B1421411853192S04154947WA0101301096
B1421451853192S04154948WA0101301096
B1421491853192S04154947WA0101301095
B1421531853192S04154947WA0101301095
B1421571853192S04154947WA0101301095
B1422011853192S04154947WA0101301094
B1422051853192S04154947WA0101301094
B1422091853192S04154947WA0101301094
B1422131853192S04154947WA0101301093
B1422171853193S04154947WA0101301093
B1422211853193S04154947WA0101301093
B1422251853193S04154947WA0101301093
B1422291853193S04154947WA0101301094
B1422331853193S04154947WA0101301094
B1422371853193S04154947WA0101301095
B1422411853193S04154947WA0101301095
B1422451853193S04154946WA0101301095
B1422491853193S04154946WA0101401095
B1422531853193S04154946WA0101401095
B1422571853193S04154946WA0101301095
B1423011853193S04154946WA0101301096
B1423051853193S04154946WA0101301096
B1423091853193S04154946WA0101301097
B1423131853193S04154946WA0101301097
B1423171853193S04154946WA0101401098
B1423211853193S04154946WA0101301098
B1423251853193S04154946WA0101401097
B1423291853193S04154947WA0101301097
B1423331853193S04154947WA0101301097
B1423371853193S04154947WA0101301097
B1423411853193S04154947WA0101301097
B1423451853193S04154946WA0101301098
B1423491853193S04154946WA0101301098
B1423531853193S04154946WA0101301098
B1423571853193S04154946WA0101401097
B1424011853193S04154946WA0101301097
B1424051853193S04154946WA0101301096
B1424091853193S04154946WA0101301096
B1424131853193S04154946WA0101301095
B1424171853193S04154946WA0101301094
B1424211853193S04154946WA0101301094
B1424251853193S04154946WA0101301094
B1424291853193S04154946WA0101301094
B1424331853193S04154946WA0101301094
B1424371853193S04154946WA0101301094
B1424411853193S04154946WA0101301094
B1424451853193S04154946WA0101301095
B1424491853193S04154946WA0101301095
B1424531853193S04154946WA0101301096
B1424571853193S04154946WA0101301096
B1425011853193S04154946WA0101301096
B1425051853193S04154946WA0101301096
B1425091853193S04154946WA0101301096
B1425131853193S04154946WA0101301096
B1425171853193S04154946WA0101301095
B1425211853193S04154946WA0101301095
B1425251853192S04154946WA0101301095
B1425291853192S04154946WA0101301096
B1425331853192S04154946WA0101301096
B1425371853192S04154946WA0101301096
B1425411853192S04154946WA0101301097
B1425451853192S04154946WA0101301098
B1425491853192S04154946WA0101301098
B1425531853192S04154946WA0101301098
B1425571853192S04154946WA0101301098
B1426011853192S04154946WA0101301099
B1426051853192S04154946WA0101301099
B1426091853192S04154946WA0101301100
B1426131853192S04154946WA0101301100
B1426171853192S04154946WA0101401100
B1426211853192S04154946WA0101301100
B1426251853192S04154946WA0101301100
B1426291853192S04154946WA0101301099
B1426331853192S04154946WA0101301099
B1426371853192S04154946WA0101301099
B1426411853192S04154946WA0101301098
B1426451853192S04154946WA0101301098
B1426491853192S04154946WA0101301097
B1426531853192S04154946WA0101301097
B1426571853192S04154946WA0101301098
B1427011853192S04154946WA0101301098
B1427051853192S04154946WA0101301098
B1427091853192S04154946WA0101301098
B1427131853192S04154946WA0101301098
B1427171853192S04154947WA0101301099
B1427211853192S04154947WA0101301099
B1427251853192S04154947WA0101301100
B1427291853192S04154947WA0101301100
B1427331853192S04154947WA0101401100
B1427371853192S04154947WA0101401100
B1427411853192S04154947WA0101301100
B1427451853192S04154946WA0101301099
B1427491853191S04154946WA0101301099
B1427531853191S04154946WA0101301098
B1427571853191S04154946WA0101301097
B1428011853191S04154946WA0101301096
B1428051853191S04154946WA0101301095
B1428091853191S04154946WA0101301096
B1428131853191S04154946WA0101301095
B1428171853191S04154946WA0101401096
B1428211853191S04154946WA0101401096
B1428251853191S04154946WA0101401096
B1428291853191S04154946WA0101301097
B1428331853191S04154946WA0101301098
B1428371853191S04154946WA0101301099
B1428411853191S04154946WA0101301099
B1428451853192S04154946WA0101401099
B1428491853192S04154946WA0101301099
B1428531853192S04154947WA0101401098
B1428571853192S04154947WA0101401098
B1429011853192S04154947WA0101301098
B1429051853192S04154947WA0101301099
B1429091853192S04154947WA0101301100
B1429131853192S04154947WA0101301100
B1429171853192S04154947WA0101401100
B1429211853192S04154947WA0101301099
B1429251853192S04154947WA0101301099
B1429291853192S04154947WA0101301098
B1429331853192S04154947WA0101301098
B1429371853192S04154947WA0101301097
B1429411853192S04154947WA0101301097
B1429451853192S04154947WA0101301096
B1429491853192S04154947WA0101301096
B1429531853192S04154947WA0101401095
B1429571853192S04154947WA0101401094
B1430011853192S04154947WA0101401094
B1430051853192S04154947WA0101401094
B1430091853192S04154947WA0101401093
B1430131853193S04154947WA0101401092
B1430171853193S04154947WA0101401092
B1430211853193S04154947WA0101401093
B1430251853193S04154947WA0101401093
B1430291853193S04154947WA0101401094
B1430331853193S04154947WA0101401094
B1430371853193S04154947WA0101401094
B1430411853193S04154947WA0101401093
B1430451853193S04154947WA0101401093
B1430491853193S04154947WA0101401093
B1430531853193S04154947WA0101401093
B1430571853193S04154947WA0101401092
B1431011853193S04154946WA0101401092
B1431051853193S04154946WA0101401093
B1431091853193S04154946WA0101401093
B1431131853193S04154946WA0101301094
B1431171853193S04154946WA0101401094
B1431211853193S04154946WA0101401095
B1431251853193S04154946WA0101401095
B1431291853192S04154946WA0101401096
B1431331853192S04154945WA0101401096
B1431371853192S04154946WA0101401095
B1431411853192S04154945WA0101401096
B1431451853192S04154945WA0101401096
B1431491853192S04154945WA0101401096
B1431531853192S04154945WA0101401096
B1431571853192S04154945WA0101401096
B1432011853192S04154945WA0101401096
B1432051853192S04154945WA0101401096
B1432091853192S04154945WA0101401096
B1432131853192S04154945WA0101401096
B1432171853192S04154945WA0101401096
B1432211853192S04154945WA0101401096
B1432251853192S04154945WA0101401096
B1432291853192S04154945WA0101401096
B1432331853192S04154945WA0101401097
B1432371853192S04154945WA0101401097
B1432411853191S04154945WA0101401097
B1432451853191S04154945WA0101401098
B1432491853191S04154945WA0101401098
B1432531853191S04154945WA0101401098
B1432571853191S04154945WA0101401099
B1433011853191S04154945WA0101401100
B1433051853192S04154945WA0101401100
B1433091853192S04154945WA0101401100
B1433131853192S04154945WA0101401100
B1433171853192S04154945WA0101401100
B1433211853192S04154946WA0101401100
B1433251853192S04154946WA0101401100
B1433291853192S04154946WA0101401100
B1433331853192S04154946WA0101401100
B1433371853192S04154946WA0101401101
B1433411853192S04154946WA0101401101
B1433451853192S04154946WA0101401100
B1433491853192S04154946WA0101401100
B1433531853192S04154946WA0101401099
B1433571853192S04154946WA0101401098
B1434011853192S04154946WA0101401098
B1434051853193S04154946WA0101401098
B1434091853193S04154945WA0101401098
B1434131853193S04154945WA0101401098
B1434171853193S04154945WA0101401098
B1434211853193S04154945WA0101401098
B1434251853193S04154945WA0101401097
B1434291853193S04154946WA0101401097
B1434331853192S04154946WA0101401096
B1434371853192S04154946WA0101401096
B1434411853192S04154946WA0101401096
B1434451853192S04154946WA0101401096
B1434491853192S04154946WA0101401096
B1434531853192S04154946WA0101401096
B1434571853192S04154946WA0101401097
B1435011853192S04154946WA0101401097
B1435051853192S04154946WA0101401097
B1435091853192S04154946WA0101401098
B1435131853192S04154946WA0101401098
B1435171853192S04154946WA0101401097
B1435211853192S04154946WA0101401098
B1435251853192S04154946WA0101401098
B1435291853192S04154946WA0101401098
B1435331853192S04154945WA0101401098
B1435371853192S04154945WA0101401099
B1435411853192S04154945WA0101401099
B1435451853192S04154945WA0101401099
B1435491853192S04154945WA0101401099
B1435531853192S04154945WA0101401099
B1435571853192S04154945WA0101401099
B1436011853192S04154945WA0101401099
B1436051853192S04154945WA0101401099
B1436091853192S04154945WA0101401099
B1436131853192S04154945WA0101401098
B1436171853192S04154945WA0101401098
B1436211853192S04154945WA0101401099
B1436251853192S04154945WA0101401098
B1436291853192S04154945WA0101401098
B1436331853192S04154945WA0101401098
B1436371853192S04154945WA0101401098
B1436411853192S04154945WA0101401098
B1436451853192S04154946WA0101401098
B1436491853192S04154946WA0101401098
B1436531853192S04154946WA0101401098
B1436571853192S04154946WA0101401098
B1437011853192S04154946WA0101401098
B1437051853192S04154946WA0101401098
B1437091853192S04154946WA0101401098
B1437131853192S04154946WA0101401098
B1437171853192S04154946WA0101401098
B1437211853192S04154946WA0101401098
B1437251853192S04154946WA0101401098
B1437291853192S04154946WA0101401097
B1437331853192S04154946WA0101401098
B1437371853192S04154946WA0101401097
B1437411853192S04154946WA0101401097
B1437451853192S04154946WA0101401096
B1437491853192S04154946WA0101401096
B1437531853192S04154946WA0101401096
B1437571853192S04154946WA0101401095
B1438011853192S04154946WA0101401096
B1438051853193S04154946WA0101401095
B1438091853192S04154946WA0101401095
B1438131853192S04154946WA0101401095
B1438171853192S04154946WA0101401095
B1438211853192S04154946WA0101401094
B1438251853192S04154946WA0101401094
B1438291853192S04154946WA0101401094
B1438331853192S04154946WA0101401094
B1438371853192S04154946WA0101401094
B1438411853192S04154946WA0101401094
B1438451853192S04154946WA0101401094
B1438491853192S04154946WA0101401093
B1438531853192S04154946WA0101401094
B1438571853192S04154946WA0101401094
B1439011853192S04154946WA0101401094
B1439051853192S04154946WA0101401094
B1439091853192S04154947WA0101401094
B1439131853192S04154947WA0101401093
B1439171853192S04154947WA0101501093
B1439211853192S04154947WA0101401093
B1439251853192S04154947WA0101501093
B1439291853192S04154947WA0101501093
B1439331853192S04154947WA0101501094
B1439371853193S04154947WA0101501093
B1439411853193S04154947WA0101401093
B1439451853193S04154947WA0101501093
B1439491853193S04154947WA0101501093
B1439531853193S04154947WA0101401093
B1439571853193S04154947WA0101401092
B1440011853193S04154947WA0101501092
B1440051853193S04154947WA0101401092
B1440091853193S04154947WA0101501091
B1440131853193S04154947WA0101501090
B1440171853193S04154947WA0101501090
B1440211853193S04154947WA0101501090
B1440251853192S04154947WA0101501090
B1440291853192S04154946WA0101401090
B1440331853192S04154946WA0101501091
B1440371853192S04154946WA0101401091
B1440411853192S04154946WA0101401091
B1440451853192S04154946WA0101501092
B1440491853192S04154946WA0101401092
B1440531853192S04154946WA0101501093
B1440571853192S04154946WA0101501093
B1441011853192S04154946WA0101501092
B1441051853192S04154946WA0101401092
B1441091853192S04154947WA0101501091
B1441131853192S04154947WA0101501090
B1441171853192S04154947WA0101501090
B1441211853192S04154947WA0101501089
B1441251853192S04154947WA0101501089
B1441291853192S04154947WA0101501089
B1441331853192S04154947WA0101501090
B1441371853192S04154946WA0101501090
B1441411853192S04154946WA0101401091
B1441451853192S04154946WA0101501091
B1441491853192S04154946WA0101501091
B1441531853192S04154946WA0101501091
B1441571853192S04154946WA0101501090
B1442011853192S04154946WA0101501090
B1442051853192S04154946WA0101501089
B1442091853192S04154946WA0101501089
B1442131853192S04154946WA0101501089
B1442171853192S04154946WA0101501089
B1442211853192S04154946WA0101501089
B1442251853192S04154946WA0101501089
B1442291853192S04154946WA0101501089
B1442331853192S04154946WA0101501089
B1442371853192S04154946WA0101501090
B1442411853192S04154946WA0101501089
B1442451853192S04154946WA0101501089
B1442491853192S04154946WA0101501089
B1442531853192S04154946WA0101501089
B1442571853193S04154946WA0101501089
B1443011853193S04154946WA0101501089
B1443051853193S04154946WA0101501090
B1443091853193S04154946WA0101501090
B1443131853193S04154946WA0101501091
B1443171853193S04154946WA0101501091
B1443211853193S04154946WA0101501092
B1443251853193S04154946WA0101501092
B1443291853193S04154946WA0101501092
B1443331853193S04154946WA0101501091
B1443371853193S04154946WA0101501091
B1443411853193S04154946WA0101501091
B1443451853193S04154946WA0101501091
B1443491853193S04154947WA0101501091
B1443531853192S04154947WA0101501091
B1443571853192S04154947WA0101501092
B1444011853192S04154946WA0101501092
B1444051853192S04154946WA0101501092
B1444091853192S04154946WA0101501092
B1444131853192S04154946WA0101501092
B1444171853192S04154947WA0101501092
B1444211853192S04154947WA0101501092
B1444251853192S04154947WA0101501092
B1444291853192S04154947WA0101501093
B1444331853192S04154947WA0101501093
B1444371853192S04154947WA0101501094
B1444411853192S04154947WA0101501094
B1444451853192S04154947WA0101501095
B1444491853192S04154947WA0101501095
B1444531853192S04154946WA0101501095
B1444571853192S04154946WA0101501095
B1445011853192S04154946WA0101501095
B1445051853192S04154946WA0101501094
B1445091853192S04154946WA0101501094
B1445131853192S04154947WA0101501093
B1445171853192S04154947WA0101501093
B1445211853192S04154946WA0101501093
B1445251853192S04154946WA0101501093
B1445291853192S04154946WA0101501093
B1445331853192S04154946WA0101501093
B1445371853192S04154946WA0101501094
B1445411853192S04154946WA0101501094
B1445451853192S04154946WA0101501094
B1445491853192S04154946WA0101501094
B1445531853192S04154946WA0101501094
B1445571853192S04154946WA0101501094
B1446011853193S04154946WA0101501094
B1446051853193S04154946WA0101501094
B1446091853193S04154946WA0101501093
B1446131853193S04154946WA0101501094
B1446171853193S04154946WA0101501094
B1446211853193S04154946WA0101501094
B1446251853193S04154946WA0101501095
B1446291853193S04154946WA0101501095
B1446331853192S04154946WA0101501096
B1446371853192S04154946WA0101501096
B1446411853192S04154946WA0101501096
B1446451853192S04154946WA0101501097
B1446491853192S04154946WA0101501097
B1446531853192S04154946WA0101501097
B1446571853192S04154946WA0101501097
B1447011853192S04154946WA0101501097
B1447051853192S04154946WA0101501096
B1447091853192S04154946WA0101501096
B1447131853192S04154946WA0101501096
B1447171853192S04154946WA0101501096
B1447211853192S04154947WA0101501096
B1447251853192S04154946WA0101501096
B1447291853192S04154946WA0101501096
B1447331853192S04154946WA0101501096
B1447371853192S04154946WA0101501096
B1447411853191S04154946WA0101501096
B1447451853191S04154946WA0101501096
B1447491853191S04154946WA0101501097
B1447531853191S04154946WA0101501097
B1447571853191S04154946WA0101501098
B1448011853191S04154946WA0101501098
B1448051853191S04154946WA0101501099
B1448091853191S04154946WA0101501099
B1448131853191S04154946WA0101501099
B1448171853191S04154946WA0101501099
B1448211853191S04154946WA0101501098
B1448251853191S04154946WA0101501098
B1448291853191S04154946WA0101501098
B1448331853191S04154946WA0101501098
B1448371853191S04154946WA0101501098
B1448411853192S04154947WA0101501098
B1448451853192S04154947WA0101501098
B1448491853192S04154947WA0101501097
B1448531853192S04154947WA0101501096
B1448571853192S04154947WA0101501096
B1449011853192S04154947WA0101501096
B1449051853192S04154947WA0101501096
B1449091853192S04154947WA0101501096
B1449131853192S04154947WA0101501096
B1449171853192S04154947WA0101501097
B1449211853192S04154947WA0101501097
B1449251853192S04154947WA0101501098
B1449291853192S04154947WA0101501098
B1449331853192S04154947WA0101501098
B1449371853192S04154947WA0101501098
B1449411853192S04154947WA0101501098
B1449451853192S04154947WA0101501098
B1449491853192S04154947WA0101501098
B1449531853192S04154947WA0101501098
B1449571853192S04154947WA0101501098
B1450011853192S04154947WA0101501098
B1450051853192S04154947WA0101501097
B1450091853192S04154947WA0101501097
B1450131853192S04154947WA0101501097
B1450171853192S04154947WA0101501096
B1450211853192S04154947WA0101501096
B1450251853192S04154947WA0101501096
B1450291853192S04154947WA0101501095
B1450331853192S04154947WA0101501095
B1450371853192S04154948WA0101501094
B1450411853192S04154948WA0101501094
B1450451853192S04154948WA0101501093
B1450491853192S04154947WA0101501093
B1450531853192S04154947WA0101501093
B1450571853193S04154947WA0101501092
B1451011853193S04154947WA0101501092
B1451051853193S04154947WA0101501092
B1451091853193S04154947WA0101501091
B1451131853193S04154947WA0101501091
B1451171853193S04154947WA0101501091
B1451211853193S04154947WA0101501091
B1451251853193S04154946WA0101501092
B1451291853193S04154946WA0101501092
B1451331853192S04154946WA0101501092
B1451371853192S04154946WA0101501092
B1451411853192S04154946WA0101501092
B1451451853192S04154946WA0101501092
B1451491853192S04154946WA0101501092
B1451531853192S04154946WA0101501092
B1451571853192S04154946WA0101501092
B1452011853192S04154946WA0101501092
B1452051853192S04154946WA0101501092
B1452091853192S04154946WA0101501092
B1452131853192S04154946WA0101501092
B1452171853192S04154946WA0101501093
B1452211853192S04154946WA0101501093
B1452251853192S04154946WA0101501093
B1452291853192S04154946WA0101501093
B1452331853192S04154946WA0101501093
B1452371853192S04154946WA0101501094
B1452411853192S04154946WA0101501094
B1452451853192S04154946WA0101501094
B1452491853192S04154946WA0101501094
B1452531853192S04154946WA0101501094
B1452571853192S04154946WA0101501094
B1453011853192S04154946WA0101501094
B1453051853192S04154946WA0101501094
B1453091853192S04154946WA0101501094
B1453131853192S04154946WA0101501093
B1453171853192S04154946WA0101501094
B1453211853192S04154946WA0101501093
B1453251853192S04154946WA0101501094
B1453291853192S04154946WA0101501094
B1453331853192S04154946WA0101501094
B1453371853192S04154946WA0101501095
B1453411853192S04154946WA0101501095
B1453451853192S04154946WA0101501095
B1453491853192S04154946WA0101501096
B1453531853192S04154946WA0101501096
B1453571853192S04154945WA0101501096
B1454011853192S04154945WA0101501097
B1454051853192S04154945WA0101501097
B1454091853192S04154945WA0101501096
B1454131853192S04154945WA0101501096
B1454171853192S04154945WA0101501096
B1454211853192S04154945WA0101501096
B1454251853192S04154945WA0101501096
B1454291853192S04154945WA0101501096
B1454331853192S04154945WA0101501096
B1454371853192S04154945WA0101501096
B1454411853192S04154945WA0101501096
B1454451853192S04154945WA0101501096
B1454491853192S04154945WA0101501096
B1454531853192S04154945WA0101501096
B1454571853192S04154945WA0101501097
B1455011853192S04154946WA0101501096
B1455051853192S04154946WA0101601095
B1455091853192S04154946WA0101501096
B1455131853192S04154946WA0101601097
B1455171853191S04154946WA0101501098
B1455211853191S04154946WA0101601099
B1455251853191S04154946WA0101501099
B1455291853191S04154946WA0101501100
B1455331853191S04154946WA0101601100
B1455371853191S04154946WA0101501100
B1455411853191S04154946WA0101501100
B1455451853191S04154946WA0101601099
B1455491853191S04154946WA0101601099
B1455531853191S04154946WA0101601099
B1455571853191S04154946WA0101601098
B1456011853191S04154946WA0101601098
B1456051853191S04154946WA0101601097
B1456091853191S04154946WA0101601097
B1456131853191S04154946WA0101601096
B1456171853191S04154946WA0101601095
B1456211853191S04154946WA0101601095
B1456251853191S04154946WA0101601094
B1456291853191S04154946WA0101601094
B1456331853191S04154946WA0101601094
B1456371853191S04154946WA0101601094
B1456411853191S04154946WA0101501094
B1456451853191S04154946WA0101601094
B1456491853191S04154945WA0101501095
B1456531853192S04154945WA0101501095
B1456571853192S04154945WA0101601094
B1457011853192S04154946WA0101601095
B1457051853192S04154946WA0101501095
B1457091853192S04154946WA0101501095
B1457131853192S04154946WA0101601095
B1457171853192S04154946WA0101601095
B1457211853192S04154945WA0101601095
B1457251853192S04154946WA0101601095
B1457291853193S04154946WA0101501094
B1457331853193S04154946WA0101601093
B1457371853193S04154946WA0101501093
B1457411853193S04154946WA0101501093
B1457451853193S04154946WA0101501092
B1457491853193S04154946WA0101601092
B1457531853193S04154946WA0101601091
B1457571853193S04154945WA0101601091
B1458011853193S04154945WA0101601091
B1458051853192S04154945WA0101601092
B1458091853192S04154945WA0101601092
B1458131853192S04154945WA0101601092
B1458171853192S04154945WA0101501092
B1458211853192S04154945WA0101601092
B1458251853192S04154945WA0101601093
B1458291853192S04154945WA0101501093
B1458331853192S04154945WA0101601093
B1458371853192S04154945WA0101601094
B1458411853192S04154945WA0101601094
B1458451853192S04154945WA0101601094
B1458491853192S04154945WA0101601094
B1458531853192S04154945WA0101601094
B1458571853192S04154945WA0101601094
B1459011853192S04154945WA0101601094
B1459051853192S04154945WA0101601094
B1459091853192S04154945WA0101601094
B1459131853192S04154945WA0101601094
B1459171853192S04154945WA0101601095
B1459211853192S04154944WA0101601095
B1459251853192S04154945WA0101501095
B1459291853192S04154945WA0101501095
B1459331853192S04154945WA0101601095
B1459371853192S04154944WA0101501096
B1459411853192S04154944WA0101501096
B1459451853192S04154944WA0101501096
B1459491853192S04154944WA0101601096
B1459531853192S04154944WA0101501096
B1459571853192S04154944WA0101501096
B1500011853192S04154944WA0101601096
B1500051853192S04154944WA0101501096
B1500091853192S04154944WA0101501096
B1500131853192S04154944WA0101501095
B1500171853192S04154944WA0101501095
B1500211853192S04154944WA0101601094
B1500251853192S04154944WA0101601094
B1500291853192S04154944WA0101601094
B1500331853192S04154945WA0101501094
B1500371853192S04154945WA0101501094
B1500411853192S04154945WA0101501094
B1500451853191S04154945WA0101501093
B1500491853191S04154945WA0101601093
B1500531853191S04154945WA0101601092
B1500571853191S04154945WA0101501092
B1501011853191S04154945WA0101601092
B1501051853191S04154944WA0101501092
B1501091853191S04154944WA0101501092
B1501131853191S04154944WA0101501092
B1501171853192S04154944WA0101501092
B1501211853192S04154944WA0101501093
B1501251853192S04154944WA0101501094
B1501291853192S04154944WA0101501094
B1501331853192S04154945WA0101501094
B1501371853192S04154945WA0101501094
B1501411853192S04154945WA0101501095
B1501451853192S04154945WA0101501095
B1501491853192S04154944WA0101501095
B1501531853192S04154944WA0101501096
B1501571853192S04154944WA0101601096
B1502011853192S04154944WA0101501096
B1502051853192S04154944WA0101501096
B1502091853193S04154944WA0101501096
B1502131853193S04154945WA0101501096
B1502171853193S04154945WA0101501095
B1502211853192S04154945WA0101501095
B1502251853192S04154945WA0101501094
B1502291853192S04154945WA0101501094
B1502331853192S04154945WA0101501093
B1502371853192S04154945WA0101501093
B1502411853192S04154945WA0101501092
B1502451853192S04154945WA0101501092
B1502491853192S04154945WA0101501091
B1502531853192S04154945WA0101501091
B1502571853192S04154945WA0101501091
B1503011853192S04154945WA0101501091
B1503051853192S04154945WA0101501091
B1503091853192S04154945WA0101501091
B1503131853192S04154945WA0101501091
B1503171853192S04154945WA0101501091
B1503211853192S04154945WA0101501091
B1503251853192S04154945WA0101501091
B1503291853192S04154945WA0101501092
B1503331853192S04154945WA0101501091
B1503371853192S04154945WA0101501092
B1503411853192S04154945WA0101501092
B1503451853192S04154946WA0101501091
B1503491853192S04154946WA0101501091
B1503531853192S04154946WA0101501091
B1503571853192S04154946WA0101501092
B1504011853192S04154946WA0101501092
B1504051853192S04154946WA0101501093
B1504091853192S04154946WA0101501093
B1504131853192S04154946WA0101501093
B1504171853193S04154946WA0101501093
B1504211853193S04154947WA0101501093
B1504251853193S04154947WA0101501093
B1504291853193S04154947WA0101501093
B1504331853193S04154947WA0101501092
B1504371853193S04154947WA0101501092
B1504411853193S04154947WA0101501092
B1504451853193S04154947WA0101501092
B1504491853193S04154947WA0101501092
B1504531853193S04154947WA0101501092
B1504571853193S04154947WA0101601092
B1505011853192S04154947WA0101601092
B1505051853193S04154946WA0101501092
B1505091853192S04154946WA0101501093
B1505131853192S04154946WA0101601093
B1505171853192S04154946WA0101601093
B1505211853192S04154946WA0101601093
B1505251853192S04154946WA0101501092
B1505291853192S04154946WA0101501093
B1505331853192S04154946WA0101601094
B1505371853192S04154946WA0101601095
B1505411853192S04154946WA0101601096
B1505451853192S04154946WA0101601097
B1505491853192S04154946WA0101601098
B1505531853192S04154946WA0101601098
B1505571853192S04154947WA0101601097
B1506011853193S04154947WA0101601096
B1506051853193S04154947WA0101601095
B1506091853193S04154947WA0101601095
B1506131853193S04154947WA0101601094
B1506171853193S04154947WA0101601093
B1506211853193S04154947WA0101601094
B1506251853192S04154946WA0101601094
B1506291853192S04154946WA0101601094
B1506331853192S04154946WA0101601094
B1506371853192S04154946WA0101601093
B1506411853192S04154946WA0101601093
B1506451853192S04154946WA0101601092
B1506491853192S04154946WA0101601091
B1506531853192S04154946WA0101601091
B1506571853192S04154946WA0101601090
B1507011853192S04154947WA0101601090
B1507051853192S04154947WA0101601090
B1507091853192S04154947WA0101601090
B1507131853192S04154947WA0101601090
B1507171853192S04154947WA0101601090
B1507211853191S04154947WA0101601090
B1507251853191S04154946WA0101601090
B1507291853191S04154946WA0101601091
B1507331853191S04154946WA0101601091
B1507371853191S04154946WA0101601091
B1507411853191S04154947WA0101601091
B1507451853192S04154947WA0101601092
B1507491853192S04154947WA0101601092
B1507531853192S04154947WA0101601092
B1507571853192S04154946WA0101601092
B1508011853192S04154946WA0101601093
B1508051853192S04154946WA0101601093
B1508091853192S04154946WA0101601094
B1508131853192S04154946WA0101601094
B1508171853192S04154946WA0101601094
B1508211853192S04154946WA0101601094
B1508251853192S04154946WA0101601094
B1508291853192S04154946WA0101601094
B1508331853193S04154946WA0101601093
B1508371853193S04154946WA0101601093
B1508411853193S04154946WA0101601092
B1508451853193S04154946WA0101701093
B1508491853193S04154945WA0101701093
B1508531853193S04154945WA0101601094
B1508571853193S04154945WA0101601094
B1509011853192S04154946WA0101601095
B1509051853192S04154946WA0101601095
B1509091853192S04154946WA0101601095
B1509131853192S04154946WA0101601094
B1509171853192S04154946WA0101601094
B1509211853192S04154946WA0101601094
B1509251853192S04154946WA0101601094
B1509291853192S04154946WA0101601094
B1509331853191S04154946WA0101601094
B1509371853191S04154946WA0101601094
B1509411853191S04154946WA0101601094
B1509451853192S04154946WA0101601093
B1509491853192S04154946WA0101601093
B1509531853192S04154946WA0101601092
B1509571853192S04154946WA0101601092
B1510011853192S04154946WA0101601092
B1510051853192S04154946WA0101601092
B1510091853191S04154946WA0101601091
B1510131853191S04154945WA0101601092
B1510171853191S04154945WA0101601092
B1510211853192S04154945WA0101601093
B1510251853192S04154945WA0101601093
B1510291853192S04154945WA0101601093
B1510331853192S04154945WA0101601094
B1510371853192S04154945WA0101601094
B1510411853192S04154945WA0101601094
B1510451853192S04154946WA0101601094
B1510491853192S04154946WA0101601093
B1510531853191S04154946WA0101601093
B1510571853191S04154946WA0101601094
B1511011853191S04154946WA0101601093
B1511051853191S04154946WA0101601094
B1511091853191S04154946WA0101601095
B1511131853191S04154946WA0101601095
B1511171853191S04154946WA0101601095
B1511211853191S04154946WA0101601095
B1511251853191S04154946WA0101601094
B1511291853191S04154946WA0101601094
B1511331853191S04154946WA0101601093
B1511371853191S04154946WA0101601093
B1511411853191S04154946WA0101601092
B1511451853191S04154946WA0101601092
B1511491853191S04154946WA0101601092
B1511531853191S04154946WA0101601092
B1511571853191S04154946WA0101601092
B1512011853191S04154946WA0101601093
B1512051853191S04154945WA0101601093
B1512091853191S04154945WA0101601094
B1512131853191S04154945WA0101601094
B1512171853191S04154945WA0101601093
B1512211853191S04154945WA0101601093
B1512251853191S04154945WA0101601093
B1512291853191S04154945WA0101601093
B1512331853191S04154945WA0101601093
B1512371853191S04154946WA0101601093
B1512411853191S04154946WA0101601093
B1512451853192S04154946WA0101601093
B1512491853192S04154946WA0101601092
B1512531853192S04154946WA0101601093
B1512571853192S04154945WA0101601093
B1513011853192S04154945WA0101601092
B1513051853192S04154945WA0101601092
B1513091853192S04154945WA0101601092
B1513131853191S04154946WA0101601092
B1513171853191S04154946WA0101601092
B1513211853191S04154946WA0101601092
B1513251853191S04154946WA0101601092
B1513291853191S04154946WA0101601091
B1513331853191S04154946WA0101601091
B1513371853191S04154946WA0101601091
B1513411853191S04154946WA0101701091
B1513451853191S04154946WA0101601091
B1513491853191S04154946WA0101701090
B1513531853191S04154946WA0101701090
B1513571853191S04154946WA0101601090
B1514011853191S04154946WA0101601090
B1514051853191S04154946WA0101601091
B1514091853191S04154946WA0101601090
B1514131853191S04154946WA0101601090
B1514171853191S04154946WA0101601091
B1514211853191S04154946WA0101601091
B1514251853191S04154946WA0101601092
B1514291853191S04154946WA0101601093
B1514331853191S04154946WA0101601093
B1514371853191S04154946WA0101601093
B1514411853191S04154945WA0101601094
B1514451853191S04154945WA0101601094
B1514491853191S04154945WA0101601095
B1514531853191S04154946WA0101601095
B1514571853190S04154946WA0101601095
B1515011853190S04154946WA0101601095
B1515051853190S04154946WA0101601095
B1515091853190S04154946WA0101601095
B1515131853190S04154945WA0101601095
B1515171853190S04154946WA0101601095
B1515211853190S04154946WA0101601096
B1515251853190S04154946WA0101601096
B1515291853191S04154946WA0101701096
B1515331853191S04154945WA0101601096
B1515371853191S04154945WA0101601095
B1515411853191S04154946WA0101601094
B1515451853190S04154946WA0101601094
B1515491853190S04154946WA0101601091
B1515531853190S04154946WA0101601091
B1515571853190S04154946WA0101601092
B1516011853190S04154946WA0101601092
B1516051853189S04154946WA0101601093
B1516091853189S04154945WA0101601095
B1516131853189S04154945WA0101601094
B1516171853189S04154946WA0101701091
B1516211853189S04154946WA0101701090
B1516251853189S04154947WA0101701090
B1516291853189S04154947WA0101601089
B1516331853188S04154947WA0101601089
B1516371853188S04154947WA0101701090
B1516411853188S04154946WA0101601089
B1516451853188S04154947WA0101601087
B1516491853188S04154946WA0101601086
B1516531853188S04154946WA0101601084
B1516571853188S04154945WA0101601085
B1517011853188S04154944WA0101601085
B1517051853189S04154944WA0101601085
B1517091853189S04154944WA0101601083
B1517131853188S04154944WA0101601080
B1517171853188S04154945WA0101601079
B1517211853188S04154946WA0101601078
B1517251853188S04154946WA0101601077
B1517291853189S04154946WA0101601076
B1517331853189S04154947WA0101601076
B1517371853189S04154946WA0101601076
B1517411853189S04154947WA0101601077
B1517451853189S04154946WA0101601077
B1517491853189S04154946WA0101601076
B1517531853189S04154946WA0101601076
B1517571853189S04154946WA0101601077
B1518011853189S04154946WA0101601077
B1518051853189S04154946WA0101601077
B1518091853190S04154946WA0101601077
B1518131853189S04154946WA0101601078
B1518171853190S04154946WA0101601079
B1518211853190S04154946WA0101701080
B1518251853190S04154947WA0101701080
B1518291853191S04154947WA0101701081
B1518331853191S04154947WA0101701083
B1518371853191S04154948WA0101701083
B1518411853191S04154948WA0101701084
B1518451853191S04154948WA0101601084
B1518491853191S04154948WA0101701085
B1518531853191S04154948WA0101701086
B1518571853192S04154948WA0101701086
B1519011853192S04154948WA0101701086
B1519051853192S04154948WA0101701086
B1519091853192S04154948WA0101701086
B1519131853192S04154948WA0101701087
B1519171853192S04154948WA0101701088
B1519211853192S04154948WA0101701088
B1519251853191S04154949WA0101701089
B1519291853192S04154949WA0101701089
B1519331853192S04154948WA0101701089
B1519371853192S04154948WA0101701090
B1519411853192S04154948WA0101701090
B1519451853192S04154948WA0101701091
B1519491853192S04154948WA0101701092
B1519531853192S04154948WA0101701093
B1519571853192S04154948WA0101701093
B1520011853192S04154948WA0101701094
B1520051853192S04154948WA0101701094
B1520091853192S04154948WA0101701094
B1520131853192S04154948WA0101701095
B1520171853192S04154948WA0101701095
B1520211853192S04154948WA0101701095
B1520251853191S04154948WA0101701096
B1520291853192S04154948WA0101701095
B1520331853192S04154948WA0101701095
B1520371853192S04154948WA0101701094
B1520411853192S04154948WA0101701094
B1520451853192S04154948WA0101701094
B1520491853192S04154948WA0101701093
B1520531853192S04154948WA0101701093
B1520571853192S04154948WA0101701093
B1521011853192S04154948WA0101701093
B1521051853192S04154948WA0101701093
B1521091853192S04154947WA0101701093
B1521131853192S04154947WA0101701092
B1521171853192S04154947WA0101701092
B1521211853192S04154947WA0101701092
B1521251853192S04154947WA0101701092
B1521291853192S04154947WA0101701093
B1521331853192S04154947WA0101701094
B1521371853192S04154948WA0101701094
B1521411853192S04154948WA0101701095
B1521451853192S04154948WA0101701095
B1521491853192S04154948WA0101701095
B1521531853192S04154948WA0101701094
B1521571853192S04154948WA0101701095
B1522011853192S04154947WA0101701095
B1522051853192S04154947WA0101701095
B1522091853192S04154947WA0101701095
B1522131853193S04154947WA0101701095
B1522171853193S04154947WA0101701094
B1522211853193S04154947WA0101701094
B1522251853193S04154948WA0101701094
B1522291853193S04154948WA0101701093
B1522331853193S04154948WA0101701093
B1522371853193S04154948WA0101701094
B1522411853193S04154948WA0101701094
B1522451853193S04154948WA0101701095
B1522491853193S04154948WA0101701096
B1522531853193S04154948WA0101701096
B1522571853193S04154948WA0101701096
B1523011853193S04154949WA0101701096
B1523051853193S04154949WA0101701096
B1523091853193S04154949WA0101701096
B1523131853193S04154949WA0101701095
B1523171853194S04154949WA0101701095
B1523211853194S04154949WA0101701096
B1523251853194S04154949WA0101701095
B1523291853193S04154949WA0101701095
B1523331853194S04154949WA0101701094
B1523371853194S04154949WA0101701093
B1523411853194S04154949WA0101701093
B1523451853194S04154949WA0101701092
B1523491853194S04154949WA0101701092
B1523531853194S04154948WA0101701091
B1523571853194S04154948WA0101701092
B1524011853193S04154948WA0101701092
B1524051853193S04154948WA0101701091
B1524091853193S04154948WA0101701091
B1524131853193S04154949WA0101701091
B1524171853193S04154949WA0101701091
B1524211853193S04154949WA0101701092
B1524251853193S04154949WA0101701092
B1524291853193S04154949WA0101701092
B1524331853193S04154949WA0101701091
B1524371853193S04154949WA0101701090
B1524411853193S04154949WA0101701090
B1524451853193S04154948WA0101701091
B1524491853193S04154948WA0101701091
B1524531853193S04154949WA0101701089
B1524571853193S04154949WA0101701090
B1525011853193S04154949WA0101701090
B1525051853193S04154949WA0101701091
B1525091853193S04154949WA0101701091
B1525131853193S04154948WA0101701091
B1525171853194S04154948WA0101701091
B1525211853194S04154948WA0101701091
B1525251853194S04154949WA0101701091
B1525291853194S04154949WA0101701092
B1525331853194S04154949WA0101701092
B1525371853194S04154949WA0101701092
B1525411853195S04154950WA0101701094
B1525451853195S04154947WA0101701093
B1525491853194S04154945WA0101701092
B1525531853193S04154944WA0101701091
B1525571853192S04154942WA0101701090
B1526011853192S04154939WA0101701090
B1526051853191S04154937WA0101601090
B1526091853192S04154937WA0101601089
B1526131853192S04154936WA0101601088
B1526171853191S04154936WA0101601088
B1526211853191S04154936WA0101601088
B1526251853191S04154936WA0101601088
B1526291853191S04154936WA0101601088
B1526331853191S04154935WA0101601088
B1526371853191S04154935WA0101601088
B1526411853191S04154935WA0101601088
B1526451853191S04154935WA0101601088
B1526491853191S04154935WA0101601088
B1526531853191S04154935WA0101601088
B1526571853191S04154935WA0101601088
B1527011853191S04154935WA0101601088
B1527051853191S04154935WA0101601088
B1527091853191S04154935WA0101601088
B1527131853191S04154935WA0101601088
B1527171853191S04154935WA0101601089
B1527211853191S04154932WA0101501089
B1527251853192S04154930WA0101401089
B1527291853192S04154927WA0101401087
B1527331853193S04154925WA0101301085
B1527371853193S04154922WA0101201085
B1527411853193S04154919WA0101201084
B1527451853193S04154917WA0101201084
B1527491853193S04154914WA0101201083
B1527531853193S04154911WA0101201082
B1527571853194S04154909WA0101101082
B1528011853194S04154906WA0101101083
B1528051853194S04154903WA0101101082
B1528091853194S04154902WA0101101081
B1528131853195S04154900WA0101101081
B1528171853194S04154898WA0101101080
B1528211853194S04154897WA0101101080
B1528251853193S04154897WA0101101080
B1528291853193S04154897WA0101101081
B1528331853193S04154897WA0101101081
B1528371853193S04154897WA0101101081
B1528411853193S04154897WA0101001082
B1528451853193S04154897WA0101001082
B1528491853193S04154897WA0101101083
B1528531853193S04154897WA0101001083
B1528571853193S04154897WA0101001083
B1529011853193S04154897WA0101001083
B1529051853193S04154897WA0101001083
B1529091853193S04154897WA0101001083
B1529131853193S04154897WA0101001083
B1529171853193S04154897WA0101001083
B1529211853193S04154897WA0101001083
B1529251853193S04154897WA0101001083
B1529291853193S04154897WA0101001083
B1529331853193S04154897WA0101001083
B1529371853193S04154897WA0101001082
B1529411853193S04154897WA0101001083
B1529451853193S04154897WA0101001083
B1529491853193S04154897WA0101001083
B1529531853193S04154897WA0101001083
B1529571853193S04154897WA0101001083
B1530011853193S04154897WA0101001083
B1530051853194S04154897WA0101001082
B1530091853194S04154897WA0101001081
B1530131853194S04154897WA0101001081
B1530171853194S04154897WA0101001080
B1530211853194S04154897WA0101001080
B1530251853194S04154897WA0101001079
B1530291853194S04154897WA0101001079
B1530331853194S04154897WA0101001079
B1530371853194S04154897WA0101001079
B1530411853194S04154897WA0101001079
B1530451853194S04154897WA0101101079
B1530491853194S04154897WA0101001079
B1530531853194S04154897WA0101001078
B1530571853194S04154897WA0101001079
B1531011853194S04154897WA0101001079
B1531051853194S04154897WA0101001078
B1531091853194S04154897WA0101101079
B1531131853194S04154897WA0101101081
B1531171853194S04154897WA0101101082
B1531211853194S04154897WA0101101082
B1531251853193S04154897WA0101101082
B1531291853193S04154896WA0101101082
B1531331853193S04154897WA0101101082
B1531371853193S04154896WA0101101082
B1531411853193S04154896WA0101101082
B1531451853193S04154896WA0101101082
B1531491853193S04154897WA0101101081
B1531531853193S04154896WA0101101081
B1531571853193S04154897WA0101101082
B1532011853193S04154897WA0101101082
B1532051853193S04154897WA0101101082
B1532091853193S04154897WA0101101082
B1532131853193S04154896WA0101101082
B1532171853193S04154896WA0101101082
B1532211853193S04154896WA0101101082
B1532251853193S04154896WA0101101082
B1532291853193S04154896WA0101001082
B1532331853193S04154896WA0101001082
B1532371853193S04154896WA0101101082
B1532411853193S04154896WA0101001082
B1532451853193S04154896WA0101001082
B1532491853193S04154896WA0101101081
B1532531853193S04154896WA0101001081
B1532571853193S04154896WA0101001081
B1533011853193S04154896WA0101001081
B1533051853193S04154896WA0101001081
B1533091853193S04154896WA0101001081
B1533131853193S04154896WA0101001081
B1533171853193S04154896WA0101101081
B1533211853193S04154896WA0101001081
B1533251853193S04154896WA0101001081
B1533291853193S04154896WA0101001081
B1533331853193S04154897WA0101101081
B1533371853193S04154897WA0101001081
B1533411853193S04154897WA0101001080
B1533451853193S04154896WA0101001080
B1533491853193S04154896WA0101001080
B1533531853193S04154896WA0101101080
B1533571853193S04154896WA0101001080
B1534011853193S04154896WA0101001081
B1534051853193S04154896WA0101001080
B1534091853193S04154896WA0101001080
B1534131853193S04154896WA0101101080
B1534171853193S04154896WA0101101079
B1534211853193S04154896WA0101101079
B1534251853193S04154896WA0101001079
B1534291853193S04154896WA0101001079
B1534331853193S04154896WA0101101079
B1534371853193S04154896WA0101101079
B1534411853193S04154896WA0101101079
B1534451853193S04154896WA0101101079
B1534491853193S04154896WA0101101080
B1534531853193S04154896WA0101101080
B1534571853193S04154896WA0101101080
B1535011853193S04154896WA0101101080
B1535051853193S04154896WA0101101080
B1535091853193S04154896WA0101101081
B1535131853193S04154896WA0101101081
B1535171853193S04154896WA0101101080
B1535211853193S04154896WA0101101080
B1535251853193S04154896WA0101001080
B1535291853193S04154896WA0101101080
B1535331853193S04154896WA0101101081
B1535371853193S04154896WA0101101081
B1535411853193S04154896WA0101101081
B1535451853193S04154896WA0101101081
B1535491853193S04154896WA0101101081
B1535531853193S04154896WA0101101081
B1535571853193S04154896WA0101101081
B1536011853193S04154896WA0101101081
B1536051853193S04154896WA0101101081
B1536091853193S04154896WA0101101082
B1536131853193S04154896WA0101101082
B1536171853193S04154896WA0101101082
B1536211853193S04154896WA0101101082
B1536251853193S04154896WA0101101082
B1536291853193S04154896WA0101101081
B1536331853193S04154896WA0101101081
B1536371853193S04154896WA0101101081
B1536411853193S04154896WA0101101082
B1536451853193S04154896WA0101101082
B1536491853193S04154896WA0101101081
B1536531853193S04154896WA0101001081
B1536571853193S04154896WA0101101081
B1537011853193S04154896WA0101101082
B1537051853193S04154896WA0101101082
B1537091853193S04154896WA0101101081
B1537131853193S04154896WA0101101081
B1537171853193S04154896WA0101101081
B1537211853194S04154896WA0101101082
B1537251853193S04154896WA0101101082
B1537291853194S04154896WA0101101081
B1537331853193S04154896WA0101101081
B1537371853194S04154896WA0101101082
B1537411853193S04154896WA0101101082
B1537451853193S04154896WA0101101083
B1537491853193S04154896WA0101101083
B1537531853193S04154896WA0101201083
B1537571853193S04154896WA0101101083
B1538011853193S04154896WA0101101083
B1538051853193S04154896WA0101201084
B1538091853193S04154896WA0101201084
B1538131853193S04154896WA0101101085
B1538171853193S04154896WA0101201085
B1538211853193S04154896WA0101201086
B1538251853193S04154896WA0101201086
B1538291853193S04154896WA0101201086
B1538331853193S04154896WA0101201086
B1538371853193S04154897WA0101101085
B1538411853193S04154897WA0101201084
B1538451853193S04154897WA0101201083
B1538491853193S04154897WA0101201084
B1538531853193S04154897WA0101101084
B1538571853193S04154897WA0101101084
B1539011853193S04154897WA0101101084
B1539051853193S04154897WA0101201083
B1539091853193S04154897WA0101201083
B1539131853193S04154897WA0101201083
B1539171853193S04154897WA0101201083
B1539211853193S04154896WA0101201083
B1539251853193S04154896WA0101201083
B1539291853193S04154896WA0101201083
B1539331853193S04154896WA0101201083
B1539371853193S04154896WA0101201083
B1539411853193S04154896WA0101201083
B1539451853193S04154896WA0101201083
B1539491853193S04154896WA0101201083
B1539531853193S04154896WA0101201083
B1539571853192S04154896WA0101201083
B1540011853192S04154896WA0101201083
B1540051853192S04154896WA0101201083
B1540091853192S04154896WA0101201083
B1540131853193S04154896WA0101201083
B1540171853192S04154897WA0101201083
B1540211853192S04154896WA0101201083
B1540251853192S04154896WA0101201083
B1540291853192S04154896WA0101201083
B1540331853192S04154896WA0101201083
B1540371853192S04154896WA0101201083
B1540411853192S04154896WA0101201082
B1540451853192S04154896WA0101201082
B1540491853192S04154896WA0101201082
B1540531853192S04154896WA0101201082
B1540571853192S04154896WA0101201082
B1541011853192S04154896WA0101201082
B1541051853192S04154896WA0101201081
B1541091853192S04154896WA0101201081
B1541131853192S04154896WA0101201081
B1541171853192S04154896WA0101201081
B1541211853192S04154896WA0101201081
B1541251853192S04154896WA0101201081
B1541291853192S04154896WA0101201081
B1541331853192S04154896WA0101201081
B1541371853192S04154896WA0101201080
B1541411853192S04154896WA0101201080
B1541451853192S04154896WA0101201080
B1541491853192S04154896WA0101201080
B1541531853192S04154896WA0101201080
B1541571853192S04154896WA0101201080
B1542011853192S04154896WA0101201080
B1542051853192S04154896WA0101201080
B1542091853192S04154896WA0101201080
B1542131853192S04154896WA0101201080
B1542171853192S04154896WA0101201080
B1542211853192S04154896WA0101201079
B1542251853192S04154896WA0101201079
B1542291853192S04154896WA0101201079
B1542331853192S04154896WA0101201079
B1542371853192S04154896WA0101201079
B1542411853192S04154896WA0101301079
B1542451853192S04154896WA0101201079
B1542491853192S04154896WA0101201080
B1542531853192S04154896WA0101201080
B1542571853192S04154896WA0101201080
B1543011853192S04154896WA0101201080
B1543051853192S04154896WA0101201080
B1543091853192S04154896WA0101201080
B1543131853192S04154896WA0101301080
B1543171853192S04154896WA0101201080
B1543211853192S04154896WA0101201079
B1543251853192S04154896WA0101201079
B1543291853192S04154896WA0101201079
B1543331853192S04154895WA0101201080
B1543371853192S04154895WA0101201080
B1543411853192S04154895WA0101201080
B1543451853192S04154895WA0101201080
B1543491853192S04154895WA0101301080
B1543531853192S04154895WA0101201081
B1543571853192S04154895WA0101201081
B1544011853192S04154895WA0101201080
B1544051853192S04154895WA0101201080
B1544091853192S04154895WA0101201080
B1544131853192S04154895WA0101201080
B1544171853192S04154895WA0101201080
B1544211853192S04154895WA0101201080
B1544251853192S04154895WA0101201080
B1544291853192S04154895WA0101201080
B1544331853192S04154895WA0101301080
B1544371853192S04154895WA0101201080
B1544411853192S04154895WA0101201080
B1544451853192S04154895WA0101201079
B1544491853192S04154895WA0101201079
B1544531853192S04154895WA0101201079
B1544571853192S04154895WA0101201079
B1545011853192S04154895WA0101201079
B1545051853192S04154895WA0101201079
B1545091853192S04154895WA0101201079
B1545131853192S04154895WA0101201079
B1545171853192S04154895WA0101301079
B1545211853192S04154895WA0101201080
B1545251853192S04154895WA0101301080
B1545291853192S04154895WA0101301081
B1545331853192S04154895WA0101301081
B1545371853192S04154896WA0101301081
B1545411853192S04154895WA0101301082
B1545451853192S04154896WA0101301082
B1545491853192S04154896WA0101301082
B1545531853192S04154896WA0101301082
B1545571853192S04154896WA0101301083
B1546011853192S04154896WA0101301083
B1546051853192S04154896WA0101301083
B1546091853193S04154896WA0101301083
B1546131853193S04154896WA0101201084
B1546171853193S04154896WA0101301084
B1546211853193S04154897WA0101301084
B1546251853193S04154897WA0101301083
B1546291853193S04154897WA0101301083
B1546331853193S04154897WA0101201084
B1546371853193S04154897WA0101301084
B1546411853193S04154897WA0101301084
B1546451853193S04154897WA0101301084
B1546491853193S04154897WA0101301084
B1546531853193S04154897WA0101301084
B1546571853193S04154897WA0101301085
B1547011853193S04154897WA0101301085
B1547051853193S04154897WA0101301085
B1547091853193S04154897WA0101301085
B1547131853193S04154897WA0101301086
B1547171853193S04154897WA0101301086
B1547211853193S04154897WA0101301086
B1547251853193S04154897WA0101301086
B1547291853193S04154897WA0101301086
B1547331853193S04154897WA0101301086
B1547371853193S04154897WA0101301087
B1547411853193S04154897WA0101301087
B1547451853193S04154897WA0101301087
B1547491853193S04154897WA0101301087
B1547531853193S04154897WA0101301087
B1547571853193S04154897WA0101301087
B1548011853193S04154897WA0101301087
B1548051853193S04154898WA0101301088
B1548091853193S04154898WA0101301088
B1548131853193S04154898WA0101301088
B1548171853193S04154898WA0101301088
B1548211853193S04154898WA0101301088
B1548251853193S04154898WA0101301088
B1548291853193S04154898WA0101301088
B1548331853193S04154898WA0101301088
B1548371853193S04154898WA0101301088
B1548411853193S04154898WA0101301088
B1548451853193S04154898WA0101301088
B1548491853193S04154898WA0101301087
B1548531853193S04154898WA0101301087
B1548571853193S04154898WA0101301087
B1549011853193S04154898WA0101301087
B1549051853194S04154898WA0101301087
B1549091853194S04154898WA0101301087
B1549131853193S04154898WA0101301087
B1549171853194S04154898WA0101301087
B1549211853193S04154898WA0101301087
B1549251853193S04154899WA0101301087
B1549291853193S04154898WA0101301087
B1549331853193S04154898WA0101301087
B1549371853193S04154898WA0101301087
B1549411853193S04154898WA0101301087
B1549451853193S04154898WA0101301087
B1549491853193S04154898WA0101301087
B1549531853193S04154898WA0101301087
B1549571853193S04154898WA0101301087
B1550011853193S04154899WA0101301087
B1550051853193S04154899WA0101301087
B1550091853193S04154899WA0101301087
B1550131853193S04154899WA0101301086
B1550171853193S04154898WA0101301086
B1550211853193S04154898WA0101301086
B1550251853193S04154898WA0101301087
B1550291853193S04154898WA0101401087
B1550331853193S04154898WA0101301087
B1550371853193S04154898WA0101301086
B1550411853193S04154898WA0101301085
B1550451853193S04154898WA0101301085
B1550491853193S04154899WA0101301085
B1550531853193S04154899WA0101301086
B1550571853193S04154899WA0101301086
B1551011853193S04154899WA0101301086
B1551051853193S04154899WA0101301086
B1551091853193S04154899WA0101301085
B1551131853193S04154899WA0101301085
B1551171853193S04154899WA0101301084
B1551211853193S04154899WA0101301084
B1551251853193S04154899WA0101301084
B1551291853193S04154899WA0101401084
B1551331853193S04154899WA0101301084
B1551371853193S04154899WA0101301083
B1551411853193S04154899WA0101301083
B1551451853193S04154899WA0101401083
B1551491853193S04154899WA0101301083
B1551531853193S04154899WA0101401082
B1551571853193S04154899WA0101401082
B1552011853193S04154900WA0101401082
B1552051853193S04154900WA0101401083
B1552091853193S04154899WA0101401083
B1552131853192S04154898WA0101401083
B1552171853192S04154898WA0101401083
B1552211853192S04154898WA0101301083
B1552251853191S04154898WA0101301082
B1552291853190S04154898WA0101301082
B1552331853190S04154898WA0101301082
B1552371853189S04154898WA0101201083
B1552411853189S04154897WA0101201083
B1552451853189S04154897WA0101201083
B1552491853189S04154897WA0101201083
B1552531853189S04154897WA0101301083
B1552571853189S04154898WA0101201083
B1553011853189S04154898WA0101301083
B1553051853189S04154898WA0101301083
B1553091853188S04154898WA0101301084
B1553131853188S04154898WA0101201084
B1553171853188S04154898WA0101201084
B1553211853188S04154898WA0101201085
B1553251853188S04154898WA0101201085
B1553291853188S04154898WA0101201085
B1553331853188S04154898WA0101201085
B1553371853188S04154899WA0101201085
B1553411853188S04154899WA0101201086
B1553451853188S04154899WA0101201085
B1553491853189S04154900WA0101301086
B1553531853189S04154900WA0101201085
B1553571853189S04154900WA0101301086
B1554011853189S04154900WA0101301085
B1554051853189S04154901WA0101301084
B1554091853189S04154901WA0101301084
B1554131853189S04154901WA0101301083
B1554171853189S04154901WA0101301083
B1554211853189S04154901WA0101301083
B1554251853187S04154901WA0101201082
B1554291853179S04154901WA0100901079
B1554331853155S04154903WA0100201071
B1554371853135S04154903WA0100001068
B1554411853113S04154900WA0099501057
B1554451853093S04154892WA0099101054
B1554491853072S04154880WA0098601047
B1554531853053S04154867WA0098201041
B1554571853032S04154853WA0097601037
B1555011853012S04154844WA0097201031
B1555051852991S04154833WA0096601025
B1555091852971S04154821WA0096301022
B1555131852952S04154808WA0095901019
B1555171852934S04154796WA0095601015
B1555211852913S04154783WA0095301012
B1555251852894S04154771WA0095001010
B1555291852870S04154769WA0094601006
B1555331852846S04154772WA0094201003
B1555371852823S04154777WA0093901001
B1555411852800S04154784WA0093500996
B1555451852778S04154792WA0093100994
B1555491852756S04154802WA0092500988
B1555531852734S04154809WA0092200985
B1555571852709S04154813WA0091600979
B1556011852686S04154814WA0091200975
B1556051852661S04154812WA0090500967
B1556091852639S04154808WA0090200964
B1556131852615S04154802WA0089600957
B1556171852593S04154793WA0089000950
B1556211852571S04154785WA0088600946
B1556251852554S04154772WA0087800940
B1556291852542S04154753WA0087100934
B1556331852530S04154734WA0086200925
B1556371852518S04154714WA0085500919
B1556411852506S04154692WA0084800909
B1556451852494S04154671WA0084300904
B1556491852479S04154651WA0083500898
B1556531852463S04154631WA0083000895
B1556571852448S04154613WA0082400888
B1557011852433S04154593WA0081700878
B1557051852417S04154576WA0081100873
B1557091852400S04154558WA0080500865
B1557131852382S04154541WA0080000861
B1557171852364S04154524WA0079300852
B1557211852349S04154505WA0078800844
B1557251852332S04154486WA0078200837
B1557291852314S04154468WA0077500830
B1557331852296S04154449WA0077000823
B1557371852281S04154429WA0076500818
B1557411852263S04154409WA0075900811
B1557451852245S04154390WA0075500807
B1557491852228S04154370WA0075100802
B1557531852210S04154351WA0074600797
B1557571852190S04154332WA0074100791
B1558011852172S04154313WA0073700787
B1558051852156S04154293WA0073100781
B1558091852140S04154276WA0072500775
B1558131852122S04154257WA0071700769
B1558171852106S04154239WA0071200764
B1558211852086S04154221WA0070500757
B1558251852067S04154204WA0069800752
B1558291852049S04154185WA0069300746
B1558331852031S04154167WA0068600740
B1558371852009S04154150WA0068100734
B1558411851987S04154132WA0067600729
B1558451851966S04154114WA0067200723
B1558491851944S04154097WA0066700718
B1558531851924S04154077WA0066200712
B1558571851904S04154057WA0065800706
B1559011851884S04154035WA0065500701
B1559051851862S04154015WA0064900695
B1559091851838S04153993WA0064400688
B1559131851818S04153972WA0064400684
B1559171851799S04153959WA0064400680
B1559211851781S04153946WA0063800674
B1559251851766S04153928WA0063100668
B1559291851754S04153910WA0062600663
B1559331851748S04153886WA0061900659
B1559371851747S04153860WA0061400657
B1559411851748S04153835WA0061100654
B1559451851751S04153808WA0060700649
B1559491851754S04153781WA0061400661
B1559531851756S04153759WA0062200668
B1559571851755S04153734WA0063000674
B1600011851757S04153712WA0064000683
B1600051851766S04153686WA0064900689
B1600091851784S04153670WA0066000699
B1600131851807S04153672WA0067000710
B1600171851814S04153689WA0068100721
B1600211851793S04153697WA0068800729
B1600251851775S04153686WA0070400747
B1600291851762S04153672WA0071500757
B1600331851758S04153651WA0072300770
B1600371851769S04153631WA0072800778
B1600411851788S04153619WA0073400783
B1600451851812S04153622WA0074000785
B1600491851832S04153634WA0075200799
B1600531851841S04153653WA0076200809
B1600571851826S04153662WA0076700813
B1601011851812S04153647WA0077700824
B1601051851810S04153623WA0079000835
B1601091851802S04153603WA0079800848
B1601131851807S04153582WA0080300851
B1601171851829S04153573WA0080400853
B1601211851853S04153569WA0080800860
B1601251851877S04153575WA0081300866
B1601291851897S04153589WA0082300873
B1601331851903S04153613WA0083300883
B1601371851893S04153630WA0083900889
B1601411851873S04153637WA0084700899
B1601451851853S04153637WA0085100904
B1601491851833S04153624WA0086300919
B1601531851823S04153611WA0087300927
B1601571851815S04153590WA0088000939
B1602011851820S04153571WA0088600941
B1602051851837S04153557WA0088800945
B1602091851858S04153551WA0089200949
B1602131851883S04153547WA0089400953
B1602171851910S04153546WA0090200961
B1602211851936S04153546WA0090800970
B1602251851957S04153560WA0091700977
B1602291851971S04153582WA0092700989
B1602331851976S04153605WA0093200995
B1602371851973S04153623WA0092800987
B1602411851956S04153632WA0092200979
B1602451851935S04153624WA0091500970
B1602491851919S04153605WA0091500969
B1602531851906S04153594WA0092500978
B1602571851894S04153584WA0093100982
B1603011851890S04153568WA0093400989
B1603051851898S04153553WA0093700993
B1603091851921S04153554WA0094100998
B1603131851935S04153574WA0094701002
B1603171851937S04153602WA0095201007
B1603211851923S04153619WA0095801011
B1603251851904S04153619WA0096301019
B1603291851888S04153606WA0096901030
B1603331851879S04153586WA0097301039
B1603371851878S04153566WA0097601043
B1603411851891S04153550WA0098101046
B1603451851904S04153536WA0098201046
B1603491851920S04153517WA0098601051
B1603531851937S04153503WA0099301057
B1603571851957S04153494WA0099801064
B1604011851979S04153485WA0100101066
B1604051852004S04153483WA0100301068
B1604091852029S04153482WA0101501081
B1604131852054S04153491WA0102101088
B1604171852076S04153514WA0103301102
B1604211852089S04153542WA0104501114
B1604251852086S04153567WA0105501126
B1604291852079S04153582WA0106101130
B1604331852067S04153598WA0106101130
B1604371852053S04153608WA0106601137
B1604411852040S04153620WA0106701136
B1604451852024S04153616WA0106801137
B1604491852022S04153599WA0107301140
B1604531852023S04153576WA0107501142
B1604571852022S04153554WA0108001148
B1605011852033S04153533WA0108301153
B1605051852049S04153512WA0108701155
B1605091852067S04153495WA0108801154
B1605131852086S04153476WA0109001157
B1605171852103S04153461WA0109701164
B1605211852127S04153448WA0110101167
B1605251852153S04153435WA0111001176
B1605291852179S04153434WA0112401188
B1605331852194S04153454WA0113301199
B1605371852194S04153476WA0114101208
B1605411852186S04153493WA0115201220
B1605451852169S04153503WA0115901228
B1605491852152S04153502WA0116701236
B1605531852136S04153495WA0117101238
B1605571852121S04153485WA0117701242
B1606011852113S04153473WA0118401246
B1606051852115S04153451WA0119001247
B1606091852132S04153435WA0119501253
B1606131852156S04153427WA0120101262
B1606171852181S04153430WA0120701269
B1606211852211S04153437WA0121401281
B1606251852240S04153442WA0122501295
B1606291852266S04153452WA0123101304
B1606331852283S04153470WA0123201307
B1606371852286S04153494WA0123101307
B1606411852277S04153516WA0122901304
B1606451852262S04153532WA0123601309
B1606491852249S04153544WA0124001314
B1606531852231S04153543WA0124201318
B1606571852219S04153531WA0124401322
B1607011852215S04153512WA0124601323
B1607051852220S04153490WA0124901324
B1607091852233S04153471WA0125401331
B1607131852253S04153460WA0126101338
B1607171852276S04153452WA0127101349
B1607211852298S04153444WA0128101359
B1607251852323S04153451WA0128501363
B1607291852335S04153474WA0128801367
B1607331852330S04153498WA0128701367
B1607371852317S04153517WA0128401364
B1607411852301S04153532WA0128701368
B1607451852288S04153549WA0128601368
B1607491852270S04153557WA0128701371
B1607531852250S04153561WA0128901371
B1607571852234S04153550WA0129101375
B1608011852223S04153529WA0129901379
B1608051852212S04153509WA0130301383
B1608091852204S04153484WA0130901394
B1608131852199S04153467WA0131701412
B1608171852196S04153451WA0132201418
B1608211852210S04153437WA0132401417
B1608251852232S04153428WA0132901419
B1608291852256S04153424WA0133101419
B1608331852284S04153432WA0133501420
B1608371852296S04153458WA0133701423
B1608411852286S04153480WA0133501422
B1608451852269S04153488WA0133201417
B1608491852250S04153485WA0133001413
B1608531852232S04153482WA0133101415
B1608571852219S04153470WA0133601420
B1609011852214S04153449WA0133901421
B1609051852210S04153428WA0134301424
B1609091852211S04153402WA0135001429
B1609131852222S04153383WA0136101442
B1609171852240S04153378WA0136501443
B1609211852255S04153397WA0136501443
B1609251852262S04153425WA0137401453
B1609291852265S04153446WA0138301464
B1609331852249S04153463WA0138601467
B1609371852230S04153456WA0139201475
B1609411852226S04153433WA0139601483
B1609451852240S04153416WA0140401490
B1609491852261S04153419WA0141301493
B1609531852265S04153438WA0142101499
B1609571852250S04153455WA0142601503
B1610011852230S04153460WA0143201509
B1610051852209S04153449WA0143601514
B1610091852193S04153434WA0144001518
B1610131852180S04153413WA0144601524
B1610171852175S04153388WA0144701527
B1610211852189S04153368WA0144901528
B1610251852208S04153358WA0144901526
B1610291852232S04153357WA0143901517
B1610331852250S04153374WA0143301511
B1610371852267S04153392WA0143201514
B1610411852284S04153407WA0143101514
B1610451852289S04153434WA0143601520
B1610491852287S04153457WA0144901534
B1610531852265S04153468WA0145501540
B1610571852246S04153460WA0146301552
B1611011852237S04153439WA0146801559
B1611051852235S04153411WA0146601554
B1611091852242S04153387WA0146601555
B1611131852256S04153365WA0146301549
B1611171852268S04153342WA0146201547
B1611211852285S04153325WA0146201546
B1611251852303S04153310WA0145901545
B1611291852319S04153295WA0146001547
B1611331852336S04153279WA0145601544
B1611371852353S04153265WA0145801547
B1611411852369S04153250WA0145501544
B1611451852385S04153233WA0145001539
B1611491852403S04153218WA0144801536
B1611531852420S04153201WA0144401532
B1611571852437S04153184WA0144101530
B1612011852455S04153168WA0143701525
B1612051852473S04153150WA0142901517
B1612091852490S04153130WA0142201509
B1612131852508S04153111WA0141701504
B1612171852525S04153093WA0141101495
B1612211852546S04153077WA0140501490
B1612251852566S04153060WA0139901483
B1612291852587S04153045WA0139801481
B1612331852607S04153031WA0139301474
B1612371852626S04153018WA0139001471
B1612411852645S04153004WA0138101461
B1612451852664S04152989WA0137701459
B1612491852684S04152972WA0136901450
B1612531852700S04152955WA0136501444
B1612571852723S04152939WA0135801436
B1613011852743S04152924WA0135601435
B1613051852766S04152910WA0135001428
B1613091852789S04152894WA0134401423
B1613131852813S04152882WA0133801418
B1613171852837S04152871WA0133101410
B1613211852862S04152861WA0132401402
B1613251852886S04152849WA0132101398
B1613291852910S04152840WA0131701393
B1613331852933S04152831WA0131101387
B1613371852956S04152821WA0130601382
B1613411852977S04152812WA0130301379
B1613451853000S04152804WA0129701373
B1613491853022S04152796WA0129301370
B1613531853044S04152787WA0128701364
B1613571853064S04152779WA0128301359
B1614011853086S04152768WA0127701353
B1614051853107S04152760WA0127101347
B1614091853128S04152757WA0126601343
B1614131853146S04152748WA0125901335
B1614171853162S04152737WA0125601334
B1614211853179S04152725WA0124901324
B1614251853193S04152713WA0124701321
B1614291853210S04152701WA0123901312
B1614331853225S04152692WA0123501308
B1614371853242S04152680WA0122601300
B1614411853260S04152669WA0121701291
B1614451853280S04152657WA0120901282
B1614491853298S04152644WA0120001273
B1614531853320S04152632WA0118901260
B1614571853341S04152618WA0117901250
B1615011853361S04152603WA0117401246
B1615051853379S04152587WA0117101244
B1615091853395S04152572WA0117101245
B1615131853414S04152556WA0116901242
B1615171853429S04152538WA0117001242
B1615211853443S04152520WA0117101245
B1615251853459S04152504WA0116901241
B1615291853478S04152489WA0117201245
B1615331853497S04152473WA0117301246
B1615371853516S04152455WA0117801251
B1615411853535S04152443WA0118401257
B1615451853556S04152436WA0118701259
B1615491853578S04152430WA0119601268
B1615531853598S04152425WA0120801279
B1615571853618S04152440WA0121701289
B1616011853611S04152465WA0122801299
B1616051853589S04152479WA0123601308
B1616091853563S04152480WA0124601317
B1616131853543S04152461WA0125501327
B1616171853530S04152436WA0126201330
B1616211853531S04152410WA0126801338
B1616251853537S04152384WA0127401343
B1616291853550S04152369WA0128201349
B1616331853568S04152365WA0128901355
B1616371853585S04152379WA0129501365
B1616411853578S04152401WA0130301372
B1616451853562S04152417WA0131401383
B1616491853544S04152430WA0132301396
B1616531853524S04152439WA0133301410
B1616571853504S04152430WA0133901417
B1617011853496S04152406WA0134301420
B1617051853506S04152385WA0134701426
B1617091853523S04152376WA0135501435
B1617131853538S04152368WA0136201443
B1617171853556S04152362WA0136801449
B1617211853577S04152365WA0137301454
B1617251853596S04152376WA0138301465
B1617291853607S04152397WA0139001475
B1617331853601S04152421WA0139801482
B1617371853580S04152435WA0140701489
B1617411853555S04152440WA0141401494
B1617451853531S04152428WA0142201507
B1617491853519S04152404WA0143101514
B1617531853523S04152383WA0144101527
B1617571853532S04152364WA0144701529
B1618011853551S04152359WA0145501537
B1618051853571S04152362WA0146101543
B1618091853593S04152368WA0146701548
B1618131853615S04152379WA0147401556
B1618171853631S04152393WA0147701559
B1618211853651S04152412WA0148101563
B1618251853670S04152429WA0148801573
B1618291853691S04152444WA0149601582
B1618331853707S04152462WA0149801586
B1618371853724S04152481WA0149201582
B1618411853740S04152502WA0148201572
B1618451853751S04152524WA0147601565
B1618491853761S04152548WA0146801558
B1618531853771S04152571WA0146101549
B1618571853767S04152596WA0145301539
B1619011853757S04152616WA0144701533
B1619051853741S04152633WA0143801523
B1619091853718S04152638WA0142801513
B1619131853693S04152636WA0141901504
B1619171853669S04152631WA0141201495
B1619211853650S04152622WA0140401486
B1619251853635S04152605WA0139501477
B1619291853623S04152583WA0138801470
B1619331853614S04152561WA0138401466
B1619371853608S04152537WA0137601456
B1619411853601S04152510WA0137201451
B1619451853593S04152486WA0137201450
B1619491853584S04152461WA0137101450
B1619531853572S04152436WA0137101451
B1619571853565S04152412WA0137501457
B1620011853562S04152387WA0138101463
B1620051853573S04152370WA0138501465
B1620091853594S04152369WA0138801468
B1620131853608S04152387WA0139201472
B1620171853615S04152412WA0139501476
B1620211853617S04152435WA0139801479
B1620251853604S04152455WA0139901478
B1620291853585S04152464WA0140101477
B1620331853561S04152465WA0140001475
B1620371853538S04152468WA0139801474
B1620411853513S04152476WA0139601473
B1620451853493S04152491WA0140001478
B1620491853477S04152510WA0140401483
B1620531853461S04152531WA0141101493
B1620571853445S04152551WA0141901501
B1621011853434S04152575WA0142801509
B1621051853423S04152596WA0143501516
B1621091853399S04152607WA0143601516
B1621131853372S04152609WA0143701521
B1621171853354S04152605WA0143801521
B1621211853344S04152587WA0143401515
B1621251853344S04152563WA0143801522
B1621291853353S04152543WA0144001520
B1621331853369S04152529WA0144501527
B1621371853384S04152519WA0145201532
B1621411853404S04152523WA0145701536
B1621451853416S04152534WA0146601547
B1621491853418S04152558WA0147301553
B1621531853413S04152579WA0147901560
B1621571853401S04152603WA0147901561
B1622011853385S04152620WA0147901559
B1622051853361S04152628WA0147401555
B1622091853339S04152623WA0147301553
B1622131853325S04152609WA0146601545
B1622171853306S04152593WA0145801538
B1622211853287S04152579WA0145401530
B1622251853276S04152555WA0145301527
B1622291853278S04152531WA0145001520
B1622331853289S04152509WA0144601516
B1622371853302S04152492WA0143901508
B1622411853315S04152478WA0143301502
B1622451853330S04152462WA0142301490
B1622491853351S04152459WA0141701481
B1622531853377S04152458WA0141401481
B1622571853396S04152449WA0141901486
B1623011853418S04152445WA0142601493
B1623051853441S04152448WA0143301501
B1623091853463S04152451WA0144001511
B1623131853481S04152466WA0144401517
B1623171853483S04152490WA0145001525
B1623211853481S04152514WA0145601533
B1623251853470S04152534WA0145901537
B1623291853460S04152556WA0146201543
B1623331853449S04152570WA0146301541
B1623371853427S04152578WA0146301540
B1623411853403S04152583WA0145901532
B1623451853378S04152591WA0145401528
B1623491853358S04152599WA0145101527
B1623531853335S04152601WA0144001516
B1623571853315S04152594WA0143201508
B1624011853292S04152579WA0142601502
B1624051853271S04152566WA0142601504
B1624091853261S04152544WA0142801506
B1624131853263S04152527WA0142601504
B1624171853276S04152512WA0141801497
B1624211853292S04152503WA0141801500
B1624251853310S04152495WA0142101506
B1624291853325S04152484WA0142201506
B1624331853342S04152471WA0142101506
B1624371853360S04152459WA0141901504
B1624411853380S04152454WA0141701500
B1624451853404S04152445WA0141601498
B1624491853425S04152431WA0141801500
B1624531853447S04152417WA0142201502
B1624571853469S04152408WA0142101500
B1625011853494S04152408WA0141901499
B1625051853522S04152406WA0141701497
B1625091853549S04152405WA0141701495
B1625131853573S04152405WA0141501493
B1625171853593S04152421WA0141101487
B1625211853607S04152445WA0141201488
B1625251853606S04152469WA0140601479
B1625291853591S04152490WA0140301475
B1625331853579S04152506WA0139701469
B1625371853556S04152514WA0138701460
B1625411853534S04152526WA0137901453
B1625451853511S04152539WA0137101444
B1625491853484S04152548WA0136401438
B1625531853458S04152555WA0136301440
B1625571853435S04152556WA0136201438
B1626011853414S04152546WA0135701433
B1626051853403S04152528WA0135501430
B1626091853398S04152505WA0134801421
B1626131853395S04152478WA0134501417
B1626171853397S04152450WA0134201414
B1626211853405S04152427WA0134001411
B1626251853414S04152404WA0133301404
B1626291853416S04152377WA0132901400
B1626331853409S04152352WA0132501396
B1626371853400S04152325WA0131901390
B1626411853389S04152297WA0131301383
B1626451853373S04152271WA0131201381
B1626491853355S04152250WA0131801388
B1626531853343S04152228WA0132301391
B1626571853349S04152207WA0132401393
B1627011853361S04152218WA0132501395
B1627051853344S04152232WA0132601396
B1627091853318S04152228WA0133101403
B1627131853293S04152219WA0133501408
B1627171853275S04152198WA0133901412
B1627211853273S04152175WA0134101415
B1627251853288S04152164WA0134001413
B1627291853305S04152170WA0134301417
B1627331853321S04152183WA0134401417
B1627371853330S04152200WA0134701417
B1627411853329S04152225WA0134901419
B1627451853320S04152246WA0135301423
B1627491853303S04152262WA0135801429
B1627531853281S04152274WA0136201433
B1627571853255S04152266WA0136501439
B1628011853238S04152246WA0137001444
B1628051853233S04152220WA0137501450
B1628091853240S04152201WA0137601452
B1628131853257S04152195WA0137701452
B1628171853273S04152201WA0137701453
B1628211853282S04152220WA0137601450
B1628251853285S04152244WA0137501448
B1628291853281S04152270WA0138201454
B1628331853267S04152286WA0138801459
B1628371853243S04152296WA0138601460
B1628411853216S04152290WA0139001464
B1628451853188S04152291WA0139501469
B1628491853161S04152287WA0139901473
B1628531853140S04152276WA0140501478
B1628571853125S04152257WA0140901484
B1629011853124S04152239WA0141101485
B1629051853136S04152224WA0140901484
B1629091853157S04152224WA0141201487
B1629131853175S04152234WA0141601496
B1629171853194S04152252WA0141801497
B1629211853207S04152274WA0142701507
B1629251853214S04152301WA0142901510
B1629291853219S04152325WA0143001512
B1629331853220S04152349WA0142401503
B1629371853225S04152371WA0141601494
B1629411853231S04152391WA0140501481
B1629451853238S04152416WA0139301469
B1629491853240S04152442WA0138501458
B1629531853237S04152466WA0137601448
B1629571853228S04152492WA0136901443
B1630011853219S04152517WA0136101433
B1630051853209S04152544WA0135601428
B1630091853199S04152570WA0135001421
B1630131853186S04152595WA0134501418
B1630171853171S04152621WA0134001412
B1630211853161S04152647WA0133501406
B1630251853155S04152675WA0133301406
B1630291853167S04152694WA0133001402
B1630331853184S04152690WA0132401401
B1630371853201S04152684WA0131701394
B1630411853217S04152672WA0131901397
B1630451853232S04152655WA0131501392
B1630491853253S04152638WA0131101388
B1630531853273S04152623WA0130801385
B1630571853295S04152608WA0130101377
B1631011853318S04152595WA0129901375
B1631051853338S04152585WA0129801375
B1631091853360S04152569WA0129701372
B1631131853383S04152559WA0130201378
B1631171853406S04152544WA0130701381
B1631211853426S04152530WA0131701395
B1631251853444S04152511WA0132101399
B1631291853465S04152488WA0132301400
B1631331853485S04152467WA0132601404
B1631371853506S04152444WA0132401401
B1631411853525S04152422WA0132301399
B1631451853545S04152404WA0131401389
B1631491853570S04152383WA0130601379
B1631531853591S04152362WA0129601369
B1631571853613S04152338WA0128201354
B1632011853633S04152315WA0127301342
B1632051853657S04152296WA0126401332
B1632091853679S04152274WA0125601324
B1632131853701S04152253WA0124901318
B1632171853723S04152233WA0124501313
B1632211853744S04152212WA0124101309
B1632251853764S04152190WA0123401301
B1632291853784S04152167WA0122801295
B1632331853804S04152143WA0122101288
B1632371853825S04152119WA0121401282
B1632411853844S04152094WA0120901277
B1632451853863S04152069WA0120401271
B1632491853882S04152044WA0119701264
B1632531853900S04152015WA0118801251
B1632571853910S04151990WA0118101248
B1633011853919S04151969WA0117301239
B1633051853938S04151944WA0116301230
B1633091853956S04151922WA0116001226
B1633131853977S04151902WA0115401219
B1633171853999S04151881WA0114601211
B1633211854020S04151857WA0113501199
B1633251854042S04151834WA0112401187
B1633291854061S04151810WA0111601177
B1633331854084S04151782WA0110601165
B1633371854106S04151758WA0109801158
B1633411854129S04151735WA0109001148
B1633451854152S04151710WA0108201139
B1633491854180S04151690WA0107501131
B1633531854204S04151670WA0107101129
B1633571854224S04151642WA0106601123
B1634011854243S04151615WA0106401122
B1634051854257S04151594WA0106601128
B1634091854269S04151565WA0106601128
B1634131854279S04151540WA0107501138
B1634171854291S04151523WA0108301147
B1634211854310S04151527WA0108501148
B1634251854315S04151551WA0108801149
B1634291854297S04151569WA0109401155
B1634331854277S04151578WA0110801171
B1634371854259S04151577WA0111301174
B1634411854237S04151563WA0111501177
B1634451854211S04151548WA0112101182
B1634491854189S04151529WA0113101193
B1634531854180S04151506WA0114301206
B1634571854195S04151486WA0114601209
B1635011854220S04151485WA0114901212
B1635051854243S04151490WA0115301217
B1635091854269S04151495WA0115701221
B1635131854291S04151501WA0115901223
B1635171854311S04151516WA0115901224
B1635211854331S04151534WA0115901225
B1635251854349S04151555WA0115901226
B1635291854367S04151578WA0116101227
B1635331854383S04151600WA0116601233
B1635371854389S04151626WA0117001234
B1635411854396S04151652WA0118201247
B1635451854385S04151667WA0119501259
B1635491854377S04151645WA0120501269
B1635531854395S04151635WA0121901285
B1635571854418S04151637WA0123001296
B1636011854437S04151655WA0123901304
B1636051854440S04151674WA0125201315
B1636091854420S04151681WA0125901320
B1636131854405S04151671WA0127501339
B1636171854402S04151649WA0128701352
B1636211854416S04151633WA0130001368
B1636251854437S04151630WA0130401374
B1636291854455S04151647WA0131001379
B1636331854454S04151666WA0131801385
B1636371854439S04151678WA0132701393
B1636411854427S04151662WA0133701403
B1636451854439S04151641WA0134901415
B1636491854461S04151640WA0135401421
B1636531854472S04151663WA0135901425
B1636571854459S04151678WA0136801435
B1637011854440S04151671WA0137801446
B1637051854432S04151652WA0139001459
B1637091854431S04151627WA0139701464
B1637131854427S04151601WA0139901467
B1637171854430S04151570WA0138901459
B1637211854436S04151535WA0137801449
B1637251854436S04151502WA0136501435
B1637291854438S04151472WA0136001433
B1637331854439S04151449WA0135101423
B1637371854451S04151419WA0133901410
B1637411854461S04151389WA0133001399
B1637451854472S04151357WA0131901390
B1637491854482S04151323WA0130801377
B1637531854493S04151289WA0129901368
B1637571854507S04151252WA0128601349
B1638011854524S04151217WA0127701341
B1638051854536S04151183WA0126301326
B1638091854551S04151145WA0124901311
B1638131854563S04151110WA0123801302
B1638171854574S04151072WA0122501287
B1638211854584S04151033WA0121601279
B1638251854591S04150998WA0120701273
B1638291854588S04150971WA0120301268
B1638331854589S04150942WA0119401260
B1638371854599S04150913WA0118601250
B1638411854612S04150882WA0117901243
B1638451854625S04150850WA0117301237
B1638491854640S04150821WA0116901234
B1638531854655S04150794WA0116501229
B1638571854672S04150765WA0115901222
B1639011854689S04150735WA0115301215
B1639051854707S04150709WA0114901212
B1639091854723S04150679WA0114101201
B1639131854738S04150649WA0113201194
B1639171854751S04150621WA0112201180
B1639211854773S04150592WA0110701164
B1639251854794S04150564WA0109601153
B1639291854811S04150533WA0108601143
B1639331854829S04150503WA0107601133
B1639371854847S04150473WA0106501121
B1639411854868S04150443WA0105401109
B1639451854888S04150414WA0104301098
B1639491854909S04150384WA0103201085
B1639531854929S04150353WA0102101073
B1639571854948S04150323WA0101101063
B1640011854967S04150292WA0099701049
B1640051854984S04150260WA0098601038
B1640091855003S04150230WA0097601027
B1640131855021S04150202WA0096501015
B1640171855040S04150172WA0095201001
B1640211855057S04150142WA0093900988
B1640251855074S04150113WA0092800977
B1640291855091S04150085WA0091600964
B1640331855108S04150055WA0090200950
B1640371855125S04150024WA0089100937
B1640411855142S04149994WA0087800923
B1640451855157S04149962WA0086800911
B1640491855176S04149937WA0085800902
B1640531855196S04149913WA0084700889
B1640571855216S04149888WA0084000883
B1641011855235S04149864WA0083400876
B1641051855253S04149838WA0083100873
B1641091855269S04149812WA0082500865
B1641131855288S04149787WA0082100861
B1641171855309S04149765WA0081600856
B1641211855331S04149747WA0081300854
B1641251855353S04149730WA0080900850
B1641291855377S04149713WA0080100842
B1641331855401S04149696WA0079300833
B1641371855425S04149676WA0078700828
B1641411855449S04149661WA0078300825
B1641451855476S04149647WA0077700817
B1641491855503S04149649WA0077100810
B1641531855530S04149668WA0076000797
B1641571855557S04149691WA0075000788
B1642011855583S04149715WA0074300781
B1642051855608S04149741WA0073500773
B1642091855633S04149769WA0073000768
B1642131855656S04149797WA0073100768
B1642171855673S04149821WA0073300772
B1642211855689S04149842WA0073900780
B1642251855704S04149859WA0074600788
B1642291855720S04149870WA0075000793
B1642331855737S04149884WA0075200795
B1642371855757S04149896WA0075700801
B1642411855777S04149903WA0076200806
B1642451855794S04149920WA0076400808
B1642491855814S04149942WA0076700812
B1642531855831S04149958WA0077700822
B1642571855851S04149976WA0078600830
B1643011855870S04149994WA0079200838
B1643051855869S04150020WA0079800842
B1643091855853S04150038WA0080800853
B1643131855836S04150045WA0081200857
B1643171855820S04150034WA0081500861
B1643211855824S04150010WA0081800864
B1643251855842S04150001WA0082500871
B1643291855863S04150010WA0083300880
B1643331855871S04150034WA0083900886
B1643371855853S04150047WA0084400891
B1643411855838S04150033WA0085000897
B1643451855840S04150013WA0085400901
B1643491855857S04149999WA0086200909
B1643531855878S04149989WA0087000918
B1643571855897S04149997WA0087800926
B1644011855910S04150011WA0088500935
B1644051855916S04150031WA0088900939
B1644091855925S04150054WA0088900937
B1644131855934S04150075WA0089200942
B1644171855941S04150102WA0089400944
B1644211855952S04150126WA0089800949
B1644251855958S04150154WA0090200953
B1644291855958S04150187WA0090000949
B1644331855969S04150216WA0090200953
B1644371855984S04150241WA0090500957
B1644411855998S04150268WA0090500957
B1644451856013S04150297WA0090600957
B1644491856024S04150318WA0091000962
B1644531856038S04150343WA0090300952
B1644571856052S04150363WA0090000950
B1645011856067S04150392WA0088900935
B1645051856083S04150422WA0088400932
B1645091856097S04150453WA0087600923
B1645131856112S04150485WA0087100918
B1645171856126S04150517WA0086400911
B1645211856137S04150548WA0085600902
B1645251856147S04150578WA0085000895
B1645291856158S04150605WA0084500890
B1645331856170S04150634WA0084000884
B1645371856184S04150662WA0083500880
B1645411856198S04150690WA0083400877
B1645451856216S04150716WA0083600881
B1645491856235S04150740WA0083600881
B1645531856255S04150768WA0083600882
B1645571856273S04150798WA0083800883
B1646011856293S04150827WA0083900885
B1646051856312S04150854WA0084200889
B1646091856333S04150883WA0084100887
B1646131856354S04150911WA0084900896
B1646171856374S04150938WA0085500902
B1646211856391S04150967WA0086000908
B1646251856408S04150996WA0086100910
B1646291856422S04151027WA0086200912
B1646331856437S04151058WA0086100910
B1646371856451S04151087WA0085900909
B1646411856466S04151121WA0085300900
B1646451856479S04151154WA0084700894
B1646491856493S04151190WA0083900885
B1646531856510S04151220WA0083400880
B1646571856528S04151252WA0082700871
B1647011856545S04151282WA0082300868
B1647051856561S04151314WA0081500857
B1647091856573S04151347WA0080900852
B1647131856590S04151379WA0080100844
B1647171856605S04151411WA0079500838
B1647211856617S04151446WA0079200835
B1647251856629S04151481WA0079100834
B1647291856641S04151513WA0079000833
B1647331856654S04151547WA0078600828
B1647371856667S04151579WA0078100824
B1647411856682S04151610WA0077700820
B1647451856696S04151643WA0076900810
B1647491856710S04151675WA0076300805
B1647531856723S04151705WA0075600799
B1647571856738S04151730WA0075500796
B1648011856748S04151757WA0074900789
B1648051856759S04151783WA0074300783
B1648091856767S04151809WA0073600776
B1648131856775S04151832WA0073000771
B1648171856783S04151854WA0072000760
B1648211856795S04151877WA0071200752
B1648251856806S04151899WA0070300741
B1648291856817S04151922WA0069700736
B1648331856826S04151943WA0069300731
B1648371856835S04151965WA0068900727
B1648411856845S04151984WA0068600724
B1648451856855S04152007WA0067900716
B1648491856861S04152030WA0067500711
B1648531856867S04152055WA0067200709
B1648571856873S04152081WA0066600703
B1649011856878S04152107WA0066300700
B1649051856883S04152131WA0066000697
B1649091856890S04152153WA0065700692
B1649131856897S04152178WA0065300689
B1649171856902S04152204WA0065000685
B1649211856909S04152227WA0064600682
B1649251856916S04152253WA0063900673
B1649291856924S04152278WA0063300667
B1649331856931S04152302WA0062700660
B1649371856942S04152328WA0062300656
B1649411856951S04152354WA0062100653
B1649451856962S04152379WA0062100655
B1649491856970S04152404WA0061900651
B1649531856969S04152425WA0062200656
B1649571856963S04152447WA0061600648
B1650011856967S04152472WA0061000643
B1650051856974S04152499WA0061100644
B1650091856983S04152520WA0061100643
B1650131856994S04152545WA0060800640
B1650171857005S04152569WA0060300634
B1650211857013S04152594WA0059800630
B1650251857028S04152617WA0058800617
B1650291857046S04152636WA0058000610
B1650331857069S04152653WA0056900598
B1650371857089S04152670WA0056100591
B1650411857110S04152688WA0055100580
B1650451857131S04152701WA0054000569
B1650491857152S04152717WA0052900558
B1650531857173S04152732WA0052000548
B1650571857194S04152748WA0051100539
B1651011857214S04152763WA0050200528
B1651051857235S04152779WA0049500521
B1651091857254S04152800WA0048600511
B1651131857272S04152823WA0047900504
B1651171857290S04152843WA0047700503
B1651211857308S04152863WA0047500501
B1651251857326S04152884WA0047800503
B1651291857343S04152905WA0047700503
B1651331857358S04152927WA0047400499
B1651371857371S04152951WA0047200497
B1651411857387S04152973WA0047300499
B1651451857404S04152996WA0047500501
B1651491857426S04153013WA0047700502
B1651531857449S04153028WA0048600512
B1651571857474S04153023WA0049400521
B1652011857476S04153005WA0050200531
B1652051857458S04153000WA0050800538
B1652091857446S04153016WA0051000538
B1652131857442S04153043WA0051600546
B1652171857442S04153068WA0052200551
B1652211857455S04153089WA0052600557
B1652251857479S04153088WA0052700559
B1652291857479S04153068WA0053000561
B1652331857460S04153075WA0053700568
B1652371857457S04153097WA0054200573
B1652411857474S04153119WA0054500575
B1652451857500S04153119WA0054700578
B1652491857506S04153096WA0054800578
B1652531857494S04153079WA0055300584
B1652571857485S04153061WA0056000591
B1653011857485S04153040WA0056500597
B1653051857501S04153024WA0057300606
B1653091857520S04153032WA0058300614
B1653131857517S04153055WA0059000621
B1653171857498S04153065WA0059700628
B1653211857479S04153058WA0060400634
B1653251857463S04153051WA0061400645
B1653291857456S04153034WA0062100652
B1653331857473S04153018WA0062500656
B1653371857495S04153021WA0063300665
B1653411857512S04153034WA0064400678
B1653451857521S04153056WA0065400688
B1653491857514S04153076WA0066200696
B1653531857494S04153071WA0066800701
B1653571857504S04153050WA0067700711
B1654011857526S04153045WA0069100724
B1654051857544S04153060WA0069900732
B1654091857531S04153080WA0070300737
B1654131857509S04153079WA0071000745
B1654171857496S04153059WA0072000755
B1654211857487S04153040WA0073600774
B1654251857485S04153024WA0074100780
B1654291857506S04153012WA0074100779
B1654331857531S04153024WA0074600784
B1654371857550S04153040WA0075500794
B1654411857560S04153061WA0076500805
B1654451857547S04153079WA0077200811
B1654491857527S04153067WA0078000819
B1654531857522S04153045WA0079100831
B1654571857537S04153027WA0079700837
B1655011857563S04153029WA0080300843
B1655051857586S04153032WA0081700860
B1655091857599S04153043WA0082300867
B1655131857589S04153064WA0082400867
B1655171857567S04153058WA0083100874
B1655211857564S04153036WA0084200885
B1655251857582S04153024WA0085000893
B1655291857598S04153037WA0085800901
B1655331857599S04153058WA0086300905
B1655371857577S04153062WA0087000914
B1655411857571S04153040WA0088200926
B1655451857583S04153022WA0089100937
B1655491857602S04153028WA0089800945
B1655531857610S04153047WA0090400952
B1655571857613S04153072WA0091100960
B1656011857618S04153099WA0091700965
B1656051857623S04153121WA0092400974
B1656091857630S04153146WA0093000980
B1656131857634S04153171WA0093400985
B1656171857643S04153199WA0093800989
B1656211857650S04153226WA0094600999
B1656251857659S04153255WA0095101002
B1656291857669S04153287WA0095501006
B1656331857677S04153316WA0095901011
B1656371857688S04153349WA0096101014
B1656411857700S04153376WA0096101014
B1656451857718S04153407WA0095901011
B1656491857732S04153437WA0095901011
B1656531857748S04153469WA0095501005
B1656571857759S04153498WA0095201003
B1657011857773S04153529WA0094800999
B1657051857785S04153559WA0094500995
B1657091857791S04153592WA0094200991
B1657131857796S04153624WA0094200992
B1657171857801S04153658WA0093900988
B1657211857804S04153692WA0093900988
B1657251857806S04153726WA0094000989
B1657291857807S04153756WA0094700998
B1657331857808S04153787WA0095001000
B1657371857807S04153819WA0095201003
B1657411857807S04153851WA0095601007
B1657451857809S04153886WA0096101012
B1657491857812S04153920WA0096301015
B1657531857818S04153952WA0096501017
B1657571857819S04153982WA0096701021
B1658011857824S04154016WA0096201014
B1658051857832S04154049WA0095901012
B1658091857842S04154086WA0094900999
B1658131857855S04154127WA0094200992
B1658171857863S04154167WA0093300982
B1658211857869S04154209WA0092600974
B1658251857875S04154245WA0093200982
B1658291857882S04154273WA0093800990
B1658331857889S04154305WA0094200994
B1658371857897S04154335WA0094500997
B1658411857907S04154370WA0094300994
B1658451857915S04154403WA0095001001
B1658491857920S04154435WA0095501005
B1658531857928S04154469WA0095401004
B1658571857932S04154504WA0095301003
B1659011857934S04154538WA0095101002
B1659051857938S04154574WA0094500995
B1659091857944S04154612WA0093800986
B1659131857954S04154646WA0093500985
B1659171857962S04154680WA0093400983
B1659211857971S04154717WA0093700987
B1659251857978S04154755WA0093900988
B1659291857989S04154790WA0094100989
B1659331857997S04154820WA0094500996
B1659371858005S04154851WA0095001002
B1659411858013S04154887WA0095301003
B1659451858026S04154923WA0095701009
B1659491858042S04154957WA0096701018
B1659531858056S04154976WA0098001037
B1659571858065S04154999WA0098801045
B1700011858068S04155026WA0099501052
B1700051858080S04155052WA0101001068
B1700091858106S04155059WA0102001080
B1700131858116S04155040WA0103201092
B1700171858100S04155036WA0104601108
B1700211858089S04155058WA0105601119
B1700251858103S04155082WA0106901134
B1700291858127S04155088WA0107501141
B1700331858145S04155068WA0108401149
B1700371858136S04155053WA0109801164
B1700411858117S04155059WA0111201177
B1700451858120S04155087WA0112301189
B1700491858143S04155096WA0113101199
B1700531858158S04155079WA0114001207
B1700571858146S04155067WA0115201220
B1701011858134S04155086WA0116401231
B1701051858156S04155100WA0116801235
B1701091858162S04155081WA0117701247
B1701131858145S04155090WA0118601257
B1701171858148S04155116WA0119301263
B1701211858146S04155141WA0119701266
B1701251858144S04155169WA0119801268
B1701291858141S04155198WA0119901268
B1701331858142S04155227WA0120401274
B1701371858141S04155261WA0120201270
B1701411858139S04155298WA0120101270
B1701451858136S04155334WA0119901267
B1701491858133S04155371WA0120201270
B1701531858133S04155404WA0120401270
B1701571858138S04155434WA0120301270
B1702011858145S04155465WA0120101267
B1702051858154S04155493WA0120101268
B1702091858164S04155524WA0119501260
B1702131858176S04155555WA0119301258
B1702171858185S04155585WA0118701251
B1702211858197S04155616WA0118001243
B1702251858210S04155645WA0117201236
B1702291858225S04155675WA0116101223
B1702331858239S04155704WA0115801220
B1702371858265S04155721WA0115601216
B1702411858292S04155731WA0115501219
B1702451858322S04155739WA0115101213
B1702491858357S04155751WA0114301203
B1702531858391S04155763WA0114001200
B1702571858426S04155773WA0113101191
B1703011858463S04155778WA0112101180
B1703051858501S04155784WA0111101170
B1703091858538S04155792WA0110101159
B1703131858574S04155799WA0109101148
B1703171858608S04155804WA0108701145
B1703211858642S04155808WA0107901137
B1703251858675S04155812WA0107001127
B1703291858707S04155815WA0106201118
B1703331858739S04155821WA0105001105
B1703371858772S04155826WA0104201098
B1703411858804S04155833WA0104401098
B1703451858830S04155840WA0104101097
B1703491858866S04155850WA0102701078
B1703531858900S04155857WA0102001074
B1703571858932S04155863WA0100901061
B1704011858968S04155871WA0099801050
B1704051859001S04155879WA0098901041
B1704091859036S04155890WA0098001030
B1704131859071S04155898WA0097501027
B1704171859107S04155905WA0096701017
B1704211859143S04155911WA0096201013
B1704251859179S04155915WA0095701007
B1704291859214S04155918WA0095001001
B1704331859247S04155924WA0094700994
B1704371859275S04155932WA0094500993
B1704411859305S04155934WA0094500993
B1704451859331S04155935WA0094700998
B1704491859352S04155934WA0095201006
B1704531859376S04155933WA0095501008
B1704571859398S04155936WA0096301018
B1705011859423S04155939WA0097201028
B1705051859446S04155941WA0098301038
B1705091859470S04155940WA0099301049
B1705131859495S04155938WA0099901054
B1705171859518S04155937WA0100701065
B1705211859543S04155934WA0101001068
B1705251859568S04155935WA0101801076
B1705291859588S04155932WA0102601084
B1705331859614S04155931WA0102701085
B1705371859640S04155931WA0103001089
B1705411859669S04155936WA0102601084
B1705451859692S04155941WA0102101080
B1705491859722S04155953WA0101101067
B1705531859749S04155968WA0101001068
B1705571859776S04155983WA0100701063
B1706011859798S04155998WA0100601063
B1706051859822S04156012WA0100201058
B1706091859850S04156023WA0099901054
B1706131859877S04156033WA0099301048
B1706171859908S04156041WA0098801042
B1706211859940S04156055WA0098501036
B1706251859969S04156066WA0098201036
B1706291900003S04156075WA0097701028
B1706331900038S04156082WA0096701019
B1706371900075S04156091WA0095901010
B1706411900110S04156100WA0095301003
B1706451900147S04156108WA0095201001
B1706491900182S04156115WA0094600995
B1706531900222S04156122WA0093800987
B1706571900261S04156131WA0093000978
B1707011900295S04156150WA0092900977
B1707051900326S04156172WA0092600973
B1707091900356S04156199WA0092100967
B1707131900383S04156232WA0091700963
B1707171900406S04156264WA0091200957
B1707211900434S04156292WA0090500949
B1707251900462S04156314WA0089900945
B1707291900495S04156327WA0089100935
B1707331900527S04156338WA0088500931
B1707371900557S04156349WA0088000924
B1707411900588S04156357WA0087400919
B1707451900620S04156366WA0086800912
B1707491900652S04156372WA0086000906
B1707531900688S04156379WA0085000892
B1707571900726S04156384WA0084200884
B1708011900762S04156385WA0083400877
B1708051900801S04156386WA0082600868
B1708091900837S04156383WA0082300864
B1708131900870S04156380WA0081700858
B1708171900903S04156381WA0081200851
B1708211900933S04156385WA0080200841
B1708251900966S04156386WA0079600834
B1708291900997S04156391WA0079000829
B1708331901027S04156397WA0078100818
B1708371901060S04156403WA0076800804
B1708411901093S04156412WA0075600792
B1708451901128S04156421WA0074600779
B1708491901163S04156431WA0073300766
B1708531901197S04156444WA0072100753
B1708571901231S04156457WA0071100740
B1709011901258S04156468WA0071100744
B1709051901280S04156476WA0071700752
B1709091901302S04156481WA0072200759
B1709131901318S04156468WA0073100767
B1709171901301S04156453WA0073800774
B1709211901297S04156477WA0074100778
B1709251901314S04156489WA0074900788
B1709291901335S04156482WA0075700796
B1709331901334S04156459WA0076600806
B1709371901313S04156450WA0077600816
B1709411901308S04156472WA0078700828
B1709451901328S04156485WA0079500837
B1709491901347S04156473WA0080500848
B1709531901341S04156449WA0081400858
B1709571901320S04156445WA0082400870
B1710011901306S04156458WA0083800885
B1710051901308S04156482WA0084800893
B1710091901328S04156494WA0085700903
B1710131901346S04156480WA0086400911
B1710171901333S04156460WA0087200919
B1710211901312S04156468WA0088000928
B1710251901314S04156492WA0089100940
B1710291901331S04156508WA0089900948
B1710331901355S04156523WA0090200951
B1710371901385S04156531WA0090500953
B1710411901415S04156536WA0091100959
B1710451901443S04156545WA0091700966
B1710491901473S04156551WA0092000967
B1710531901504S04156557WA0092500975
B1710571901534S04156564WA0092800978
B1711011901565S04156571WA0092900979
B1711051901595S04156572WA0093000979
B1711091901623S04156572WA0092700976
B1711131901653S04156568WA0092700974
B1711171901667S04156548WA0092000967
B1711211901652S04156522WA0091200961
B1711251901629S04156509WA0091100959
B1711291901607S04156498WA0091300961
B1711331901586S04156485WA0091200960
B1711371901559S04156477WA0090700955
B1711411901535S04156462WA0090600954
B1711451901509S04156450WA0090400951
B1711491901489S04156438WA0090800956
B1711531901473S04156432WA0091100959
B1711571901451S04156416WA0090600953
B1712011901433S04156398WA0090800955
B1712051901415S04156379WA0091100958
B1712091901395S04156368WA0091000958
B1712131901374S04156355WA0090900956
B1712171901354S04156343WA0091000957
B1712211901339S04156333WA0091500964
B1712251901319S04156320WA0091700965
B1712291901301S04156306WA0092500974
B1712331901284S04156290WA0093000979
B1712371901267S04156276WA0093800989
B1712411901250S04156261WA0094400994
B1712451901232S04156245WA0095001001
B1712491901212S04156229WA0095401005
B1712531901190S04156213WA0096301015
B1712571901172S04156201WA0096501017
B1713011901148S04156195WA0096801020
B1713051901126S04156190WA0097301024
B1713091901102S04156179WA0097701029
B1713131901081S04156167WA0098201034
B1713171901059S04156155WA0098801042
B1713211901037S04156146WA0098801041
B1713251901016S04156131WA0098501038
B1713291900997S04156114WA0098501037
B1713331900982S04156099WA0098501037
B1713371900966S04156087WA0098101034
B1713411900949S04156076WA0097301024
B1713451900930S04156063WA0096701018
B1713491900910S04156050WA0096001011
B1713531900893S04156036WA0095401005
B1713571900873S04156021WA0094500995
B1714011900857S04156005WA0093700986
B1714051900838S04155987WA0092500972
B1714091900817S04155967WA0091200960
B1714131900796S04155949WA0089900945
B1714171900774S04155930WA0088900934
B1714211900750S04155914WA0088200927
B1714251900727S04155896WA0087400918
B1714291900706S04155878WA0086300906
B1714331900682S04155856WA0085400895
B1714371900663S04155834WA0084800890
B1714411900643S04155808WA0083900880
B1714451900625S04155786WA0083300874
B1714491900605S04155765WA0082600866
B1714531900586S04155747WA0081800859
B1714571900566S04155725WA0081100850
B1715011900549S04155707WA0080300842
B1715051900530S04155685WA0079200830
B1715091900514S04155663WA0078500823
B1715131900495S04155641WA0077700813
B1715171900477S04155624WA0076900806
B1715211900456S04155607WA0076100797
B1715251900437S04155590WA0075200788
B1715291900419S04155571WA0074400779
B1715331900404S04155556WA0074100777
B1715371900386S04155542WA0073600771
B1715411900369S04155530WA0073300768
B1715451900348S04155519WA0072800762
B1715491900331S04155510WA0072500760
B1715531900312S04155501WA0072000754
B1715571900294S04155491WA0071600750
B1716011900276S04155482WA0071000743
B1716051900258S04155472WA0070300737
B1716091900239S04155462WA0069700730
B1716131900221S04155453WA0069100723
B1716171900202S04155448WA0068300715
B1716211900181S04155445WA0067600708
B1716251900161S04155441WA0067000701
B1716291900140S04155444WA0066300695
B1716331900121S04155453WA0065500686
B1716371900102S04155465WA0064900680
B1716411900084S04155477WA0064000672
B1716451900065S04155490WA0063100661
B1716491900045S04155502WA0061900649
B1716531900026S04155514WA0061100640
B1716571900004S04155525WA0059800626
B1717011859981S04155535WA0058800615
B1717051859959S04155546WA0057700604
B1717091859937S04155559WA0056700593
B1717131859916S04155574WA0055800585
B1717171859897S04155592WA0054800573
B1717211859877S04155615WA0053700561
B1717251859859S04155639WA0052900554
B1717291859842S04155664WA0052200545
B1717331859825S04155685WA0051400539
B1717371859807S04155707WA0050500527
B1717411859790S04155727WA0049500518
B1717451859773S04155745WA0048600507
B1717491859756S04155754WA0048400506
B1717531859740S04155762WA0048600509
B1717571859722S04155774WA0048600509
B1718011859701S04155789WA0048600508
B1718051859682S04155808WA0047900501
B1718091859665S04155829WA0047400496
B1718131859650S04155853WA0046900490
B1718171859637S04155876WA0046600488
B1718211859621S04155902WA0046100482
B1718251859609S04155927WA0045700478
B1718291859600S04155955WA0045000470
B1718331859590S04155981WA0044600468
B1718371859578S04156009WA0044200463
B1718411859568S04156034WA0044300464
B1718451859556S04156058WA0044600468
B1718491859549S04156082WA0044600469
B1718531859550S04156106WA0044700469
B1718571859555S04156130WA0045000472
B1719011859566S04156148WA0045400475
B1719051859583S04156144WA0045100472
B1719091859586S04156121WA0045200473
B1719131859570S04156105WA0045400474
B1719171859546S04156096WA0045800479
B1719211859522S04156094WA0045900480
B1719251859497S04156095WA0046400486
B1719291859478S04156082WA0046500487
B1719331859458S04156069WA0046600489
B1719371859436S04156052WA0046900491
B1719411859420S04156036WA0047600498
B1719451859405S04156016WA0048400507
B1719491859391S04155999WA0049300517
B1719531859384S04155977WA0049900523
B1719571859369S04155959WA0050400528
B1720011859355S04155972WA0051100537
B1720051859375S04155991WA0051300539
B1720091859391S04155974WA0052300549
B1720131859388S04155949WA0053000557
B1720171859379S04155922WA0054100568
B1720211859370S04155902WA0055300580
B1720251859352S04155897WA0056500594
B1720291859351S04155922WA0057700606
B1720331859377S04155920WA0058500613
B1720371859372S04155897WA0059600624
B1720411859356S04155912WA0060900639
B1720451859369S04155932WA0062000652
B1720491859393S04155924WA0063100664
B1720531859381S04155906WA0064200675
B1720571859380S04155931WA0065500687
B1721011859403S04155923WA0066700702
B1721051859404S04155898WA0067900713
B1721091859387S04155889WA0069400731
B1721131859376S04155907WA0070600745
B1721171859386S04155930WA0071700755
B1721211859412S04155930WA0072700766
B1721251859428S04155911WA0074100782
B1721291859443S04155891WA0075800800
B1721331859433S04155868WA0076900809
B1721371859411S04155869WA0078200823
B1721411859412S04155895WA0079600838
B1721451859434S04155904WA0081100855
B1721491859453S04155883WA0082200866
B1721531859452S04155859WA0083700883
B1721571859433S04155845WA0085000895
B1722011859415S04155858WA0086100906
B1722051859417S04155881WA0087600922
B1722091859437S04155897WA0088900935
B1722131859458S04155881WA0090000947
B1722171859447S04155859WA0091300962
B1722211859428S04155862WA0092900979
B1722251859413S04155881WA0094300993
B1722291859427S04155901WA0095401005
B1722331859453S04155898WA0096401014
B1722371859464S04155872WA0097601026
B1722411859462S04155847WA0099101044
B1722451859453S04155823WA0100701061
B1722491859433S04155822WA0102501080
B1722531859435S04155847WA0103901094
B1722571859453S04155833WA0105301110
B1723011859439S04155813WA0107101129
B1723051859418S04155816WA0108501144
B1723091859405S04155840WA0109501154
B1723131859414S04155861WA0110901169
B1723171859439S04155864WA0112101181
B1723211859457S04155851WA0114001201
B1723251859461S04155826WA0115801219
B1723291859445S04155811WA0117501239
B1723331859424S04155821WA0118601251
B1723371859422S04155846WA0119701262
B1723411859443S04155855WA0121301280
B1723451859450S04155835WA0123301299
B1723491859431S04155826WA0124701315
B1723531859416S04155845WA0125701325
B1723571859429S04155867WA0127201342
B1724011859451S04155861WA0128501354
B1724051859462S04155840WA0130301375
B1724091859466S04155822WA0131801390
B1724131859446S04155811WA0132501397
B1724171859429S04155833WA0133401407
B1724211859427S04155859WA0134701420
B1724251859448S04155870WA0135701430
B1724291859460S04155854WA0136701441
B1724331859444S04155840WA0138201457
B1724371859433S04155865WA0139301470
B1724411859454S04155871WA0140401482
B1724451859461S04155848WA0141101489
B1724491859448S04155827WA0142501504
B1724531859431S04155819WA0143601515
B1724571859405S04155829WA0144101520
B1725011859388S04155844WA0145401533
B1725051859379S04155867WA0146301543
B1725091859400S04155880WA0147201552
B1725131859410S04155858WA0148501567
B1725171859389S04155848WA0149501577
B1725211859368S04155861WA0150701589
B1725251859372S04155884WA0151901602
B1725291859395S04155886WA0152801611
B1725331859398S04155864WA0153901622
B1725371859374S04155860WA0155001634
B1725411859371S04155886WA0156001644
B1725451859394S04155887WA0157001655
B1725491859397S04155863WA0158101666
B1725531859390S04155839WA0159101677
B1725571859380S04155812WA0159501680
B1726011859367S04155782WA0159901684
B1726051859345S04155756WA0160001684
B1726091859329S04155732WA0160001686
B1726131859310S04155708WA0159301677
B1726171859291S04155685WA0158801672
B1726211859270S04155662WA0158101663
B1726251859242S04155635WA0156901649
B1726291859214S04155609WA0155901639
B1726331859189S04155582WA0155001629
B1726371859165S04155556WA0154101620
B1726411859141S04155527WA0153201609
B1726451859119S04155498WA0152501602
B1726491859097S04155471WA0151401591
B1726531859071S04155443WA0150301578
B1726571859050S04155412WA0149401568
B1727011859025S04155380WA0148301556
B1727051859001S04155352WA0147301548
B1727091858977S04155320WA0146001532
B1727131858957S04155285WA0145001522
B1727171858937S04155254WA0144001513
B1727211858917S04155221WA0142901501
B1727251858900S04155186WA0141801490
B1727291858882S04155152WA0140801478
B1727331858862S04155119WA0139701466
B1727371858844S04155084WA0138601455
B1727411858826S04155049WA0137601445
B1727451858809S04155014WA0136701433
B1727491858792S04154977WA0135601422
B1727531858774S04154940WA0134601412
B1727571858759S04154903WA0133801402
B1728011858743S04154868WA0132301390
B1728051858717S04154858WA0131101382
B1728091858696S04154858WA0130601376
B1728131858679S04154844WA0129801368
B1728171858663S04154831WA0129101360
B1728211858645S04154810WA0128501354
B1728251858628S04154789WA0127901346
B1728291858607S04154763WA0127101338
B1728331858588S04154741WA0126801335
B1728371858567S04154718WA0126101327
B1728411858549S04154696WA0125601324
B1728451858534S04154670WA0125001315
B1728491858520S04154641WA0124201307
B1728531858506S04154614WA0123401299
B1728571858488S04154590WA0122701292
B1729011858461S04154573WA0121701279
B1729051858429S04154556WA0120801269
B1729091858400S04154540WA0119801258
B1729131858372S04154522WA0118901250
B1729171858345S04154507WA0118201242
B1729211858316S04154491WA0117401234
B1729251858285S04154475WA0116701226
B1729291858255S04154459WA0115901218
B1729331858226S04154443WA0115001208
B1729371858199S04154428WA0114101197
B1729411858171S04154416WA0112901188
B1729451858140S04154402WA0111801174
B1729491858108S04154391WA0111101166
B1729531858080S04154379WA0110001155
B1729571858052S04154364WA0109001144
B1730011858024S04154351WA0108001134
B1730051857997S04154340WA0107101125
B1730091857968S04154331WA0106401117
B1730131857936S04154322WA0105701109
B1730171857906S04154311WA0105101103
B1730211857875S04154301WA0104601097
B1730251857845S04154290WA0104301093
B1730291857820S04154280WA0104301094
B1730331857796S04154266WA0103701087
B1730371857771S04154250WA0103101082
B1730411857746S04154234WA0103401083
B1730451857732S04154222WA0104101095
B1730491857710S04154212WA0103901092
B1730531857690S04154211WA0104001094
B1730571857665S04154213WA0103901092
B1731011857642S04154218WA0104001093
B1731051857617S04154227WA0104101095
B1731091857602S04154245WA0105101106
B1731131857593S04154266WA0105701112
B1731171857580S04154285WA0106501122
B1731211857561S04154299WA0107101127
B1731251857536S04154307WA0107901136
B1731291857518S04154303WA0108901147
B1731331857516S04154284WA0109401151
B1731371857537S04154283WA0110001158
B1731411857550S04154304WA0110701165
B1731451857547S04154331WA0111401172
B1731491857529S04154344WA0111801176
B1731531857512S04154332WA0112701188
B1731571857513S04154316WA0113701198
B1732011857534S04154308WA0114101202
B1732051857545S04154330WA0114701208
B1732091857545S04154360WA0115501217
B1732131857550S04154389WA0116201226
B1732171857542S04154413WA0117501239
B1732211857523S04154413WA0118101245
B1732251857518S04154397WA0118801252
B1732291857532S04154382WA0119001254
B1732331857559S04154377WA0119901264
B1732371857580S04154374WA0120901275
B1732411857594S04154395WA0121401279
B1732451857584S04154418WA0122301289
B1732491857564S04154426WA0123101297
B1732531857563S04154410WA0123901304
B1732571857585S04154422WA0124501311
B1733011857576S04154449WA0125301319
B1733051857556S04154461WA0126301330
B1733091857539S04154452WA0126901335
B1733131857541S04154432WA0127401341
B1733171857541S04154410WA0127801345
B1733211857533S04154391WA0128601355
B1733251857523S04154370WA0129001358
B1733291857510S04154345WA0129001358
B1733331857501S04154319WA0129201360
B1733371857493S04154292WA0128901357
B1733411857484S04154265WA0128701355
B1733451857474S04154235WA0128301348
B1733491857458S04154204WA0128001346
B1733531857444S04154175WA0127601342
B1733571857431S04154142WA0126701331
B1734011857419S04154109WA0125701321
B1734051857407S04154076WA0124501308
B1734091857394S04154042WA0123001294
B1734131857382S04154008WA0121901281
B1734171857369S04153973WA0120601268
B1734211857355S04153938WA0119401254
B1734251857341S04153904WA0118401244
B1734291857329S04153869WA0117001229
B1734331857315S04153834WA0115901217
B1734371857300S04153801WA0114801206
B1734411857283S04153767WA0113501192
B1734451857266S04153735WA0112501182
B1734491857250S04153702WA0111401169
B1734531857236S04153669WA0110201158
B1734571857221S04153637WA0108901144
B1735011857204S04153606WA0107601129
B1735051857186S04153575WA0106201115
B1735091857167S04153546WA0104801101
B1735131857148S04153517WA0103801091
B1735171857131S04153489WA0102601078
B1735211857110S04153460WA0101601067
B1735251857091S04153431WA0100801058
B1735291857073S04153399WA0100001049
B1735331857058S04153367WA0099501044
B1735371857041S04153336WA0099101039
B1735411857024S04153306WA0098501033
B1735451857009S04153273WA0098001028
B1735491856992S04153242WA0097601024
B1735531856976S04153210WA0097201022
B1735571856958S04153177WA0097201020
B1736011856941S04153146WA0097801026
B1736051856924S04153120WA0098701037
B1736091856907S04153094WA0099401044
B1736131856895S04153070WA0100101053
B1736171856884S04153044WA0100201053
B1736211856870S04153018WA0100401056
B1736251856857S04152993WA0100701060
B1736291856843S04152965WA0101201064
B1736331856831S04152939WA0102001072
B1736371856819S04152912WA0102301076
B1736411856808S04152882WA0102501077
B1736451856797S04152852WA0102401076
B1736491856783S04152824WA0102901082
B1736531856771S04152797WA0103601090
B1736571856757S04152773WA0105001104
B1737011856740S04152750WA0106101116
B1737051856725S04152727WA0106701123
B1737091856711S04152701WA0107501130
B1737131856696S04152679WA0108201139
B1737171856676S04152664WA0109101150
B1737211856657S04152649WA0110001160
B1737251856648S04152628WA0110901169
B1737291856661S04152621WA0111501175
B1737331856667S04152642WA0112201182
B1737371856654S04152666WA0113101191
B1737411856633S04152683WA0113901200
B1737451856616S04152682WA0114101203
B1737491856610S04152659WA0113701197
B1737531856624S04152640WA0114001200
B1737571856633S04152619WA0114601206
B1738011856649S04152611WA0115201214
B1738051856667S04152616WA0115901220
B1738091856685S04152629WA0116401225
B1738131856704S04152643WA0116801230
B1738171856723S04152650WA0117401236
B1738211856740S04152653WA0117901241
B1738251856754S04152667WA0118401248
B1738291856760S04152692WA0118801251
B1738331856751S04152719WA0119401258
B1738371856730S04152728WA0120101266
B1738411856722S04152709WA0120501269
B1738451856740S04152702WA0120901273
B1738491856749S04152728WA0121301277
B1738531856734S04152748WA0122001285
B1738571856713S04152755WA0122501289
B1739011856692S04152763WA0123001296
B1739051856673S04152761WA0122901295
B1739091856661S04152739WA0122901295
B1739131856648S04152720WA0123101298
B1739171856635S04152694WA0122801294
B1739211856628S04152668WA0122801293
B1739251856625S04152641WA0123101297
B1739291856621S04152617WA0123601303
B1739331856614S04152594WA0123501303
B1739371856605S04152563WA0123101296
B1739411856600S04152529WA0122701291
B1739451856591S04152494WA0122401287
B1739491856582S04152458WA0121901281
B1739531856580S04152420WA0121101272
B1739571856578S04152386WA0120401268
B1740011856575S04152353WA0119401257
B1740051856567S04152318WA0118501246
B1740091856559S04152284WA0117401236
B1740131856551S04152247WA0116401224
B1740171856545S04152211WA0115401214
B1740211856538S04152173WA0114301201
B1740251856530S04152138WA0113201192
B1740291856523S04152104WA0111601175
B1740331856516S04152069WA0110101159
B1740371856512S04152034WA0108701144
B1740411856510S04151999WA0107201129
B1740451856512S04151964WA0105901114
B1740491856511S04151931WA0104901105
B1740531856507S04151899WA0103901094
B1740571856502S04151866WA0102801083
B1741011856499S04151832WA0101601068
B1741051856501S04151799WA0100701060
B1741091856503S04151767WA0099901051
B1741131856503S04151733WA0098701037
B1741171856499S04151700WA0097401025
B1741211856495S04151666WA0096001010
B1741251856490S04151632WA0094700995
B1741291856483S04151599WA0093300980
B1741331856476S04151566WA0092100968
B1741371856473S04151536WA0091100959
B1741411856469S04151504WA0089700942
B1741451856468S04151470WA0088100926
B1741491856469S04151437WA0086700911
B1741531856468S04151401WA0085500897
B1741571856466S04151364WA0084700890
B1742011856466S04151328WA0084000883
B1742051856463S04151294WA0083500877
B1742091856454S04151262WA0082900871
B1742131856439S04151230WA0081800859
B1742171856420S04151200WA0081100850
B1742211856404S04151171WA0080200842
B1742251856385S04151143WA0079500834
B1742291856370S04151123WA0079200833
B1742331856364S04151096WA0078400824
B1742371856357S04151071WA0078100822
B1742411856352S04151044WA0077500816
B1742451856347S04151017WA0077100811
B1742491856341S04150987WA0076400802
B1742531856333S04150954WA0075800796
B1742571856327S04150922WA0075800796
B1743011856322S04150888WA0075700794
B1743051856318S04150854WA0076200799
B1743091856315S04150828WA0077400815
B1743131856312S04150806WA0078000822
B1743171856309S04150785WA0078600829
B1743211856305S04150763WA0078900831
B1743251856304S04150740WA0079500837
B1743291856306S04150718WA0080500848
B1743331856315S04150705WA0081900864
B1743371856334S04150713WA0082800872
B1743411856331S04150740WA0083600881
B1743451856312S04150751WA0085200898
B1743491856294S04150750WA0086000903
B1743531856273S04150741WA0086900914
B1743571856273S04150723WA0087900925
B1744011856291S04150723WA0089000936
B1744051856302S04150746WA0090000947
B1744091856293S04150773WA0091000959
B1744131856278S04150792WA0092100971
B1744171856256S04150792WA0092700975
B1744211856245S04150776WA0093600985
B1744251856243S04150756WA0094700996
B1744291856256S04150747WA0095601007
B1744331856268S04150768WA0096401016
B1744371856259S04150793WA0097501028
B1744411856234S04150800WA0098301034
B1744451856215S04150790WA0099701051
B1744491856200S04150774WA0100401057
B1744531856188S04150759WA0100901063
B1744571856174S04150741WA0100601059
B1745011856172S04150722WA0100701061
B1745051856175S04150700WA0100501058
B1745091856183S04150680WA0100701059
B1745131856190S04150658WA0101501069
B1745171856195S04150630WA0101901071
B1745211856198S04150606WA0102701081
B1745251856200S04150581WA0102801082
B1745291856203S04150554WA0102701080
B1745331856201S04150528WA0103001084
B1745371856197S04150502WA0103201086
B1745411856195S04150474WA0103301088
B1745451856193S04150449WA0102901084
B1745491856191S04150419WA0101401066
B1745531856187S04150384WA0099901050
B1745571856185S04150347WA0098601036
B1746011856182S04150311WA0097501025
B1746051856181S04150273WA0096201011
B1746091856182S04150237WA0095401003
B1746131856181S04150201WA0094300990
B1746171856179S04150162WA0093200979
B1746211856177S04150125WA0092100968
B1746251856175S04150089WA0091100958
B1746291856173S04150055WA0090200948
B1746331856170S04150021WA0089100937
B1746371856169S04149984WA0088100926
B1746411856171S04149950WA0087300917
B1746451856173S04149914WA0086300906
B1746491856177S04149881WA0086200904
B1746531856179S04149856WA0086100905
B1746571856179S04149823WA0085500895
B1747011856176S04149792WA0085100894
B1747051856174S04149764WA0084700889
B1747091856167S04149735WA0084200884
B1747131856156S04149705WA0084100882
B1747171856132S04149695WA0084400884
B1747211856114S04149724WA0084300884
B1747251856109S04149750WA0084000885
B1747291856110S04149785WA0083700880
B1747331856112S04149814WA0084200888
B1747371856116S04149839WA0084500892
B1747411856140S04149845WA0084400890
B1747451856149S04149822WA0084400890
B1747491856134S04149808WA0084300889
B1747531856110S04149819WA0084200887
B1747571856095S04149837WA0084700893
B1748011856086S04149859WA0084600892
B1748051856075S04149878WA0084600892
B1748091856064S04149900WA0084100886
B1748131856063S04149925WA0083500881
B1748171856063S04149951WA0082900875
B1748211856065S04149976WA0082500870
B1748251856068S04150001WA0082000864
B1748291856072S04150027WA0081300857
B1748331856077S04150051WA0080800852
B1748371856080S04150076WA0080200846
B1748411856085S04150100WA0079800841
B1748451856092S04150127WA0078800830
B1748491856099S04150159WA0078000821
B1748531856105S04150190WA0077200813
B1748571856110S04150222WA0076400805
B1749011856116S04150252WA0075700798
B1749051856123S04150284WA0074800788
B1749091856128S04150315WA0073900778
B1749131856135S04150347WA0073000768
B1749171856143S04150377WA0072100760
B1749211856151S04150407WA0071200750
B1749251856162S04150437WA0070200739
B1749291856173S04150467WA0069200729
B1749331856186S04150495WA0068500720
B1749371856200S04150519WA0068200718
B1749411856218S04150543WA0067800714
B1749451856234S04150569WA0068000716
B1749491856246S04150591WA0068400720
B1749531856262S04150611WA0068900727
B1749571856279S04150626WA0069600734
B1750011856290S04150643WA0070500743
B1750051856272S04150656WA0070800747
B1750091856261S04150632WA0071600757
B1750131856268S04150614WA0072800768
B1750171856285S04150608WA0073400774
B1750211856296S04150620WA0074100781
B1750251856297S04150637WA0074100782
B1750291856285S04150658WA0074200782
B1750331856271S04150678WA0074800788
B1750371856261S04150706WA0075500796
B1750411856261S04150731WA0076300804
B1750451856282S04150750WA0076700808
B1750491856288S04150731WA0077500816
B1750531856267S04150736WA0078300825
B1750571856277S04150761WA0078900830
B1751011856293S04150751WA0079500837
B1751051856280S04150738WA0080200844
B1751091856259S04150749WA0081000854
B1751131856247S04150768WA0081200856
B1751171856248S04150796WA0081300856
B1751211856254S04150825WA0081200855
B1751251856264S04150855WA0081500857
B1751291856279S04150882WA0081900863
B1751331856288S04150910WA0082300868
B1751371856296S04150939WA0082700872
B1751411856307S04150966WA0083500880
B1751451856314S04150994WA0083800884
B1751491856320S04151023WA0084300889
B1751531856328S04151054WA0084400890
B1751571856331S04151081WA0084200888
B1752011856332S04151110WA0083800883
B1752051856332S04151135WA0083400878
B1752091856330S04151164WA0083000874
B1752131856329S04151190WA0082700871
B1752171856327S04151220WA0082400867
B1752211856326S04151248WA0082000863
B1752251856323S04151277WA0081600858
B1752291856320S04151304WA0081300856
B1752331856317S04151332WA0080900851
B1752371856313S04151359WA0080300845
B1752411856310S04151387WA0079900840
B1752451856306S04151414WA0079300834
B1752491856301S04151440WA0078800829
B1752531856295S04151466WA0078600826
B1752571856288S04151491WA0078100821
B1753011856282S04151518WA0077500815
B1753051856277S04151544WA0077100809
B1753091856269S04151569WA0076600804
B1753131856264S04151596WA0075900796
B1753171856261S04151621WA0075300790
B1753211856257S04151648WA0074400781
B1753251856253S04151673WA0073900776
B1753291856249S04151700WA0073300769
B1753331856243S04151725WA0072700763
B1753371856237S04151754WA0072100755
B1753411856230S04151781WA0071500750
B1753451856223S04151809WA0070900744
B1753491856215S04151839WA0070100734
B1753531856208S04151871WA0069500729
B1753571856200S04151900WA0068700720
B1754011856191S04151930WA0067900712
B1754051856183S04151959WA0067000703
B1754091856177S04151991WA0066100692
B1754131856170S04152023WA0065200683
B1754171856163S04152055WA0064100672
B1754211856155S04152089WA0063200664
B1754251856148S04152121WA0062300653
B1754291856139S04152154WA0061300642
B1754331856130S04152185WA0060400633
B1754371856123S04152218WA0059400622
B1754411856117S04152251WA0058000608
B1754451856111S04152286WA0056900595
B1754491856104S04152317WA0056000587
B1754531856097S04152348WA0055300579
B1754571856098S04152376WA0055100578
B1755011856095S04152401WA0055100577
B1755051856091S04152430WA0054900577
B1755091856087S04152462WA0055300580
B1755131856085S04152489WA0055900587
B1755171856084S04152519WA0055900587
B1755211856084S04152545WA0056100589
B1755251856079S04152568WA0056800597
B1755291856080S04152589WA0057500604
B1755331856101S04152585WA0057500603
B1755371856094S04152568WA0058100611
B1755411856080S04152583WA0058700618
B1755451856070S04152603WA0059100622
B1755491856061S04152625WA0059800631
B1755531856052S04152651WA0060400637
B1755571856046S04152678WA0061200646
B1756011856041S04152707WA0061900652
B1756051856038S04152736WA0062400658
B1756091856034S04152763WA0063300668
B1756131856026S04152789WA0063600670
B1756171856019S04152816WA0063600670
B1756211856014S04152839WA0063500670
B1756251856008S04152864WA0063100663
B1756291856006S04152886WA0063000664
B1756331856001S04152910WA0062700660
B1756371855998S04152932WA0062500658
B1756411855994S04152957WA0062100654
B1756451855989S04152981WA0061800650
B1756491855985S04153005WA0061400647
B1756531855979S04153031WA0060800640
B1756571855973S04153063WA0060000631
B1757011855967S04153092WA0059700628
B1757051855962S04153124WA0058700617
B1757091855958S04153156WA0057700606
B1757131855953S04153187WA0057000600
B1757171855947S04153216WA0056300591
B1757211855940S04153241WA0055600586
B1757251855936S04153267WA0055000579
B1757291855934S04153290WA0054900579
B1757331855931S04153316WA0054400573
B1757371855928S04153340WA0053800567
B1757411855926S04153364WA0053600565
B1757451855924S04153389WA0053500563
B1757491855921S04153412WA0053700565
B1757531855915S04153443WA0053500561
B1757571855913S04153469WA0053300560
B1758011855911S04153500WA0052600552
B1758051855906S04153529WA0052100547
B1758091855899S04153560WA0051400538
B1758131855893S04153589WA0050800532
B1758171855887S04153620WA0049900522
B1758211855881S04153650WA0049200515
B1758251855874S04153680WA0048500507
B1758291855866S04153709WA0048100504
B1758331855852S04153737WA0047900500
B1758371855838S04153761WA0047600500
B1758411855827S04153789WA0047100492
B1758451855820S04153819WA0046800491
B1758491855813S04153849WA0046300484
B1758531855811S04153881WA0046000481
B1758571855810S04153913WA0045900479
B1759011855804S04153945WA0045500474
B1759051855796S04153979WA0045000468
B1759091855793S04154010WA0044300461
B1759131855790S04154045WA0043400451
B1759171855788S04154074WA0043500454
B1759211855790S04154106WA0043700455
B1759251855791S04154134WA0044200459
B1759291855791S04154164WA0044600466
B1759331855790S04154195WA0044900467
B1759371855790S04154226WA0045500473
B1759411855789S04154255WA0045800477
B1759451855782S04154281WA0045600474
B1759491855778S04154307WA0045400473
B1759531855777S04154333WA0045200471
B1759571855776S04154355WA0044700467
B1800011855768S04154380WA0043700457
B1800051855762S04154405WA0043300452
B1800091855753S04154428WA0042700447
B1800131855747S04154451WA0042400444
B1800171855739S04154475WA0041700436
B1800211855736S04154499WA0041100431
B1800251855728S04154524WA0040100420
B1800291855721S04154546WA0039200411
B1800331855713S04154569WA0038200401
B1800371855704S04154589WA0037400392
B1800411855695S04154612WA0036300381
B1800451855687S04154635WA0035400371
B1800491855678S04154659WA0034500360
B1800531855674S04154684WA0033500349
B1800571855667S04154710WA0032600341
B1801011855655S04154733WA0031700331
B1801051855645S04154758WA0030900322
B1801091855636S04154783WA0030100313
B1801131855635S04154811WA0029200303
B1801171855645S04154836WA0028700299
B1801211855660S04154858WA0027900291
B1801251855679S04154868WA0027100282
B1801291855701S04154869WA0026700278
B1801331855725S04154866WA0026800279
B1801371855746S04154862WA0027300283
B1801411855768S04154854WA0026800278
B1801451855787S04154845WA0026200273
B1801491855803S04154830WA0025600265
B1801531855814S04154812WA0025300263
B1801571855798S04154803WA0024600252
B1802011855792S04154827WA0024300253
B1802051855779S04154844WA0023800247
B1802091855763S04154856WA0023000241
B1802131855742S04154861WA0022400234
B1802171855723S04154868WA0022700238
B1802211855704S04154867WA0022500234
B1802251855699S04154855WA0021500222
B1802291855719S04154842WA0020300208
B1802331855740S04154837WA0019700201
B1802371855762S04154823WA0019400197
B1802411855767S04154806WA0019300196
B1802451855750S04154806WA0018700192
B1802491855738S04154808WA0018800192
B1802531855729S04154798WA0018500187
B1802571855727S04154783WA0018300184
B1803011855727S04154764WA0017700177
B1803051855719S04154747WA0017200172
B1803091855711S04154736WA0016700169
B1803131855711S04154735WA0016600168
B1803171855711S04154735WA0016600168
B1803211855711S04154735WA0016600168
B1803251855711S04154735WA0016600168
B1803291855711S04154735WA0016600168
B1803331855711S04154735WA0016500168
B1803371855710S04154735WA0016600168
B1803411855710S04154735WA0016600168
B1803451855710S04154735WA0016700167
B1803491855710S04154736WA0016600168
B1803531855710S04154736WA0016600168
B1803571855710S04154736WA0016600167
B1804011855710S04154736WA0016600166
B1804051855710S04154736WA0016600164
B1804091855710S04154735WA0016600164
B1804131855710S04154735WA0016600164
B1804171855710S04154735WA0016600165
B1804211855711S04154735WA0016600165
B1804251855711S04154735WA0016600166
B1804291855711S04154735WA0016600166
B1804331855711S04154734WA0016600167
B1804371855711S04154734WA0016600167
B1804411855711S04154734WA0016600167
B1804451855711S04154734WA0016600166
B1804491855711S04154734WA0016600166
B1804531855711S04154734WA0016500166
B1804571855710S04154735WA0016600166
B1805011855708S04154735WA0016600166
B1805051855706S04154735WA0016600167
B1805091855705S04154736WA0016600168
B1805131855704S04154736WA0016500169
B1805171855703S04154736WA0016500169
B1805211855702S04154736WA0016600170
B1805251855700S04154736WA0016600170
B1805291855700S04154736WA0016600170
B1805331855700S04154736WA0016600170
B1805371855700S04154736WA0016600170
B1805411855700S04154736WA0016600171
B1805451855699S04154736WA0016600172
B1805491855699S04154736WA0016600173
B1805531855699S04154736WA0016600173
B1805571855699S04154736WA0016600173
B1806011855699S04154736WA0016500173
B1806051855699S04154736WA0016600173
B1806091855699S04154736WA0016600173
B1806131855699S04154736WA0016600172
B1806171855699S04154736WA0016600173
B1806211855699S04154736WA0016600173
B1806251855699S04154736WA0016600173
B1806291855699S04154736WA0016600173
B1806331855699S04154736WA0016600173
B1806371855699S04154736WA0016600173
B1806411855699S04154736WA0016600173
B1806451855699S04154736WA0016600173
B1806491855699S04154736WA0016600172
B1806531855699S04154736WA0016600171
B1806571855699S04154736WA0016600170
B1807011855699S04154736WA0016600169
B1807051855699S04154737WA0016600169
B1807091855699S04154737WA0016600168
B1807131855699S04154737WA0016600168
B1807171855699S04154737WA0016600167
B1807211855699S04154737WA0016600167
B1807251855699S04154737WA0016600167
B1807291855699S04154737WA0016600167
B1807331855699S04154737WA0016600167
B1807371855699S04154737WA0016600167
B1807411855699S04154737WA0016600167
B1807451855699S04154737WA0016600167
B1807491855699S04154737WA0016600167
B1807531855699S04154737WA0016600167
B1807571855699S04154737WA0016600166
B1808011855699S04154737WA0016600166
B1808051855699S04154737WA0016600166
B1808091855699S04154737WA0016600166
B1808131855699S04154737WA0016600166
B1808171855699S04154737WA0016600165
B1808211855699S04154737WA0016600165
B1808251855699S04154737WA0016600165
B1808291855699S04154737WA0016600165
B1808331855699S04154737WA0016600165
B1808371855699S04154737WA0016600165
B1808411855699S04154738WA0016600165
B1808451855699S04154737WA0016600165
B1808491855699S04154738WA0016500166
B1808531855699S04154738WA0016600166
B1808571855699S04154738WA0016600166
B1809011855699S04154738WA0016600165
B1809051855699S04154738WA0016600165
B1809091855699S04154738WA0016600165
B1809131855699S04154738WA0016600165
B1809171855699S04154738WA0016600166
B1809211855699S04154738WA0016600166
B1809251855699S04154738WA0016600165
B1809291855699S04154738WA0016600166
B1809331855699S04154738WA0016600166
B1809371855699S04154738WA0016600166
B1809411855699S04154738WA0016600166
B1809451855699S04154738WA0016600166
B1809491855699S04154738WA0016600166
B1809531855699S04154738WA0016500166
B1809571855699S04154738WA0016600167
B1810011855699S04154738WA0016600167
B1810051855699S04154738WA0016500167
B1810091855699S04154738WA0016600167
B1810131855699S04154738WA0016600166
B1810171855699S04154738WA0016600166
B1810211855699S04154737WA0016600166
B1810251855699S04154737WA0016600166
B1810291855699S04154737WA0016600166
B1810331855699S04154737WA0016600166
B1810371855699S04154737WA0016600166
B1810411855699S04154737WA0016600166
B1810451855699S04154737WA0016600166
B1810491855699S04154737WA0016600166
B1810531855699S04154737WA0016600166
B1810571855699S04154737WA0016600166
B1811011855699S04154737WA0016600166
B1811051855699S04154737WA0016500166
B1811091855699S04154737WA0016600166
B1811131855699S04154737WA0016500166
B1811171855699S04154737WA0016600166
B1811211855699S04154737WA0016600166
B1811251855699S04154737WA0016600166
B1811291855699S04154737WA0016600166
B1811331855699S04154737WA0016600166
B1811371855699S04154737WA0016600166
B1811411855699S04154737WA0016600166
B1811451855699S04154737WA0016600166
B1811491855699S04154737WA0016600166
B1811531855699S04154737WA0016600166
B1811571855699S04154737WA0016600166
B1812011855699S04154737WA0016600166
B1812051855699S04154737WA0016600166
B1812091855699S04154737WA0016600166
B1812131855699S04154737WA0016600166
B1812171855699S04154737WA0016600166
B1812211855699S04154737WA0016600166
B1812251855699S04154737WA0016600166
B1812291855699S04154737WA0016600166
B1812331855699S04154737WA0016600165
B1812371855699S04154737WA0016600165
B1812411855699S04154737WA0016600165
B1812451855699S04154737WA0016600165
B1812491855699S04154738WA0016600165
B1812531855699S04154738WA0016600165
B1812571855699S04154738WA0016600165
B1813011855699S04154738WA0016600165
B1813051855699S04154737WA0016600165
B1813091855699S04154737WA0016600165
B1813131855699S04154737WA0016600165
B1813171855699S04154737WA0016600165
B1813211855699S04154737WA0016600165
B1813251855699S04154737WA0016600165
B1813291855699S04154737WA0016600166
B1813331855699S04154737WA0016600166
B1813371855699S04154737WA0016600166
B1813411855699S04154737WA0016600165
B1813451855699S04154737WA0016600165
B1813491855699S04154737WA0016600165
B1813531855699S04154737WA0016600165
B1813571855699S04154737WA0016600165
B1814011855699S04154737WA0016600165
B1814051855699S04154737WA0016600165
B1814091855699S04154737WA0016600165
B1814131855699S04154737WA0016600164
B1814171855699S04154737WA0016600164
B1814211855699S04154737WA0016600164
B1814251855699S04154737WA0016600164
B1814291855699S04154737WA0016600164
B1814331855699S04154737WA0016600164
B1814371855699S04154737WA0016600164
B1814411855699S04154737WA0016600164
B1814451855699S04154737WA0016600165
B1814491855699S04154737WA0016600165
B1814531855699S04154737WA0016600165
B1814571855699S04154737WA0016600165
B1815011855699S04154737WA0016600165
B1815051855699S04154737WA0016600165
B1815091855699S04154737WA0016600165
B1815131855699S04154737WA0016600165
B1815171855699S04154737WA0016600166
B1815211855699S04154737WA0016600166
B1815251855699S04154737WA0016600166
B1815291855699S04154738WA0016600166
B1815331855699S04154738WA0016600167
B1815371855699S04154737WA0016600167
B1815411855699S04154737WA0016600167
B1815451855699S04154738WA0016600167
B1815491855699S04154738WA0016600167
B1815531855699S04154738WA0016600167
B1815571855699S04154738WA0016600167
B1816011855699S04154738WA0016600167
B1816051855699S04154738WA0016600167
B1816091855699S04154738WA0016600166
B1816131855699S04154738WA0016600166
B1816171855699S04154738WA0016600165
B1816211855699S04154738WA0016600165
B1816251855699S04154738WA0016600165
B1816291855699S04154738WA0016600165
B1816331855700S04154738WA0016600165
B1816371855700S04154738WA0016600166
B1816411855700S04154737WA0016600165
B1816451855700S04154737WA0016600165
B1816491855700S04154737WA0016600166
B1816531855700S04154737WA0016600166
B1816571855700S04154737WA0016600166
B1817011855700S04154737WA0016500165
B1817051855700S04154737WA0016600166
B1817091855700S04154738WA0016600166
B1817131855700S04154737WA0016600166
B1817171855700S04154737WA0016600167
B1817211855701S04154737WA0016600167
B1817251855701S04154737WA0016500167
B1817291855701S04154738WA0016600168
B1817331855701S04154738WA0016500167
B1817371855701S04154738WA0016400168
B1817411855701S04154738WA0016500168
B1817451855701S04154738WA0016500168
B1817491855701S04154738WA0016600168
B1817531855701S04154738WA0016500168
B1817571855701S04154737WA0016600170
B1818011855701S04154737WA0016600171
B1818051855701S04154737WA0016600170
B1818091855701S04154738WA0016500170
B1818131855700S04154737WA0016600170
B1818171855700S04154737WA0016600170
B1818211855700S04154737WA0016600171
B1818251855700S04154737WA0016600171
B1818291855700S04154737WA0016600171
B1818331855701S04154737WA0016600171
B1818371855702S04154736WA0016600171
B1818411855702S04154736WA0016600169
B1818451855702S04154737WA0016600168
B1818491855702S04154737WA0016600167
B1818531855702S04154737WA0016600167
B1818571855702S04154737WA0016600166
B1819011855702S04154736WA0016600166
B1819051855702S04154736WA0016600167
B1819091855702S04154736WA0016600167
B1819131855702S04154736WA0016600167
B1819171855702S04154736WA0016600167
B1819211855702S04154736WA0016600166
B1819251855702S04154736WA0016600166
B1819291855702S04154736WA0016700167
B1819331855702S04154736WA0016700168
B1819371855702S04154736WA0016700168
B1819411855702S04154736WA0016700169
B1819451855702S04154736WA0016600169
B1819491855701S04154736WA0016600169
B1819531855702S04154736WA0016600170
B1819571855702S04154736WA0016700170
B1820011855702S04154736WA0016700170
B1820051855702S04154736WA0016700170
B1820091855701S04154736WA0016700171
B1820131855702S04154736WA0016700171
B1820171855701S04154736WA0016700171
B1820211855701S04154736WA0016700171
B1820251855701S04154736WA0016700170
B1820291855701S04154736WA0016700170
B1820331855702S04154736WA0016600170
B1820371855702S04154736WA0016600170
B1820411855702S04154736WA0016700170
B1820451855702S04154736WA0016600170
B1820491855702S04154737WA0016500170
B1820531855702S04154736WA0016600171
B1820571855702S04154736WA0016500171
B1821011855702S04154736WA0016600172
B1821051855701S04154735WA0016600172
B1821091855701S04154735WA0016600172
B1821131855700S04154736WA0016600173
B1821171855700S04154736WA0016600173
B1821211855700S04154736WA0016400173
B1821251855700S04154736WA0016600173
B1821291855700S04154736WA0016600174
B1821331855700S04154736WA0016700174
B1821371855700S04154736WA0016700175
B1821411855700S04154736WA0016700175
B1821451855700S04154736WA0016600173
B1821491855700S04154736WA0016700173
B1821531855700S04154736WA0016700174
B1821571855700S04154736WA0016700175
B1822011855700S04154736WA0016700176
B1822051855700S04154736WA0016700175
B1822091855701S04154736WA0016600173
B1822131855700S04154736WA0016600172
B1822171855700S04154736WA0016600173
B1822211855700S04154736WA0016600172
B1822251855700S04154736WA0016600170
B1822291855700S04154736WA0016600170
B1822331855700S04154736WA0016600168
B1822371855700S04154736WA0016600168
B1822411855700S04154737WA0016700167
B1822451855700S04154736WA0016600167
B1822491855700S04154737WA0016600167
B1822531855700S04154736WA0016600167
B1822571855700S04154736WA0016600167
B1823011855700S04154736WA0016600166
B1823051855700S04154736WA0016600166
B1823091855699S04154737WA0016600166
B1823131855699S04154737WA0016600165
B1823171855699S04154737WA0016600164
B1823211855699S04154737WA0016600163
B1823251855699S04154737WA0016600164
B1823291855699S04154737WA0016600164
B1823331855699S04154737WA0016600164
B1823371855699S04154737WA0016600164
B1823411855699S04154737WA0016600163
B1823451855699S04154737WA0016600164
B1823491855699S04154737WA0016600163
B1823531855699S04154737WA0016600162
B1823571855699S04154737WA0016600162
B1824011855699S04154737WA0016600162
B1824051855699S04154737WA0016600162
B1824091855699S04154737WA0016600162
B1824131855699S04154737WA0016600163
B1824171855699S04154737WA0016600163
B1824211855699S04154737WA0016600163
B1824251855699S04154737WA0016600163
B1824291855700S04154737WA0016600163
B1824331855700S04154736WA0016600163
B1824371855700S04154736WA0016600163
B1824411855700S04154736WA0016600163
B1824451855700S04154736WA0016600163
B1824491855700S04154736WA0016600163
B1824531855700S04154736WA0016600162
B1824571855700S04154736WA0016600162
B1825011855700S04154736WA0016600162
B1825051855700S04154736WA0016600162
B1825091855700S04154736WA0016600161
B1825131855700S04154736WA0016600161
B1825171855700S04154736WA0016600162
B1825211855700S04154736WA0016600162
B1825251855700S04154736WA0016600161
B1825291855700S04154736WA0016600162
B1825331855700S04154736WA0016600162
B1825371855700S04154736WA0016600162
B1825411855700S04154736WA0016600163
B1825451855699S04154736WA0016600164
B1825491855699S04154736WA0016700165
B1825531855699S04154736WA0016700166
B1825571855699S04154735WA0016700165
B1826011855699S04154734WA0016700163
B1826051855699S04154734WA0016700163
B1826091855700S04154734WA0016600164
B1826131855700S04154734WA0016700166
B1826171855701S04154733WA0016600165
B1826211855704S04154730WA0016700165
B1826251855704S04154730WA0016700167
B1826291855704S04154730WA0016700164
B1826331855705S04154730WA0016700164
B1826371855706S04154728WA0016700168
B1826411855706S04154729WA0016700168
B1826451855706S04154729WA0016700170
B1826491855706S04154728WA0016700173
B1826531855704S04154727WA0016700174
B1826571855703S04154726WA0016700176
B1827011855699S04154725WA0016700176
B1827051855700S04154726WA0016700179
B1827091855700S04154726WA0016700177
B1827131855700S04154727WA0016700181
B1827171855701S04154727WA0016700179
B1827211855701S04154727WA0016700176
B1827251855701S04154730WA0016700176
B1827291855702S04154730WA0016700175
B1827331855703S04154732WA0016700174
B1827371855703S04154734WA0016700173
B1827411855701S04154734WA0016700173
B1827451855700S04154734WA0016700175
B1827491855700S04154734WA0016700174
B1827531855700S04154736WA0016700172
B1827571855699S04154736WA0016700169
B1828011855699S04154735WA0016700168
B1828051855700S04154733WA0016600166
B1828091855700S04154734WA0016600164
B1828131855699S04154735WA0016700165
B1828171855699S04154734WA0016700163
B1828211855699S04154733WA0016700161
B1828251855697S04154736WA0016700165
B1828291855697S04154737WA0016600165
B1828331855697S04154739WA0016700164
B1828371855697S04154741WA0016600164
B1828411855696S04154744WA0016600162
B1828451855696S04154744WA0016600161
B1828491855696S04154745WA0016600161
B1828531855696S04154744WA0016700162
B1828571855695S04154743WA0016700165
B1829011855695S04154743WA0016700167
B1829051855694S04154743WA0016600169
B1829091855694S04154742WA0016700171
B1829131855694S04154741WA0016700171
B1829171855695S04154741WA0016700171
B1829211855696S04154740WA0016600171
B1829251855695S04154741WA0016600170
B1829291855695S04154741WA0016700170
B1829331855696S04154741WA0016700169
B1829371855698S04154740WA0016700169
B1829411855698S04154739WA0016600170
B1829451855699S04154739WA0016600169
B1829491855698S04154740WA0016600170
B1829531855699S04154739WA0016600170
B1829571855700S04154738WA0016700170
B1830011855701S04154737WA0016700170
B1830051855702S04154736WA0016700171
B1830091855704S04154738WA0016700170
B1830131855704S04154738WA0016700171
B1830171855702S04154738WA0016700172
B1830211855701S04154738WA0016700171
B1830251855700S04154738WA0016700169
B1830291855700S04154739WA0016700167
B1830331855700S04154738WA0016600166
B1830371855700S04154739WA0016600165
B1830411855700S04154740WA0016700165
B1830451855700S04154741WA0016700165
B1830491855701S04154740WA0016600165
B1830531855700S04154739WA0016700165
B1830571855699S04154740WA0016700165
B1831011855698S04154739WA0016700165
B1831051855698S04154740WA0016700164
B1831091855696S04154741WA0016600163
B1831131855696S04154742WA0016700163
B1831171855697S04154741WA0016600163
B1831211855697S04154741WA0016600163
B1831251855696S04154742WA0016700161
B1831291855696S04154741WA0016600160
B1831331855697S04154739WA0016600160
B1831371855697S04154736WA0016600160
B1831411855697S04154736WA0016600161
B1831451855697S04154735WA0016600161
B1831491855696S04154738WA0016600160
B1831531855695S04154742WA0016600158
B1831571855697S04154743WA0016600158
B1832011855700S04154744WA0016700157
B1832051855701S04154745WA0016700157
B1832091855701S04154746WA0016700156
B1832131855701S04154750WA0016700157
B1832171855701S04154751WA0016700158
B1832211855701S04154752WA0016700158
B1832251855701S04154750WA0016800159
B1832291855701S04154751WA0016800158
B1832331855700S04154751WA0016800155
B1832371855699S04154751WA0016800152
B1832411855699S04154753WA0016800150
B1832451855697S04154753WA0016800147
B1832491855695S04154756WA0016800146
B1832531855695S04154756WA0016800144
B1832571855693S04154756WA0016800144
B1833011855692S04154757WA0016800147
B1833051855690S04154760WA0016800150
B1833091855689S04154760WA0016800152
B1833131855687S04154762WA0016800155
B1833171855686S04154765WA0016800157
B1833211855684S04154767WA0016800159
B1833251855682S04154769WA0016900160
B1833291855679S04154772WA0016800162
B1833331855680S04154773WA0016800162
B1833371855679S04154776WA0016800161
B1833411855680S04154776WA0016800160
B1833451855679S04154779WA0016800161
B1833491855678S04154779WA0016900162
B1833531855675S04154780WA0016900163
B1833571855673S04154780WA0016800161
B1834011855673S04154781WA0016800159
B1834051855674S04154783WA0016800158
B1834091855674S04154785WA0016900158
B1834131855672S04154786WA0016900157
B1834171855671S04154785WA0016900157
B1834211855670S04154785WA0016900159
B1834251855667S04154784WA0016900160
B1834291855665S04154785WA0016900160
B1834331855663S04154785WA0016900160
B1834371855662S04154785WA0016900160
B1834411855660S04154785WA0016900160
B1834451855660S04154784WA0016900161
B1834491855660S04154783WA0016900162
B1834531855660S04154784WA0016900163
B1834571855660S04154783WA0017000163
B1835011855661S04154784WA0016900162
B1835051855660S04154785WA0017000161
B1835091855660S04154785WA0016900160
B1835131855658S04154785WA0016900159
B1835171855657S04154785WA0016900157
B1835211855656S04154785WA0017000155
B1835251855655S04154786WA0016900154
B1835291855654S04154786WA0016900154
B1835331855654S04154786WA0016900154
B1835371855653S04154786WA0016900154
B1835411855652S04154785WA0017000153
B1835451855653S04154786WA0016900154
B1835491855653S04154786WA0017000154
B1835531855653S04154786WA0016900155
B1835571855653S04154785WA0016900154
B1836011855654S04154786WA0016900154
B1836051855653S04154786WA0016900153
B1836091855654S04154787WA0017000151
B1836131855653S04154789WA0017000149
B1836171855651S04154789WA0017000150
B1836211855648S04154791WA0016900152
B1836251855645S04154793WA0017000152
B1836291855642S04154794WA0017000152
B1836331855641S04154794WA0017000153
B1836371855638S04154795WA0017000156
B1836411855635S04154796WA0017000158
B1836451855634S04154797WA0017000162
B1836491855631S04154798WA0017000164
B1836531855629S04154800WA0017000165
B1836571855630S04154798WA0017000166
B1837011855630S04154799WA0017000166
B1837051855631S04154798WA0017000167
B1837091855630S04154799WA0017000168
B1837131855629S04154800WA0017000169
B1837171855628S04154799WA0017100170
B1837211855627S04154800WA0017000171
B1837251855626S04154801WA0017100172
B1837291855626S04154801WA0017100173
B1837331855624S04154804WA0017100173
B1837371855624S04154803WA0017100173
B1837411855624S04154804WA0017100173
B1837451855624S04154802WA0017100172
B1837491855624S04154802WA0017000175
B1837531855626S04154801WA0017100176
B1837571855626S04154798WA0017000177
B1838011855627S04154796WA0017100179
B1838051855625S04154797WA0017100178
B1838091855625S04154797WA0017100179
B1838131855624S04154797WA0017100181
B1838171855623S04154796WA0017100182
B1838211855623S04154796WA0017100183
B1838251855623S04154798WA0017000184
B1838291855622S04154797WA0017000183
B1838331855622S04154793WA0017000184
B1838371855623S04154791WA0017000184
B1838411855625S04154789WA0017000182
B1838451855626S04154789WA0017100183
B1838491855626S04154788WA0017100183
B1838531855628S04154787WA0017100185
B1838571855628S04154787WA0017100189
B1839011855628S04154786WA0017100192
B1839051855627S04154786WA0017100193
B1839091855630S04154786WA0017100197
B1839131855629S04154786WA0017100203
B1839171855628S04154787WA0017100203
B1839211855628S04154788WA0017000205
B1839251855626S04154790WA0017100205
B1839291855626S04154790WA0017100204
B1839331855626S04154792WA0017100202
B1839371855625S04154791WA0017100204
B1839411855626S04154790WA0017100207
B1839451855626S04154791WA0017100208
B1839491855624S04154791WA0017000209
B1839531855623S04154792WA0017100207
B1839571855624S04154795WA0017100208
B1840011855621S04154794WA0017000210
B1840051855618S04154795WA0017000208
B1840091855616S04154796WA0017100208
B1840131855615S04154799WA0017100208
B1840171855614S04154804WA0017100209
B1840211855612S04154812WA0017100208
B1840251855613S04154809WA0017100212
B1840291855614S04154807WA0017100213
B1840331855614S04154806WA0017100209
B1840371855615S04154805WA0017100207
B1840411855613S04154804WA0017100202
B1840451855612S04154804WA0017100201
B1840491855613S04154803WA0017100198
B1840531855613S04154802WA0017100194
B1840571855610S04154800WA0017100195
B1841011855611S04154800WA0017100194
B1841051855608S04154799WA0017100195
B1841091855608S04154800WA0017100194
B1841131855612S04154799WA0017100193
B1841171855614S04154801WA0017100192
B1841211855615S04154801WA0017100191
B1841251855617S04154799WA0017100191
B1841291855616S04154797WA0017100190
B1841331855617S04154798WA0017100188
B1841371855617S04154797WA0017100186
B1841411855618S04154795WA0017100186
B1841451855617S04154797WA0017100185
B1841491855617S04154801WA0017100181
B1841531855618S04154799WA0017100186
B1841571855615S04154801WA0017100187
B1842011855610S04154804WA0017100187
B1842051855608S04154806WA0017000190
B1842091855604S04154809WA0017100187
B1842131855602S04154810WA0017100189
B1842171855604S04154808WA0017100189
B1842211855602S04154801WA0017100192
B1842251855604S04154801WA0017100189
B1842291855602S04154804WA0017000192
B1842331855600S04154806WA0017100195
B1842371855608S04154810WA0017100194
B1842411855607S04154812WA0017100193
B1842451855603S04154813WA0017100195
B1842491855598S04154822WA0017100189
B1842531855591S04154829WA0017100192
B1842571855585S04154829WA0017100192
B1843011855590S04154821WA0017100192
B1843051855590S04154819WA0017100192
B1843091855587S04154821WA0017100191
B1843131855588S04154819WA0017100191
B1843171855588S04154820WA0017100193
B1843211855589S04154823WA0017100195
B1843251855586S04154821WA0017100196
B1843291855591S04154820WA0017100202
B1843331855591S04154819WA0017100204
B1843371855588S04154823WA0017100208
B1843411855591S04154821WA0017100219
B1843451855594S04154822WA0017100218
B1843491855591S04154825WA0017100220
B1843531855591S04154826WA0017100215
B1843571855587S04154827WA0017100222
B1844011855585S04154830WA0017100222
B1844051855587S04154832WA0017100218
B1844091855588S04154833WA0017100214
B1844131855591S04154838WA0017100222
B1844171855593S04154841WA0017100225
B1844211855601S04154844WA0017100222
B1844251855605S04154844WA0017100229
B1844291855606S04154841WA0017100225
B1844331855609S04154835WA0017100220
B1844371855609S04154828WA0017100217
B1844411855610S04154824WA0017100219
B1844451855610S04154823WA0017100220
B1844491855610S04154823WA0017200218
B1844531855609S04154823WA0017100217
B1844571855608S04154824WA0017100219
B1845011855609S04154822WA0017100217
B1845051855610S04154822WA0017100220
B1845091855611S04154821WA0017100223
B1845131855613S04154817WA0017100222
B1845171855613S04154814WA0017100223
B1845211855612S04154815WA0017100224
B1845251855613S04154812WA0017100226
B1845291855615S04154810WA0017100227
B1845331855620S04154809WA0017100222
B1845371855622S04154809WA0017100218
B1845411855622S04154808WA0017100214
B1845451855622S04154808WA0017100212
B1845491855626S04154806WA0017100203
B1845531855628S04154804WA0017100202
B1845571855630S04154802WA0017100196
B1846011855634S04154802WA0017100190
B1846051855634S04154802WA0017100186
B1846091855634S04154801WA0017100188
B1846131855631S04154800WA0017100183
B1846171855629S04154799WA0017100182
B1846211855630S04154794WA0017100181
B1846251855630S04154793WA0017100177
B1846291855629S04154794WA0017100175
B1846331855626S04154795WA0017100174
B1846371855625S04154795WA0017100171
B1846411855624S04154797WA0017100164
B1846451855621S04154800WA0017100159
B1846491855617S04154802WA0017100158
B1846531855613S04154805WA0017100156
B1846571855610S04154806WA0017100157
B1847011855606S04154808WA0017100158
B1847051855602S04154810WA0017100159
B1847091855598S04154812WA0017200160
B1847131855594S04154813WA0017100160
B1847171855589S04154815WA0017100160
B1847211855584S04154817WA0017200162
B1847251855579S04154819WA0017200162
B1847291855575S04154821WA0017100163
B1847331855568S04154823WA0017200163
B1847371855561S04154824WA0017200165
B1847411855555S04154827WA0017200166
B1847451855550S04154829WA0017200168
B1847491855546S04154832WA0017300168
B1847531855542S04154833WA0017300172
B1847571855536S04154835WA0017300173
B1848011855531S04154837WA0017300175
B1848051855527S04154838WA0017300177
B1848091855525S04154838WA0017300179
B1848131855526S04154838WA0017300179
B1848171855525S04154838WA0017300179
B1848211855523S04154840WA0017400179
B1848251855520S04154842WA0017400178
B1848291855519S04154842WA0017400178
B1848331855518S04154842WA0017400179
B1848371855517S04154841WA0017400179
B1848411855516S04154840WA0017400178
B1848451855517S04154840WA0017400177
B1848491855517S04154840WA0017400177
B1848531855517S04154839WA0017400177
B1848571855515S04154840WA0017400176
B1849011855512S04154843WA0017400176
B1849051855510S04154844WA0017400174
B1849091855509S04154845WA0017400174
B1849131855509S04154849WA0017300173
B1849171855511S04154857WA0017400174
B1849211855513S04154866WA0017400174
B1849251855515S04154874WA0017400174
B1849291855518S04154883WA0017400172
B1849331855521S04154894WA0017400170
B1849371855525S04154899WA0017400166
B1849411855526S04154910WA0017300170
B1849451855528S04154919WA0017300166
B1849491855531S04154927WA0017400165
B1849531855535S04154938WA0017400159
B1849571855540S04154949WA0017400160
B1850011855543S04154959WA0017400159
B1850051855550S04154971WA0017400159
B1850091855554S04154983WA0017400155
B1850131855555S04154989WA0017500151
B1850171855555S04154997WA0017500151
B1850211855561S04155007WA0017500148
B1850251855568S04155016WA0017500146
B1850291855571S04155023WA0017600142
B1850331855578S04155028WA0017500141
B1850371855593S04155040WA0017500139
B1850411855604S04155051WA0017500138
B1850451855613S04155069WA0017400138
B1850491855622S04155087WA0017400136
B1850531855633S04155105WA0017400130
B1850571855643S04155124WA0017400125
B1851011855649S04155144WA0017500121
B1851051855653S04155165WA0017700118
B1851091855658S04155188WA0017900117
B1851131855662S04155211WA0018000113
B1851171855663S04155235WA0018100113
B1851211855664S04155258WA0018200112
B1851251855665S04155282WA0018300109
B1851291855671S04155304WA0018400106
B1851331855684S04155322WA0018300106
B1851371855696S04155336WA0018100101
B1851411855712S04155345WA0017800102
B1851451855728S04155355WA0017700096
B1851491855741S04155368WA0017600093
B1851531855754S04155384WA0017600091
B1851571855767S04155402WA0017600085
B1852011855780S04155421WA0017600086
B1852051855793S04155438WA0017600083
B1852091855807S04155458WA0017600081
B1852131855822S04155477WA0017600080
B1852171855832S04155495WA0017700078
B1852211855835S04155513WA0017800075
B1852251855830S04155528WA0017800072
B1852291855820S04155546WA0017700074
B1852331855818S04155564WA0017700073
B1852371855823S04155587WA0017800067
B1852411855828S04155610WA0017800065
B1852451855830S04155629WA0018000060
B1852491855832S04155649WA0018200059
B1852531855834S04155667WA0018400062
B1852571855836S04155684WA0018500064
B1853011855837S04155697WA0018700062
B1853051855834S04155715WA0018700063
B1853091855821S04155731WA0018600071
B1853131855804S04155738WA0018400069
B1853171855785S04155744WA0018300071
B1853211855769S04155757WA0018200073
B1853251855755S04155772WA0018100069
B1853291855748S04155791WA0018100064
B1853331855744S04155813WA0018200062
B1853371855744S04155833WA0018300060
B1853411855744S04155857WA0018200054
B1853451855747S04155877WA0018000052
B1853491855754S04155896WA0018100044
B1853531855763S04155917WA0018100040
B1853571855773S04155936WA0018400036
B1854011855774S04155951WA0018400034
B1854071855776S04155969WA0018200036
B1854111855777S04155981WA0018100037
B1854151855775S04155995WA0018000039
B1854191855777S04156007WA0018100041
B1854231855780S04156014WA0018100043
B1854271855780S04156029WA0018200045
B1854311855779S04156034WA0018300048
B1854351855779S04156040WA0018300047
B1854391855782S04156045WA0018400054
B1854431855785S04156055WA0018500057
B1854471855786S04156060WA0018500057
B1854511855787S04156068WA0018600059
B1854551855789S04156071WA0018600059
B1854591855789S04156075WA0018700063
B1855031855791S04156086WA0018800063
B1855071855795S04156106WA0018800066
B1855111855795S04156124WA0018700065
B1855151855787S04156142WA0018700060
B1855191855775S04156160WA0018700060
B1855231855767S04156176WA0018700056
B1855271855761S04156195WA0018700050
B1855311855752S04156226WA0018700050
B1855351855744S04156251WA0018800053
B1855391855735S04156269WA0018800052
B1855431855724S04156282WA0018900051
B1855471855711S04156298WA0018900055
B1855511855701S04156312WA0018900058
B1855551855694S04156324WA0019000062
B1855591855685S04156333WA0019000068
B1856031855680S04156344WA0019000070
B1856071855674S04156349WA0019100072
B1856111855665S04156355WA0019100072
B1856151855662S04156358WA0019100075
B1856191855658S04156357WA0019100080
B1856231855658S04156358WA0019100078
B1856271855654S04156359WA0019100084
B1856311855641S04156362WA0019200088
B1856351855624S04156364WA0019200090
B1856391855601S04156368WA0019200090
B1856431855579S04156380WA0019200095
B1856471855546S04156392WA0019400104
B1857021855420S04156442WV0019100000
B1857121855291S04156427WV0019000000
B1857161855225S04156416WA0018900091
B1857201855177S04156416WA0018700099
B1857241855133S04156421WA0018500111
B1857281855092S04156426WA0018400124
B1857321855052S04156432WA0018200136
B1857361855014S04156440WA0018100148
B1857401854981S04156445WA0018100158
B1857441854951S04156452WA0018100168
B1857481854916S04156460WA0018000176
B1857521854879S04156465WA0018000184
B1857561854839S04156470WA0018100189
B1858001854797S04156475WA0018200196
B1858041854752S04156478WA0018300203
B1858081854711S04156481WA0018200210
B1858121854675S04156488WA0018000214
B1858161854638S04156496WA0017700217
B1858201854605S04156503WA0017500219
B1858241854575S04156507WA0017400220
B1858281854542S04156511WA0017400218
B1858321854507S04156514WA0017400215
B1858361854476S04156517WA0017300213
B1858401854445S04156523WA0017300211
B1858441854413S04156529WA0017200208
B1858481854384S04156537WA0017200206
B1858521854350S04156547WA0017100203
B1858561854319S04156556WA0017100201
B1859001854287S04156567WA0017100196
B1859041854261S04156578WA0017000193
B1859081854239S04156591WA0017000191
B1859121854222S04156605WA0017000190
B1859161854202S04156617WV0016900000
B1859201854184S04156629WA0016900188
B1859241854169S04156637WA0016800187
B1859281854154S04156649WA0016800187
B1859411854116S04156697WA0016800193
B1859451854093S04156699WV0016800000
B1859511854064S04156717WA0016900193
B1859551854038S04156731WA0016900194
B1859591854008S04156748WA0016900193
B1900031853980S04156764WA0016900195
B1900071853953S04156779WA0016900196
B1900111853924S04156796WA0016800200
B1900151853901S04156810WA0016900200
B1900191853876S04156821WA0016900202
B1900231853851S04156831WA0016800203
B1900271853827S04156844WA0016800203
B1900311853802S04156856WA0016800204
B1900351853775S04156866WA0016700204
B1900391853753S04156874WA0016700204
B1900431853733S04156881WA0016700206
B1900471853713S04156879WA0016600209
B1900511853698S04156873WA0016600212
B1900551853679S04156866WA0016600211
B1900591853662S04156860WA0016600199
B1901031853643S04156853WA0016500185
B1901071853626S04156847WA0016500179
B1901111853612S04156842WA0016500175
B1901151853593S04156838WA0016500177
B1901191853572S04156833WA0016500178
B1901231853552S04156828WA0016500180
B1901271853538S04156824WA0016500178
B1901311853523S04156823WA0016500178
B1901351853502S04156819WA0016500178
B1901391853484S04156815WA0016500177
B1901431853468S04156811WA0016500178
B1901471853443S04156804WA0016400177
B1901511853425S04156799WA0016400176
B1901551853406S04156794WA0016400177
B1901591853389S04156788WA0016500178
B1902031853370S04156782WA0016400177
B1902071853350S04156775WA0016400175
B1902111853333S04156770WA0016400174
B1902151853312S04156763WA0016300173
B1902191853296S04156759WA0016300171
B1902231853276S04156756WA0016300166
B1902271853256S04156754WA0016400163
B1902311853237S04156754WA0016400160
B1902351853218S04156757WA0016300159
B1902391853197S04156763WA0016400159
B1902431853177S04156771WA0016300159
B1902471853163S04156779WA0016300159
B1902511853149S04156788WA0016300159
B1902551853131S04156794WA0016300156
B1902591853116S04156801WA0016300155
B1903031853103S04156809WA0016200157
B1903071853096S04156820WA0016200156
B1903111853088S04156825WA0016200156
B1903151853078S04156834WA0016200156
B1903191853071S04156843WA0016200154
B1903231853073S04156863WA0016300157
B1903271853072S04156880WA0016300154
B1903311853070S04156899WA0016200154
B1903351853065S04156911WA0016200147
B1903391853059S04156924WA0016200143
B1903431853050S04156935WA0016200140
B1903471853043S04156946WA0016200142
B1903511853037S04156962WA0016200137
B1903551853032S04156977WA0016200137
B1903591853028S04156990WA0016200132
B1904031853025S04157004WA0016200128
B1904071853024S04157019WA0016200122
B1904111853018S04157042WA0016300124
B1904151853012S04157064WA0016300126
B1904191853011S04157084WA0016300131
B1904231853006S04157105WA0016300131
B1904271853000S04157126WA0016300128
B1904311852995S04157142WA0016300126
B1904351852989S04157162WA0016300126
B1904391852985S04157185WA0016300119
B1904431852981S04157206WA0016300121
B1904471852978S04157223WA0016300127
B1904511852974S04157240WA0016200123
B1904551852970S04157256WA0016200123
B1904591852965S04157277WA0016200118
B1905031852960S04157300WA0016100117
B1905071852949S04157327WA0016100114
B1905111852941S04157356WA0016100120
B1905151852934S04157385WA0016000114
B1905191852925S04157412WA0015900112
B1905231852913S04157443WA0015900106
B1905271852904S04157465WA0015900103
B1905311852892S04157489WA0015900104
B1905351852879S04157512WA0016000099
B1905391852864S04157537WA0016200094
B1905431852848S04157560WA0016400094
B1905471852828S04157582WA0016600097
B1905511852807S04157605WA0016800100
B1905551852787S04157625WA0017100098
B1906331852616S04157820WA0017600102
B1906371852601S04157831WA0017500105
B1906431852584S04157857WA0017400099
B1906471852577S04157878WA0017400077
B1906511852559S04157894WA0017500071
B1906551852537S04157915WA0017600069
B1906591852510S04157936WA0017800067
B1907031852475S04157955WA0017800102
B1907131852408S04158016WV0017800000
B1907291852262S04158126WV0017200000
B1919421849982S04157933WA0019200115
B1919461850006S04157931WA0018700125
B1919501850022S04157925WA0018400138
B1919541850030S04157919WA0018200153
B1919581850029S04157908WA0018100162
B1920021850013S04157889WA0017700162
B1920061850001S04157875WA0017400159
B1920101849998S04157868WA0017200162
B1920141850001S04157863WA0017200164
B1920181850021S04157855WA0017200166
B1920221850050S04157847WA0017200166
B1920261850080S04157838WA0017200165
B1920301850109S04157829WA0017000166
B1920341850134S04157822WA0016900167
B1920381850146S04157819WA0016800168
B1920421850148S04157819WA0016800168
B1920461850149S04157819WA0016800169
B1920501850149S04157819WA0016800169
B1920541850149S04157819WA0016800169
B1920581850149S04157819WA0016800169
B1921021850149S04157819WA0016800170
B1921061850150S04157819WA0016800171
B1921101850150S04157818WA0016700172
B1921141850151S04157819WA0016700173
B1921181850152S04157819WA0016800173
B1921221850159S04157822WA0016800173
B1921261850169S04157823WA0016800174
B1921301850178S04157818WA0016800175
B1921341850182S04157808WA0016800178
B1921381850196S04157787WA0016900179
B1921421850225S04157765WA0017000181
B1921461850254S04157744WA0017600188
B1921501850280S04157725WA0017500185
B1921541850308S04157703WA0016700175
B1921581850330S04157676WA0016400173
B1922021850340S04157658WA0016300172
B1922061850344S04157652WA0016200172
B1922101850350S04157642WA0016300172
B1922141850358S04157628WA0016300173
B1922181850365S04157618WA0016300172
B1922221850378S04157596WA0016400175
B1922261850393S04157569WA0016700177
B1922301850410S04157541WA0017100181
B1922341850424S04157514WA0017300183
B1922381850437S04157492WA0017300184
B1922421850451S04157468WA0017200183
B1922461850466S04157442WA0017100182
B1922501850480S04157418WA0017500189
B1922541850492S04157397WA0017500190
B1922581850504S04157377WA0017300192
B1923021850509S04157364WA0017000189
B1923061850511S04157361WA0016800186
B1923101850511S04157360WA0016800184
B1923141850511S04157360WA0016800183
B1923181850511S04157359WA0016800183
B1923221850513S04157356WA0016800182
B1923261850520S04157341WA0016600181
B1923301850533S04157318WA0016500184
B1923341850548S04157293WA0016800190
B1923381850564S04157270WA0017400196
B1923421850581S04157249WA0018000202
B1923461850600S04157233WA0018200203
B1923501850619S04157220WA0017900201
B1923541850636S04157208WA0017500198
B1923581850650S04157196WA0017000192
B1924021850659S04157189WA0016700187
B1924061850665S04157186WA0016500183
B1924101850666S04157185WA0016400181
B1924141850666S04157185WA0016400180
B1924181850667S04157185WA0016400181
B1924221850667S04157185WA0016500181
B1924261850667S04157185WA0016500181
B1924301850667S04157185WA0016500179
B1924341850668S04157185WA0016400179
B1924381850668S04157185WA0016400180
B1924421850668S04157185WA0016500179
B1924461850668S04157185WA0016400177
B1924501850668S04157185WA0016500177
B1924541850668S04157186WA0016400178
B1924581850668S04157186WA0016400179
B1925021850668S04157186WA0016500178
B1925061850668S04157186WA0016400180
B1925101850672S04157182WA0016400181
B1925141850683S04157174WA0016200178
B1925181850698S04157168WA0016100180
B1925221850716S04157161WA0016200179
B1925261850728S04157146WA0016200181
B1925301850743S04157132WA0016200179
B1925341850757S04157123WA0016100179
B1925381850764S04157118WA0016100179
B1925421850768S04157115WA0016100178
B1925461850780S04157107WA0016100177
B1925501850798S04157095WA0016100176
B1925541850815S04157083WA0016100176
B1925581850832S04157071WA0016100175
B1926021850847S04157060WA0016100176
B1926061850862S04157049WA0016200177
B1926101850880S04157037WA0016200178
B1926141850897S04157025WA0016200178
B1926181850914S04157012WA0016200179
B1926221850932S04157000WA0016200180
B1926261850950S04156987WA0016200180
B1926301850962S04156979WA0016100178
B1926341850976S04156970WA0016200178
B1926381850994S04156957WA0016200177
B1926421851011S04156945WA0016100177
B1926461851025S04156935WA0016100178
B1926501851040S04156924WA0016000177
B1926541851059S04156911WA0015800175
B1926581851079S04156896WA0015800174
B1927021851096S04156885WA0015900175
B1927061851110S04156875WA0016100176
B1927101851122S04156866WA0016200177
B1927141851129S04156861WA0016200176
B1927181851131S04156859WA0016200177
B1927221851131S04156859WA0016200177
B1927261851131S04156859WA0016200178
B1927301851131S04156859WA0016200178
B1927341851131S04156859WA0016100179
B1927381851131S04156859WA0016200180
B1927421851131S04156859WA0016200181
B1927461851131S04156859WA0016200182
B1927501851131S04156859WA0016200183
B1927541851131S04156859WA0016200183
B1927581851131S04156859WA0016200183
B1928021851131S04156859WA0016200184
B1928061851131S04156859WA0016100184
B1928101851131S04156859WA0016200185
B1928141851131S04156859WA0016200185
B1928181851131S04156860WA0016200186
B1928221851130S04156860WA0016100187
B1928261851130S04156860WA0016200188
B1928301851130S04156860WA0016200188
B1928341851130S04156860WA0016100188
B1928381851130S04156860WA0016100189
B1928421851131S04156860WA0016100189
B1928461851134S04156857WA0016100191
B1928501851141S04156852WA0016200193
B1928541851150S04156845WA0016200192
B1928581851151S04156835WA0016200193
B1929021851146S04156821WA0016200190
B1929061851133S04156799WA0016200191
B1929101851118S04156775WA0016200193
B1929141851103S04156752WA0016200188
B1929181851090S04156730WA0016200191
B1929221851079S04156711WA0016200195
B1929261851066S04156691WA0016200194
B1929301851053S04156671WA0016300195
B1929341851041S04156653WA0016300196
B1929381851028S04156635WA0016200197
B1929421851016S04156616WA0016200194
B1929461851004S04156597WA0016200191
B1929501850992S04156577WA0016200190
B1929541850980S04156558WA0016200188
B1929581850967S04156540WA0016200191
B1930001850962S04156533WA0016200190
