AXFMSFP Flymaster Live, V1.0, S/N 697848
HFDTE200426
HFPLTPILOTINCHARGE:Claudio Matos
B1320411852785S04155279WA0102200116
B1321021852833S04155334WA0102200148
B1321061852851S04155336WA0102200177
B1321101852873S04155296WA0102200231
B1321141852895S04155270WA0102200299
B1321181852916S04155249WA0102200349
B1321221852936S04155230WA0102200404
B1321261852955S04155201WA0102200455
B1321301852977S04155173WA0102200510
B1321341852996S04155151WA0102200562
B1321381853015S04155133WA0102200608
B1321421853032S04155118WA0102200651
B1321461853048S04155105WA0102200691
B1321501853063S04155093WA0102200727
B1321541853079S04155080WA0102200767
B1321581853095S04155068WA0102200805
B1322021853110S04155058WA0102200843
B1322061853118S04155048WA0102200870
B1322101853125S04155040WA0102200886
B1322141853134S04155032WA0102200907
B1322181853138S04155026WA0102200922
B1322221853143S04155019WA0102200937
B1322261853149S04155012WA0102200953
B1322301853154S04155006WA0102200968
B1322341853159S04155001WA0102200982
B1322381853163S04154995WA0102200995
B1322421853187S04154973WA0102201043
B1322461853196S04154964WA0102201076
B1322501853199S04154959WA0102201092
B1322541853202S04154956WA0102201099
B1322581853207S04154955WA0102201109
B1323021853211S04154954WA0102201118
B1323061853215S04154953WA0102201127
B1323101853216S04154950WA0102201133
B1323141853217S04154948WA0102201137
B1323181853217S04154946WA0102201137
B1323221853217S04154945WA0102201139
B1323261853215S04154946WA0102201135
B1323301853215S04154947WA0102201135
B1323341853215S04154946WA0102201135
B1323381853215S04154945WA0102201136
B1323421853215S04154944WA0102201136
B1323461853215S04154943WA0102201136
B1323501853214S04154943WA0102201135
B1323541853213S04154944WA0102201131
B1323581853213S04154943WA0102201130
B1324021853214S04154942WA0102201132
B1324061853215S04154941WA0102201135
B1324101853215S04154940WA0102201136
B1324141853216S04154939WA0102201138
B1324181853217S04154938WA0102201140
B1324221853218S04154937WA0102201142
B1324261853218S04154937WA0102201143
B1324301853218S04154936WA0102201144
B1324341853219S04154936WA0102201144
B1324381853219S04154935WA0102201145
B1324421853219S04154935WA0102201145
B1324461853219S04154934WA0102201146
B1324501853219S04154934WA0102201146
B1324541853219S04154934WA0102201146
B1324581853219S04154933WA0102201146
B1325021853219S04154933WA0102201147
B1325061853219S04154933WA0102201147
B1325101853217S04154934WA0102201144
B1325141853216S04154935WA0102201140
B1325181853216S04154934WA0102201141
B1325221853217S04154934WA0102201141
B1325261853217S04154934WA0102201141
B1325301853217S04154934WA0102201141
B1325341853217S04154934WA0102201141
B1325381853217S04154934WA0102201140
B1325421853217S04154934WA0102201140
B1325461853217S04154933WA0102201140
B1325501853216S04154935WA0102201138
B1325541853214S04154937WA0102201132
B1325581853213S04154939WA0102201127
B1326021853211S04154941WA0102201123
B1326061853211S04154941WA0102201119
B1326101853210S04154941WA0102201118
B1326141853209S04154941WA0102201117
B1326181853209S04154942WA0102201116
B1326221853208S04154942WA0102201115
B1326261853208S04154942WA0102201115
B1326301853208S04154942WA0102201114
B1326341853207S04154943WA0102201113
B1326381853207S04154943WA0102201112
B1326421853206S04154944WA0102201111
B1326461853206S04154944WA0102201110
B1326501853204S04154945WA0102201108
B1326541853203S04154947WA0102201106
B1326581853200S04154947WA0102201101
B1327021853199S04154948WA0102201098
B1327061853199S04154948WA0102201097
B1327101853198S04154948WA0102201096
B1327141853198S04154948WA0102201095
B1327181853198S04154949WA0102201094
B1327221853197S04154949WA0102201093
B1327261853197S04154949WA0102201092
B1327301853197S04154949WA0102201091
B1327341853197S04154949WA0102201089
B1327381853197S04154950WA0102201089
B1327421853198S04154950WA0102201088
B1327461853198S04154950WA0102201088
B1327501853198S04154950WA0102201087
B1327541853198S04154951WA0102201087
B1327581853198S04154951WA0102201087
B1328021853198S04154951WA0102201087
B1328061853198S04154951WA0102201087
B1328101853198S04154951WA0102201088
B1328141853198S04154951WA0102201088
B1328181853198S04154950WA0102201089
B1328221853198S04154950WA0102201089
B1328261853197S04154950WA0102201090
B1328301853197S04154950WA0102201091
B1328341853197S04154950WA0102201091
B1328381853197S04154950WA0102201092
B1328421853197S04154950WA0102201092
B1328461853197S04154950WA0102201093
B1328501853197S04154950WA0102201094
B1328541853197S04154950WA0102201093
B1328581853197S04154950WA0102201094
B1329021853197S04154950WA0102201094
B1329061853197S04154950WA0102201094
B1329101853197S04154950WA0102201095
B1329141853197S04154950WA0102201095
B1329181853197S04154950WA0102201096
B1329221853197S04154950WA0102201095
B1329261853197S04154950WA0102201095
B1329301853197S04154950WA0102201095
B1329341853197S04154950WA0102201094
B1329381853197S04154950WA0102201094
B1329421853197S04154950WA0102201094
B1329461853197S04154950WA0102201093
B1329501853197S04154950WA0102201093
B1329541853197S04154950WA0102201093
B1329581853197S04154950WA0102201093
B1330021853197S04154950WA0102201093
B1330061853197S04154950WA0102201093
B1330101853197S04154950WA0102201092
B1330141853197S04154950WA0102201093
B1330181853197S04154950WA0102201092
B1330221853197S04154950WA0102201092
B1330261853197S04154950WA0102201092
B1330301853197S04154950WA0102201091
B1330341853197S04154950WA0102201091
B1330381853197S04154950WA0102201091
B1330421853197S04154950WA0102201091
B1330461853197S04154950WA0102201090
B1330501853197S04154950WA0102201090
B1330541853197S04154950WA0102201090
B1330581853198S04154950WA0102201091
B1331021853198S04154950WA0102201091
B1331061853198S04154950WA0102201091
B1331101853198S04154950WA0102201091
B1331141853197S04154950WA0102201091
B1331181853197S04154950WA0102201091
B1331221853197S04154950WA0102201092
B1331261853197S04154950WA0102201092
B1331301853197S04154950WA0102201092
B1331341853197S04154950WA0102201092
B1331381853197S04154950WA0102201091
B1331421853197S04154950WA0102201091
B1331461853197S04154950WA0102201091
B1331501853197S04154950WA0102201091
B1331541853197S04154950WA0102201091
B1331581853197S04154950WA0102201091
B1332021853197S04154950WA0102201092
B1332061853197S04154950WA0102201092
B1332101853197S04154951WA0102201091
B1332141853197S04154951WA0102201091
B1332181853197S04154951WA0102201091
B1332221853196S04154951WA0102201091
B1332261853196S04154951WA0102201092
B1332301853197S04154951WA0102201091
B1332341853197S04154951WA0102201091
B1332381853197S04154951WA0102201092
B1332421853197S04154951WA0102201093
B1332461853197S04154951WA0102201094
B1332501853197S04154951WA0102201095
B1332541853197S04154950WA0102201094
B1332581853197S04154950WA0102201095
B1333021853197S04154950WA0102201095
B1333061853197S04154950WA0102201096
B1333101853197S04154950WA0102201095
B1333141853197S04154950WA0102201095
B1333181853197S04154950WA0102201094
B1333221853197S04154950WA0102201095
B1333261853197S04154950WA0102201095
B1333301853197S04154950WA0102201093
B1333341853197S04154950WA0102201092
B1333381853197S04154950WA0102201091
B1333421853197S04154950WA0102201090
B1333461853197S04154950WA0102201089
B1333501853197S04154949WA0102201088
B1333541853197S04154949WA0102201087
B1333581853197S04154949WA0102201087
B1334021853197S04154949WA0102201086
B1334061853197S04154950WA0102201086
B1334101853197S04154950WA0102201085
B1334141853197S04154950WA0102201084
B1334181853197S04154950WA0102201085
B1334221853198S04154950WA0102201085
B1334261853198S04154950WA0102201086
B1334301853198S04154950WA0102201087
B1334341853198S04154950WA0102201088
B1334381853198S04154950WA0102201088
B1334421853198S04154950WA0102201087
B1334461853198S04154950WA0102201087
B1334501853198S04154950WA0102201087
B1334541853198S04154950WA0102201087
B1334581853198S04154950WA0102201086
B1335021853198S04154949WA0102201086
B1335061853198S04154950WA0102201085
B1335101853197S04154950WA0102201085
B1335141853197S04154949WA0102201085
B1335181853197S04154949WA0102201085
B1335221853197S04154949WA0102201085
B1335261853197S04154950WA0102201086
B1335301853197S04154950WA0102201088
B1335341853197S04154950WA0102201089
B1335381853197S04154950WA0102201091
B1335421853197S04154950WA0102201092
B1335461853197S04154950WA0102201093
B1335501853197S04154950WA0102201093
B1335541853197S04154950WA0102201092
B1335581853197S04154950WA0102201092
B1336021853197S04154950WA0102201092
B1336061853198S04154950WA0102201091
B1336101853197S04154949WA0102201092
B1336141853197S04154949WA0102201091
B1336181853197S04154949WA0102201091
B1336221853197S04154949WA0102201091
B1336261853197S04154949WA0102201090
B1336301853198S04154949WA0102201090
B1336341853197S04154949WA0102201090
B1336381853198S04154949WA0102201090
B1336421853198S04154949WA0102201091
B1336461853197S04154949WA0102201090
B1336501853197S04154949WA0102201091
B1336541853197S04154949WA0102201092
B1336581853197S04154949WA0102201092
B1337021853197S04154950WA0102201091
B1337061853197S04154950WA0102201091
B1337101853196S04154950WA0102201093
B1337141853196S04154950WA0102201093
B1337181853196S04154950WA0102201093
B1337221853197S04154950WA0102201092
B1337261853197S04154950WA0102201089
B1337301853197S04154950WA0102201087
B1337341853197S04154950WA0102201084
B1337381853197S04154950WA0102201082
B1337421853197S04154950WA0102201081
B1337461853197S04154950WA0102201081
B1337501853197S04154950WA0102201081
B1337541853197S04154950WA0102201082
B1337581853197S04154950WA0102201083
B1338021853197S04154950WA0102201084
B1338061853197S04154950WA0102201085
B1338101853197S04154950WA0102201086
B1338141853197S04154950WA0102201087
B1338181853197S04154950WA0102201088
B1338221853197S04154950WA0102201088
B1338261853197S04154950WA0102201088
B1338301853197S04154950WA0102201088
B1338341853198S04154950WA0102201088
B1338381853197S04154950WA0102201087
B1338421853197S04154951WA0102201086
B1338461853198S04154951WA0102201087
B1338501853197S04154951WA0102201087
B1338541853197S04154951WA0102201086
B1338581853197S04154951WA0102201086
B1339021853197S04154951WA0102201084
B1339061853197S04154951WA0102201086
B1339101853198S04154951WA0102201086
B1339141853198S04154952WA0102201088
B1339181853199S04154952WA0102201090
B1339221853199S04154952WA0102201091
B1339261853199S04154952WA0102201092
B1339301853199S04154952WA0102201091
B1339341853199S04154952WA0102201092
B1339381853199S04154952WA0102201091
B1339421853198S04154952WA0102201091
B1339461853198S04154952WA0102201092
B1339501853198S04154952WA0102201092
B1339541853198S04154951WA0102201093
B1339581853198S04154951WA0102201093
B1340021853197S04154951WA0102201093
B1340061853197S04154951WA0102201093
B1340101853197S04154951WA0102201093
B1340141853197S04154951WA0102201093
B1340181853197S04154951WA0102201093
B1340221853197S04154951WA0102201092
B1340261853197S04154951WA0102201092
B1340301853197S04154951WA0102201091
B1340341853196S04154951WA0102201090
B1340381853196S04154950WA0102201089
B1340421853197S04154951WA0102201089
B1340461853196S04154950WA0102201088
B1340501853196S04154950WA0102201088
B1340541853196S04154951WA0102201087
B1340581853196S04154951WA0102201087
B1341021853197S04154951WA0102201087
B1341061853197S04154951WA0102201088
B1341101853197S04154951WA0102201089
B1341141853197S04154951WA0102201089
B1341181853197S04154951WA0102201088
B1341221853197S04154951WA0102201088
B1341261853197S04154951WA0102201089
B1341301853197S04154951WA0102201088
B1341341853197S04154951WA0102201089
B1341381853197S04154951WA0102201089
B1341421853197S04154951WA0102201089
B1341461853197S04154951WA0102201089
B1341501853197S04154951WA0102201089
B1341541853197S04154951WA0102201090
B1341581853197S04154951WA0102201090
B1342021853197S04154951WA0102201091
B1342061853197S04154951WA0102201091
B1342101853196S04154951WA0102201090
B1342141853197S04154951WA0102201090
B1342181853197S04154951WA0102201089
B1342221853196S04154951WA0102201090
B1342261853196S04154951WA0102201089
B1342301853197S04154951WA0102201089
B1342341853197S04154951WA0102201090
B1342381853197S04154951WA0102201090
B1342421853196S04154951WA0102201090
B1342461853196S04154951WA0102201090
B1342501853197S04154951WA0102201090
B1342541853197S04154952WA0102201091
B1342581853197S04154952WA0102201092
B1343021853198S04154952WA0102201093
B1343061853198S04154952WA0102201094
B1343101853198S04154952WA0102201094
B1343141853197S04154952WA0102201094
B1343181853197S04154952WA0102201093
B1343221853197S04154952WA0102201092
B1343261853197S04154952WA0102201091
B1343301853197S04154952WA0102201091
B1343341853198S04154952WA0102201090
B1343381853198S04154952WA0102201091
B1343421853198S04154952WA0102201090
B1343461853198S04154952WA0102201089
B1343501853198S04154952WA0102201088
B1343541853198S04154952WA0102201088
B1343581853197S04154953WA0102201088
B1344021853197S04154953WA0102201088
B1344061853197S04154953WA0102201087
B1344101853197S04154953WA0102201088
B1344141853197S04154953WA0102201087
B1344181853197S04154953WA0102201086
B1344221853197S04154954WA0102201086
B1344261853198S04154954WA0102201086
B1344301853198S04154954WA0102201086
B1344341853198S04154954WA0102201086
B1344381853198S04154954WA0102201086
B1344421853198S04154954WA0102201086
B1344461853198S04154954WA0102201086
B1344501853198S04154954WA0102201086
B1344541853198S04154954WA0102201087
B1344581853199S04154954WA0102201087
B1345021853199S04154954WA0102201088
B1345061853199S04154954WA0102201088
B1345101853199S04154954WA0102201088
B1345141853199S04154954WA0102201088
B1345181853199S04154954WA0102201088
B1345221853199S04154954WA0102201088
B1345261853199S04154953WA0102201087
B1345301853199S04154953WA0102201089
B1345341853200S04154953WA0102201089
B1345381853200S04154954WA0102201089
B1345421853200S04154954WA0102201089
B1345461853200S04154954WA0102201089
B1345501853200S04154954WA0102201088
B1345541853200S04154954WA0102201089
B1345581853200S04154954WA0102201089
B1346021853200S04154953WA0102201089
B1346061853199S04154953WA0102201087
B1346101853200S04154953WA0102201087
B1346141853200S04154953WA0102201087
B1346181853200S04154953WA0102201087
B1346221853200S04154953WA0102201087
B1346261853200S04154953WA0102201086
B1346301853200S04154953WA0102201086
B1346341853200S04154953WA0102201086
B1346381853199S04154953WA0102201086
B1346421853199S04154953WA0102201087
B1346461853199S04154953WA0102201088
B1346501853199S04154953WA0102201089
B1346541853199S04154953WA0102201090
B1346581853199S04154953WA0102201091
B1347021853198S04154953WA0102201091
B1347061853198S04154953WA0102201091
B1347101853198S04154953WA0102201092
B1347141853198S04154953WA0102201092
B1347181853198S04154953WA0102201093
B1347221853198S04154953WA0102201093
B1347261853198S04154953WA0102201093
B1347301853198S04154953WA0102201093
B1347341853198S04154953WA0102201093
B1347381853199S04154952WA0102201093
B1347421853199S04154952WA0102201093
B1347461853199S04154952WA0102201092
B1347501853199S04154952WA0102201092
B1347541853199S04154952WA0102201092
B1347581853198S04154952WA0102201092
B1348021853199S04154952WA0102201092
B1348061853198S04154953WA0102201091
B1348101853198S04154953WA0102201092
B1348141853198S04154953WA0102201092
B1348181853198S04154953WA0102201093
B1348221853198S04154953WA0102201093
B1348261853198S04154954WA0102201092
B1348301853198S04154955WA0102201092
B1348341853198S04154955WA0102201094
B1348381853197S04154955WA0102201095
B1348421853197S04154955WA0102201095
B1348461853197S04154955WA0102201096
B1348501853198S04154955WA0102201095
B1348541853198S04154955WA0102101098
B1348581853198S04154954WA0102101098
B1349021853198S04154954WA0102101099
B1349061853199S04154955WA0102101099
B1349101853199S04154956WA0102201099
B1349141853198S04154957WA0102201097
B1349181853196S04154957WA0102301097
B1349221853195S04154957WA0102301097
B1349261853196S04154957WA0102301098
B1349301853195S04154957WA0102301096
B1349341853196S04154957WA0102301097
B1349381853195S04154957WA0102301097
B1349421853195S04154957WA0102301096
B1349461853194S04154957WA0102301094
B1349501853194S04154957WA0102301093
B1349541853193S04154956WA0102301091
B1349581853192S04154956WA0102301091
B1350021853193S04154956WA0102301093
B1350061853192S04154955WA0102301094
B1350101853192S04154955WA0102301093
B1350141853192S04154955WA0102301092
B1350181853192S04154955WA0102301090
B1350221853192S04154955WA0102301090
B1350261853192S04154955WA0102301090
B1350301853192S04154955WA0102301091
B1350341853192S04154955WA0102301091
B1350381853192S04154955WA0102301092
B1350421853192S04154955WA0102301094
B1350461853192S04154954WA0102301097
B1350501853192S04154954WA0102301097
B1350541853192S04154954WA0102301097
B1350581853191S04154955WA0102301097
B1351021853191S04154955WA0102301099
B1351061853190S04154955WA0102301103
B1351101853190S04154954WA0102301103
B1351141853190S04154954WA0102301103
B1351181853190S04154953WA0102301104
B1351221853190S04154953WA0102301104
B1351261853190S04154954WA0102301105
B1351301853190S04154954WA0102301104
B1351341853190S04154953WA0102301103
B1351381853191S04154953WA0102301101
B1351421853191S04154952WA0102301099
B1351461853190S04154952WA0102301099
B1351501853190S04154952WA0102301095
B1351541853190S04154952WA0102301091
B1351581853190S04154952WA0102301087
B1352021853190S04154952WA0102301083
B1352061853190S04154952WA0102301083
B1352101853190S04154953WA0102301082
B1352141853189S04154953WA0102301081
B1352181853189S04154954WA0102301082
B1352221853190S04154954WA0102301082
B1352261853190S04154954WA0102301084
B1352301853190S04154954WA0102301085
B1352341853191S04154954WA0102301086
B1352381853190S04154954WA0102301087
B1352421853190S04154954WA0102301088
B1352461853189S04154954WA0102301088
B1352501853188S04154955WA0102301085
B1352541853188S04154955WA0102301084
B1352581853188S04154956WA0102301084
B1353021853188S04154955WA0102301084
B1353061853188S04154955WA0102301083
B1353101853188S04154955WA0102301083
B1353141853189S04154954WA0102301083
B1353181853190S04154954WA0102301083
B1353221853190S04154955WA0102301083
B1353261853190S04154956WA0102301081
B1353301853190S04154956WA0102301079
B1353341853190S04154957WA0102301077
B1353381853190S04154957WA0102301076
B1353421853190S04154958WA0102301076
B1353461853190S04154957WA0102301075
B1353501853191S04154957WA0102301074
B1353541853191S04154957WA0102301074
B1353581853191S04154957WA0102301073
B1354021853191S04154957WA0102301072
B1354061853191S04154957WA0102301071
B1354101853192S04154956WA0102301071
B1354141853192S04154956WA0102301071
B1354181853192S04154956WA0102301069
B1354221853192S04154956WA0102301071
B1354261853192S04154955WA0102301074
B1354301853193S04154955WA0102301076
B1354341853193S04154954WA0102301077
B1354381853193S04154954WA0102301078
B1354421853193S04154955WA0102301078
B1354461853193S04154955WA0102301077
B1354501853194S04154954WA0102301077
B1354541853194S04154954WA0102301076
B1354581853194S04154954WA0102301077
B1355021853194S04154954WA0102301079
B1355061853194S04154954WA0102301081
B1355101853193S04154954WA0102301081
B1355141853194S04154955WA0102301080
B1355181853193S04154955WA0102301081
B1355221853193S04154954WA0102301082
B1355261853193S04154955WA0102301083
B1355301853193S04154955WA0102301083
B1355341853194S04154955WA0102301082
B1355381853194S04154956WA0102301081
B1355421853194S04154956WA0102301080
B1355461853194S04154956WA0102301081
B1355501853194S04154956WA0102301082
B1355541853195S04154956WA0102301083
B1355581853195S04154956WA0102301085
B1356021853195S04154956WA0102301086
B1356061853195S04154956WA0102301087
B1356101853195S04154956WA0102301087
B1356141853195S04154955WA0102301088
B1356181853194S04154955WA0102301088
B1356221853194S04154955WA0102301089
B1356261853193S04154955WA0102301088
B1356301853193S04154955WA0102301088
B1356341853193S04154954WA0102301088
B1356381853194S04154954WA0102301088
B1356421853194S04154954WA0102301088
B1356461853195S04154954WA0102301088
B1356501853195S04154954WA0102301089
B1356541853194S04154954WA0102301092
B1356581853194S04154955WA0102301093
B1357021853194S04154954WA0102301094
B1357061853193S04154955WA0102301096
B1357101853192S04154955WA0102301098
B1357141853192S04154955WA0102301097
B1357181853192S04154955WA0102301097
B1357221853192S04154955WA0102301096
B1357261853192S04154955WA0102301096
B1357301853191S04154955WA0102301097
B1357341853191S04154955WA0102301098
B1357381853191S04154955WA0102301099
B1357421853191S04154955WA0102301098
B1357461853191S04154955WA0102301099
B1357501853191S04154954WA0102301100
B1357541853191S04154954WA0102301100
B1357581853191S04154954WA0102301100
B1358021853192S04154954WA0102301101
B1358061853192S04154954WA0102301099
B1358101853193S04154955WA0102301098
B1358141853193S04154955WA0102301096
B1358181853193S04154955WA0102301094
B1358221853193S04154955WA0102301094
B1358261853193S04154955WA0102301093
B1358301853194S04154955WA0102301092
B1358341853195S04154956WA0102301092
B1358381853195S04154956WA0102301093
B1358421853196S04154956WA0102301094
B1358461853196S04154956WA0102301093
B1358501853196S04154956WA0102301093
B1358541853196S04154956WA0102301091
B1358581853197S04154956WA0102301089
B1359021853197S04154956WA0102301089
B1359061853197S04154956WA0102301088
B1359101853197S04154956WA0102301084
B1359141853196S04154956WA0102301083
B1359181853195S04154956WA0102301081
B1359221853195S04154956WA0102301081
B1359261853195S04154956WA0102301081
B1359301853195S04154956WA0102301084
B1359341853195S04154955WA0102301085
B1359381853195S04154955WA0102301086
B1359421853195S04154956WA0102301086
B1359461853195S04154956WA0102301086
B1359501853196S04154957WA0102301083
B1359541853196S04154957WA0102301083
B1359581853195S04154957WA0102301083
B1400021853195S04154957WA0102301086
B1400061853195S04154957WA0102301086
B1400101853195S04154957WA0102301089
B1400141853195S04154956WA0102301090
B1400181853195S04154956WA0102301091
B1400221853195S04154956WA0102301091
B1400261853196S04154956WA0102301093
B1400301853197S04154956WA0102301095
B1400341853198S04154956WA0102301096
B1400381853198S04154955WA0102301094
B1400421853198S04154955WA0102301093
B1400461853198S04154955WA0102301092
B1400501853198S04154955WA0102301090
B1400541853198S04154954WA0102301088
B1400581853197S04154955WA0102301087
B1401021853197S04154955WA0102301085
B1401061853197S04154956WA0102301084
B1401101853197S04154956WA0102301083
B1401141853196S04154955WA0102301084
B1401181853195S04154955WA0102301086
B1401221853194S04154956WA0102301090
B1401261853194S04154956WA0102301093
B1401301853193S04154955WA0102301095
B1401341853192S04154955WA0102301097
B1401381853192S04154956WA0102301099
B1401421853191S04154956WA0102301102
B1401461853191S04154957WA0102301104
B1401501853190S04154957WA0102301105
B1401541853190S04154957WA0102301106
B1401581853190S04154957WA0102301107
B1402021853190S04154956WA0102301106
B1402061853190S04154956WA0102301104
B1402101853190S04154956WA0102301102
B1402141853190S04154955WA0102301101
B1402181853190S04154956WA0102301101
B1402221853189S04154955WA0102301100
B1402261853189S04154956WA0102301099
B1402301853189S04154956WA0102301100
B1402341853188S04154957WA0102301100
B1402381853188S04154957WA0102301100
B1402421853188S04154957WA0102301101
B1402461853189S04154958WA0102301102
B1402501853188S04154958WA0102301103
B1402541853188S04154958WA0102301102
B1402581853188S04154958WA0102301102
B1403021853189S04154957WA0102301102
B1403061853189S04154957WA0102301101
B1403101853190S04154957WA0102301101
B1403141853190S04154956WA0102301100
B1403181853190S04154956WA0102301099
B1403221853190S04154957WA0102301098
B1403261853190S04154957WA0102301097
B1403301853191S04154957WA0102301096
B1403341853191S04154957WA0102301096
B1403381853191S04154957WA0102301096
B1403421853190S04154957WA0102301096
B1403461853190S04154956WA0102301096
B1403501853189S04154956WA0102301095
B1403541853188S04154956WA0102301095
B1403581853188S04154956WA0102301095
B1404021853188S04154955WA0102301093
B1404061853188S04154955WA0102301093
B1404101853188S04154954WA0102301093
B1404141853188S04154955WA0102301092
B1404181853189S04154955WA0102301093
B1404221853188S04154955WA0102301094
B1404261853187S04154954WA0102301095
B1404301853188S04154953WA0102301096
B1404341853188S04154953WA0102301096
B1404381853187S04154954WA0102301097
B1404421853188S04154954WA0102301098
B1404461853187S04154954WA0102301100
B1404501853187S04154954WA0102301101
B1404541853187S04154955WA0102301101
B1404581853187S04154955WA0102301102
B1405021853187S04154954WA0102301102
B1405061853187S04154955WA0102301101
B1405101853187S04154955WA0102301102
B1405141853187S04154955WA0102301101
B1405181853187S04154955WA0102301101
B1405221853187S04154955WA0102301100
B1405261853187S04154955WA0102301101
B1405301853188S04154955WA0102301101
B1405341853188S04154955WA0102301103
B1405381853189S04154956WA0102301104
B1405421853189S04154956WA0102301103
B1405461853190S04154957WA0102301104
B1405501853190S04154957WA0102301104
B1405541853190S04154957WA0102301103
B1405581853190S04154956WA0102301102
B1406021853190S04154956WA0102301101
B1406061853191S04154956WA0102301100
B1406101853191S04154956WA0102301097
B1406141853191S04154956WA0102301094
B1406181853191S04154957WA0102301092
B1406221853192S04154957WA0102301090
B1406261853192S04154957WA0102301088
B1406301853192S04154957WA0102301088
B1406341853192S04154957WA0102301087
B1406381853192S04154957WA0102301086
B1406421853192S04154957WA0102301085
B1406461853192S04154957WA0102301084
B1406501853193S04154957WA0102301085
B1406541853193S04154957WA0102301085
B1406581853193S04154957WA0102301086
B1407021853192S04154957WA0102301086
B1407061853192S04154957WA0102301087
B1407101853192S04154957WA0102301087
B1407141853192S04154957WA0102301087
B1407181853193S04154957WA0102301089
B1407221853193S04154957WA0102301088
B1407261853193S04154957WA0102301084
B1407301853193S04154957WA0102301083
B1407341853193S04154957WA0102301084
B1407381853191S04154957WA0102301082
B1407421853191S04154957WA0102301082
B1407461853191S04154957WA0102301084
B1407501853191S04154956WA0102301086
B1407541853191S04154956WA0102301088
B1407581853191S04154956WA0102301087
B1408021853191S04154956WA0102301086
B1408061853191S04154956WA0102301086
B1408101853191S04154956WA0102301086
B1408141853191S04154955WA0102301087
B1408181853191S04154955WA0102301085
B1408221853192S04154955WA0102301084
B1408261853192S04154955WA0102301083
B1408301853193S04154956WA0102301081
B1408341853194S04154957WA0102301079
B1408381853193S04154956WA0102301078
B1408421853193S04154957WA0102301078
B1408461853193S04154956WA0102301079
B1408501853194S04154956WA0102301082
B1408541853194S04154957WA0102301082
B1408581853195S04154957WA0102301083
B1409021853195S04154957WA0102301082
B1409061853195S04154957WA0102301082
B1409101853195S04154957WA0102301081
B1409141853195S04154957WA0102301082
B1409181853195S04154958WA0102301082
B1409221853195S04154958WA0102301082
B1409261853194S04154958WA0102301082
B1409301853193S04154957WA0102301082
B1409341853193S04154957WA0102301082
B1409381853193S04154957WA0102301082
B1409421853193S04154957WA0102301081
B1409461853192S04154956WA0102301081
B1409501853191S04154956WA0102301080
B1409541853191S04154955WA0102301080
B1409581853190S04154955WA0102301081
B1410021853190S04154955WA0102301082
B1410061853191S04154953WA0102301082
B1410101853190S04154953WA0102301083
B1410141853189S04154954WA0102301084
B1410181853189S04154954WA0102301083
B1410221853188S04154954WA0102301082
B1410261853189S04154954WA0102301083
B1410301853190S04154954WA0102301082
B1410341853189S04154954WA0102301082
B1410381853190S04154955WA0102301081
B1410421853190S04154955WA0102301080
B1410461853190S04154955WA0102301080
B1410501853190S04154955WA0102301078
B1410541853190S04154955WA0102301077
B1410581853190S04154955WA0102301077
B1411021853190S04154953WA0102301077
B1411061853190S04154953WA0102301078
B1411101853190S04154953WA0102301077
B1411141853190S04154953WA0102301076
B1411181853189S04154953WA0102301074
B1411221853189S04154953WA0102301072
B1411261853189S04154953WA0102301073
B1411301853188S04154953WA0102301075
B1411341853188S04154953WA0102301076
B1411381853189S04154953WA0102301075
B1411421853189S04154954WA0102301075
B1411461853189S04154954WA0102301076
B1411501853189S04154954WA0102301077
B1411541853189S04154954WA0102301078
B1411581853189S04154954WA0102301078
B1412021853189S04154954WA0102301079
B1412061853190S04154954WA0102301079
B1412101853190S04154954WA0102301080
B1412141853190S04154954WA0102301082
B1412181853190S04154954WA0102301084
B1412221853191S04154954WA0102301087
B1412261853191S04154954WA0102301088
B1412301853192S04154954WA0102301089
B1412341853192S04154954WA0102301090
B1412381853192S04154954WA0102301090
B1412421853192S04154954WA0102301091
B1412461853192S04154954WA0102301092
B1412501853193S04154954WA0102401094
B1412541853192S04154955WA0102301095
B1412581853193S04154955WA0102401097
B1413021853193S04154955WA0102301098
B1413061853193S04154955WA0102401100
B1413101853193S04154955WA0102401101
B1413141853194S04154956WA0102401102
B1413181853194S04154956WA0102401104
B1413221853194S04154956WA0102401105
B1413261853194S04154956WA0102401107
B1413301853194S04154956WA0102401108
B1413341853194S04154957WA0102401109
B1413381853194S04154957WA0102401110
B1413421853195S04154957WA0102401111
B1413461853194S04154957WA0102401112
B1413501853194S04154957WA0102401114
B1413541853194S04154956WA0102401115
B1413581853194S04154957WA0102401116
B1414021853195S04154957WA0102401117
B1414061853195S04154957WA0102401119
B1414101853195S04154957WA0102401121
B1414141853196S04154957WA0102401121
B1414181853196S04154957WA0102401122
B1414221853196S04154956WA0102401122
B1414261853196S04154956WA0102401124
B1414301853196S04154956WA0102401125
B1414341853197S04154956WA0102401127
B1414381853197S04154956WA0102401128
B1414421853197S04154956WA0102401129
B1414461853197S04154956WA0102401129
B1414501853196S04154955WA0102401128
B1414541853196S04154955WA0102401127
B1414581853196S04154955WA0102401126
B1415021853196S04154955WA0102401124
B1415061853196S04154955WA0102401123
B1415101853196S04154955WA0102401122
B1415141853196S04154955WA0102401121
B1415181853196S04154955WA0102401118
B1415221853196S04154955WA0102401116
B1415261853196S04154955WA0102401114
B1415301853195S04154954WA0102401112
B1415341853195S04154954WA0102401111
B1415381853194S04154954WA0102401109
B1415421853194S04154954WA0102401108
B1415461853194S04154953WA0102401105
B1415501853195S04154954WA0102401103
B1415541853195S04154953WA0102401100
B1415581853192S04154953WA0102401098
B1416021853190S04154953WA0102401094
B1416061853189S04154953WA0102401093
B1416101853188S04154953WA0102401091
B1416141853188S04154952WA0102401088
B1416181853188S04154949WA0102401088
B1416221853188S04154949WA0102401087
B1416261853189S04154949WA0102401087
B1416301853188S04154950WA0102401086
B1416341853188S04154950WA0102401085
B1416381853190S04154949WA0102401083
B1416421853190S04154949WA0102401082
B1416461853191S04154952WA0102401080
B1416501853191S04154953WA0102401077
B1416541853192S04154956WA0102401075
B1416581853194S04154960WA0102401074
B1417021853195S04154962WA0102401076
B1417061853195S04154964WA0102401074
B1417101853192S04154965WA0102401073
B1417141853191S04154964WA0102401071
B1417181853192S04154962WA0102401072
B1417221853193S04154966WA0102401071
B1417261853193S04154965WA0102401070
B1417301853191S04154964WA0102401068
B1417341853190S04154963WA0102401068
B1417381853191S04154961WA0102401072
B1417421853189S04154960WA0102401069
B1417461853192S04154960WA0102401076
B1417501853190S04154958WA0102501087
B1417541853189S04154955WA0102501088
B1417581853189S04154952WA0102401091
B1418021853188S04154950WA0102401093
B1418061853188S04154950WA0102401093
B1418101853188S04154947WA0102401093
B1418141853189S04154944WA0102401093
B1418181853189S04154942WA0102401092
B1418221853190S04154940WA0102301093
B1418261853189S04154937WA0102301093
B1418301853190S04154934WA0102201093
B1418341853191S04154931WA0102101093
B1418381853191S04154926WA0102001091
B1418421853191S04154920WA0101901090
B1418461853192S04154915WA0101901089
B1418501853191S04154911WA0101801090
B1418541853191S04154907WA0101801090
B1418581853191S04154904WA0101801090
B1419021853191S04154900WA0101801089
B1419061853191S04154897WA0101701088
B1419101853191S04154894WA0101701088
B1419141853191S04154891WA0101701087
B1419181853190S04154887WA0101601086
B1419221853189S04154885WA0101601087
B1419261853189S04154882WA0101601086
B1419301853190S04154883WA0101601086
B1419341853190S04154883WA0101601086
B1419381853190S04154883WA0101601087
B1419421853191S04154883WA0101601087
B1419461853190S04154883WA0101601087
B1419501853191S04154883WA0101601087
B1419541853191S04154884WA0101601087
B1419581853191S04154884WA0101601087
B1420021853190S04154883WA0101601087
B1420061853190S04154884WA0101601086
B1420101853190S04154884WA0101601088
B1420141853191S04154884WA0101601088
B1420181853191S04154884WA0101601088
B1420221853191S04154884WA0101601088
B1420261853191S04154884WA0101601088
B1420301853191S04154884WA0101601088
B1420341853191S04154884WA0101601088
B1420381853191S04154885WA0101601088
B1420421853191S04154885WA0101601088
B1420461853191S04154885WA0101601089
B1420501853191S04154885WA0101601088
B1420541853191S04154884WA0101601088
B1420581853191S04154884WA0101601088
B1421021853191S04154884WA0101601087
B1421061853191S04154885WA0101601088
B1421101853192S04154887WA0101601089
B1421141853193S04154889WA0101601088
B1421181853193S04154891WA0101701089
B1421221853194S04154893WA0101701089
B1421261853194S04154896WA0101701090
B1421301853194S04154899WA0101801090
B1421341853193S04154902WA0101801089
B1421381853193S04154906WA0101801089
B1421421853193S04154909WA0101801090
B1421461853193S04154911WA0101901090
B1421501853193S04154915WA0101901089
B1421541853192S04154918WA0101901090
B1421581853192S04154921WA0101901091
B1422021853191S04154924WA0101901092
B1422061853191S04154928WA0102001093
B1422101853191S04154931WA0102101096
B1422141853191S04154933WA0102201097
B1422181853191S04154935WA0102201097
B1422221853190S04154937WA0102301099
B1422261853189S04154939WA0102401101
B1422301853189S04154941WA0102401102
B1422341853188S04154941WA0102401102
B1422381853188S04154941WA0102401102
B1422421853188S04154941WA0102401101
B1422461853188S04154940WA0102401100
B1422501853188S04154940WA0102401101
B1422541853188S04154940WA0102401102
B1422581853188S04154941WA0102401102
B1423021853188S04154941WA0102401102
B1423061853188S04154940WA0102401102
B1423101853188S04154941WA0102401102
B1423141853188S04154943WA0102401102
B1423181853188S04154946WA0102501101
B1423221853189S04154948WA0102501102
B1423261853190S04154949WA0102501101
B1423301853191S04154950WA0102501101
B1423341853192S04154951WA0102501101
B1423381853192S04154951WA0102601101
B1423421853192S04154951WA0102601101
B1423461853192S04154951WA0102501101
B1423501853192S04154952WA0102501102
B1423541853192S04154952WA0102501103
B1423581853192S04154952WA0102501104
B1424021853192S04154952WA0102501104
B1424061853192S04154951WA0102501105
B1424101853192S04154951WA0102501105
B1424141853192S04154951WA0102501107
B1424181853192S04154952WA0102501108
B1424221853192S04154952WA0102501108
B1424261853191S04154952WA0102501109
B1424301853191S04154952WA0102501108
B1424341853191S04154952WA0102501108
B1424381853191S04154953WA0102601109
B1424421853191S04154953WA0102601110
B1424461853191S04154953WA0102601110
B1424501853191S04154953WA0102601111
B1424541853191S04154953WA0102601110
B1424581853191S04154953WA0102601111
B1425021853191S04154954WA0102601113
B1425061853191S04154954WA0102601111
B1425101853190S04154955WA0102601107
B1425141853190S04154955WA0102601105
B1425181853191S04154955WA0102601102
B1425221853192S04154955WA0102601099
B1425261853192S04154956WA0102601098
B1425301853192S04154954WA0102601098
B1425341853192S04154954WA0102601098
B1425381853190S04154953WA0102601097
B1425421853190S04154952WA0102601094
B1425461853190S04154953WA0102601089
B1425501853191S04154952WA0102601087
B1425541853192S04154951WA0102601085
B1425581853192S04154950WA0102601086
B1426021853190S04154952WA0102601082
B1426061853189S04154951WA0102601078
B1426101853188S04154952WA0102601077
B1426141853189S04154953WA0102601074
B1426181853188S04154953WA0102501076
B1426221853188S04154953WA0102501079
B1426261853188S04154953WA0102501081
B1426301853188S04154953WA0102501084
B1426341853188S04154953WA0102501085
B1426381853188S04154953WA0102501086
B1426421853189S04154953WA0102501086
B1426461853189S04154953WA0102501087
B1426501853190S04154953WA0102501089
B1426541853190S04154953WA0102501090
B1426581853191S04154953WA0102601090
B1427021853191S04154953WA0102601090
B1427061853191S04154954WA0102601089
B1427101853191S04154954WA0102601087
B1427141853192S04154954WA0102601087
B1427181853192S04154954WA0102601087
B1427221853191S04154954WA0102601087
B1427261853191S04154954WA0102601087
B1427301853191S04154953WA0102601089
B1427341853192S04154953WA0102601090
B1427381853192S04154953WA0102601091
B1427421853191S04154953WA0102601092
B1427461853191S04154954WA0102601094
B1427501853191S04154954WA0102601094
B1427541853190S04154955WA0102501093
B1427581853190S04154955WA0102501093
B1428021853190S04154955WA0102501093
B1428061853190S04154955WA0102501092
B1428101853189S04154955WA0102501093
B1428141853189S04154955WA0102501095
B1428181853189S04154955WA0102501096
B1428221853190S04154955WA0102501096
B1428261853189S04154954WA0102501097
B1428301853187S04154954WA0102501098
B1428341853186S04154957WA0102601098
B1428381853186S04154958WA0102601097
B1428421853186S04154959WA0102601099
B1428461853184S04154959WA0102601099
B1428501853184S04154959WA0102601098
B1428541853184S04154960WA0102601097
B1428581853185S04154961WA0102601095
B1429021853185S04154961WA0102601095
B1429061853185S04154961WA0102601095
B1429101853184S04154963WA0102601097
B1429141853184S04154962WA0102601098
B1429181853184S04154963WA0102601099
B1429221853184S04154964WA0102601102
B1429261853184S04154964WA0102601105
B1429301853182S04154964WA0102601106
B1429341853181S04154963WA0102601107
B1429381853182S04154963WA0102601108
B1429421853182S04154963WA0102601108
B1429461853181S04154964WA0102601107
B1429501853182S04154964WA0102601109
B1429541853182S04154963WA0102601108
B1429581853183S04154962WA0102601108
B1430021853186S04154961WA0102601106
B1430061853186S04154959WA0102601104
B1430101853188S04154958WA0102601101
B1430141853189S04154958WA0102601099
B1430181853189S04154956WA0102601094
B1430221853188S04154957WA0102601094
B1430261853188S04154957WA0102601091
B1430301853187S04154958WA0102601093
B1430341853190S04154958WA0102601090
B1430381853192S04154954WA0102601087
B1430421853190S04154955WA0102601086
B1430461853190S04154955WA0102601086
B1430501853190S04154957WA0102601084
B1430541853191S04154960WA0102601084
B1430581853192S04154959WA0102601082
B1431021853193S04154961WA0102601081
B1431061853195S04154959WA0102601076
B1431101853194S04154961WA0102601075
B1431141853192S04154963WA0102601078
B1431181853192S04154964WA0102601075
B1431221853191S04154961WA0102601076
B1431261853189S04154961WA0102601080
B1431301853188S04154962WA0102601083
B1431341853187S04154962WA0102601087
B1431381853186S04154963WA0102601091
B1431421853185S04154964WA0102601093
B1431461853185S04154965WA0102601093
B1431501853185S04154964WA0102601093
B1431541853185S04154964WA0102601095
B1431581853185S04154964WA0102601097
B1432021853184S04154963WA0102601097
B1432061853184S04154961WA0102601096
B1432101853185S04154961WA0102601096
B1432141853185S04154960WA0102601095
B1432181853186S04154958WA0102601101
B1432221853187S04154957WA0102601103
B1432261853187S04154956WA0102601104
B1432301853187S04154956WA0102601104
B1432341853188S04154955WA0102601103
B1432381853188S04154956WA0102601102
B1432421853188S04154956WA0102601101
B1432461853187S04154956WA0102601101
B1432501853187S04154956WA0102601102
B1432541853188S04154956WA0102601102
B1432581853188S04154956WA0102601102
B1433021853188S04154956WA0102601103
B1433061853188S04154956WA0102601104
B1433101853188S04154956WA0102601104
B1433141853188S04154956WA0102601104
B1433181853188S04154956WA0102601105
B1433221853189S04154956WA0102601105
B1433261853189S04154957WA0102601105
B1433301853189S04154956WA0102601104
B1433341853189S04154956WA0102601104
B1433381853189S04154956WA0102601104
B1433421853189S04154956WA0102601103
B1433461853189S04154956WA0102601102
B1433501853189S04154956WA0102601102
B1433541853189S04154956WA0102601104
B1433581853191S04154957WA0102601106
B1434021853191S04154957WA0102601106
B1434061853191S04154957WA0102601107
B1434101853191S04154957WA0102601108
B1434141853192S04154957WA0102601106
B1434181853192S04154957WA0102601106
B1434221853191S04154957WA0102601103
B1434261853191S04154958WA0102601097
B1434301853191S04154959WA0102601097
B1434341853190S04154958WA0102601091
B1434381853190S04154959WA0102601084
B1434421853188S04154958WA0102601088
B1434461853188S04154959WA0102601093
B1434501853188S04154959WA0102601092
B1434541853186S04154959WA0102701096
B1434581853185S04154961WA0102701095
B1435021853185S04154962WA0102701095
B1435061853185S04154965WA0102701095
B1435101853186S04154968WA0102601095
B1435141853187S04154971WA0102601096
B1435181853186S04154973WA0102601095
B1435221853185S04154974WA0102601094
B1435261853183S04154974WA0102601095
B1435301853180S04154973WA0102601094
B1435341853178S04154971WA0102601092
B1436431853163S04154963WA0102601096
B1436471853180S04154963WA0102601098
B1436511853186S04154964WA0102601103
B1436551853188S04154963WA0102601106
B1436591853188S04154962WA0102601107
B1437031853188S04154961WA0102601108
B1437071853188S04154960WA0102601106
B1437111853189S04154960WA0102601107
B1437151853190S04154960WA0102601108
B1437191853190S04154960WA0102601107
B1437231853190S04154960WA0102601105
B1437271853190S04154960WA0102601105
B1437311853190S04154959WA0102601105
B1437351853191S04154959WA0102601105
B1437391853191S04154958WA0102601105
B1437431853190S04154958WA0102601106
B1437471853192S04154957WA0102601107
B1437511853193S04154957WA0102501108
B1437551853193S04154956WA0102501109
B1437591853193S04154955WA0102501110
B1438031853193S04154955WA0102501111
B1438071853193S04154954WA0102601112
B1438111853193S04154953WA0102601112
B1438151853192S04154953WA0102601112
B1438191853193S04154953WA0102501112
B1438231853193S04154953WA0102601112
B1438271853192S04154953WA0102601113
B1438311853192S04154954WA0102601113
B1438351853191S04154955WA0102601114
B1438391853192S04154956WA0102601114
B1438431853192S04154956WA0102601114
B1438471853191S04154957WA0102601114
B1438511853191S04154957WA0102601114
B1438551853188S04154958WA0102601113
B1438591853187S04154957WA0102601113
B1439031853186S04154956WA0102601112
B1439071853187S04154956WA0102601112
B1439111853189S04154955WA0102601112
B1439151853190S04154954WA0102601112
B1439191853192S04154953WA0102601113
B1439231853193S04154953WA0102601113
B1439271853194S04154952WA0102601114
B1439311853194S04154952WA0102601114
B1439351853193S04154951WA0102601112
B1439391853193S04154951WA0102601112
B1439431853193S04154951WA0102601112
B1439471853192S04154951WA0102601113
B1439511853192S04154953WA0102601113
B1439551853192S04154953WA0102601113
B1439591853191S04154954WA0102601112
B1440031853191S04154955WA0102601112
B1440071853191S04154956WA0102601111
B1440111853191S04154956WA0102601111
B1440151853191S04154956WA0102601111
B1440191853191S04154956WA0102601110
B1440231853191S04154956WA0102601109
B1440271853190S04154955WA0102601107
B1440311853190S04154955WA0102601105
B1440351853190S04154955WA0102601104
B1440391853191S04154956WA0102601103
B1440431853191S04154956WA0102601103
B1440471853191S04154955WA0102601103
B1440511853190S04154955WA0102601102
B1440551853190S04154955WA0102601101
B1440591853188S04154955WA0102601100
B1441031853188S04154955WA0102601098
B1441071853187S04154954WA0102601097
B1441111853187S04154953WA0102601096
B1441151853187S04154953WA0102601097
B1441191853186S04154952WA0102601098
B1441231853185S04154952WA0102601097
B1441271853185S04154952WA0102601096
B1441311853186S04154952WA0102601096
B1441351853186S04154952WA0102601095
B1441391853185S04154952WA0102601094
B1441431853185S04154952WA0102601093
B1441471853184S04154952WA0102601093
B1441511853185S04154952WA0102601091
B1441551853186S04154952WA0102601091
B1441591853186S04154952WA0102601091
B1442031853187S04154952WA0102601093
B1442071853188S04154952WA0102601094
B1442111853190S04154952WA0102601094
B1442151853191S04154952WA0102601096
B1442191853192S04154953WA0102601096
B1442231853194S04154954WA0102601096
B1442271853197S04154955WA0102601096
B1442311853199S04154956WA0102601096
B1442351853201S04154957WA0102601098
B1442391853201S04154956WA0102601100
B1442431853200S04154957WA0102601100
B1442471853199S04154956WA0102601101
B1442511853198S04154956WA0102601101
B1442551853197S04154956WA0102601101
B1442591853200S04154956WA0102601100
B1443031853201S04154956WA0102601099
B1443071853201S04154956WA0102601099
B1443111853202S04154956WA0102601098
B1443151853202S04154955WA0102601098
B1443191853202S04154955WA0102601097
B1443231853201S04154954WA0102601098
B1443271853199S04154954WA0102601098
B1443311853197S04154954WA0102601097
B1443351853196S04154954WA0102601095
B1443391853195S04154954WA0102601092
B1443431853194S04154955WA0102601090
B1443471853194S04154955WA0102601088
B1443511853194S04154954WA0102601087
B1443551853193S04154954WA0102601087
B1443591853193S04154954WA0102601086
B1444031853194S04154953WA0102601083
B1444071853194S04154954WA0102601078
B1444111853194S04154953WA0102601076
B1444151853194S04154953WA0102601074
B1444191853195S04154953WA0102601073
B1444231853195S04154952WA0102601074
B1444271853194S04154952WA0102601074
B1444311853194S04154952WA0102601074
B1444351853193S04154952WA0102601075
B1444391853192S04154952WA0102601075
B1444431853191S04154952WA0102601076
B1444471853190S04154953WA0102601076
B1444511853190S04154952WA0102601077
B1444551853190S04154952WA0102601079
B1444591853190S04154952WA0102601081
B1445031853190S04154952WA0102601081
B1445071853190S04154952WA0102601082
B1445111853190S04154953WA0102601084
B1445151853190S04154953WA0102601085
B1445191853191S04154953WA0102601086
B1445231853191S04154953WA0102601087
B1445271853192S04154953WA0102601088
B1445311853192S04154953WA0102601089
B1445351853192S04154953WA0102601089
B1445391853191S04154953WA0102601090
B1445431853191S04154953WA0102601090
B1445471853191S04154953WA0102601091
B1445511853191S04154953WA0102601092
B1445551853191S04154953WA0102601094
B1445591853192S04154952WA0102601096
B1446031853193S04154951WA0102601097
B1446071853193S04154951WA0102601098
B1446111853193S04154951WA0102601099
B1446151853193S04154951WA0102601101
B1446191853193S04154951WA0102601103
B1446231853193S04154952WA0102601104
B1446271853192S04154952WA0102601104
B1446311853192S04154953WA0102601104
B1446351853192S04154952WA0102601103
B1446391853193S04154952WA0102601104
B1446431853193S04154953WA0102601105
B1446471853193S04154953WA0102601106
B1446511853193S04154953WA0102601106
B1446551853193S04154953WA0102601105
B1446591853192S04154953WA0102601105
B1447031853192S04154953WA0102601103
B1447071853193S04154953WA0102601103
B1447111853193S04154953WA0102601102
B1447151853194S04154952WA0102601102
B1447191853194S04154952WA0102601102
B1447231853194S04154952WA0102601103
B1447271853193S04154952WA0102601104
B1447311853192S04154953WA0102601104
B1447351853192S04154953WA0102601104
B1447391853192S04154953WA0102601104
B1447431853193S04154953WA0102601104
B1447471853193S04154953WA0102601105
B1447511853192S04154954WA0102601105
B1447551853192S04154954WA0102601104
B1447591853192S04154955WA0102601103
B1448031853192S04154954WA0102601104
B1448071853192S04154955WA0102601102
B1448111853191S04154955WA0102601100
B1448151853190S04154955WA0102601099
B1448191853189S04154955WA0102601098
B1448231853189S04154954WA0102601097
B1448271853189S04154954WA0102601096
B1448311853188S04154954WA0102601096
B1448351853188S04154954WA0102601098
B1448391853188S04154954WA0102601098
B1448431853188S04154954WA0102601098
B1448471853188S04154954WA0102601100
B1448511853189S04154955WA0102601102
B1448551853188S04154955WA0102601103
B1448591853189S04154955WA0102601103
B1449031853189S04154955WA0102601104
B1449071853189S04154955WA0102601106
B1449111853189S04154955WA0102601106
B1449151853189S04154955WA0102601109
B1449191853189S04154955WA0102601109
B1449231853189S04154955WA0102601109
B1449271853189S04154955WA0102601109
B1449311853189S04154955WA0102601110
B1449351853189S04154955WA0102601112
B1449391853189S04154955WA0102601112
B1449431853189S04154955WA0102601113
B1449471853189S04154955WA0102601114
B1449511853189S04154955WA0102601114
B1449551853189S04154955WA0102601113
B1449591853189S04154955WA0102601113
B1450031853189S04154955WA0102601113
B1450071853189S04154955WA0102601113
B1450111853188S04154955WA0102601113
B1450151853188S04154955WA0102601112
B1450191853188S04154955WA0102601111
B1450231853188S04154955WA0102601112
B1450271853188S04154955WA0102601111
B1450311853188S04154955WA0102601111
B1450351853188S04154955WA0102601111
B1450391853188S04154955WA0102601112
B1450431853188S04154955WA0102601112
B1450471853188S04154954WA0102601111
B1450511853188S04154954WA0102601110
B1450551853188S04154954WA0102601109
B1450591853187S04154954WA0102601108
B1451031853187S04154954WA0102601109
B1451071853187S04154954WA0102601108
B1451111853187S04154954WA0102601107
B1451151853187S04154954WA0102601106
B1451191853187S04154954WA0102601105
B1451231853187S04154954WA0102601104
B1451271853187S04154954WA0102601103
B1451311853186S04154954WA0102601102
B1451351853186S04154954WA0102601101
B1451391853186S04154954WA0102601101
B1451431853186S04154954WA0102601102
B1451471853186S04154954WA0102601103
B1451511853186S04154954WA0102601103
B1451551853187S04154954WA0102601103
B1451591853186S04154954WA0102601103
B1452031853186S04154954WA0102601103
B1452071853186S04154954WA0102601103
B1452111853186S04154954WA0102601102
B1452151853186S04154954WA0102601102
B1452191853186S04154954WA0102601101
B1452231853186S04154954WA0102601101
B1452271853186S04154954WA0102601100
B1452311853186S04154954WA0102601100
B1452351853186S04154954WA0102601099
B1452391853186S04154954WA0102601099
B1452431853186S04154954WA0102601099
B1452471853186S04154954WA0102601099
B1452511853187S04154954WA0102601100
B1452551853187S04154954WA0102601100
B1452591853187S04154954WA0102601102
B1453031853187S04154954WA0102601102
B1453071853187S04154954WA0102601102
B1453111853188S04154954WA0102601102
B1453151853188S04154954WA0102601103
B1453191853188S04154954WA0102601103
B1453231853188S04154954WA0102601103
B1453271853188S04154954WA0102601103
B1453311853188S04154954WA0102601103
B1453351853188S04154954WA0102601104
B1453391853188S04154954WA0102601105
B1453431853188S04154954WA0102601105
B1453471853188S04154955WA0102601106
B1453511853189S04154955WA0102601106
B1453551853188S04154955WA0102601106
B1453591853188S04154955WA0102601107
B1454031853188S04154955WA0102601107
B1454071853188S04154955WA0102601106
B1454111853188S04154955WA0102601105
B1454151853187S04154955WA0102601104
B1454191853188S04154955WA0102601104
B1454231853188S04154955WA0102601104
B1454271853187S04154955WA0102601104
B1454311853187S04154955WA0102701102
B1454351853187S04154955WA0102701101
B1454391853187S04154955WA0102701101
B1454431853187S04154955WA0102701100
B1454471853187S04154955WA0102701099
B1454511853187S04154955WA0102701099
B1454551853187S04154954WA0102701101
B1454591853187S04154954WA0102701101
B1455031853187S04154954WA0102701100
B1455071853186S04154954WA0102701098
B1455111853186S04154954WA0102701098
B1455151853187S04154954WA0102701098
B1455191853187S04154954WA0102701098
B1455231853187S04154954WA0102701098
B1455271853187S04154954WA0102701099
B1455311853187S04154954WA0102701100
B1455351853187S04154954WA0102701101
B1455391853187S04154954WA0102701103
B1455431853187S04154954WA0102701104
B1455471853187S04154954WA0102701105
B1455511853187S04154954WA0102701106
B1455551853187S04154954WA0102701106
B1455591853187S04154954WA0102701106
B1456031853187S04154954WA0102701106
B1456071853187S04154954WA0102701105
B1456111853187S04154954WA0102701105
B1456151853188S04154954WA0102701104
B1456191853188S04154955WA0102701104
B1456231853188S04154955WA0102701103
B1456271853188S04154955WA0102701105
B1456311853188S04154955WA0102701105
B1456351853188S04154954WA0102701105
B1456391853188S04154954WA0102701105
B1456431853188S04154954WA0102701106
B1456471853188S04154954WA0102701107
B1456511853188S04154954WA0102701108
B1456551853188S04154954WA0102701110
B1456591853188S04154954WA0102701111
B1457031853188S04154954WA0102701111
B1457071853188S04154955WA0102701111
B1457111853189S04154955WA0102701111
B1457151853189S04154955WA0102701110
B1457191853189S04154955WA0102701108
B1457231853190S04154955WA0102701109
B1457271853190S04154956WA0102701107
B1457311853191S04154956WA0102701106
B1457351853190S04154956WA0102701105
B1457391853190S04154955WA0102701103
B1457431853190S04154955WA0102701103
B1457471853190S04154955WA0102701102
B1457511853189S04154955WA0102701100
B1457551853188S04154955WA0102701098
B1457591853186S04154955WA0102701097
B1458031853186S04154955WA0102701093
B1458071853185S04154955WA0102701092
B1458111853185S04154955WA0102701092
B1458151853184S04154955WA0102701090
B1458191853185S04154955WA0102701089
B1458231853184S04154955WA0102701089
B1458271853185S04154955WA0102701090
B1458311853186S04154955WA0102701093
B1458351853186S04154955WA0102701095
B1458391853185S04154955WA0102701094
B1458431853186S04154954WA0102701096
B1458471853186S04154954WA0102701095
B1458511853186S04154954WA0102701096
B1458551853187S04154955WA0102701094
B1458591853187S04154955WA0102701094
B1459031853188S04154955WA0102701094
B1459071853188S04154955WA0102701093
B1459111853188S04154955WA0102701092
B1459151853187S04154956WA0102701090
B1459191853187S04154956WA0102701089
B1459231853187S04154956WA0102701087
B1459271853186S04154957WA0102701086
B1459311853185S04154956WA0102701085
B1459351853185S04154956WA0102701085
B1459391853185S04154956WA0102701085
B1459431853185S04154956WA0102701086
B1459471853186S04154955WA0102701087
B1459511853186S04154955WA0102701088
B1459551853186S04154955WA0102701087
B1459591853185S04154955WA0102701088
B1500031853186S04154955WA0102701089
B1500071853186S04154955WA0102701088
B1500111853186S04154955WA0102701087
B1500151853186S04154955WA0102701089
B1500191853186S04154955WA0102701089
B1500231853187S04154955WA0102701090
B1500271853186S04154956WA0102701091
B1500311853186S04154956WA0102701092
B1500351853186S04154956WA0102701091
B1500391853187S04154956WA0102701090
B1500431853187S04154956WA0102701089
B1500471853187S04154956WA0102701087
B1500511853187S04154956WA0102701087
B1500551853187S04154956WA0102701086
B1500591853187S04154956WA0102701085
B1501031853187S04154956WA0102701083
B1501071853187S04154956WA0102701080
B1501111853188S04154956WA0102701080
B1501151853189S04154956WA0102701081
B1501191853190S04154955WA0102701081
B1501231853190S04154955WA0102701080
B1501271853190S04154955WA0102701080
B1501311853191S04154955WA0102701082
B1501351853192S04154955WA0102701084
B1501391853192S04154955WA0102701086
B1501431853193S04154955WA0102701088
B1501471853193S04154955WA0102701089
B1501511853193S04154954WA0102701089
B1501551853194S04154954WA0102701091
B1501591853194S04154954WA0102701091
B1502031853193S04154953WA0102701092
B1502071853193S04154953WA0102701093
B1502111853193S04154953WA0102701094
B1502151853193S04154954WA0102701093
B1502191853194S04154954WA0102701092
B1502231853193S04154954WA0102701093
B1502271853193S04154954WA0102701093
B1502311853194S04154954WA0102701094
B1502351853193S04154954WA0102701094
B1502391853193S04154954WA0102701094
B1502431853193S04154953WA0102701094
B1502471853193S04154953WA0102701094
B1502511853193S04154953WA0102701094
B1502551853192S04154953WA0102701094
B1502591853192S04154953WA0102701096
B1503031853192S04154954WA0102701097
B1503071853191S04154954WA0102701098
B1503111853191S04154955WA0102701098
B1503151853190S04154955WA0102701099
B1503191853190S04154955WA0102701099
B1503231853189S04154955WA0102701099
B1503271853189S04154955WA0102701098
B1503311853190S04154954WA0102701098
B1503351853190S04154954WA0102701098
B1503391853190S04154954WA0102701098
B1503431853192S04154953WA0102701101
B1503471853194S04154953WA0102701105
B1503511853193S04154953WA0102701104
B1503551853193S04154954WA0102701104
B1503591853192S04154953WA0102701103
B1504031853192S04154954WA0102701101
B1504071853193S04154954WA0102701100
B1504111853193S04154953WA0102701099
B1504151853194S04154954WA0102701098
B1504191853193S04154954WA0102701099
B1504231853194S04154954WA0102701098
B1504271853194S04154955WA0102701097
B1504311853195S04154955WA0102701094
B1504351853194S04154954WA0102701094
B1504391853194S04154955WA0102701093
B1504431853194S04154954WA0102701095
B1504471853193S04154954WA0102701094
B1504511853192S04154953WA0102701092
B1504551853192S04154954WA0102701090
B1504591853191S04154955WA0102701088
B1505031853191S04154954WA0102701084
B1505071853190S04154953WA0102701083
B1505111853189S04154952WA0102701080
B1505151853188S04154952WA0102701079
B1505191853188S04154952WA0102701079
B1505231853189S04154951WA0102701079
B1505271853188S04154952WA0102701079
B1505311853188S04154952WA0102701080
B1505351853188S04154952WA0102701080
B1505391853188S04154953WA0102701081
B1505431853187S04154954WA0102701079
B1505471853186S04154955WA0102701079
B1505511853184S04154955WA0102701079
B1505551853184S04154954WA0102701080
B1505591853183S04154953WA0102701080
B1506031853184S04154952WA0102701078
B1506071853183S04154951WA0102701078
B1506111853179S04154953WA0102701073
B1506151853179S04154954WA0102701074
B1506191853181S04154954WA0102701074
B1506231853181S04154954WA0102701074
B1506271853181S04154955WA0102701072
B1506311853182S04154955WA0102701071
B1506351853183S04154956WA0102701070
B1506391853183S04154956WA0102701069
B1506431853184S04154956WA0102701066
B1506471853184S04154956WA0102701064
B1506511853184S04154957WA0102701061
B1506551853183S04154958WA0102701062
B1506591853181S04154960WA0102701063
B1507031853181S04154960WA0102701064
B1507071853182S04154959WA0102701063
B1507111853182S04154960WA0102701061
B1507151853183S04154961WA0102701063
B1507191853182S04154962WA0102701062
B1507231853183S04154961WA0102701063
B1507271853182S04154960WA0102701065
B1507311853183S04154959WA0102701066
B1507351853185S04154957WA0102701068
B1507391853186S04154957WA0102701068
B1507431853187S04154957WA0102801070
B1507471853187S04154956WA0102801072
B1507511853187S04154954WA0102801077
B1507551853187S04154953WA0102801079
B1507591853186S04154951WA0102801080
B1508031853186S04154948WA0102701081
B1508071853186S04154946WA0102701083
B1508111853188S04154944WA0102701082
B1508151853189S04154940WA0102701083
B1508191853189S04154938WA0102601084
B1508231853189S04154935WA0102501084
B1508271853190S04154934WA0102501085
B1508311853189S04154931WA0102401085
B1508351853189S04154928WA0102401084
B1508391853189S04154925WA0102301085
B1508431853190S04154923WA0102301085
B1508471853190S04154921WA0102201085
B1508511853191S04154918WA0102201084
B1508551853191S04154915WA0102201084
B1508591853191S04154913WA0102201084
B1509031853191S04154910WA0102201082
B1509071853192S04154908WA0102201081
B1509111853192S04154906WA0102201083
B1509151853193S04154904WA0102101084
B1509191853193S04154901WA0102101082
B1509231853193S04154898WA0102101080
B1509271853194S04154895WA0102101081
B1509311853194S04154893WA0102101079
B1509351853194S04154890WA0102001078
B1509391853194S04154888WA0102001076
B1509431853194S04154887WA0102001077
B1509471853194S04154887WA0102001076
B1509511853194S04154887WA0102001076
B1509551853194S04154887WA0102001075
B1509591853193S04154887WA0102001075
B1510031853193S04154887WA0102001074
B1510071853193S04154887WA0102001074
B1510111853193S04154887WA0102001074
B1510151853193S04154887WA0102001074
B1510191853193S04154887WA0102001075
B1510231853193S04154887WA0102001075
B1510271853193S04154887WA0102001076
B1510311853193S04154887WA0102001076
B1510351853193S04154887WA0102001076
B1510391853192S04154887WA0102001076
B1510431853192S04154887WA0102001076
B1510471853191S04154887WA0102001076
B1510511853190S04154886WA0102001075
B1510551853190S04154885WA0102001075
B1510591853190S04154885WA0102001075
B1511031853190S04154885WA0102001076
B1511071853190S04154885WA0102001075
B1511111853190S04154883WA0101901075
B1511151853191S04154881WA0101901076
B1511191853192S04154880WA0102001077
B1511231853192S04154880WA0102001077
B1511271853192S04154880WA0102001077
B1511311853193S04154881WA0102001077
B1511351853192S04154881WA0102001077
B1511391853192S04154880WA0102001078
B1511431853192S04154879WA0102001077
B1511471853191S04154880WA0102001077
B1511511853191S04154882WA0102001078
B1511551853192S04154883WA0102001078
B1511591853192S04154883WA0101901079
B1512031853192S04154883WA0102001078
B1512071853192S04154883WA0102001078
B1512111853192S04154883WA0102001078
B1512151853192S04154883WA0102001079
B1512191853191S04154883WA0102001080
B1512231853191S04154883WA0102001081
B1512271853191S04154883WA0102001081
B1512311853191S04154882WA0102001081
B1512351853192S04154883WA0102001082
B1512391853192S04154883WA0102001082
B1512431853192S04154882WA0102001082
B1512471853191S04154883WA0102001083
B1512511853191S04154883WA0101901082
B1512551853191S04154883WA0101901081
B1512591853191S04154883WA0101901082
B1513031853191S04154883WA0101901082
B1513071853191S04154883WA0101901082
B1513111853191S04154883WA0101901081
B1513151853191S04154883WA0101901081
B1513191853191S04154883WA0101901080
B1513231853191S04154883WA0101901079
B1513271853191S04154883WA0101901080
B1513311853191S04154883WA0101901081
B1513351853191S04154883WA0101901082
B1513391853191S04154883WA0101901083
B1513431853191S04154883WA0101901084
B1513471853191S04154883WA0101901084
B1513511853191S04154883WA0101901085
B1513551853191S04154883WA0101901086
B1513591853191S04154883WA0101901087
B1514031853191S04154883WA0101901087
B1514071853191S04154883WA0101901087
B1514111853191S04154883WA0101901087
B1514151853191S04154883WA0101901087
B1514191853191S04154883WA0101901087
B1514231853191S04154883WA0101901087
B1514271853191S04154883WA0101901087
B1514311853191S04154883WA0101901087
B1514351853191S04154883WA0101901087
B1514391853191S04154883WA0101901086
B1514431853191S04154883WA0101901085
B1514471853191S04154883WA0101901085
B1514511853191S04154883WA0101901085
B1514551853191S04154883WA0101901084
B1514591853192S04154882WA0101901084
B1515031853192S04154883WA0101901082
B1515071853192S04154883WA0101901082
B1515111853192S04154883WA0101901081
B1515151853192S04154883WA0101901081
B1515191853192S04154883WA0101901082
B1515231853192S04154883WA0101901083
B1515271853192S04154883WA0101901085
B1515311853192S04154883WA0101901085
B1515351853192S04154883WA0101901084
B1515391853191S04154882WA0101901085
B1515431853191S04154882WA0101901086
B1515471853191S04154883WA0101901086
B1515511853191S04154883WA0101901087
B1515551853191S04154883WA0101901087
B1515591853191S04154883WA0101901087
B1516031853191S04154883WA0101901087
B1516071853191S04154883WA0101901086
B1516111853191S04154883WA0101901086
B1516151853192S04154883WA0101901086
B1516191853192S04154883WA0101901085
B1516231853192S04154884WA0101901085
B1516271853193S04154884WA0101901084
B1516311853193S04154884WA0101901084
B1516351853193S04154884WA0101901084
B1516391853193S04154883WA0101901084
B1516431853193S04154883WA0101901084
B1516471853193S04154883WA0101901085
B1516511853193S04154884WA0101901084
B1516551853193S04154884WA0101901084
B1516591853193S04154884WA0101901085
B1517031853193S04154884WA0101901085
B1517071853193S04154884WA0101901085
B1517111853193S04154884WA0101901084
B1517151853193S04154883WA0101901084
B1517191853193S04154883WA0101901084
B1517231853193S04154883WA0101901084
B1517271853193S04154883WA0101901084
B1517311853193S04154883WA0101901083
B1517351853193S04154883WA0101901083
B1517391853193S04154884WA0101901083
B1517431853193S04154884WA0101901081
B1517471853193S04154884WA0101901082
B1517511853193S04154884WA0101901082
B1517551853193S04154884WA0101901081
B1517591853193S04154883WA0101901080
B1518031853193S04154883WA0101901080
B1518071853193S04154883WA0101901079
B1518111853193S04154884WA0101901079
B1518151853193S04154884WA0101901079
B1518191853193S04154884WA0101901080
B1518231853193S04154884WA0101901080
B1518271853192S04154884WA0101901080
B1518311853192S04154884WA0101901080
B1518351853192S04154883WA0101901080
B1518391853191S04154883WA0101901080
B1518431853191S04154883WA0101901078
B1518471853191S04154883WA0101901077
B1518511853191S04154883WA0101901078
B1518551853191S04154883WA0101901076
B1518591853191S04154883WA0101901075
B1519031853191S04154883WA0101901076
B1519071853191S04154883WA0101901077
B1519111853191S04154883WA0101901076
B1519151853191S04154883WA0101901079
B1519191853191S04154883WA0101901078
B1519231853191S04154883WA0101901079
B1519271853191S04154883WA0101901079
B1519311853191S04154883WA0101901080
B1519351853191S04154883WA0101901082
B1519391853191S04154883WA0102001084
B1519431853191S04154883WA0102001082
B1519471853191S04154883WA0102001081
B1519511853191S04154883WA0102001081
B1519551853191S04154883WA0102001082
B1519591853192S04154883WA0102001084
B1520031853192S04154883WA0102001085
B1520071853192S04154883WA0102001084
B1520111853193S04154883WA0102001083
B1520151853193S04154883WA0102001083
B1520191853193S04154883WA0102001083
B1520231853194S04154883WA0102001082
B1520271853194S04154882WA0102001082
B1520311853194S04154883WA0102001083
B1520351853194S04154882WA0102001085
B1520391853194S04154883WA0102001085
B1520431853194S04154883WA0102001085
B1520471853194S04154883WA0102001086
B1520511853193S04154884WA0102001087
B1520551853193S04154884WA0102001088
B1520591853192S04154884WA0102001088
B1521031853192S04154884WA0102001090
B1521071853191S04154885WA0102001089
B1521111853191S04154884WA0102001090
B1521151853191S04154884WA0102001090
B1521191853192S04154883WA0102001085
B1521231853193S04154883WA0102001083
B1521271853193S04154882WA0102001082
B1521311853193S04154883WA0102001083
B1521351853193S04154883WA0102001085
B1521391853192S04154884WA0102001088
B1521431853192S04154884WA0102001092
B1521471853192S04154883WA0102001087
B1521511853192S04154883WA0102001086
B1521551853193S04154883WA0102001084
B1521591853193S04154884WA0102001085
B1522031853193S04154884WA0102001084
B1522071853193S04154884WA0102001083
B1522111853194S04154884WA0102101082
B1522151853194S04154884WA0102101083
B1522191853194S04154884WA0102001082
B1522231853194S04154884WA0102101080
B1522271853194S04154884WA0102101077
B1522311853194S04154884WA0102101076
B1522351853194S04154884WA0102101075
B1522391853195S04154884WA0102101074
B1522431853195S04154884WA0102001071
B1522471853196S04154884WA0102001068
B1522511853196S04154884WA0102001065
B1522551853195S04154884WA0102101064
B1522591853194S04154883WA0102101061
B1523031853195S04154882WA0102101057
B1523071853194S04154883WA0102101057
B1523111853195S04154884WA0102001056
B1523151853195S04154884WA0102101061
B1523191853195S04154884WA0102101066
B1523231853196S04154885WA0102101069
B1523271853195S04154887WA0102101072
B1523311853195S04154888WA0102101073
B1523351853195S04154888WA0102101074
B1523391853196S04154887WA0102101074
B1523431853196S04154888WA0102101075
B1523471853196S04154887WA0102101076
B1523511853196S04154887WA0102101077
B1523551853196S04154888WA0102101078
B1523591853196S04154888WA0102101079
B1524031853196S04154888WA0102101081
B1524071853196S04154888WA0102101082
B1524111853195S04154888WA0102101082
B1524151853195S04154889WA0102101084
B1524191853195S04154889WA0102101084
B1524231853195S04154889WA0102101085
B1524271853195S04154889WA0102101085
B1524311853195S04154889WA0102101085
B1524351853195S04154889WA0102101086
B1524391853195S04154889WA0102101086
B1524431853195S04154889WA0102101086
B1524471853196S04154889WA0102101086
B1524511853196S04154889WA0102101086
B1524551853196S04154890WA0102101086
B1524591853196S04154890WA0102101087
B1525031853196S04154890WA0102101087
B1525071853196S04154890WA0102101087
B1525111853196S04154890WA0102101087
B1525151853196S04154890WA0102101087
B1525191853196S04154890WA0102101087
B1525231853196S04154890WA0102101087
B1525271853196S04154890WA0102101087
B1525311853196S04154890WA0102101086
B1525351853196S04154890WA0102101086
B1525391853197S04154890WA0102101087
B1525431853197S04154890WA0102101087
B1525471853197S04154890WA0102101088
B1525511853197S04154890WA0102101088
B1525551853197S04154890WA0102101087
B1525591853196S04154890WA0102101087
B1526031853197S04154890WA0102101087
B1526071853197S04154890WA0102101086
B1526111853197S04154890WA0102101086
B1526151853197S04154890WA0102101086
B1526191853197S04154890WA0102101086
B1526231853197S04154890WA0102101085
B1526271853196S04154890WA0102101084
B1526311853196S04154889WA0102101084
B1526351853196S04154889WA0102101084
B1526391853196S04154889WA0102101083
B1526431853196S04154889WA0102101083
B1526471853196S04154889WA0102101082
B1526511853196S04154889WA0102101083
B1526551853196S04154889WA0102101083
B1526591853195S04154889WA0102101083
B1527031853195S04154889WA0102101084
B1527071853195S04154889WA0102101083
B1527111853195S04154889WA0102101083
B1527151853195S04154889WA0102101083
B1527191853195S04154888WA0102101083
B1527231853195S04154888WA0102101083
B1527271853195S04154888WA0102101084
B1527311853195S04154888WA0102101084
B1527351853195S04154889WA0102101084
B1527391853195S04154889WA0102101084
B1527431853195S04154888WA0102101083
B1527471853195S04154888WA0102101082
B1527511853196S04154889WA0102101081
B1527551853196S04154889WA0102101081
B1527591853196S04154889WA0102101081
B1528031853196S04154889WA0102101081
B1528071853196S04154889WA0102101081
B1528111853196S04154889WA0102101081
B1528151853196S04154889WA0102101081
B1528191853196S04154889WA0102101082
B1528231853196S04154889WA0102101082
B1528271853196S04154889WA0102101082
B1528311853196S04154889WA0102101082
B1528351853195S04154889WA0102101082
B1528391853195S04154889WA0102101082
B1528431853195S04154889WA0102101082
B1528471853195S04154889WA0102101082
B1528511853195S04154889WA0102101082
B1528551853195S04154889WA0102101083
B1528591853195S04154889WA0102101083
B1529031853195S04154889WA0102101083
B1529071853195S04154889WA0102101083
B1529111853195S04154889WA0102101082
B1529151853195S04154889WA0102101081
B1529191853195S04154889WA0102101081
B1529231853195S04154889WA0102101081
B1529271853195S04154889WA0102101080
B1529311853195S04154889WA0102101081
B1529351853195S04154889WA0102101081
B1529391853195S04154889WA0102101082
B1529431853195S04154889WA0102101082
B1529471853195S04154889WA0102101083
B1529511853195S04154889WA0102101083
B1529551853196S04154889WA0102101082
B1529591853196S04154889WA0102101082
B1530031853196S04154889WA0102101082
B1530071853196S04154889WA0102101082
B1530111853196S04154889WA0102101082
B1530151853196S04154889WA0102101083
B1530191853195S04154889WA0102101083
B1530231853195S04154889WA0102101084
B1530271853195S04154889WA0102101084
B1530311853195S04154889WA0102101084
B1530351853195S04154889WA0102101085
B1530391853195S04154889WA0102101085
B1530431853195S04154889WA0102101085
B1530471853195S04154889WA0102101085
B1530511853196S04154890WA0102101085
B1530551853196S04154890WA0102101084
B1530591853195S04154890WA0102101085
B1531031853196S04154890WA0102101084
B1531071853196S04154890WA0102101085
B1531111853196S04154890WA0102101085
B1531151853196S04154890WA0102101085
B1531191853196S04154890WA0102101084
B1531231853196S04154890WA0102101084
B1531271853196S04154890WA0102101085
B1531311853196S04154889WA0102101085
B1531351853195S04154890WA0102101086
B1531391853195S04154889WA0102101086
B1531431853195S04154890WA0102101086
B1531471853196S04154890WA0102101086
B1531511853195S04154890WA0102101086
B1531551853195S04154890WA0102101086
B1531591853195S04154890WA0102101086
B1532031853195S04154890WA0102101086
B1532071853196S04154890WA0102101086
B1532111853195S04154890WA0102101086
B1532151853195S04154890WA0102101086
B1532191853196S04154890WA0102101086
B1532231853196S04154890WA0102101086
B1532271853196S04154890WA0102101085
B1532311853196S04154890WA0102101085
B1532351853196S04154889WA0102101085
B1532391853195S04154889WA0102101085
B1532431853195S04154889WA0102101086
B1532471853195S04154889WA0102101086
B1532511853194S04154889WA0102101086
B1532551853195S04154889WA0102101086
B1532591853195S04154889WA0102101087
B1533031853195S04154889WA0102101087
B1533071853195S04154889WA0102101087
B1533111853195S04154889WA0102101087
B1533151853195S04154889WA0102101087
B1533191853195S04154889WA0102101087
B1533231853195S04154889WA0102101087
B1533271853195S04154890WA0102101088
B1533311853196S04154889WA0102101088
B1533351853196S04154889WA0102101086
B1533391853196S04154889WA0102201086
B1533431853196S04154889WA0102101085
B1533471853196S04154889WA0102101085
B1533511853196S04154889WA0102101085
B1533551853196S04154889WA0102101085
B1533591853196S04154889WA0102201084
B1534031853196S04154889WA0102201084
B1534071853196S04154889WA0102101084
B1534111853195S04154889WA0102101084
B1534151853194S04154889WA0102101084
B1534191853192S04154889WA0102101084
B1534231853191S04154888WA0102101082
B1534271853191S04154889WA0102001080
B1534311853191S04154889WA0102001080
B1534351853191S04154888WA0102001081
B1534391853191S04154888WA0102001081
B1534431853190S04154888WA0102001080
B1534471853189S04154888WA0102001080
B1534511853189S04154888WA0102001079
B1534551853189S04154888WA0102001079
B1534591853189S04154889WA0102001080
B1535031853189S04154888WA0102001081
B1535071853188S04154888WA0102001083
B1535111853188S04154887WA0102001083
B1535151853188S04154888WA0102001082
B1535191853187S04154887WA0102001081
B1535231853188S04154887WA0102001080
B1535271853187S04154887WA0102001080
B1535311853187S04154887WA0102001080
B1535351853187S04154888WA0102001079
B1535391853187S04154888WA0102001079
B1535431853187S04154888WA0102001078
B1535471853188S04154888WA0102001078
B1535511853188S04154888WA0102001078
B1535551853188S04154888WA0102001077
B1535591853189S04154888WA0102001078
B1536031853189S04154888WA0102001078
B1536071853188S04154888WA0102001078
B1536111853188S04154888WA0102001077
B1536151853189S04154888WA0102001076
B1536191853190S04154887WA0102001074
B1536231853190S04154888WA0102001073
B1536271853189S04154888WA0102001072
B1536311853189S04154888WA0102001071
B1536351853189S04154888WA0102001070
B1536391853190S04154889WA0102001070
B1536431853190S04154889WA0102001072
B1536471853191S04154890WA0102001071
B1536511853191S04154890WA0102001071
B1536551853191S04154890WA0102001071
B1536591853191S04154890WA0102001070
B1537031853188S04154890WA0102001068
B1537071853179S04154888WA0101401065
B1537111853155S04154891WA0100501051
B1537151853136S04154890WA0100301047
B1537191853112S04154883WA0099401039
B1537231853089S04154878WA0099001036
B1537271853064S04154873WA0098401028
B1537311853040S04154867WA0097901023
B1537351853014S04154863WA0097301018
B1537391852989S04154859WA0096801013
B1537431852964S04154854WA0096401008
B1537471852943S04154847WA0095901003
B1537511852918S04154833WA0095101001
B1537551852898S04154819WA0094801000
B1537591852877S04154804WA0094300996
B1538031852855S04154793WA0093800990
B1538071852833S04154781WA0093400988
B1538111852814S04154769WA0092800981
B1538151852790S04154757WA0092500979
B1538191852767S04154746WA0091900972
B1538231852744S04154737WA0091400965
B1538271852719S04154729WA0090900959
B1538311852697S04154726WA0090500955
B1538351852671S04154721WA0089800949
B1538391852648S04154714WA0089300943
B1538431852623S04154708WA0088700936
B1538471852600S04154702WA0088200928
B1538511852576S04154696WA0087500923
B1538551852553S04154688WA0087100917
B1538591852530S04154681WA0086500911
B1539031852507S04154675WA0086000906
B1539071852482S04154671WA0085400898
B1539111852457S04154667WA0084800892
B1539151852430S04154660WA0084200887
B1539191852406S04154653WA0083800883
B1539231852380S04154650WA0083300878
B1539271852354S04154649WA0082800872
B1539311852329S04154646WA0082300868
B1539351852302S04154640WA0081700861
B1539391852276S04154633WA0081400859
B1539431852248S04154624WA0080900853
B1539471852223S04154615WA0080500851
B1539511852195S04154606WA0080000845
B1539551852170S04154600WA0079700844
B1539591852143S04154605WA0079300838
B1540031852118S04154614WA0079300839
B1540071852089S04154620WA0079400838
B1540111852064S04154634WA0079600840
B1540151852045S04154652WA0080200846
B1540191852031S04154659WA0081100848
B1540231852018S04154643WA0080700842
B1540271852027S04154622WA0080800843
B1540311852044S04154618WA0081200847
B1540351852062S04154628WA0081100844
B1540391852081S04154637WA0081200847
B1540431852101S04154638WA0081200847
B1540471852118S04154638WA0081100846
B1540511852135S04154650WA0080800843
B1540551852139S04154669WA0081200850
B1540591852125S04154669WA0081800855
B1541031852130S04154641WA0081900860
B1541071852153S04154643WA0082500869
B1541111852168S04154653WA0083400878
B1541151852153S04154660WA0084000882
B1541191852155S04154632WA0084400883
B1541231852179S04154622WA0084800889
B1541271852188S04154629WA0085100888
B1541311852186S04154652WA0084400888
B1541351852183S04154670WA0084900893
B1541391852167S04154677WA0085100894
B1541431852143S04154669WA0085600904
B1541471852135S04154651WA0086900918
B1541511852157S04154645WA0087300920
B1541551852157S04154667WA0087800928
B1541591852146S04154676WA0089100942
B1542031852135S04154662WA0090000949
B1542071852158S04154649WA0090600954
B1542111852170S04154665WA0091500966
B1542151852168S04154681WA0092500976
B1542191852152S04154687WA0093500990
B1542231852144S04154672WA0094801003
B1542271852168S04154659WA0095401007
B1542311852182S04154679WA0096301019
B1542351852176S04154692WA0097701033
B1542391852165S04154673WA0098401038
B1542431852190S04154658WA0099401048
B1542471852199S04154675WA0100401057
B1542511852185S04154665WA0100901060
B1542551852194S04154636WA0101801071
B1542591852213S04154627WA0102801076
B1543031852220S04154648WA0103201081
B1543071852211S04154655WA0104101091
B1543111852201S04154632WA0104601096
B1543151852216S04154611WA0105501105
B1543191852239S04154616WA0106001105
B1543231852253S04154632WA0106101106
B1543271852252S04154652WA0106401112
B1543311852246S04154667WA0107501126
B1543351852230S04154660WA0108601138
B1543391852247S04154638WA0109501147
B1543431852267S04154651WA0110201154
B1543471852261S04154666WA0111301169
B1543511852248S04154672WA0112701185
B1543551852239S04154656WA0114101200
B1543591852261S04154637WA0115201210
B1544031852283S04154651WA0116201222
B1544071852284S04154673WA0117401235
B1544111852271S04154677WA0118601248
B1544151852266S04154654WA0119901265
B1544191852292S04154640WA0121001277
B1544231852306S04154656WA0122101288
B1544271852289S04154662WA0122701296
B1544311852273S04154657WA0124001313
B1544351852269S04154637WA0125101322
B1544391852296S04154629WA0125701329
B1544431852305S04154653WA0126401337
B1544471852299S04154668WA0127601350
B1544511852287S04154665WA0128601361
B1544551852294S04154640WA0129601371
B1544591852322S04154644WA0130201376
B1545031852332S04154670WA0130701383
B1545071852328S04154684WA0131901398
B1545111852316S04154682WA0132801406
B1545151852303S04154659WA0133201411
B1545191852301S04154639WA0134701426
B1545231852298S04154613WA0135201429
B1545271852294S04154588WA0136101440
B1545311852293S04154564WA0136901448
B1545351852284S04154542WA0137601456
B1545391852278S04154519WA0137901456
B1545431852278S04154492WA0137101449
B1545471852277S04154473WA0136601445
B1545511852267S04154447WA0135001420
B1545551852255S04154421WA0133801415
B1545591852245S04154394WA0132901403
B1546031852233S04154366WA0131901394
B1546071852223S04154338WA0131001383
B1546111852214S04154310WA0130101374
B1546151852206S04154280WA0129101364
B1546191852196S04154252WA0128501358
B1546231852182S04154227WA0127801348
B1546271852164S04154202WA0127201345
B1546311852147S04154181WA0126801338
B1546351852129S04154160WA0126201332
B1546391852116S04154136WA0125601325
B1546431852107S04154110WA0125401325
B1546471852096S04154086WA0125101322
B1546511852089S04154058WA0125001324
B1546551852079S04154032WA0125601329
B1546591852071S04154005WA0126001333
B1547031852066S04153980WA0126401337
B1547071852060S04153955WA0126701340
B1547111852055S04153938WA0127601351
B1547151852045S04153924WA0128101353
B1547191852052S04153910WA0128201355
B1547231852076S04153904WA0127901354
B1547271852103S04153904WA0128001356
B1547311852129S04153905WA0128501363
B1547351852146S04153921WA0129501372
B1547391852129S04153932WA0130101377
B1547431852131S04153916WA0131001387
B1547471852155S04153908WA0131501395
B1547511852181S04153911WA0132401403
B1547551852183S04153938WA0133201410
B1547591852168S04153932WA0133901419
B1548031852178S04153916WA0134901431
B1548071852204S04153929WA0135301434
B1548111852224S04153952WA0136201446
B1548151852224S04153976WA0137201452
B1548191852212S04153966WA0137701459
B1548231852234S04153956WA0138301466
B1548271852262S04153968WA0139101478
B1548311852277S04153990WA0139801483
B1548351852258S04153998WA0139701482
B1548391852263S04153975WA0139901486
B1548431852283S04153959WA0140701492
B1548471852308S04153957WA0141201495
B1548511852316S04153980WA0141201493
B1548551852300S04153992WA0141201496
B1548591852284S04153987WA0141201496
B1549031852275S04153970WA0141901505
B1549071852279S04153950WA0142501510
B1549111852295S04153930WA0142901515
B1549151852316S04153923WA0143701522
B1549191852339S04153928WA0144101526
B1549231852362S04153918WA0144001524
B1549271852381S04153905WA0144301528
B1549311852402S04153889WA0144001519
B1549351852429S04153868WA0143501515
B1549391852454S04153848WA0143201511
B1549431852480S04153827WA0142701508
B1549471852504S04153810WA0142301501
B1549511852531S04153791WA0141601495
B1549551852556S04153774WA0141001492
B1549591852582S04153755WA0140501486
B1550031852608S04153736WA0140101484
B1550071852634S04153720WA0139801479
B1550111852658S04153702WA0139301476
B1550151852683S04153682WA0139001472
B1550191852709S04153662WA0138401465
B1550231852736S04153644WA0137801459
B1550271852761S04153627WA0137201454
B1550311852786S04153608WA0136801447
B1550351852811S04153590WA0136201442
B1550391852834S04153571WA0135601435
B1550431852857S04153550WA0134901426
B1550471852881S04153529WA0134201420
B1550511852904S04153508WA0133601413
B1550551852928S04153487WA0133001406
B1550591852953S04153466WA0132401399
B1551031852978S04153446WA0131701393
B1551071853003S04153427WA0131201388
B1551111853028S04153409WA0130601380
B1551151853052S04153389WA0130001372
B1551191853076S04153369WA0129301364
B1551231853101S04153349WA0128701357
B1551271853126S04153330WA0128101351
B1551311853152S04153312WA0127501345
B1551351853177S04153295WA0126801339
B1551391853203S04153277WA0126101331
B1551431853229S04153259WA0125501325
B1551471853253S04153240WA0125001320
B1551511853276S04153219WA0124501315
B1551551853300S04153201WA0124001309
B1551591853325S04153185WA0123501304
B1552031853351S04153167WA0123001299
B1552071853376S04153151WA0122501293
B1552111853402S04153134WA0122001287
B1552151853425S04153113WA0121601281
B1552191853447S04153092WA0121001275
B1552231853472S04153076WA0120401269
B1552271853495S04153056WA0119801264
B1552311853516S04153030WA0118901250
B1552351853539S04153000WA0117901242
B1552391853562S04152970WA0117101234
B1552431853586S04152942WA0116201225
B1552471853611S04152918WA0115301212
B1552511853636S04152891WA0114101199
B1552551853662S04152864WA0113101189
B1552591853688S04152837WA0112201180
B1553031853714S04152810WA0111301170
B1553071853739S04152783WA0110501163
B1553111853765S04152755WA0109601153
B1553151853791S04152726WA0108601143
B1553191853816S04152696WA0107601134
B1553231853830S04152665WA0107601136
B1553271853838S04152640WA0108101144
B1553311853846S04152617WA0108901151
B1553351853856S04152600WA0109901161
B1553391853872S04152613WA0110801168
B1553431853855S04152632WA0111501177
B1553471853836S04152626WA0112701190
B1553511853842S04152607WA0113501198
B1553551853860S04152618WA0114301206
B1553591853849S04152640WA0115001214
B1554031853824S04152640WA0115501220
B1554071853802S04152634WA0116301230
B1554111853784S04152612WA0117101238
B1554151853775S04152591WA0118501254
B1554191853793S04152580WA0119301264
B1554231853816S04152589WA0120301277
B1554271853827S04152608WA0121501287
B1554311853819S04152633WA0122401296
B1554351853796S04152638WA0123401304
B1554391853785S04152619WA0124101312
B1554431853800S04152605WA0124801320
B1554471853817S04152619WA0125601326
B1554511853817S04152645WA0126601335
B1554551853793S04152658WA0127301342
B1554591853772S04152647WA0127801345
B1555031853776S04152626WA0128101349
B1555071853791S04152614WA0128701357
B1555111853810S04152618WA0129501365
B1555151853825S04152642WA0130501376
B1555191853815S04152667WA0131501387
B1555231853789S04152672WA0132001392
B1555271853773S04152658WA0132301396
B1555311853781S04152643WA0132601399
B1555351853802S04152638WA0133101411
B1555391853823S04152641WA0134101419
B1555431853842S04152651WA0135001429
B1555471853847S04152677WA0135701436
B1555511853825S04152689WA0136101439
B1555551853802S04152681WA0136201442
B1555591853798S04152664WA0136801447
B1556031853814S04152654WA0137001449
B1556071853835S04152658WA0137501455
B1556111853847S04152678WA0137901458
B1556151853836S04152701WA0138101458
B1556191853809S04152708WA0138001457
B1556231853784S04152709WA0138001457
B1556271853765S04152704WA0137801454
B1556311853754S04152685WA0137601453
B1556351853751S04152668WA0137501451
B1556391853759S04152649WA0137201448
B1556431853777S04152636WA0137401451
B1556471853789S04152624WA0138001458
B1556511853809S04152617WA0138501464
B1556551853828S04152608WA0139201471
B1556591853849S04152620WA0139401470
B1557031853848S04152653WA0139301472
B1557071853828S04152669WA0139801477
B1557111853800S04152667WA0140001480
B1557151853785S04152656WA0140601487
B1557191853793S04152640WA0140901491
B1557231853811S04152649WA0141301496
B1557271853815S04152679WA0141701499
B1557311853818S04152703WA0142601507
B1557351853819S04152733WA0142501505
B1557391853817S04152754WA0142601505
B1557431853792S04152751WA0141301486
B1557471853785S04152733WA0141301491
B1557511853778S04152713WA0140901483
B1557551853787S04152695WA0140601482
B1557591853806S04152686WA0140401481
B1558031853825S04152680WA0140601485
B1558071853843S04152675WA0140901488
B1558111853861S04152671WA0141001487
B1558151853875S04152692WA0140601482
B1558191853862S04152714WA0140501481
B1558231853838S04152719WA0140101473
B1558271853813S04152730WA0139201463
B1558311853792S04152745WA0138301453
B1558351853779S04152727WA0137301443
B1558391853794S04152713WA0136801438
B1558431853800S04152693WA0136501434
B1558471853813S04152672WA0136001430
B1558511853829S04152659WA0136101436
B1558551853848S04152651WA0136301436
B1558591853870S04152655WA0136001432
B1559031853894S04152659WA0135801430
B1559071853919S04152659WA0135501427
B1559111853943S04152660WA0135401427
B1559151853967S04152658WA0135201427
B1559191853994S04152657WA0134901423
B1559231854019S04152656WA0134501419
B1559271854046S04152661WA0133801411
B1559311854070S04152671WA0133501408
B1559351854093S04152681WA0133201404
B1559391854119S04152687WA0132701399
B1559431854145S04152693WA0132101391
B1559471854171S04152700WA0131001379
B1559511854199S04152703WA0130001368
B1559551854226S04152702WA0129001359
B1559591854254S04152701WA0128001349
B1600031854284S04152702WA0127001338
B1600071854314S04152702WA0126401333
B1600111854344S04152700WA0126301335
B1600151854362S04152705WA0127001343
B1600191854377S04152708WA0127601346
B1600231854393S04152718WA0128001351
B1600271854406S04152734WA0128601358
B1600311854404S04152758WA0129301365
B1600351854376S04152769WA0129501369
B1600391854354S04152759WA0130101373
B1600431854350S04152737WA0130301373
B1600471854362S04152727WA0130701378
B1600511854379S04152736WA0130901378
B1600551854387S04152760WA0131101378
B1600591854395S04152786WA0131201381
B1601031854400S04152811WA0131601386
B1601071854394S04152836WA0131801386
B1601111854369S04152844WA0131701386
B1601151854351S04152831WA0131801388
B1601191854346S04152808WA0131601385
B1601231854348S04152787WA0131601386
B1601271854364S04152778WA0131701387
B1601311854383S04152783WA0131701387
B1601351854393S04152807WA0131701387
B1601391854385S04152832WA0132001390
B1601431854364S04152848WA0132001392
B1601471854341S04152846WA0131801391
B1601511854324S04152827WA0131301387
B1601551854309S04152807WA0131001384
B1601591854310S04152788WA0130901385
B1602031854325S04152781WA0130701383
B1602071854341S04152798WA0130301376
B1602111854356S04152816WA0129901371
B1602151854364S04152840WA0129601367
B1602191854369S04152868WA0129401362
B1602231854376S04152893WA0129301361
B1602271854368S04152919WA0128801353
B1602311854348S04152932WA0128101348
B1602351854329S04152927WA0127401342
B1602391854308S04152916WA0126601333
B1602431854290S04152900WA0126001328
B1602471854272S04152884WA0125201317
B1602511854252S04152867WA0124401310
B1602551854232S04152855WA0124101308
B1602591854207S04152847WA0123601300
B1603031854185S04152831WA0122601289
B1603071854159S04152813WA0121401275
B1603111854135S04152798WA0120801269
B1603151854110S04152784WA0119901257
B1603191854083S04152769WA0119101248
B1603231854059S04152760WA0118201239
B1603271854033S04152750WA0117001226
B1603311854004S04152743WA0116001217
B1603351853976S04152738WA0115601216
B1603391853949S04152737WA0115501216
B1603431853919S04152732WA0115001210
B1603471853888S04152729WA0114501206
B1603511853859S04152729WA0114201201
B1603551853827S04152727WA0113901199
B1603591853796S04152722WA0114101201
B1604031853767S04152716WA0114401204
B1604071853740S04152704WA0114401206
B1604111853714S04152690WA0114801210
B1604151853692S04152682WA0116001229
B1604191853689S04152676WA0117501237
B1604231853698S04152662WA0118201247
B1604271853719S04152675WA0118701252
B1604311853711S04152701WA0119601262
B1604351853692S04152707WA0120601271
B1604391853693S04152697WA0121501281
B1604431853715S04152694WA0122001288
B1604471853733S04152711WA0122801297
B1604511853727S04152738WA0123001297
B1604551853709S04152757WA0123301304
B1604591853684S04152757WA0123301303
B1605031853667S04152743WA0123601307
B1605071853664S04152727WA0124301314
B1605111853667S04152709WA0124701318
B1605151853670S04152691WA0125301328
B1605191853679S04152673WA0125801333
B1605231853692S04152656WA0126501341
B1605271853712S04152649WA0127401353
B1605311853728S04152666WA0127801356
B1605351853729S04152691WA0128201361
B1605391853713S04152711WA0128201358
B1605431853691S04152719WA0128601365
B1605471853680S04152706WA0129001368
B1605511853678S04152685WA0129201369
B1605551853677S04152666WA0129401371
B1605591853676S04152646WA0129801376
B1606031853670S04152624WA0130501385
B1606071853665S04152601WA0131101391
B1606111853669S04152578WA0131501393
B1606151853673S04152554WA0131601396
B1606191853686S04152540WA0132301403
B1606231853705S04152549WA0132601406
B1606271853711S04152568WA0133501417
B1606311853696S04152588WA0134001424
B1606351853676S04152593WA0134401429
B1606391853660S04152580WA0134401428
B1606431853646S04152565WA0134201426
B1606471853621S04152568WA0134101423
B1606511853602S04152579WA0134501429
B1606551853580S04152584WA0134701429
B1606591853561S04152570WA0134901430
B1607031853550S04152547WA0135001432
B1607071853558S04152527WA0135201434
B1607111853579S04152532WA0135001432
B1607151853593S04152550WA0135101432
B1607191853598S04152575WA0134701429
B1607231853601S04152602WA0134901432
B1607271853607S04152628WA0135301436
B1607311853611S04152650WA0136001442
B1607351853594S04152656WA0136401443
B1607391853602S04152637WA0136801449
B1607431853621S04152655WA0137201457
B1607471853605S04152670WA0137801463
B1607511853598S04152652WA0138301469
B1607551853624S04152657WA0138601472
B1607591853627S04152682WA0139101479
B1608031853608S04152695WA0139501483
B1608071853591S04152683WA0139901488
B1608111853599S04152666WA0140501492
B1608151853623S04152675WA0140801495
B1608191853627S04152698WA0141501500
B1608231853608S04152712WA0141401497
B1608271853592S04152699WA0141801504
B1608311853595S04152680WA0142501509
B1608351853616S04152674WA0142701509
B1608391853634S04152691WA0142901511
B1608431853626S04152715WA0142901511
B1608471853607S04152730WA0143101514
B1608511853588S04152722WA0143201516
B1608551853580S04152701WA0143501519
B1608591853585S04152680WA0144001526
B1609031853602S04152673WA0144701533
B1609071853613S04152695WA0144601531
B1609111853604S04152719WA0144801533
B1609151853584S04152735WA0144901534
B1609191853563S04152724WA0144501529
B1609231853550S04152707WA0144501527
B1609271853548S04152682WA0144201524
B1609311853564S04152667WA0144401528
B1609351853582S04152671WA0144501527
B1609391853592S04152692WA0144301525
B1609431853595S04152718WA0144101522
B1609471853579S04152740WA0143901519
B1609511853557S04152736WA0143901521
B1609551853547S04152717WA0143901522
B1609591853554S04152697WA0144101523
B1610031853572S04152692WA0144201522
B1610071853584S04152712WA0143901519
B1610111853578S04152736WA0144101522
B1610151853553S04152741WA0143901520
B1610191853536S04152727WA0144001521
B1610231853532S04152707WA0143901520
B1610271853537S04152693WA0143801519
B1610311853551S04152675WA0143501514
B1610351853569S04152665WA0143301513
B1610391853592S04152661WA0143301513
B1610431853616S04152660WA0143001509
B1610471853641S04152667WA0143001508
B1610511853663S04152671WA0143401511
B1610551853675S04152696WA0143601512
B1610591853665S04152718WA0143601512
B1611031853639S04152726WA0143001510
B1611071853617S04152721WA0143101511
B1611111853601S04152707WA0143101509
B1611151853600S04152689WA0142801507
B1611191853614S04152671WA0142501503
B1611231853631S04152653WA0142501504
B1611271853651S04152648WA0142701505
B1611311853670S04152665WA0142301498
B1611351853675S04152691WA0142201496
B1611391853670S04152718WA0142201496
B1611431853654S04152735WA0142101494
B1611471853628S04152745WA0141801491
B1611511853608S04152743WA0141601488
B1611551853584S04152734WA0141001484
B1611591853569S04152719WA0140901484
B1612031853558S04152699WA0140801484
B1612071853557S04152686WA0141301490
B1612111853562S04152668WA0141601492
B1612151853573S04152651WA0141801491
B1612191853589S04152636WA0141601487
B1612231853607S04152624WA0141301485
B1612271853632S04152627WA0140901479
B1612311853649S04152647WA0140701476
B1612351853656S04152673WA0140601475
B1612391853643S04152695WA0140501475
B1612431853624S04152705WA0141001484
B1612471853600S04152704WA0141301487
B1612511853580S04152689WA0141701492
B1612551853579S04152670WA0142201499
B1612591853601S04152662WA0142101501
B1613031853624S04152670WA0142401504
B1613071853627S04152692WA0142501506
B1613111853604S04152706WA0142501507
B1613151853583S04152697WA0143101513
B1613191853575S04152676WA0143601518
B1613231853591S04152660WA0143401514
B1613271853615S04152669WA0142701507
B1613311853624S04152695WA0142301503
B1613351853620S04152722WA0142301502
B1613391853604S04152743WA0142401504
B1613431853578S04152748WA0142501506
B1613471853554S04152746WA0142701507
B1613511853531S04152741WA0142701507
B1613551853527S04152720WA0142501504
B1613591853546S04152711WA0142201502
B1614031853564S04152720WA0142001497
B1614071853572S04152744WA0141801495
B1614111853561S04152768WA0141901494
B1614151853540S04152774WA0141701491
B1614191853525S04152754WA0141301484
B1614231853529S04152732WA0141201483
B1614271853544S04152716WA0141001479
B1614311853554S04152695WA0140301472
B1614351853551S04152672WA0139701465
B1614391853546S04152652WA0139601466
B1614431853538S04152632WA0139601466
B1614471853528S04152611WA0139501466
B1614511853522S04152584WA0139401465
B1614551853518S04152558WA0139201462
B1614591853511S04152531WA0139001463
B1615031853500S04152503WA0138601457
B1615071853492S04152473WA0138201454
B1615111853489S04152443WA0138201456
B1615151853488S04152411WA0138601462
B1615191853484S04152384WA0139201470
B1615231853486S04152360WA0139501473
B1615271853494S04152334WA0139401473
B1615311853504S04152312WA0139501475
B1615351853519S04152292WA0139601476
B1615391853539S04152281WA0139601478
B1615431853562S04152277WA0139801480
B1615471853584S04152281WA0140101483
B1615511853602S04152289WA0140901491
B1615551853614S04152306WA0141701498
B1615591853614S04152324WA0142801511
B1616031853607S04152342WA0143801521
B1616071853598S04152358WA0144601525
B1616111853576S04152364WA0144901525
B1616151853556S04152354WA0145301530
B1616191853540S04152335WA0145501531
B1616231853534S04152310WA0145601532
B1616271853546S04152294WA0145501532
B1616311853563S04152279WA0145701535
B1616351853584S04152269WA0146101540
B1616391853604S04152264WA0146401542
B1616431853618S04152276WA0146501543
B1616471853628S04152294WA0146601542
B1616511853623S04152318WA0146501543
B1616551853611S04152341WA0147001550
B1616591853593S04152360WA0147501558
B1617031853569S04152358WA0148201564
B1617071853566S04152332WA0148601572
B1617111853585S04152316WA0149101578
B1617151853602S04152308WA0149801587
B1617191853623S04152313WA0150101586
B1617231853642S04152316WA0150801597
B1617271853664S04152319WA0151001599
B1617311853667S04152342WA0151101602
B1617351853658S04152363WA0151301604
B1617391853653S04152385WA0151601606
B1617431853653S04152406WA0151701607
B1617471853659S04152428WA0151901609
B1617511853665S04152450WA0152301611
B1617551853674S04152473WA0152701615
B1617591853678S04152499WA0152401608
B1618031853683S04152521WA0152201608
B1618071853681S04152544WA0151601599
B1618111853669S04152566WA0151301597
B1618151853656S04152581WA0150801590
B1618191853635S04152586WA0149801579
B1618231853611S04152584WA0148801568
B1618271853585S04152583WA0148401564
B1618311853566S04152574WA0148301559
B1618351853548S04152557WA0148101559
B1618391853533S04152543WA0148301560
B1618431853513S04152536WA0148501561
B1618471853495S04152525WA0149001564
B1618511853484S04152506WA0149101565
B1618551853480S04152481WA0149001565
B1618591853485S04152461WA0149501574
B1619031853496S04152447WA0150101581
B1619071853512S04152451WA0150601587
B1619111853512S04152475WA0150901592
B1619151853503S04152495WA0151501601
B1619191853484S04152504WA0151601599
B1619231853460S04152503WA0151901601
B1619271853437S04152494WA0151701594
B1619311853424S04152472WA0151401591
B1619351853433S04152449WA0151401591
B1619391853450S04152439WA0151401591
B1619431853464S04152457WA0151301590
B1619471853466S04152483WA0151601593
B1619511853458S04152506WA0151901594
B1619551853433S04152506WA0152101597
B1619591853423S04152486WA0152201596
B1620031853438S04152471WA0151601591
B1620071853457S04152482WA0151501594
B1620111853460S04152505WA0151501595
B1620151853446S04152524WA0152001604
B1620191853425S04152515WA0152401604
B1620231853416S04152491WA0152701609
B1620271853427S04152473WA0153001612
B1620311853446S04152477WA0152901613
B1620351853450S04152496WA0153101616
B1620391853442S04152521WA0153501621
B1620431853420S04152532WA0153801625
B1620471853398S04152519WA0154101627
B1620511853392S04152494WA0154401630
B1620551853408S04152489WA0154601629
B1620591853395S04152511WA0154401628
B1621031853370S04152502WA0154701630
B1621071853365S04152479WA0154901629
B1621111853379S04152461WA0154501623
B1621151853394S04152474WA0154001618
B1621191853397S04152492WA0154401629
B1621231853377S04152508WA0154701632
B1621271853347S04152509WA0155201640
B1621311853325S04152507WA0155501640
B1621351853310S04152484WA0155101634
B1621391853321S04152466WA0154601629
B1621431853338S04152461WA0154201623
B1621471853356S04152471WA0153501616
B1621511853370S04152480WA0153301615
B1621551853379S04152497WA0153501617
B1621591853386S04152514WA0153901620
B1622031853389S04152534WA0154401628
B1622071853391S04152554WA0155001635
B1622111853385S04152573WA0155501642
B1622151853360S04152577WA0155701647
B1622191853340S04152562WA0156201652
B1622231853325S04152539WA0156801659
B1622271853304S04152529WA0157101659
B1622311853287S04152510WA0156801652
B1622351853279S04152485WA0156401648
B1622391853286S04152466WA0155901640
B1622431853313S04152469WA0154701635
B1622471853326S04152482WA0154601632
B1622511853344S04152500WA0154001627
B1622551853359S04152517WA0154301631
B1622591853367S04152541WA0154801634
B1623031853368S04152568WA0155001636
B1623071853366S04152588WA0155401641
B1623111853345S04152603WA0154901632
B1623151853325S04152598WA0154601633
B1623191853309S04152585WA0154001622
B1623231853302S04152564WA0153701620
B1623271853302S04152545WA0153401617
B1623311853310S04152524WA0152801613
B1623351853324S04152508WA0152701613
B1623391853343S04152498WA0152401609
B1623431853361S04152483WA0152401611
B1623471853376S04152473WA0153401620
B1623511853396S04152466WA0154101627
B1623551853411S04152473WA0154701630
B1623591853413S04152497WA0154801630
B1624031853399S04152515WA0155101632
B1624071853382S04152534WA0155201633
B1624111853363S04152549WA0155501637
B1624151853339S04152556WA0155501634
B1624191853313S04152552WA0155301631
B1624231853294S04152536WA0155301632
B1624271853282S04152518WA0155101627
B1624311853293S04152496WA0154001620
B1624351853307S04152484WA0153801619
B1624391853328S04152473WA0153401619
B1624431853345S04152465WA0153801625
B1624471853364S04152463WA0154001626
B1624511853386S04152471WA0154001625
B1624551853395S04152487WA0154201627
B1624591853387S04152509WA0154001625
B1625031853371S04152526WA0154001625
B1625071853350S04152534WA0153701619
B1625111853324S04152525WA0152801609
B1625151853303S04152509WA0152601609
B1625191853307S04152487WA0152601608
B1625231853322S04152475WA0152501608
B1625271853342S04152463WA0152201605
B1625311853363S04152460WA0152101606
B1625351853384S04152454WA0151601600
B1625391853407S04152447WA0151201599
B1625431853428S04152436WA0151101596
B1625471853445S04152415WA0150801594
B1625511853459S04152392WA0150801595
B1625551853473S04152373WA0150801594
B1625591853492S04152377WA0150601589
B1626031853494S04152403WA0150301586
B1626071853476S04152413WA0150201584
B1626111853461S04152398WA0149901580
B1626151853463S04152377WA0149801576
B1626191853485S04152370WA0149201568
B1626231853503S04152382WA0148901567
B1626271853520S04152399WA0148601564
B1626311853530S04152422WA0148201559
B1626351853532S04152448WA0147601554
B1626391853521S04152472WA0147101551
B1626431853509S04152492WA0146901547
B1626471853492S04152508WA0146501543
B1626511853467S04152512WA0146001538
B1626551853446S04152507WA0146001536
B1626591853427S04152489WA0145601533
B1627031853417S04152466WA0145501530
B1627071853408S04152441WA0145101524
B1627111853398S04152420WA0145001522
B1627151853384S04152400WA0144301513
B1627191853373S04152380WA0144001512
B1627231853361S04152354WA0143201503
B1627271853342S04152328WA0142401497
B1627311853318S04152303WA0142001496
B1627351853294S04152283WA0142301499
B1627391853275S04152258WA0142501502
B1627431853268S04152235WA0143201510
B1627471853272S04152213WA0143601515
B1627511853287S04152201WA0143901514
B1627551853304S04152211WA0143901516
B1627591853308S04152232WA0144201518
B1628031853294S04152249WA0144501521
B1628071853270S04152253WA0144601520
B1628111853244S04152242WA0144601520
B1628151853225S04152222WA0144701521
B1628191853222S04152197WA0144901523
B1628231853240S04152197WA0144901524
B1628271853243S04152220WA0145101526
B1628311853230S04152239WA0145601530
B1628351853203S04152246WA0145501528
B1628391853180S04152232WA0145501529
B1628431853183S04152210WA0145501530
B1628471853200S04152211WA0145601530
B1628511853208S04152230WA0145501530
B1628551853214S04152253WA0145701532
B1628591853219S04152277WA0146201537
B1629031853205S04152300WA0146501539
B1629071853181S04152303WA0146801543
B1629111853177S04152284WA0147101547
B1629151853194S04152285WA0147701551
B1629191853203S04152308WA0147701552
B1629231853209S04152334WA0147801554
B1629271853218S04152359WA0147701555
B1629311853227S04152383WA0147101546
B1629351853238S04152414WA0146001532
B1629391853249S04152441WA0145201525
B1629431853257S04152470WA0144201513
B1629471853261S04152501WA0143301504
B1629511853259S04152533WA0142501495
B1629551853253S04152566WA0141801490
B1629591853251S04152599WA0141201484
B1630031853260S04152626WA0141101483
B1630071853272S04152652WA0140701480
B1630111853289S04152670WA0140601481
B1630151853313S04152661WA0140101471
B1630191853336S04152648WA0139901469
B1630231853358S04152633WA0139701467
B1630271853377S04152613WA0139501466
B1630311853395S04152595WA0139801469
B1630351853414S04152575WA0140001470
B1630391853433S04152553WA0140101472
B1630431853449S04152532WA0140601475
B1630471853468S04152512WA0140801476
B1630511853489S04152489WA0140501472
B1630551853509S04152462WA0140301473
B1630591853528S04152448WA0140801474
B1631031853547S04152424WA0140001462
B1631071853570S04152398WA0139001454
B1631111853593S04152369WA0137901443
B1631151853619S04152338WA0136701429
B1631191853644S04152306WA0135501419
B1631231853668S04152276WA0134501408
B1631271853693S04152247WA0133701398
B1631311853718S04152218WA0133101394
B1631351853745S04152191WA0132301385
B1631391853770S04152163WA0131701380
B1631431853794S04152137WA0131101372
B1631471853817S04152107WA0130401365
B1631511853840S04152079WA0129801361
B1631551853864S04152051WA0129101356
B1631591853890S04152024WA0128401348
B1632031853915S04151995WA0127601338
B1632071853938S04151966WA0126701329
B1632111853960S04151936WA0125901320
B1632151853983S04151908WA0125301314
B1632191854005S04151879WA0124501306
B1632231854027S04151854WA0123901301
B1632271854051S04151829WA0123001292
B1632311854071S04151800WA0122301283
B1632351854088S04151769WA0121801280
B1632391854104S04151737WA0121501278
B1632431854120S04151707WA0120901271
B1632471854139S04151673WA0119901264
B1632511854156S04151639WA0119401262
B1632551854180S04151609WA0119201259
B1632591854208S04151586WA0119701265
B1633031854237S04151563WA0120001265
B1633071854264S04151546WA0120901277
B1633111854276S04151530WA0122801296
B1633151854290S04151507WA0124301315
B1633191854307S04151510WA0126101330
B1633231854305S04151535WA0127101340
B1633271854286S04151543WA0128901360
B1633311854275S04151523WA0130301377
B1633351854295S04151514WA0131701393
B1633391854300S04151535WA0133201409
B1633431854283S04151541WA0134701421
B1633471854269S04151522WA0136001438
B1633511854281S04151504WA0137501455
B1633551854297S04151517WA0138701468
B1633591854283S04151529WA0140101482
B1634031854263S04151519WA0141301495
B1634071854265S04151493WA0142401507
B1634111854282S04151476WA0143701521
B1634151854302S04151472WA0144901532
B1634191854321S04151463WA0145801538
B1634231854337S04151435WA0146301541
B1634271854355S04151404WA0146901546
B1634311854372S04151377WA0147401551
B1634351854392S04151356WA0147101549
B1634391854416S04151336WA0146501544
B1634431854439S04151310WA0145801537
B1634471854460S04151281WA0144801526
B1634511854484S04151253WA0143901514
B1634551854508S04151221WA0142901503
B1634591854532S04151190WA0142001493
B1635031854552S04151158WA0141001482
B1635071854571S04151127WA0139801469
B1635111854590S04151098WA0138801459
B1635151854608S04151069WA0137701448
B1635191854629S04151039WA0136601438
B1635231854648S04151006WA0135701428
B1635271854666S04150973WA0134901420
B1635311854683S04150938WA0134301418
B1635351854699S04150903WA0133901413
B1635391854714S04150871WA0133401409
B1635431854729S04150841WA0133001403
B1635471854743S04150808WA0132301396
B1635511854757S04150774WA0131801390
B1635551854769S04150739WA0131301384
B1635591854775S04150703WA0131001382
B1636031854782S04150669WA0130501377
B1636071854794S04150635WA0129401366
B1636111854809S04150601WA0128401356
B1636151854823S04150569WA0127501345
B1636191854837S04150534WA0126501335
B1636231854850S04150500WA0125501322
B1636271854863S04150463WA0124601313
B1636311854878S04150429WA0123901305
B1636351854891S04150393WA0123101297
B1636391854906S04150359WA0122301289
B1636431854923S04150327WA0121601282
B1636471854939S04150295WA0121001274
B1636511854950S04150261WA0120201267
B1636551854959S04150225WA0119101256
B1636591854970S04150192WA0118401249
B1637031854984S04150159WA0117501237
B1637071854997S04150130WA0116901233
B1637111855010S04150103WA0116401224
B1637151855022S04150075WA0115601215
B1637191855033S04150042WA0114301199
B1637231855044S04150009WA0113301189
B1637271855053S04149977WA0112401178
B1637311855063S04149946WA0111201166
B1637351855072S04149914WA0110301158
B1637391855080S04149882WA0109601152
B1637431855092S04149850WA0109001146
B1637471855101S04149816WA0108501140
B1637511855115S04149787WA0108301138
B1637551855128S04149757WA0108001133
B1637591855138S04149728WA0107701134
B1638031855146S04149702WA0107701129
B1638071855160S04149674WA0107601130
B1638111855167S04149646WA0107501129
B1638151855175S04149611WA0107101123
B1638191855178S04149580WA0107101121
B1638231855178S04149548WA0106901119
B1638271855194S04149524WA0106801121
B1638311855223S04149520WA0106801121
B1638351855251S04149524WA0106901121
B1638391855276S04149535WA0107101125
B1638431855308S04149550WA0106901120
B1638471855342S04149560WA0107101126
B1638511855374S04149568WA0108001134
B1638551855396S04149591WA0109001151
B1638591855400S04149611WA0110501164
B1639031855380S04149619WA0111201169
B1639071855381S04149599WA0111901179
B1639111855400S04149596WA0113201192
B1639151855414S04149614WA0113901198
B1639191855405S04149632WA0114401199
B1639231855384S04149627WA0114501200
B1639271855376S04149611WA0115501214
B1639311855381S04149593WA0116301223
B1639351855400S04149581WA0117101233
B1639391855423S04149595WA0117901241
B1639431855425S04149618WA0118701248
B1639471855404S04149626WA0118801246
B1639511855391S04149613WA0119301253
B1639551855404S04149596WA0119801259
B1639591855428S04149603WA0120401265
B1640031855442S04149624WA0120801271
B1640071855457S04149647WA0120801267
B1640111855474S04149676WA0120401261
B1640151855488S04149705WA0120001256
B1640191855503S04149733WA0118901243
B1640231855527S04149765WA0117301226
B1640271855552S04149797WA0115901213
B1640311855578S04149832WA0115001202
B1640351855601S04149862WA0114401194
B1640391855619S04149890WA0114301194
B1640431855640S04149914WA0114401201
B1640471855659S04149933WA0115301213
B1640511855681S04149957WA0115901219
B1640551855702S04149983WA0116801232
B1640591855720S04150003WA0118001238
B1641031855746S04150019WA0118501241
B1641071855774S04150021WA0119201250
B1641111855794S04150024WA0120601267
B1641151855811S04150020WA0121801277
B1641191855832S04150013WA0122801289
B1641231855850S04150020WA0124101305
B1641271855871S04150018WA0124801308
B1641311855894S04150010WA0125501319
B1641351855910S04150003WA0127201337
B1641391855927S04150014WA0128501346
B1641431855907S04150028WA0128901352
B1641471855895S04150008WA0129801364
B1641511855907S04149996WA0131301378
B1641551855928S04150011WA0132301387
B1641591855921S04150035WA0133301397
B1642031855900S04150027WA0133901403
B1642071855906S04150010WA0135101418
B1642111855927S04150021WA0135901422
B1642151855917S04150046WA0136501429
B1642191855895S04150043WA0137201441
B1642231855886S04150024WA0138201450
B1642271855897S04150007WA0139201461
B1642311855919S04150014WA0140001469
B1642351855927S04150038WA0140601476
B1642391855934S04150066WA0141101481
B1642431855946S04150095WA0141201481
B1642471855962S04150129WA0140801476
B1642511855978S04150161WA0140201467
B1642551855993S04150194WA0139701462
B1642591856007S04150222WA0139301455
B1643031856024S04150252WA0138601448
B1643071856040S04150282WA0138001441
B1643111856060S04150314WA0137301432
B1643151856079S04150346WA0137001430
B1643191856096S04150378WA0136501424
B1643231856116S04150410WA0135901418
B1643271856133S04150441WA0135301411
B1643311856150S04150475WA0134601404
B1643351856169S04150507WA0134101397
B1643391856188S04150540WA0133401389
B1643431856205S04150574WA0133001385
B1643471856219S04150608WA0132501379
B1643511856236S04150640WA0132101375
B1643551856254S04150671WA0131801371
B1643591856274S04150702WA0131401368
B1644031856289S04150732WA0131201366
B1644071856303S04150765WA0130901361
B1644111856318S04150796WA0130601359
B1644151856333S04150825WA0130401354
B1644191856347S04150856WA0129901350
B1644231856361S04150888WA0129501345
B1644271856374S04150918WA0129101341
B1644311856389S04150949WA0128501334
B1644351856404S04150979WA0128001330
B1644391856418S04151012WA0127301321
B1644431856429S04151045WA0126301312
B1644471856438S04151079WA0125301300
B1644511856450S04151113WA0124301292
B1644551856467S04151145WA0123401283
B1644591856480S04151179WA0122801276
B1645031856487S04151217WA0122501273
B1645071856491S04151253WA0122301270
B1645111856498S04151287WA0121701263
B1645151856501S04151318WA0121201260
B1645191856506S04151351WA0120501251
B1645231856514S04151381WA0119801243
B1645271856528S04151408WA0118901233
B1645311856542S04151435WA0117801222
B1645351856557S04151463WA0116501207
B1645391856572S04151491WA0115001190
B1645431856579S04151528WA0113601176
B1645471856587S04151562WA0113101172
B1645511856605S04151589WA0112501167
B1645551856630S04151604WA0112401169
B1645591856654S04151623WA0112101166
B1646031856670S04151654WA0111601162
B1646071856688S04151684WA0111001154
B1646111856712S04151707WA0110401149
B1646151856733S04151730WA0109701142
B1646191856750S04151755WA0109001134
B1646231856762S04151786WA0108101124
B1646271856773S04151818WA0107201117
B1646311856780S04151850WA0106901112
B1646351856788S04151882WA0106601109
B1646391856797S04151919WA0106301104
B1646431856809S04151952WA0106001101
B1646471856823S04151981WA0105501094
B1646511856835S04152010WA0104601085
B1646551856844S04152037WA0103901078
B1646591856853S04152071WA0103001068
B1647031856863S04152104WA0102001060
B1647071856872S04152139WA0101301051
B1647111856886S04152172WA0100801047
B1647151856901S04152204WA0100301040
B1647191856912S04152235WA0099801036
B1647231856917S04152265WA0099501032
B1647271856921S04152296WA0098801024
B1647311856930S04152327WA0098201018
B1647351856944S04152356WA0097601010
B1647391856960S04152383WA0096901005
B1647431856973S04152411WA0096300996
B1647471856985S04152440WA0095600989
B1647511856998S04152468WA0094800981
B1647551857008S04152498WA0094100975
B1647591857019S04152528WA0093300965
B1648031857031S04152560WA0092300955
B1648071857045S04152593WA0091600948
B1648111857058S04152625WA0090900940
B1648151857073S04152656WA0090200931
B1648191857089S04152688WA0089400922
B1648231857106S04152722WA0088400911
B1648271857122S04152757WA0087400900
B1648311857140S04152791WA0086300889
B1648351857159S04152826WA0085100879
B1648391857175S04152860WA0084300870
B1648431857192S04152893WA0083300858
B1648471857209S04152926WA0082100847
B1648511857229S04152958WA0081100837
B1648551857250S04152990WA0080200828
B1648591857271S04153023WA0079300820
B1649031857290S04153058WA0078600812
B1649071857308S04153094WA0077700804
B1649111857325S04153128WA0077000797
B1649151857340S04153164WA0076300789
B1649191857356S04153199WA0075600782
B1649231857373S04153234WA0074900774
B1649271857390S04153269WA0074200768
B1649311857406S04153299WA0073900767
B1649351857420S04153331WA0073600761
B1649391857431S04153365WA0073400760
B1649431857445S04153396WA0073000754
B1649471857467S04153423WA0072700753
B1649511857486S04153452WA0072400747
B1649551857507S04153477WA0072200746
B1649591857522S04153506WA0072000742
B1650031857540S04153533WA0071800740
B1650071857557S04153559WA0071600738
B1650111857568S04153591WA0070900729
B1650151857582S04153624WA0070800730
B1650191857598S04153652WA0071100734
B1650231857614S04153674WA0071200733
B1650271857620S04153702WA0070900730
B1650311857613S04153727WA0070700727
B1650351857601S04153751WA0070700729
B1650391857583S04153767WA0070900732
B1650431857564S04153780WA0071400739
B1650471857545S04153789WA0072500752
B1650511857540S04153772WA0073400759
B1650551857561S04153775WA0074100767
B1650591857561S04153801WA0075000780
B1651031857546S04153809WA0076100792
B1651071857553S04153790WA0076700803
B1651111857571S04153810WA0077200807
B1651151857570S04153834WA0078300823
B1651191857584S04153857WA0078700819
B1651231857601S04153886WA0078800822
B1651271857620S04153911WA0079100824
B1651311857644S04153934WA0079100822
B1651351857671S04153953WA0079200824
B1651391857704S04153966WA0079400824
B1651431857734S04153969WA0080400841
B1651471857751S04153980WA0081800850
B1651511857744S04154004WA0081600845
B1651551857727S04154019WA0081900856
B1651591857706S04154030WA0082200860
B1652031857687S04154028WA0083300870
B1652071857699S04154019WA0084000880
B1652111857701S04154049WA0084300880
B1652151857683S04154060WA0085500898
B1652191857687S04154046WA0086400909
B1652231857708S04154067WA0087100915
B1652271857695S04154087WA0088200928
B1652311857681S04154073WA0088600933
B1652351857700S04154065WA0089300944
B1652391857715S04154085WA0090100953
B1652431857723S04154110WA0090800960
B1652471857734S04154139WA0091100959
B1652511857750S04154171WA0091300961
B1652551857763S04154195WA0092400973
B1652591857783S04154221WA0093000977
B1653031857808S04154247WA0093600982
B1653071857827S04154275WA0094100985
B1653111857845S04154303WA0095000995
B1653151857865S04154319WA0096101009
B1653191857885S04154323WA0097301019
B1653231857905S04154316WA0098401034
B1653271857903S04154297WA0099301037
B1653311857885S04154299WA0100101042
B1653351857873S04154318WA0100601047
B1653391857881S04154339WA0101401056
B1653431857899S04154351WA0102401067
B1653471857920S04154353WA0103301077
B1653511857932S04154342WA0104001084
B1653551857926S04154325WA0104601089
B1653591857908S04154326WA0105201100
B1654031857908S04154351WA0105801100
B1654071857927S04154368WA0106601110
B1654111857947S04154365WA0107401117
B1654151857948S04154346WA0107901121
B1654191857936S04154332WA0108401126
B1654231857922S04154325WA0108901130
B1654271857901S04154323WA0109101133
B1654311857880S04154327WA0109801138
B1654351857862S04154333WA0111001154
B1654391857845S04154342WA0112101166
B1654431857829S04154362WA0113101179
B1654471857808S04154373WA0114201193
B1654511857791S04154361WA0114901203
B1654551857786S04154345WA0116101218
B1654591857805S04154338WA0116901227
B1655031857823S04154354WA0117901239
B1655071857833S04154379WA0118701245
B1655111857846S04154403WA0119701257
B1655151857864S04154418WA0120601266
B1655191857877S04154441WA0121101271
B1655231857882S04154466WA0121501275
B1655271857891S04154496WA0121501275
B1655311857898S04154528WA0121401272
B1655351857906S04154560WA0121501273
B1655391857916S04154587WA0121801275
B1655431857919S04154618WA0121501270
B1655471857919S04154652WA0121601272
B1655511857922S04154681WA0122401282
B1655551857928S04154704WA0123401291
B1655591857933S04154736WA0123101283
B1656031857943S04154767WA0122701280
B1656071857952S04154799WA0122101276
B1656111857961S04154833WA0121301268
B1656151857973S04154868WA0121001265
B1656191857983S04154903WA0120701261
B1656231857995S04154938WA0120401258
B1656271858009S04154975WA0119801250
B1656311858022S04155015WA0119701248
B1656351858035S04155054WA0119701249
B1656391858046S04155093WA0120001251
B1656431858057S04155133WA0120001249
B1656471858068S04155167WA0120501257
B1656511858080S04155205WA0120101248
B1656551858101S04155244WA0119101238
B1656591858123S04155281WA0118601233
B1657031858143S04155318WA0118001227
B1657071858159S04155349WA0118001227
B1657111858175S04155385WA0117501220
B1657151858195S04155421WA0117401220
B1657191858209S04155453WA0117601224
B1657231858222S04155487WA0116901215
B1657271858234S04155524WA0115901203
B1657311858243S04155558WA0115201195
B1657351858257S04155595WA0114201182
B1657391858272S04155633WA0113601180
B1657431858280S04155664WA0113401178
B1657471858292S04155697WA0113001171
B1657511858300S04155726WA0113301178
B1657551858315S04155751WA0113101170
B1657591858346S04155766WA0112501164
B1658031858380S04155777WA0112301162
B1658071858412S04155788WA0111801157
B1658111858448S04155797WA0111301152
B1658151858483S04155801WA0110901148
B1658191858517S04155805WA0110401145
B1658231858552S04155808WA0109601139
B1658271858587S04155815WA0108901133
B1658311858620S04155822WA0108201125
B1658351858654S04155827WA0107501118
B1658391858687S04155831WA0107401121
B1658431858718S04155837WA0107001117
B1658471858751S04155843WA0106501110
B1658511858784S04155848WA0105601102
B1658551858819S04155853WA0104301086
B1658591858856S04155859WA0103201075
B1659031858892S04155866WA0102301063
B1659071858929S04155876WA0101101050
B1659111858966S04155885WA0099801037
B1659151859004S04155894WA0098801026
B1659191859041S04155902WA0098201021
B1659231859077S04155908WA0097401015
B1659271859113S04155918WA0097001010
B1659311859138S04155926WA0097501020
B1659351859159S04155936WA0097601013
B1659391859191S04155947WA0097001006
B1659431859223S04155951WA0096901005
B1659471859257S04155945WA0096601002
B1659511859287S04155935WA0096901008
B1659551859314S04155921WA0097501014
B1659591859341S04155908WA0098201022
B1700031859367S04155900WA0098901030
B1700071859386S04155885WA0099701038
B1700111859400S04155865WA0100701051
B1700151859420S04155863WA0101201051
B1700191859453S04155864WA0101301052
B1700231859484S04155862WA0101701059
B1700271859516S04155860WA0102001062
B1700311859546S04155844WA0102801069
B1700351859563S04155822WA0103901080
B1700391859586S04155811WA0104701089
B1700431859614S04155813WA0104701086
B1700471859646S04155815WA0104501088
B1700511859673S04155818WA0105301098
B1700551859705S04155821WA0105701101
B1700591859734S04155819WA0106301108
B1701031859757S04155810WA0107101118
B1701071859777S04155803WA0108001128
B1701111859800S04155805WA0108601136
B1701151859825S04155809WA0109101142
B1701191859857S04155803WA0109601146
B1701231859885S04155802WA0110401155
B1701271859917S04155801WA0110601155
B1701311859948S04155807WA0111101162
B1701351859978S04155816WA0111401162
B1701391900010S04155827WA0111601163
B1701431900039S04155833WA0112201170
B1701471900070S04155842WA0112601174
B1701511900098S04155849WA0112801177
B1701551900131S04155860WA0112401170
B1701591900167S04155874WA0112801178
B1702031900192S04155888WA0113901191
B1702071900214S04155903WA0114401194
B1702111900238S04155922WA0114601197
B1702151900259S04155938WA0115101204
B1702191900278S04155952WA0115301206
B1702231900300S04155980WA0114801204
B1702271900317S04156010WA0114901203
B1702311900326S04156044WA0114901202
B1702351900325S04156078WA0114901203
B1702391900321S04156110WA0115101206
B1702431900322S04156137WA0116001221
B1702471900319S04156160WA0116801227
B1702511900315S04156185WA0117501236
B1702551900309S04156199WA0118501248
B1702591900292S04156194WA0119001252
B1703031900285S04156174WA0119801261
B1703071900297S04156150WA0120201262
B1703111900317S04156137WA0121001270
B1703151900341S04156146WA0121601274
B1703191900354S04156165WA0122201280
B1703231900372S04156183WA0122501281
B1703271900389S04156193WA0122901286
B1703311900415S04156201WA0122401272
B1703351900445S04156209WA0122101271
B1703391900472S04156219WA0122301272
B1703431900502S04156229WA0122401275
B1703471900532S04156239WA0122701278
B1703511900564S04156251WA0122801279
B1703551900590S04156259WA0123201284
B1703591900619S04156260WA0122301275
B1704031900657S04156263WA0121001264
B1704071900691S04156266WA0120401258
B1704111900727S04156272WA0119901254
B1704151900764S04156276WA0119201248
B1704191900800S04156280WA0118501240
B1704231900834S04156286WA0117501228
B1704271900871S04156291WA0116301212
B1704311900908S04156299WA0115701211
B1704351900943S04156307WA0115601211
B1704391900977S04156310WA0115501209
B1704431901015S04156317WA0114801201
B1704471901051S04156317WA0114801200
B1704511901085S04156319WA0114101192
B1704551901124S04156328WA0113001179
B1704591901160S04156336WA0112301173
B1705031901196S04156345WA0110901160
B1705071901235S04156354WA0109901149
B1705111901270S04156363WA0109201140
B1705151901307S04156373WA0108101130
B1705191901341S04156385WA0107101120
B1705231901375S04156396WA0106401116
B1705271901410S04156405WA0106001112
B1705311901445S04156410WA0105501107
B1705351901479S04156416WA0104701098
B1705391901518S04156423WA0103101087
B1705431901553S04156429WA0102601078
B1705471901590S04156440WA0101701067
B1705511901625S04156454WA0101201063
B1705551901658S04156466WA0100601056
B1705591901691S04156481WA0099801046
B1706031901717S04156482WA0099401045
B1706071901714S04156452WA0098401032
B1706111901687S04156426WA0097301023
B1706151901659S04156407WA0096601013
B1706191901631S04156385WA0095901003
B1706231901601S04156370WA0095200995
B1706271901569S04156350WA0094100985
B1706311901538S04156333WA0093500982
B1706351901509S04156318WA0093300976
B1706391901478S04156302WA0092500965
B1706431901448S04156284WA0092000961
B1706471901419S04156269WA0091500955
B1706511901388S04156251WA0090800945
B1706551901363S04156227WA0090100939
B1706591901341S04156201WA0089600933
B1707031901319S04156172WA0089100927
B1707071901298S04156144WA0089200930
B1707111901284S04156119WA0089700934
B1707151901276S04156095WA0090000937
B1707191901265S04156087WA0090800947
B1707231901247S04156090WA0091400956
B1707271901235S04156099WA0092200964
B1707311901236S04156122WA0092900971
B1707351901261S04156124WA0092900965
B1707391901266S04156097WA0092900972
B1707431901254S04156092WA0093800983
B1707471901230S04156096WA0094100983
B1707511901202S04156098WA0094600989
B1707551901173S04156099WA0094800991
B1707591901144S04156100WA0095400999
B1708031901120S04156099WA0095901001
B1708071901096S04156095WA0096201006
B1708111901078S04156096WA0096901014
B1708151901060S04156109WA0097001013
B1708191901051S04156127WA0097901027
B1708231901054S04156143WA0098801032
B1708271901076S04156146WA0099701045
B1708311901089S04156130WA0100901056
B1708351901085S04156110WA0102201068
B1708391901065S04156115WA0103001077
B1708431901058S04156134WA0104201089
B1708471901071S04156144WA0105101093
B1708511901090S04156135WA0105201097
B1708551901100S04156116WA0105401099
B1708591901098S04156096WA0105801105
B1709031901077S04156081WA0106101109
B1709071901053S04156078WA0106701116
B1709111901038S04156091WA0107101118
B1709151901034S04156111WA0107101116
B1709191901042S04156130WA0107601125
B1709231901054S04156140WA0108601136
B1709271901066S04156123WA0109001137
B1709311901053S04156098WA0109201141
B1709351901030S04156087WA0109901150
B1709391901010S04156077WA0110301157
B1709431900986S04156064WA0110201154
B1709471900961S04156047WA0109501143
B1709511900933S04156030WA0108401131
B1709551900906S04156007WA0107501119
B1709591900879S04155982WA0106601111
B1710031900855S04155957WA0105601101
B1710071900829S04155932WA0104401086
B1710111900804S04155906WA0103301077
B1710151900778S04155881WA0102301066
B1710191900753S04155854WA0101501060
B1710231900728S04155831WA0100501050
B1710271900701S04155813WA0099301034
B1710311900671S04155795WA0097801017
B1710351900643S04155777WA0096401006
B1710391900615S04155763WA0095400994
B1710431900584S04155750WA0094000979
B1710471900552S04155742WA0092800967
B1710511900519S04155737WA0091800955
B1710551900486S04155732WA0091100950
B1710591900455S04155732WA0090400942
B1711031900421S04155732WA0089400932
B1711071900387S04155729WA0088500922
B1711111900355S04155728WA0087600912
B1711151900322S04155725WA0086400898
B1711191900292S04155721WA0085500890
B1711231900259S04155715WA0084400876
B1711271900227S04155709WA0083500868
B1711311900196S04155708WA0082700857
B1711351900165S04155706WA0082000850
B1711391900133S04155704WA0081100841
B1711431900102S04155700WA0080400834
B1711471900069S04155697WA0079600824
B1711511900035S04155699WA0078800816
B1711551900002S04155710WA0078100809
B1711591859971S04155726WA0077400803
B1712031859941S04155745WA0076700794
B1712071859911S04155766WA0075700782
B1712111859884S04155791WA0074900775
B1712151859856S04155812WA0074200767
B1712191859829S04155832WA0073200755
B1712231859803S04155855WA0072200744
B1712271859774S04155874WA0071000730
B1712311859744S04155892WA0069900717
B1712351859712S04155908WA0069000708
B1712391859680S04155915WA0068200699
B1712431859646S04155918WA0067400689
B1712471859612S04155922WA0066900684
B1712511859580S04155926WA0067100690
B1712551859548S04155928WA0067400693
B1712591859518S04155929WA0068100704
B1713031859486S04155934WA0068900713
B1713071859455S04155932WA0069600721
B1713111859429S04155930WA0071100742
B1713151859407S04155929WA0072700760
B1713191859400S04155908WA0074300777
B1713231859415S04155890WA0075600790
B1713271859437S04155892WA0077000807
B1713311859433S04155912WA0078200819
B1713351859415S04155921WA0079400834
B1713391859410S04155901WA0080500844
B1713431859431S04155889WA0081800863
B1713471859451S04155897WA0083500878
B1713511859446S04155919WA0084500890
B1713551859424S04155923WA0085500901
B1713591859408S04155906WA0086600912
B1714031859419S04155889WA0088200925
B1714071859444S04155892WA0089200935
B1714111859438S04155913WA0090700949
B1714151859416S04155905WA0092200964
B1714191859425S04155886WA0093600979
B1714231859451S04155879WA0094900996
B1714271859475S04155868WA0096201009
B1714311859502S04155870WA0097701027
B1714351859523S04155878WA0099201043
B1714391859541S04155903WA0100301055
B1714431859530S04155925WA0101401064
B1714471859512S04155918WA0103001083
B1714511859520S04155894WA0104601099
B1714551859546S04155889WA0106201116
B1714591859567S04155900WA0107601131
B1715031859571S04155924WA0108801143
B1715071859562S04155949WA0110201164
B1715111859547S04155943WA0111401175
B1715151859556S04155923WA0112601192
B1715191859578S04155942WA0114001204
B1715231859565S04155964WA0115401219
B1715271859553S04155947WA0116601229
B1715311859571S04155927WA0117901244
B1715351859594S04155934WA0119401259
B1715391859588S04155962WA0120301266
B1715431859568S04155958WA0121701283
B1715471859575S04155935WA0123101298
B1715511859602S04155933WA0124401308
B1715551859602S04155963WA0125401317
B1715591859582S04155968WA0126701331
B1716031859577S04155944WA0127901342
B1716071859597S04155931WA0129601360
B1716111859621S04155931WA0130901369
B1716151859638S04155956WA0131401372
B1716191859627S04155976WA0132401387
B1716231859608S04155972WA0133501397
B1716271859587S04155957WA0134501411
B1716311859577S04155939WA0136201429
B1716351859593S04155921WA0137401440
B1716391859614S04155936WA0138501454
B1716431859611S04155958WA0139701469
B1716471859591S04155956WA0140701478
B1716511859573S04155937WA0141901493
B1716551859566S04155915WA0143701512
B1716591859569S04155892WA0145101525
B1717031859556S04155871WA0146401539
B1717071859539S04155856WA0147601551
B1717111859520S04155842WA0148701564
B1717151859502S04155829WA0150001578
B1717191859489S04155819WA0151701594
B1717231859474S04155806WA0152901605
B1717271859457S04155793WA0153701613
B1717311859439S04155783WA0154801625
B1717351859423S04155776WA0155301627
B1717391859406S04155752WA0154801619
B1717431859388S04155723WA0154101613
B1717471859371S04155698WA0154001609
B1717511859354S04155670WA0153601605
B1717551859338S04155644WA0153401604
B1717591859319S04155619WA0153101600
B1718031859301S04155596WA0152801596
B1718071859284S04155571WA0152401589
B1718111859266S04155545WA0151901584
B1718151859249S04155519WA0151501580
B1718191859232S04155491WA0150901574
B1718231859214S04155465WA0150501570
B1718271859194S04155439WA0149901563
B1718311859172S04155414WA0149501559
B1718351859152S04155388WA0149101555
B1718391859132S04155362WA0148701553
B1718431859110S04155336WA0148201548
B1718471859085S04155311WA0147601539
B1718511859060S04155285WA0147001532
B1718551859036S04155259WA0146301524
B1718591859013S04155234WA0145601516
B1719031858989S04155208WA0144701506
B1719071858960S04155185WA0143701495
B1719111858928S04155170WA0142801487
B1719151858895S04155154WA0141901477
B1719191858862S04155137WA0141001469
B1719231858830S04155118WA0140101459
B1719271858799S04155097WA0139201449
B1719311858768S04155075WA0138501442
B1719351858738S04155052WA0137801434
B1719391858709S04155028WA0137001427
B1719431858681S04155003WA0136201421
B1719471858653S04154979WA0135601415
B1719511858625S04154956WA0134901408
B1719551858597S04154933WA0134001399
B1719591858570S04154910WA0133101388
B1720031858545S04154885WA0132001376
B1720071858524S04154856WA0131001365
B1720111858503S04154829WA0130301357
B1720151858482S04154801WA0129301346
B1720191858462S04154771WA0128201335
B1720231858441S04154743WA0127301327
B1720271858419S04154717WA0126601318
B1720311858398S04154691WA0125701307
B1720351858376S04154664WA0124401293
B1720391858352S04154640WA0123501285
B1720431858330S04154612WA0122601277
B1720471858311S04154584WA0121901272
B1720511858290S04154556WA0121201265
B1720551858269S04154526WA0120801260
B1720591858251S04154495WA0120301256
B1721031858234S04154467WA0119801249
B1721071858213S04154441WA0118801241
B1721111858190S04154417WA0117801227
B1721151858167S04154392WA0117001220
B1721191858157S04154378WA0117001222
B1721231858138S04154360WA0115601206
B1721271858112S04154347WA0114101192
B1721311858087S04154329WA0112301174
B1721351858059S04154307WA0110501157
B1721391858030S04154292WA0109301145
B1721431858002S04154283WA0108501134
B1721471857970S04154271WA0107401121
B1721511857941S04154263WA0106501116
B1721551857920S04154258WA0106001109
B1721591857897S04154245WA0104901094
B1722031857875S04154234WA0104101085
B1722071857844S04154226WA0102701070
B1722111857814S04154219WA0101701060
B1722151857781S04154213WA0100701047
B1722191857749S04154205WA0100301043
B1722231857721S04154198WA0100601045
B1722271857696S04154193WA0100901047
B1722311857673S04154197WA0101001048
B1722351857650S04154207WA0101401051
B1722391857626S04154212WA0101801056
B1722431857604S04154206WA0102201061
B1722471857584S04154191WA0102501065
B1722511857570S04154171WA0102601067
B1722551857555S04154148WA0102601069
B1722591857534S04154122WA0102501070
B1723031857509S04154105WA0102901074
B1723071857484S04154092WA0103101077
B1723111857460S04154079WA0103401081
B1723151857442S04154059WA0103801086
B1723191857429S04154039WA0104301090
B1723231857415S04154011WA0104301089
B1723271857402S04153980WA0104301091
B1723311857389S04153948WA0104401091
B1723351857374S04153918WA0104701095
B1723391857357S04153888WA0104801093
B1723431857339S04153857WA0104401089
B1723471857324S04153827WA0103901083
B1723511857311S04153794WA0103001073
B1723551857294S04153764WA0102001060
B1723591857273S04153738WA0101101050
B1724031857253S04153710WA0100001038
B1724071857234S04153681WA0098701026
B1724111857218S04153654WA0097901016
B1724151857201S04153626WA0097001005
B1724191857187S04153599WA0096100997
B1724231857168S04153570WA0094900983
B1724271857149S04153542WA0093900973
B1724311857131S04153511WA0092800958
B1724351857115S04153480WA0091400947
B1724391857099S04153449WA0090600937
B1724431857082S04153417WA0089400925
B1724471857060S04153386WA0088200912
B1724511857040S04153353WA0087500904
B1724551857022S04153320WA0086800896
B1724591857004S04153288WA0085900883
B1725031856983S04153259WA0084900874
B1725071856964S04153231WA0084000861
B1725111856943S04153203WA0083000852
B1725151856926S04153178WA0082300845
B1725191856909S04153149WA0081600837
B1725231856895S04153123WA0081400835
B1725271856881S04153097WA0080900830
B1725311856867S04153067WA0080000820
B1725351856856S04153034WA0079500817
B1725391856845S04153001WA0079000811
B1725431856839S04152965WA0078500806
B1725471856829S04152929WA0077900799
B1725511856818S04152892WA0077400794
B1725551856810S04152855WA0076900791
B1725591856803S04152819WA0076600792
B1726031856803S04152792WA0077500802
B1726071856800S04152765WA0078000805
B1726111856796S04152740WA0078600812
B1726151856792S04152712WA0079100818
B1726191856785S04152686WA0080200833
B1726231856781S04152668WA0081800850
B1726271856792S04152652WA0083000861
B1726311856816S04152664WA0083400867
B1726351856815S04152691WA0084400881
B1726391856799S04152688WA0085600895
B1726431856814S04152674WA0086600908
B1726471856823S04152700WA0087700921
B1726511856804S04152706WA0088800932
B1726551856782S04152696WA0089600943
B1726591856767S04152681WA0091300962
B1727031856784S04152664WA0092400970
B1727071856805S04152680WA0093400984
B1727111856803S04152705WA0094800999
B1727151856780S04152707WA0096001012
B1727191856764S04152690WA0097501029
B1727231856759S04152671WA0098601039
B1727271856784S04152663WA0099101043
B1727311856807S04152674WA0100201055
B1727351856817S04152700WA0101201063
B1727391856799S04152714WA0102601081
B1727431856779S04152709WA0103901093
B1727471856770S04152688WA0105201107
B1727511856783S04152667WA0106201117
B1727551856808S04152673WA0106901121
B1727591856822S04152691WA0108201137
B1728031856817S04152718WA0108801142
B1728071856797S04152721WA0110001156
B1728111856782S04152699WA0110801164
B1728151856780S04152675WA0112501183
B1728191856802S04152672WA0113601191
B1728231856800S04152696WA0114201199
B1728271856780S04152695WA0115901221
B1728311856772S04152675WA0117101231
B1728351856795S04152671WA0117801238
B1728391856809S04152686WA0118701247
B1728431856796S04152709WA0119601260
B1728471856778S04152710WA0121201276
B1728511856776S04152687WA0122001283
B1728551856796S04152678WA0123101294
B1728591856803S04152698WA0124101307
B1729031856780S04152712WA0125101319
B1729071856760S04152720WA0126501329
B1729111856738S04152728WA0127001332
B1729151856712S04152735WA0127401334
B1729191856692S04152757WA0127701336
B1729231856683S04152780WA0128401343
B1729271856672S04152803WA0129401355
B1729311856655S04152810WA0130401366
B1729351856634S04152801WA0131501380
B1729391856619S04152784WA0133001398
B1729431856611S04152767WA0134401412
B1729471856599S04152748WA0135301420
B1729511856587S04152725WA0135801423
B1729551856572S04152706WA0136601432
B1729591856556S04152686WA0137501438
B1730031856540S04152659WA0138401452
B1730071856528S04152634WA0139601462
B1730111856525S04152600WA0139901465
B1730151856525S04152568WA0140101465
B1730191856522S04152532WA0139801459
B1730231856523S04152495WA0139701461
B1730271856521S04152460WA0139601459
B1730311856522S04152422WA0138801449
B1730351856523S04152383WA0137501437
B1730391856525S04152345WA0136701427
B1730431856527S04152306WA0135601416
B1730471856528S04152265WA0134401404
B1730511856527S04152222WA0133501395
B1730551856527S04152183WA0132801388
B1730591856528S04152141WA0131701376
B1731031856529S04152103WA0130801367
B1731071856531S04152064WA0129701353
B1731111856536S04152027WA0128501341
B1731151856545S04151990WA0127301327
B1731191856552S04151956WA0126201315
B1731231856560S04151922WA0124901303
B1731271856567S04151890WA0123901292
B1731311856576S04151857WA0122901281
B1731351856584S04151825WA0122101273
B1731391856591S04151791WA0121101265
B1731431856598S04151759WA0120401256
B1731471856606S04151726WA0119301244
B1731511856614S04151692WA0118501235
B1731551856618S04151661WA0117401223
B1731591856623S04151628WA0116001206
B1732031856629S04151595WA0114801195
B1732071856633S04151562WA0113501180
B1732111856643S04151528WA0112101166
B1732151856655S04151499WA0111001156
B1732191856664S04151468WA0109901145
B1732231856673S04151435WA0108901131
B1732271856688S04151405WA0107901123
B1732311856704S04151375WA0107101113
B1732351856722S04151346WA0106601108
B1732391856742S04151317WA0106301104
B1732431856764S04151289WA0105801100
B1732471856785S04151263WA0105701102
B1732511856802S04151236WA0106001105
B1732551856817S04151209WA0106401109
B1732591856832S04151182WA0106801114
B1733031856840S04151161WA0107801128
B1733071856832S04151150WA0108701136
B1733111856823S04151172WA0109201140
B1733151856848S04151179WA0109601146
B1733191856861S04151162WA0110501157
B1733231856865S04151146WA0111801172
B1733271856852S04151141WA0112801181
B1733311856854S04151164WA0113501187
B1733351856876S04151161WA0114401198
B1733391856884S04151147WA0115501210
B1733431856881S04151126WA0116501218
B1733471856872S04151109WA0117801232
B1733511856858S04151117WA0118701239
B1733551856875S04151136WA0119401244
B1733591856886S04151119WA0120101254
B1734031856874S04151104WA0120901262
B1734071856859S04151084WA0121001265
B1734111856846S04151059WA0121701279
B1734151856838S04151037WA0123001292
B1734191856827S04151013WA0123201290
B1734231856814S04150981WA0123001289
B1734271856808S04150956WA0123501296
B1734311856800S04150929WA0123601295
B1734351856788S04150904WA0123901299
B1734391856780S04150880WA0124001298
B1734431856766S04150853WA0123401288
B1734471856747S04150823WA0122701282
B1734511856734S04150792WA0122201276
B1734551856721S04150759WA0121401266
B1734591856707S04150723WA0120401256
B1735031856696S04150688WA0119701250
B1735071856686S04150655WA0119201243
B1735111856676S04150621WA0118101230
B1735151856663S04150586WA0117001218
B1735191856650S04150552WA0116101210
B1735231856636S04150519WA0115601206
B1735271856620S04150488WA0115001198
B1735311856606S04150455WA0114301191
B1735351856594S04150418WA0113501180
B1735391856583S04150383WA0112901176
B1735431856571S04150348WA0112201169
B1735471856559S04150314WA0111601161
B1735511856548S04150280WA0110701152
B1735551856535S04150244WA0109901144
B1735591856523S04150208WA0109101136
B1736031856506S04150175WA0108401128
B1736071856490S04150140WA0107701121
B1736111856478S04150104WA0106901112
B1736151856464S04150068WA0105901100
B1736191856451S04150032WA0105001091
B1736231856440S04149996WA0104101082
B1736271856428S04149959WA0103201073
B1736311856413S04149926WA0102601068
B1736351856400S04149890WA0101701055
B1736391856386S04149853WA0101201055
B1736431856373S04149818WA0100901049
B1736471856366S04149781WA0100401045
B1736511856356S04149745WA0099801037
B1736551856341S04149711WA0099001028
B1736591856318S04149686WA0098601024
B1737031856296S04149709WA0097701010
B1737071856291S04149744WA0097101004
B1737111856288S04149779WA0096400996
B1737151856287S04149815WA0095600987
B1737191856287S04149850WA0095000981
B1737231856287S04149887WA0094200973
B1737271856287S04149923WA0093500967
B1737311856286S04149960WA0092700956
B1737351856285S04149996WA0091800949
B1737391856282S04150032WA0090900940
B1737431856278S04150070WA0089900930
B1737471856273S04150108WA0088700919
B1737511856270S04150145WA0087600908
B1737551856269S04150182WA0086500896
B1737591856270S04150221WA0085200883
B1738031856273S04150260WA0084100872
B1738071856277S04150299WA0082600859
B1738111856279S04150339WA0081300846
B1738151856280S04150379WA0080600839
B1738191856281S04150419WA0079900832
B1738231856282S04150460WA0079000819
B1738271856282S04150503WA0078100811
B1738311856283S04150537WA0078700821
B1738351856284S04150566WA0079000821
B1738391856283S04150601WA0079100823
B1738431856283S04150632WA0079900830
B1738471856286S04150665WA0080100832
B1738511856290S04150697WA0080600836
B1738551856295S04150729WA0081300846
B1738591856298S04150761WA0082100855
B1739031856304S04150790WA0082800861
B1739071856307S04150822WA0083500868
B1739111856305S04150854WA0084400876
B1739151856308S04150886WA0084900880
B1739191856304S04150919WA0085300887
B1739231856301S04150953WA0085300887
B1739271856296S04150994WA0084900883
B1739311856293S04151035WA0084600882
B1739351856288S04151077WA0084200878
B1739391856283S04151117WA0083800875
B1739431856279S04151157WA0083200866
B1739471856275S04151198WA0082400859
B1739511856271S04151237WA0081600853
B1739551856268S04151278WA0080400840
B1739591856263S04151318WA0079400828
B1740031856260S04151360WA0078300817
B1740071856257S04151402WA0077200806
B1740111856251S04151444WA0076200794
B1740151856244S04151486WA0075200784
B1740191856235S04151528WA0074300775
B1740231856226S04151569WA0073400764
B1740271856217S04151608WA0072100755
B1740311856210S04151646WA0070900740
B1740351856202S04151687WA0069600727
B1740391856194S04151724WA0068400714
B1740431856187S04151763WA0067000696
B1740471856183S04151802WA0066100688
B1740511856180S04151841WA0065400680
B1740551856177S04151878WA0065300682
B1740591856175S04151912WA0065500684
B1741031856173S04151945WA0065500683
B1741071856169S04151979WA0065200681
B1741111856165S04152011WA0065200679
B1741151856159S04152045WA0064900676
B1741191856156S04152079WA0064500672
B1741231856151S04152120WA0063500661
B1741271856147S04152152WA0063600670
B1741311856141S04152182WA0063700664
B1741351856131S04152219WA0063000656
B1741391856124S04152256WA0062500650
B1741431856117S04152295WA0061900643
B1741471856108S04152333WA0061400638
B1741511856099S04152368WA0060700631
B1741551856090S04152404WA0059500615
B1741591856079S04152442WA0058000601
B1742031856071S04152480WA0056700588
B1742071856062S04152521WA0055400575
B1742111856053S04152559WA0054500565
B1742151856045S04152599WA0053400552
B1742191856035S04152638WA0052200539
B1742231856023S04152678WA0051400531
B1742271856013S04152715WA0051400533
B1742311856007S04152746WA0051600535
B1742351856000S04152782WA0051500533
B1742391855997S04152817WA0051600534
B1742431855990S04152853WA0051100530
B1742471855983S04152884WA0050800526
B1742511855976S04152917WA0049700514
B1742551855969S04152947WA0049100508
B1742591855961S04152979WA0048300497
B1743031855955S04153012WA0047500489
B1743071855947S04153044WA0046800479
B1743111855938S04153076WA0046000472
B1743151855928S04153107WA0045200463
B1743191855918S04153139WA0044300454
B1743231855909S04153170WA0043500444
B1743271855900S04153203WA0042500434
B1743311855890S04153235WA0041700425
B1743351855880S04153268WA0040800416
B1743391855872S04153301WA0040400416
B1743431855866S04153333WA0040300413
B1743471855856S04153367WA0040000410
B1743511855845S04153402WA0039900409
B1743551855836S04153434WA0039900410
B1743591855828S04153466WA0039200399
B1744031855820S04153503WA0038400391
B1744071855810S04153538WA0038200391
B1744111855805S04153571WA0038000388
B1744151855803S04153607WA0037500382
B1744191855803S04153644WA0037100378
B1744231855801S04153675WA0037200387
B1744271855797S04153693WA0037700390
B1744311855775S04153697WA0037400388
B1744351855778S04153678WA0037800393
B1744391855795S04153693WA0037900394
B1744431855783S04153714WA0038000396
B1744471855763S04153719WA0038300401
B1744511855755S04153703WA0038900407
B1744551855775S04153691WA0039400410
B1744591855781S04153715WA0039500410
B1745031855762S04153730WA0039900417
B1745071855745S04153733WA0040800425
B1745111855751S04153714WA0040800422
B1745151855778S04153720WA0040600421
B1745191855784S04153741WA0041300426
B1745231855765S04153749WA0041300424
B1745271855750S04153740WA0041900430
B1745311855746S04153723WA0042200430
B1745351855753S04153702WA0042200431
B1745391855762S04153680WA0042200430
B1745431855784S04153668WA0042500436
B1745471855798S04153686WA0042800440
B1745511855786S04153707WA0042800441
B1745551855767S04153719WA0043200446
B1745591855757S04153705WA0043500447
B1746031855771S04153685WA0043200444
B1746071855791S04153688WA0043600451
B1746111855787S04153711WA0043300447
B1746151855775S04153731WA0043400449
B1746191855772S04153754WA0043900455
B1746231855768S04153780WA0044400460
B1746271855764S04153803WA0044900467
B1746311855762S04153827WA0045000467
B1746351855759S04153853WA0044800468
B1746391855755S04153877WA0044900468
B1746431855751S04153901WA0045200470
B1746471855746S04153930WA0045100465
B1746511855743S04153963WA0044600460
B1746551855743S04153992WA0044400456
B1746591855745S04154019WA0044500458
B1747031855745S04154048WA0044400455
B1747071855742S04154080WA0044100454
B1747111855739S04154109WA0043800448
B1747151855737S04154144WA0043200444
B1747191855734S04154177WA0042900440
B1747231855730S04154211WA0042800442
B1747271855725S04154241WA0043000445
B1747311855720S04154275WA0042900443
B1747351855716S04154307WA0042800442
B1747391855713S04154342WA0042400436
B1747431855708S04154377WA0042300433
B1747471855704S04154415WA0041900430
B1747511855701S04154448WA0041900432
B1747551855698S04154486WA0041000423
B1747591855695S04154521WA0040600422
B1748031855691S04154552WA0040700424
B1748071855686S04154579WA0041200429
B1748111855684S04154604WA0041500434
B1748151855683S04154632WA0041200432
B1748191855677S04154656WA0041400435
B1748231855673S04154683WA0041800439
B1748271855669S04154710WA0042400445
B1748311855663S04154739WA0041900436
B1748351855657S04154770WA0041700437
B1748391855655S04154796WA0042300442
B1748431855663S04154824WA0042800447
B1748471855673S04154848WA0043000450
B1748511855686S04154874WA0043000450
B1748551855696S04154902WA0042800448
B1748591855712S04154917WA0042700446
B1749031855732S04154929WA0042300443
B1749071855745S04154914WA0041500430
B1749111855763S04154931WA0040300407
B1749151855779S04154932WA0039800398
B1749191855797S04154936WA0038900385
B1749231855808S04154957WA0037900371
B1749271855821S04154934WA0036800359
B1749311855833S04154961WA0035500339
B1749351855851S04154961WA0034900328
B1749391855850S04154949WA0034900338
B1749431855845S04154925WA0034000332
B1749471855845S04154917WA0034200342
B1749511855837S04154900WA0033300335
B1749551855826S04154916WA0032000321
B1749591855847S04154919WA0030400305
B1750031855828S04154921WA0029000295
B1750071855848S04154936WA0027600279
B1750111855853S04154920WA0027100281
B1750151855870S04154906WA0026500271
B1750191855860S04154898WA0026100266
B1750231855841S04154911WA0025800262
B1750271855823S04154915WA0025600257
B1750311855808S04154905WA0025000249
B1750351855821S04154888WA0024300243
B1750391855824S04154870WA0023500234
B1750431855827S04154857WA0023500238
B1750471855816S04154841WA0022700226
B1750511855800S04154844WA0022600225
B1750551855778S04154851WA0022200219
B1750591855759S04154858WA0022100217
B1751031855741S04154862WA0022000217
B1751071855734S04154853WA0022000215
B1751111855759S04154842WA0021500211
B1751151855779S04154835WA0021600211
B1751191855794S04154823WA0021900218
B1751231855806S04154810WA0022000220
B1751271855809S04154799WA0022100219
B1751311855791S04154807WA0021700212
B1751351855783S04154817WA0022300216
B1751391855779S04154800WA0022100211
B1751431855795S04154789WA0022200212
B1751471855780S04154786WA0022000210
B1751511855779S04154809WA0021900210
B1751551855766S04154816WA0021700204
B1751591855757S04154806WA0021600203
B1752031855744S04154823WA0021200198
B1752071855739S04154839WA0021000196
B1752111855730S04154827WA0020300188
B1752151855744S04154813WA0020000187
B1752191855745S04154796WA0019500182
B1752231855728S04154797WA0018900177
B1752271855714S04154798WA0018700176
B1752311855698S04154792WA0018300173
B1752351855689S04154789WA0018200172
B1752391855688S04154789WA0017900171
B1752431855687S04154789WA0017900173
B1752471855688S04154788WA0017900175
B1752511855689S04154787WA0018000175
B1752551855689S04154786WA0018000174
B1752591855688S04154786WA0018000176
B1753031855688S04154786WA0018000175
B1753071855688S04154786WA0018000174
B1753111855688S04154787WA0018000174
B1753151855689S04154788WA0018000173
B1753191855689S04154788WA0018000174
B1753231855690S04154788WA0017900175
B1753271855689S04154789WA0018000176
B1753311855690S04154789WA0018000173
B1753351855690S04154789WA0017900173
B1753391855688S04154789WA0017900173
B1753431855686S04154789WA0017900172
B1753471855684S04154788WA0017900172
B1753511855682S04154788WA0017900171
B1753551855680S04154787WA0017900172
B1753591855679S04154785WA0017900172
B1754031855678S04154783WA0017900173
B1754071855678S04154782WA0017900175
B1754111855678S04154782WA0017900175
B1754151855677S04154783WA0017900176
B1754191855678S04154784WA0017900177
B1754231855678S04154783WA0018000176
B1754271855678S04154783WA0018000176
B1754311855677S04154783WA0017900177
B1754351855677S04154784WA0018000178
B1754391855676S04154783WA0018000181
B1754431855676S04154783WA0018000181
B1754471855676S04154782WA0018000182
B1754511855677S04154782WA0018000181
B1754551855677S04154781WA0018000179
B1754591855677S04154781WA0018000178
B1755031855677S04154781WA0018000176
B1755071855677S04154781WA0018000175
B1755111855677S04154780WA0017900175
B1755151855677S04154780WA0017900174
B1755191855677S04154780WA0017900175
B1755231855677S04154780WA0017900175
B1755271855677S04154780WA0017900176
B1755311855677S04154780WA0017900177
B1755351855677S04154780WA0017900178
B1755391855677S04154780WA0017900179
B1755431855677S04154780WA0017900179
B1755471855676S04154780WA0017900179
B1755511855676S04154780WA0017900179
B1755551855676S04154780WA0017900179
B1755591855676S04154780WA0017900179
B1756031855676S04154780WA0017900179
B1756071855676S04154780WA0017900177
B1756111855676S04154780WA0017900177
B1756151855676S04154780WA0017900176
B1756191855676S04154780WA0017900176
B1756231855677S04154781WA0017900174
B1756271855677S04154781WA0017900174
B1756311855677S04154781WA0017900174
B1756351855677S04154781WA0017900174
B1756391855677S04154781WA0017900174
B1756431855677S04154781WA0017900174
B1756471855677S04154781WA0017900174
B1756511855677S04154781WA0017900174
B1756551855677S04154781WA0017900176
B1756591855677S04154781WA0017900176
B1757031855677S04154781WA0017900176
B1757071855677S04154781WA0017900176
B1757111855676S04154780WA0017900176
B1757151855676S04154780WA0017900177
B1757191855676S04154780WA0017900177
B1757231855676S04154780WA0017900176
B1757271855676S04154780WA0017900177
B1757311855676S04154780WA0017900177
B1757351855676S04154780WA0017900177
B1757391855676S04154780WA0017900177
B1757431855676S04154780WA0017900176
B1757471855676S04154780WA0017900177
B1757511855676S04154780WA0017900177
B1757551855676S04154780WA0017900178
B1757591855676S04154780WA0017900177
B1758031855676S04154781WA0017900177
B1758071855676S04154781WA0017900176
B1758111855676S04154781WA0017900175
B1758151855676S04154781WA0017900174
B1758191855676S04154782WA0017900173
B1758231855676S04154782WA0017900173
B1758271855676S04154781WA0017900172
B1758311855676S04154781WA0017900172
B1758351855676S04154781WA0017900173
B1758391855676S04154781WA0017900173
B1758431855676S04154781WA0017900173
B1758471855676S04154781WA0017900173
B1758511855676S04154781WA0017900172
B1758551855676S04154781WA0017900172
B1758591855676S04154781WA0017900172
B1759031855676S04154782WA0017900172
B1759071855676S04154781WA0017900173
B1759111855676S04154782WA0017900173
B1759151855676S04154782WA0017900172
B1759191855676S04154782WA0017900172
B1759231855676S04154782WA0017900172
B1759271855676S04154782WA0017900172
B1759311855676S04154782WA0017900173
B1759351855677S04154782WA0017900172
B1759391855677S04154782WA0017900172
B1759431855677S04154782WA0017900172
B1759471855677S04154782WA0017900173
B1759511855677S04154782WA0017900174
B1759551855676S04154782WA0017900174
B1759591855676S04154782WA0017900173
B1800031855677S04154782WA0017900175
B1800071855677S04154781WA0017900175
B1800111855676S04154781WA0017900176
B1800151855677S04154781WA0017900177
B1800191855677S04154781WA0017900177
B1800231855677S04154781WA0017900177
B1800271855677S04154781WA0017900177
B1800311855677S04154781WA0017900177
B1800351855677S04154781WA0017900177
B1800391855676S04154781WA0017900177
B1800431855677S04154781WA0017900178
B1800471855676S04154781WA0017900177
B1800511855676S04154781WA0017900178
B1800551855676S04154781WA0017900178
B1800591855676S04154781WA0017900179
B1801031855676S04154781WA0017900179
B1801071855676S04154781WA0017900178
B1801111855676S04154781WA0017900179
B1801151855676S04154781WA0017900178
B1801191855676S04154781WA0017900178
B1801231855676S04154782WA0017900178
B1801271855677S04154782WA0017900176
B1801311855677S04154782WA0017900176
B1801351855677S04154782WA0017900176
B1801391855677S04154782WA0017900176
B1801431855677S04154782WA0017900176
B1801471855677S04154782WA0017900175
B1801511855677S04154782WA0017900174
B1801551855677S04154782WA0017900173
B1801591855677S04154782WA0017900173
B1802031855677S04154782WA0017900173
B1802071855677S04154781WA0017900174
B1802111855677S04154782WA0017900174
B1802151855677S04154782WA0017900174
B1802191855677S04154782WA0017900173
B1802231855677S04154782WA0017900172
B1802271855677S04154782WA0017900172
B1802311855677S04154782WA0017900172
B1802351855677S04154782WA0017900172
B1802391855677S04154782WA0017900171
B1802431855677S04154782WA0017900171
B1802471855677S04154783WA0017900170
B1802511855677S04154782WA0017900171
B1802551855677S04154783WA0017900171
B1802591855677S04154783WA0017900171
B1803031855677S04154783WA0017900170
B1803071855677S04154783WA0017900171
B1803111855677S04154782WA0017900171
B1803151855677S04154782WA0017900172
B1803191855677S04154782WA0017900173
B1803231855677S04154782WA0017900173
B1803271855677S04154783WA0017900172
B1803311855677S04154783WA0017900172
B1803351855677S04154782WA0017900172
B1803391855677S04154782WA0017900172
B1803431855677S04154783WA0017900171
B1803471855677S04154783WA0017900171
B1803511855677S04154783WA0017900171
B1803551855677S04154783WA0017900170
B1803591855677S04154783WA0017900170
B1804031855677S04154783WA0017900171
B1804071855677S04154783WA0017900172
B1804111855677S04154783WA0017900172
B1804151855677S04154783WA0017900173
B1804191855677S04154783WA0017900173
B1804231855677S04154783WA0017900172
B1804271855677S04154783WA0017900171
B1804311855677S04154783WA0017900171
B1804351855676S04154782WA0017900171
B1804391855676S04154782WA0017900170
B1804431855676S04154782WA0017900170
B1804471855676S04154782WA0017900170
B1804511855676S04154782WA0017900171
B1804551855676S04154782WA0017900171
B1804591855676S04154782WA0017900171
B1805031855676S04154782WA0017900172
B1805071855676S04154781WA0017900173
B1805111855676S04154781WA0017900173
B1805151855676S04154781WA0017900173
B1805191855676S04154781WA0017900173
B1805231855676S04154781WA0017900173
B1805271855676S04154781WA0017900172
B1805311855676S04154781WA0017900172
B1805351855676S04154781WA0017900173
B1805391855676S04154781WA0017900173
B1805431855676S04154781WA0017900171
B1805471855676S04154781WA0017900171
B1805511855676S04154782WA0017900170
B1805551855676S04154782WA0017900168
B1805591855676S04154782WA0017900168
B1806031855676S04154782WA0017900167
B1806071855676S04154781WA0017900168
B1806111855676S04154781WA0017900168
B1806151855676S04154781WA0017900169
B1806191855676S04154781WA0018000168
B1806231855676S04154781WA0018000168
B1806271855676S04154781WA0018000168
B1806311855676S04154781WA0018000168
B1806351855676S04154782WA0018000167
B1806391855676S04154782WA0018000166
B1806431855676S04154782WA0018000166
B1806471855676S04154782WA0018000165
B1806511855676S04154782WA0018000166
B1806551855676S04154782WA0018000165
B1806591855676S04154782WA0018000165
B1807031855676S04154782WA0018000165
B1807071855676S04154782WA0018000166
B1807111855676S04154782WA0018000166
B1807151855677S04154782WA0018000166
B1807191855677S04154782WA0018000166
B1807231855676S04154782WA0018000167
B1807271855677S04154781WA0018000167
B1807311855677S04154782WA0018000168
B1807351855677S04154782WA0018000169
B1807391855677S04154781WA0018000170
B1807431855677S04154781WA0018000170
B1807471855677S04154782WA0018000170
B1807511855677S04154782WA0018000170
B1807551855677S04154782WA0018000171
B1807591855677S04154782WA0018000170
B1808031855677S04154782WA0018000171
B1808071855677S04154782WA0018000171
B1808111855677S04154782WA0018000171
B1808151855677S04154782WA0018000171
B1808191855677S04154782WA0018000171
B1808231855677S04154782WA0018000170
B1808271855677S04154782WA0018000170
B1808311855677S04154781WA0018000171
B1808351855677S04154781WA0018000171
B1808391855677S04154782WA0018000171
B1808431855677S04154781WA0018000173
B1808471855677S04154781WA0018000172
B1808511855677S04154781WA0018000173
B1808551855677S04154781WA0018000173
B1808591855677S04154781WA0018000173
B1809031855677S04154781WA0018000174
B1809071855676S04154781WA0018000175
B1809111855676S04154780WA0018000176
B1809151855676S04154781WA0018000175
B1809191855676S04154781WA0018000175
B1809231855676S04154781WA0018000175
B1809271855676S04154781WA0018000175
B1809311855676S04154781WA0018000175
B1809351855676S04154781WA0018000175
B1809391855676S04154781WA0018000175
B1809431855676S04154781WA0018000174
B1809471855676S04154781WA0018000175
B1809511855676S04154781WA0018000175
B1809551855676S04154782WA0018000175
B1809591855676S04154781WA0018000175
B1810031855676S04154781WA0018000175
B1810071855676S04154781WA0018000176
B1810111855676S04154781WA0018000176
B1810151855676S04154781WA0018000176
B1810191855676S04154781WA0018000175
B1810231855677S04154781WA0018000174
B1810271855677S04154782WA0018000174
B1810311855677S04154782WA0018000173
B1810351855677S04154782WA0018000173
B1810391855677S04154782WA0018000173
B1810431855677S04154782WA0018000172
B1810471855677S04154783WA0018000172
B1810511855677S04154783WA0018000172
B1810551855677S04154782WA0018000172
B1810591855677S04154782WA0018000173
B1811031855677S04154782WA0018000174
B1811071855677S04154782WA0018000174
B1811111855677S04154782WA0018000173
B1811151855677S04154783WA0018000172
B1811191855678S04154782WA0018000173
B1811231855677S04154782WA0018000174
B1811271855677S04154782WA0018000174
B1811311855678S04154782WA0018000174
B1811351855678S04154782WA0018000174
B1811391855678S04154783WA0018000174
B1811431855678S04154783WA0018000175
B1811471855678S04154783WA0018000175
B1811511855678S04154782WA0018000175
B1811551855678S04154783WA0018000174
B1811591855678S04154783WA0018000174
B1812031855678S04154783WA0018000174
B1812071855678S04154783WA0018000174
B1812111855677S04154782WA0018000174
B1812151855677S04154782WA0018000175
B1812191855677S04154782WA0018000174
B1812231855677S04154782WA0018000175
B1812271855677S04154782WA0018000175
B1812311855677S04154782WA0018000176
B1812351855677S04154782WA0018000176
B1812391855677S04154782WA0018000177
B1812431855677S04154782WA0018000177
B1812471855677S04154782WA0018000178
B1812511855677S04154782WA0018000178
B1812551855677S04154782WA0018000178
B1812591855677S04154782WA0018000178
B1813031855677S04154781WA0018000178
B1813071855677S04154781WA0018000178
B1813111855677S04154781WA0018000179
B1813151855677S04154781WA0018000179
B1813191855677S04154781WA0018000179
B1813231855675S04154780WA0018100182
B1813271855675S04154780WA0018000182
B1813311855676S04154780WA0018000180
B1813351855676S04154780WA0018000178
B1813391855676S04154780WA0018000178
B1813431855676S04154780WA0018000178
B1813471855676S04154780WA0018000179
B1813511855676S04154780WA0018000179
B1813551855676S04154780WA0018000180
B1813591855676S04154780WA0018000180
B1814031855676S04154780WA0018000180
B1814071855676S04154780WA0018000179
B1814111855676S04154780WA0018000178
B1814151855676S04154780WA0018000178
B1814191855676S04154780WA0018000177
B1814231855676S04154780WA0018000177
B1814271855676S04154781WA0018000177
B1814311855675S04154781WA0018000179
B1814351855675S04154781WA0018000180
B1814391855675S04154781WA0018000181
B1814431855676S04154781WA0018000180
B1814471855676S04154780WA0018000180
B1814511855676S04154780WA0018000180
B1814551855675S04154780WA0018000181
B1814591855676S04154780WA0018000181
B1815031855675S04154780WA0018000181
B1815071855676S04154779WA0018000182
B1815111855676S04154779WA0018000182
B1815151855676S04154779WA0018000181
B1815191855676S04154779WA0018000184
B1815231855676S04154780WA0018000183
B1815271855676S04154780WA0018000182
B1815311855676S04154780WA0018000180
B1815351855676S04154779WA0018000182
B1815391855676S04154779WA0018000181
B1815431855677S04154779WA0018000179
B1815471855677S04154779WA0018000178
B1815511855677S04154779WA0018000177
B1815551855677S04154780WA0018000176
B1815591855677S04154780WA0018000176
B1816031855676S04154780WA0018000176
B1816071855676S04154780WA0018000176
B1816111855676S04154780WA0018000176
B1816151855676S04154780WA0018000176
B1816191855676S04154781WA0018100178
B1816231855676S04154783WA0018100180
B1816271855674S04154783WA0018100179
B1816311855672S04154783WA0018100178
B1816351855670S04154783WA0018100178
B1816391855668S04154783WA0018100177
B1816431855666S04154783WA0018100176
B1816471855665S04154784WA0018100175
B1816511855662S04154784WA0018100175
B1816551855660S04154785WA0018100174
B1816591855657S04154786WA0018100174
B1817031855655S04154787WA0018100174
B1817071855653S04154788WA0018100174
B1817111855651S04154788WA0018100174
B1817151855650S04154789WA0018100174
B1817191855650S04154789WA0018100174
B1817231855649S04154789WA0018100175
B1817271855649S04154789WA0018100176
B1817311855649S04154789WA0018100177
B1817351855649S04154789WA0018100177
B1817391855649S04154789WA0018200178
B1817431855649S04154789WA0018200176
B1817471855650S04154790WA0018200175
B1817511855650S04154790WA0018200176
B1817551855650S04154790WA0018200176
B1817591855650S04154790WA0018200176
B1818031855650S04154790WA0018200176
B1818071855650S04154790WA0018200177
B1818111855650S04154790WA0018200176
B1818151855650S04154790WA0018200177
B1818191855650S04154790WA0018200177
B1818231855650S04154790WA0018200177
B1818271855650S04154790WA0018200177
B1818311855650S04154790WA0018200177
B1818351855650S04154790WA0018200177
B1818391855650S04154790WA0018200177
B1818431855650S04154790WA0018200177
B1818471855650S04154790WA0018200178
B1818511855650S04154790WA0018200178
B1818551855650S04154790WA0018200178
B1818591855650S04154790WA0018200177
B1819031855650S04154790WA0018200176
B1819071855650S04154790WA0018200175
B1819111855650S04154790WA0018200175
B1819151855650S04154790WA0018200175
B1819191855650S04154790WA0018200174
B1819231855650S04154790WA0018200174
B1819271855650S04154790WA0018200174
B1819311855650S04154790WA0018200174
B1819351855650S04154790WA0018200174
B1819391855650S04154790WA0018200173
B1819431855650S04154790WA0018200173
B1819471855650S04154790WA0018200173
B1819511855650S04154790WA0018200172
B1819551855650S04154790WA0018200172
B1819591855650S04154790WA0018200172
B1820031855650S04154790WA0018200172
B1820071855651S04154790WA0018200172
B1820111855650S04154790WA0018200171
B1820151855650S04154790WA0018200171
B1820191855650S04154791WA0018200171
B1820231855650S04154791WA0018200170
B1820271855651S04154791WA0018200170
B1820311855651S04154791WA0018200170
B1820351855651S04154791WA0018200170
B1820391855651S04154791WA0018200170
B1820431855651S04154791WA0018200170
B1820471855651S04154791WA0018200170
B1820511855651S04154791WA0018200171
B1820551855651S04154791WA0018200171
B1820591855651S04154791WA0018200171
B1821031855651S04154791WA0018200172
B1821071855651S04154790WA0018200172
B1821111855651S04154790WA0018200172
B1821151855651S04154790WA0018200172
B1821191855651S04154790WA0018200173
B1821231855651S04154790WA0018200173
B1821271855651S04154790WA0018200173
B1821311855651S04154790WA0018200173
B1821351855651S04154790WA0018200173
B1821391855651S04154790WA0018200173
B1821431855651S04154790WA0018200173
B1821471855651S04154790WA0018200173
B1821511855651S04154790WA0018200174
B1821551855651S04154790WA0018200174
B1821591855651S04154790WA0018200174
B1822031855651S04154790WA0018200174
B1822071855651S04154790WA0018200174
B1822111855651S04154790WA0018200174
B1822151855651S04154790WA0018200174
B1822191855651S04154790WA0018200174
B1822231855651S04154790WA0018200174
B1822271855651S04154790WA0018200173
B1822311855651S04154790WA0018200174
B1822351855651S04154790WA0018200174
B1822391855651S04154790WA0018200174
B1822431855651S04154790WA0018200174
B1822471855651S04154790WA0018200174
B1822511855651S04154790WA0018200174
B1822551855651S04154790WA0018200173
B1822591855651S04154790WA0018200173
B1823031855651S04154790WA0018200173
B1823071855651S04154790WA0018200173
B1823111855650S04154790WA0018200173
B1823151855650S04154790WA0018200173
B1823191855650S04154790WA0018200173
B1823231855650S04154790WA0018200173
B1823271855650S04154790WA0018200173
B1823311855650S04154790WA0018200173
B1823351855650S04154790WA0018200173
B1823391855650S04154790WA0018200173
B1823431855650S04154790WA0018200173
B1823471855650S04154790WA0018200173
B1823511855650S04154790WA0018200173
B1823551855650S04154790WA0018200173
B1823591855650S04154790WA0018200174
B1824031855650S04154790WA0018200174
B1824071855650S04154790WA0018200174
B1824111855650S04154790WA0018200175
B1824151855650S04154790WA0018200175
B1824191855650S04154790WA0018200175
B1824231855650S04154790WA0018200175
B1824271855650S04154790WA0018200175
B1824311855650S04154790WA0018200175
B1824351855650S04154790WA0018200175
B1824391855650S04154790WA0018200175
B1824431855650S04154790WA0018200175
B1824471855650S04154790WA0018200175
B1824511855650S04154790WA0018200175
B1824551855650S04154790WA0018200175
B1824591855650S04154790WA0018200175
B1825031855649S04154791WA0018200175
B1825071855649S04154791WA0018200175
B1825111855649S04154791WA0018200175
B1825151855649S04154791WA0018200175
B1825191855649S04154791WA0018200175
B1825231855649S04154791WA0018200175
B1825271855649S04154791WA0018200175
B1825311855649S04154791WA0018200175
B1825351855649S04154791WA0018200175
B1825391855649S04154791WA0018200175
B1825431855649S04154791WA0018200175
B1825471855649S04154791WA0018200175
B1825511855649S04154791WA0018200175
B1825551855649S04154791WA0018200175
B1825591855649S04154791WA0018200174
B1826031855649S04154791WA0018200174
B1826071855649S04154790WA0018200174
B1826111855649S04154790WA0018200174
B1826151855649S04154790WA0018200174
B1826191855648S04154791WA0018200174
B1826231855648S04154791WA0018200174
B1826271855648S04154791WA0018200174
B1826311855648S04154791WA0018200174
B1826351855649S04154791WA0018200174
B1826391855649S04154791WA0018200174
B1826431855649S04154791WA0018200174
B1826471855649S04154791WA0018200174
B1826511855649S04154790WA0018200173
B1826551855649S04154790WA0018200174
B1826591855649S04154790WA0018200174
B1827031855649S04154790WA0018200174
B1827071855649S04154790WA0018200174
B1827111855649S04154790WA0018200174
B1827151855649S04154790WA0018200173
B1827191855649S04154790WA0018200173
B1827231855649S04154790WA0018200173
B1827271855649S04154790WA0018200173
B1827311855649S04154790WA0018200173
B1827351855649S04154790WA0018200173
B1827391855649S04154790WA0018200173
B1827431855649S04154790WA0018200173
B1827471855649S04154790WA0018200173
B1827511855649S04154790WA0018200173
B1827551855649S04154790WA0018200174
B1827591855649S04154790WA0018200174
B1828031855649S04154790WA0018200174
B1828071855649S04154790WA0018200174
B1828111855649S04154790WA0018200174
B1828151855649S04154790WA0018200174
B1828191855649S04154790WA0018200175
B1828231855649S04154790WA0018200175
B1828271855649S04154790WA0018200175
B1828311855649S04154790WA0018200174
B1828351855649S04154790WA0018200175
B1828391855649S04154790WA0018200175
B1828431855649S04154790WA0018200174
B1828471855649S04154790WA0018200174
B1828511855649S04154790WA0018200174
B1828551855649S04154790WA0018200174
B1828591855650S04154790WA0018200174
B1829031855650S04154790WA0018200174
B1829071855650S04154790WA0018200175
B1829111855650S04154790WA0018200175
B1829151855650S04154790WA0018200175
B1829191855650S04154790WA0018200175
B1829231855650S04154790WA0018200175
B1829271855650S04154790WA0018200175
B1829311855650S04154790WA0018200175
B1829351855650S04154790WA0018200175
B1829391855650S04154790WA0018200175
B1829431855650S04154790WA0018200176
B1829471855650S04154790WA0018200176
B1829511855650S04154791WA0018200176
B1829551855650S04154791WA0018200176
B1829591855650S04154791WA0018200175
B1830031855650S04154791WA0018200175
B1830071855650S04154791WA0018200175
B1830111855650S04154791WA0018200175
B1830151855650S04154791WA0018200175
B1830191855650S04154791WA0018200175
B1830231855650S04154791WA0018200175
B1830271855650S04154791WA0018200176
B1830311855650S04154791WA0018200176
B1830351855650S04154791WA0018200176
B1830391855650S04154791WA0018200176
B1830431855650S04154791WA0018200176
B1830471855650S04154791WA0018200177
B1830511855650S04154791WA0018200177
B1830551855651S04154791WA0018200176
B1830591855650S04154791WA0018200176
B1831031855650S04154791WA0018200176
B1831071855650S04154791WA0018200176
B1831111855650S04154791WA0018200176
B1831151855650S04154791WA0018200176
B1831191855650S04154791WA0018200176
B1831231855650S04154791WA0018200176
B1831271855650S04154791WA0018200176
B1831311855650S04154791WA0018200176
B1831351855650S04154791WA0018200176
B1831391855650S04154791WA0018200176
B1831431855650S04154790WA0018200176
B1831471855650S04154791WA0018200176
B1831511855650S04154790WA0018200176
B1831551855651S04154790WA0018200176
B1831591855651S04154790WA0018200176
B1832031855651S04154790WA0018200176
B1832071855651S04154791WA0018200176
B1832111855651S04154790WA0018200176
B1832151855651S04154790WA0018200176
B1832191855651S04154790WA0018200176
B1832231855651S04154790WA0018200176
B1832271855651S04154790WA0018200177
B1832311855651S04154790WA0018200177
B1832351855650S04154790WA0018200177
B1832391855650S04154790WA0018200177
B1832431855650S04154790WA0018200177
B1832471855650S04154790WA0018200177
B1832511855650S04154790WA0018200178
B1832551855650S04154790WA0018200178
B1832591855650S04154790WA0018200178
B1833031855650S04154790WA0018200178
B1833071855650S04154790WA0018200178
B1833111855650S04154790WA0018200178
B1833151855650S04154790WA0018200178
B1833191855650S04154790WA0018200178
B1833231855650S04154790WA0018200178
B1833271855651S04154790WA0018200179
B1833311855651S04154790WA0018200178
B1833351855651S04154790WA0018200178
B1833391855651S04154790WA0018200178
B1833431855651S04154790WA0018200178
B1833471855651S04154790WA0018200179
B1833511855651S04154790WA0018200179
B1833551855651S04154790WA0018200179
B1833591855651S04154790WA0018200179
B1834031855651S04154790WA0018200179
B1834071855651S04154790WA0018200180
B1834111855651S04154790WA0018200180
B1834151855651S04154790WA0018200180
B1834191855651S04154790WA0018200181
B1834231855651S04154790WA0018200181
B1834271855651S04154790WA0018200181
B1834311855651S04154790WA0018200182
B1834351855651S04154790WA0018200182
B1834391855651S04154790WA0018200182
B1834431855651S04154790WA0018200182
B1834471855651S04154790WA0018200182
B1834511855651S04154790WA0018200183
B1834551855651S04154790WA0018200183
B1834591855651S04154790WA0018200183
B1835031855651S04154790WA0018200183
B1835071855651S04154790WA0018200183
B1835111855651S04154790WA0018200184
B1835151855651S04154790WA0018200184
B1835191855651S04154790WA0018200184
B1835231855651S04154790WA0018200185
B1835271855651S04154789WA0018200185
B1835311855651S04154789WA0018200185
B1835351855651S04154789WA0018200185
B1835391855651S04154789WA0018200185
B1835431855651S04154789WA0018200185
B1835471855651S04154789WA0018200185
B1835511855651S04154789WA0018200185
B1835551855651S04154789WA0018200185
B1835591855651S04154789WA0018200185
B1836031855651S04154789WA0018200185
B1836071855651S04154789WA0018200185
B1836111855651S04154789WA0018200185
B1836151855651S04154789WA0018200186
B1836191855651S04154789WA0018200186
B1836231855651S04154789WA0018200186
B1836271855651S04154789WA0018200186
B1836311855651S04154789WA0018200187
B1836351855651S04154789WA0018200187
B1836391855651S04154789WA0018200187
B1836431855651S04154789WA0018200188
B1836471855651S04154789WA0018200188
B1836511855651S04154789WA0018200188
B1836551855651S04154789WA0018200188
B1836591855651S04154789WA0018200188
B1837031855651S04154789WA0018200188
B1837071855651S04154789WA0018200188
B1837111855651S04154789WA0018200188
B1837151855651S04154789WA0018200188
B1837191855651S04154789WA0018200188
B1837231855651S04154789WA0018200188
B1837271855651S04154789WA0018200187
B1837311855651S04154789WA0018200187
B1837351855651S04154789WA0018200187
B1837391855651S04154789WA0018200187
B1837431855651S04154789WA0018200187
B1837471855651S04154789WA0018200187
B1837511855651S04154789WA0018200187
B1837551855651S04154789WA0018200187
B1837591855651S04154789WA0018200187
B1838031855651S04154789WA0018200187
B1838071855651S04154789WA0018200187
B1838111855651S04154789WA0018200187
B1838151855651S04154789WA0018200186
B1838191855651S04154789WA0018200187
B1838231855651S04154789WA0018200187
B1838271855651S04154789WA0018200187
B1838311855651S04154789WA0018200187
B1838351855651S04154789WA0018200186
B1838391855651S04154789WA0018200187
B1838431855651S04154789WA0018200187
B1838471855651S04154789WA0018200186
B1838511855650S04154789WA0018200186
B1838551855650S04154789WA0018200186
B1838591855650S04154790WA0018200186
B1839031855650S04154790WA0018200187
B1839071855650S04154790WA0018200187
B1839111855650S04154790WA0018200187
B1839151855650S04154790WA0018200187
B1839191855650S04154790WA0018200187
B1839231855650S04154790WA0018200187
B1839271855650S04154790WA0018200187
B1839311855650S04154790WA0018200187
B1839351855650S04154790WA0018200187
B1839391855650S04154790WA0018200187
B1839431855650S04154790WA0018200187
B1839471855650S04154790WA0018200187
B1839511855650S04154790WA0018200187
B1839551855650S04154790WA0018200187
B1839591855650S04154790WA0018200187
B1840031855650S04154790WA0018200187
B1840071855650S04154790WA0018200187
B1840111855650S04154790WA0018200187
B1840151855650S04154790WA0018200187
B1840191855650S04154790WA0018200187
B1840231855650S04154790WA0018300187
B1840271855650S04154790WA0018200187
B1840311855650S04154790WA0018200187
B1840351855650S04154790WA0018200187
B1840391855650S04154790WA0018200187
B1840431855650S04154790WA0018200187
B1840471855650S04154790WA0018200187
B1840511855650S04154790WA0018300187
B1840551855650S04154790WA0018300187
B1840591855650S04154790WA0018200187
B1841031855650S04154790WA0018200187
B1841071855650S04154790WA0018300187
B1841111855650S04154790WA0018300186
B1841151855650S04154790WA0018300186
B1841191855650S04154790WA0018300186
B1841231855650S04154790WA0018300186
B1841271855650S04154790WA0018300186
B1841311855650S04154790WA0018300186
B1841351855650S04154790WA0018300186
B1841391855650S04154790WA0018300186
B1841431855650S04154790WA0018300187
B1841471855650S04154790WA0018300187
B1841511855650S04154790WA0018300186
B1841551855650S04154790WA0018300186
B1841591855650S04154790WA0018300186
B1842031855650S04154790WA0018300185
B1842071855650S04154790WA0018300185
B1842111855650S04154789WA0018300185
B1842151855650S04154789WA0018300185
B1842191855650S04154789WA0018300185
B1842231855650S04154789WA0018300184
B1842271855650S04154789WA0018300184
B1842311855650S04154789WA0018300184
B1842351855650S04154789WA0018300184
B1842391855650S04154789WA0018300184
B1842431855650S04154789WA0018300184
B1842471855650S04154789WA0018300184
B1842511855650S04154789WA0018300184
B1842551855650S04154789WA0018300184
B1842591855650S04154789WA0018300184
B1843031855650S04154789WA0018300184
B1843071855650S04154789WA0018300184
B1843111855650S04154789WA0018300183
B1843151855650S04154789WA0018300183
B1843191855650S04154789WA0018300184
B1843231855650S04154789WA0018300184
B1843271855650S04154789WA0018300184
B1843311855650S04154789WA0018300184
B1843351855650S04154789WA0018300184
B1843391855650S04154789WA0018300184
B1843431855651S04154789WA0018300184
B1843471855651S04154789WA0018300184
B1843511855651S04154789WA0018300184
B1843551855651S04154789WA0018300183
B1843591855651S04154789WA0018300183
B1844031855651S04154789WA0018300183
B1844071855651S04154789WA0018300183
B1844111855650S04154789WA0018300183
B1844151855650S04154789WA0018300183
B1844191855651S04154789WA0018300183
B1844231855651S04154789WA0018300183
B1844271855651S04154789WA0018300183
B1844311855651S04154789WA0018300183
B1844351855651S04154789WA0018300183
B1844391855651S04154789WA0018300183
B1844431855651S04154789WA0018300183
B1844471855651S04154789WA0018300183
B1844511855651S04154789WA0018300183
B1844551855651S04154789WA0018300183
B1844591855651S04154789WA0018300183
B1845031855651S04154789WA0018300183
B1845071855651S04154789WA0018300183
B1845111855651S04154789WA0018300182
B1845151855651S04154789WA0018300182
B1845191855651S04154789WA0018300182
B1845231855651S04154790WA0018300182
B1845271855651S04154790WA0018300182
B1845311855651S04154790WA0018300182
B1845351855651S04154790WA0018300182
B1845391855651S04154790WA0018300182
B1845431855651S04154790WA0018300182
B1845471855651S04154790WA0018300181
B1845511855651S04154790WA0018300181
B1845551855651S04154790WA0018300181
B1845591855651S04154790WA0018300181
B1846031855651S04154790WA0018300181
B1846071855651S04154790WA0018300181
B1846111855651S04154790WA0018300181
B1846151855651S04154790WA0018300181
B1846191855651S04154790WA0018300181
B1846231855652S04154790WA0018300181
B1846271855652S04154790WA0018300181
B1846311855651S04154790WA0018300181
B1846351855652S04154790WA0018300181
B1846391855651S04154790WA0018300180
B1846431855651S04154789WA0018300180
B1846471855651S04154789WA0018300180
B1846511855652S04154789WA0018300180
B1846551855651S04154789WA0018300181
B1846591855651S04154789WA0018300181
B1847031855651S04154789WA0018300180
B1847071855651S04154789WA0018300180
B1847111855651S04154789WA0018300180
B1847151855651S04154789WA0018300180
B1847191855651S04154789WA0018300180
B1847231855651S04154789WA0018300179
B1847271855651S04154789WA0018300179
B1847311855651S04154789WA0018300179
B1847351855651S04154789WA0018300179
B1847391855651S04154789WA0018300179
B1847431855651S04154790WA0018300179
B1847471855651S04154790WA0018300178
B1847511855651S04154790WA0018300178
B1847551855651S04154790WA0018300178
B1847591855651S04154790WA0018300178
B1848031855651S04154790WA0018300179
B1848071855651S04154790WA0018300179
B1848111855651S04154790WA0018300179
B1848151855652S04154790WA0018300179
B1848191855652S04154790WA0018300179
B1848231855652S04154789WA0018300179
B1848271855652S04154789WA0018300179
B1848311855652S04154789WA0018300179
B1848351855652S04154789WA0018300179
B1848391855651S04154789WA0018300178
B1848431855651S04154790WA0018300179
B1848471855651S04154790WA0018300179
B1848511855651S04154790WA0018300180
B1848551855651S04154790WA0018300180
B1848591855651S04154790WA0018300180
B1849031855651S04154790WA0018300180
B1849071855651S04154790WA0018300180
B1849111855650S04154790WA0018300180
B1849151855650S04154790WA0018300179
B1849191855650S04154790WA0018300179
B1849231855650S04154790WA0018300178
B1849271855650S04154790WA0018300177
B1849311855650S04154790WA0018300177
B1849351855650S04154790WA0018300177
B1849391855650S04154790WA0018300178
B1849431855650S04154790WA0018300178
B1849471855650S04154790WA0018300178
B1849511855650S04154790WA0018300178
B1849551855651S04154790WA0018300178
B1849591855651S04154790WA0018300178
B1850031855651S04154790WA0018300178
B1850071855651S04154790WA0018300178
B1850111855651S04154790WA0018300178
B1850151855651S04154790WA0018300177
B1850191855651S04154790WA0018300178
B1850231855651S04154790WA0018300177
B1850271855651S04154790WA0018300177
B1850311855651S04154790WA0018300177
B1850351855651S04154790WA0018300177
B1850391855651S04154790WA0018300176
B1850431855651S04154790WA0018300176
B1850471855651S04154789WA0018300177
B1850511855651S04154789WA0018300177
B1850551855651S04154789WA0018300177
B1850591855651S04154789WA0018300177
B1851031855651S04154789WA0018300177
B1851071855651S04154789WA0018300178
B1851111855651S04154789WA0018300178
B1851151855651S04154789WA0018300179
B1851191855651S04154789WA0018300180
B1851231855651S04154789WA0018300181
B1851271855651S04154789WA0018300182
B1851311855651S04154789WA0018300183
B1851351855651S04154789WA0018300182
B1851391855651S04154789WA0018300181
B1851431855651S04154788WA0018300182
B1851471855651S04154788WA0018300182
B1851511855651S04154788WA0018300183
B1851551855651S04154788WA0018300183
B1851591855651S04154788WA0018300184
B1852031855651S04154788WA0018300184
B1852071855651S04154788WA0018300184
B1852111855653S04154786WA0018300182
B1852151855658S04154785WA0018300180
B1852191855663S04154783WA0018300181
B1852231855667S04154782WA0018300181
B1852271855672S04154782WA0018300182
B1852311855678S04154784WA0018300182
B1852351855685S04154786WA0018300182
B1852391855695S04154789WA0018300181
B1852431855704S04154793WA0018300181
B1852471855712S04154796WA0018300181
B1852511855719S04154800WA0018300182
B1852551855725S04154803WA0018300182
B1852591855726S04154803WA0018300182
B1853031855725S04154803WA0018300182
B1853071855724S04154803WA0018300182
B1853111855723S04154804WA0018300181
B1853151855723S04154804WA0018300181
B1853191855722S04154802WA0018300180
B1853231855716S04154798WA0018300179
B1853271855709S04154794WA0018300178
B1853311855703S04154792WA0018300177
B1853351855698S04154790WA0018300176
B1853391855691S04154788WA0018300177
B1853431855683S04154785WA0018300175
B1853471855678S04154785WA0018300173
B1853511855677S04154784WA0018300171
B1853551855675S04154783WA0018300172
B1853591855671S04154784WA0018300171
B1854031855667S04154784WA0018300167
B1854071855663S04154783WA0018300166
B1854111855663S04154785WA0018300168
B1854151855664S04154785WA0018300168
B1854191855665S04154783WA0018300168
B1854231855665S04154784WA0018300163
B1854271855665S04154784WA0018300159
B1854311855666S04154783WA0018300158
B1854351855666S04154781WA0018300160
B1854391855667S04154781WA0018300164
B1854431855667S04154781WA0018300165
B1854471855666S04154781WA0018300169
B1854511855667S04154780WA0018300170
B1854551855666S04154779WA0018300170
B1854591855666S04154777WA0018300167
B1855031855667S04154776WA0018300168
B1855071855669S04154777WA0018300169
B1855111855669S04154776WA0018300169
B1855151855669S04154775WA0018300171
B1855191855669S04154775WA0018300171
B1855231855669S04154776WA0018300170
B1855271855669S04154777WA0018300169
B1855311855668S04154778WA0018300168
B1855351855668S04154779WA0018300168
B1855391855669S04154778WA0018300168
B1855431855670S04154778WA0018300169
B1855471855669S04154779WA0018300168
B1855511855668S04154781WA0018300168
B1855551855669S04154782WA0018300168
B1855591855669S04154780WA0018300165
B1856031855669S04154781WA0018300165
B1856071855668S04154782WA0018300166
B1856111855667S04154782WA0018300163
B1856151855665S04154782WA0018300157
B1856191855665S04154782WA0018300152
B1856231855666S04154782WA0018400156
B1856271855666S04154782WA0018400158
B1856311855667S04154782WA0018400159
B1856351855667S04154782WA0018400161
B1856391855668S04154781WA0018400163
B1856431855667S04154781WA0018300165
B1856471855667S04154781WA0018400166
B1856511855668S04154781WA0018300168
B1856551855668S04154782WA0018300170
B1856591855668S04154782WA0018300170
B1857031855668S04154782WA0018400171
B1857071855668S04154782WA0018400172
B1857111855668S04154782WA0018300172
B1857151855668S04154782WA0018400172
B1857191855667S04154782WA0018400172
B1857231855667S04154782WA0018400173
B1857271855667S04154782WA0018400173
B1857311855667S04154781WA0018400173
B1857351855667S04154781WA0018300174
B1857391855667S04154780WA0018400174
B1857431855667S04154781WA0018400175
B1857471855667S04154781WA0018400177
B1857511855667S04154781WA0018400177
B1857551855667S04154781WA0018400177
B1857591855667S04154781WA0018400177
B1858031855667S04154781WA0018400177
B1858071855667S04154781WA0018400178
B1858111855667S04154781WA0018400178
B1858151855667S04154780WA0018400178
B1858191855667S04154781WA0018400176
B1858231855667S04154781WA0018400177
B1858271855667S04154781WA0018400178
B1858311855668S04154781WA0018400177
B1858351855668S04154781WA0018400178
B1858391855668S04154781WA0018400177
B1858431855668S04154781WA0018400177
B1858471855669S04154781WA0018400177
B1858511855668S04154781WA0018400176
B1858551855668S04154781WA0018400176
B1858591855668S04154781WA0018400176
B1859031855669S04154781WA0018400175
B1859071855670S04154781WA0018400174
B1859111855673S04154784WA0018400174
B1859151855675S04154784WA0018400175
B1859191855674S04154784WA0018400175
B1859231855675S04154783WA0018400174
B1859271855674S04154783WA0018400173
B1859311855673S04154784WA0018300172
B1859351855672S04154783WA0018400172
B1859391855670S04154783WA0018400172
B1859431855665S04154784WA0018400171
B1859471855658S04154785WA0018400172
B1859511855650S04154789WA0018400172
B1859551855640S04154793WA0018500173
B1859591855630S04154797WA0018500174
B1900031855621S04154800WA0018500174
B1900071855613S04154804WA0018500174
B1900111855603S04154808WA0018500175
B1900151855592S04154813WA0018600176
B1900191855580S04154818WA0018600178
B1900231855570S04154822WA0018600179
B1900271855558S04154826WA0018600178
B1900311855548S04154831WA0018600179
B1900351855539S04154834WA0018700179
B1900391855529S04154837WA0018700179
B1900431855522S04154840WA0018700178
B1900471855520S04154842WA0018700178
B1900511855518S04154843WA0018700178
B1900551855518S04154843WA0018700177
B1900591855518S04154844WA0018700176
B1901031855518S04154844WA0018700175
B1901071855518S04154844WA0018700175
B1901111855518S04154844WA0018700175
B1901151855518S04154844WA0018700175
B1901191855516S04154845WA0018700175
B1901231855512S04154851WA0018800175
B1901271855514S04154860WA0018800177
B1901311855517S04154873WA0018800179
B1901351855520S04154885WA0018800179
B1901391855521S04154887WA0018700179
B1901431855521S04154887WA0018700179
B1901471855522S04154890WA0018700179
B1901511855525S04154901WA0018800178
B1901551855529S04154913WA0018800178
B1901591855533S04154925WA0018800179
B1902031855538S04154937WA0018800181
B1902071855543S04154952WA0018800181
B1902111855549S04154967WA0018800183
B1902151855556S04154980WA0018900183
B1902191855563S04154989WA0018800184
B1902231855570S04154997WA0018900185
B1902271855582S04155008WA0019000186
B1902311855592S04155020WA0019000187
B1902351855603S04155033WA0018900184
B1902391855613S04155048WA0018900182
B1902431855620S04155065WA0018800179
B1902471855629S04155085WA0018800177
B1902511855641S04155104WA0018800175
B1902551855651S04155124WA0018800176
B1902591855658S04155146WA0018800177
B1903031855662S04155169WA0019000180
B1903071855668S04155192WA0019200184
B1903111855673S04155216WA0019400187
B1903151855674S04155240WA0019500188
B1903191855673S04155267WA0019600188
B1903231855676S04155293WA0019700188
B1903271855688S04155315WA0019800189
B1903311855707S04155330WA0019700186
B1903351855726S04155339WA0019400183
B1903391855746S04155353WA0019200180
B1903431855761S04155372WA0019100181
B1903471855774S04155392WA0019100183
B1903511855787S04155415WA0019100182
B1903551855801S04155437WA0019100182
B1903591855815S04155460WA0019100183
B1904031855827S04155481WA0019000183
B1904071855838S04155500WA0019100184
B1904111855841S04155520WA0019100184
B1904151855838S04155536WA0019200185
B1904191855829S04155551WA0019200183
B1904231855818S04155567WA0019200183
B1904271855819S04155590WA0019200186
B1904311855825S04155614WA0019200184
B1904351855831S04155639WA0019300183
B1904391855836S04155658WA0019500185
B1904431855838S04155675WA0019800185
B1904471855841S04155694WA0020000186
B1904511855843S04155712WA0020100189
B1904551855834S04155727WA0020100190
B1904591855815S04155729WA0020000187
B1905031855794S04155732WA0019900189
B1905071855775S04155745WA0019700191
B1905111855761S04155761WA0019600195
B1905151855754S04155781WA0019500195
B1905191855755S04155806WA0019600196
B1905231855757S04155829WA0019700197
B1905271855760S04155849WA0019700197
B1905311855764S04155869WA0019500196
B1905351855773S04155887WA0019500195
B1905391855784S04155902WA0019500197
B1905431855791S04155916WA0019700200
B1905471855791S04155929WA0019800200
B1905511855789S04155942WA0019700197
B1905551855790S04155957WA0019600195
B1905591855791S04155974WA0019500194
B1906031855791S04155989WA0019500193
B1906071855792S04156004WA0019500192
B1906111855793S04156019WA0019600193
B1906151855792S04156031WA0019700194
B1906191855794S04156043WA0019800194
B1906231855794S04156053WA0019900194
B1906271855795S04156060WA0019900193
B1906311855796S04156070WA0020000195
B1906351855798S04156085WA0020100195
B1906391855800S04156102WA0020100194
B1906431855801S04156124WA0020100192
B1906471855798S04156142WA0020100191
B1906511855792S04156158WA0020100190
B1906551855785S04156176WA0020100190
B1906591855777S04156196WA0020100190
B1907031855771S04156217WA0020100190
B1907071855764S04156237WA0020100192
B1907111855758S04156257WA0020100192
B1907151855751S04156276WA0020200192
B1907191855741S04156290WA0020200192
B1907231855728S04156302WA0020300194
B1907271855716S04156313WA0020300195
B1907311855706S04156324WA0020400196
B1907351855696S04156334WA0020500196
B1907391855685S04156343WA0020500194
B1907431855672S04156348WA0020500194
B1907471855657S04156351WA0020600195
B1907511855640S04156357WA0020600194
B1907551855612S04156361WA0020700191
B1907591855575S04156366WA0020700190
B1908031855532S04156372WA0020800191
B1908071855485S04156378WA0020900191
B1908111855437S04156384WA0020900192
B1908151855392S04156390WA0020800190
B1908191855349S04156396WA0020600189
B1908231855308S04156402WA0020600188
B1908271855269S04156407WA0020600191
B1908311855231S04156412WA0020500192
B1908351855193S04156416WA0020300192
B1908391855155S04156422WA0020200194
B1908431855120S04156427WA0020000192
B1908471855088S04156431WA0019800190
B1908511855057S04156435WA0019700190
B1908551855027S04156439WA0019600189
B1908591854997S04156443WA0019600188
B1909031854964S04156447WA0019600186
B1909071854929S04156452WA0019600185
B1909111854891S04156457WA0019500185
B1909151854852S04156462WA0019500186
B1909191854815S04156467WA0019500186
B1909231854777S04156473WA0019600186
B1909271854739S04156478WA0019700183
B1909311854702S04156483WA0019500183
B1909351854664S04156488WA0019300181
B1909391854627S04156493WA0019000179
B1909431854594S04156497WA0018900179
B1909471854563S04156501WA0018800179
B1909511854533S04156505WA0018800175
B1909551854501S04156510WA0018700174
B1909591854471S04156517WA0018700173
B1910031854441S04156524WA0018600175
B1910071854411S04156532WA0018600176
B1910111854380S04156542WA0018600175
B1910151854347S04156553WA0018600178
B1910191854315S04156566WA0018500179
B1910231854283S04156580WA0018500178
B1910271854252S04156595WA0018400177
B1910311854221S04156612WA0018400176
B1910351854191S04156629WA0018400174
B1910391854162S04156647WA0018300174
B1910431854137S04156661WA0018200173
B1910471854125S04156668WA0018100172
B1910511854112S04156676WA0018100171
B1910551854094S04156686WA0018100170
B1910591854075S04156697WA0018100171
B1911031854055S04156709WA0018100171
B1911071854034S04156721WA0018100171
B1911111854013S04156734WA0018100170
B1911151853989S04156748WA0018100171
B1911191853964S04156762WA0018200171
B1911231853938S04156778WA0018200171
B1911271853911S04156794WA0018300172
B1911311853884S04156810WA0018200172
B1911351853856S04156826WA0018200173
B1911391853828S04156841WA0018200174
B1911431853800S04156856WA0018200174
B1911471853770S04156865WA0018100175
B1911511853740S04156869WA0018100175
B1911551853715S04156868WA0018000175
B1911591853700S04156865WA0017900175
B1912031853687S04156862WA0017900175
B1912071853669S04156857WA0017900174
B1912111853650S04156852WA0017900173
B1912151853635S04156848WA0017800173
B1912191853621S04156844WA0017800172
B1912231853605S04156840WA0017800172
B1912271853589S04156835WA0017800173
B1912311853578S04156831WA0017800173
B1912351853569S04156829WA0017800172
B1912391853559S04156826WA0017800172
B1912431853545S04156822WA0017800171
B1912471853530S04156817WA0017800170
B1912511853513S04156813WA0017800170
B1912551853494S04156808WA0017800169
B1912591853475S04156803WA0017800169
B1913031853456S04156797WA0017800169
B1913071853439S04156792WA0017700171
B1913111853424S04156788WA0017700170
B1913151853408S04156784WA0017700170
B1913191853392S04156779WA0017700169
B1913231853375S04156775WA0017700168
B1913271853357S04156770WA0017700167
B1913311853336S04156764WA0017700166
B1913351853317S04156759WA0017700166
B1913391853305S04156756WA0017600166
B1913431853295S04156754WA0017600166
B1913471853283S04156753WA0017600165
B1913511853269S04156752WA0017600165
B1913551853252S04156752WA0017600166
B1913591853234S04156754WA0017700166
B1914031853215S04156758WA0017700165
B1914071853197S04156763WA0017700164
B1914111853184S04156768WA0017600164
B1914151853179S04156769WA0017600164
B1914191853173S04156772WA0017600166
B1914231853163S04156777WA0017600168
B1914271853150S04156785WA0017600168
B1914311853135S04156795WA0017600168
B1914351853122S04156805WA0017600168
B1914391853113S04156813WA0017500169
B1914431853104S04156823WA0017500169
B1914471853094S04156834WA0017500168
B1914511853087S04156843WA0017500168
B1914551853081S04156852WA0017500168
B1914591853074S04156864WA0017600168
B1915031853066S04156880WA0017600166
B1915071853059S04156896WA0017600166
B1915111853054S04156912WA0017600166
B1915151853052S04156923WA0017500165
B1915191853049S04156934WA0017500165
B1915231853046S04156946WA0017500164
B1915271853043S04156960WA0017500165
B1915311853040S04156976WA0017500166
B1915351853036S04156993WA0017600164
B1915391853032S04157011WA0017600164
B1915431853028S04157031WA0017600164
B1915471853024S04157052WA0017600164
B1915511853019S04157074WA0017600163
B1915551853015S04157094WA0017600162
B1915591853010S04157115WA0017600161
B1916031853006S04157137WA0017600161
B1916071853002S04157158WA0017600160
B1916111852997S04157179WA0017600159
B1916151852993S04157199WA0017600158
B1916191852989S04157219WA0017600159
B1916231852984S04157240WA0017600159
B1916271852980S04157261WA0017600158
B1916311852975S04157284WA0017600157
B1916351852969S04157308WA0017500157
B1916391852964S04157333WA0017500158
B1916431852957S04157360WA0017500159
B1916471852948S04157389WA0017500159
B1916511852937S04157419WA0017400160
B1916551852923S04157451WA0017400162
B1916591852907S04157482WA0017300163
B1917031852890S04157511WA0017300165
B1917071852872S04157537WA0017400166
B1917111852853S04157563WA0017500169
B1917151852831S04157589WA0017700171
B1917191852805S04157615WA0018000174
B1917231852780S04157641WA0018300177
B1917271852758S04157662WA0018500180
B1917311852741S04157680WA0018600181
B1917351852725S04157695WA0018800183
B1917391852711S04157710WA0018900184
B1917431852697S04157724WA0019000185
B1917471852683S04157738WA0019100186
B1917511852668S04157753WA0019200186
B1917551852653S04157766WA0019200185
B1917591852638S04157780WA0019100185
B1918031852624S04157787WA0019000183
B1918071852614S04157793WA0018900181
B1918111852599S04157807WA0018900180
B1918151852582S04157824WA0018900178
B1918191852567S04157840WA0018800175
B1918231852549S04157859WA0018500173
B1918271852532S04157874WA0018400173
B1918311852511S04157877WA0018200171
B1918351852493S04157874WA0018100173
B1918391852483S04157872WA0018100175
B1918431852465S04157868WA0018100175
B1918471852445S04157865WA0018100177
B1918511852424S04157861WA0018100178
B1918551852403S04157857WA0018100176
B1918591852385S04157853WA0018100177
B1919031852364S04157848WA0018100174
B1919071852344S04157845WA0018100173
B1919111852332S04157843WA0018100172
B1919151852324S04157842WA0018100171
B1919191852310S04157839WA0018200170
B1919231852290S04157834WA0018500171
B1919271852268S04157829WA0018500168
B1919311852246S04157825WA0018300168
B1919351852236S04157823WA0018200164
B1919391852221S04157820WA0018200163
B1919431852203S04157817WA0018200162
B1919471852184S04157814WA0018200163
B1919511852165S04157809WA0018200164
B1919551852145S04157804WA0018200163
B1919591852128S04157795WA0018100166
B1920031852115S04157782WA0018100166
B1920071852102S04157768WA0018100166
B1920111852090S04157750WA0018100164
B1920151852081S04157737WA0018100164
B1920191852073S04157726WA0018100166
B1920231852064S04157710WA0018100166
B1920271852055S04157695WA0018100169
B1920311852043S04157677WA0018300174
B1920351852031S04157657WA0018500180
B1920391852020S04157639WA0018600185
B1920431852005S04157616WA0018600185
B1920471851989S04157591WA0018300184
B1920511851977S04157572WA0018000182
B1920551851969S04157561WA0017900180
B1920591851962S04157549WA0017900182
B1921031851951S04157531WA0018000183
B1921071851936S04157510WA0018000184
B1921111851925S04157492WA0018000184
B1921151851920S04157484WA0017900184
B1921191851915S04157475WA0017900183
B1921231851907S04157463WA0018000181
B1921271851895S04157445WA0018000178
B1921311851881S04157424WA0018000176
B1921351851870S04157408WA0018000174
B1921391851859S04157391WA0017900172
B1921431851851S04157379WA0017900172
B1921471851841S04157383WA0017900173
B1921511851830S04157390WA0017900173
B1921551851817S04157398WA0017900170
B1921591851808S04157398WA0017800171
B1922031851798S04157387WA0017900172
B1922071851790S04157374WA0017800172
B1922111851789S04157372WA0017800174
B1922151851785S04157366WA0017800179
B1922191851776S04157353WA0017800182
B1922231851765S04157336WA0017800183
B1922271851754S04157318WA0017800180
B1922311851745S04157304WA0017800180
B1922351851740S04157296WA0017700180
B1922391851739S04157296WA0017700178
B1922431851738S04157296WA0017700178
B1922471851738S04157296WA0017700176
B1922511851737S04157295WA0017700175
B1922551851737S04157295WA0017700175
B1922591851737S04157295WA0017700176
B1923031851737S04157295WA0017700176
B1923071851736S04157295WA0017700177
B1923111851736S04157295WA0017700177
B1923151851736S04157295WA0017700178
B1923191851736S04157295WA0017700178
B1923231851735S04157295WA0017700179
B1923271851736S04157294WA0017700182
B1923311851735S04157294WA0017700183
B1923351851735S04157293WA0017700182
B1923391851733S04157287WA0017700184
B1923431851727S04157276WA0017700185
B1923471851718S04157263WA0017700182
B1923511851707S04157246WA0017700182
B1923551851694S04157226WA0017600178
B1923591851680S04157204WA0017600178
B1924031851667S04157184WA0017600177
B1924071851655S04157165WA0017600176
B1924111851644S04157148WA0017500174
B1924151851631S04157128WA0017600174
B1924191851619S04157109WA0017600176
B1924231851607S04157091WA0017600177
B1924271851597S04157074WA0017600174
B1924311851587S04157058WA0017600172
B1924351851575S04157041WA0017600172
B1924391851565S04157026WA0017600169
B1924431851556S04157013WA0017600168
B1924471851546S04156996WA0017600166
B1924511851534S04156978WA0017600167
B1924551851523S04156960WA0017600167
B1924591851513S04156944WA0017600167
B1925031851503S04156928WA0017700173
B1925071851493S04156911WA0017600174
B1925111851484S04156895WA0017600177
B1925151851474S04156879WA0017600180
B1925191851464S04156863WA0017600180
B1925231851453S04156845WA0017700181
B1925271851443S04156827WA0017700184
B1925311851432S04156811WA0017700186
B1925351851425S04156797WA0017700193
B1925391851418S04156782WA0017700205
B1925431851408S04156767WA0017700202
B1925471851398S04156752WA0017700199
B1925511851389S04156735WA0017600192
B1925551851377S04156719WA0017600188
B1925591851369S04156703WA0017600195
B1926031851358S04156686WA0017600201
B1926071851343S04156663WA0017600203
B1926111851329S04156641WA0017600206
B1926151851314S04156618WA0017600204
B1926191851298S04156594WA0017600200
B1926231851281S04156569WA0017600192
B1926271851267S04156548WA0017500186
B1926311851262S04156542WA0017400185
B1926351851261S04156542WA0017400184
B1926391851261S04156543WA0017400184
B1926431851258S04156544WA0017400182
B1926471851256S04156543WA0017400173
B1926511851255S04156544WA0017400171
B1926551851254S04156544WA0017400170
B1926591851253S04156544WA0017400169
B1927031851253S04156544WA0017400172
B1927071851253S04156544WA0017400173
B1927111851253S04156544WA0017400173
B1927151851253S04156544WA0017400174
B1927191851253S04156544WA0017400175
B1927231851254S04156543WA0017400176
B1927271851254S04156543WA0017400177
B1927311851254S04156543WA0017400177
B1927351851253S04156541WA0017400177
B1927391851247S04156530WA0017500177
B1927431851237S04156513WA0017500180
B1927471851225S04156494WA0017500181
B1927511851214S04156474WA0017500180
B1927551851201S04156455WA0017400179
B1927591851190S04156436WA0017400180
B1928031851179S04156419WA0017400181
B1928071851172S04156405WA0017300183
B1928111851168S04156399WA0017300182
B1928151851162S04156392WA0017300181
B1928191851156S04156381WA0017300181
B1928231851148S04156369WA0017300182
B1928271851138S04156355WA0017300182
B1928311851129S04156339WA0017300182
B1928351851119S04156325WA0017200180
B1928391851110S04156326WA0017200178
B1928431851098S04156333WA0017200175
B1928471851086S04156341WA0017200172
B1928511851073S04156350WA0017300170
B1928551851062S04156360WA0017300175
B1928591851050S04156367WA0017300175
B1929031851041S04156372WA0017300173
B1929071851039S04156374WA0017400169
B1929111851038S04156374WA0017400170
B1929151851038S04156374WA0017400168
B1929191851037S04156374WA0017400167
B1929231851035S04156374WA0017400165
B1929271851033S04156374WA0017400165
B1929311851031S04156374WA0017400166
B1929351851030S04156374WA0017400166
B1929391851028S04156373WA0017400167
B1929431851027S04156374WA0017400167
B1929471851025S04156375WA0017400166
B1929511851023S04156375WA0017400167
B1929551851021S04156375WA0017400167
B1929591851020S04156375WA0017400171
B1930001851019S04156375WA0017400171
