AXFMSFP Flymaster Live, V1.0, S/N 422395
HFDTE200426
HFPLTPILOTINCHARGE:Pamela Diez
B1529531853187S04154897WA0100701079
B1529571853172S04154896WA0100201072
B1530011853147S04154900WA0099301065
B1530051853126S04154908WA0099101062
B1530091853104S04154913WA0098601059
B1530131853083S04154914WA0098201054
B1530171853058S04154910WA0097701048
B1530211853035S04154908WA0097301044
B1530251853012S04154907WA0096801040
B1530291852990S04154906WA0096301036
B1530331852968S04154905WA0095901031
B1530371852945S04154905WA0095501027
B1530411852922S04154907WA0095101021
B1530451852899S04154909WA0094601017
B1530491852876S04154905WA0094301013
B1530531852859S04154897WA0094101012
B1530571852838S04154886WA0093401005
B1531011852816S04154878WA0093000999
B1531051852792S04154872WA0092500994
B1531091852767S04154866WA0091900988
B1531131852742S04154864WA0091600984
B1531171852716S04154861WA0091300981
B1531211852691S04154857WA0090800976
B1531251852666S04154855WA0090400973
B1531291852643S04154851WA0089800968
B1531331852617S04154846WA0089200962
B1531371852594S04154838WA0088800958
B1531411852570S04154826WA0088400953
B1531451852545S04154816WA0088000948
B1531491852521S04154809WA0087700946
B1531531852495S04154804WA0087200941
B1531571852469S04154800WA0086900938
B1532011852443S04154802WA0086700936
B1532051852423S04154798WA0086600935
B1532091852399S04154785WA0085900929
B1532131852377S04154776WA0085700927
B1532171852353S04154769WA0085700926
B1532211852330S04154766WA0085400923
B1532251852307S04154765WA0085200922
B1532291852285S04154765WA0084800917
B1532331852263S04154762WA0084400914
B1532371852240S04154754WA0084100910
B1532411852217S04154751WA0083900909
B1532451852194S04154751WA0084000908
B1532491852170S04154751WA0084300911
B1532531852154S04154751WA0085400923
B1532571852144S04154728WA0085900927
B1533011852165S04154715WA0086500934
B1533051852177S04154729WA0087400944
B1533091852167S04154742WA0088300951
B1533131852151S04154725WA0088700955
B1533171852166S04154706WA0089500963
B1533211852184S04154717WA0090400973
B1533251852177S04154731WA0091000979
B1533291852157S04154721WA0091800987
B1533331852163S04154698WA0092600996
B1533371852185S04154703WA0093501006
B1533411852192S04154719WA0094301013
B1533451852174S04154728WA0094701017
B1533491852163S04154715WA0096301035
B1533531852178S04154695WA0097001042
B1533571852192S04154705WA0097701049
B1534011852185S04154724WA0098001053
B1534051852168S04154714WA0099401067
B1534091852180S04154690WA0100501080
B1534131852195S04154699WA0101601091
B1534171852182S04154712WA0102401099
B1534211852169S04154697WA0104001116
B1534251852186S04154679WA0104901128
B1534291852202S04154687WA0106301141
B1534331852198S04154709WA0106201140
B1534371852191S04154722WA0107701156
B1534411852172S04154729WA0108701167
B1534451852159S04154733WA0110301184
B1534491852152S04154714WA0111201193
B1534531852171S04154703WA0112501206
B1534571852191S04154718WA0113701219
B1535011852186S04154733WA0115101233
B1535051852171S04154733WA0116201246
B1535091852168S04154713WA0117101255
B1535131852184S04154694WA0118301266
B1535171852207S04154701WA0119001275
B1535211852215S04154717WA0120901294
B1535251852205S04154731WA0121301298
B1535291852191S04154740WA0122501311
B1535331852176S04154730WA0123301319
B1535371852173S04154709WA0124101327
B1535411852187S04154692WA0124901336
B1535451852212S04154691WA0125901346
B1535491852229S04154705WA0127401363
B1535531852223S04154721WA0128401373
B1535571852206S04154715WA0129701387
B1536011852200S04154697WA0130601397
B1536051852216S04154679WA0131601405
B1536091852244S04154685WA0132801417
B1536131852250S04154702WA0134001431
B1536171852235S04154707WA0135001441
B1536211852230S04154684WA0136201455
B1536251852254S04154669WA0137801470
B1536291852275S04154678WA0138801481
B1536331852278S04154696WA0139701491
B1536371852266S04154707WA0140801501
B1536411852250S04154695WA0141601511
B1536451852260S04154672WA0143101527
B1536491852280S04154652WA0144501540
B1536531852291S04154630WA0145001546
B1536571852314S04154616WA0144901544
B1537011852333S04154607WA0144601542
B1537051852356S04154611WA0144501540
B1537091852373S04154624WA0144501540
B1537131852388S04154643WA0144201538
B1537171852403S04154660WA0143801534
B1537211852419S04154679WA0143001526
B1537251852430S04154692WA0142501521
B1537291852443S04154708WA0141601511
B1537331852460S04154710WA0141101504
B1537371852469S04154686WA0139201486
B1537411852458S04154671WA0139301485
B1537451852451S04154650WA0138101473
B1537491852443S04154629WA0137701468
B1537531852433S04154608WA0137201463
B1537571852421S04154589WA0136701458
B1538011852410S04154573WA0136701458
B1538051852398S04154558WA0136001451
B1538091852390S04154540WA0135501445
B1538131852379S04154523WA0134901439
B1538171852368S04154507WA0134601435
B1538211852353S04154495WA0134301433
B1538251852340S04154482WA0134001431
B1538291852330S04154467WA0134001432
B1538331852323S04154449WA0134001432
B1538371852314S04154432WA0134001432
B1538411852304S04154415WA0133901430
B1538451852297S04154396WA0133601428
B1538491852291S04154379WA0133301424
B1538531852283S04154361WA0132601418
B1538571852275S04154344WA0131701407
B1539011852264S04154322WA0130701398
B1539051852255S04154304WA0130601397
B1539091852246S04154282WA0130101391
B1539131852239S04154260WA0130101391
B1539171852228S04154239WA0129801388
B1539211852218S04154221WA0130001391
B1539251852206S04154201WA0130201392
B1539291852194S04154185WA0130801399
B1539331852181S04154167WA0131001401
B1539371852168S04154151WA0131401406
B1539411852156S04154130WA0131401406
B1539451852149S04154110WA0131501407
B1539491852140S04154088WA0131701408
B1539531852130S04154072WA0132201414
B1539571852113S04154057WA0132401416
B1540011852096S04154043WA0133201424
B1540051852080S04154030WA0133901433
B1540091852087S04154014WA0134501439
B1540131852112S04154022WA0134801441
B1540171852118S04154044WA0135401448
B1540211852104S04154061WA0135901454
B1540251852088S04154052WA0136401458
B1540291852082S04154032WA0136601460
B1540331852090S04154014WA0137201466
B1540371852105S04154000WA0137401467
B1540411852127S04153995WA0137401467
B1540451852152S04153992WA0137201466
B1540491852175S04153981WA0137501469
B1540531852199S04153966WA0137301468
B1540571852224S04153960WA0138001474
B1541011852244S04153969WA0138101475
B1541051852243S04153990WA0138301477
B1541091852231S04154009WA0138301477
B1541131852213S04154014WA0138401478
B1541171852198S04154002WA0138901482
B1541211852201S04153980WA0139001484
B1541251852219S04153966WA0139001484
B1541291852241S04153965WA0139001485
B1541331852254S04153984WA0139201486
B1541371852243S04154002WA0138701482
B1541411852220S04154003WA0138901483
B1541451852201S04153997WA0138801483
B1541491852188S04153983WA0139001484
B1541531852177S04153965WA0138701481
B1541571852160S04153954WA0138301477
B1542011852141S04153947WA0138001475
B1542051852122S04153938WA0137201467
B1542091852103S04153929WA0137001464
B1542131852081S04153927WA0136601461
B1542171852059S04153937WA0136801462
B1542211852043S04153956WA0138201476
B1542251852019S04153970WA0139301486
B1542291851999S04153972WA0141001506
B1542331851990S04153957WA0142201519
B1542371852005S04153950WA0143901536
B1542411852025S04153962WA0145401551
B1542451852044S04153957WA0146401562
B1542491852059S04153946WA0147601576
B1542531852060S04153932WA0147901579
B1542571852081S04153928WA0147201569
B1543011852103S04153925WA0147001567
B1543051852128S04153915WA0146501563
B1543091852147S04153903WA0146501562
B1543131852169S04153896WA0146401561
B1543171852188S04153896WA0145901557
B1543211852208S04153905WA0145401551
B1543251852227S04153918WA0145001547
B1543291852248S04153930WA0144701543
B1543331852270S04153929WA0144601543
B1543371852293S04153931WA0144001537
B1543411852317S04153935WA0143301530
B1543451852334S04153923WA0142701523
B1543491852341S04153899WA0142001515
B1543531852346S04153875WA0141701512
B1543571852351S04153851WA0141401508
B1544011852353S04153827WA0141101505
B1544051852346S04153805WA0140801501
B1544091852324S04153796WA0140301496
B1544131852302S04153791WA0139901493
B1544171852279S04153795WA0139701491
B1544211852257S04153804WA0139201485
B1544251852242S04153820WA0138901483
B1544291852229S04153841WA0138401478
B1544331852220S04153863WA0138201475
B1544371852205S04153879WA0137801472
B1544411852194S04153899WA0137301467
B1544451852188S04153925WA0136801461
B1544491852182S04153952WA0136301456
B1544531852178S04153978WA0135801450
B1544571852179S04154005WA0135501448
B1545011852176S04154032WA0134901441
B1545051852163S04154055WA0135001441
B1545091852142S04154062WA0135001442
B1545131852123S04154061WA0135301444
B1545171852101S04154058WA0135201445
B1545211852080S04154058WA0135601448
B1545251852060S04154060WA0135801450
B1545291852040S04154058WA0136001453
B1545331852024S04154052WA0136101453
B1545371852011S04154039WA0136101455
B1545411852001S04154023WA0136201454
B1545451851995S04154005WA0136301455
B1545491851987S04153986WA0136601458
B1545531851982S04153961WA0137201464
B1545571851980S04153938WA0137701469
B1546011851977S04153914WA0138001471
B1546051851976S04153889WA0138801479
B1546091851991S04153875WA0139701490
B1546131852013S04153885WA0140201496
B1546171852007S04153905WA0141201506
B1546211851987S04153903WA0141801513
B1546251851991S04153880WA0142401518
B1546291852012S04153879WA0143201527
B1546331852021S04153901WA0143601531
B1546371852004S04153909WA0144201537
B1546411851985S04153902WA0144601542
B1546451851972S04153886WA0145001546
B1546491851972S04153869WA0145501550
B1546531851985S04153848WA0145301546
B1546571851998S04153831WA0145801552
B1547011852021S04153830WA0145801553
B1547051852024S04153853WA0145901555
B1547091852012S04153871WA0146501562
B1547131851996S04153860WA0146601562
B1547171852007S04153842WA0146801565
B1547211852029S04153841WA0147101570
B1547251852048S04153852WA0147101570
B1547291852054S04153876WA0147401573
B1547331852042S04153893WA0147701576
B1547371852026S04153886WA0147601574
B1547411852020S04153867WA0147501573
B1547451852035S04153853WA0147701575
B1547491852054S04153860WA0147701576
B1547531852042S04153880WA0147601575
B1547571852038S04153861WA0147501573
B1548011852048S04153844WA0147601575
B1548051852068S04153841WA0147101569
B1548091852081S04153860WA0146701565
B1548131852079S04153885WA0146401562
B1548171852060S04153886WA0146401562
B1548211852065S04153868WA0146001558
B1548251852084S04153864WA0145801555
B1548291852107S04153871WA0145101548
B1548331852128S04153883WA0145301551
B1548371852135S04153906WA0145301550
B1548411852118S04153918WA0144801545
B1548451852115S04153900WA0145101549
B1548491852132S04153888WA0145201549
B1548531852157S04153885WA0145101549
B1548571852177S04153877WA0145201549
B1549011852195S04153860WA0144501542
B1549051852217S04153843WA0143501532
B1549091852240S04153825WA0143001527
B1549131852261S04153803WA0142301519
B1549171852277S04153781WA0142201520
B1549211852294S04153755WA0141301510
B1549251852314S04153733WA0140501501
B1549291852335S04153710WA0139501491
B1549331852348S04153690WA0139301489
B1549371852365S04153675WA0138801482
B1549411852386S04153660WA0138301477
B1549451852402S04153642WA0138001475
B1549491852417S04153623WA0137801472
B1549531852426S04153608WA0137801472
B1549571852435S04153589WA0137401466
B1550011852449S04153574WA0137201464
B1550051852465S04153562WA0136801460
B1550091852485S04153547WA0136201455
B1550131852506S04153534WA0135701450
B1550171852529S04153516WA0135001443
B1550211852550S04153498WA0134401438
B1550251852576S04153482WA0133701431
B1550291852595S04153465WA0133801430
B1550331852609S04153447WA0133201424
B1550371852625S04153429WA0132901421
B1550411852645S04153415WA0132401415
B1550451852665S04153402WA0132001411
B1550491852687S04153391WA0131301405
B1550531852707S04153378WA0130801399
B1550571852727S04153364WA0130501396
B1551011852747S04153345WA0129701387
B1551051852770S04153327WA0129201382
B1551091852794S04153310WA0128401374
B1551131852816S04153289WA0127901368
B1551171852835S04153265WA0127201360
B1551211852855S04153247WA0126901358
B1551251852881S04153233WA0126001349
B1551291852904S04153218WA0125401343
B1551331852929S04153205WA0124601333
B1551371852955S04153194WA0123801325
B1551411852982S04153185WA0122801315
B1551451853006S04153169WA0122001305
B1551491853029S04153150WA0121001295
B1551531853054S04153134WA0120201287
B1551571853081S04153119WA0119301278
B1552011853106S04153102WA0118701271
B1552051853131S04153086WA0118001264
B1552091853155S04153070WA0117501259
B1552131853175S04153055WA0117301257
B1552171853199S04153043WA0116701251
B1552211853220S04153030WA0116201245
B1552251853242S04153016WA0115601238
B1552291853264S04153000WA0115001232
B1552331853285S04152987WA0114601228
B1552371853307S04152971WA0114001222
B1552411853327S04152956WA0113701219
B1552451853350S04152944WA0113001213
B1552491853375S04152930WA0112601207
B1552531853397S04152914WA0112101203
B1552571853419S04152897WA0111501196
B1553011853442S04152879WA0110901190
B1553051853463S04152862WA0110401184
B1553091853486S04152847WA0109901179
B1553131853508S04152830WA0109301172
B1553171853529S04152811WA0108701166
B1553211853551S04152794WA0108001160
B1553251853574S04152778WA0107501154
B1553291853596S04152761WA0106801147
B1553331853618S04152742WA0106101140
B1553371853639S04152723WA0105601135
B1553411853662S04152708WA0104901128
B1553451853689S04152693WA0104001118
B1553491853714S04152676WA0103401112
B1553531853740S04152658WA0102801106
B1553571853764S04152642WA0102801105
B1554011853785S04152624WA0102601102
B1554051853806S04152610WA0102501102
B1554091853824S04152597WA0103701115
B1554131853843S04152603WA0104401123
B1554171853829S04152623WA0105001130
B1554211853817S04152609WA0106201141
B1554251853830S04152595WA0106701146
B1554291853843S04152612WA0107801159
B1554331853822S04152616WA0108401164
B1554371853825S04152598WA0109501176
B1554411853843S04152608WA0110501186
B1554451853829S04152625WA0111401195
B1554491853820S04152608WA0112201203
B1554531853839S04152606WA0113301215
B1554571853846S04152627WA0114001222
B1555011853828S04152636WA0114801231
B1555051853818S04152619WA0115401236
B1555091853833S04152609WA0116301246
B1555131853844S04152625WA0117001253
B1555171853825S04152635WA0117401257
B1555211853821S04152615WA0118201265
B1555251853839S04152611WA0119001274
B1555291853846S04152630WA0119801281
B1555331853826S04152640WA0120301288
B1555371853814S04152624WA0121101295
B1555411853826S04152609WA0121901303
B1555451853843S04152616WA0122601310
B1555491853835S04152639WA0123101315
B1555531853815S04152634WA0124001325
B1555571853817S04152614WA0124701332
B1556011853834S04152612WA0125601342
B1556051853844S04152631WA0126001346
B1556091853834S04152654WA0126601352
B1556131853813S04152656WA0127401360
B1556171853813S04152634WA0127901363
B1556211853821S04152620WA0128801374
B1556251853837S04152607WA0129201380
B1556291853853S04152613WA0129701386
B1556331853851S04152636WA0130201391
B1556371853828S04152643WA0130601395
B1556411853813S04152626WA0131301401
B1556451853819S04152609WA0131601404
B1556491853835S04152611WA0132001409
B1556531853844S04152634WA0132401412
B1556571853833S04152652WA0132901417
B1557011853814S04152637WA0133401422
B1557051853816S04152621WA0134301431
B1557091853834S04152620WA0134301432
B1557131853847S04152637WA0134401432
B1557171853835S04152659WA0134401432
B1557211853818S04152643WA0134401433
B1557251853829S04152634WA0135301444
B1557291853852S04152637WA0134901440
B1557331853871S04152641WA0135201443
B1557371853891S04152649WA0135101441
B1557411853912S04152658WA0135001440
B1557451853920S04152679WA0135001441
B1557491853903S04152692WA0134901440
B1557531853880S04152687WA0135001440
B1557571853860S04152677WA0135001439
B1558011853851S04152661WA0135301441
B1558051853860S04152642WA0134901438
B1558091853876S04152635WA0134801438
B1558131853898S04152645WA0134601436
B1558171853902S04152669WA0134401433
B1558211853888S04152687WA0134501434
B1558251853865S04152698WA0134001430
B1558291853844S04152694WA0134201431
B1558331853825S04152677WA0133901426
B1558371853817S04152656WA0133501422
B1558411853823S04152636WA0134001428
B1558451853839S04152631WA0133901428
B1558491853859S04152632WA0133701426
B1558531853881S04152633WA0133401422
B1558571853904S04152634WA0133401423
B1559011853927S04152636WA0133401423
B1559051853950S04152637WA0133201421
B1559091853975S04152641WA0132901418
B1559131853996S04152649WA0132901417
B1559171854024S04152660WA0131601405
B1559211854053S04152670WA0131001399
B1559251854078S04152681WA0130801396
B1559291854106S04152691WA0130301391
B1559331854134S04152703WA0129501381
B1559371854161S04152712WA0128301370
B1559411854192S04152710WA0127101357
B1559451854223S04152708WA0125901345
B1559491854256S04152703WA0124801333
B1559531854288S04152701WA0124101325
B1559571854322S04152705WA0123301318
B1600011854344S04152712WA0124401330
B1600051854364S04152720WA0124301328
B1600091854380S04152722WA0125101337
B1600131854399S04152726WA0125401340
B1600171854412S04152730WA0126401349
B1600211854429S04152738WA0126701354
B1600251854439S04152754WA0127601364
B1600291854423S04152779WA0128101368
B1600331854402S04152791WA0128701375
B1600371854378S04152794WA0129101380
B1600411854358S04152783WA0129501382
B1600451854349S04152764WA0129501381
B1600491854354S04152747WA0129701384
B1600531854368S04152741WA0130001387
B1600571854382S04152751WA0130201389
B1601011854396S04152769WA0130101387
B1601051854406S04152786WA0130601393
B1601091854408S04152813WA0130501392
B1601131854398S04152836WA0131101398
B1601171854378S04152853WA0130801397
B1601211854356S04152858WA0130901397
B1601251854338S04152849WA0130501393
B1601291854333S04152826WA0129801383
B1601331854335S04152807WA0129901384
B1601371854349S04152795WA0129401379
B1601411854366S04152788WA0129401380
B1601451854385S04152791WA0129501381
B1601491854398S04152807WA0129601381
B1601531854401S04152834WA0129401380
B1601571854399S04152862WA0129701383
B1602011854391S04152887WA0129801386
B1602051854372S04152900WA0129701383
B1602091854354S04152888WA0129001375
B1602131854344S04152870WA0128201366
B1602171854336S04152847WA0127201354
B1602211854338S04152827WA0126901351
B1602251854352S04152820WA0126701348
B1602291854372S04152822WA0125801340
B1602331854384S04152843WA0125701339
B1602371854388S04152868WA0125501338
B1602411854389S04152893WA0125201334
B1602451854368S04152906WA0124501328
B1602491854348S04152905WA0124101323
B1602531854325S04152898WA0123101312
B1602571854299S04152894WA0122301304
B1603011854278S04152886WA0121301293
B1603051854255S04152872WA0120001278
B1603091854233S04152859WA0119801278
B1603131854215S04152844WA0119801276
B1603171854195S04152832WA0118901267
B1603211854174S04152821WA0117601253
B1603251854154S04152810WA0117301250
B1603291854138S04152798WA0116501241
B1603331854118S04152790WA0115601233
B1603371854093S04152782WA0114501222
B1603411854069S04152776WA0114001216
B1603451854046S04152769WA0112701203
B1603491854021S04152764WA0111801193
B1603531853994S04152757WA0110801182
B1603571853969S04152746WA0110701181
B1604011853951S04152740WA0110901183
B1604051853929S04152729WA0110301177
B1604091853907S04152725WA0110201176
B1604131853884S04152716WA0109501169
B1604171853860S04152709WA0109701170
B1604211853837S04152700WA0109601169
B1604251853815S04152689WA0109901173
B1604291853792S04152677WA0110101175
B1604331853769S04152673WA0110601180
B1604371853744S04152678WA0110901184
B1604411853720S04152677WA0111301189
B1604451853698S04152673WA0112101198
B1604491853694S04152656WA0113401210
B1604531853709S04152647WA0114601223
B1604571853719S04152668WA0114901227
B1605011853704S04152685WA0115801236
B1605051853689S04152681WA0116501245
B1605091853688S04152663WA0117501255
B1605131853694S04152644WA0117901259
B1605171853686S04152628WA0119401272
B1605211853679S04152609WA0119701276
B1605251853677S04152590WA0120801287
B1605291853668S04152570WA0121201292
B1605331853664S04152552WA0121501294
B1605371853685S04152542WA0121601295
B1605411853701S04152547WA0122901309
B1605451853704S04152566WA0123701318
B1605491853690S04152582WA0124401326
B1605531853670S04152580WA0124501328
B1605571853654S04152569WA0124801331
B1606011853632S04152564WA0124601328
B1606051853611S04152559WA0125401337
B1606091853590S04152565WA0126201345
B1606131853568S04152559WA0126901352
B1606171853566S04152538WA0127401356
B1606211853579S04152533WA0128401368
B1606251853598S04152544WA0128201367
B1606291853598S04152566WA0128501370
B1606331853578S04152577WA0128901376
B1606371853559S04152569WA0129201378
B1606411853549S04152547WA0129601381
B1606451853551S04152527WA0130201387
B1606491853568S04152524WA0130101387
B1606531853586S04152537WA0130101386
B1606571853603S04152556WA0129801384
B1607011853619S04152574WA0130201387
B1607051853636S04152592WA0130601392
B1607091853650S04152612WA0131101397
B1607131853669S04152627WA0131501401
B1607171853684S04152647WA0132001407
B1607211853675S04152670WA0132301410
B1607251853656S04152669WA0133001417
B1607291853664S04152651WA0133201419
B1607331853683S04152659WA0134001428
B1607371853692S04152680WA0134101429
B1607411853674S04152696WA0134201430
B1607451853653S04152693WA0134401433
B1607491853647S04152678WA0135101438
B1607531853666S04152670WA0134801435
B1607571853682S04152683WA0135501442
B1608011853680S04152707WA0135201439
B1608051853665S04152726WA0135101437
B1608091853642S04152734WA0134701434
B1608131853624S04152727WA0134801435
B1608171853606S04152719WA0135201438
B1608211853588S04152710WA0135701444
B1608251853579S04152695WA0136001446
B1608291853571S04152673WA0136301449
B1608331853585S04152662WA0136901455
B1608371853599S04152683WA0137601463
B1608411853591S04152706WA0138101469
B1608451853570S04152706WA0138301471
B1608491853563S04152684WA0138501473
B1608531853568S04152667WA0138801476
B1608571853586S04152659WA0139601484
B1609011853597S04152675WA0139901487
B1609051853591S04152698WA0140401492
B1609091853573S04152714WA0140501495
B1609131853553S04152711WA0140601496
B1609171853541S04152691WA0140401493
B1609211853547S04152668WA0140201491
B1609251853562S04152659WA0140601496
B1609291853580S04152663WA0140401494
B1609331853594S04152675WA0140201492
B1609371853609S04152696WA0139801487
B1609411853609S04152721WA0140101491
B1609451853596S04152744WA0139801488
B1609491853575S04152761WA0139901489
B1609531853553S04152758WA0139501485
B1609571853540S04152745WA0138901479
B1610011853526S04152726WA0138401473
B1610051853516S04152709WA0138201471
B1610091853522S04152694WA0137901467
B1610131853540S04152684WA0137601463
B1610171853555S04152674WA0137901466
B1610211853569S04152663WA0138001468
B1610251853587S04152657WA0138101469
B1610291853605S04152650WA0138101470
B1610331853626S04152644WA0138001468
B1610371853647S04152637WA0137901468
B1610411853666S04152623WA0137801467
B1610451853683S04152610WA0138101471
B1610491853704S04152598WA0137401462
B1610531853725S04152586WA0137201460
B1610571853744S04152579WA0137101460
B1611011853765S04152571WA0137201461
B1611051853784S04152564WA0137501464
B1611091853805S04152562WA0137801467
B1611131853819S04152576WA0137801467
B1611171853809S04152595WA0137801467
B1611211853790S04152602WA0137501464
B1611251853768S04152602WA0137701466
B1611291853747S04152597WA0137701466
B1611331853736S04152580WA0137501464
B1611371853740S04152558WA0137301461
B1611411853759S04152544WA0136801457
B1611451853776S04152537WA0137301461
B1611491853798S04152534WA0137001458
B1611531853817S04152528WA0137301461
B1611571853836S04152535WA0137201459
B1612011853838S04152555WA0137401461
B1612051853828S04152573WA0137501463
B1612091853809S04152579WA0137101459
B1612131853786S04152578WA0136801456
B1612171853763S04152572WA0136601452
B1612211853745S04152557WA0136301448
B1612251853734S04152540WA0135901442
B1612291853727S04152520WA0135501437
B1612331853722S04152499WA0135401437
B1612371853717S04152481WA0135901441
B1612411853712S04152458WA0136001440
B1612451853706S04152437WA0135901439
B1612491853704S04152412WA0136201443
B1612531853703S04152388WA0136301445
B1612571853706S04152365WA0136601447
B1613011853714S04152342WA0136701447
B1613051853726S04152319WA0136501446
B1613091853746S04152308WA0136401446
B1613131853760S04152322WA0136101442
B1613171853761S04152341WA0135701438
B1613211853756S04152363WA0135101432
B1613251853746S04152383WA0134601427
B1613291853738S04152402WA0134101423
B1613331853732S04152425WA0133601418
B1613371853723S04152444WA0133501417
B1613411853712S04152467WA0133001413
B1613451853712S04152495WA0133201414
B1613491853709S04152518WA0134001423
B1613531853692S04152537WA0133801422
B1613571853672S04152543WA0134101426
B1614011853660S04152529WA0134001425
B1614051853664S04152513WA0134201426
B1614091853685S04152515WA0134601432
B1614131853684S04152542WA0135201437
B1614171853665S04152554WA0135701444
B1614211853649S04152549WA0135801444
B1614251853641S04152531WA0135501441
B1614291853634S04152512WA0135401438
B1614331853625S04152492WA0135201436
B1614371853611S04152474WA0135001433
B1614411853605S04152458WA0136101444
B1614451853593S04152438WA0136201445
B1614491853582S04152417WA0136501448
B1614531853570S04152395WA0137301455
B1614571853556S04152372WA0137501457
B1615011853543S04152348WA0138201464
B1615051853535S04152324WA0138601468
B1615091853536S04152301WA0139201474
B1615131853552S04152290WA0139201473
B1615171853572S04152297WA0139301475
B1615211853587S04152313WA0139801482
B1615251853589S04152334WA0140301487
B1615291853576S04152355WA0140501492
B1615331853555S04152355WA0141201498
B1615371853550S04152332WA0141101496
B1615411853564S04152322WA0141701502
B1615451853581S04152326WA0141601502
B1615491853588S04152345WA0141501502
B1615531853579S04152364WA0141801506
B1615571853559S04152375WA0142301511
B1616011853538S04152386WA0142601515
B1616051853518S04152379WA0143101521
B1616091853507S04152357WA0143801528
B1616131853510S04152332WA0143501526
B1616171853515S04152313WA0143801530
B1616211853529S04152293WA0143601528
B1616251853543S04152280WA0143601528
B1616291853564S04152270WA0143301524
B1616331853587S04152266WA0143401526
B1616371853603S04152267WA0144001531
B1616411853620S04152279WA0144301535
B1616451853624S04152296WA0144301534
B1616491853626S04152322WA0144201533
B1616531853620S04152342WA0145001542
B1616571853608S04152362WA0145501548
B1617011853602S04152385WA0145801551
B1617051853613S04152411WA0146301557
B1617091853622S04152430WA0147301568
B1617131853637S04152452WA0147901574
B1617171853646S04152472WA0148601581
B1617211853657S04152496WA0148901584
B1617251853659S04152523WA0149001585
B1617291853658S04152547WA0149001585
B1617331853645S04152568WA0148801582
B1617371853627S04152580WA0148101575
B1617411853608S04152587WA0147801570
B1617451853584S04152587WA0146701559
B1617491853563S04152586WA0146901559
B1617531853543S04152578WA0146201552
B1617571853525S04152564WA0146301552
B1618011853513S04152543WA0146201550
B1618051853505S04152521WA0146301551
B1618091853511S04152496WA0146101550
B1618131853522S04152477WA0146601556
B1618171853533S04152451WA0146901558
B1618211853547S04152433WA0147401563
B1618251853567S04152421WA0147601565
B1618291853585S04152408WA0148401575
B1618331853600S04152394WA0149101582
B1618371853614S04152378WA0149301585
B1618411853633S04152368WA0149801590
B1618451853652S04152367WA0149701589
B1618491853669S04152382WA0149901591
B1618531853676S04152406WA0150001592
B1618571853691S04152421WA0150501597
B1619011853709S04152441WA0150601598
B1619051853707S04152465WA0151101602
B1619091853710S04152490WA0150401597
B1619131853694S04152506WA0149601590
B1619171853683S04152526WA0148901582
B1619211853670S04152549WA0148501578
B1619251853655S04152568WA0148101576
B1619291853633S04152579WA0148001573
B1619331853611S04152584WA0147201566
B1619371853592S04152579WA0147101564
B1619411853585S04152559WA0146401556
B1619451853587S04152534WA0146401555
B1619491853592S04152507WA0145901549
B1619531853592S04152485WA0146301554
B1619571853588S04152460WA0145601546
B1620011853575S04152438WA0145601545
B1620051853564S04152418WA0146401553
B1620091853565S04152395WA0146701556
B1620131853578S04152383WA0147601565
B1620171853601S04152390WA0147401563
B1620211853599S04152412WA0147601565
B1620251853579S04152415WA0148101572
B1620291853566S04152396WA0148501575
B1620331853571S04152378WA0149301584
B1620371853593S04152372WA0149501586
B1620411853604S04152390WA0149901591
B1620451853596S04152413WA0150001592
B1620491853578S04152425WA0150001593
B1620531853557S04152424WA0150401597
B1620571853544S04152404WA0150501597
B1621011853550S04152384WA0151101603
B1621051853570S04152374WA0151601607
B1621091853585S04152392WA0151601607
B1621131853564S04152395WA0151301605
B1621171853557S04152376WA0152201614
B1621211853557S04152354WA0152101612
B1621251853572S04152344WA0152401616
B1621291853584S04152363WA0152101613
B1621331853566S04152373WA0152501618
B1621371853548S04152360WA0153001623
B1621411853545S04152340WA0153001621
B1621451853566S04152341WA0152701618
B1621491853567S04152362WA0152701618
B1621531853546S04152365WA0152701620
B1621571853545S04152344WA0152801620
B1622011853562S04152338WA0152801620
B1622051853570S04152359WA0152001613
B1622091853554S04152370WA0152401617
B1622131853534S04152360WA0151501609
B1622171853534S04152339WA0151801612
B1622211853554S04152335WA0151001604
B1622251853564S04152355WA0150901603
B1622291853554S04152377WA0150401600
B1622331853537S04152390WA0150601601
B1622371853523S04152407WA0150601601
B1622411853512S04152427WA0150901604
B1622451853489S04152425WA0150801603
B1622491853482S04152403WA0151901614
B1622531853499S04152392WA0151701612
B1622571853511S04152409WA0152301619
B1623011853500S04152424WA0152501622
B1623051853503S04152446WA0152901625
B1623091853507S04152468WA0152801625
B1623131853489S04152481WA0152801625
B1623171853481S04152458WA0152701623
B1623211853501S04152461WA0153101628
B1623251853506S04152480WA0153001627
B1623291853501S04152503WA0153601633
B1623331853494S04152524WA0153501634
B1623371853474S04152533WA0153901637
B1623411853460S04152552WA0153601634
B1623451853451S04152573WA0153801636
B1623491853437S04152584WA0154001638
B1623531853409S04152584WA0153401631
B1623571853388S04152580WA0153201628
B1624011853366S04152576WA0152901625
B1624051853344S04152570WA0152201617
B1624091853315S04152566WA0151301610
B1624131853297S04152550WA0151601611
B1624171853288S04152527WA0151501608
B1624211853296S04152509WA0150701601
B1624251853309S04152492WA0150301596
B1624291853327S04152476WA0150001591
B1624331853336S04152460WA0150301594
B1624371853355S04152449WA0150101593
B1624411853371S04152441WA0150301594
B1624451853391S04152435WA0150201594
B1624491853409S04152425WA0150501597
B1624531853425S04152410WA0151301605
B1624571853444S04152400WA0151501606
B1625011853465S04152396WA0152101612
B1625051853488S04152389WA0152201613
B1625091853502S04152374WA0153001621
B1625131853510S04152352WA0152501615
B1625171853531S04152344WA0151601606
B1625211853546S04152355WA0150801597
B1625251853555S04152377WA0150501594
B1625291853558S04152397WA0149901589
B1625331853557S04152422WA0149601586
B1625371853551S04152446WA0149401585
B1625411853536S04152461WA0149601587
B1625451853516S04152460WA0148901580
B1625491853497S04152448WA0148801578
B1625531853483S04152432WA0148601576
B1625571853475S04152411WA0148601575
B1626011853469S04152390WA0148301571
B1626051853472S04152370WA0148101569
B1626091853493S04152364WA0147301559
B1626131853510S04152367WA0147501561
B1626171853519S04152390WA0146701554
B1626211853523S04152414WA0146501552
B1626251853519S04152438WA0146001546
B1626291853516S04152465WA0145601542
B1626331853510S04152485WA0145501541
B1626371853493S04152501WA0145001537
B1626411853472S04152503WA0144901536
B1626451853452S04152495WA0144501531
B1626491853444S04152473WA0144201529
B1626531853449S04152453WA0144601533
B1626571853459S04152433WA0144201528
B1627011853456S04152414WA0143801524
B1627051853442S04152395WA0143001516
B1627091853426S04152382WA0142501510
B1627131853412S04152362WA0141901503
B1627171853398S04152344WA0141301496
B1627211853381S04152326WA0140601488
B1627251853361S04152312WA0139501476
B1627291853338S04152302WA0139301475
B1627331853315S04152286WA0139001472
B1627371853292S04152274WA0139801480
B1627411853271S04152260WA0140201484
B1627451853261S04152239WA0140601487
B1627491853260S04152217WA0140801491
B1627531853270S04152198WA0140901492
B1627571853285S04152190WA0141301497
B1628011853300S04152196WA0141201496
B1628051853301S04152216WA0141501498
B1628091853294S04152236WA0141701501
B1628131853278S04152251WA0142001504
B1628171853256S04152261WA0141901504
B1628211853232S04152264WA0142001506
B1628251853205S04152265WA0142201508
B1628291853180S04152272WA0143101518
B1628331853154S04152270WA0143601523
B1628371853140S04152252WA0144001528
B1628411853142S04152233WA0143801524
B1628451853158S04152226WA0143401520
B1628491853173S04152225WA0143301519
B1628531853191S04152237WA0143201517
B1628571853207S04152252WA0143501521
B1629011853217S04152270WA0144201529
B1629051853215S04152294WA0144501532
B1629091853204S04152317WA0145001537
B1629131853192S04152335WA0145401541
B1629171853189S04152357WA0145201539
B1629211853202S04152380WA0144301530
B1629251853214S04152403WA0143601522
B1629291853224S04152424WA0142601512
B1629331853235S04152447WA0141701503
B1629371853248S04152470WA0141001495
B1629411853263S04152490WA0140101486
B1629451853275S04152516WA0139201476
B1629491853284S04152543WA0138801472
B1629531853293S04152565WA0138201467
B1629571853304S04152590WA0137801462
B1630011853317S04152613WA0136801452
B1630051853332S04152637WA0136401448
B1630091853347S04152653WA0136501448
B1630131853361S04152669WA0136301446
B1630171853361S04152695WA0136101444
B1630211853370S04152713WA0135601437
B1630251853391S04152701WA0135001431
B1630291853397S04152681WA0134601428
B1630331853404S04152658WA0133801419
B1630371853414S04152637WA0133701418
B1630411853422S04152615WA0133901421
B1630451853433S04152591WA0134501427
B1630491853445S04152573WA0134901431
B1630531853457S04152551WA0135401438
B1630571853471S04152531WA0135701438
B1631011853484S04152509WA0136001443
B1631051853497S04152485WA0135701439
B1631091853513S04152465WA0135501437
B1631131853529S04152447WA0135701440
B1631171853545S04152428WA0134901431
B1631211853565S04152403WA0134101422
B1631251853583S04152380WA0133501414
B1631291853606S04152351WA0131701395
B1631331853628S04152321WA0130601385
B1631371853655S04152298WA0129801376
B1631411853674S04152269WA0129001367
B1631451853695S04152244WA0128501362
B1631491853718S04152218WA0127901356
B1631531853742S04152191WA0127101349
B1631571853763S04152163WA0126501342
B1632011853783S04152136WA0125901337
B1632051853804S04152108WA0125201329
B1632091853822S04152079WA0124501323
B1632131853844S04152052WA0123801315
B1632171853866S04152026WA0123101308
B1632211853884S04151995WA0122301299
B1632251853903S04151966WA0121501292
B1632291853927S04151944WA0120601281
B1632331853951S04151921WA0119701273
B1632371853971S04151896WA0119001267
B1632411853987S04151867WA0118401259
B1632451854000S04151839WA0117801254
B1632491854018S04151814WA0117001246
B1632531854039S04151787WA0116401240
B1632571854058S04151761WA0116301239
B1633011854082S04151738WA0116001235
B1633051854105S04151715WA0115601231
B1633091854126S04151688WA0115101225
B1633131854147S04151661WA0114301218
B1633171854171S04151631WA0113501210
B1633211854196S04151601WA0113401208
B1633251854216S04151579WA0114801223
B1633291854230S04151567WA0115601231
B1633331854249S04151552WA0116301238
B1633371854266S04151535WA0117401248
B1633411854277S04151517WA0118801262
B1633451854293S04151503WA0119901274
B1633491854316S04151498WA0120501279
B1633531854332S04151511WA0121101286
B1633571854330S04151533WA0122001296
B1634011854314S04151542WA0123501312
B1634051854293S04151542WA0124701325
B1634091854278S04151523WA0125701334
B1634131854282S04151499WA0126401341
B1634171854304S04151491WA0126601345
B1634211854323S04151506WA0126801347
B1634251854331S04151524WA0127701356
B1634291854337S04151543WA0128601366
B1634331854344S04151562WA0129901380
B1634371854355S04151582WA0131201393
B1634411854351S04151599WA0132501407
B1634451854329S04151593WA0133301416
B1634491854329S04151572WA0135001432
B1634531854351S04151563WA0135901442
B1634571854354S04151581WA0137101453
B1635011854333S04151582WA0137801461
B1635051854326S04151559WA0138801471
B1635091854329S04151536WA0139901481
B1635131854340S04151513WA0140501490
B1635171854349S04151484WA0140701493
B1635211854360S04151462WA0141501500
B1635251854372S04151434WA0141101496
B1635291854385S04151407WA0141101495
B1635331854397S04151377WA0140001483
B1635371854409S04151347WA0139701482
B1635411854421S04151316WA0138701472
B1635451854439S04151281WA0137601460
B1635491854455S04151247WA0136901452
B1635531854469S04151213WA0135701440
B1635571854484S04151177WA0134601429
B1636011854498S04151142WA0133501417
B1636051854514S04151108WA0132401405
B1636091854528S04151075WA0131501397
B1636131854543S04151042WA0130401384
B1636171854559S04151009WA0129501376
B1636211854574S04150975WA0128501366
B1636251854594S04150940WA0127501356
B1636291854610S04150904WA0126701347
B1636331854626S04150870WA0126201342
B1636371854643S04150836WA0125701337
B1636411854657S04150800WA0125001329
B1636451854674S04150762WA0124401323
B1636491854689S04150727WA0124001319
B1636531854705S04150692WA0123401313
B1636571854717S04150658WA0123001308
B1637011854730S04150626WA0122401303
B1637051854743S04150593WA0121501293
B1637091854754S04150560WA0120501282
B1637131854768S04150528WA0119401271
B1637171854784S04150494WA0118301260
B1637211854800S04150463WA0117701254
B1637251854816S04150431WA0116801244
B1637291854831S04150398WA0115901234
B1637331854845S04150364WA0115001224
B1637371854858S04150330WA0114201216
B1637411854870S04150298WA0113301207
B1637451854884S04150264WA0112401197
B1637491854898S04150233WA0111501189
B1637531854909S04150199WA0110501178
B1637571854918S04150166WA0109701169
B1638011854925S04150135WA0109001161
B1638051854934S04150103WA0108001150
B1638091854943S04150071WA0107001141
B1638131854953S04150041WA0106101131
B1638171854966S04150011WA0104801118
B1638211854976S04149980WA0103701106
B1638251854989S04149950WA0102401093
B1638291855003S04149920WA0101301081
B1638331855019S04149892WA0100701075
B1638371855034S04149864WA0100201070
B1638411855047S04149836WA0100001067
B1638451855066S04149810WA0099301061
B1638491855085S04149783WA0098901057
B1638531855108S04149757WA0098401051
B1638571855132S04149732WA0097901047
B1639011855157S04149711WA0097401041
B1639051855187S04149693WA0096701035
B1639091855215S04149675WA0096601033
B1639131855241S04149658WA0096301030
B1639171855269S04149643WA0096201028
B1639211855293S04149627WA0096401030
B1639251855318S04149614WA0096601031
B1639291855336S04149605WA0097201039
B1639331855356S04149603WA0098001046
B1639371855373S04149610WA0098301050
B1639411855378S04149632WA0098901057
B1639451855360S04149648WA0099501062
B1639491855348S04149637WA0099801064
B1639531855353S04149626WA0100301069
B1639571855370S04149617WA0100401070
B1640011855387S04149609WA0100701072
B1640051855408S04149619WA0101101076
B1640091855425S04149633WA0101801083
B1640131855421S04149655WA0102301089
B1640171855399S04149658WA0102901095
B1640211855402S04149641WA0103201099
B1640251855422S04149645WA0103901105
B1640291855443S04149661WA0104001107
B1640331855461S04149676WA0104101109
B1640371855481S04149699WA0103501102
B1640411855505S04149717WA0103101097
B1640451855528S04149737WA0102301088
B1640491855547S04149761WA0101501080
B1640531855571S04149781WA0100701070
B1640571855600S04149799WA0099801062
B1641011855626S04149818WA0099201055
B1641051855654S04149839WA0098101044
B1641091855682S04149862WA0097001033
B1641131855716S04149878WA0095901022
B1641171855750S04149887WA0095301015
B1641211855775S04149900WA0096101023
B1641251855803S04149914WA0096001022
B1641291855833S04149924WA0096601028
B1641331855866S04149932WA0097201035
B1641371855894S04149940WA0098701051
B1641411855918S04149944WA0100001063
B1641451855938S04149950WA0101701082
B1641491855945S04149966WA0102301089
B1641531855928S04149980WA0103401100
B1641571855915S04149968WA0104701114
B1642011855928S04149954WA0105901127
B1642051855941S04149965WA0107001137
B1642091855937S04149986WA0107901148
B1642131855916S04149984WA0108601155
B1642171855922S04149969WA0109601166
B1642211855939S04149978WA0110701177
B1642251855931S04149999WA0111701188
B1642291855909S04149998WA0112501197
B1642331855920S04149977WA0113901211
B1642371855934S04149978WA0115601229
B1642411855942S04149999WA0115801233
B1642451855926S04150009WA0117101244
B1642491855904S04150006WA0117801252
B1642531855903S04149989WA0119101266
B1642571855913S04149975WA0120401280
B1643011855933S04149979WA0121201288
B1643051855949S04149997WA0122301300
B1643091855939S04150015WA0123201310
B1643131855922S04150008WA0124201321
B1643171855935S04149990WA0125001329
B1643211855951S04150001WA0126601345
B1643251855960S04150024WA0127301353
B1643291855970S04150042WA0128501365
B1643331855979S04150063WA0128801368
B1643371855992S04150082WA0129001371
B1643411856002S04150108WA0128301363
B1643451856016S04150134WA0127801357
B1643491856028S04150161WA0127001349
B1643531856043S04150193WA0125801335
B1643571856059S04150225WA0124901326
B1644011856075S04150258WA0124101319
B1644051856090S04150290WA0123501312
B1644091856105S04150323WA0122701304
B1644131856120S04150355WA0122201298
B1644171856134S04150388WA0121701292
B1644211856151S04150421WA0120601281
B1644251856165S04150458WA0119801273
B1644291856180S04150491WA0119201266
B1644331856195S04150527WA0118401258
B1644371856211S04150562WA0117901252
B1644411856225S04150598WA0117301246
B1644451856239S04150631WA0117101244
B1644491856253S04150663WA0116601239
B1644531856267S04150696WA0116201235
B1644571856284S04150728WA0115701229
B1645011856298S04150760WA0115301225
B1645051856311S04150793WA0114801220
B1645091856322S04150827WA0114401216
B1645131856335S04150859WA0114401215
B1645171856346S04150893WA0113701207
B1645211856355S04150927WA0113201203
B1645251856366S04150960WA0112901198
B1645291856376S04150998WA0111901189
B1645331856392S04151033WA0111401183
B1645371856407S04151070WA0110601175
B1645411856421S04151107WA0110101169
B1645451856440S04151143WA0109401162
B1645491856459S04151176WA0109001157
B1645531856477S04151210WA0108301150
B1645571856496S04151243WA0107901144
B1646011856515S04151270WA0108201148
B1646051856532S04151297WA0107901145
B1646091856551S04151329WA0107301140
B1646131856568S04151359WA0107401140
B1646171856583S04151387WA0107001136
B1646211856601S04151415WA0106601132
B1646251856620S04151444WA0106201128
B1646291856635S04151477WA0105901124
B1646331856649S04151508WA0105601121
B1646371856660S04151541WA0105301119
B1646411856676S04151575WA0104801112
B1646451856693S04151610WA0104501110
B1646491856713S04151642WA0104201106
B1646531856730S04151675WA0103901101
B1646571856745S04151708WA0103101094
B1647011856760S04151742WA0102001083
B1647051856775S04151777WA0101001071
B1647091856787S04151814WA0100001061
B1647131856799S04151848WA0099601057
B1647171856811S04151881WA0099101053
B1647211856824S04151913WA0098601046
B1647251856836S04151946WA0097601035
B1647291856848S04151980WA0096601024
B1647331856860S04152010WA0096001017
B1647371856875S04152040WA0095101009
B1647411856889S04152071WA0094301000
B1647451856904S04152100WA0093700994
B1647491856919S04152129WA0093000987
B1647531856933S04152157WA0092300979
B1647571856947S04152186WA0091100967
B1648011856961S04152215WA0090000955
B1648051856971S04152245WA0089300949
B1648091856982S04152273WA0088700941
B1648131856995S04152304WA0087800932
B1648171857006S04152335WA0087100925
B1648211857019S04152363WA0086200915
B1648251857033S04152390WA0085300904
B1648291857043S04152418WA0084300894
B1648331857057S04152445WA0083200882
B1648371857074S04152472WA0082300873
B1648411857090S04152504WA0081300862
B1648451857104S04152535WA0080700857
B1648491857119S04152564WA0080000849
B1648531857135S04152592WA0079700845
B1648571857149S04152619WA0079100839
B1649011857163S04152652WA0078300831
B1649051857181S04152684WA0077800826
B1649091857198S04152714WA0077400821
B1649131857211S04152747WA0076600812
B1649171857225S04152778WA0076000807
B1649211857239S04152807WA0075300799
B1649251857256S04152838WA0074300788
B1649291857272S04152868WA0073600781
B1649331857288S04152900WA0072800773
B1649371857303S04152928WA0072500770
B1649411857314S04152960WA0071700762
B1649451857327S04152992WA0071500759
B1649491857341S04153021WA0071200756
B1649531857357S04153051WA0070700751
B1649571857374S04153080WA0070100745
B1650011857392S04153111WA0069500737
B1650051857412S04153140WA0069100734
B1650091857430S04153169WA0068500728
B1650131857451S04153197WA0067900722
B1650171857470S04153223WA0067700720
B1650211857487S04153248WA0067600718
B1650251857502S04153270WA0068200723
B1650291857519S04153289WA0068600728
B1650331857534S04153313WA0069300736
B1650371857545S04153336WA0070000743
B1650411857558S04153360WA0070300747
B1650451857568S04153381WA0070300746
B1650491857577S04153409WA0069800742
B1650531857581S04153436WA0069700741
B1650571857583S04153467WA0069300735
B1651011857586S04153500WA0069500738
B1651051857588S04153532WA0069200735
B1651091857590S04153563WA0068500728
B1651131857592S04153594WA0068300726
B1651171857597S04153624WA0068100723
B1651211857604S04153655WA0068600728
B1651251857611S04153689WA0068800731
B1651291857611S04153718WA0069600739
B1651331857605S04153742WA0069600738
B1651371857599S04153767WA0069700737
B1651411857587S04153787WA0069800737
B1651451857574S04153812WA0069900739
B1651491857574S04153837WA0071100751
B1651531857580S04153862WA0072000760
B1651571857588S04153882WA0071900760
B1652011857598S04153906WA0071900761
B1652051857612S04153932WA0071400757
B1652091857627S04153955WA0072600771
B1652131857642S04153977WA0072800772
B1652171857658S04153999WA0073600782
B1652211857676S04154016WA0074200788
B1652251857693S04154038WA0074900798
B1652291857692S04154063WA0075700805
B1652331857671S04154072WA0076200810
B1652371857666S04154058WA0076800817
B1652411857685S04154052WA0077000819
B1652451857704S04154051WA0077700827
B1652491857727S04154054WA0078500836
B1652531857742S04154072WA0079300844
B1652571857757S04154094WA0079800849
B1653011857774S04154117WA0080000853
B1653051857785S04154146WA0080500859
B1653091857788S04154180WA0080600859
B1653131857798S04154209WA0081200865
B1653171857809S04154236WA0082100875
B1653211857804S04154256WA0083400888
B1653251857784S04154254WA0084300899
B1653291857796S04154240WA0085100907
B1653331857815S04154244WA0086600922
B1653371857834S04154263WA0087400931
B1653411857848S04154285WA0088400940
B1653451857860S04154310WA0089600952
B1653491857877S04154331WA0090100957
B1653531857895S04154346WA0091300970
B1653571857917S04154351WA0091700974
B1654011857939S04154349WA0092700984
B1654051857957S04154341WA0093800996
B1654091857979S04154336WA0094901006
B1654131858001S04154332WA0096101020
B1654171858003S04154312WA0096901029
B1654211857993S04154306WA0098601047
B1654251857985S04154326WA0099301055
B1654291858007S04154334WA0100801069
B1654331858016S04154316WA0101901081
B1654371858002S04154311WA0102901090
B1654411857988S04154328WA0103501097
B1654451857993S04154349WA0105001112
B1654491858015S04154354WA0105901122
B1654531858021S04154335WA0106701130
B1654571858006S04154334WA0107701139
B1655011858001S04154354WA0108701150
B1655051858021S04154359WA0109501160
B1655091858014S04154338WA0110301168
B1655131858001S04154342WA0111301178
B1655171857993S04154366WA0111601181
B1655211857989S04154388WA0113001195
B1655251857982S04154417WA0113201200
B1655291857978S04154450WA0113801206
B1655331857975S04154480WA0113901205
B1655371857965S04154510WA0113901206
B1655411857960S04154535WA0114001206
B1655451857953S04154562WA0113701204
B1655491857940S04154584WA0113701204
B1655531857931S04154607WA0113201197
B1655571857925S04154636WA0112901194
B1656011857918S04154664WA0113001196
B1656051857914S04154687WA0114001206
B1656091857910S04154708WA0115001217
B1656131857906S04154729WA0115401221
B1656171857908S04154754WA0115801226
B1656211857911S04154777WA0116601235
B1656251857912S04154801WA0116201230
B1656291857913S04154828WA0116201232
B1656331857911S04154855WA0116801238
B1656371857909S04154884WA0117401244
B1656411857911S04154912WA0117901250
B1656451857915S04154942WA0118301254
B1656491857924S04154971WA0119201263
B1656531857935S04154998WA0119701270
B1656571857945S04155026WA0120201275
B1657011857956S04155053WA0120001274
B1657051857970S04155083WA0119401265
B1657091857988S04155114WA0118701259
B1657131858007S04155146WA0118901261
B1657171858023S04155179WA0118801260
B1657211858040S04155214WA0118501258
B1657251858057S04155246WA0118101253
B1657291858070S04155282WA0117101242
B1657331858081S04155319WA0116101232
B1657371858088S04155359WA0115801228
B1657411858094S04155392WA0116001230
B1657451858107S04155425WA0115401223
B1657491858123S04155458WA0114801217
B1657531858142S04155491WA0114701217
B1657571858156S04155520WA0114801217
B1658011858172S04155553WA0113701206
B1658051858189S04155584WA0113101199
B1658091858206S04155615WA0112101189
B1658131858221S04155649WA0111501182
B1658171858233S04155682WA0110801175
B1658211858248S04155711WA0110001166
B1658251858273S04155730WA0109701163
B1658291858301S04155746WA0109201159
B1658331858333S04155757WA0108501152
B1658371858367S04155764WA0108101148
B1658411858401S04155770WA0107801145
B1658451858436S04155774WA0107101137
B1658491858472S04155777WA0106701133
B1658531858506S04155782WA0106101127
B1658571858538S04155790WA0105601121
B1659011858570S04155797WA0104801113
B1659051858603S04155804WA0103901104
B1659091858635S04155807WA0103001095
B1659131858667S04155812WA0102701092
B1659171858695S04155820WA0102201086
B1659211858724S04155827WA0101501079
B1659251858753S04155836WA0100901073
B1659291858781S04155842WA0100501068
B1659331858811S04155846WA0099501057
B1659371858842S04155851WA0098701049
B1659411858876S04155857WA0097501037
B1659451858909S04155862WA0096701028
B1659491858941S04155865WA0095601016
B1659531858976S04155872WA0094301002
B1659571859007S04155878WA0094000999
B1700011859029S04155881WA0094501004
B1700051859058S04155883WA0094000999
B1700091859089S04155883WA0093800997
B1700131859119S04155887WA0093700996
B1700171859150S04155892WA0093500994
B1700211859179S04155899WA0093900998
B1700251859208S04155905WA0094301002
B1700291859232S04155910WA0095501015
B1700331859252S04155912WA0096501025
B1700371859273S04155908WA0097201034
B1700411859294S04155903WA0098001041
B1700451859313S04155895WA0098901050
B1700491859335S04155891WA0099401055
B1700531859357S04155895WA0099901061
B1700571859375S04155896WA0100901072
B1701011859395S04155889WA0101501078
B1701051859414S04155880WA0102901092
B1701091859430S04155876WA0104401107
B1701131859449S04155866WA0105901122
B1701171859466S04155861WA0107401139
B1701211859489S04155851WA0108201148
B1701251859514S04155840WA0108901156
B1701291859539S04155830WA0109601163
B1701331859568S04155822WA0109601163
B1701371859599S04155815WA0110501173
B1701411859616S04155816WA0110901177
B1701451859642S04155817WA0110101170
B1701491859669S04155818WA0110201171
B1701531859695S04155822WA0110801177
B1701571859721S04155832WA0111001179
B1702011859746S04155842WA0111401183
B1702051859771S04155854WA0111801187
B1702091859795S04155864WA0112501194
B1702131859821S04155880WA0112701198
B1702171859844S04155893WA0113501204
B1702211859866S04155909WA0113701207
B1702251859892S04155928WA0113101201
B1702291859921S04155946WA0112501195
B1702331859948S04155963WA0111601185
B1702371859978S04155979WA0110701176
B1702411900006S04155995WA0109701165
B1702451900034S04156009WA0108901157
B1702491900064S04156026WA0107901146
B1702531900093S04156043WA0107101138
B1702571900122S04156058WA0106701134
B1703011900151S04156073WA0106001126
B1703051900181S04156088WA0105401120
B1703091900208S04156110WA0104901114
B1703131900235S04156131WA0105401119
B1703171900263S04156149WA0105501121
B1703211900291S04156165WA0106401132
B1703251900311S04156170WA0107301140
B1703291900340S04156173WA0107701145
B1703331900362S04156179WA0108801157
B1703371900377S04156195WA0109601164
B1703411900362S04156205WA0110301172
B1703451900347S04156200WA0111401183
B1703491900337S04156188WA0112301192
B1703531900354S04156170WA0113201202
B1703571900377S04156172WA0113901209
B1704011900398S04156187WA0114501215
B1704051900425S04156195WA0115001220
B1704091900449S04156202WA0115201224
B1704131900479S04156207WA0114601217
B1704171900509S04156213WA0114501217
B1704211900535S04156215WA0115001221
B1704251900563S04156222WA0114801219
B1704291900590S04156234WA0115201224
B1704331900617S04156239WA0115201224
B1704371900642S04156243WA0114201212
B1704411900673S04156253WA0112901198
B1704451900704S04156261WA0112301193
B1704491900736S04156269WA0112101190
B1704531900767S04156274WA0111701186
B1704571900796S04156276WA0111001179
B1705011900827S04156280WA0109801167
B1705051900859S04156284WA0109301161
B1705091900892S04156286WA0109001158
B1705131900924S04156288WA0109501163
B1705171900953S04156296WA0110301172
B1705211900979S04156303WA0110501172
B1705251901010S04156308WA0109801165
B1705291901041S04156311WA0109501162
B1705331901072S04156313WA0108901156
B1705371901105S04156318WA0107601142
B1705411901138S04156323WA0106501130
B1705451901172S04156331WA0105301118
B1705491901206S04156340WA0104201107
B1705531901239S04156350WA0103001095
B1705571901273S04156358WA0102301087
B1706011901306S04156362WA0101401077
B1706051901341S04156370WA0100301065
B1706091901375S04156378WA0099501057
B1706131901411S04156387WA0098501047
B1706171901445S04156397WA0098001042
B1706211901478S04156410WA0097201033
B1706251901512S04156426WA0096401025
B1706291901545S04156441WA0095301014
B1706331901579S04156453WA0094701007
B1706371901612S04156466WA0093800997
B1706411901644S04156481WA0093100989
B1706451901676S04156494WA0092500984
B1706491901705S04156499WA0092000978
B1706531901702S04156471WA0090700964
B1706571901676S04156452WA0090200959
B1707011901649S04156439WA0089000945
B1707051901622S04156422WA0088400939
B1707091901597S04156402WA0087400929
B1707131901571S04156381WA0086600921
B1707171901545S04156362WA0085800913
B1707211901520S04156342WA0085000904
B1707251901496S04156320WA0084200897
B1707291901472S04156298WA0083300886
B1707331901448S04156276WA0082300875
B1707371901422S04156255WA0081300865
B1707411901394S04156239WA0080900861
B1707451901365S04156223WA0080300854
B1707491901337S04156208WA0079700847
B1707531901308S04156197WA0079300842
B1707571901283S04156189WA0079300843
B1708011901258S04156177WA0079100840
B1708051901234S04156167WA0079100839
B1708091901218S04156160WA0079900847
B1708131901199S04156153WA0079900847
B1708171901177S04156149WA0080500853
B1708211901151S04156146WA0081100860
B1708251901127S04156148WA0081800866
B1708291901105S04156147WA0082700876
B1708331901083S04156149WA0082900879
B1708371901069S04156161WA0083600885
B1708411901083S04156179WA0084100890
B1708451901099S04156170WA0085100901
B1708491901096S04156145WA0085900908
B1708531901076S04156138WA0086500915
B1708571901058S04156148WA0087000920
B1709011901058S04156167WA0087900930
B1709051901080S04156163WA0088000931
B1709091901079S04156143WA0089000942
B1709131901059S04156133WA0089400946
B1709171901047S04156149WA0089900952
B1709211901066S04156158WA0090400956
B1709251901081S04156141WA0091000962
B1709291901075S04156120WA0091400966
B1709331901055S04156113WA0091600969
B1709371901040S04156125WA0092000972
B1709411901040S04156145WA0092400977
B1709451901058S04156154WA0092600980
B1709491901076S04156146WA0093600990
B1709531901088S04156125WA0093700992
B1709571901079S04156103WA0094200996
B1710011901059S04156093WA0094501000
B1710051901046S04156104WA0094801003
B1710091901060S04156120WA0094901004
B1710131901079S04156121WA0095401010
B1710171901100S04156121WA0095301011
B1710211901111S04156105WA0095101008
B1710251901100S04156083WA0095001007
B1710291901080S04156072WA0095001007
B1710331901059S04156068WA0095001007
B1710371901038S04156074WA0094901005
B1710411901017S04156076WA0094801004
B1710451900994S04156069WA0094300999
B1710491900968S04156062WA0094200998
B1710531900944S04156058WA0094000995
B1710571900918S04156056WA0093000986
B1711011900890S04156053WA0092100975
B1711051900865S04156049WA0091500969
B1711091900838S04156045WA0090800961
B1711131900812S04156043WA0090100954
B1711171900785S04156038WA0088900941
B1711211900758S04156032WA0087800930
B1711251900731S04156024WA0086800918
B1711291900703S04156020WA0086100910
B1711331900674S04156017WA0085300902
B1711371900647S04156012WA0084900898
B1711411900623S04156011WA0084900898
B1711451900602S04156010WA0084500894
B1711491900575S04156005WA0083800887
B1711531900550S04156002WA0083300882
B1711571900524S04156001WA0082700875
B1712011900498S04156001WA0081900867
B1712051900467S04156002WA0080400851
B1712091900435S04156005WA0079900845
B1712131900405S04156007WA0079000836
B1712171900375S04156010WA0078300828
B1712211900347S04156014WA0077600822
B1712251900315S04156020WA0076200807
B1712291900283S04156025WA0075200795
B1712331900252S04156031WA0073900781
B1712371900221S04156038WA0072400766
B1712411900189S04156046WA0071500755
B1712451900153S04156052WA0070800748
B1712491900119S04156056WA0070700747
B1712531900087S04156061WA0070700747
B1712571900055S04156065WA0070500744
B1713011900024S04156069WA0070500745
B1713051859993S04156070WA0070200741
B1713091859964S04156073WA0069900738
B1713131859934S04156076WA0069000729
B1713171859904S04156080WA0068500723
B1713211859873S04156081WA0067700714
B1713251859842S04156082WA0067100709
B1713291859812S04156083WA0066600703
B1713331859780S04156083WA0065900695
B1713371859750S04156086WA0065700693
B1713411859720S04156089WA0065200688
B1713451859689S04156087WA0064800684
B1713491859657S04156086WA0064800684
B1713531859625S04156082WA0064900685
B1713571859593S04156072WA0064900686
B1714011859563S04156060WA0065400691
B1714051859535S04156047WA0065800696
B1714091859515S04156038WA0067000709
B1714131859493S04156027WA0067600715
B1714171859481S04156015WA0069200732
B1714211859467S04155998WA0069800739
B1714251859448S04155989WA0070800750
B1714291859427S04155989WA0072200764
B1714331859416S04156002WA0073200775
B1714371859436S04156006WA0073800781
B1714411859444S04155986WA0075200796
B1714451859437S04155968WA0076100807
B1714491859415S04155965WA0077300819
B1714531859413S04155984WA0077800825
B1714571859431S04155982WA0079200839
B1715011859448S04155972WA0080100849
B1715051859464S04155956WA0081200861
B1715091859483S04155966WA0082000869
B1715131859474S04155985WA0083500885
B1715171859456S04155975WA0084400894
B1715211859464S04155957WA0085500907
B1715251859487S04155965WA0086400916
B1715291859487S04155989WA0087200926
B1715331859468S04155984WA0088400938
B1715371859476S04155969WA0089900953
B1715411859499S04155976WA0091000965
B1715451859496S04155999WA0092100977
B1715491859478S04155995WA0093500990
B1715531859478S04155976WA0094901006
B1715571859497S04155974WA0096001017
B1716011859508S04155996WA0096901027
B1716051859494S04156010WA0098201039
B1716091859478S04155997WA0099201051
B1716131859480S04155979WA0100601066
B1716171859503S04155977WA0101701078
B1716211859518S04155993WA0102801089
B1716251859525S04156017WA0103901101
B1716291859531S04156037WA0104901111
B1716331859533S04156061WA0105801120
B1716371859515S04156065WA0106401127
B1716411859502S04156055WA0108001145
B1716451859490S04156039WA0108701152
B1716491859481S04156021WA0109801163
B1716531859472S04156000WA0110701174
B1716571859464S04155979WA0111701184
B1717011859466S04155962WA0113401202
B1717051859488S04155973WA0114601214
B1717091859476S04155989WA0116301232
B1717131859466S04155976WA0117501244
B1717171859484S04155966WA0118701258
B1717211859487S04155989WA0120301274
B1717251859469S04155988WA0121401286
B1717291859468S04155966WA0122401296
B1717331859488S04155969WA0123701309
B1717371859480S04155990WA0124901324
B1717411859464S04155982WA0126301338
B1717451859450S04155962WA0127201348
B1717491859444S04155947WA0128801364
B1717531859462S04155946WA0129701374
B1717571859446S04155965WA0130501382
B1718011859429S04155953WA0132201398
B1718051859431S04155929WA0132801407
B1718091859438S04155910WA0134501425
B1718131859462S04155894WA0134901429
B1718171859454S04155874WA0136901446
B1718211859442S04155880WA0138801466
B1718251859453S04155897WA0139601474
B1718291859476S04155889WA0141001489
B1718331859475S04155870WA0142501505
B1718371859460S04155880WA0144201524
B1718411859473S04155892WA0145901542
B1718451859499S04155892WA0146801553
B1718491859505S04155873WA0148601572
B1718531859491S04155863WA0150301589
B1718571859477S04155872WA0151901609
B1719011859466S04155868WA0153001619
B1719051859471S04155840WA0153601626
B1719091859479S04155818WA0155101643
B1719131859477S04155793WA0156201653
B1719171859466S04155773WA0157601667
B1719211859450S04155752WA0158201673
B1719251859429S04155731WA0158401676
B1719291859411S04155714WA0158301675
B1719331859391S04155692WA0157301665
B1719371859372S04155669WA0156901661
B1719411859346S04155647WA0156201654
B1719451859321S04155626WA0155901651
B1719491859292S04155608WA0155301645
B1719531859263S04155589WA0154801639
B1719571859235S04155570WA0154401635
B1720011859205S04155551WA0153601627
B1720051859174S04155537WA0153101621
B1720091859145S04155519WA0152401613
B1720131859117S04155496WA0151601605
B1720171859090S04155472WA0150901599
B1720211859065S04155447WA0150301592
B1720251859042S04155418WA0149501584
B1720291859022S04155387WA0148701576
B1720331858999S04155358WA0147901567
B1720371858976S04155328WA0147101559
B1720411858951S04155300WA0146401551
B1720451858927S04155272WA0145701544
B1720491858902S04155245WA0144901536
B1720531858875S04155221WA0144101527
B1720571858846S04155196WA0143101518
B1721011858820S04155170WA0142401510
B1721051858795S04155143WA0141501501
B1721091858767S04155118WA0140601491
B1721131858740S04155092WA0139801482
B1721171858713S04155067WA0139101474
B1721211858687S04155042WA0138201464
B1721251858661S04155014WA0137201455
B1721291858634S04154989WA0136501447
B1721331858606S04154965WA0135701439
B1721371858578S04154942WA0134901430
B1721411858552S04154919WA0134001421
B1721451858526S04154896WA0133101410
B1721491858497S04154877WA0132101400
B1721531858468S04154859WA0131201389
B1721571858438S04154843WA0130001378
B1722011858409S04154828WA0129101368
B1722051858381S04154814WA0128101357
B1722091858358S04154798WA0127201348
B1722131858334S04154779WA0126201337
B1722171858310S04154761WA0125601331
B1722211858286S04154739WA0124901324
B1722251858258S04154724WA0124201317
B1722291858230S04154713WA0123701312
B1722331858201S04154702WA0122901304
B1722371858171S04154693WA0122501299
B1722411858144S04154686WA0122301297
B1722451858117S04154679WA0121401287
B1722491858091S04154668WA0120201274
B1722531858065S04154651WA0118801260
B1722571858039S04154634WA0118101252
B1723011858012S04154617WA0117601247
B1723051857987S04154599WA0117301244
B1723091857959S04154590WA0116701237
B1723131857939S04154600WA0116401233
B1723171857920S04154598WA0115901227
B1723211857898S04154579WA0115301222
B1723251857875S04154557WA0115101220
B1723291857854S04154539WA0115801227
B1723331857834S04154528WA0116401234
B1723371857814S04154506WA0115401224
B1723411857793S04154481WA0115001218
B1723451857771S04154456WA0114801217
B1723491857753S04154439WA0116001231
B1723531857736S04154420WA0115901230
B1723571857718S04154394WA0115401226
B1724011857700S04154373WA0115601227
B1724051857686S04154360WA0115701228
B1724091857673S04154342WA0115001220
B1724131857660S04154318WA0114301213
B1724171857647S04154293WA0114201212
B1724211857631S04154269WA0113401203
B1724251857612S04154242WA0112501193
B1724291857595S04154219WA0112501193
B1724331857579S04154191WA0112201190
B1724371857562S04154168WA0112901197
B1724411857550S04154148WA0113201201
B1724451857538S04154121WA0113201200
B1724491857523S04154092WA0113201201
B1724531857511S04154066WA0114001209
B1724571857497S04154041WA0114101210
B1725011857483S04154017WA0114801218
B1725051857469S04153993WA0114801218
B1725091857455S04153967WA0115501226
B1725131857441S04153947WA0115901231
B1725171857427S04153920WA0115301224
B1725211857408S04153892WA0115301223
B1725251857392S04153859WA0114801218
B1725291857375S04153826WA0114301213
B1725331857354S04153795WA0113301204
B1725371857338S04153766WA0112901198
B1725411857315S04153745WA0111601184
B1725451857300S04153718WA0110501172
B1725491857285S04153690WA0109001156
B1725531857266S04153661WA0107801143
B1725571857248S04153635WA0107101136
B1726011857229S04153609WA0106101124
B1726051857210S04153579WA0104901112
B1726091857194S04153550WA0104101103
B1726131857178S04153520WA0102901091
B1726171857162S04153491WA0102001081
B1726211857145S04153460WA0100601066
B1726251857129S04153428WA0099901059
B1726291857119S04153400WA0099101050
B1726331857109S04153371WA0097701036
B1726371857099S04153343WA0096501023
B1726411857086S04153315WA0095201009
B1726451857076S04153284WA0094000997
B1726491857065S04153255WA0093000986
B1726531857054S04153227WA0091800973
B1726571857042S04153195WA0090300958
B1727011857028S04153167WA0089900953
B1727051857015S04153139WA0088800943
B1727091857000S04153107WA0088000934
B1727131856986S04153082WA0088200935
B1727171856973S04153057WA0088000933
B1727211856954S04153031WA0088200936
B1727251856939S04153007WA0088600940
B1727291856927S04152980WA0089100946
B1727331856916S04152957WA0089800953
B1727371856906S04152935WA0089800953
B1727411856892S04152910WA0089900955
B1727451856881S04152889WA0089900956
B1727491856868S04152863WA0090000957
B1727531856859S04152840WA0090100957
B1727571856853S04152812WA0090400960
B1728011856846S04152789WA0091300969
B1728051856839S04152764WA0092100978
B1728091856827S04152741WA0093100988
B1728131856808S04152722WA0093700995
B1728171856788S04152705WA0095001010
B1728211856786S04152686WA0096101021
B1728251856805S04152687WA0096901029
B1728291856799S04152708WA0098301043
B1728331856784S04152722WA0099401053
B1728371856764S04152730WA0100601067
B1728411856755S04152708WA0101301074
B1728451856769S04152701WA0102201083
B1728491856774S04152724WA0103001091
B1728531856761S04152738WA0104101103
B1728571856741S04152749WA0104901110
B1729011856717S04152753WA0105101113
B1729051856690S04152757WA0106501129
B1729091856672S04152760WA0108401149
B1729131856652S04152761WA0109701161
B1729171856629S04152757WA0111101176
B1729211856609S04152748WA0112701193
B1729251856588S04152738WA0113901206
B1729291856567S04152723WA0115301221
B1729331856548S04152729WA0117301242
B1729371856552S04152751WA0119001260
B1729411856573S04152742WA0120501275
B1729451856575S04152715WA0121601287
B1729491856554S04152700WA0123001301
B1729531856544S04152716WA0124701319
B1729571856566S04152713WA0126501337
B1730011856568S04152688WA0127801351
B1730051856547S04152671WA0129101365
B1730091856533S04152683WA0130601380
B1730131856541S04152698WA0132101395
B1730171856561S04152690WA0133501410
B1730211856572S04152665WA0134601421
B1730251856583S04152636WA0135801435
B1730291856586S04152606WA0136201438
B1730331856587S04152573WA0136301440
B1730371856587S04152540WA0135601434
B1730411856590S04152503WA0134701425
B1730451856593S04152465WA0134601425
B1730491856598S04152429WA0134201419
B1730531856603S04152392WA0133301412
B1730571856606S04152352WA0132401401
B1731011856607S04152312WA0131401391
B1731051856608S04152275WA0130501381
B1731091856611S04152238WA0129201368
B1731131856613S04152198WA0128001355
B1731171856613S04152160WA0127201347
B1731211856612S04152122WA0126001335
B1731251856612S04152085WA0124901322
B1731291856613S04152050WA0123701310
B1731331856615S04152015WA0122201295
B1731371856614S04151982WA0121301284
B1731411856617S04151952WA0120001271
B1731451856622S04151919WA0118801259
B1731491856624S04151887WA0117901249
B1731531856625S04151854WA0116601235
B1731571856627S04151822WA0115501224
B1732011856630S04151789WA0114901218
B1732051856634S04151755WA0113801207
B1732091856638S04151719WA0113001197
B1732131856640S04151684WA0112101187
B1732171856643S04151648WA0110501170
B1732211856645S04151615WA0109401159
B1732251856653S04151584WA0107901144
B1732291856664S04151554WA0106601130
B1732331856678S04151524WA0105201114
B1732371856688S04151492WA0103801100
B1732411856700S04151460WA0102701088
B1732451856713S04151429WA0101401074
B1732491856727S04151401WA0101201072
B1732531856737S04151376WA0101001070
B1732571856751S04151350WA0100701067
B1733011856760S04151323WA0100901070
B1733051856768S04151301WA0101201072
B1733091856779S04151274WA0101201072
B1733131856788S04151250WA0101501076
B1733171856799S04151221WA0101501075
B1733211856809S04151195WA0101901080
B1733251856827S04151173WA0101701078
B1733291856844S04151149WA0101701077
B1733331856857S04151130WA0102601086
B1733371856867S04151113WA0103201093
B1733411856878S04151091WA0103701098
B1733451856880S04151070WA0104801109
B1733491856877S04151051WA0105701119
B1733531856869S04151031WA0106001122
B1733571856860S04151013WA0106901133
B1734011856850S04150998WA0107201137
B1734051856838S04150981WA0108001145
B1734091856824S04150963WA0108101147
B1734131856808S04150939WA0107801143
B1734171856793S04150913WA0107501141
B1734211856780S04150891WA0107801143
B1734251856766S04150865WA0107201140
B1734291856754S04150839WA0107301140
B1734331856738S04150816WA0106601133
B1734371856721S04150790WA0105901125
B1734411856705S04150763WA0105501122
B1734451856690S04150735WA0105001116
B1734491856674S04150708WA0104501110
B1734531856658S04150680WA0103801102
B1734571856641S04150652WA0103101095
B1735011856623S04150624WA0102801091
B1735051856606S04150597WA0102201085
B1735091856589S04150569WA0101701079
B1735131856572S04150543WA0101201075
B1735171856556S04150514WA0100501068
B1735211856541S04150483WA0100001062
B1735251856526S04150455WA0099601057
B1735291856511S04150425WA0098801049
B1735331856495S04150397WA0098101042
B1735371856478S04150366WA0096901029
B1735411856461S04150335WA0096101021
B1735451856447S04150303WA0095201012
B1735491856430S04150272WA0094401002
B1735531856414S04150241WA0093500993
B1735571856398S04150209WA0092600983
B1736011856383S04150177WA0091700973
B1736051856366S04150146WA0090700963
B1736091856351S04150114WA0089600952
B1736131856337S04150081WA0088600941
B1736171856321S04150048WA0087500929
B1736211856304S04150015WA0086500919
B1736251856289S04149982WA0085700910
B1736291856275S04149949WA0084600899
B1736331856262S04149915WA0083600888
B1736371856248S04149884WA0082700878
B1736411856232S04149853WA0081700868
B1736451856215S04149822WA0081000860
B1736491856196S04149791WA0080000849
B1736531856178S04149761WA0079100840
B1736571856161S04149733WA0078400833
B1737011856149S04149706WA0078300831
B1737051856130S04149702WA0078400832
B1737091856120S04149728WA0077800825
B1737131856121S04149751WA0077200819
B1737171856126S04149776WA0076700814
B1737211856131S04149806WA0075300799
B1737251856131S04149841WA0074200788
B1737291856128S04149874WA0073400779
B1737331856122S04149908WA0072400768
B1737371856116S04149943WA0071500758
B1737411856112S04149976WA0070900753
B1737451856109S04150011WA0070200745
B1737491856106S04150042WA0070100743
B1737531856108S04150075WA0069300735
B1737571856112S04150110WA0069000732
B1738011856117S04150145WA0068900731
B1738051856123S04150175WA0068900731
B1738091856131S04150207WA0067700719
B1738131856141S04150238WA0066700708
B1738171856152S04150271WA0065800699
B1738211856163S04150301WA0064800689
B1738251856173S04150335WA0063700676
B1738291856185S04150368WA0062900668
B1738331856198S04150404WA0062400664
B1738371856210S04150436WA0062700666
B1738411856219S04150467WA0062800667
B1738451856227S04150501WA0062600665
B1738491856235S04150536WA0062700666
B1738531856246S04150570WA0062500663
B1738571856256S04150605WA0062400663
B1739011856267S04150634WA0063100670
B1739051856276S04150666WA0062900668
B1739091856283S04150697WA0063000668
B1739131856294S04150720WA0063900678
B1739171856304S04150739WA0064500685
B1739211856300S04150761WA0065300692
B1739251856295S04150786WA0065600696
B1739291856294S04150806WA0066500705
B1739331856280S04150822WA0067100712
B1739371856266S04150815WA0067700718
B1739411856285S04150808WA0068400725
B1739451856301S04150820WA0069200733
B1739491856313S04150841WA0069600738
B1739531856311S04150865WA0070100743
B1739571856296S04150879WA0070400747
B1740011856287S04150861WA0070400745
B1740051856303S04150851WA0070800750
B1740091856321S04150867WA0071200754
B1740131856317S04150889WA0071500757
B1740171856297S04150882WA0071500757
B1740211856297S04150864WA0072000762
B1740251856307S04150849WA0072300766
B1740291856330S04150851WA0072800772
B1740331856345S04150871WA0073200776
B1740371856351S04150895WA0073700781
B1740411856351S04150920WA0074100785
B1740451856349S04150946WA0074300788
B1740491856346S04150972WA0074300788
B1740531856339S04151002WA0074300788
B1740571856330S04151032WA0073800783
B1741011856321S04151070WA0072800773
B1741051856314S04151105WA0072600770
B1741091856304S04151141WA0071500759
B1741131856300S04151172WA0071400758
B1741171856293S04151204WA0070100745
B1741211856285S04151238WA0069300736
B1741251856277S04151272WA0068400727
B1741291856270S04151309WA0067400716
B1741331856262S04151346WA0066500706
B1741371856255S04151382WA0065500696
B1741411856247S04151419WA0064500685
B1741451856240S04151456WA0063600676
B1741491856235S04151493WA0062900668
B1741531856229S04151529WA0061900658
B1741571856222S04151569WA0060800646
B1742011856216S04151608WA0059800635
B1742051856213S04151647WA0058800625
B1742091856210S04151681WA0057900615
B1742131856204S04151716WA0056500601
B1742171856193S04151750WA0055300587
B1742211856183S04151787WA0053600570
B1742251856179S04151823WA0052700559
B1742291856177S04151860WA0052100552
B1742331856173S04151893WA0051900551
B1742371856169S04151926WA0051900551
B1742411856167S04151955WA0052700560
B1742451856162S04151987WA0052700559
B1742491856158S04152021WA0053000561
B1742531856155S04152053WA0052700558
B1742571856151S04152090WA0051700548
B1743011856146S04152126WA0051100542
B1743051856141S04152160WA0050800538
B1743091856139S04152190WA0050700537
B1743131856134S04152225WA0049800528
B1743171856131S04152259WA0049600526
B1743211856127S04152293WA0049200521
B1743251856123S04152324WA0048900517
B1743291856119S04152358WA0048100509
B1743331856115S04152389WA0047400503
B1743371856110S04152420WA0046400491
B1743411856110S04152454WA0045400481
B1743451856110S04152488WA0044500471
B1743491856106S04152523WA0043400460
B1743531856104S04152558WA0042400450
B1743571856102S04152593WA0041800443
B1744011856100S04152626WA0041300437
B1744051856095S04152661WA0040400427
B1744091856092S04152694WA0040000422
B1744131856088S04152728WA0039300415
B1744171856085S04152760WA0039500418
B1744211856088S04152774WA0040700431
B1744251856092S04152801WA0040300427
B1744291856101S04152814WA0041200435
B1744331856101S04152838WA0040800432
B1744371856094S04152854WA0040500429
B1744411856082S04152874WA0039700420
B1744451856083S04152896WA0039300415
B1744491856095S04152918WA0038800409
B1744531856111S04152935WA0039000410
B1744571856125S04152958WA0038600407
B1745011856134S04152978WA0039000411
B1745051856138S04153002WA0038900409
B1745091856144S04153023WA0039100411
B1745131856149S04153048WA0039200411
B1745171856152S04153071WA0039600417
B1745211856146S04153090WA0040000421
B1745251856132S04153099WA0040200423
B1745291856117S04153114WA0039700419
B1745331856105S04153135WA0039200413
B1745371856092S04153155WA0038700407
B1745411856078S04153175WA0038300404
B1745451856073S04153191WA0039100411
B1745491856059S04153210WA0039100411
B1745531856042S04153228WA0039300413
B1745571856028S04153246WA0039700418
B1746011856018S04153260WA0039800418
B1746051856003S04153274WA0039300413
B1746091855987S04153290WA0038900410
B1746131855968S04153305WA0038500407
B1746171855949S04153321WA0038300406
B1746211855931S04153339WA0038300406
B1746251855915S04153356WA0038100403
B1746291855896S04153375WA0037700400
B1746331855883S04153392WA0038400406
B1746371855868S04153410WA0038300406
B1746411855854S04153428WA0038300406
B1746451855835S04153451WA0037700400
B1746491855818S04153470WA0037600398
B1746531855799S04153491WA0037200394
B1746571855785S04153510WA0036800390
B1747011855774S04153535WA0035900381
B1747051855765S04153556WA0035500376
B1747091855767S04153577WA0035900380
B1747131855778S04153593WA0036400386
B1747171855777S04153615WA0036500386
B1747211855768S04153637WA0037000392
B1747251855754S04153646WA0037200395
B1747291855745S04153626WA0038100403
B1747331855753S04153608WA0038100403
B1747371855748S04153584WA0038500408
B1747411855742S04153562WA0038900412
B1747451855741S04153537WA0039500418
B1747491855762S04153522WA0039600419
B1747531855780S04153524WA0040500428
B1747571855768S04153542WA0039900424
B1748011855761S04153521WA0040500431
B1748051855782S04153511WA0040700433
B1748091855793S04153533WA0040400430
B1748131855787S04153554WA0040600431
B1748171855774S04153563WA0041000436
B1748211855760S04153549WA0041000436
B1748251855773S04153530WA0041500440
B1748291855794S04153531WA0042000445
B1748331855800S04153552WA0042000445
B1748371855789S04153567WA0042300449
B1748411855774S04153555WA0042600452
B1748451855783S04153532WA0042900456
B1748491855803S04153541WA0043300459
B1748531855800S04153564WA0043200458
B1748571855787S04153576WA0044000466
B1749011855769S04153566WA0044500471
B1749051855776S04153545WA0045000476
B1749091855799S04153540WA0045600483
B1749131855812S04153557WA0045900486
B1749171855808S04153578WA0045900486
B1749211855785S04153583WA0045900484
B1749251855773S04153564WA0046300489
B1749291855783S04153545WA0046900496
B1749331855806S04153539WA0047800505
B1749371855823S04153550WA0048400512
B1749411855823S04153574WA0048200511
B1749451855815S04153595WA0048600515
B1749491855811S04153621WA0048500513
B1749531855809S04153643WA0049200521
B1749571855804S04153667WA0049500524
B1750011855799S04153690WA0049300521
B1750051855796S04153713WA0049400523
B1750091855794S04153738WA0048900517
B1750131855794S04153758WA0049200520
B1750171855792S04153782WA0049100519
B1750211855791S04153804WA0048900517
B1750251855788S04153831WA0048600513
B1750291855785S04153854WA0048500513
B1750331855788S04153881WA0048300511
B1750371855791S04153908WA0047900505
B1750411855787S04153936WA0047800504
B1750451855786S04153964WA0047900506
B1750491855781S04153990WA0048000507
B1750531855774S04154019WA0048400511
B1750571855772S04154047WA0048600513
B1751011855770S04154075WA0048600513
B1751051855768S04154101WA0048700514
B1751091855763S04154125WA0048500511
B1751131855759S04154149WA0048100507
B1751171855756S04154174WA0047900505
B1751211855755S04154200WA0047500500
B1751251855754S04154226WA0047200498
B1751291855753S04154252WA0046800492
B1751331855750S04154276WA0046600490
B1751371855747S04154300WA0046000484
B1751411855743S04154322WA0045400478
B1751451855739S04154346WA0044500468
B1751491855738S04154371WA0043500459
B1751531855735S04154396WA0042600450
B1751571855731S04154421WA0042200445
B1752011855728S04154446WA0041600439
B1752051855723S04154474WA0041100432
B1752091855718S04154502WA0040300425
B1752131855712S04154529WA0039500417
B1752171855705S04154558WA0038600407
B1752211855700S04154585WA0037900399
B1752251855695S04154612WA0037300392
B1752291855692S04154638WA0036700384
B1752331855691S04154665WA0035700375
B1752371855690S04154692WA0035100369
B1752411855680S04154719WA0034800365
B1752451855668S04154741WA0035100368
B1752491855650S04154759WA0035100368
B1752531855635S04154780WA0034900367
B1752571855624S04154804WA0034600363
B1753011855613S04154830WA0034500361
B1753051855613S04154857WA0034300359
B1753091855626S04154881WA0034100357
B1753131855644S04154905WA0033500351
B1753171855666S04154920WA0033300349
B1753211855690S04154931WA0033000345
B1753251855716S04154938WA0032600340
B1753291855741S04154945WA0032200337
B1753331855767S04154952WA0031700331
B1753371855791S04154953WA0031300328
B1753411855816S04154948WA0031100326
B1753451855838S04154943WA0031000325
B1753491855863S04154937WA0031000324
B1753531855885S04154931WA0030800322
B1753571855907S04154922WA0030400318
B1754011855922S04154907WA0030100315
B1754051855925S04154891WA0030000313
B1754091855908S04154897WA0029500307
B1754131855896S04154913WA0029300306
B1754171855881S04154924WA0028900300
B1754211855867S04154935WA0028300294
B1754251855851S04154941WA0027800289
B1754291855836S04154942WA0027800289
B1754331855820S04154948WA0027700288
B1754371855804S04154950WA0027500287
B1754411855789S04154947WA0027300284
B1754451855779S04154941WA0027100282
B1754491855766S04154935WA0026700277
B1754531855772S04154920WA0026300274
B1754571855794S04154915WA0026300274
B1755011855819S04154922WA0026100272
B1755051855839S04154921WA0026100271
B1755091855857S04154914WA0025900269
B1755131855852S04154902WA0025400265
B1755171855838S04154904WA0025300265
B1755211855822S04154908WA0025200262
B1755251855810S04154916WA0025400265
B1755291855797S04154924WA0025500266
B1755331855784S04154929WA0025500266
B1755371855771S04154937WA0025700266
B1755411855755S04154939WA0025400264
B1755451855751S04154925WA0025300263
B1755491855772S04154915WA0025300263
B1755531855789S04154909WA0025800268
B1755571855806S04154906WA0025400265
B1756011855821S04154899WA0025200262
B1756051855834S04154889WA0024700258
B1756091855845S04154875WA0024100252
B1756131855860S04154865WA0023600247
B1756171855863S04154850WA0023300242
B1756211855844S04154857WA0022800236
B1756251855827S04154860WA0021700225
B1756291855811S04154858WA0021000217
B1756331855795S04154856WA0020700213
B1756371855780S04154855WA0020100206
B1756411855770S04154850WA0019800203
B1756451855775S04154834WA0019200197
B1756491855781S04154820WA0018700193
B1756531855773S04154808WA0018200187
B1756571855764S04154794WA0017400178
B1757011855757S04154781WA0017000175
B1757051855754S04154776WA0016600171
B1757091855754S04154776WA0016600171
B1757131855754S04154776WA0016600170
B1757171855754S04154776WA0016600170
B1757211855754S04154776WA0016600170
B1757251855754S04154776WA0016500170
B1757291855754S04154776WA0016600169
B1757331855754S04154776WA0016500169
B1757371855754S04154776WA0016500169
B1757411855754S04154776WA0016600169
B1757451855754S04154776WA0016500169
B1757491855754S04154776WA0016600169
B1757531855754S04154776WA0016600170
B1757571855754S04154777WA0016600171
B1758011855754S04154777WA0016500171
B1758051855754S04154777WA0016400172
B1758091855754S04154777WA0016500172
B1758131855754S04154777WA0016600171
B1758171855754S04154777WA0016500171
B1758211855754S04154777WA0016600172
B1758251855755S04154777WA0016600172
B1758291855754S04154776WA0016500171
B1758331855754S04154776WA0016500170
B1758371855754S04154776WA0016600169
B1758411855754S04154776WA0016600169
B1758451855754S04154776WA0016600169
B1758491855754S04154776WA0016600169
B1758531855754S04154776WA0016500169
B1758571855754S04154776WA0016600169
B1759011855754S04154776WA0016300169
B1759051855754S04154776WA0016600169
B1759091855754S04154776WA0016600169
B1759131855754S04154776WA0016600169
B1759171855754S04154776WA0016600169
B1759211855754S04154776WA0016600169
B1759251855754S04154777WA0016600170
B1759291855754S04154777WA0016600170
B1759331855754S04154777WA0016600171
B1759371855754S04154777WA0016600171
B1759411855755S04154777WA0016600171
B1759451855755S04154777WA0016600171
B1759491855755S04154777WA0016600171
B1759531855755S04154777WA0016600171
B1759571855755S04154777WA0016600171
B1800011855755S04154777WA0016600171
B1800051855755S04154777WA0016600171
B1800091855754S04154777WA0016700171
B1800131855755S04154777WA0016400171
B1800171855754S04154777WA0016600172
B1800211855754S04154777WA0016600173
B1800251855754S04154777WA0016600173
B1800291855755S04154777WA0016600173
B1800331855754S04154777WA0016600173
B1800371855754S04154777WA0016600172
B1800411855754S04154777WA0016600172
B1800451855754S04154777WA0016600172
B1800491855754S04154777WA0016600172
B1800531855754S04154777WA0016600172
B1800571855754S04154777WA0016600172
B1801011855754S04154777WA0016600172
B1801051855754S04154777WA0016600172
B1801091855754S04154777WA0016600172
B1801131855754S04154777WA0016600173
B1801171855754S04154777WA0016600173
B1801211855754S04154777WA0016600173
B1801251855754S04154777WA0016600173
B1801291855754S04154777WA0016600173
B1801331855754S04154777WA0016600173
B1801371855754S04154777WA0016600173
B1801411855754S04154777WA0016600173
B1801451855754S04154777WA0016600172
B1801491855754S04154777WA0016600172
B1801531855754S04154777WA0016600172
B1801571855754S04154777WA0016500172
B1802011855754S04154777WA0016600172
B1802051855754S04154777WA0016600172
B1802091855754S04154777WA0016600172
B1802131855754S04154777WA0016600172
B1802171855754S04154777WA0016600172
B1802211855754S04154777WA0016600172
B1802251855754S04154777WA0016600172
B1802291855754S04154777WA0016600172
B1802331855754S04154777WA0016600172
B1802371855754S04154777WA0016600172
B1802411855754S04154777WA0016600172
B1802451855754S04154777WA0016600172
B1802491855754S04154777WA0016600172
B1802531855754S04154777WA0016600172
B1802571855754S04154777WA0016600172
B1803011855754S04154777WA0016600172
B1803051855754S04154777WA0016600172
B1803091855754S04154777WA0016600172
B1803131855754S04154777WA0016600173
B1803171855754S04154777WA0016600173
B1803211855754S04154777WA0016600172
B1803251855754S04154777WA0016600172
B1803291855754S04154777WA0016600172
B1803331855754S04154777WA0016600172
B1803371855754S04154777WA0016600172
B1803411855754S04154777WA0016600172
B1803451855754S04154777WA0016600172
B1803491855754S04154777WA0016600172
B1803531855754S04154777WA0016600172
B1803571855754S04154777WA0016600172
B1804011855754S04154777WA0016600173
B1804051855754S04154777WA0016600173
B1804091855754S04154777WA0016600173
B1804131855754S04154777WA0016600173
B1804171855754S04154777WA0016600173
B1804211855754S04154777WA0016600173
B1804251855754S04154777WA0016600173
B1804291855754S04154777WA0016600173
B1804331855754S04154777WA0016600173
B1804371855754S04154777WA0016600173
B1804411855754S04154777WA0016600172
B1804451855754S04154777WA0016600172
B1804491855754S04154777WA0016600172
B1804531855754S04154777WA0016600173
B1804571855754S04154777WA0016600173
B1805011855754S04154777WA0016600173
B1805051855754S04154777WA0016700173
B1805091855754S04154777WA0016600173
B1805131855754S04154777WA0016600173
B1805171855754S04154777WA0016600173
B1805211855754S04154777WA0016600173
B1805251855754S04154777WA0016600173
B1805291855754S04154777WA0016600172
B1805331855754S04154777WA0016600172
B1805371855754S04154777WA0016600172
B1805411855754S04154777WA0016600172
B1805451855754S04154777WA0016600172
B1805491855754S04154777WA0016600172
B1805531855754S04154777WA0016600172
B1805571855754S04154777WA0016600172
B1806011855754S04154777WA0016600172
B1806051855754S04154777WA0016600172
B1806091855754S04154777WA0016600172
B1806131855754S04154777WA0016600172
B1806171855754S04154777WA0016600172
B1806211855754S04154777WA0016600172
B1806251855754S04154777WA0016600172
B1806291855754S04154777WA0016600172
B1806331855754S04154777WA0016600172
B1806371855754S04154776WA0016600172
B1806411855754S04154776WA0016600173
B1806451855754S04154776WA0016600173
B1806491855754S04154776WA0016600173
B1806531855754S04154776WA0016600173
B1806571855754S04154776WA0016600173
B1807011855754S04154776WA0016600173
B1807051855755S04154776WA0016600173
B1807091855755S04154776WA0016600174
B1807131855755S04154776WA0016600174
B1807171855755S04154776WA0016600174
B1807211855755S04154776WA0016600174
B1807251855755S04154776WA0016600174
B1807291855755S04154776WA0016700174
B1807331855755S04154776WA0016600174
B1807371855755S04154776WA0016600173
B1807411855755S04154776WA0016600173
B1807451855755S04154776WA0016600173
B1807491855755S04154776WA0016700173
B1807531855755S04154776WA0016600173
B1807571855755S04154776WA0016800173
B1808011855755S04154776WA0016600173
B1808051855755S04154776WA0016700172
B1808091855755S04154776WA0016600173
B1808131855755S04154777WA0016600173
B1808171855755S04154776WA0016700173
B1808211855755S04154776WA0016700173
B1808251855755S04154776WA0016700173
B1808291855754S04154775WA0016700173
B1808331855754S04154775WA0016600173
B1808371855754S04154775WA0016600174
B1808411855754S04154775WA0016700174
B1808451855754S04154775WA0016600173
B1808491855754S04154775WA0016600174
B1808531855754S04154775WA0016700173
B1808571855754S04154775WA0016600173
B1809011855754S04154775WA0016700173
B1809051855754S04154775WA0016700173
B1809091855754S04154775WA0016700173
B1809131855755S04154775WA0016700172
B1809171855755S04154775WA0016700172
B1809211855755S04154775WA0016700172
B1809251855755S04154775WA0016600172
B1809291855755S04154775WA0016600173
B1809331855755S04154775WA0016700173
B1809371855755S04154774WA0016700174
B1809411855755S04154774WA0016600173
B1809451855755S04154774WA0016700173
B1809491855755S04154774WA0016600173
B1809531855755S04154774WA0016600174
B1809571855755S04154774WA0016600174
B1810011855755S04154774WA0016700174
B1810051855755S04154774WA0016600175
B1810091855755S04154774WA0016700175
B1810131855755S04154774WA0016700175
B1810171855755S04154774WA0016600175
B1810211855755S04154774WA0016600175
B1810251855755S04154774WA0016700174
B1810291855755S04154774WA0016700175
B1810331855755S04154774WA0016700175
B1810371855755S04154774WA0016700175
B1810411855755S04154774WA0016700175
B1810451855755S04154775WA0016700175
B1810491855755S04154775WA0016700174
B1810531855755S04154775WA0016700174
B1810571855755S04154775WA0016600173
B1811011855755S04154775WA0016700173
B1811051855755S04154775WA0016700173
B1811091855755S04154775WA0016700173
B1811131855755S04154775WA0016700172
B1811171855755S04154775WA0016700172
B1811211855755S04154775WA0016600172
B1811251855755S04154775WA0016700171
B1811291855755S04154775WA0016500172
B1811331855755S04154775WA0016600173
B1811371855755S04154775WA0016800173
B1811411855755S04154775WA0016700173
B1811451855755S04154775WA0016800173
B1811491855755S04154775WA0016900173
B1811531855755S04154774WA0016800173
B1811571855756S04154773WA0016800173
B1812011855755S04154772WA0016800174
B1812051855754S04154772WA0016800174
B1812091855754S04154772WA0016700174
B1812131855753S04154772WA0016700174
B1812171855753S04154772WA0016700173
B1812211855752S04154772WA0016700174
B1812251855752S04154771WA0016800174
B1812291855752S04154770WA0016700175
B1812331855752S04154769WA0016800175
B1812371855751S04154768WA0016800175
B1812411855751S04154768WA0016700175
B1812451855751S04154767WA0016800175
B1812491855751S04154766WA0016800176
B1812531855750S04154765WA0016700176
B1812571855749S04154764WA0016700177
B1813011855749S04154762WA0016700176
B1813051855749S04154761WA0016800176
B1813091855748S04154760WA0016700176
B1813131855747S04154760WA0016700176
B1813171855746S04154759WA0016800175
B1813211855746S04154758WA0016700175
B1813251855746S04154756WA0016800175
B1813291855746S04154755WA0016800175
B1813331855745S04154753WA0016800176
B1813371855744S04154752WA0016800176
B1813411855743S04154750WA0016700176
B1813451855742S04154749WA0016800176
B1813491855741S04154747WA0016700176
B1813531855741S04154748WA0016700176
B1813571855740S04154748WA0016900176
B1814011855739S04154749WA0016700176
B1814051855737S04154750WA0016800176
B1814091855736S04154750WA0016800176
B1814131855734S04154750WA0016800176
B1814171855733S04154750WA0016800176
B1814211855732S04154751WA0016800176
B1814251855730S04154752WA0016800176
B1814291855728S04154751WA0016800176
B1814331855727S04154752WA0016800176
B1814371855725S04154752WA0016800177
B1814411855724S04154752WA0016800177
B1814451855722S04154752WA0016800177
B1814491855721S04154752WA0016900177
B1814531855719S04154753WA0016800177
B1814571855718S04154753WA0016900177
B1815011855717S04154753WA0016800177
B1815051855717S04154754WA0016800177
B1815091855715S04154754WA0016800177
B1815131855714S04154754WA0016800177
B1815171855713S04154754WA0016800177
B1815211855711S04154755WA0016800176
B1815251855710S04154754WA0016800176
B1815291855709S04154753WA0016800176
B1815331855707S04154753WA0016800176
B1815371855705S04154754WA0016800176
B1815411855704S04154755WA0016800176
B1815451855703S04154755WA0016800177
B1815491855703S04154755WA0016800177
B1815531855703S04154755WA0016800177
B1815571855703S04154755WA0016900177
B1816011855704S04154755WA0016800176
B1816051855704S04154755WA0016800176
B1816091855704S04154755WA0016700176
B1816131855704S04154755WA0016700176
B1816171855704S04154755WA0016800176
B1816211855704S04154755WA0016800175
B1816251855704S04154755WA0016700175
B1816291855704S04154755WA0016700175
B1816331855704S04154755WA0016700174
B1816371855704S04154755WA0016800174
B1816411855704S04154755WA0016700174
B1816451855704S04154755WA0016700173
B1816491855704S04154755WA0016700173
B1816531855704S04154755WA0016700173
B1816571855704S04154755WA0016700173
B1817011855704S04154755WA0016800173
B1817051855704S04154755WA0016700173
B1817091855704S04154755WA0016800173
B1817131855704S04154756WA0016800173
B1817171855704S04154756WA0016700173
B1817211855704S04154755WA0016500174
B1817251855704S04154755WA0016700174
B1817291855704S04154755WA0016800174
B1817331855704S04154755WA0016800174
B1817371855703S04154755WA0016800174
B1817411855701S04154754WA0016800174
B1817451855700S04154756WA0016800174
B1817491855698S04154758WA0016800175
B1817531855696S04154758WA0016800175
B1817571855695S04154760WA0016800175
B1818011855693S04154762WA0016800175
B1818051855692S04154763WA0016800175
B1818091855690S04154765WA0016800175
B1818131855689S04154766WA0016900175
B1818171855687S04154768WA0016900175
B1818211855685S04154769WA0016900175
B1818251855683S04154770WA0016900176
B1818291855681S04154772WA0016900175
B1818331855679S04154773WA0016900176
B1818371855677S04154775WA0016900176
B1818411855675S04154776WA0016900176
B1818451855674S04154778WA0016900176
B1818491855675S04154779WA0016900177
B1818531855675S04154779WA0016900177
B1818571855675S04154779WA0016900177
B1819011855675S04154779WA0016900177
B1819051855675S04154780WA0016900177
B1819091855674S04154780WA0017000177
B1819131855674S04154780WA0017000176
B1819171855674S04154780WA0016900176
B1819211855673S04154780WA0016900176
B1819251855673S04154780WA0016900177
B1819291855673S04154780WA0016900177
B1819331855674S04154780WA0016900177
B1819371855675S04154780WA0017300176
B1819411855675S04154780WA0016900176
B1819451855675S04154780WA0016900176
B1819491855675S04154780WA0016900176
B1819531855676S04154780WA0016900176
B1819571855676S04154780WA0016800176
B1820011855676S04154780WA0016900176
B1820051855676S04154780WA0016900175
B1820091855676S04154780WA0016900176
B1820131855676S04154780WA0016900175
B1820171855676S04154780WA0016800175
B1820211855676S04154780WA0016900175
B1820251855676S04154780WA0016900175
B1820291855676S04154780WA0016900175
B1820331855676S04154780WA0016800175
B1820371855676S04154780WA0016900175
B1820411855676S04154780WA0016900175
B1820451855676S04154780WA0016900175
B1820491855676S04154780WA0016900175
B1820531855676S04154780WA0016900175
B1820571855676S04154780WA0016900175
B1821011855676S04154780WA0016800175
B1821051855676S04154780WA0016900176
B1821091855676S04154780WA0016800176
B1821131855676S04154780WA0016800176
B1821171855676S04154780WA0016900176
B1821211855676S04154780WA0016800176
B1821251855676S04154780WA0016800176
B1821291855676S04154780WA0016800176
B1821331855676S04154780WA0016800176
B1821371855676S04154780WA0016800176
B1821411855676S04154780WA0016800176
B1821451855676S04154780WA0016800176
B1821491855676S04154780WA0016800176
B1821531855676S04154780WA0016800176
B1821571855676S04154780WA0016800176
B1822011855676S04154780WA0016800176
B1822051855676S04154780WA0016800176
B1822091855675S04154780WA0016700176
B1822131855675S04154779WA0016800177
B1822171855675S04154780WA0016900177
B1822211855673S04154780WA0016900176
B1822251855671S04154780WA0016900176
B1822291855669S04154780WA0016900177
B1822331855669S04154780WA0017100176
B1822371855668S04154780WA0016900176
B1822411855668S04154780WA0016900176
B1822451855668S04154780WA0016800176
B1822491855668S04154780WA0016800176
B1822531855668S04154780WA0016800176
B1822571855668S04154780WA0016900176
B1823011855668S04154780WA0016800175
B1823051855668S04154780WA0016800175
B1823091855668S04154780WA0016800175
B1823131855668S04154780WA0016800175
B1823171855668S04154780WA0016800175
B1823211855668S04154780WA0016800175
B1823251855668S04154780WA0016800175
B1823291855668S04154780WA0016800175
B1823331855668S04154780WA0016900175
B1823371855668S04154780WA0016900174
B1823411855668S04154780WA0016900174
B1823451855668S04154780WA0016900174
B1823491855668S04154780WA0016900174
B1823531855668S04154780WA0016900174
B1823571855668S04154780WA0016900174
B1824011855668S04154780WA0016900174
B1824051855668S04154780WA0016900174
B1824091855668S04154780WA0016900174
B1824131855668S04154780WA0016900174
B1824171855668S04154780WA0016900174
B1824211855668S04154780WA0016900174
B1824251855668S04154780WA0016900174
B1824291855668S04154780WA0016900174
B1824331855668S04154780WA0016900174
B1824371855668S04154780WA0016900174
B1824411855668S04154780WA0016900174
B1824451855668S04154780WA0016900174
B1824491855669S04154780WA0016900174
B1824531855669S04154780WA0016900174
B1824571855669S04154780WA0016900174
B1825011855669S04154780WA0016900174
B1825051855669S04154780WA0016900174
B1825091855669S04154780WA0016900174
B1825131855669S04154780WA0016900174
B1825171855669S04154780WA0016900174
B1825211855669S04154780WA0016900174
B1825251855669S04154780WA0016900174
B1825291855669S04154780WA0016900174
B1825331855669S04154780WA0016900174
B1825371855669S04154780WA0016900174
B1825411855669S04154780WA0016900174
B1825451855669S04154780WA0016900174
B1825491855669S04154780WA0016900175
B1825531855669S04154780WA0016900175
B1825571855669S04154780WA0016900175
B1826011855669S04154780WA0016900175
B1826051855669S04154780WA0016900175
B1826091855669S04154780WA0016900175
B1826131855669S04154780WA0016900175
B1826171855669S04154780WA0016900175
B1826211855669S04154780WA0016900175
B1826251855669S04154780WA0016900175
B1826291855669S04154780WA0016900174
B1826331855669S04154780WA0016900174
B1826371855669S04154780WA0016900174
B1826411855669S04154780WA0016900174
B1826451855669S04154780WA0016900174
B1826491855669S04154780WA0016900174
B1826531855669S04154780WA0016900174
B1826571855669S04154780WA0016900175
B1827011855669S04154780WA0016900174
B1827051855669S04154780WA0016900175
B1827091855669S04154780WA0016900174
B1827131855669S04154780WA0016900174
B1827171855669S04154780WA0016900174
B1827211855669S04154780WA0016900174
B1827251855669S04154780WA0016900174
B1827291855669S04154780WA0016800174
B1827331855669S04154780WA0016800174
B1827371855669S04154780WA0016900174
B1827411855669S04154780WA0016900174
B1827451855669S04154780WA0016900174
B1827491855669S04154780WA0016800174
B1827531855669S04154780WA0016800174
B1827571855669S04154780WA0016900174
B1828011855669S04154780WA0016900174
B1828051855669S04154780WA0016800174
B1828091855669S04154780WA0016900174
B1828131855669S04154780WA0016900174
B1828171855669S04154780WA0016900174
B1828211855669S04154780WA0016900174
B1828251855669S04154780WA0016900174
B1828291855669S04154780WA0016900175
B1828331855669S04154780WA0016900175
B1828371855669S04154780WA0016900175
B1828411855669S04154780WA0016900175
B1828451855669S04154780WA0016800175
B1828491855669S04154780WA0016800176
B1828531855669S04154780WA0016900176
B1828571855669S04154780WA0016900176
B1829011855669S04154780WA0016900176
B1829051855669S04154780WA0016900176
B1829091855669S04154780WA0016900176
B1829131855669S04154780WA0016900176
B1829171855669S04154780WA0016900176
B1829211855669S04154780WA0016900176
B1829251855669S04154780WA0016900176
B1829291855669S04154780WA0016900176
B1829331855669S04154780WA0016900176
B1829371855669S04154780WA0016900176
B1829411855669S04154780WA0016900176
B1829451855669S04154780WA0016900176
B1829491855669S04154780WA0016900176
B1829531855669S04154780WA0016900175
B1829571855669S04154780WA0016900176
B1830011855669S04154780WA0016900176
B1830051855669S04154780WA0016900176
B1830091855669S04154780WA0016800176
B1830131855669S04154780WA0016800176
B1830171855669S04154780WA0016800176
B1830211855669S04154780WA0016800175
B1830251855669S04154780WA0016800175
B1830291855669S04154780WA0016800175
B1830331855669S04154780WA0016800175
B1830371855669S04154780WA0016800175
B1830411855669S04154780WA0016800174
B1830451855669S04154780WA0016800174
B1830491855669S04154780WA0016800175
B1830531855669S04154780WA0016800175
B1830571855669S04154780WA0016800175
B1831011855669S04154780WA0016800175
B1831051855669S04154780WA0016800175
B1831091855669S04154780WA0016800175
B1831131855669S04154780WA0016800175
B1831171855669S04154780WA0016800176
B1831211855669S04154780WA0016800176
B1831251855669S04154780WA0016800176
B1831291855669S04154780WA0016800176
B1831331855669S04154780WA0016800176
B1831371855669S04154780WA0016800176
B1831411855669S04154780WA0016800176
B1831451855669S04154780WA0016800176
B1831491855669S04154780WA0016800176
B1831531855669S04154780WA0016800176
B1831571855669S04154780WA0016800176
B1832011855669S04154780WA0016800176
B1832051855669S04154780WA0016800177
B1832091855669S04154780WA0016800177
B1832131855669S04154780WA0016800177
B1832171855669S04154780WA0016800177
B1832211855669S04154780WA0016800177
B1832251855669S04154780WA0016800177
B1832291855669S04154780WA0016800177
B1832331855669S04154780WA0016800177
B1832371855669S04154780WA0016900177
B1832411855669S04154780WA0016900177
B1832451855669S04154780WA0016900177
B1832491855669S04154780WA0016900177
B1832531855669S04154780WA0016900177
B1832571855669S04154780WA0016900177
B1833011855669S04154780WA0016900177
B1833051855669S04154780WA0016900177
B1833091855669S04154780WA0016900177
B1833131855669S04154780WA0016900177
B1833171855669S04154780WA0016900177
B1833211855669S04154780WA0016900177
B1833251855669S04154780WA0016900177
B1833291855669S04154780WA0016900177
B1833331855669S04154780WA0016900177
B1833371855669S04154780WA0016900177
B1833411855669S04154780WA0016900177
B1833451855669S04154780WA0016900177
B1833491855669S04154780WA0016900177
B1833531855669S04154780WA0016900177
B1833571855669S04154780WA0016900177
B1834011855669S04154780WA0016900177
B1834051855669S04154780WA0016900177
B1834091855669S04154780WA0016900176
B1834131855669S04154780WA0016900176
B1834171855669S04154780WA0016900176
B1834211855669S04154780WA0016900176
B1834251855669S04154780WA0016900176
B1834291855669S04154780WA0016900176
B1834331855669S04154779WA0016900176
B1834371855670S04154779WA0016900176
B1834411855670S04154779WA0016900176
B1834451855670S04154779WA0016900176
B1834491855670S04154779WA0016900176
B1834531855670S04154779WA0016900176
B1834571855670S04154779WA0016900177
B1835011855670S04154779WA0016900176
B1835051855670S04154779WA0016900177
B1835091855670S04154779WA0016900177
B1835131855670S04154779WA0016900177
B1835171855670S04154780WA0016900177
B1835211855670S04154780WA0016900177
B1835251855670S04154780WA0016900177
B1835291855670S04154780WA0016900177
B1835331855670S04154780WA0016900178
B1835371855670S04154780WA0016900178
B1835411855670S04154780WA0016900178
B1835451855670S04154780WA0016900178
B1835491855670S04154780WA0016900178
B1835531855670S04154780WA0016900178
B1835571855670S04154780WA0016900178
B1836011855670S04154780WA0016900178
B1836051855670S04154780WA0016900178
B1836091855670S04154780WA0016900178
B1836131855670S04154779WA0016900178
B1836171855670S04154779WA0016900178
B1836211855670S04154779WA0016900177
B1836251855670S04154779WA0016900178
B1836291855670S04154779WA0016900178
B1836331855670S04154779WA0016900178
B1836371855670S04154779WA0016900178
B1836411855670S04154779WA0016900177
B1836451855670S04154779WA0016900178
B1836491855670S04154779WA0016900178
B1836531855670S04154779WA0016900178
B1836571855670S04154780WA0016900178
B1837011855670S04154780WA0016900178
B1837051855670S04154780WA0016900178
B1837091855670S04154780WA0016900178
B1837131855670S04154780WA0016900178
B1837171855670S04154780WA0016900178
B1837211855670S04154780WA0016900178
B1837251855670S04154780WA0016900178
B1837291855670S04154780WA0016900178
B1837331855670S04154780WA0016900178
B1837371855670S04154780WA0016900178
B1837411855670S04154780WA0016900178
B1837451855670S04154780WA0016900178
B1837491855670S04154780WA0016900178
B1837531855670S04154780WA0016900178
B1837571855670S04154780WA0016900178
B1838011855670S04154780WA0016900178
B1838051855670S04154780WA0016900178
B1838091855670S04154780WA0017000178
B1838131855670S04154780WA0016900178
B1838171855670S04154780WA0016900179
B1838211855670S04154780WA0016900179
B1838251855670S04154780WA0016900179
B1838291855670S04154780WA0016900179
B1838331855670S04154780WA0016900179
B1838371855670S04154780WA0016900179
B1838411855670S04154780WA0017000179
B1838451855670S04154780WA0016900179
B1838491855670S04154780WA0016900179
B1838531855670S04154780WA0016900179
B1838571855670S04154780WA0016900179
B1839011855670S04154780WA0016900179
B1839051855670S04154780WA0016900179
B1839091855670S04154780WA0017000179
B1839131855670S04154780WA0016900179
B1839171855670S04154780WA0016900179
B1839211855670S04154780WA0016900179
B1839251855670S04154780WA0017000179
B1839291855670S04154780WA0017000179
B1839331855670S04154780WA0016900179
B1839371855670S04154780WA0016900179
B1839411855670S04154780WA0016900179
B1839451855670S04154780WA0016900179
B1839491855670S04154780WA0016900179
B1839531855670S04154780WA0016900178
B1839571855670S04154780WA0016900178
B1840011855670S04154780WA0016900178
B1840051855670S04154780WA0016900178
B1840091855670S04154779WA0016700179
B1840131855672S04154779WA0017000180
B1840171855673S04154778WA0017000180
B1840211855674S04154777WA0017000180
B1840251855675S04154777WA0017300180
B1840291855675S04154777WA0016700180
B1840331855675S04154778WA0017100181
B1840371855675S04154778WA0017100180
B1840411855675S04154778WA0017000179
B1840451855675S04154778WA0017100180
B1840491855675S04154778WA0017000180
B1840531855675S04154777WA0017000180
B1840571855675S04154778WA0017100179
B1841011855675S04154778WA0017100180
B1841051855675S04154779WA0017100178
B1841091855674S04154779WA0017100177
B1841131855674S04154779WA0017000176
B1841171855674S04154779WA0017100175
B1841211855674S04154779WA0017000175
B1841251855674S04154779WA0017100174
B1841291855675S04154778WA0017000173
B1841331855675S04154778WA0017000173
B1841371855675S04154778WA0017000173
B1841411855676S04154778WA0017000174
B1841451855676S04154778WA0017000174
B1841491855676S04154778WA0017000174
B1841531855676S04154777WA0017000175
B1841571855676S04154777WA0017000175
B1842011855676S04154777WA0017000174
B1842051855676S04154777WA0017000174
B1842091855676S04154777WA0017000174
B1842131855676S04154776WA0017000175
B1842171855676S04154776WA0017000175
B1842211855677S04154776WA0017000175
B1842251855677S04154776WA0017100176
B1842291855677S04154777WA0017000176
B1842331855677S04154777WA0017000176
B1842371855677S04154777WA0017000175
B1842411855677S04154777WA0017000175
B1842451855677S04154777WA0017000175
B1842491855676S04154776WA0017000175
B1842531855676S04154776WA0017000175
B1842571855677S04154776WA0017100176
B1843011855677S04154776WA0017100177
B1843051855676S04154776WA0017100175
B1843091855676S04154776WA0017100175
B1843131855676S04154776WA0017100176
B1843171855677S04154775WA0017100177
B1843211855677S04154775WA0017100177
B1843251855677S04154775WA0017000179
B1843291855677S04154775WA0017100179
B1843331855677S04154775WA0017100179
B1843371855677S04154775WA0017100179
B1843411855677S04154775WA0017100178
B1843451855677S04154775WA0017100177
B1843491855677S04154775WA0017100177
B1843531855677S04154775WA0017100176
B1843571855677S04154776WA0017100175
B1844011855677S04154776WA0017100174
B1844051855677S04154776WA0017100173
B1844091855677S04154776WA0017100174
B1844131855677S04154777WA0017100172
B1844171855677S04154776WA0017100172
B1844211855677S04154776WA0017100172
B1844251855677S04154777WA0017100172
B1844291855677S04154777WA0017100171
B1844331855677S04154777WA0017100171
B1844371855677S04154777WA0017100171
B1844411855677S04154777WA0017100171
B1844451855677S04154777WA0017100171
B1844491855676S04154777WA0017100170
B1844531855677S04154778WA0017100169
B1844571855677S04154778WA0017100169
B1845011855677S04154778WA0017100169
B1845051855677S04154777WA0017100171
B1845091855677S04154778WA0017100172
B1845131855677S04154778WA0017100173
B1845171855677S04154778WA0017100171
B1845211855677S04154778WA0017100171
B1845251855676S04154778WA0017100172
B1845291855676S04154778WA0017100170
B1845331855676S04154778WA0017100168
B1845371855675S04154778WA0017100168
B1845411855675S04154778WA0017100168
B1845451855675S04154778WA0017100169
B1845491855675S04154778WA0017100168
B1845531855675S04154778WA0017100168
B1845571855675S04154778WA0017100167
B1846011855675S04154778WA0017100166
B1846051855675S04154779WA0017100166
B1846091855675S04154779WA0017100166
B1846131855675S04154779WA0017100166
B1846171855675S04154779WA0017100165
B1846211855675S04154779WA0017100166
B1846251855675S04154780WA0017100166
B1846291855675S04154780WA0017100166
B1846331855675S04154780WA0017100165
B1846371855675S04154780WA0017100163
B1846411855675S04154780WA0017100164
B1846451855675S04154780WA0017100165
B1846491855675S04154780WA0017100163
B1846531855675S04154780WA0017100164
B1846571855675S04154779WA0017100163
B1847011855676S04154780WA0017100164
B1847051855676S04154779WA0017100166
B1847091855676S04154779WA0017100166
B1847131855675S04154779WA0017100165
B1847171855675S04154779WA0017100167
B1847211855675S04154779WA0017100168
B1847251855676S04154779WA0017100168
B1847291855676S04154779WA0017100167
B1847331855676S04154780WA0017100166
B1847371855677S04154780WA0017100164
B1847411855676S04154779WA0017100163
B1847451855676S04154780WA0017100161
B1847491855676S04154779WA0017100162
B1847531855675S04154779WA0017100162
B1847571855676S04154778WA0017100161
B1848011855676S04154778WA0017100162
B1848051855675S04154778WA0017100162
B1848091855675S04154778WA0017100162
B1848131855675S04154778WA0017100162
B1848171855676S04154778WA0017100162
B1848211855676S04154778WA0017100163
B1848251855675S04154778WA0017100163
B1848291855675S04154778WA0017100164
B1848331855676S04154778WA0017100164
B1848371855676S04154778WA0017100162
B1848411855676S04154779WA0017100163
B1848451855676S04154779WA0017100162
B1848491855676S04154778WA0017100161
B1848531855676S04154778WA0017100161
B1848571855676S04154778WA0017100161
B1849011855676S04154778WA0017100162
B1849051855676S04154778WA0017100164
B1849091855676S04154778WA0017100166
B1849131855676S04154778WA0017100166
B1849171855676S04154778WA0017100165
B1849211855676S04154778WA0017100165
B1849251855676S04154777WA0017100165
B1849291855676S04154777WA0017100164
B1849331855676S04154776WA0017100165
B1849371855676S04154776WA0017100165
B1849411855675S04154776WA0017100166
B1849451855676S04154775WA0017200167
B1849491855675S04154775WA0017100168
B1849531855674S04154775WA0017100169
B1849571855674S04154774WA0017100169
B1850011855673S04154774WA0017100171
B1850051855673S04154775WA0017100172
B1850091855673S04154775WA0017100172
B1850131855673S04154775WA0017100172
B1850171855673S04154775WA0017100171
B1850211855673S04154775WA0017100170
B1850251855673S04154775WA0017100169
B1850291855673S04154776WA0017100169
B1850331855674S04154776WA0017100169
B1850371855674S04154776WA0017100168
B1850411855674S04154776WA0017100169
B1850451855674S04154776WA0017100169
B1850491855674S04154776WA0017100169
B1850531855674S04154776WA0017100169
B1850571855674S04154776WA0017100168
B1851011855674S04154776WA0017100167
B1851051855674S04154776WA0017100166
B1851091855674S04154776WA0017100167
B1851131855674S04154776WA0017100167
B1851171855674S04154776WA0017100167
B1851211855674S04154776WA0017200168
B1851251855674S04154776WA0017200169
B1851291855674S04154776WA0017100171
B1851331855674S04154777WA0017100172
B1851371855674S04154777WA0017100173
B1851411855674S04154776WA0017200173
B1851451855674S04154776WA0017200174
B1851491855675S04154776WA0017200173
B1851531855675S04154776WA0017100173
B1851571855675S04154775WA0017200173
B1852011855675S04154775WA0017200174
B1852051855675S04154776WA0017200175
B1852091855675S04154776WA0017200174
B1852131855675S04154777WA0017200173
B1852171855675S04154777WA0017200175
B1852211855675S04154778WA0017200174
B1852251855675S04154778WA0017200174
B1852291855675S04154778WA0017100174
B1852331855675S04154778WA0017200173
B1852371855675S04154777WA0017100176
B1852411855675S04154777WA0017100178
B1852451855675S04154777WA0017200180
B1852491855675S04154777WA0017200180
B1852531855674S04154777WA0017200179
B1852571855675S04154777WA0017200181
B1853011855675S04154777WA0017200180
B1853051855675S04154778WA0017200177
B1853091855675S04154778WA0017200176
B1853131855675S04154778WA0017200177
B1853171855675S04154778WA0017200176
B1853211855675S04154779WA0017200175
B1853251855675S04154779WA0017200174
B1853291855675S04154780WA0017200173
B1853331855675S04154779WA0017200174
B1853371855675S04154779WA0017100176
B1853411855675S04154779WA0017200175
B1853451855675S04154779WA0017200174
B1853491855675S04154779WA0017200177
B1853531855675S04154779WA0017200179
B1853571855676S04154779WA0017200180
B1854011855676S04154779WA0017200180
B1854051855676S04154778WA0017200181
B1854091855676S04154778WA0017200182
B1854131855676S04154778WA0017200182
B1854171855676S04154778WA0017200182
B1854211855676S04154779WA0017200182
B1854251855676S04154779WA0017200182
B1854291855676S04154779WA0017200183
B1854331855675S04154779WA0017200183
B1854371855676S04154779WA0017200183
B1854411855676S04154779WA0017200183
B1854451855676S04154779WA0017200183
B1854491855676S04154779WA0017200185
B1854531855676S04154779WA0017200184
B1854571855676S04154779WA0017200183
B1855011855676S04154778WA0017200184
B1855051855676S04154778WA0017200183
B1855091855676S04154778WA0017200183
B1855131855676S04154778WA0017200184
B1855171855676S04154778WA0017200183
B1855211855676S04154778WA0017200184
B1855251855676S04154778WA0017200183
B1855291855676S04154778WA0017200182
B1855331855676S04154777WA0017200182
B1855371855676S04154778WA0017200182
B1855411855676S04154778WA0017200182
B1855451855676S04154778WA0017200182
B1855491855676S04154778WA0017200181
B1855531855676S04154778WA0017200181
B1855571855676S04154778WA0017200181
B1856011855676S04154778WA0017200182
B1856051855676S04154778WA0017200182
B1856091855676S04154778WA0017200182
B1856131855676S04154778WA0017200181
B1856171855676S04154778WA0017200182
B1856211855676S04154778WA0017200182
B1856251855676S04154778WA0017200182
B1856291855676S04154777WA0017100182
B1856331855676S04154777WA0017100181
B1856371855676S04154777WA0017100180
B1856411855675S04154778WA0017100179
B1856451855675S04154778WA0017100179
B1856491855675S04154778WA0017100178
B1856531855675S04154778WA0017200178
B1856571855675S04154779WA0017200177
B1857011855675S04154779WA0017200177
B1857051855675S04154779WA0017200177
B1857091855675S04154779WA0017200177
B1857131855675S04154779WA0017200177
B1857171855676S04154779WA0017200177
B1857211855675S04154779WA0017200176
B1857251855675S04154779WA0017200175
B1857291855675S04154779WA0017200175
B1857331855675S04154779WA0017200174
B1857371855675S04154779WA0017200173
B1857411855675S04154778WA0017100172
B1857451855675S04154779WA0017200171
B1857491855675S04154779WA0017200171
B1857531855674S04154779WA0017200171
B1857571855674S04154779WA0017100171
B1858011855674S04154779WA0017200173
B1858051855674S04154779WA0017200175
B1858091855674S04154779WA0017200177
B1858131855674S04154779WA0017200178
B1858171855674S04154779WA0017200176
B1858211855673S04154779WA0017200177
B1858251855673S04154779WA0017200177
B1858291855673S04154779WA0017200174
B1858331855674S04154779WA0017200172
B1858371855674S04154778WA0017200172
B1858411855674S04154778WA0017200171
B1858451855674S04154779WA0017200171
B1858491855673S04154778WA0017200171
B1858531855673S04154778WA0017200172
B1858571855673S04154778WA0017200172
B1859011855673S04154778WA0017200172
B1859051855673S04154778WA0017200171
B1859091855673S04154778WA0017200172
B1859131855673S04154777WA0017200175
B1859171855672S04154778WA0017200177
B1859211855672S04154778WA0017200179
B1859251855672S04154778WA0017200179
B1859291855672S04154778WA0017200178
B1859331855672S04154778WA0017200178
B1859371855672S04154778WA0017200178
B1859411855672S04154778WA0017200177
B1859451855672S04154778WA0017200177
B1859491855673S04154778WA0017200176
B1859531855673S04154777WA0017200176
B1859571855674S04154777WA0017200177
B1900011855673S04154777WA0017200178
B1900051855674S04154778WA0017200179
B1900091855674S04154778WA0017200179
B1900131855674S04154778WA0017200179
B1900171855673S04154778WA0017200182
B1900211855674S04154778WA0017200184
B1900251855674S04154778WA0017200185
B1900291855674S04154778WA0017200184
B1900331855673S04154778WA0017200183
B1900371855674S04154778WA0017200181
B1900411855673S04154779WA0017200182
B1900451855673S04154779WA0017200180
B1900491855673S04154779WA0017200177
B1900531855674S04154779WA0017200173
B1900571855674S04154780WA0017200171
B1901011855673S04154780WA0017200169
B1901051855673S04154780WA0017200170
B1901091855672S04154781WA0017200170
B1901131855672S04154781WA0017200170
B1901171855672S04154781WA0017200169
B1901211855672S04154781WA0017200169
B1901251855672S04154781WA0017200172
B1901291855672S04154781WA0017200169
B1901331855672S04154780WA0017200171
B1901371855672S04154781WA0017200171
B1901411855672S04154780WA0017200174
B1901451855671S04154781WA0017200171
B1901491855671S04154780WA0017200171
B1901531855671S04154779WA0017200173
B1901571855671S04154779WA0017200175
B1902011855671S04154779WA0017200178
B1902051855671S04154779WA0017200178
B1902091855671S04154779WA0017200177
B1902131855672S04154779WA0017200177
B1902171855671S04154778WA0017200177
B1902211855670S04154778WA0017200176
B1902251855670S04154779WA0017200177
B1902291855670S04154779WA0017200176
B1902331855671S04154779WA0017200173
B1902371855671S04154778WA0017200173
B1902411855671S04154778WA0017200170
B1902451855672S04154778WA0017200170
B1902491855672S04154778WA0017200174
B1902531855672S04154777WA0017200176
B1902571855672S04154778WA0017200177
B1903011855672S04154778WA0017200175
B1903051855672S04154778WA0017200174
B1903091855672S04154777WA0017200170
B1903131855671S04154777WA0017200170
B1903171855671S04154777WA0017200169
B1903211855671S04154778WA0017200169
B1903251855671S04154778WA0017200169
B1903291855671S04154778WA0017200169
B1903331855672S04154778WA0017200171
B1903371855672S04154778WA0017200171
B1903411855672S04154778WA0017200170
B1903451855673S04154778WA0017200171
B1903491855673S04154778WA0017200172
B1903531855673S04154778WA0017200173
B1903571855673S04154778WA0017200172
B1904011855673S04154779WA0017200171
B1904051855673S04154779WA0017200171
B1904091855673S04154779WA0017200171
B1904131855674S04154778WA0017200170
B1904171855674S04154778WA0017200169
B1904211855674S04154779WA0017200169
B1904251855673S04154778WA0017200168
B1904291855673S04154778WA0017200168
B1904331855673S04154779WA0017200167
B1904371855672S04154779WA0017200167
B1904411855672S04154778WA0017200167
B1904451855672S04154778WA0017200167
B1904491855671S04154778WA0017200167
B1904531855671S04154778WA0017200167
B1904571855671S04154778WA0017200167
B1905011855671S04154778WA0017200167
B1905051855672S04154778WA0017200169
B1905091855674S04154777WA0017200170
B1905131855675S04154777WA0017200171
B1905171855674S04154777WA0017200171
B1905211855673S04154777WA0017200171
B1905251855673S04154777WA0017200170
B1905291855672S04154777WA0017200171
B1905331855672S04154777WA0017200171
B1905371855672S04154777WA0017200171
B1905411855671S04154777WA0017200171
B1905451855671S04154777WA0017200171
B1905491855671S04154777WA0017200171
B1905531855671S04154778WA0017200172
B1905571855671S04154778WA0017200172
B1906011855671S04154778WA0017200172
B1906051855671S04154778WA0017200174
B1906091855671S04154778WA0017200173
B1906131855671S04154778WA0017200174
B1906171855671S04154778WA0017200173
B1906211855671S04154778WA0017200172
B1906251855672S04154778WA0017200172
B1906291855672S04154777WA0017200173
B1906331855673S04154777WA0017200172
B1906371855672S04154778WA0017200171
B1906411855673S04154778WA0017200170
B1906451855674S04154778WA0017200170
B1906491855673S04154778WA0017200169
B1906531855673S04154778WA0017200167
B1906571855673S04154779WA0017200167
B1907011855672S04154778WA0017200168
B1907051855671S04154779WA0017200166
B1907091855670S04154779WA0017200166
B1907131855670S04154778WA0017200166
B1907171855669S04154778WA0017200168
B1907211855669S04154778WA0017200170
B1907251855669S04154779WA0017200173
B1907291855669S04154779WA0017200174
B1907331855670S04154779WA0017200172
B1907371855671S04154779WA0017200172
B1907411855671S04154779WA0017200172
B1907451855671S04154779WA0017200172
B1907491855671S04154780WA0017200174
B1907531855671S04154780WA0017200173
B1907571855672S04154780WA0017200174
B1908011855672S04154780WA0017200173
B1908051855672S04154780WA0017200170
B1908091855673S04154780WA0017200171
B1908131855673S04154779WA0017200171
B1908171855674S04154779WA0017200172
B1908211855674S04154779WA0017200173
B1908251855674S04154779WA0017200172
B1908291855674S04154779WA0017200171
B1908331855674S04154780WA0017200170
B1908371855674S04154780WA0017200169
B1908411855674S04154780WA0017200169
B1908451855673S04154779WA0017200170
B1908491855674S04154779WA0017200171
B1908531855673S04154779WA0017200171
B1908571855673S04154780WA0017200170
B1909011855674S04154780WA0017200168
B1909051855673S04154781WA0017200165
B1909091855674S04154781WA0017200165
B1909131855674S04154781WA0017200166
B1909171855674S04154781WA0017200168
B1909211855674S04154781WA0017200171
B1909251855674S04154782WA0017200171
B1909291855674S04154782WA0017200168
B1909331855673S04154782WA0017200167
B1909371855673S04154782WA0017200165
B1909411855673S04154782WA0017200164
B1909451855672S04154782WA0017200161
B1909491855672S04154783WA0017200162
B1909531855672S04154783WA0017200159
B1909571855671S04154783WA0017200158
B1910011855671S04154783WA0017200159
B1910051855671S04154783WA0017200159
B1910091855671S04154784WA0017200160
B1910131855671S04154784WA0017200159
B1910171855672S04154785WA0017200158
B1910211855672S04154785WA0017200155
B1910251855671S04154785WA0017200155
B1910291855670S04154785WA0017200151
B1910331855669S04154786WA0017200147
B1910371855668S04154785WA0017200152
B1910411855667S04154786WA0017200148
B1910451855668S04154787WA0017200147
B1910491855669S04154786WA0017200149
B1910531855670S04154786WA0017200151
B1910571855670S04154785WA0017200153
B1911011855670S04154785WA0017200155
B1911051855671S04154783WA0017200159
B1911091855672S04154783WA0017200164
B1911131855672S04154783WA0017200166
B1911171855673S04154782WA0017200168
B1911211855673S04154782WA0017200171
B1911251855673S04154783WA0017200172
B1911291855673S04154783WA0017200172
B1911331855673S04154783WA0017200171
B1911371855673S04154783WA0017200171
B1911411855672S04154782WA0017200171
B1911451855673S04154782WA0017200171
B1911491855673S04154781WA0017200170
B1911531855673S04154781WA0017200170
B1911571855674S04154782WA0017200168
B1912011855674S04154782WA0017200168
B1912051855673S04154783WA0017200167
B1912091855672S04154783WA0017200166
B1912131855673S04154784WA0017200166
B1912171855673S04154784WA0017200168
B1912211855673S04154783WA0017200171
B1912251855673S04154783WA0017200173
B1912291855674S04154783WA0017200174
B1912331855674S04154782WA0017200176
B1912371855675S04154783WA0017200176
B1912411855674S04154783WA0017200175
B1912451855674S04154783WA0017200175
B1912491855674S04154783WA0017200175
B1912531855674S04154783WA0017200174
B1912571855674S04154783WA0017200175
B1913011855673S04154782WA0017200177
B1913051855674S04154781WA0017200179
B1913091855673S04154780WA0017200180
B1913131855673S04154780WA0017200181
B1913171855673S04154780WA0017200180
B1913211855673S04154780WA0017200182
B1913251855673S04154780WA0017200183
B1913291855673S04154780WA0017200183
B1913331855673S04154780WA0017200183
B1913371855674S04154780WA0017200184
B1913411855674S04154780WA0017200187
B1913451855673S04154779WA0017200187
B1913491855672S04154779WA0017200187
B1913531855672S04154779WA0017200188
B1913571855671S04154779WA0017200187
B1914011855671S04154779WA0017200187
B1914051855671S04154781WA0017200182
B1914091855672S04154782WA0017200179
B1914131855672S04154782WA0017200176
B1914171855671S04154782WA0017200171
B1914211855670S04154784WA0017200168
B1914251855666S04154784WA0017200168
B1914291855660S04154786WA0017300167
B1914331855653S04154789WA0017300170
B1914371855644S04154793WA0017300170
B1914411855634S04154797WA0017300170
B1914451855624S04154802WA0017300171
B1914491855614S04154807WA0017400169
B1914531855605S04154810WA0017300167
B1914571855597S04154814WA0017400168
B1915011855587S04154818WA0017400168
B1915051855577S04154822WA0017400167
B1915091855569S04154827WA0017500168
B1915131855559S04154830WA0017500169
B1915171855550S04154833WA0017500168
B1915211855541S04154836WA0017500169
B1915251855532S04154839WA0017500171
B1915291855525S04154842WA0017500173
B1915331855519S04154844WA0017500173
B1915371855515S04154846WA0017500173
B1915411855514S04154846WA0017600171
B1915451855514S04154846WA0017500170
B1915491855514S04154846WA0017500170
B1915531855514S04154846WA0017500171
B1915571855514S04154846WA0017600170
B1916011855514S04154845WA0017500171
B1916051855515S04154845WA0017500171
B1916091855514S04154845WA0017600172
B1916131855513S04154846WA0017500174
B1916171855511S04154849WA0017500175
B1916211855510S04154856WA0017600175
B1916251855512S04154866WA0017500173
B1916291855515S04154877WA0017600174
B1916331855519S04154889WA0017600171
B1916371855524S04154901WA0017600171
B1916411855527S04154911WA0017600171
B1916451855530S04154921WA0017600175
B1916491855534S04154930WA0017600174
B1916531855539S04154939WA0017600171
B1916571855543S04154952WA0017600171
B1917011855547S04154964WA0017600169
B1917051855553S04154976WA0017600171
B1917091855559S04154986WA0017600171
B1917131855562S04154991WA0017700170
B1917171855569S04154997WA0017700171
B1917211855578S04155007WA0017800172
B1917251855588S04155018WA0017800171
B1917291855600S04155031WA0017700168
B1917331855611S04155044WA0017700167
B1917371855618S04155059WA0017600164
B1917411855625S04155076WA0017500159
B1917451855634S04155091WA0017500155
B1917491855643S04155107WA0017500155
B1917531855652S04155123WA0017500159
B1917571855657S04155140WA0017600161
B1918011855660S04155160WA0017700158
B1918051855664S04155178WA0017800158
B1918091855669S04155196WA0018000160
B1918131855672S04155215WA0018100164
B1918171855674S04155233WA0018200166
B1918211855675S04155253WA0018300168
B1918251855674S04155273WA0018400171
B1918291855676S04155291WA0018400172
B1918331855683S04155308WA0018500176
B1918371855697S04155324WA0018500178
B1918411855713S04155333WA0018300178
B1918451855730S04155342WA0018000176
B1918491855746S04155355WA0017800177
B1918531855759S04155371WA0017700176
B1918571855771S04155388WA0017800176
B1919011855782S04155410WA0017800177
B1919051855794S04155431WA0017800176
B1919091855806S04155451WA0017800177
B1919131855819S04155471WA0017800177
B1919171855834S04155492WA0017800177
B1919211855842S04155515WA0017900178
B1919251855842S04155537WA0018000178
B1919291855833S04155558WA0018000178
B1919331855821S04155576WA0017900178
B1919371855821S04155599WA0018000178
B1919411855827S04155622WA0018000177
B1919451855833S04155646WA0018100176
B1919491855838S04155667WA0018300175
B1919531855840S04155685WA0018600177
B1919571855843S04155703WA0018800177
B1920011855846S04155721WA0018900177
B1920051855838S04155736WA0018900176
B1920091855820S04155739WA0018700177
B1920131855800S04155741WA0018500177
B1920171855783S04155748WA0018400177
B1920211855769S04155761WA0018300178
B1920251855758S04155776WA0018300179
B1920291855755S04155797WA0018300178
B1920331855754S04155819WA0018400179
B1920371855756S04155841WA0018500179
B1920411855759S04155863WA0018300179
B1920451855768S04155884WA0018300180
B1920491855780S04155901WA0018300181
B1920531855789S04155918WA0018600183
B1920571855787S04155936WA0018500184
B1921011855786S04155955WA0018400185
B1921051855788S04155973WA0018300186
B1921091855788S04155990WA0018200188
B1921131855788S04156006WA0018300189
B1921171855789S04156018WA0018400190
B1921211855789S04156028WA0018400191
B1921251855790S04156038WA0018500192
B1921291855790S04156048WA0018600193
B1921331855791S04156056WA0018600194
B1921371855792S04156064WA0018700195
B1921411855792S04156074WA0018800195
B1921451855793S04156086WA0018800195
B1921491855796S04156103WA0018900195
B1921531855798S04156123WA0018900195
B1921571855796S04156143WA0018800196
B1922011855789S04156162WA0018800195
B1922051855781S04156181WA0018800196
B1922091855773S04156201WA0018800195
B1922131855766S04156223WA0018800196
B1922171855760S04156243WA0018800196
B1922211855754S04156262WA0018900195
B1922251855747S04156279WA0018900197
B1922291855739S04156292WA0019000200
B1922331855728S04156304WA0019100203
B1922371855717S04156313WA0019100202
B1922411855712S04156319WA0019100203
B1922451855704S04156326WA0019200203
B1922491855697S04156332WA0019200198
B1922531855690S04156339WA0019200198
B1922571855682S04156346WA0019200196
B1923011855670S04156352WA0019300194
B1923051855653S04156354WA0019300197
B1923091855629S04156357WA0019400197
B1923131855602S04156360WA0019400200
B1923171855569S04156364WA0019300199
B1923211855532S04156368WA0019300199
B1923251855493S04156373WA0019400199
B1923291855452S04156378WA0019500200
B1923331855412S04156384WA0019500200
B1923371855373S04156390WA0019300200
B1923411855334S04156395WA0019300202
B1923451855295S04156401WA0019300205
B1923491855257S04156405WA0019200204
B1923531855219S04156411WA0019100202
B1923571855183S04156417WA0018900202
B1924011855149S04156422WA0018800201
B1924051855118S04156428WA0018600202
B1924091855091S04156432WA0018500203
B1924131855068S04156435WA0018300203
B1924171855047S04156438WA0018300202
B1924211855029S04156440WA0018200201
B1924251855009S04156444WA0018200202
B1924291854987S04156447WA0018200202
B1924331854961S04156451WA0018200201
B1924371854931S04156455WA0018200200
B1924411854898S04156460WA0018200200
B1924451854860S04156465WA0018200199
B1924491854823S04156470WA0018300198
B1924531854784S04156475WA0018400197
B1924571854745S04156480WA0018400197
B1925011854704S04156486WA0018300197
B1925051854662S04156490WA0018100196
B1925091854622S04156495WA0017800195
B1925131854581S04156500WA0017700192
B1925171854539S04156505WA0017600190
B1925211854497S04156511WA0017600188
B1925251854454S04156521WA0017600185
B1925291854413S04156532WA0017500183
B1925331854374S04156543WA0017400182
B1925371854341S04156555WA0017300181
B1925411854310S04156566WA0017200180
B1925451854281S04156579WA0017200180
B1925491854253S04156592WA0017100180
B1925531854227S04156607WA0017100179
B1925571854202S04156621WA0017000179
B1926011854179S04156635WA0017000179
B1926051854157S04156648WA0017000178
B1926091854140S04156657WA0016900178
B1926131854127S04156665WA0016900177
B1926171854114S04156672WA0016900177
B1926211854098S04156681WA0016900176
B1926251854079S04156692WA0016900175
B1926291854059S04156704WA0017000174
B1926331854038S04156716WA0016900174
B1926371854018S04156728WA0016900173
B1926411853998S04156740WA0016900172
B1926451853977S04156752WA0016900172
B1926491853956S04156764WA0016900171
B1926531853937S04156776WA0016900171
B1926571853917S04156787WA0016900170
B1927011853896S04156798WA0016900169
B1927051853872S04156812WA0017000168
B1927091853848S04156826WA0016900167
B1927131853827S04156838WA0016900166
B1927171853807S04156849WA0016900165
B1927211853786S04156859WA0016900165
B1927251853765S04156866WA0016800165
B1927291853742S04156869WA0016800164
B1927331853721S04156870WA0016800163
B1927371853703S04156868WA0016700163
B1927411853689S04156865WA0016700163
B1927451853672S04156860WA0016700163
B1927491853655S04156855WA0016700163
B1927531853639S04156850WA0016600164
B1927571853620S04156846WA0016700164
B1928011853596S04156839WA0016700163
B1928051853573S04156833WA0016600160
B1928091853560S04156828WA0016600157
B1928131853543S04156823WA0016600155
B1928171853520S04156816WA0016600153
B1928211853494S04156807WA0016700153
B1928251853466S04156799WA0016600153
B1928291853439S04156791WA0016600153
B1928331853420S04156784WA0016600154
B1928371853397S04156778WA0016600156
B1928411853371S04156770WA0016600156
B1928451853340S04156763WA0016600155
B1928491853315S04156754WA0016500157
B1928531853297S04156751WA0016400159
B1928571853277S04156749WA0016500159
B1929011853251S04156748WA0016500161
B1929051853223S04156752WA0016500161
B1929091853196S04156759WA0016500162
B1929131853176S04156767WA0016400161
B1929171853159S04156777WA0016400161
B1929211853138S04156790WA0016400162
B1929251853119S04156805WA0016300163
B1929291853105S04156817WA0016300164
B1929331853090S04156833WA0016400164
B1929371853082S04156846WA0016300165
B1929411853075S04156858WA0016300168
B1929451853070S04156867WA0016300169
B1929491853068S04156871WA0016300168
B1929531853063S04156884WA0016400168
B1929571853057S04156903WA0016400168
B1930001853052S04156917WA0016300168
