AXFMSFP Flymaster Live, V1.0, S/N 116307
HFDTE250426
HFPLTPILOTINCHARGE:Doug Degeorge
B1255501853196S04154950WA0100001080
B1255541853196S04154950WA0100001077
B1255581853196S04154950WA0100001078
B1256021853196S04154950WA0100001078
B1256061853196S04154951WA0100001078
B1256101853196S04154951WA0100001078
B1256141853195S04154951WA0100001077
B1256181853195S04154951WA0100001076
B1256221853196S04154952WA0100001076
B1256261853196S04154952WA0100001077
B1256301853196S04154952WA0100001078
B1256341853196S04154952WA0100001079
B1256381853196S04154952WA0100001080
B1256421853197S04154952WA0100001081
B1256461853197S04154952WA0100001082
B1256501853197S04154952WA0100001082
B1256541853197S04154952WA0100001083
B1256581853197S04154952WA0100001082
B1257021853196S04154952WA0100001082
B1257061853196S04154952WA0100001081
B1257101853196S04154952WA0100001080
B1257141853196S04154951WA0100001080
B1257181853196S04154951WA0100001080
B1257221853195S04154951WA0100001079
B1257261853195S04154951WA0100001078
B1257301853195S04154951WA0100001078
B1257341853195S04154951WA0100001078
B1257381853196S04154951WA0100001078
B1257421853196S04154951WA0100001078
B1257461853196S04154951WA0100001079
B1257501853196S04154951WA0100001078
B1257541853196S04154951WA0100001078
B1257581853196S04154950WA0100001078
B1258021853196S04154950WA0100001078
B1258061853196S04154950WA0100001078
B1258101853196S04154950WA0100001078
B1258141853196S04154950WA0100001079
B1258181853197S04154951WA0100001083
B1258221853197S04154951WA0100001083
B1258261853197S04154952WA0100001084
B1258301853197S04154952WA0100001084
B1258341853197S04154952WA0100001085
B1258381853197S04154952WA0100001085
B1258421853198S04154952WA0100001086
B1258461853198S04154952WA0100001086
B1258501853198S04154952WA0100001086
B1258541853198S04154952WA0100001087
B1258581853198S04154952WA0100001087
B1259021853197S04154952WA0100001086
B1259061853197S04154952WA0100001086
B1259101853197S04154952WA0100001087
B1259141853197S04154952WA0100001086
B1259181853197S04154952WA0100001085
B1259221853197S04154952WA0100001085
B1259261853197S04154952WA0100001084
B1259301853197S04154952WA0100001084
B1259341853197S04154952WA0100001084
B1259381853197S04154952WA0100001084
B1259421853197S04154952WA0100001085
B1259461853197S04154952WA0100001085
B1259501853197S04154951WA0100001085
B1259541853197S04154951WA0100001085
B1259581853197S04154951WA0100001085
B1300021853197S04154951WA0100001085
B1300061853197S04154951WA0100001085
B1300101853197S04154951WA0100001085
B1300141853197S04154951WA0100001084
B1300181853198S04154951WA0100001085
B1300221853198S04154951WA0100001086
B1300261853198S04154950WA0100001087
B1300301853198S04154950WA0100001087
B1300341853198S04154950WA0100001086
B1300381853198S04154950WA0100001086
B1300421853197S04154951WA0100001084
B1300461853197S04154951WA0100001084
B1300501853197S04154951WA0100001083
B1300541853197S04154951WA0100001083
B1300581853197S04154951WA0100001083
B1301021853197S04154952WA0100001083
B1301061853196S04154952WA0100001083
B1301101853196S04154952WA0100001083
B1301141853197S04154952WA0100001082
B1301181853197S04154951WA0100001081
B1301221853196S04154951WA0100001080
B1301261853196S04154951WA0100001079
B1301301853196S04154951WA0100001078
B1301341853196S04154952WA0100001077
B1301381853196S04154951WA0100001077
B1301421853197S04154951WA0100001077
B1301461853197S04154951WA0100001078
B1301501853197S04154951WA0100001079
B1301541853197S04154951WA0100001079
B1301581853197S04154951WA0100001078
B1302021853197S04154951WA0100001078
B1302061853197S04154951WA0100001078
B1302101853197S04154951WA0100001077
B1302141853197S04154952WA0100001077
B1302181853197S04154951WA0100001078
B1302221853197S04154951WA0100101078
B1302261853197S04154951WA0100001078
B1302301853197S04154951WA0100001078
B1302341853197S04154951WA0100001078
B1302381853197S04154951WA0100101078
B1302421853197S04154951WA0100001079
B1302461853197S04154951WA0100001079
B1302501853197S04154951WA0100001078
B1302541853197S04154951WA0100001078
B1302581853197S04154951WA0100101078
B1303021853197S04154951WA0100101079
B1303061853197S04154951WA0100101080
B1303101853197S04154951WA0100001080
B1303141853198S04154951WA0100001081
B1303181853198S04154951WA0100001081
B1303221853197S04154951WA0100001080
B1303261853198S04154951WA0100001081
B1303301853198S04154951WA0100001081
B1303341853198S04154951WA0100001082
B1303381853198S04154951WA0100001082
B1303421853197S04154952WA0100101082
B1303461853197S04154952WA0100101082
B1303501853197S04154952WA0100001082
B1303541853197S04154952WA0100001083
B1303581853196S04154953WA0100101082
B1304021853197S04154953WA0100001082
B1304061853197S04154953WA0100001083
B1304101853196S04154953WA0100101082
B1304141853196S04154953WA0100101083
B1304181853197S04154953WA0100101084
B1304221853197S04154953WA0100101084
B1304261853197S04154953WA0100101085
B1304301853198S04154953WA0100101086
B1304341853198S04154953WA0100101086
B1304381853198S04154953WA0100101087
B1304421853198S04154953WA0100101087
B1304461853198S04154953WA0100101088
B1304501853197S04154953WA0100101088
B1304541853197S04154953WA0100101087
B1304581853197S04154953WA0100101087
B1305021853198S04154953WA0100101088
B1305061853198S04154953WA0100101088
B1305101853198S04154953WA0100101088
B1305141853198S04154953WA0100101088
B1305181853198S04154953WA0100101088
B1305221853198S04154953WA0100101088
B1305261853198S04154953WA0100101087
B1305301853198S04154952WA0100101087
B1305341853198S04154953WA0100101086
B1305381853198S04154953WA0100101087
B1305421853198S04154953WA0100101087
B1305461853198S04154953WA0100101087
B1305501853198S04154952WA0100101087
B1305541853197S04154952WA0100101086
B1305581853197S04154952WA0100101085
B1306021853197S04154952WA0100101084
B1306061853197S04154952WA0100101083
B1306101853197S04154952WA0100101083
B1306141853197S04154952WA0100101082
B1306181853197S04154952WA0100101082
B1306221853197S04154952WA0100101082
B1306261853197S04154952WA0100101082
B1306301853197S04154951WA0100101083
B1306341853197S04154951WA0100101083
B1306381853197S04154951WA0100101083
B1306421853197S04154951WA0100101084
B1306461853197S04154951WA0100101084
B1306501853197S04154951WA0100101085
B1306541853196S04154950WA0100101085
B1306581853196S04154950WA0100101084
B1307021853196S04154950WA0100101084
B1307061853196S04154950WA0100101083
B1307101853197S04154950WA0100101084
B1307141853197S04154950WA0100101084
B1307181853197S04154950WA0100101084
B1307221853197S04154950WA0100101084
B1307261853197S04154951WA0100101085
B1307301853198S04154951WA0100101085
B1307341853198S04154951WA0100101085
B1307381853198S04154951WA0100101086
B1307421853198S04154951WA0100101085
B1307461853198S04154951WA0100101086
B1307501853198S04154951WA0100101086
B1307541853198S04154951WA0100101086
B1307581853198S04154951WA0100101086
B1308021853198S04154951WA0100101086
B1308061853198S04154951WA0100101087
B1308101853198S04154951WA0100101087
B1308141853197S04154951WA0100101086
B1308181853197S04154951WA0100101086
B1308221853197S04154951WA0100101086
B1308261853197S04154951WA0100101085
B1308301853197S04154951WA0100101084
B1308341853197S04154951WA0100101084
B1308381853197S04154951WA0100101084
B1308421853197S04154951WA0100101083
B1308461853197S04154951WA0100101083
B1308501853197S04154950WA0100101082
B1308541853197S04154950WA0100101081
B1308581853197S04154950WA0100101081
B1309021853197S04154950WA0100101082
B1309061853197S04154950WA0100101081
B1309101853196S04154950WA0100101080
B1309141853196S04154950WA0100101080
B1309181853196S04154950WA0100101079
B1309221853196S04154949WA0100101079
B1309261853196S04154950WA0100101080
B1309301853196S04154950WA0100101080
B1309341853196S04154950WA0100101080
B1309381853196S04154950WA0100101081
B1309421853196S04154950WA0100101081
B1309461853196S04154950WA0100101082
B1309501853196S04154950WA0100101082
B1309541853196S04154950WA0100101082
B1309581853196S04154950WA0100101082
B1310021853196S04154950WA0100101083
B1310061853196S04154950WA0100101083
B1310101853196S04154950WA0100101083
B1310141853195S04154950WA0100101083
B1310181853195S04154949WA0100101083
B1310221853195S04154949WA0100101083
B1310261853195S04154949WA0100101083
B1310301853195S04154950WA0100101084
B1310341853195S04154949WA0100101084
B1310381853195S04154949WA0100101084
B1310421853195S04154949WA0100101084
B1310461853195S04154949WA0100101084
B1310501853195S04154950WA0100101084
B1310541853195S04154950WA0100101083
B1310581853195S04154950WA0100101083
B1311021853195S04154950WA0100101083
B1311061853195S04154950WA0100101084
B1311101853195S04154951WA0100101084
B1311141853195S04154951WA0100101085
B1311181853195S04154951WA0100101085
B1311221853195S04154951WA0100101085
B1311261853195S04154951WA0100101084
B1311301853195S04154951WA0100101084
B1311341853195S04154951WA0100101083
B1311381853195S04154951WA0100101083
B1311421853195S04154951WA0100101083
B1311461853195S04154951WA0100101083
B1311501853195S04154951WA0100101083
B1311541853195S04154951WA0100101083
B1311581853195S04154951WA0100101083
B1312021853195S04154951WA0100101083
B1312061853195S04154951WA0100101084
B1312101853195S04154951WA0100101083
B1312141853195S04154951WA0100101082
B1312181853195S04154951WA0100101082
B1312221853195S04154950WA0100101082
B1312261853195S04154950WA0100101081
B1312301853195S04154950WA0100101082
B1312341853195S04154950WA0100101082
B1312381853196S04154950WA0100101083
B1312421853196S04154950WA0100101083
B1312461853196S04154951WA0100101084
B1312501853197S04154951WA0100101084
B1312541853197S04154951WA0100101085
B1312581853197S04154951WA0100101085
B1313021853197S04154951WA0100101086
B1313061853197S04154951WA0100101086
B1313101853196S04154951WA0100101086
B1313141853196S04154951WA0100101086
B1313181853196S04154951WA0100101085
B1313221853196S04154950WA0100101085
B1313261853196S04154950WA0100101085
B1313301853196S04154950WA0100101085
B1313341853196S04154950WA0100101086
B1313381853196S04154950WA0100101085
B1313421853196S04154950WA0100101086
B1313461853196S04154950WA0100101087
B1313501853196S04154950WA0100101087
B1313541853196S04154950WA0100101087
B1313581853196S04154951WA0100101087
B1314021853196S04154951WA0100101087
B1314061853196S04154951WA0100101087
B1314101853196S04154951WA0100101088
B1314141853196S04154951WA0100101088
B1314181853196S04154951WA0100101087
B1314221853196S04154951WA0100101087
B1314261853196S04154951WA0100101087
B1314301853196S04154951WA0100101087
B1314341853196S04154951WA0100101086
B1314381853196S04154951WA0100101086
B1314421853196S04154950WA0100101085
B1314461853196S04154950WA0100101084
B1314501853196S04154950WA0100101084
B1314541853196S04154950WA0100101084
B1314581853196S04154950WA0100101083
B1315021853196S04154950WA0100101083
B1315061853196S04154950WA0100101082
B1315101853196S04154950WA0100101082
B1315141853196S04154950WA0100101082
B1315181853196S04154950WA0100101082
B1315221853197S04154950WA0100101082
B1315261853197S04154950WA0100101082
B1315301853197S04154950WA0100101082
B1315341853197S04154950WA0100101083
B1315381853197S04154950WA0100101083
B1315421853197S04154951WA0100101082
B1315461853197S04154951WA0100101082
B1315501853196S04154951WA0100101082
B1315541853196S04154952WA0100101081
B1315581853197S04154952WA0100101081
B1316021853197S04154952WA0100101082
B1316061853197S04154952WA0100101082
B1316101853197S04154952WA0100101081
B1316141853196S04154952WA0100101080
B1316181853196S04154952WA0100101080
B1316221853196S04154952WA0100101080
B1316261853196S04154952WA0100101080
B1316301853196S04154952WA0100101080
B1316341853196S04154952WA0100101080
B1316381853196S04154952WA0100101079
B1316421853197S04154952WA0100101080
B1316461853197S04154952WA0100101081
B1316501853197S04154952WA0100101081
B1316541853197S04154952WA0100101081
B1316581853197S04154952WA0100101082
B1317021853197S04154953WA0100101082
B1317061853197S04154953WA0100101082
B1317101853197S04154953WA0100101081
B1317141853197S04154953WA0100101081
B1317181853197S04154953WA0100101081
B1317221853197S04154953WA0100101082
B1317261853198S04154954WA0100101083
B1317301853198S04154954WA0100101083
B1317341853198S04154954WA0100101083
B1317381853198S04154954WA0100101084
B1317421853198S04154954WA0100101084
B1317461853198S04154954WA0100101084
B1317501853198S04154954WA0100101085
B1317541853197S04154953WA0100101085
B1317581853197S04154953WA0100101085
B1318021853197S04154953WA0100101085
B1318061853197S04154953WA0100101085
B1318101853197S04154953WA0100101085
B1318141853197S04154953WA0100101085
B1318181853197S04154953WA0100201085
B1318221853197S04154953WA0100101086
B1318261853197S04154953WA0100101086
B1318301853197S04154952WA0100101086
B1318341853197S04154952WA0100101086
B1318381853197S04154952WA0100101086
B1318421853197S04154952WA0100101086
B1318461853197S04154951WA0100101087
B1318501853197S04154951WA0100201087
B1318541853198S04154951WA0100101087
B1318581853198S04154952WA0100101087
B1319021853198S04154952WA0100101087
B1319061853198S04154952WA0100101087
B1319101853198S04154952WA0100101087
B1319141853198S04154952WA0100101086
B1319181853198S04154953WA0100101086
B1319221853198S04154953WA0100101086
B1319261853197S04154953WA0100101086
B1319301853197S04154953WA0100101087
B1319341853197S04154953WA0100201086
B1319381853197S04154954WA0100101086
B1319421853196S04154954WA0100101086
B1319461853196S04154954WA0100101086
B1319501853197S04154954WA0100201086
B1319541853196S04154954WA0100101086
B1319581853196S04154954WA0100101085
B1320021853197S04154953WA0100101086
B1320061853196S04154953WA0100201086
B1320101853196S04154953WA0100201086
B1320141853196S04154953WA0100201085
B1320181853196S04154953WA0100201085
B1320221853196S04154953WA0100201085
B1320261853197S04154953WA0100201086
B1320301853197S04154953WA0100201086
B1320341853198S04154954WA0100201086
B1320381853198S04154954WA0100201086
B1320421853198S04154954WA0100201086
B1320461853199S04154954WA0100201086
B1320501853199S04154953WA0100201086
B1320541853199S04154953WA0100201086
B1320581853199S04154954WA0100201086
B1321021853199S04154954WA0100201086
B1321061853199S04154954WA0100201087
B1321101853199S04154953WA0100201087
B1321141853199S04154953WA0100201087
B1321181853199S04154953WA0100201087
B1321221853198S04154953WA0100201087
B1321261853198S04154952WA0100201087
B1321301853197S04154952WA0100201087
B1321341853197S04154952WA0100201087
B1321381853197S04154952WA0100201087
B1321421853197S04154952WA0100201087
B1321461853197S04154952WA0100201087
B1321501853197S04154952WA0100201087
B1321541853197S04154952WA0100201086
B1321581853196S04154952WA0100201085
B1322021853196S04154952WA0100201085
B1322061853196S04154951WA0100201084
B1322101853196S04154951WA0100201083
B1322141853196S04154951WA0100201083
B1322181853196S04154951WA0100201083
B1322221853196S04154951WA0100201083
B1322261853196S04154951WA0100201083
B1322301853196S04154951WA0100201083
B1322341853196S04154951WA0100201083
B1322381853197S04154951WA0100201083
B1322421853197S04154951WA0100201083
B1322461853197S04154951WA0100201083
B1322501853197S04154952WA0100201083
B1322541853198S04154951WA0100201084
B1322581853198S04154951WA0100201084
B1323021853197S04154952WA0100201085
B1323061853197S04154952WA0100201085
B1323101853197S04154952WA0100201085
B1323141853196S04154952WA0100301084
B1323181853196S04154952WA0100201083
B1323221853196S04154952WA0100201081
B1323261853196S04154952WA0100201081
B1323301853196S04154952WA0100201082
B1323341853197S04154952WA0100201083
B1323381853197S04154952WA0100201083
B1323421853197S04154952WA0100201083
B1323461853197S04154952WA0100301085
B1323501853197S04154952WA0100201085
B1323541853197S04154952WA0100201086
B1323581853197S04154952WA0100201086
B1324021853197S04154952WA0100201086
B1324061853197S04154952WA0100201086
B1324101853197S04154952WA0100201086
B1324141853197S04154952WA0100201086
B1324181853197S04154951WA0100201085
B1324221853196S04154951WA0100201084
B1324261853196S04154951WA0100201084
B1324301853196S04154950WA0100201082
B1324341853196S04154951WA0100201082
B1324381853197S04154951WA0100201083
B1324421853197S04154951WA0100301084
B1324461853197S04154951WA0100301084
B1324501853197S04154951WA0100301085
B1324541853197S04154951WA0100301087
B1324581853197S04154951WA0100201087
B1325021853197S04154951WA0100301086
B1325061853197S04154952WA0100201086
B1325101853196S04154952WA0100201084
B1325141853196S04154952WA0100201082
B1325181853196S04154952WA0100201081
B1325221853196S04154952WA0100201081
B1325261853196S04154953WA0100201082
B1325301853196S04154953WA0100201082
B1325341853196S04154953WA0100301082
B1325381853196S04154953WA0100201082
B1325421853196S04154953WA0100201081
B1325461853196S04154952WA0100201082
B1325501853196S04154952WA0100201081
B1325541853196S04154952WA0100201082
B1325581853196S04154952WA0100201081
B1326021853196S04154952WA0100201081
B1326061853196S04154951WA0100301081
B1326101853196S04154952WA0100201082
B1326141853196S04154951WA0100301084
B1326181853196S04154951WA0100301085
B1326221853196S04154952WA0100301087
B1326261853197S04154952WA0100301087
B1326301853197S04154953WA0100301089
B1326341853197S04154953WA0100301088
B1326381853197S04154953WA0100301089
B1326421853196S04154953WA0100301087
B1326461853196S04154954WA0100301086
B1326501853196S04154954WA0100301086
B1326541853197S04154953WA0100301087
B1326581853197S04154953WA0100301088
B1327021853197S04154953WA0100301088
B1327061853197S04154953WA0100301088
B1327101853196S04154952WA0100301086
B1327141853196S04154952WA0100301086
B1327181853196S04154952WA0100301085
B1327221853196S04154952WA0100301085
B1327261853196S04154953WA0100301085
B1327301853196S04154953WA0100301086
B1327341853197S04154953WA0100301086
B1327381853197S04154953WA0100301087
B1327421853197S04154953WA0100301088
B1327461853197S04154953WA0100301088
B1327501853197S04154953WA0100301089
B1327541853197S04154953WA0100301090
B1327581853197S04154954WA0100301091
B1328021853196S04154954WA0100301090
B1328061853196S04154954WA0100301091
B1328101853196S04154953WA0100301090
B1328141853196S04154953WA0100301090
B1328181853196S04154953WA0100301088
B1328221853195S04154953WA0100301088
B1328261853195S04154953WA0100301087
B1328301853195S04154953WA0100301088
B1328341853195S04154953WA0100301088
B1328381853195S04154954WA0100301088
B1328421853195S04154953WA0100301087
B1328461853195S04154953WA0100301088
B1328501853195S04154953WA0100301088
B1328541853195S04154952WA0100301088
B1328581853195S04154952WA0100301087
B1329021853195S04154952WA0100301088
B1329061853195S04154952WA0100301087
B1329101853195S04154951WA0100301086
B1329141853196S04154952WA0100301086
B1329181853196S04154952WA0100301087
B1329221853196S04154951WA0100301087
B1329261853197S04154951WA0100301088
B1329301853197S04154951WA0100301089
B1329341853197S04154951WA0100301089
B1329381853197S04154951WA0100301090
B1329421853196S04154950WA0100301090
B1329461853196S04154950WA0100301090
B1329501853197S04154949WA0100301090
B1329541853196S04154949WA0100301089
B1329581853196S04154949WA0100301088
B1330021853196S04154949WA0100301088
B1330061853196S04154949WA0100301088
B1330101853197S04154950WA0100301089
B1330141853197S04154950WA0100301090
B1330181853197S04154950WA0100301090
B1330221853198S04154950WA0100301090
B1330261853198S04154950WA0100301090
B1330301853198S04154950WA0100301090
B1330341853198S04154950WA0100301090
B1330381853198S04154950WA0100301089
B1330421853198S04154951WA0100301089
B1330461853198S04154951WA0100301089
B1330501853198S04154951WA0100301089
B1330541853197S04154951WA0100301088
B1330581853197S04154951WA0100401088
B1331021853198S04154951WA0100301088
B1331061853198S04154951WA0100301088
B1331101853198S04154951WA0100301087
B1331141853198S04154951WA0100301087
B1331181853198S04154950WA0100301087
B1331221853198S04154950WA0100301087
B1331261853197S04154950WA0100301087
B1331301853197S04154950WA0100301087
B1331341853197S04154950WA0100301088
B1331381853197S04154950WA0100301088
B1331421853197S04154950WA0100301088
B1331461853197S04154950WA0100301088
B1331501853197S04154949WA0100301088
B1331541853197S04154949WA0100301087
B1331571853197S04154949WA0100301086
B1332011853197S04154949WA0100401086
B1332051853197S04154949WA0100301087
B1332091853197S04154949WA0100301086
B1332131853197S04154949WA0100401086
B1332171853197S04154950WA0100401087
B1332211853197S04154950WA0100301086
B1332251853197S04154950WA0100301086
B1332291853197S04154950WA0100401086
B1332331853197S04154950WA0100401086
B1332371853197S04154951WA0100401087
B1332411853197S04154951WA0100401087
B1332451853197S04154951WA0100401087
B1332491853197S04154951WA0100401088
B1332531853197S04154951WA0100401089
B1332571853197S04154951WA0100401090
B1333011853197S04154951WA0100401090
B1333051853197S04154951WA0100401090
B1333091853197S04154951WA0100401089
B1333131853197S04154951WA0100401090
B1333171853197S04154951WA0100401090
B1333211853197S04154951WA0100401090
B1333251853197S04154952WA0100401090
B1333291853197S04154952WA0100401087
B1333331853197S04154953WA0100401085
B1333371853197S04154953WA0100401086
B1333411853197S04154952WA0100401086
B1333451853197S04154952WA0100401086
B1333491853197S04154952WA0100401086
B1333531853197S04154952WA0100401084
B1333571853197S04154952WA0100401084
B1334011853197S04154952WA0100401083
B1334051853198S04154952WA0100401083
B1334091853198S04154952WA0100401084
B1334131853197S04154952WA0100401084
B1334171853198S04154952WA0100401085
B1334211853197S04154952WA0100401085
B1334251853197S04154951WA0100401085
B1334291853197S04154951WA0100401085
B1334331853197S04154951WA0100401086
B1334371853197S04154951WA0100401088
B1334411853197S04154950WA0100401088
B1334451853197S04154950WA0100401087
B1334491853197S04154950WA0100401086
B1334531853197S04154950WA0100401086
B1334571853197S04154951WA0100401085
B1335011853197S04154951WA0100401086
B1335051853197S04154951WA0100401086
B1335091853197S04154951WA0100401087
B1335131853197S04154951WA0100401087
B1335171853197S04154951WA0100401088
B1335211853198S04154951WA0100401088
B1335251853198S04154951WA0100401089
B1335291853197S04154951WA0100401090
B1335331853197S04154951WA0100401091
B1335371853197S04154951WA0100401091
B1335411853197S04154951WA0100401091
B1335451853197S04154951WA0100401092
B1335491853197S04154951WA0100401091
B1335531853197S04154951WA0100401091
B1335571853197S04154951WA0100401091
B1336011853197S04154951WA0100401090
B1336051853197S04154951WA0100401091
B1336091853197S04154951WA0100401091
B1336131853197S04154951WA0100401090
B1336171853197S04154950WA0100401089
B1336211853197S04154950WA0100401088
B1336251853197S04154950WA0100401088
B1336291853197S04154950WA0100401088
B1336331853197S04154950WA0100401088
B1336371853197S04154950WA0100401087
B1336411853197S04154950WA0100401087
B1336451853197S04154950WA0100401087
B1336491853197S04154950WA0100401088
B1336531853197S04154950WA0100401088
B1336571853197S04154950WA0100401088
B1337011853197S04154951WA0100401088
B1337051853197S04154950WA0100401086
B1337091853197S04154951WA0100401085
B1337131853197S04154951WA0100401087
B1337171853197S04154951WA0100401088
B1337211853197S04154951WA0100401090
B1337251853197S04154951WA0100401090
B1337291853197S04154951WA0100401089
B1337331853197S04154951WA0100401089
B1337371853197S04154951WA0100401088
B1337411853196S04154952WA0100401088
B1337451853196S04154952WA0100401087
B1337491853197S04154952WA0100401088
B1337531853197S04154952WA0100401089
B1337571853197S04154951WA0100401089
B1338011853197S04154951WA0100401089
B1338051853196S04154951WA0100401090
B1338091853196S04154951WA0100501090
B1338131853196S04154951WA0100401089
B1338171853196S04154951WA0100401088
B1338211853196S04154951WA0100401088
B1338251853196S04154951WA0100401088
B1338291853196S04154951WA0100401088
B1338331853196S04154951WA0100401088
B1338371853196S04154951WA0100401088
B1338411853196S04154951WA0100401088
B1338451853197S04154951WA0100401089
B1338491853197S04154951WA0100401089
B1338531853197S04154951WA0100501089
B1338571853197S04154951WA0100401090
B1339011853197S04154951WA0100401090
B1339051853197S04154951WA0100401091
B1339091853197S04154951WA0100401091
B1339131853197S04154951WA0100401092
B1339171853197S04154951WA0100401092
B1339211853197S04154951WA0100401091
B1339251853196S04154950WA0100401091
B1339291853196S04154950WA0100401093
B1339331853196S04154950WA0100401094
B1339371853196S04154950WA0100401093
B1339411853196S04154950WA0100401094
B1339451853196S04154950WA0100401095
B1339491853196S04154950WA0100401096
B1339531853196S04154950WA0100401096
B1339571853196S04154950WA0100401095
B1340011853196S04154950WA0100401094
B1340051853196S04154950WA0100401093
B1340091853196S04154950WA0100401091
B1340131853196S04154950WA0100401091
B1340171853196S04154950WA0100401092
B1340211853196S04154951WA0100401090
B1340251853196S04154951WA0100401091
B1340291853196S04154951WA0100401091
B1340331853196S04154951WA0100401092
B1340371853196S04154952WA0100401093
B1340411853196S04154952WA0100401092
B1340451853196S04154952WA0100401093
B1340491853196S04154952WA0100401094
B1340531853196S04154952WA0100401095
B1340571853196S04154952WA0100401095
B1341011853196S04154952WA0100401095
B1341051853196S04154952WA0100501096
B1341091853196S04154952WA0100501096
B1341131853196S04154952WA0100501096
B1341171853196S04154952WA0100501097
B1341211853196S04154952WA0100501096
B1341251853196S04154952WA0100501095
B1341291853196S04154952WA0100501097
B1341331853196S04154952WA0100501097
B1341371853196S04154952WA0100501097
B1341411853196S04154952WA0100501097
B1341451853197S04154952WA0100501097
B1341491853197S04154952WA0100501097
B1341531853197S04154952WA0100501096
B1341571853197S04154952WA0100501096
B1342011853197S04154952WA0100501095
B1342051853197S04154952WA0100501094
B1342091853197S04154952WA0100501093
B1342131853197S04154952WA0100501092
B1342171853197S04154952WA0100501092
B1342211853197S04154952WA0100501092
B1342251853197S04154952WA0100501092
B1342291853197S04154952WA0100501092
B1342331853197S04154951WA0100501092
B1342371853197S04154951WA0100501092
B1342411853197S04154951WA0100501092
B1342451853197S04154951WA0100501092
B1342491853197S04154951WA0100501092
B1342531853197S04154951WA0100501092
B1342571853197S04154951WA0100501092
B1343011853197S04154951WA0100501092
B1343051853196S04154951WA0100501091
B1343091853196S04154951WA0100501091
B1343131853196S04154951WA0100501091
B1343171853196S04154951WA0100501091
B1343211853196S04154951WA0100501090
B1343251853196S04154951WA0100501091
B1343291853196S04154951WA0100501092
B1343331853196S04154951WA0100501092
B1343371853196S04154951WA0100501092
B1343411853195S04154950WA0100501093
B1343451853195S04154949WA0100501094
B1343491853196S04154950WA0100501094
B1343531853196S04154950WA0100501094
B1343571853196S04154950WA0100501092
B1344011853196S04154950WA0100501093
B1344051853196S04154950WA0100501091
B1344091853196S04154951WA0100501090
B1344131853197S04154952WA0100501092
B1344171853197S04154952WA0100501092
B1344211853197S04154952WA0100501093
B1344251853197S04154952WA0100501094
B1344291853197S04154952WA0100501096
B1344331853197S04154953WA0100501095
B1344371853197S04154953WA0100501094
B1344411853197S04154953WA0100601096
B1344451853198S04154953WA0100501096
B1344491853197S04154953WA0100501096
B1344531853198S04154953WA0100501096
B1344571853198S04154953WA0100501095
B1345011853198S04154952WA0100501095
B1345051853198S04154952WA0100501095
B1345091853197S04154952WA0100501094
B1345131853197S04154952WA0100501093
B1345171853197S04154952WA0100501093
B1345211853197S04154952WA0100501093
B1345251853197S04154952WA0100501093
B1345291853197S04154952WA0100501093
B1345331853197S04154952WA0100501093
B1345371853197S04154952WA0100501091
B1345411853197S04154952WA0100501090
B1345451853197S04154952WA0100501088
B1345491853198S04154952WA0100601087
B1345531853198S04154952WA0100601085
B1345571853198S04154953WA0100601085
B1346011853198S04154953WA0100601086
B1346051853198S04154953WA0100601085
B1346091853198S04154952WA0100601086
B1346131853198S04154952WA0100601086
B1346171853198S04154952WA0100601088
B1346211853198S04154952WA0100601087
B1346251853198S04154952WA0100601088
B1346291853198S04154952WA0100601090
B1346331853197S04154952WA0100601089
B1346371853197S04154952WA0100601088
B1346411853197S04154952WA0100601090
B1346451853197S04154952WA0100601089
B1346491853197S04154952WA0100601089
B1346531853196S04154951WA0100601089
B1346571853196S04154951WA0100601091
B1347011853196S04154951WA0100601091
B1347051853196S04154951WA0100601092
B1347091853195S04154951WA0100601092
B1347131853195S04154951WA0100601094
B1347171853195S04154951WA0100601095
B1347211853195S04154951WA0100501096
B1347251853195S04154951WA0100601096
B1347291853196S04154951WA0100601098
B1347331853195S04154951WA0100601099
B1347371853195S04154951WA0100601099
B1347411853195S04154951WA0100601100
B1347451853195S04154952WA0100601101
B1347491853195S04154952WA0100601101
B1347531853195S04154952WA0100601101
B1347571853195S04154952WA0100601101
B1348011853195S04154952WA0100601102
B1348051853195S04154952WA0100601103
B1348091853195S04154952WA0100601104
B1348131853195S04154952WA0100601104
B1348171853195S04154952WA0100601104
B1348211853195S04154951WA0100601103
B1348251853195S04154951WA0100601102
B1348291853195S04154951WA0100601101
B1348331853195S04154951WA0100601101
B1348371853195S04154951WA0100601101
B1348411853196S04154951WA0100601100
B1348451853196S04154951WA0100601099
B1348491853196S04154950WA0100601099
B1348531853196S04154950WA0100601098
B1348571853196S04154950WA0100601098
B1349011853196S04154950WA0100601099
B1349051853196S04154950WA0100601099
B1349091853196S04154950WA0100601098
B1349131853196S04154950WA0100601096
B1349171853197S04154950WA0100601096
B1349211853197S04154951WA0100601096
B1349251853197S04154951WA0100601097
B1349291853197S04154951WA0100601097
B1349331853196S04154951WA0100601097
B1349371853196S04154951WA0100601094
B1349411853196S04154951WA0100601093
B1349451853196S04154951WA0100601092
B1349491853196S04154952WA0100601091
B1349531853196S04154952WA0100601091
B1349571853196S04154953WA0100601091
B1350011853196S04154954WA0100601091
B1350051853196S04154954WA0100601092
B1350091853196S04154954WA0100601090
B1350131853196S04154953WA0100601091
B1350171853196S04154952WA0100501089
B1350211853198S04154951WA0100401087
B1350251853199S04154951WA0100501087
B1350291853198S04154948WA0100601090
B1350331853198S04154947WA0100601088
B1350371853197S04154946WA0100601087
B1350411853195S04154947WA0100601088
B1350451853195S04154948WA0100601089
B1350491853195S04154948WA0100601090
B1350531853195S04154948WA0100601091
B1350571853195S04154949WA0100601092
B1351011853195S04154949WA0100601092
B1351051853196S04154949WA0100601092
B1351091853196S04154949WA0100601090
B1351131853196S04154949WA0100601090
B1351171853196S04154949WA0100601088
B1351211853196S04154948WA0100601087
B1351251853196S04154947WA0100601087
B1351291853198S04154947WA0100501087
B1351331853199S04154947WA0100501088
B1351371853198S04154947WA0100401089
B1351411853198S04154946WA0100401088
B1351451853198S04154946WA0100501088
B1351491853198S04154947WA0100501088
B1351531853198S04154947WA0100501086
B1351571853198S04154947WA0100501087
B1352011853197S04154946WA0100501087
B1352051853197S04154946WA0100501087
B1352091853197S04154945WA0100501087
B1352131853198S04154946WA0100501088
B1352171853199S04154946WA0100401087
B1352211853199S04154946WA0100401087
B1352251853199S04154945WA0100501089
B1352291853198S04154945WA0100501089
B1352331853199S04154944WA0100501089
B1352371853198S04154944WA0100501088
B1352411853197S04154944WA0100501087
B1352451853195S04154944WA0100401087
B1352491853195S04154944WA0100401086
B1352531853193S04154944WA0100401085
B1352571853193S04154945WA0100401084
B1353011853192S04154945WA0100401083
B1353051853193S04154945WA0100401082
B1353091853193S04154945WA0100501082
B1353131853194S04154945WA0100501082
B1353171853195S04154945WA0100501083
B1353211853195S04154945WA0100501084
B1353251853196S04154945WA0100501083
B1353291853197S04154945WA0100501084
B1353331853197S04154945WA0100401084
B1353371853198S04154945WA0100501085
B1353411853199S04154945WA0100401085
B1353451853199S04154946WA0100401083
B1353491853199S04154946WA0100501081
B1353531853199S04154946WA0100401081
B1353571853199S04154947WA0100501081
B1354011853198S04154947WA0100501084
B1354051853198S04154948WA0100401083
B1354091853199S04154947WA0100401083
B1354131853199S04154947WA0100501085
B1354171853198S04154947WA0100501084
B1354211853199S04154946WA0100501083
B1354251853199S04154946WA0100401083
B1354291853199S04154946WA0100401085
B1354331853199S04154946WA0100401086
B1354371853199S04154946WA0100401087
B1354411853199S04154946WA0100401087
B1354451853199S04154946WA0100401088
B1354491853199S04154946WA0100401089
B1354531853199S04154947WA0100401090
B1354571853199S04154947WA0100401092
B1355011853199S04154947WA0100401093
B1355051853199S04154947WA0100401094
B1355091853199S04154947WA0100501095
B1355131853198S04154947WA0100501096
B1355171853198S04154947WA0100501097
B1355211853198S04154947WA0100401097
B1355251853198S04154947WA0100501096
B1355291853198S04154947WA0100501095
B1355331853198S04154947WA0100501094
B1355371853198S04154947WA0100501094
B1355411853198S04154946WA0100501093
B1355451853198S04154946WA0100501092
B1355491853198S04154946WA0100501092
B1355531853198S04154946WA0100501092
B1355571853198S04154946WA0100501092
B1356011853198S04154946WA0100501092
B1356051853198S04154946WA0100501092
B1356091853198S04154946WA0100501092
B1356131853197S04154946WA0100501092
B1356171853197S04154946WA0100501093
B1356211853197S04154946WA0100501093
B1356251853198S04154946WA0100501094
B1356291853198S04154946WA0100501094
B1356331853197S04154946WA0100501094
B1356371853198S04154946WA0100501094
B1356411853197S04154946WA0100501094
B1356451853197S04154946WA0100501094
B1356491853197S04154946WA0100501094
B1356531853198S04154946WA0100501094
B1356571853198S04154946WA0100501094
B1357011853198S04154946WA0100501093
B1357051853198S04154946WA0100501093
B1357091853198S04154945WA0100501092
B1357131853198S04154945WA0100501092
B1357171853198S04154945WA0100501092
B1357211853198S04154946WA0100501091
B1357251853198S04154945WA0100501091
B1357291853198S04154946WA0100501091
B1357331853198S04154946WA0100501090
B1357371853199S04154946WA0100501090
B1357411853199S04154946WA0100501090
B1357451853199S04154946WA0100501090
B1357491853199S04154946WA0100501090
B1357531853199S04154946WA0100501091
B1357561853199S04154946WA0100501091
B1358001853199S04154946WA0100501092
B1358041853199S04154946WA0100501092
B1358081853199S04154946WA0100501091
B1358121853199S04154946WA0100501091
B1358161853199S04154946WA0100501091
B1358201853199S04154946WA0100501090
B1358241853199S04154946WA0100501091
B1358281853199S04154946WA0100501090
B1358321853199S04154946WA0100501089
B1358361853199S04154946WA0100501089
B1358401853199S04154946WA0100501089
B1358441853199S04154946WA0100501089
B1358481853199S04154946WA0100501089
B1358521853199S04154946WA0100501089
B1358561853199S04154946WA0100501090
B1359001853199S04154946WA0100501089
B1359041853199S04154946WA0100501088
B1359081853199S04154946WA0100501087
B1359121853199S04154946WA0100501087
B1359161853199S04154946WA0100501086
B1359201853200S04154946WA0100501085
B1359241853200S04154946WA0100501085
B1359281853200S04154946WA0100501085
B1359321853200S04154946WA0100501084
B1359361853200S04154946WA0100501084
B1359401853200S04154946WA0100501085
B1359441853200S04154946WA0100501085
B1359481853200S04154946WA0100501086
B1359521853200S04154946WA0100501086
B1359561853200S04154946WA0100501086
B1400001853201S04154946WA0100501087
B1400041853201S04154946WA0100501087
B1400081853201S04154946WA0100501087
B1400121853201S04154947WA0100501087
B1400161853201S04154947WA0100501088
B1400201853201S04154947WA0100501088
B1400241853200S04154947WA0100501088
B1400281853200S04154947WA0100501088
B1400321853200S04154947WA0100501088
B1400361853200S04154947WA0100501088
B1400401853200S04154947WA0100501088
B1400441853200S04154947WA0100501088
B1400481853200S04154947WA0100501089
B1400521853200S04154947WA0100501089
B1400561853200S04154947WA0100501089
B1401001853200S04154947WA0100501090
B1401041853200S04154947WA0100501089
B1401081853200S04154947WA0100501089
B1401121853200S04154947WA0100501089
B1401161853200S04154947WA0100501089
B1401201853200S04154947WA0100501089
B1401241853200S04154947WA0100501090
B1401281853200S04154947WA0100501090
B1401321853200S04154947WA0100501091
B1401361853200S04154947WA0100501091
B1401401853200S04154947WA0100501091
B1401441853200S04154947WA0100501092
B1401481853200S04154947WA0100501091
B1401521853200S04154947WA0100501091
B1401561853200S04154947WA0100501090
B1402001853200S04154947WA0100501090
B1402041853199S04154947WA0100501090
B1402081853199S04154947WA0100501090
B1402121853199S04154946WA0100501090
B1402161853199S04154946WA0100501089
B1402201853199S04154946WA0100501089
B1402241853199S04154946WA0100601090
B1402281853199S04154946WA0100501090
B1402321853199S04154946WA0100501090
B1402361853198S04154946WA0100501090
B1402401853198S04154946WA0100501090
B1402441853198S04154946WA0100501091
B1402481853198S04154946WA0100601091
B1402521853198S04154946WA0100501091
B1402561853198S04154946WA0100501090
B1403001853198S04154946WA0100601090
B1403041853198S04154946WA0100601091
B1403081853198S04154946WA0100601091
B1403121853198S04154946WA0100501092
B1403161853198S04154946WA0100501092
B1403201853199S04154946WA0100501092
B1403241853199S04154946WA0100501092
B1403281853199S04154946WA0100601092
B1403321853199S04154946WA0100601091
B1403361853199S04154946WA0100501091
B1403401853199S04154946WA0100601091
B1403441853199S04154946WA0100501090
B1403481853199S04154946WA0100501090
B1403521853199S04154946WA0100601090
B1403561853199S04154946WA0100601089
B1404001853199S04154946WA0100601088
B1404041853199S04154946WA0100601088
B1404081853199S04154946WA0100601087
B1404121853199S04154946WA0100601087
B1404161853199S04154946WA0100601086
B1404201853199S04154946WA0100601086
B1404241853199S04154946WA0100601086
B1404281853199S04154946WA0100601086
B1404321853199S04154946WA0100601087
B1404361853199S04154946WA0100601087
B1404401853199S04154946WA0100601087
B1404441853199S04154946WA0100601088
B1404481853199S04154946WA0100601088
B1404521853199S04154946WA0100601088
B1404561853199S04154946WA0100601088
B1405001853199S04154946WA0100601089
B1405041853199S04154946WA0100601089
B1405081853199S04154946WA0100601090
B1405121853198S04154945WA0100601091
B1405161853198S04154945WA0100601092
B1405201853198S04154945WA0100601092
B1405241853198S04154945WA0100601092
B1405281853198S04154945WA0100601092
B1405321853198S04154945WA0100601093
B1405361853198S04154945WA0100601093
B1405401853198S04154945WA0100601093
B1405441853198S04154945WA0100601093
B1405481853198S04154945WA0100601093
B1405521853198S04154945WA0100601093
B1405561853198S04154945WA0100601093
B1406001853198S04154945WA0100601093
B1406041853198S04154945WA0100601093
B1406081853198S04154944WA0100601093
B1406121853198S04154944WA0100601092
B1406161853198S04154945WA0100601092
B1406201853198S04154945WA0100701092
B1406241853198S04154944WA0100601092
B1406281853198S04154945WA0100601092
B1406321853198S04154945WA0100601092
B1406361853199S04154945WA0100601092
B1406401853198S04154945WA0100601092
B1406441853199S04154945WA0100601092
B1406481853199S04154945WA0100601093
B1406521853199S04154945WA0100601093
B1406561853199S04154945WA0100601094
B1407001853199S04154945WA0100601094
B1407041853199S04154945WA0100601094
B1407081853198S04154944WA0100601094
B1407121853199S04154944WA0100601095
B1407161853199S04154944WA0100601095
B1407201853199S04154944WA0100601094
B1407241853199S04154945WA0100601094
B1407281853199S04154945WA0100601094
B1407321853199S04154945WA0100601094
B1407361853199S04154945WA0100601094
B1407401853199S04154945WA0100601094
B1407441853199S04154945WA0100601093
B1407481853199S04154945WA0100601093
B1407521853199S04154945WA0100601093
B1407561853199S04154945WA0100601093
B1408001853199S04154945WA0100601092
B1408041853199S04154945WA0100601092
B1408081853199S04154945WA0100601092
B1408121853199S04154945WA0100601093
B1408161853199S04154945WA0100601094
B1408201853199S04154944WA0100601094
B1408241853198S04154944WA0100601095
B1408281853199S04154945WA0100601095
B1408321853199S04154945WA0100701096
B1408361853199S04154945WA0100601096
B1408401853199S04154945WA0100601096
B1408441853199S04154945WA0100701096
B1408481853199S04154945WA0100601096
B1408521853199S04154945WA0100601096
B1408561853199S04154945WA0100701095
B1409001853199S04154945WA0100701095
B1409041853199S04154945WA0100701094
B1409081853199S04154945WA0100701094
B1409121853199S04154945WA0100701094
B1409161853199S04154945WA0100701093
B1409201853199S04154945WA0100701092
B1409241853199S04154945WA0100701091
B1409281853199S04154945WA0100701091
B1409321853199S04154945WA0100701091
B1409361853199S04154945WA0100701091
B1409401853199S04154945WA0100701091
B1409441853199S04154945WA0100701091
B1409481853199S04154945WA0100701091
B1409521853199S04154945WA0100701091
B1409561853199S04154945WA0100701090
B1410001853199S04154945WA0100701091
B1410041853199S04154945WA0100701091
B1410081853199S04154945WA0100701091
B1410121853199S04154945WA0100701090
B1410161853199S04154945WA0100701090
B1410201853199S04154945WA0100701089
B1410241853199S04154945WA0100701089
B1410281853199S04154945WA0100701090
B1410321853198S04154945WA0100701090
B1410361853198S04154945WA0100701091
B1410401853198S04154945WA0100701092
B1410441853198S04154945WA0100701092
B1410481853198S04154945WA0100701092
B1410521853199S04154945WA0100701092
B1410561853199S04154945WA0100601091
B1411001853199S04154945WA0100701090
B1411041853199S04154945WA0100701090
B1411081853199S04154945WA0100701090
B1411121853199S04154945WA0100701090
B1411161853199S04154946WA0100701090
B1411201853199S04154946WA0100701089
B1411241853199S04154945WA0100701089
B1411281853199S04154945WA0100701090
B1411321853199S04154945WA0100701089
B1411361853199S04154945WA0100701090
B1411401853199S04154945WA0100701090
B1411441853199S04154945WA0100701090
B1411481853199S04154945WA0100701090
B1411521853199S04154945WA0100701090
B1411561853199S04154945WA0100701091
B1412001853199S04154945WA0100701091
B1412041853199S04154945WA0100701091
B1412081853199S04154945WA0100701091
B1412121853199S04154945WA0100701092
B1412161853199S04154945WA0100701092
B1412201853199S04154945WA0100701092
B1412241853199S04154945WA0100701093
B1412281853199S04154945WA0100701092
B1412321853199S04154945WA0100701092
B1412361853199S04154945WA0100701092
B1412401853199S04154945WA0100701092
B1412441853199S04154945WA0100701091
B1412481853199S04154945WA0100701091
B1412521853199S04154945WA0100701091
B1412561853199S04154945WA0100701091
B1413001853199S04154945WA0100701090
B1413041853199S04154945WA0100701090
B1413081853199S04154946WA0100701089
B1413121853199S04154946WA0100701089
B1413161853199S04154946WA0100701089
B1413201853199S04154946WA0100701088
B1413241853199S04154946WA0100701088
B1413281853199S04154946WA0100701088
B1413321853199S04154946WA0100701088
B1413361853199S04154946WA0100701088
B1413401853199S04154946WA0100701088
B1413441853199S04154946WA0100701089
B1413481853199S04154946WA0100701090
B1413521853199S04154946WA0100701090
B1413561853199S04154946WA0100701090
B1414001853199S04154946WA0100701090
B1414041853199S04154946WA0100701091
B1414081853199S04154946WA0100701091
B1414121853199S04154946WA0100701092
B1414161853199S04154946WA0100701092
B1414201853199S04154946WA0100701091
B1414241853199S04154946WA0100701091
B1414281853199S04154946WA0100701092
B1414321853199S04154946WA0100701091
B1414361853199S04154946WA0100701091
B1414401853199S04154946WA0100701090
B1414441853199S04154946WA0100701090
B1414481853199S04154946WA0100701090
B1414521853199S04154946WA0100701090
B1414561853199S04154946WA0100701090
B1415001853199S04154946WA0100701090
B1415041853199S04154946WA0100701090
B1415081853199S04154946WA0100701090
B1415121853199S04154946WA0100701090
B1415161853199S04154946WA0100701091
B1415201853199S04154946WA0100701092
B1415241853199S04154945WA0100701093
B1415281853199S04154945WA0100701094
B1415321853199S04154945WA0100701094
B1415361853199S04154945WA0100701094
B1415401853199S04154945WA0100701094
B1415441853199S04154946WA0100701094
B1415481853200S04154946WA0100701094
B1415521853200S04154946WA0100701094
B1415561853200S04154946WA0100701094
B1416001853200S04154946WA0100701094
B1416041853200S04154946WA0100701094
B1416081853200S04154946WA0100701093
B1416121853200S04154946WA0100701093
B1416161853200S04154946WA0100701093
B1416201853200S04154946WA0100701093
B1416241853200S04154946WA0100701092
B1416281853200S04154946WA0100701092
B1416321853200S04154946WA0100701092
B1416361853200S04154946WA0100701092
B1416401853200S04154946WA0100701092
B1416441853200S04154947WA0100701092
B1416481853200S04154947WA0100701092
B1416521853200S04154947WA0100701093
B1416561853200S04154946WA0100701093
B1417001853200S04154946WA0100701094
B1417041853200S04154946WA0100701095
B1417081853200S04154946WA0100701095
B1417121853199S04154945WA0100701096
B1417161853200S04154945WA0100701096
B1417201853199S04154945WA0100701096
B1417241853199S04154945WA0100701097
B1417281853200S04154945WA0100701096
B1417321853200S04154945WA0100701096
B1417361853199S04154945WA0100701095
B1417401853199S04154945WA0100701094
B1417441853199S04154945WA0100701092
B1417481853199S04154945WA0100701091
B1417521853199S04154946WA0100701091
B1417561853199S04154946WA0100701090
B1418001853199S04154946WA0100701089
B1418041853200S04154946WA0100701089
B1418081853200S04154946WA0100701089
B1418121853200S04154946WA0100701089
B1418161853200S04154946WA0100701089
B1418201853199S04154946WA0100701089
B1418241853199S04154946WA0100701089
B1418281853199S04154946WA0100701089
B1418321853200S04154946WA0100701089
B1418361853200S04154946WA0100701090
B1418401853200S04154946WA0100701090
B1418441853200S04154947WA0100701090
B1418481853200S04154947WA0100701091
B1418521853200S04154947WA0100701091
B1418561853200S04154947WA0100701092
B1419001853200S04154947WA0100701092
B1419041853200S04154947WA0100701093
B1419081853200S04154947WA0100701093
B1419121853200S04154947WA0100701093
B1419161853200S04154947WA0100701092
B1419201853200S04154947WA0100801092
B1419241853200S04154947WA0100701092
B1419281853200S04154947WA0100701091
B1419321853200S04154947WA0100801090
B1419361853200S04154947WA0100701090
B1419401853200S04154947WA0100701089
B1419441853201S04154948WA0100701089
B1419481853201S04154948WA0100701089
B1419521853201S04154948WA0100701090
B1419561853201S04154948WA0100801090
B1420001853201S04154948WA0100701091
B1420041853201S04154948WA0100801092
B1420081853201S04154948WA0100701092
B1420121853201S04154947WA0100701092
B1420161853201S04154947WA0100701092
B1420201853201S04154947WA0100701092
B1420241853201S04154947WA0100701092
B1420281853201S04154947WA0100801093
B1420321853201S04154947WA0100801093
B1420361853201S04154948WA0100801092
B1420401853202S04154948WA0100801093
B1420441853201S04154948WA0100801093
B1420481853201S04154947WA0100801093
B1420521853201S04154947WA0100801092
B1420561853201S04154947WA0100801091
B1421001853201S04154947WA0100801091
B1421041853201S04154946WA0100801091
B1421081853200S04154946WA0100801091
B1421121853200S04154946WA0100801091
B1421161853200S04154946WA0100801091
B1421201853200S04154946WA0100701091
B1421241853200S04154946WA0100801091
B1421281853200S04154946WA0100801091
B1421321853200S04154946WA0100801091
B1421361853200S04154946WA0100801092
B1421401853200S04154946WA0100801093
B1421441853200S04154945WA0100801092
B1421481853199S04154945WA0100801093
B1421521853199S04154945WA0100801094
B1421561853199S04154944WA0100801094
B1422001853199S04154944WA0100801095
B1422041853198S04154944WA0100801095
B1422081853198S04154944WA0100801095
B1422121853198S04154944WA0100801095
B1422161853198S04154944WA0100801095
B1422201853198S04154944WA0100801094
B1422241853198S04154944WA0100801094
B1422281853198S04154944WA0100801093
B1422321853198S04154944WA0100801092
B1422361853198S04154944WA0100801091
B1422401853198S04154944WA0100801091
B1422441853198S04154944WA0100801090
B1422481853198S04154944WA0100801090
B1422521853198S04154944WA0100801090
B1422561853198S04154944WA0100801091
B1423001853198S04154944WA0100801091
B1423041853198S04154944WA0100801091
B1423081853199S04154944WA0100801091
B1423121853199S04154944WA0100801091
B1423161853198S04154944WA0100801091
B1423201853198S04154944WA0100801091
B1423241853198S04154944WA0100801090
B1423281853198S04154944WA0100801090
B1423321853198S04154944WA0100801088
B1423361853198S04154944WA0100801088
B1423401853198S04154944WA0100801087
B1423441853198S04154944WA0100801087
B1423481853198S04154944WA0100801087
B1423521853198S04154944WA0100801087
B1423561853198S04154944WA0100801086
B1424001853198S04154944WA0100801087
B1424041853198S04154944WA0100801087
B1424081853198S04154944WA0100801088
B1424121853198S04154944WA0100801089
B1424161853198S04154944WA0100801089
B1424201853198S04154944WA0100801090
B1424241853198S04154945WA0100801090
B1424281853198S04154945WA0100801090
B1424321853199S04154945WA0100801090
B1424361853199S04154945WA0100801091
B1424401853199S04154945WA0100801091
B1424441853199S04154946WA0100801090
B1424481853199S04154946WA0100801090
B1424521853199S04154946WA0100801090
B1424561853199S04154946WA0100801090
B1425001853199S04154946WA0100801090
B1425041853199S04154946WA0100801090
B1425081853199S04154946WA0100801090
B1425121853199S04154946WA0100801090
B1425161853199S04154946WA0100801090
B1425201853199S04154946WA0100801089
B1425241853199S04154945WA0100901088
B1425281853199S04154945WA0100801088
B1425321853198S04154945WA0100801088
B1425361853198S04154945WA0100801088
B1425401853198S04154945WA0100801088
B1425441853198S04154945WA0100801087
B1425481853198S04154945WA0100801087
B1425521853198S04154945WA0100801087
B1425561853198S04154945WA0100801087
B1426001853198S04154945WA0100901088
B1426041853198S04154945WA0100801088
B1426081853199S04154945WA0100901089
B1426121853199S04154946WA0100901088
B1426161853199S04154945WA0100901088
B1426201853199S04154945WA0100901088
B1426241853199S04154945WA0100901089
B1426281853199S04154945WA0100801088
B1426321853198S04154945WA0100801088
B1426361853198S04154944WA0100901087
B1426401853198S04154944WA0100901087
B1426441853198S04154945WA0100801087
B1426481853198S04154945WA0100801086
B1426521853198S04154945WA0100801085
B1426561853198S04154945WA0100901084
B1427001853198S04154945WA0100901083
B1427041853198S04154945WA0100801082
B1427081853197S04154944WA0100901081
B1427121853197S04154944WA0100901080
B1427161853197S04154944WA0100901080
B1427201853197S04154944WA0100901079
B1427241853197S04154944WA0100901079
B1427281853198S04154945WA0100901079
B1427321853198S04154945WA0100901079
B1427361853198S04154945WA0100801080
B1427401853198S04154945WA0100801081
B1427441853198S04154945WA0100801081
B1427481853198S04154945WA0100901082
B1427521853198S04154945WA0100901083
B1427561853199S04154946WA0100901083
B1428001853199S04154946WA0100901083
B1428041853199S04154946WA0100801084
B1428081853199S04154946WA0100901084
B1428121853199S04154946WA0100801085
B1428161853199S04154946WA0100801086
B1428201853199S04154946WA0100801086
B1428241853199S04154946WA0100801087
B1428281853199S04154946WA0100801088
B1428321853199S04154946WA0100801088
B1428361853199S04154946WA0100901088
B1428401853199S04154946WA0100901089
B1428441853199S04154946WA0100901089
B1428481853199S04154946WA0100901090
B1428521853199S04154946WA0100901090
B1428561853199S04154946WA0100801090
B1429001853199S04154946WA0100901089
B1429041853199S04154946WA0100901089
B1429081853199S04154946WA0100901088
B1429121853199S04154946WA0100901088
B1429161853199S04154946WA0100901088
B1429201853199S04154946WA0100901088
B1429241853199S04154946WA0100901088
B1429281853199S04154946WA0100901088
B1429321853199S04154945WA0100901088
B1429361853199S04154945WA0100901088
B1429401853199S04154945WA0100901088
B1429441853199S04154945WA0100901088
B1429481853199S04154945WA0100901087
B1429521853199S04154945WA0100901087
B1429561853199S04154945WA0100901087
B1430001853199S04154945WA0100901086
B1430041853199S04154945WA0100901086
B1430081853199S04154945WA0100901086
B1430121853199S04154945WA0100901086
B1430161853199S04154945WA0100901086
B1430201853199S04154945WA0100901086
B1430241853199S04154945WA0100901086
B1430281853198S04154945WA0100901085
B1430321853198S04154945WA0100901085
B1430361853198S04154945WA0100901085
B1430401853198S04154944WA0100901085
B1430441853198S04154944WA0100901085
B1430481853198S04154944WA0100901085
B1430521853198S04154944WA0100901085
B1430561853198S04154944WA0100901085
B1431001853198S04154944WA0100901085
B1431041853198S04154944WA0100901086
B1431081853198S04154944WA0100901086
B1431121853198S04154944WA0100901086
B1431161853198S04154944WA0100901087
B1431201853198S04154944WA0100901087
B1431241853198S04154944WA0100901088
B1431281853198S04154944WA0100901088
B1431321853198S04154944WA0100901088
B1431361853198S04154944WA0100901088
B1431401853198S04154944WA0100901089
B1431441853198S04154944WA0100901089
B1431481853198S04154945WA0100901089
B1431521853199S04154945WA0100901089
B1431561853199S04154945WA0100901089
B1432001853199S04154945WA0100901090
B1432041853199S04154945WA0100901090
B1432081853199S04154945WA0100901090
B1432121853199S04154945WA0100901090
B1432161853199S04154946WA0100901089
B1432201853199S04154946WA0100901089
B1432241853200S04154946WA0100901088
B1432281853200S04154946WA0100901088
B1432321853200S04154946WA0101001088
B1432361853200S04154946WA0100901088
B1432401853200S04154946WA0101001087
B1432441853200S04154946WA0100901087
B1432481853199S04154946WA0101001087
B1432521853199S04154946WA0101001086
B1432561853199S04154946WA0101001087
B1433001853199S04154946WA0101001087
B1433041853199S04154946WA0101001088
B1433081853199S04154946WA0101001088
B1433121853199S04154946WA0101001088
B1433161853199S04154946WA0101001089
B1433201853199S04154946WA0101001089
B1433241853199S04154946WA0100901089
B1433281853199S04154946WA0101001089
B1433321853199S04154946WA0101001089
B1433361853199S04154946WA0101001089
B1433401853199S04154946WA0101001088
B1433441853199S04154946WA0100901088
B1433481853199S04154946WA0101001088
B1433521853199S04154946WA0101001088
B1433561853199S04154946WA0101001088
B1434001853199S04154946WA0101001089
B1434041853199S04154946WA0101001088
B1434081853199S04154946WA0101001088
B1434121853199S04154946WA0101001088
B1434161853199S04154946WA0101001088
B1434201853199S04154946WA0101001089
B1434241853199S04154946WA0101001089
B1434281853199S04154946WA0101001089
B1434321853199S04154946WA0101001089
B1434361853199S04154946WA0101001089
B1434401853199S04154946WA0101001089
B1434441853199S04154946WA0101001089
B1434481853199S04154946WA0101001089
B1434521853199S04154946WA0101001089
B1434561853199S04154946WA0101001089
B1435001853199S04154946WA0101001089
B1435041853199S04154946WA0101001089
B1435081853199S04154946WA0101001088
B1435121853199S04154946WA0101001088
B1435161853199S04154946WA0101001088
B1435201853199S04154945WA0101001088
B1435241853199S04154945WA0101001088
B1435281853199S04154945WA0101001088
B1435321853199S04154945WA0101001087
B1435361853199S04154945WA0101001087
B1435401853199S04154945WA0101001087
B1435441853199S04154946WA0101001086
B1435481853199S04154946WA0101001087
B1435521853199S04154946WA0101001087
B1435561853199S04154946WA0101001088
B1436001853199S04154946WA0101001088
B1436041853199S04154946WA0101001089
B1436081853199S04154945WA0101001089
B1436121853199S04154945WA0101001090
B1436161853199S04154945WA0101001091
B1436201853199S04154945WA0101001091
B1436241853199S04154946WA0101001091
B1436281853199S04154946WA0101001092
B1436321853199S04154946WA0101001091
B1436361853199S04154946WA0101001091
B1436401853199S04154946WA0101001091
B1436441853199S04154946WA0101001091
B1436481853199S04154946WA0101001091
B1436521853199S04154946WA0101001090
B1436561853199S04154946WA0101001090
B1437001853199S04154946WA0101001090
B1437041853199S04154946WA0101001089
B1437081853199S04154946WA0101001089
B1437121853199S04154946WA0101001089
B1437161853199S04154946WA0101001088
B1437201853199S04154946WA0101001088
B1437241853199S04154946WA0101001087
B1437281853200S04154946WA0101001087
B1437321853200S04154946WA0101001086
B1437361853199S04154946WA0101001086
B1437401853199S04154946WA0101101086
B1437441853199S04154946WA0101001086
B1437481853199S04154946WA0101001087
B1437521853199S04154946WA0101001087
B1437561853199S04154946WA0101001087
B1438001853199S04154946WA0101001087
B1438041853199S04154946WA0101001088
B1438081853199S04154946WA0101001087
B1438121853199S04154945WA0101001088
B1438161853199S04154945WA0101001089
B1438201853199S04154945WA0101001089
B1438241853199S04154945WA0101001089
B1438281853199S04154945WA0101001090
B1438321853199S04154945WA0101001091
B1438361853199S04154945WA0101001091
B1438401853199S04154945WA0101001091
B1438441853199S04154945WA0101001091
B1438481853199S04154945WA0101001091
B1438521853199S04154945WA0101001091
B1438561853199S04154945WA0101001091
B1439001853199S04154945WA0101001091
B1439041853199S04154945WA0101001091
B1439081853199S04154945WA0101001091
B1439121853199S04154945WA0101001091
B1439161853199S04154945WA0101001090
B1439201853199S04154945WA0101001090
B1439241853199S04154945WA0101001090
B1439281853199S04154945WA0101001090
B1439321853199S04154945WA0101001090
B1439361853199S04154945WA0101001089
B1439401853199S04154946WA0101101089
B1439441853199S04154946WA0101001089
B1439481853199S04154946WA0101001088
B1439521853199S04154946WA0101001088
B1439561853199S04154946WA0101001088
B1440001853199S04154946WA0101001088
B1440041853199S04154946WA0101001088
B1440081853199S04154946WA0101101087
B1440121853199S04154945WA0101101087
B1440161853199S04154945WA0101101087
B1440201853199S04154945WA0101101087
B1440241853199S04154945WA0101001087
B1440281853199S04154945WA0101101087
B1440321853199S04154945WA0101101088
B1440361853199S04154945WA0101101088
B1440401853199S04154945WA0101101088
B1440441853199S04154945WA0101001088
B1440481853199S04154945WA0101101088
B1440521853199S04154945WA0101101088
B1440561853199S04154945WA0101001088
B1441001853199S04154945WA0101101088
B1441041853199S04154945WA0101101088
B1441081853199S04154945WA0101101088
B1441121853199S04154946WA0101101088
B1441161853200S04154946WA0101101088
B1441201853200S04154946WA0101101088
B1441241853200S04154946WA0101101088
B1441281853200S04154946WA0101101088
B1441321853200S04154946WA0101101088
B1441361853200S04154946WA0101101088
B1441401853200S04154946WA0101101089
B1441441853200S04154946WA0101101089
B1441481853200S04154946WA0101101089
B1441521853200S04154946WA0101101089
B1441561853200S04154946WA0101101089
B1442001853200S04154946WA0101101090
B1442041853200S04154946WA0101101090
B1442081853200S04154945WA0101101090
B1442121853200S04154945WA0101101090
B1442161853200S04154945WA0101101091
B1442201853200S04154945WA0101101091
B1442241853200S04154945WA0101101092
B1442281853200S04154945WA0101101092
B1442321853200S04154945WA0101101092
B1442361853200S04154945WA0101101092
B1442401853200S04154945WA0101101092
B1442441853200S04154945WA0101101092
B1442481853200S04154945WA0101101092
B1442521853200S04154945WA0101101092
B1442561853200S04154945WA0101101091
B1443001853200S04154945WA0101101091
B1443041853200S04154945WA0101101090
B1443081853199S04154945WA0101101090
B1443121853199S04154945WA0101101090
B1443161853199S04154945WA0101101090
B1443201853199S04154945WA0101101089
B1443241853199S04154945WA0101101089
B1443281853199S04154945WA0101101089
B1443321853199S04154945WA0101101089
B1443361853199S04154945WA0101101088
B1443401853199S04154945WA0101101088
B1443441853199S04154945WA0101101088
B1443481853199S04154945WA0101101088
B1443521853199S04154945WA0101101088
B1443561853199S04154945WA0101101088
B1444001853199S04154945WA0101101088
B1444041853199S04154945WA0101101089
B1444081853199S04154945WA0101101089
B1444121853199S04154945WA0101101088
B1444161853200S04154945WA0101101088
B1444201853200S04154945WA0101101087
B1444241853200S04154945WA0101101087
B1444281853200S04154945WA0101101087
B1444321853200S04154945WA0101101087
B1444361853200S04154945WA0101101087
B1444401853200S04154945WA0101101087
B1444441853200S04154945WA0101101087
B1444481853200S04154945WA0101101087
B1444521853200S04154945WA0101101087
B1444561853200S04154945WA0101101087
B1445001853200S04154945WA0101101087
B1445041853200S04154945WA0101201087
B1445081853200S04154945WA0101101088
B1445121853200S04154945WA0101201088
B1445161853200S04154945WA0101101088
B1445201853200S04154945WA0101201089
B1445241853200S04154945WA0101101089
B1445281853200S04154945WA0101201089
B1445321853200S04154945WA0101201089
B1445361853200S04154945WA0101201089
B1445401853200S04154945WA0101101089
B1445441853200S04154945WA0101201089
B1445481853200S04154945WA0101201089
B1445521853200S04154945WA0101201089
B1445561853200S04154945WA0101201090
B1446001853200S04154946WA0101101090
B1446041853200S04154946WA0101101090
B1446081853200S04154946WA0101101090
B1446121853200S04154946WA0101201090
B1446161853200S04154946WA0101101090
B1446201853200S04154946WA0101201090
B1446241853200S04154946WA0101201090
B1446281853200S04154946WA0101201090
B1446321853200S04154946WA0101201091
B1446361853200S04154946WA0101201091
B1446401853200S04154946WA0101201091
B1446441853200S04154946WA0101201091
B1446481853200S04154946WA0101201091
B1446521853200S04154946WA0101201091
B1446561853200S04154946WA0101201091
B1447001853200S04154946WA0101201091
B1447041853200S04154946WA0101201091
B1447081853200S04154946WA0101201091
B1447121853200S04154946WA0101201091
B1447161853200S04154946WA0101201091
B1447201853200S04154946WA0101201092
B1447241853200S04154946WA0101201092
B1447281853200S04154946WA0101201092
B1447321853200S04154946WA0101201092
B1447361853200S04154945WA0101201092
B1447401853200S04154945WA0101201092
B1447441853199S04154945WA0101201092
B1447481853199S04154945WA0101201092
B1447521853200S04154946WA0101201092
B1447561853200S04154946WA0101201092
B1448001853200S04154946WA0101201092
B1448041853200S04154946WA0101201092
B1448081853200S04154946WA0101201092
B1448121853200S04154946WA0101201092
B1448161853200S04154946WA0101201092
B1448201853200S04154946WA0101201092
B1448241853200S04154946WA0101201092
B1448281853200S04154946WA0101201092
B1448321853200S04154946WA0101201092
B1448361853200S04154946WA0101201092
B1448401853200S04154946WA0101201092
B1448441853200S04154946WA0101201091
B1448481853200S04154946WA0101201091
B1448521853200S04154946WA0101201091
B1448561853200S04154946WA0101201091
B1449001853200S04154946WA0101201090
B1449041853200S04154946WA0101201090
B1449081853200S04154946WA0101201090
B1449121853200S04154946WA0101201089
B1449161853200S04154946WA0101201089
B1449201853200S04154946WA0101201089
B1449241853200S04154946WA0101201088
B1449281853200S04154946WA0101201088
B1449321853200S04154946WA0101201088
B1449361853200S04154946WA0101201088
B1449401853200S04154946WA0101201087
B1449441853200S04154946WA0101201087
B1449481853200S04154946WA0101201087
B1449521853200S04154946WA0101201087
B1449561853200S04154945WA0101201087
B1450001853200S04154945WA0101201087
B1450041853200S04154945WA0101201087
B1450081853200S04154945WA0101201087
B1450121853200S04154945WA0101201087
B1450161853200S04154945WA0101201087
B1450201853200S04154945WA0101201087
B1450241853200S04154946WA0101201087
B1450281853200S04154945WA0101201087
B1450321853200S04154946WA0101201086
B1450361853200S04154946WA0101201087
B1450401853200S04154946WA0101201087
B1450441853200S04154945WA0101201087
B1450481853200S04154945WA0101201087
B1450521853200S04154945WA0101201087
B1450561853200S04154945WA0101201087
B1451001853200S04154945WA0101201087
B1451041853200S04154945WA0101201087
B1451081853200S04154945WA0101201088
B1451121853200S04154945WA0101201088
B1451161853200S04154945WA0101201088
B1451201853200S04154945WA0101201088
B1451241853200S04154945WA0101201088
B1451281853200S04154945WA0101201088
B1451321853200S04154945WA0101201089
B1451361853200S04154945WA0101201089
B1451401853200S04154945WA0101201089
B1451441853200S04154945WA0101201089
B1451481853200S04154945WA0101201089
B1451521853200S04154946WA0101201089
B1451561853200S04154946WA0101201089
B1452001853200S04154946WA0101201088
B1452041853200S04154946WA0101201088
B1452081853200S04154946WA0101201088
B1452121853200S04154946WA0101201087
B1452161853200S04154946WA0101201087
B1452201853200S04154946WA0101201087
B1452241853200S04154946WA0101201087
B1452281853200S04154947WA0101201087
B1452321853200S04154947WA0101201087
B1452361853200S04154947WA0101201087
B1452401853200S04154947WA0101201086
B1452441853200S04154947WA0101201086
B1452481853200S04154947WA0101201086
B1452521853200S04154947WA0101201086
B1452561853200S04154947WA0101201086
B1453001853200S04154947WA0101201085
B1453041853200S04154947WA0101201085
B1453081853200S04154947WA0101201086
B1453121853200S04154947WA0101201086
B1453161853200S04154947WA0101201086
B1453201853200S04154947WA0101201086
B1453241853200S04154947WA0101201086
B1453281853200S04154947WA0101201086
B1453321853200S04154947WA0101201086
B1453361853200S04154947WA0101201086
B1453401853200S04154946WA0101201086
B1453441853200S04154946WA0101201086
B1453481853200S04154946WA0101201086
B1453521853200S04154946WA0101201087
B1453561853200S04154946WA0101201087
B1454001853200S04154946WA0101201087
B1454041853200S04154946WA0101201087
B1454081853200S04154946WA0101201087
B1454121853200S04154946WA0101201088
B1454161853200S04154946WA0101301088
B1454201853200S04154946WA0101201088
B1454241853200S04154946WA0101201089
B1454281853200S04154946WA0101201089
B1454321853200S04154946WA0101201089
B1454361853200S04154946WA0101201089
B1454401853200S04154946WA0101201089
B1454441853200S04154946WA0101201088
B1454481853200S04154946WA0101201088
B1454521853200S04154946WA0101201088
B1454561853200S04154946WA0101201088
B1455001853200S04154946WA0101201088
B1455041853200S04154946WA0101201088
B1455081853200S04154946WA0101201088
B1455121853200S04154946WA0101301088
B1455161853200S04154946WA0101301088
B1455201853200S04154946WA0101301088
B1455241853200S04154946WA0101301087
B1455281853200S04154946WA0101301087
B1455321853200S04154946WA0101301087
B1455361853200S04154946WA0101301087
B1455401853200S04154946WA0101301086
B1455441853200S04154946WA0101201086
B1455481853200S04154946WA0101201085
B1455521853200S04154946WA0101301085
B1455561853200S04154946WA0101301084
B1456001853200S04154946WA0101201084
B1456041853200S04154946WA0101301084
B1456081853200S04154946WA0101301084
B1456121853200S04154946WA0101301084
B1456161853200S04154946WA0101301085
B1456201853200S04154946WA0101301085
B1456241853200S04154946WA0101301085
B1456281853200S04154946WA0101301085
B1456321853200S04154946WA0101301085
B1456361853200S04154946WA0101301086
B1456401853200S04154946WA0101301086
B1456441853200S04154946WA0101301086
B1456481853200S04154946WA0101301087
B1456521853200S04154946WA0101301087
B1456561853200S04154946WA0101301087
B1457001853200S04154946WA0101301087
B1457041853200S04154946WA0101301087
B1457081853200S04154946WA0101301087
B1457121853200S04154946WA0101301088
B1457161853200S04154946WA0101301087
B1457201853200S04154946WA0101301087
B1457241853200S04154946WA0101301087
B1457281853200S04154946WA0101301087
B1457321853200S04154946WA0101301087
B1457361853200S04154946WA0101301087
B1457401853200S04154946WA0101301087
B1457441853200S04154946WA0101301087
B1457481853200S04154946WA0101301087
B1457521853201S04154946WA0101301086
B1457561853201S04154945WA0101301086
B1458001853201S04154945WA0101301086
B1458041853201S04154945WA0101301085
B1458081853201S04154945WA0101301085
B1458121853201S04154945WA0101301085
B1458161853200S04154945WA0101401085
B1458201853200S04154945WA0101401084
B1458241853200S04154945WA0101401084
B1458281853200S04154945WA0101401084
B1458321853200S04154946WA0101401084
B1458361853200S04154946WA0101401084
B1458401853200S04154946WA0101401084
B1458441853200S04154946WA0101401085
B1458481853200S04154946WA0101401085
B1458521853200S04154946WA0101301085
B1458561853200S04154946WA0101401085
B1459001853201S04154946WA0101401085
B1459041853201S04154946WA0101401085
B1459081853201S04154946WA0101401084
B1459121853201S04154946WA0101401084
B1459161853201S04154946WA0101401085
B1459201853201S04154946WA0101401085
B1459241853201S04154946WA0101401085
B1459281853201S04154947WA0101401086
B1459321853201S04154947WA0101401086
B1459361853201S04154947WA0101401086
B1459401853201S04154947WA0101401086
B1459441853201S04154947WA0101401086
B1459481853201S04154947WA0101401086
B1459521853201S04154947WA0101401086
B1459561853201S04154947WA0101401086
B1500001853201S04154947WA0101401086
B1500041853201S04154947WA0101401086
B1500081853201S04154947WA0101401086
B1500121853201S04154947WA0101401086
B1500161853201S04154947WA0101401087
B1500201853201S04154947WA0101401087
B1500241853201S04154947WA0101401086
B1500281853201S04154946WA0101401087
B1500321853201S04154946WA0101401087
B1500361853201S04154946WA0101401087
B1500401853201S04154946WA0101401086
B1500441853201S04154946WA0101401087
B1500481853201S04154946WA0101401087
B1500521853201S04154946WA0101401087
B1500561853201S04154946WA0101401087
B1501001853201S04154946WA0101401087
B1501041853201S04154946WA0101401087
B1501081853201S04154946WA0101401087
B1501121853201S04154946WA0101401086
B1501161853201S04154946WA0101401086
B1501201853201S04154946WA0101401086
B1501241853201S04154946WA0101401086
B1501281853201S04154946WA0101401087
B1501321853201S04154946WA0101401087
B1501361853201S04154946WA0101401087
B1501401853201S04154946WA0101401087
B1501441853200S04154946WA0101401088
B1501481853200S04154946WA0101401088
B1501521853200S04154946WA0101401088
B1501561853200S04154946WA0101401087
B1502001853200S04154946WA0101401087
B1502041853200S04154946WA0101401087
B1502081853200S04154946WA0101401087
B1502121853200S04154946WA0101401087
B1502161853200S04154946WA0101401086
B1502201853200S04154946WA0101401086
B1502241853200S04154946WA0101401086
B1502281853200S04154946WA0101401086
B1502321853200S04154946WA0101401085
B1502361853200S04154945WA0101401085
B1502401853200S04154945WA0101401084
B1502441853200S04154945WA0101401084
B1502481853200S04154945WA0101401083
B1502521853200S04154945WA0101401083
B1502561853200S04154945WA0101401083
B1503001853200S04154945WA0101501082
B1503041853200S04154945WA0101401082
B1503081853200S04154945WA0101501081
B1503121853200S04154945WA0101501081
B1503161853200S04154945WA0101501081
B1503201853200S04154945WA0101501081
B1503241853200S04154945WA0101501081
B1503281853200S04154945WA0101501081
B1503321853200S04154945WA0101501082
B1503361853200S04154945WA0101501082
B1503401853200S04154945WA0101501082
B1503441853200S04154945WA0101501083
B1503481853200S04154945WA0101501083
B1503521853200S04154945WA0101501083
B1503561853200S04154946WA0101501083
B1504001853200S04154946WA0101501083
B1504041853200S04154946WA0101501083
B1504081853200S04154946WA0101501083
B1504121853200S04154946WA0101501082
B1504161853200S04154946WA0101601082
B1504201853200S04154946WA0101501082
B1504241853200S04154946WA0101501082
B1504281853200S04154946WA0101501082
B1504321853200S04154946WA0101401082
B1504361853200S04154946WA0101501082
B1504401853200S04154947WA0101401081
B1504441853200S04154947WA0101501081
B1504481853201S04154947WA0101501081
B1504521853201S04154947WA0101401080
B1504561853201S04154947WA0101501080
B1505001853201S04154947WA0101501080
B1505041853201S04154947WA0101401079
B1505081853201S04154947WA0101501079
B1505121853201S04154947WA0101401078
B1505161853201S04154947WA0101401078
B1505201853201S04154947WA0101501078
B1505241853201S04154947WA0101501078
B1505281853201S04154947WA0101401078
B1505321853201S04154947WA0101501078
B1505361853200S04154947WA0101501078
B1505401853200S04154947WA0101501078
B1505441853200S04154947WA0101501078
B1505481853200S04154947WA0101401079
B1505521853200S04154947WA0101401079
B1505561853200S04154947WA0101501079
B1506001853200S04154947WA0101501080
B1506041853200S04154947WA0101501081
B1506081853200S04154947WA0101501081
B1506121853200S04154947WA0101501081
B1506161853200S04154946WA0101401082
B1506201853200S04154946WA0101501082
B1506241853200S04154946WA0101501082
B1506281853200S04154946WA0101401083
B1506321853200S04154946WA0101401083
B1506361853200S04154946WA0101501084
B1506401853200S04154946WA0101501084
B1506441853200S04154946WA0101401084
B1506481853200S04154946WA0101501084
B1506521853200S04154946WA0101501084
B1506561853200S04154946WA0101501083
B1507001853200S04154945WA0101501083
B1507041853200S04154945WA0101501083
B1507081853200S04154945WA0101501083
B1507121853200S04154945WA0101501083
B1507161853200S04154945WA0101501083
B1507201853200S04154945WA0101501083
B1507241853200S04154945WA0101501083
B1507281853200S04154945WA0101501083
B1507321853200S04154945WA0101501083
B1507361853200S04154945WA0101501084
B1507401853200S04154945WA0101501084
B1507441853200S04154945WA0101501084
B1507481853200S04154945WA0101501084
B1507521853200S04154945WA0101501084
B1507561853201S04154945WA0101501084
B1508001853201S04154945WA0101501084
B1508041853201S04154945WA0101501084
B1508081853201S04154945WA0101501084
B1508121853201S04154945WA0101501084
B1508161853201S04154945WA0101501084
B1508201853201S04154945WA0101501084
B1508241853201S04154945WA0101501084
B1508281853201S04154945WA0101501084
B1508321853201S04154945WA0101501084
B1508361853201S04154945WA0101501084
B1508401853201S04154945WA0101501085
B1508441853201S04154945WA0101501085
B1508481853201S04154945WA0101501085
B1508521853201S04154945WA0101501085
B1508561853201S04154945WA0101501085
B1509001853201S04154945WA0101501085
B1509041853201S04154945WA0101501085
B1509081853201S04154945WA0101501085
B1509121853201S04154945WA0101501085
B1509161853201S04154945WA0101501085
B1509201853201S04154945WA0101501085
B1509241853201S04154945WA0101501085
B1509281853201S04154945WA0101501085
B1509321853201S04154945WA0101501085
B1509361853201S04154945WA0101501085
B1509401853201S04154945WA0101501085
B1509441853200S04154945WA0101601085
B1509481853200S04154945WA0101601085
B1509521853200S04154945WA0101601085
B1509561853200S04154945WA0101601085
B1510001853200S04154945WA0101601085
B1510041853200S04154945WA0101601084
B1510081853200S04154945WA0101601084
B1510121853200S04154945WA0101601084
B1510161853200S04154945WA0101601084
B1510201853200S04154945WA0101501083
B1510241853200S04154945WA0101501084
B1510281853200S04154945WA0101501083
B1510321853201S04154945WA0101501083
B1510361853201S04154945WA0101501083
B1510401853201S04154946WA0101501082
B1510441853201S04154945WA0101501082
B1510481853201S04154945WA0101601082
B1510521853201S04154945WA0101501083
B1510561853201S04154945WA0101501083
B1511001853201S04154945WA0101501083
B1511041853201S04154945WA0101601083
B1511081853201S04154946WA0101601084
B1511121853201S04154946WA0101601084
B1511161853201S04154946WA0101501085
B1511201853201S04154946WA0101501085
B1511241853201S04154946WA0101601086
B1511281853201S04154946WA0101601085
B1511321853201S04154946WA0101601084
B1511361853201S04154946WA0101601083
B1511401853201S04154946WA0101601084
B1511441853201S04154946WA0101601083
B1511481853201S04154946WA0101601082
B1511521853201S04154946WA0101601082
B1511561853201S04154946WA0101601082
B1512001853201S04154947WA0101601082
B1512041853201S04154947WA0101601083
B1512081853201S04154947WA0101601082
B1512121853201S04154947WA0101601081
B1512161853201S04154947WA0101601081
B1512201853201S04154947WA0101601082
B1512241853201S04154947WA0101601082
B1512281853201S04154947WA0101601081
B1512321853201S04154947WA0101601081
B1512361853201S04154947WA0101601081
B1512401853201S04154947WA0101601082
B1512441853201S04154947WA0101601082
B1512481853201S04154947WA0101601083
B1512521853201S04154947WA0101601083
B1512561853201S04154947WA0101601082
B1513001853201S04154947WA0101601083
B1513041853201S04154947WA0101601083
B1513081853200S04154947WA0101601082
B1513121853201S04154947WA0101601081
B1513161853201S04154947WA0101601083
B1513201853201S04154947WA0101601083
B1513241853201S04154947WA0101601083
B1513281853201S04154947WA0101601082
B1513321853201S04154947WA0101601083
B1513361853201S04154947WA0101601083
B1513401853201S04154947WA0101601084
B1513441853201S04154947WA0101601085
B1513481853201S04154947WA0101601086
B1513521853200S04154947WA0101601086
B1513561853200S04154947WA0101601087
B1514001853200S04154947WA0101601087
B1514041853200S04154947WA0101601087
B1514081853200S04154947WA0101601087
B1514121853200S04154947WA0101601087
B1514161853200S04154947WA0101601087
B1514201853200S04154947WA0101601087
B1514241853201S04154947WA0101601085
B1514281853201S04154947WA0101601085
B1514321853201S04154947WA0101601086
B1514361853200S04154947WA0101601085
B1514401853200S04154947WA0101601084
B1514441853200S04154947WA0101601084
B1514481853200S04154947WA0101601084
B1514521853200S04154947WA0101601085
B1514561853200S04154947WA0101601086
B1515001853201S04154947WA0101601085
B1515041853201S04154947WA0101601085
B1515081853201S04154947WA0101601085
B1515121853201S04154947WA0101601083
B1515161853201S04154948WA0101601083
B1515201853201S04154948WA0101601082
B1515241853201S04154948WA0101601081
B1515281853201S04154948WA0101601081
B1515321853201S04154948WA0101601080
B1515361853202S04154948WA0101601079
B1515401853202S04154948WA0101601079
B1515441853202S04154948WA0101601078
B1515481853202S04154948WA0101601078
B1515521853201S04154947WA0101601078
B1515561853201S04154947WA0101601078
B1516001853201S04154947WA0101601078
B1516041853201S04154947WA0101601079
B1516081853201S04154947WA0101601079
B1516121853202S04154947WA0101601080
B1516161853202S04154947WA0101601080
B1516201853202S04154947WA0101601080
B1516241853202S04154947WA0101601081
B1516281853202S04154947WA0101601081
B1516321853202S04154947WA0101601081
B1516361853202S04154947WA0101601080
B1516401853202S04154947WA0101601080
B1516441853202S04154947WA0101601080
B1516481853202S04154947WA0101601080
B1516521853202S04154947WA0101601080
B1516561853202S04154947WA0101601080
B1517001853202S04154947WA0101601080
B1517041853202S04154947WA0101601080
B1517081853202S04154947WA0101601080
B1517121853202S04154947WA0101601081
B1517161853202S04154947WA0101601081
B1517201853202S04154947WA0101601081
B1517241853202S04154947WA0101601081
B1517281853202S04154947WA0101601081
B1517321853202S04154947WA0101601081
B1517361853203S04154947WA0101601081
B1517401853203S04154947WA0101601081
B1517441853203S04154947WA0101601081
B1517481853203S04154947WA0101601081
B1517521853202S04154947WA0101601081
B1517561853202S04154947WA0101601081
B1518001853202S04154947WA0101601081
B1518041853202S04154947WA0101601081
B1518081853202S04154947WA0101601080
B1518121853202S04154947WA0101601080
B1518161853202S04154947WA0101601080
B1518201853202S04154947WA0101601080
B1518241853202S04154947WA0101601080
B1518281853202S04154947WA0101601080
B1518321853202S04154947WA0101601080
B1518361853202S04154947WA0101601080
B1518401853202S04154947WA0101601080
B1518441853202S04154947WA0101601080
B1518481853202S04154947WA0101601080
B1518521853202S04154947WA0101601080
B1518561853202S04154947WA0101701079
B1519001853202S04154947WA0101701080
B1519041853202S04154947WA0101701080
B1519081853202S04154947WA0101701080
B1519121853202S04154947WA0101701080
B1519161853203S04154947WA0101701080
B1519201853203S04154947WA0101701080
B1519241853203S04154947WA0101701081
B1519281853203S04154947WA0101701081
B1519321853203S04154947WA0101701081
B1519361853203S04154947WA0101701081
B1519401853203S04154947WA0101701081
B1519441853203S04154947WA0101701081
B1519481853202S04154947WA0101701081
B1519521853202S04154947WA0101701082
B1519561853202S04154947WA0101701082
B1520001853202S04154946WA0101701082
B1520041853202S04154946WA0101701082
B1520081853202S04154946WA0101701081
B1520121853202S04154946WA0101701080
B1520161853202S04154946WA0101701080
B1520201853202S04154946WA0101701080
B1520241853202S04154946WA0101701079
B1520281853202S04154946WA0101701079
B1520321853202S04154946WA0101701079
B1520361853202S04154946WA0101701080
B1520401853202S04154946WA0101701080
B1520441853202S04154946WA0101701080
B1520481853202S04154946WA0101701080
B1520521853202S04154946WA0101701080
B1520561853202S04154946WA0101701080
B1521001853202S04154946WA0101701080
B1521041853202S04154946WA0101701080
B1521081853202S04154946WA0101701080
B1521121853202S04154946WA0101701079
B1521161853202S04154946WA0101701079
B1521201853202S04154946WA0101701079
B1521241853202S04154946WA0101701079
B1521281853202S04154946WA0101701078
B1521321853202S04154946WA0101701078
B1521361853202S04154946WA0101701078
B1521401853202S04154946WA0101701078
B1521441853202S04154946WA0101701078
B1521481853202S04154946WA0101701078
B1521521853202S04154946WA0101701078
B1521561853202S04154946WA0101701078
B1522001853202S04154946WA0101701079
B1522041853203S04154946WA0101701079
B1522081853203S04154946WA0101701079
B1522121853203S04154946WA0101701079
B1522161853203S04154946WA0101701079
B1522201853203S04154946WA0101701080
B1522241853202S04154946WA0101701080
B1522281853202S04154946WA0101701080
B1522321853202S04154946WA0101701080
B1522361853202S04154946WA0101701080
B1522401853202S04154946WA0101701081
B1522441853202S04154946WA0101701081
B1522481853202S04154946WA0101701081
B1522521853202S04154946WA0101701081
B1522561853202S04154946WA0101701081
B1523001853202S04154947WA0101701081
B1523041853202S04154947WA0101701081
B1523081853202S04154947WA0101701081
B1523121853202S04154947WA0101701081
B1523161853202S04154947WA0101701081
B1523201853202S04154947WA0101701081
B1523241853202S04154947WA0101701081
B1523281853203S04154946WA0101701081
B1523321853203S04154946WA0101701080
B1523361853203S04154946WA0101801080
B1523401853203S04154946WA0101701080
B1523441853203S04154946WA0101701080
B1523481853203S04154946WA0101801080
B1523521853203S04154946WA0101701079
B1523561853203S04154946WA0101701079
B1524001853204S04154946WA0101701079
B1524041853204S04154946WA0101701078
B1524081853203S04154946WA0101701078
B1524121853203S04154946WA0101701077
B1524161853203S04154946WA0101701077
B1524201853203S04154946WA0101701077
B1524241853204S04154945WA0101801077
B1524281853203S04154945WA0101701078
B1524321853203S04154945WA0101701078
B1524361853203S04154946WA0101801078
B1524401853203S04154946WA0101801079
B1524441853203S04154946WA0101801079
B1524481853203S04154946WA0101801079
B1524521853203S04154946WA0101701079
B1524561853203S04154946WA0101801079
B1525001853203S04154946WA0101801079
B1525041853203S04154946WA0101801080
B1525081853203S04154946WA0101801080
B1525121853203S04154946WA0101801080
B1525161853203S04154946WA0101801080
B1525201853203S04154946WA0101801081
B1525241853203S04154946WA0101801080
B1525281853203S04154946WA0101801081
B1525321853203S04154946WA0101801081
B1525361853203S04154946WA0101801081
B1525401853202S04154946WA0101801081
B1525441853202S04154946WA0101801080
B1525481853202S04154946WA0101801080
B1525521853202S04154945WA0101801080
B1525561853202S04154945WA0101801080
B1526001853201S04154945WA0101801081
B1526041853202S04154945WA0101801080
B1526081853201S04154945WA0101801080
B1526121853202S04154945WA0101801080
B1526161853202S04154945WA0101801081
B1526201853202S04154945WA0101801081
B1526241853202S04154945WA0101801081
B1526281853202S04154946WA0101801081
B1526321853202S04154946WA0101801082
B1526361853202S04154946WA0101801081
B1526401853203S04154946WA0101801082
B1526441853203S04154946WA0101801081
B1526481853203S04154946WA0101801081
B1526521853202S04154946WA0101801081
B1526561853202S04154946WA0101801081
B1527001853202S04154945WA0101801082
B1527041853202S04154946WA0101801082
B1527081853202S04154945WA0101801081
B1527121853202S04154945WA0101801081
B1527161853202S04154945WA0101801081
B1527201853202S04154946WA0101801081
B1527241853202S04154945WA0101801081
B1527281853202S04154945WA0101801081
B1527321853202S04154945WA0101801082
B1527361853202S04154945WA0101801082
B1527401853202S04154945WA0101801082
B1527441853202S04154945WA0101801082
B1527481853202S04154945WA0101801082
B1527521853202S04154945WA0101801082
B1527561853201S04154945WA0101801081
B1528001853201S04154946WA0101801080
B1528041853201S04154946WA0101801080
B1528081853201S04154946WA0101801080
B1528121853201S04154946WA0101801080
B1528161853201S04154946WA0101801081
B1528201853202S04154945WA0101801080
B1528241853201S04154943WA0101801080
B1528281853200S04154940WA0101901081
B1528321853199S04154939WA0101801081
B1528361853198S04154937WA0101801080
B1528401853196S04154935WA0101801079
B1528441853194S04154932WA0101701079
B1528481853193S04154931WA0101701077
B1528521853194S04154929WA0101601075
B1528561853194S04154926WA0101601074
B1529001853194S04154924WA0101501074
B1529041853194S04154921WA0101501074
B1529081853193S04154919WA0101501075
B1529121853193S04154919WA0101501076
B1529161853193S04154919WA0101501076
B1529201853193S04154919WA0101501077
B1529241853193S04154919WA0101501077
B1529281853193S04154919WA0101501078
B1529321853193S04154919WA0101501078
B1529361853192S04154919WA0101501078
B1529401853192S04154918WA0101501078
B1529441853192S04154918WA0101401077
B1529481853192S04154918WA0101501079
B1529521853191S04154918WA0101401079
B1529561853191S04154919WA0101501079
B1530001853190S04154919WA0101501080
B1530041853190S04154919WA0101401080
B1530081853189S04154920WA0101401080
B1530121853189S04154920WA0101401080
B1530161853189S04154919WA0101401079
B1530201853189S04154919WA0101401079
B1530241853189S04154919WA0101401079
B1530281853189S04154919WA0101401079
B1530321853189S04154919WA0101401080
B1530361853189S04154919WA0101401080
B1530401853189S04154919WA0101401079
B1530441853189S04154919WA0101401080
B1530481853189S04154919WA0101401080
B1530521853189S04154920WA0101401080
B1530561853189S04154920WA0101401080
B1531001853188S04154919WA0101301080
B1531041853188S04154919WA0101301080
B1531081853188S04154919WA0101301080
B1531121853188S04154919WA0101301080
B1531161853188S04154919WA0101301080
B1531201853188S04154919WA0101301080
B1531241853188S04154919WA0101401080
B1531281853188S04154919WA0101301080
B1531321853188S04154919WA0101401079
B1531361853188S04154919WA0101401079
B1531401853188S04154919WA0101401079
B1531441853188S04154919WA0101401078
B1531481853188S04154919WA0101401078
B1531521853187S04154919WA0101401078
B1531561853187S04154919WA0101401078
B1532001853186S04154919WA0101301076
B1532041853185S04154917WA0101201076
B1532081853170S04154916WA0100501068
B1532121853153S04154914WA0100301069
B1532161853136S04154913WA0099701062
B1532201853119S04154919WA0099401058
B1532241853103S04154934WA0098801053
B1532281853091S04154950WA0098901053
B1532321853078S04154966WA0098701050
B1532361853065S04154984WA0098701052
B1532401853053S04155001WA0098201047
B1532441853044S04155023WA0097401039
B1532481853030S04155043WA0097101037
B1532521853018S04155057WA0097801045
B1532561853003S04155074WA0098101048
B1533001852996S04155093WA0099301059
B1533041852995S04155114WA0100501072
B1533081853013S04155131WA0101401081
B1533121853028S04155115WA0102401092
B1533161853016S04155100WA0103301103
B1533201852997S04155113WA0104201111
B1533241852998S04155138WA0105301122
B1533281853020S04155152WA0106101131
B1533321853040S04155138WA0107101141
B1533361853049S04155118WA0108301154
B1533401853041S04155102WA0109201163
B1533441853020S04155106WA0110301175
B1533481853022S04155129WA0111601188
B1533521853045S04155139WA0112601198
B1533561853061S04155124WA0113501208
B1534001853054S04155104WA0114301216
B1534041853034S04155099WA0115501229
B1534081853014S04155114WA0116401238
B1534121853016S04155137WA0117201246
B1534161853037S04155152WA0117701252
B1534201853055S04155140WA0118301258
B1534241853059S04155119WA0119201267
B1534281853060S04155097WA0120001275
B1534321853045S04155081WA0121101286
B1534361853020S04155089WA0121801294
B1534401853016S04155109WA0123301309
B1534441853032S04155124WA0123001306
B1534481853046S04155151WA0122701303
B1534521853049S04155178WA0123201308
B1534561853058S04155201WA0122901306
B1535001853069S04155227WA0122801304
B1535041853087S04155248WA0121701292
B1535081853106S04155269WA0121201286
B1535121853130S04155291WA0120201276
B1535161853158S04155312WA0119801272
B1535201853186S04155333WA0118901264
B1535241853207S04155352WA0118801261
B1535281853234S04155368WA0118001254
B1535321853260S04155379WA0117401247
B1535361853288S04155387WA0116701239
B1535401853321S04155394WA0115601228
B1535441853355S04155402WA0115801230
B1535481853383S04155408WA0116501237
B1535521853416S04155412WA0117001242
B1535561853443S04155402WA0118501256
B1536001853445S04155380WA0119801271
B1536041853429S04155387WA0120601280
B1536081853431S04155411WA0121501290
B1536121853450S04155428WA0122801303
B1536161853482S04155433WA0123501312
B1536201853510S04155418WA0124701324
B1536241853518S04155391WA0125901337
B1536281853508S04155377WA0127201349
B1536321853497S04155387WA0128601366
B1536361853509S04155408WA0129501374
B1536401853535S04155425WA0130401384
B1536441853561S04155438WA0131701397
B1536481853584S04155451WA0132601407
B1536521853608S04155432WA0132901410
B1536561853600S04155411WA0133501416
B1537001853586S04155419WA0134101423
B1537041853577S04155431WA0135101434
B1537081853562S04155429WA0135701441
B1537121853545S04155428WA0136301448
B1537161853537S04155438WA0137201457
B1537201853547S04155461WA0137701462
B1537241853568S04155472WA0138401468
B1537281853595S04155454WA0138901474
B1537321853590S04155433WA0139601480
B1537361853574S04155436WA0139901483
B1537401853565S04155448WA0140501491
B1537441853557S04155463WA0140901494
B1537481853559S04155485WA0141201498
B1537521853555S04155504WA0141801505
B1537561853546S04155521WA0142201508
B1538001853530S04155523WA0142401511
B1538041853516S04155514WA0142601513
B1538081853505S04155497WA0142601514
B1538121853497S04155475WA0142901517
B1538161853485S04155462WA0143201520
B1538201853473S04155473WA0143101519
B1538241853482S04155496WA0143101519
B1538281853504S04155514WA0143201519
B1538321853521S04155536WA0143001518
B1538361853525S04155560WA0143001518
B1538401853519S04155580WA0143001517
B1538441853509S04155598WA0142901516
B1538481853496S04155615WA0142701514
B1538521853490S04155635WA0142601513
B1538561853490S04155658WA0142201509
B1539001853489S04155682WA0142001506
B1539041853482S04155704WA0141801504
B1539081853470S04155724WA0141601503
B1539121853453S04155737WA0141401501
B1539161853433S04155734WA0141301499
B1539201853420S04155716WA0140901496
B1539241853424S04155691WA0140601492
B1539281853441S04155671WA0140201488
B1539321853462S04155651WA0139701483
B1539361853483S04155632WA0139301479
B1539401853502S04155611WA0139001475
B1539441853514S04155586WA0138501470
B1539481853529S04155560WA0138101465
B1539521853544S04155536WA0137801462
B1539561853554S04155511WA0137401458
B1540001853563S04155484WA0137201456
B1540041853570S04155457WA0136901453
B1540081853573S04155430WA0136901453
B1540121853572S04155403WA0136901453
B1540161853567S04155378WA0136901452
B1540201853563S04155353WA0136801451
B1540241853556S04155329WA0136701450
B1540281853550S04155304WA0136501449
B1540321853552S04155276WA0136201445
B1540361853576S04155259WA0135801440
B1540401853602S04155270WA0135301434
B1540441853620S04155290WA0135101432
B1540481853632S04155313WA0135901440
B1540521853636S04155335WA0136201444
B1540561853639S04155356WA0136101443
B1541001853635S04155377WA0135801440
B1541041853620S04155387WA0135601438
B1541081853602S04155383WA0135401437
B1541121853585S04155380WA0135301436
B1541161853568S04155372WA0134801431
B1541201853554S04155355WA0134401427
B1541241853544S04155331WA0133801421
B1541281853534S04155311WA0133501419
B1541321853523S04155291WA0133101415
B1541361853515S04155272WA0133001413
B1541401853504S04155253WA0132401408
B1541441853488S04155241WA0132001403
B1541481853472S04155227WA0130901393
B1541521853461S04155207WA0130501388
B1541561853450S04155192WA0130301385
B1542001853436S04155174WA0130401386
B1542041853425S04155157WA0130201383
B1542081853411S04155134WA0129901380
B1542121853399S04155111WA0130801390
B1542161853381S04155110WA0131201394
B1542201853371S04155127WA0131901401
B1542241853367S04155143WA0132401406
B1542281853386S04155157WA0132501408
B1542321853411S04155151WA0133101414
B1542361853434S04155134WA0133301416
B1542401853438S04155106WA0133601420
B1542441853428S04155085WA0134101424
B1542481853410S04155066WA0134101425
B1542521853396S04155048WA0135001435
B1542561853378S04155052WA0134801434
B1543001853375S04155071WA0134901435
B1543041853380S04155093WA0134901435
B1543081853392S04155112WA0135201438
B1543121853409S04155127WA0135001436
B1543161853426S04155143WA0134901434
B1543201853447S04155154WA0135001435
B1543241853475S04155152WA0134801433
B1543281853500S04155138WA0134601430
B1543321853518S04155107WA0134501430
B1543361853516S04155081WA0134701432
B1543401853505S04155050WA0134101426
B1543441853500S04155020WA0134601432
B1543481853487S04154997WA0134901434
B1543521853468S04154984WA0135101436
B1543561853449S04154973WA0135601441
B1544001853431S04154966WA0135901446
B1544041853411S04154960WA0135901445
B1544081853394S04154953WA0136301449
B1544121853378S04154949WA0135601442
B1544161853363S04154958WA0135301440
B1544201853358S04154975WA0134801435
B1544241853360S04154996WA0134401431
B1544281853361S04155016WA0133901425
B1544321853361S04155041WA0133901425
B1544361853360S04155067WA0134001427
B1544401853348S04155085WA0134301430
B1544441853332S04155094WA0133901427
B1544481853308S04155095WA0133601423
B1544521853298S04155102WA0134401430
B1544561853282S04155114WA0133501422
B1545001853267S04155117WA0134501431
B1545041853262S04155136WA0135001437
B1545081853279S04155151WA0135901445
B1545121853307S04155155WA0135901446
B1545161853323S04155137WA0135201439
B1545201853329S04155105WA0133901427
B1545241853315S04155087WA0133701424
B1545281853295S04155066WA0133601423
B1545321853279S04155058WA0135201439
B1545361853263S04155049WA0136401452
B1545401853248S04155038WA0137401462
B1545441853230S04155028WA0138001470
B1545481853216S04155015WA0138801476
B1545521853199S04155005WA0139101480
B1545561853181S04154998WA0139301482
B1546001853163S04154994WA0139301482
B1546041853144S04154986WA0139601485
B1546081853130S04154985WA0139701486
B1546121853119S04154996WA0139301483
B1546161853108S04155008WA0139401485
B1546201853095S04155016WA0139801488
B1546241853084S04155031WA0139301484
B1546281853071S04155044WA0139201482
B1546321853056S04155055WA0138801477
B1546361853041S04155071WA0138101470
B1546401853021S04155079WA0137501464
B1546441852999S04155088WA0137001460
B1546481852979S04155094WA0136801457
B1546521852958S04155096WA0136301452
B1546561852937S04155093WA0135701445
B1547001852915S04155086WA0135201440
B1547041852899S04155074WA0134801435
B1547081852890S04155053WA0134501433
B1547121852892S04155033WA0135201439
B1547161852894S04155010WA0135101437
B1547201852890S04154987WA0135501442
B1547241852874S04154975WA0135801444
B1547281852852S04154974WA0136201448
B1547321852832S04154989WA0136101446
B1547361852821S04155014WA0136301448
B1547401852829S04155039WA0136101446
B1547441852849S04155054WA0135801443
B1547481852877S04155050WA0135901445
B1547521852895S04155038WA0137001455
B1547561852908S04155018WA0137301458
B1548001852914S04154995WA0137701462
B1548041852914S04154976WA0138101465
B1548081852902S04154958WA0138201466
B1548121852882S04154947WA0138401468
B1548161852861S04154960WA0137801461
B1548201852854S04154983WA0137201455
B1548241852859S04155006WA0137701461
B1548281852873S04155027WA0137701462
B1548321852891S04155044WA0138501470
B1548361852901S04155071WA0138001465
B1548401852907S04155099WA0138401469
B1548441852913S04155127WA0139001476
B1548481852915S04155156WA0139501481
B1548521852920S04155183WA0139701484
B1548561852928S04155208WA0139601482
B1549001852939S04155234WA0139201478
B1549041852952S04155260WA0138801474
B1549081852966S04155286WA0138601472
B1549121852978S04155311WA0138101466
B1549161852988S04155337WA0137501460
B1549201852995S04155364WA0137101456
B1549241852993S04155390WA0136801452
B1549281852990S04155416WA0136301447
B1549321852985S04155443WA0135701442
B1549361852976S04155467WA0135201437
B1549401852956S04155478WA0134501430
B1549441852936S04155486WA0134101425
B1549481852913S04155494WA0133301417
B1549521852894S04155502WA0133201415
B1549561852872S04155499WA0132401407
B1550001852854S04155485WA0131801400
B1550041852836S04155468WA0131101392
B1550081852819S04155450WA0130301384
B1550121852798S04155434WA0129801378
B1550161852780S04155419WA0129301373
B1550201852762S04155404WA0129001369
B1550241852742S04155406WA0128401363
B1550281852719S04155412WA0127901358
B1550321852696S04155419WA0127301352
B1550361852674S04155425WA0126901348
B1550401852651S04155430WA0126301342
B1550441852628S04155433WA0125801336
B1550481852605S04155432WA0125301330
B1550521852582S04155430WA0124701325
B1550561852564S04155417WA0124201320
B1551001852563S04155396WA0123801314
B1551041852571S04155374WA0123401310
B1551081852585S04155355WA0122501302
B1551121852602S04155339WA0121901296
B1551161852622S04155323WA0121101287
B1551201852643S04155309WA0120401281
B1551241852664S04155293WA0119801274
B1551281852682S04155277WA0119401269
B1551321852704S04155261WA0118601261
B1551361852723S04155243WA0118001254
B1551401852741S04155223WA0117601249
B1551441852758S04155202WA0117001242
B1551481852773S04155181WA0116501237
B1551521852785S04155158WA0116401236
B1551561852796S04155135WA0116501237
B1552001852806S04155113WA0116801239
B1552041852810S04155089WA0116501237
B1552081852803S04155067WA0116401235
B1552121852788S04155049WA0116001232
B1552161852770S04155034WA0116301234
B1552201852754S04155023WA0117001241
B1552241852737S04155028WA0117701248
B1552281852726S04155048WA0118201255
B1552321852728S04155071WA0118701260
B1552361852747S04155086WA0118901262
B1552401852772S04155083WA0118901262
B1552441852795S04155066WA0118601259
B1552481852802S04155041WA0118201254
B1552521852799S04155016WA0118401257
B1552561852797S04154995WA0119001262
B1553001852790S04154976WA0119401266
B1553041852783S04154960WA0119501266
B1553081852763S04154947WA0119701269
B1553121852750S04154935WA0120101273
B1553161852731S04154936WA0119901272
B1553201852715S04154939WA0120401277
B1553241852699S04154945WA0120201275
B1553281852681S04154955WA0120201276
B1553321852664S04154962WA0120201276
B1553361852648S04154969WA0120401278
B1553401852640S04154988WA0120201275
B1553441852636S04155012WA0120001274
B1553481852643S04155038WA0120001273
B1553521852661S04155059WA0120101274
B1553561852688S04155073WA0120201274
B1554001852714S04155071WA0120201274
B1554041852739S04155061WA0120401277
B1554081852760S04155050WA0120601279
B1554121852772S04155029WA0120001273
B1554161852780S04155007WA0120301275
B1554201852784S04154984WA0120901282
B1554241852778S04154963WA0121901292
B1554281852761S04154960WA0122501299
B1554321852748S04154975WA0122901304
B1554361852751S04155001WA0123101306
B1554401852772S04155019WA0123101307
B1554441852795S04155017WA0124101315
B1554481852815S04154998WA0123901313
B1554521852825S04154975WA0124801322
B1554561852817S04154959WA0125401327
B1555001852799S04154963WA0125701331
B1555041852794S04154985WA0126301337
B1555081852798S04155007WA0127101347
B1555121852816S04155031WA0127701354
B1555161852839S04155028WA0128501361
B1555201852856S04155008WA0128401362
B1555241852855S04154987WA0129301370
B1555281852841S04154972WA0129701375
B1555321852821S04154962WA0130401381
B1555361852805S04154970WA0130301380
B1555401852804S04154998WA0130601383
B1555441852812S04155021WA0131401391
B1555481852833S04155039WA0131301390
B1555521852858S04155039WA0131301390
B1555561852879S04155021WA0131801396
B1556001852888S04155000WA0132901407
B1556041852892S04154976WA0133901418
B1556081852880S04154963WA0134301421
B1556121852862S04154968WA0134501423
B1556161852845S04154988WA0134201421
B1556201852841S04155013WA0135001429
B1556241852844S04155042WA0135301433
B1556281852853S04155068WA0136101440
B1556321852869S04155089WA0135701436
B1556361852890S04155098WA0135801436
B1556401852916S04155094WA0135101429
B1556441852936S04155081WA0135401432
B1556481852952S04155063WA0135601433
B1556521852964S04155042WA0135801436
B1556561852971S04155017WA0136401442
B1557001852981S04154990WA0137001447
B1557041852984S04154970WA0138201460
B1557081852969S04154951WA0138101459
B1557121852958S04154936WA0138101459
B1557161852942S04154924WA0137901457
B1557201852929S04154910WA0137701454
B1557241852913S04154906WA0138001456
B1557281852894S04154904WA0138201460
B1557321852876S04154905WA0138201460
B1557361852859S04154922WA0138301463
B1557401852850S04154940WA0138301463
B1557441852839S04154963WA0138001461
B1557481852828S04154984WA0137801460
B1557521852819S04155005WA0137701458
B1557561852820S04155030WA0136801449
B1558001852818S04155058WA0136801450
B1558041852815S04155081WA0137101452
B1558081852830S04155103WA0137401455
B1558121852854S04155103WA0137501456
B1558161852874S04155091WA0137801459
B1558201852884S04155072WA0137601458
B1558241852894S04155052WA0137601457
B1558281852901S04155029WA0137101452
B1558321852907S04155007WA0137001451
B1558361852913S04154985WA0137001450
B1558401852917S04154963WA0137201452
B1558441852921S04154940WA0137201452
B1558481852924S04154916WA0137201452
B1558521852929S04154893WA0137301452
B1558561852915S04154881WA0136501444
B1559001852899S04154888WA0136401442
B1559041852886S04154907WA0135701435
B1559081852873S04154925WA0135501433
B1559121852867S04154947WA0135401432
B1559161852865S04154967WA0134901428
B1559201852872S04154992WA0134601425
B1559241852887S04155015WA0133901418
B1559281852906S04155039WA0133701416
B1559321852926S04155061WA0133401413
B1559361852950S04155078WA0133401413
B1559401852972S04155099WA0132901409
B1559441852996S04155111WA0133401412
B1559481853023S04155105WA0133501413
B1559521853047S04155091WA0133601416
B1559561853066S04155072WA0133801418
B1600001853075S04155050WA0134101421
B1600041853087S04155029WA0134601426
B1600081853095S04155006WA0135101431
B1600121853108S04154983WA0135601436
B1600161853119S04154959WA0136101441
B1600201853122S04154935WA0137301454
B1600241853122S04154917WA0137701457
B1600281853113S04154899WA0138101462
B1600321853098S04154890WA0138401464
B1600361853078S04154885WA0138801468
B1600401853060S04154884WA0139301473
B1600441853042S04154877WA0139701477
B1600481853027S04154867WA0140001479
B1600521853009S04154863WA0140101482
B1600561852992S04154856WA0140301484
B1601001852974S04154842WA0140501486
B1601041852958S04154825WA0140101480
B1601081852958S04154796WA0139501473
B1601121852968S04154767WA0138801466
B1601161852983S04154739WA0138201461
B1601201853003S04154715WA0137801457
B1601241853023S04154692WA0137201451
B1601281853043S04154672WA0136601445
B1601321853068S04154667WA0135801437
B1601361853086S04154685WA0134901427
B1601401853086S04154709WA0134001418
B1601441853078S04154729WA0133501412
B1601481853064S04154744WA0132701405
B1601521853048S04154754WA0132501402
B1601561853031S04154764WA0131701395
B1602001853014S04154773WA0131101390
B1602041852995S04154780WA0130301381
B1602081852976S04154776WA0129401372
B1602121852959S04154778WA0128701364
B1602161852946S04154793WA0127801355
B1602201852942S04154812WA0127001346
B1602241852940S04154834WA0126401341
B1602281852937S04154852WA0126301339
B1602321852931S04154873WA0125901335
B1602361852928S04154890WA0126101337
B1602401852926S04154909WA0126001336
B1602441852929S04154932WA0125101327
B1602481852935S04154957WA0125001326
B1602521852943S04154983WA0124601323
B1602561852949S04155005WA0125001327
B1603001852964S04155028WA0124601323
B1603041852989S04155038WA0124801325
B1603081853014S04155032WA0125301330
B1603121853026S04155010WA0125401329
B1603161853032S04154988WA0126101338
B1603201853027S04154971WA0126401340
B1603241853012S04154971WA0126601342
B1603281853002S04154989WA0126401341
B1603321852996S04155015WA0127001347
B1603361853000S04155040WA0126901346
B1603401853017S04155063WA0127201349
B1603441853044S04155068WA0128001356
B1603481853069S04155057WA0128101357
B1603521853087S04155038WA0128101357
B1603561853104S04155015WA0127801354
B1604001853121S04154993WA0128101356
B1604041853140S04154969WA0128501362
B1604081853157S04154944WA0128901367
B1604121853171S04154922WA0130201380
B1604161853169S04154899WA0130701384
B1604201853155S04154881WA0131601394
B1604241853137S04154885WA0132301401
B1604281853129S04154904WA0132701405
B1604321853141S04154927WA0133101409
B1604361853167S04154934WA0133501413
B1604401853197S04154925WA0134001419
B1604441853216S04154906WA0134801427
B1604481853227S04154878WA0135301432
B1604521853224S04154854WA0136501444
B1604561853217S04154830WA0137301453
B1605001853206S04154813WA0138001461
B1605041853193S04154802WA0138201462
B1605081853178S04154794WA0137901459
B1605121853163S04154800WA0137401454
B1605161853152S04154808WA0137101450
B1605201853141S04154822WA0136101441
B1605241853129S04154833WA0135701437
B1605281853118S04154847WA0135201432
B1605321853108S04154863WA0134801428
B1605361853094S04154875WA0134401424
B1605401853086S04154891WA0133901418
B1605441853083S04154912WA0133801418
B1605481853076S04154929WA0134601426
B1605521853068S04154946WA0135201433
B1605561853063S04154967WA0135501435
B1606001853065S04154990WA0135801440
B1606041853066S04155016WA0135801440
B1606081853074S04155041WA0135801439
B1606121853085S04155066WA0135901440
B1606161853092S04155087WA0135601437
B1606201853106S04155110WA0134901429
B1606241853128S04155126WA0134401424
B1606281853155S04155140WA0133901419
B1606321853182S04155147WA0133401414
B1606361853213S04155155WA0133401414
B1606401853241S04155165WA0133201412
B1606441853268S04155166WA0133501415
B1606481853296S04155155WA0132801407
B1606521853321S04155139WA0132601405
B1606561853344S04155117WA0131901398
B1607001853361S04155093WA0131201392
B1607041853377S04155068WA0130901388
B1607081853390S04155042WA0130301382
B1607121853404S04155012WA0129901378
B1607161853416S04154983WA0129801377
B1607201853428S04154955WA0129601374
B1607241853441S04154925WA0129601375
B1607281853454S04154899WA0129901377
B1607321853468S04154872WA0129901378
B1607361853483S04154853WA0130201381
B1607401853500S04154829WA0130001379
B1607441853512S04154805WA0130201381
B1607481853523S04154781WA0130101381
B1607521853533S04154757WA0130001380
B1607561853535S04154734WA0129801377
B1608001853523S04154722WA0129601374
B1608041853507S04154724WA0129101370
B1608081853491S04154732WA0128901367
B1608121853474S04154742WA0128501363
B1608161853457S04154748WA0128301361
B1608201853439S04154757WA0128001358
B1608241853422S04154766WA0127701355
B1608281853406S04154776WA0127401352
B1608321853387S04154782WA0127101348
B1608361853368S04154783WA0126801344
B1608401853349S04154780WA0126601342
B1608441853330S04154775WA0126301338
B1608481853313S04154771WA0126401339
B1608521853297S04154768WA0126601340
B1608561853280S04154770WA0126501340
B1609001853263S04154772WA0126601340
B1609041853250S04154775WA0126901343
B1609081853234S04154779WA0126901343
B1609121853221S04154784WA0127301347
B1609161853206S04154789WA0127001345
B1609201853188S04154786WA0127501350
B1609241853170S04154786WA0127401350
B1609281853157S04154797WA0127401351
B1609321853151S04154816WA0127701355
B1609361853161S04154832WA0128601362
B1609401853191S04154832WA0129101368
B1609441853209S04154814WA0129901377
B1609481853209S04154781WA0130301381
B1609521853199S04154763WA0130901386
B1609561853178S04154758WA0130801385
B1610001853162S04154766WA0130701384
B1610041853147S04154780WA0130701384
B1610081853147S04154798WA0131301390
B1610121853161S04154816WA0131801395
B1610161853188S04154817WA0131901398
B1610201853209S04154799WA0133001409
B1610241853223S04154774WA0133601415
B1610281853213S04154744WA0133701416
B1610321853195S04154730WA0134601424
B1610361853178S04154734WA0134401423
B1610401853170S04154750WA0134501425
B1610441853171S04154768WA0134601426
B1610481853185S04154783WA0134701426
B1610521853208S04154785WA0135201431
B1610561853232S04154765WA0135101431
B1611001853247S04154739WA0135801437
B1611041853255S04154710WA0136101440
B1611081853249S04154683WA0136401442
B1611121853232S04154667WA0136101440
B1611161853214S04154672WA0135901436
B1611201853201S04154686WA0135401432
B1611241853188S04154701WA0135201430
B1611281853177S04154718WA0134901428
B1611321853174S04154736WA0135201431
B1611361853172S04154759WA0135001429
B1611401853163S04154777WA0135301432
B1611441853163S04154800WA0135601436
B1611481853166S04154822WA0136001441
B1611521853182S04154843WA0136601448
B1611561853203S04154852WA0136801450
B1612001853226S04154842WA0136701448
B1612041853240S04154819WA0136301445
B1612081853241S04154793WA0136601448
B1612121853224S04154778WA0136901451
B1612161853204S04154781WA0137501457
B1612201853194S04154792WA0138201465
B1612241853198S04154812WA0138601468
B1612281853219S04154822WA0138801470
B1612321853242S04154815WA0138401465
B1612361853264S04154797WA0138001461
B1612401853276S04154772WA0138001461
B1612441853276S04154744WA0138301464
B1612481853264S04154723WA0138801468
B1612521853247S04154712WA0139001470
B1612561853230S04154710WA0138701468
B1613001853213S04154714WA0138601467
B1613041853199S04154728WA0138001462
B1613081853193S04154750WA0137901461
B1613121853191S04154773WA0138201464
B1613161853189S04154792WA0138801471
B1613201853190S04154810WA0138501468
B1613241853187S04154830WA0138701471
B1613281853181S04154850WA0138801471
B1613321853177S04154871WA0139501477
B1613361853193S04154885WA0139401477
B1613401853217S04154876WA0139401476
B1613441853223S04154851WA0139301474
B1613481853210S04154831WA0139501477
B1613521853188S04154828WA0139701478
B1613561853168S04154837WA0140101483
B1614001853158S04154853WA0140801490
B1614041853157S04154875WA0140601488
B1614081853153S04154899WA0140601488
B1614121853142S04154919WA0140501487
B1614161853131S04154939WA0140701488
B1614201853123S04154957WA0140401485
B1614241853135S04154978WA0139901480
B1614281853159S04154986WA0139401475
B1614321853185S04154973WA0139001471
B1614361853205S04154954WA0138701468
B1614401853223S04154929WA0138201462
B1614441853238S04154902WA0137801460
B1614481853250S04154877WA0138201463
B1614521853257S04154849WA0138201463
B1614561853266S04154825WA0138501466
B1615001853264S04154797WA0138801469
B1615041853255S04154778WA0139101471
B1615081853235S04154770WA0139301473
B1615121853218S04154774WA0139501475
B1615161853200S04154788WA0139401475
B1615201853188S04154805WA0139901480
B1615241853178S04154824WA0140101481
B1615281853183S04154848WA0140001481
B1615321853194S04154867WA0140601487
B1615361853214S04154879WA0140301483
B1615401853239S04154880WA0140401484
B1615441853265S04154871WA0140001481
B1615481853287S04154855WA0140201482
B1615521853307S04154835WA0140201482
B1615561853324S04154814WA0140301484
B1616001853326S04154789WA0140501486
B1616041853317S04154770WA0140901490
B1616081853297S04154768WA0140901489
B1616121853278S04154771WA0140901489
B1616161853259S04154781WA0141201492
B1616201853242S04154797WA0141001492
B1616241853224S04154810WA0141501498
B1616281853208S04154821WA0141801500
B1616321853194S04154836WA0141801500
B1616361853177S04154849WA0141801500
B1616401853165S04154866WA0141901501
B1616441853162S04154888WA0141701498
B1616481853165S04154912WA0141901500
B1616521853175S04154934WA0142101501
B1616561853193S04154949WA0142101502
B1617001853219S04154946WA0142001500
B1617041853237S04154924WA0141601496
B1617081853244S04154893WA0140601487
B1617121853250S04154863WA0140401486
B1617161853248S04154835WA0140101484
B1617201853242S04154807WA0139901482
B1617241853231S04154782WA0139901481
B1617281853218S04154760WA0140101484
B1617321853201S04154748WA0140501486
B1617361853181S04154741WA0140901491
B1617401853160S04154738WA0141301494
B1617441853143S04154741WA0141701499
B1617481853129S04154757WA0141401497
B1617521853137S04154782WA0141701499
B1617561853153S04154805WA0141901502
B1618001853172S04154826WA0142701510
B1618041853190S04154842WA0143001513
B1618081853207S04154861WA0143301515
B1618121853229S04154871WA0142901511
B1618161853256S04154874WA0142901510
B1618201853282S04154871WA0142801510
B1618241853309S04154860WA0143001511
B1618281853325S04154837WA0142701508
B1618321853325S04154809WA0142401506
B1618361853309S04154794WA0142301503
B1618401853289S04154790WA0142201502
B1618441853271S04154796WA0142301504
B1618481853258S04154814WA0142201503
B1618521853257S04154837WA0142501506
B1618561853269S04154857WA0142401505
B1619001853292S04154867WA0142301504
B1619041853318S04154863WA0142301504
B1619081853344S04154853WA0142401505
B1619121853363S04154832WA0142401505
B1619161853374S04154807WA0142401506
B1619201853371S04154780WA0142201504
B1619241853359S04154764WA0142401506
B1619281853339S04154760WA0142001502
B1619321853320S04154766WA0142501507
B1619361853306S04154780WA0142801511
B1619401853303S04154801WA0143001513
B1619441853312S04154823WA0142601509
B1619481853327S04154840WA0142901510
B1619521853350S04154852WA0142501506
B1619561853373S04154859WA0142401506
B1620001853402S04154853WA0142101503
B1620041853428S04154842WA0141801499
B1620081853452S04154818WA0141601498
B1620121853468S04154795WA0141801500
B1620161853471S04154766WA0141401496
B1620201853458S04154745WA0141101493
B1620241853440S04154737WA0141001491
B1620281853419S04154734WA0141201493
B1620321853400S04154732WA0141401495
B1620361853378S04154730WA0141501496
B1620401853357S04154722WA0141601497
B1620441853339S04154712WA0141701498
B1620481853321S04154697WA0142001502
B1620521853305S04154700WA0142601507
B1620561853303S04154723WA0142501507
B1621001853320S04154742WA0142901511
B1621041853331S04154760WA0143001512
B1621081853335S04154781WA0142601508
B1621121853361S04154788WA0141901500
B1621161853381S04154769WA0141801500
B1621201853388S04154742WA0141501497
B1621241853396S04154715WA0141201493
B1621281853397S04154686WA0140901491
B1621321853385S04154663WA0140901491
B1621361853368S04154647WA0141101493
B1621401853350S04154641WA0141101493
B1621441853333S04154649WA0140901491
B1621481853322S04154666WA0140901492
B1621521853318S04154688WA0141101493
B1621561853327S04154709WA0141501496
B1622001853347S04154727WA0141301495
B1622041853369S04154739WA0141201494
B1622081853394S04154744WA0140601487
B1622121853421S04154741WA0140401485
B1622161853443S04154724WA0139901481
B1622201853458S04154699WA0140001481
B1622241853462S04154672WA0139601478
B1622281853453S04154646WA0139601476
B1622321853436S04154634WA0139201471
B1622361853418S04154625WA0139401473
B1622401853400S04154623WA0139101469
B1622441853382S04154627WA0139201470
B1622481853367S04154640WA0139101470
B1622521853362S04154657WA0139301472
B1622561853380S04154676WA0138701467
B1623001853405S04154678WA0138801467
B1623041853429S04154662WA0137801457
B1623081853440S04154637WA0137601455
B1623121853436S04154607WA0137001449
B1623161853424S04154586WA0137101448
B1623201853405S04154577WA0136701444
B1623241853385S04154582WA0136001437
B1623281853368S04154597WA0135301431
B1623321853356S04154615WA0134901427
B1623361853353S04154639WA0134601424
B1623401853368S04154658WA0134001417
B1623441853395S04154670WA0133401412
B1623481853422S04154677WA0132401402
B1623521853449S04154690WA0132001398
B1623561853473S04154700WA0132001398
B1624001853502S04154711WA0131501393
B1624041853529S04154722WA0131401392
B1624081853556S04154733WA0130901386
B1624121853583S04154747WA0130701383
B1624161853609S04154762WA0130301380
B1624201853636S04154776WA0130201378
B1624241853662S04154787WA0130001376
B1624281853689S04154799WA0129701374
B1624321853715S04154809WA0129501371
B1624361853743S04154817WA0129201367
B1624401853766S04154823WA0129701372
B1624441853794S04154829WA0129401369
B1624481853819S04154835WA0129701372
B1624521853845S04154846WA0129601371
B1624561853868S04154858WA0129501369
B1625001853883S04154878WA0128901364
B1625041853899S04154897WA0128401359
B1625081853917S04154921WA0127901354
B1625121853937S04154938WA0128301359
B1625161853962S04154939WA0127801354
B1625201853982S04154923WA0128101359
B1625241854001S04154910WA0128401362
B1625281854012S04154891WA0129001366
B1625321854008S04154870WA0128901365
B1625361854025S04154851WA0128901365
B1625401854051S04154844WA0129201369
B1625441854077S04154840WA0129101368
B1625481854097S04154824WA0128801365
B1625521854102S04154801WA0128901366
B1625561854091S04154786WA0128201358
B1626001854074S04154793WA0128301360
B1626041854068S04154815WA0128101357
B1626081854076S04154839WA0128001356
B1626121854085S04154865WA0127401350
B1626161854102S04154885WA0127401349
B1626201854128S04154894WA0127001345
B1626241854156S04154894WA0126901344
B1626281854182S04154894WA0126701342
B1626321854208S04154899WA0126301338
B1626361854231S04154911WA0126101336
B1626401854251S04154926WA0125601330
B1626441854272S04154939WA0125501329
B1626481854296S04154952WA0125201326
B1626521854316S04154967WA0125301327
B1626561854342S04154968WA0125001323
B1627001854364S04154956WA0125001323
B1627041854370S04154932WA0124301316
B1627081854360S04154915WA0124501316
B1627121854341S04154910WA0123701307
B1627161854326S04154924WA0123501305
B1627201854326S04154944WA0123101302
B1627241854337S04154965WA0123001302
B1627281854353S04154984WA0122701298
B1627321854373S04155000WA0122601298
B1627361854395S04155017WA0122301294
B1627401854418S04155032WA0122101293
B1627441854442S04155043WA0121701288
B1627481854470S04155053WA0121401285
B1627521854497S04155064WA0121001282
B1627561854524S04155077WA0120601278
B1628001854550S04155090WA0120301276
B1628041854574S04155105WA0120001271
B1628081854598S04155119WA0119801269
B1628121854621S04155136WA0119001261
B1628161854643S04155155WA0118301254
B1628201854669S04155169WA0117601247
B1628241854698S04155179WA0116801239
B1628281854725S04155191WA0116601237
B1628321854750S04155204WA0116001231
B1628361854775S04155217WA0115801229
B1628401854799S04155232WA0115101221
B1628441854822S04155249WA0114601216
B1628481854845S04155265WA0114301212
B1628521854866S04155283WA0113801207
B1628561854888S04155300WA0113601204
B1629001854910S04155317WA0113101199
B1629041854932S04155334WA0112901196
B1629081854953S04155350WA0112401191
B1629121854976S04155364WA0112001187
B1629161855000S04155375WA0111601182
B1629201855025S04155388WA0111201178
B1629241855051S04155398WA0110901174
B1629281855077S04155408WA0110901174
B1629321855102S04155419WA0110801174
B1629361855130S04155430WA0110801173
B1629401855155S04155440WA0110501171
B1629441855180S04155449WA0110201167
B1629481855206S04155437WA0109401160
B1629521855223S04155421WA0109601161
B1629561855239S04155402WA0108901154
B1630001855254S04155383WA0108401148
B1630041855269S04155362WA0107801142
B1630081855286S04155342WA0107401139
B1630121855302S04155321WA0107301138
B1630161855317S04155296WA0106701132
B1630201855333S04155271WA0106401129
B1630241855348S04155245WA0106201127
B1630281855366S04155222WA0106301127
B1630321855380S04155205WA0106601130
B1630361855391S04155181WA0106201127
B1630401855398S04155150WA0106301128
B1630441855405S04155122WA0106501129
B1630481855404S04155095WA0106501130
B1630521855392S04155074WA0106701130
B1630561855371S04155068WA0106701131
B1631001855353S04155077WA0107301138
B1631041855345S04155092WA0107701141
B1631081855341S04155109WA0108501149
B1631121855352S04155127WA0108101146
B1631161855367S04155140WA0108601150
B1631201855385S04155150WA0108101146
B1631241855413S04155167WA0107101139
B1631281855435S04155180WA0107301140
B1631321855456S04155196WA0106301128
B1631361855482S04155209WA0105801122
B1631401855511S04155221WA0105101115
B1631441855538S04155237WA0104501109
B1631481855564S04155253WA0104201107
B1631521855589S04155270WA0103501101
B1631561855618S04155289WA0102801093
B1632001855647S04155305WA0102701092
B1632041855677S04155319WA0102501090
B1632081855706S04155334WA0101801083
B1632121855736S04155350WA0101401079
B1632161855761S04155364WA0101901083
B1632201855784S04155381WA0101601080
B1632241855810S04155398WA0101401079
B1632281855836S04155407WA0101401077
B1632321855865S04155421WA0099701061
B1632361855898S04155438WA0098401050
B1632401855928S04155453WA0097501040
B1632441855954S04155475WA0096201026
B1632481855982S04155496WA0095101014
B1632521856009S04155517WA0094101005
B1632561856034S04155537WA0093400996
B1633001856054S04155561WA0092400986
B1633041856074S04155586WA0091400976
B1633081856100S04155605WA0090400965
B1633121856129S04155623WA0089100952
B1633161856158S04155643WA0088100942
B1633201856185S04155664WA0087500936
B1633241856212S04155686WA0086700927
B1633281856236S04155704WA0086300922
B1633321856261S04155725WA0085000909
B1633361856290S04155745WA0084200901
B1633401856316S04155765WA0083700895
B1633441856342S04155784WA0083100888
B1633481856370S04155803WA0082400881
B1633521856398S04155824WA0081500873
B1633561856419S04155844WA0082600881
B1634001856432S04155861WA0083500888
B1634041856451S04155871WA0084600898
B1634081856469S04155860WA0085700911
B1634121856462S04155839WA0086300917
B1634161856443S04155839WA0087100926
B1634201856444S04155861WA0087800934
B1634241856463S04155866WA0088900946
B1634281856486S04155870WA0089700955
B1634321856506S04155871WA0091800978
B1634361856526S04155863WA0093000991
B1634401856532S04155837WA0093801000
B1634441856517S04155817WA0094801009
B1634481856492S04155816WA0095201013
B1634521856475S04155829WA0096401026
B1634561856470S04155850WA0096901031
B1635001856489S04155865WA0097601039
B1635041856507S04155859WA0099401058
B1635081856525S04155838WA0100401069
B1635121856515S04155813WA0101401080
B1635161856491S04155814WA0102401089
B1635201856471S04155818WA0103201096
B1635241856460S04155841WA0103601100
B1635281856455S04155864WA0104201107
B1635321856464S04155886WA0105601122
B1635361856479S04155894WA0107101138
B1635401856506S04155887WA0107701146
B1635441856524S04155870WA0109101162
B1635481856534S04155843WA0110101172
B1635521856527S04155817WA0110901181
B1635561856503S04155812WA0112101192
B1636001856485S04155815WA0113001200
B1636041856465S04155830WA0113401205
B1636081856455S04155852WA0114701220
B1636121856463S04155867WA0116001232
B1636161856486S04155874WA0116401238
B1636201856507S04155859WA0117101246
B1636241856520S04155836WA0118401259
B1636281856516S04155810WA0119301269
B1636321856496S04155799WA0120201278
B1636361856477S04155808WA0121101286
B1636401856474S04155825WA0122301299
B1636441856488S04155835WA0123101308
B1636481856512S04155844WA0123301308
B1636521856536S04155849WA0124101318
B1636561856565S04155859WA0124401323
B1637001856595S04155870WA0125201333
B1637041856617S04155886WA0126201344
B1637081856634S04155901WA0126701348
B1637121856656S04155922WA0126801350
B1637161856679S04155944WA0127401357
B1637201856703S04155966WA0127601360
B1637241856727S04155987WA0127401357
B1637281856750S04156008WA0127301355
B1637321856772S04156030WA0127201353
B1637361856794S04156055WA0126901350
B1637401856821S04156078WA0126701348
B1637441856846S04156097WA0126701347
B1637481856870S04156120WA0126001341
B1637521856898S04156140WA0125001330
B1637561856929S04156161WA0124301323
B1638001856953S04156181WA0124601325
B1638041856974S04156202WA0124601324
B1638081856995S04156223WA0124901326
B1638121857011S04156242WA0125401331
B1638161857032S04156266WA0125601334
B1638201857053S04156290WA0126001338
B1638241857073S04156314WA0126401341
B1638281857094S04156337WA0126601342
B1638321857117S04156361WA0126301340
B1638361857140S04156386WA0126101338
B1638401857158S04156409WA0125501331
B1638441857181S04156431WA0124301318
B1638481857209S04156455WA0123401310
B1638521857230S04156482WA0123101307
B1638561857255S04156505WA0122701303
B1639001857281S04156522WA0122101295
B1639041857308S04156540WA0120901284
B1639081857336S04156559WA0120201275
B1639121857363S04156581WA0119101264
B1639161857390S04156606WA0118201254
B1639201857416S04156631WA0117401246
B1639241857443S04156653WA0116401236
B1639281857471S04156674WA0115501227
B1639321857497S04156694WA0114501217
B1639361857524S04156719WA0113201204
B1639401857549S04156746WA0112401196
B1639441857576S04156770WA0111601188
B1639481857603S04156794WA0110501176
B1639521857630S04156817WA0109601166
B1639561857657S04156839WA0109001160
B1640001857684S04156859WA0108301153
B1640041857714S04156879WA0107701146
B1640081857745S04156898WA0107001139
B1640121857776S04156917WA0106201130
B1640161857805S04156936WA0105501122
B1640201857833S04156956WA0104601113
B1640241857860S04156978WA0103801104
B1640281857888S04156999WA0102901095
B1640321857915S04157022WA0102101087
B1640361857941S04157046WA0101101077
B1640401857968S04157071WA0100301069
B1640441857994S04157095WA0099701061
B1640481858018S04157122WA0098901053
B1640521858039S04157150WA0098201046
B1640561858060S04157178WA0097501039
B1641001858082S04157203WA0096701031
B1641041858104S04157230WA0095901022
B1641081858128S04157255WA0095101013
B1641121858151S04157280WA0094501007
B1641161858173S04157304WA0093600998
B1641201858197S04157334WA0092100983
B1641241858218S04157361WA0091700977
B1641281858238S04157387WA0090700967
B1641321858260S04157412WA0090200962
B1641361858278S04157440WA0089500954
B1641401858295S04157471WA0088500944
B1641441858312S04157502WA0087900938
B1641481858327S04157532WA0087200931
B1641521858340S04157565WA0086200920
B1641561858358S04157593WA0085500913
B1642001858380S04157616WA0084800906
B1642041858404S04157638WA0084100899
B1642081858432S04157647WA0083600894
B1642121858463S04157650WA0083100889
B1642161858493S04157660WA0082800885
B1642201858522S04157677WA0081900876
B1642241858547S04157696WA0081500871
B1642281858570S04157718WA0080300859
B1642321858594S04157739WA0079400849
B1642361858616S04157759WA0078600839
B1642401858637S04157781WA0078100834
B1642441858653S04157798WA0078700838
B1642481858669S04157816WA0078800839
B1642521858682S04157830WA0080200855
B1642561858670S04157840WA0079900852
B1643001858659S04157814WA0079900850
B1643041858665S04157791WA0081200864
B1643081858678S04157772WA0081600867
B1643121858695S04157762WA0082600877
B1643161858714S04157773WA0082600878
B1643201858713S04157795WA0083600890
B1643241858700S04157806WA0084300893
B1643281858678S04157800WA0084300895
B1643321858661S04157782WA0084900901
B1643361858661S04157757WA0085500907
B1643401858676S04157736WA0085700910
B1643441858700S04157730WA0085900912
B1643481858722S04157740WA0086100915
B1643521858747S04157745WA0086300918
B1643561858771S04157744WA0086900925
B1644001858794S04157748WA0087300929
B1644041858808S04157765WA0087500931
B1644081858807S04157784WA0088200939
B1644121858793S04157790WA0088300939
B1644161858791S04157807WA0087300928
B1644201858807S04157826WA0086700923
B1644241858829S04157841WA0085400909
B1644281858843S04157862WA0084700900
B1644321858842S04157876WA0084400894
B1644361858849S04157899WA0082600877
B1644401858861S04157924WA0081400867
B1644441858875S04157953WA0080000852
B1644481858888S04157984WA0078800839
B1644521858902S04158015WA0077800829
B1644561858916S04158045WA0077000820
B1645001858930S04158076WA0075900809
B1645041858944S04158108WA0075000800
B1645081858957S04158139WA0074400794
B1645121858972S04158163WA0074600796
B1645161858986S04158184WA0074300791
B1645201859001S04158208WA0074300793
B1645241859013S04158233WA0074500795
B1645281859023S04158257WA0074700795
B1645321859037S04158276WA0075300801
B1645361859050S04158295WA0075800807
B1645401859064S04158315WA0076100811
B1645441859084S04158329WA0076300813
B1645481859108S04158341WA0076200812
B1645521859131S04158329WA0076400815
B1645561859137S04158307WA0077400823
B1646001859124S04158282WA0076800818
B1646041859109S04158264WA0077300823
B1646081859087S04158262WA0077100820
B1646121859074S04158275WA0077700826
B1646161859065S04158298WA0078200831
B1646201859065S04158317WA0078900839
B1646241859074S04158338WA0078700838
B1646281859082S04158359WA0078400835
B1646321859093S04158382WA0078700837
B1646361859102S04158401WA0079000840
B1646401859113S04158423WA0079100839
B1646441859124S04158441WA0079900847
B1646481859143S04158454WA0079400841
B1646521859161S04158467WA0079600845
B1646561859181S04158480WA0078200833
B1647001859204S04158501WA0076800820
B1647041859220S04158523WA0076400814
B1647081859238S04158547WA0076100811
B1647121859253S04158573WA0076900819
B1647161859273S04158587WA0077600826
B1647201859288S04158607WA0078500837
B1647241859286S04158629WA0079800850
B1647281859268S04158637WA0080700858
B1647321859242S04158630WA0081600868
B1647361859228S04158611WA0082300874
B1647401859230S04158590WA0083600887
B1647441859244S04158579WA0084400896
B1647481859268S04158583WA0084900903
B1647521859284S04158598WA0085900912
B1647561859282S04158623WA0086300916
B1648001859261S04158637WA0087000924
B1648041859239S04158628WA0088500939
B1648081859237S04158605WA0089800952
B1648121859257S04158604WA0090700960
B1648161859267S04158624WA0091500969
B1648201859253S04158645WA0092600981
B1648241859231S04158637WA0093700992
B1648281859239S04158619WA0094801004
B1648321859254S04158635WA0095801014
B1648361859243S04158657WA0097001027
B1648401859221S04158653WA0097801034
B1648441859218S04158633WA0098701044
B1648481859235S04158629WA0099601053
B1648521859253S04158643WA0100501063
B1648561859249S04158669WA0101201071
B1649001859227S04158681WA0102101080
B1649041859212S04158668WA0102201080
B1649081859223S04158652WA0102401083
B1649121859242S04158648WA0103101091
B1649161859269S04158652WA0103501098
B1649201859287S04158660WA0105001111
B1649241859291S04158685WA0105301115
B1649281859271S04158697WA0106301127
B1649321859261S04158686WA0107501139
B1649361859268S04158667WA0108301148
B1649401859291S04158668WA0108901155
B1649441859314S04158673WA0110101167
B1649481859334S04158680WA0111101178
B1649521859357S04158682WA0111401182
B1649561859378S04158689WA0112401193
B1650001859397S04158695WA0113101200
B1650041859413S04158711WA0113801208
B1650081859415S04158735WA0114401213
B1650121859405S04158754WA0115801228
B1650161859388S04158768WA0116901241
B1650201859370S04158774WA0117901250
B1650241859357S04158758WA0118201254
B1650281859357S04158741WA0119001262
B1650321859375S04158724WA0119301265
B1650361859394S04158718WA0120001272
B1650401859423S04158722WA0119801272
B1650441859456S04158738WA0120001275
B1650481859482S04158751WA0121201288
B1650521859508S04158766WA0121501290
B1650561859531S04158783WA0122001297
B1651001859557S04158797WA0121801294
B1651041859585S04158813WA0121101287
B1651081859612S04158829WA0120301278
B1651121859640S04158843WA0119601270
B1651161859668S04158860WA0119201266
B1651201859698S04158877WA0118601262
B1651241859722S04158902WA0118901264
B1651281859732S04158923WA0120201276
B1651321859754S04158939WA0119901275
B1651361859779S04158950WA0119601273
B1651401859806S04158961WA0118901266
B1651441859830S04158972WA0118301259
B1651481859859S04158985WA0117001246
B1651521859892S04158999WA0116401238
B1651561859923S04159012WA0116101236
B1652001859954S04159024WA0115901233
B1652041859981S04159039WA0116101235
B1652081900007S04159061WA0116101234
B1652121900032S04159087WA0115701231
B1652161900062S04159096WA0115701229
B1652201900088S04159104WA0115201224
B1652241900120S04159114WA0114601219
B1652281900149S04159125WA0114901221
B1652321900181S04159138WA0114501216
B1652361900213S04159149WA0114301214
B1652401900247S04159157WA0114601218
B1652441900268S04159158WA0116501234
B1652481900293S04159160WA0116901239
B1652521900321S04159164WA0117401244
B1652561900348S04159173WA0118001250
B1653001900373S04159187WA0118801259
B1653041900390S04159205WA0120301275
B1653081900381S04159221WA0121001282
B1653121900362S04159213WA0121701289
B1653161900373S04159195WA0122301294
B1653201900401S04159189WA0123201305
B1653241900429S04159189WA0123701311
B1653281900462S04159196WA0123801312
B1653321900485S04159204WA0125101324
B1653361900506S04159216WA0125401328
B1653401900529S04159227WA0126701343
B1653441900529S04159245WA0127301348
B1653481900508S04159245WA0127701352
B1653521900512S04159221WA0128401359
B1653561900537S04159219WA0129101365
B1654001900562S04159222WA0129901375
B1654041900587S04159231WA0130301378
B1654081900609S04159243WA0130801383
B1654121900633S04159256WA0130901385
B1654161900662S04159265WA0130401382
B1654201900691S04159275WA0129801376
B1654241900720S04159283WA0129201369
B1654281900753S04159292WA0128201358
B1654321900786S04159303WA0127401351
B1654361900808S04159334WA0125601335
B1654401900827S04159349WA0126201337
B1654441900857S04159361WA0125101328
B1654481900878S04159369WA0125801333
B1654521900906S04159382WA0124501320
B1654561900928S04159393WA0125601331
B1655001900952S04159404WA0125201329
B1655041900975S04159416WA0125701335
B1655081900999S04159430WA0125901337
B1655121901023S04159440WA0126701344
B1655161901047S04159443WA0127101350
B1655201901076S04159453WA0127301353
B1655241901102S04159461WA0127701355
B1655281901134S04159471WA0127001348
B1655321901164S04159482WA0127101349
B1655361901195S04159491WA0126701344
B1655401901228S04159506WA0126201338
B1655441901258S04159524WA0126301340
B1655481901285S04159538WA0126301340
B1655521901313S04159558WA0125801335
B1655561901344S04159577WA0125801334
B1656001901372S04159592WA0126301338
B1656041901395S04159613WA0126601342
B1656081901424S04159632WA0126201338
B1656121901455S04159650WA0125601332
B1656161901487S04159667WA0125001326
B1656201901519S04159681WA0124001315
B1656241901551S04159696WA0123201307
B1656281901582S04159711WA0122401299
B1656321901612S04159727WA0121901293
B1656361901643S04159748WA0121001285
B1656401901669S04159766WA0121301286
B1656441901697S04159783WA0120801282
B1656481901726S04159800WA0120301277
B1656521901751S04159819WA0120001275
B1656561901777S04159837WA0119801271
B1657001901805S04159854WA0119301267
B1657041901832S04159872WA0119201265
B1657081901857S04159890WA0119101264
B1657121901883S04159908WA0118301255
B1657161901912S04159921WA0117501246
B1657201901940S04159941WA0116301235
B1657241901967S04159963WA0115401226
B1657281901995S04159981WA0114801220
B1657321902019S04200001WA0114101212
B1657361902045S04200021WA0113201202
B1657401902075S04200041WA0112201192
B1657441902101S04200064WA0111701185
B1657481902124S04200090WA0111001179
B1657521902145S04200113WA0110601174
B1657561902165S04200137WA0109801166
B1658001902186S04200159WA0109401161
B1658041902210S04200178WA0109001156
B1658081902236S04200199WA0108801155
B1658121902261S04200222WA0108801155
B1658161902286S04200245WA0109001157
B1658201902307S04200270WA0109001157
B1658241902333S04200288WA0109301160
B1658281902353S04200268WA0109201160
B1658321902347S04200234WA0109001159
B1658361902334S04200206WA0109101159
B1658401902316S04200178WA0108701154
B1658441902296S04200150WA0108301151
B1658481902278S04200117WA0107701144
B1658521902260S04200085WA0107201139
B1658561902242S04200053WA0106601133
B1659001902220S04200024WA0106001128
B1659041902197S04159999WA0105301118
B1659081902176S04159974WA0104501110
B1659121902155S04159954WA0103801102
B1659161902135S04159932WA0102701091
B1659201902120S04159905WA0101701080
B1659241902102S04159880WA0100601067
B1659281902092S04159855WA0100201064
B1659321902087S04159824WA0099601058
B1659361902084S04159794WA0099101053
B1659401902084S04159762WA0098401046
B1659441902081S04159731WA0098001041
B1659481902076S04159702WA0097901039
B1659521902077S04159680WA0097601035
B1659561902077S04159651WA0097101031
B1700001902078S04159627WA0098401043
B1700041902098S04159612WA0098601045
B1700081902122S04159611WA0099001050
B1700121902138S04159625WA0099201052
B1700161902132S04159645WA0100301064
B1700201902113S04159650WA0100801069
B1700241902097S04159629WA0101901080
B1700281902108S04159611WA0103001091
B1700321902129S04159621WA0102901091
B1700361902130S04159638WA0104301106
B1700401902113S04159651WA0104701111
B1700441902093S04159647WA0105601121
B1700481902074S04159631WA0106001125
B1700521902081S04159607WA0106301127
B1700561902104S04159602WA0106901135
B1701001902104S04159619WA0107701143
B1701041902087S04159612WA0108301148
B1701081902088S04159585WA0108701152
B1701121902110S04159577WA0109101156
B1701161902109S04159596WA0109201157
B1701201902088S04159586WA0109801163
B1701241902079S04159565WA0110701172
B1701281902061S04159542WA0110701172
B1701321902052S04159521WA0111101176
B1701361902043S04159490WA0109901164
B1701401902039S04159457WA0109301157
B1701441902032S04159430WA0108801153
B1701481902015S04159402WA0107801143
B1701521901998S04159368WA0107201138
B1701561901983S04159335WA0107001137
B1702001901967S04159302WA0106401131
B1702041901954S04159269WA0106201127
B1702081901940S04159237WA0105801124
B1702121901922S04159207WA0105701123
B1702161901909S04159177WA0106901135
B1702201901909S04159157WA0108401149
B1702241901894S04159135WA0109101157
B1702281901869S04159137WA0109801165
B1702321901864S04159155WA0110701173
B1702361901876S04159174WA0110701175
B1702401901899S04159174WA0111201179
B1702441901915S04159155WA0112201190
B1702481901910S04159126WA0112601195
B1702521901884S04159113WA0113501205
B1702561901867S04159125WA0114401215
B1703001901881S04159143WA0114301214
B1703041901897S04159130WA0115401225
B1703081901901S04159103WA0116001231
B1703121901895S04159079WA0116901241
B1703161901874S04159063WA0117201244
B1703201901865S04159035WA0117301246
B1703241901863S04159012WA0117701248
B1703281901861S04158982WA0117301245
B1703321901862S04158953WA0117301245
B1703361901861S04158926WA0117401245
B1703401901856S04158894WA0116501236
B1703441901853S04158858WA0116101232
B1703481901850S04158824WA0115601227
B1703521901847S04158790WA0115201222
B1703561901844S04158756WA0114601217
B1704001901838S04158724WA0113901208
B1704041901830S04158691WA0112901198
B1704081901824S04158657WA0112201192
B1704121901819S04158625WA0111301182
B1704161901812S04158585WA0109301163
B1704201901807S04158547WA0108601155
B1704241901799S04158509WA0107401143
B1704281901791S04158471WA0106801136
B1704321901782S04158434WA0105901127
B1704361901775S04158398WA0105301120
B1704401901766S04158362WA0104401111
B1704441901758S04158327WA0103701103
B1704481901749S04158291WA0102801094
B1704521901740S04158255WA0102101087
B1704561901731S04158219WA0101401079
B1705001901724S04158185WA0100901073
B1705041901717S04158148WA0099901064
B1705081901712S04158110WA0099201056
B1705121901709S04158071WA0098401048
B1705161901703S04158034WA0098001043
B1705201901698S04157996WA0097201034
B1705241901693S04157959WA0096601028
B1705281901688S04157922WA0095801019
B1705321901685S04157883WA0095001011
B1705361901679S04157845WA0094301004
B1705401901673S04157809WA0093800998
B1705441901671S04157771WA0092600987
B1705481901671S04157733WA0091800978
B1705521901668S04157698WA0090700966
B1705561901666S04157662WA0089500953
B1706001901664S04157628WA0088500943
B1706041901663S04157596WA0087900937
B1706081901660S04157564WA0086900926
B1706121901654S04157531WA0085700913
B1706161901644S04157496WA0084700903
B1706201901633S04157464WA0084000896
B1706241901621S04157430WA0083200888
B1706281901610S04157396WA0082300878
B1706321901601S04157364WA0081800872
B1706361901594S04157334WA0081900872
B1706401901586S04157304WA0081600869
B1706441901582S04157267WA0080300857
B1706481901570S04157240WA0080500857
B1706521901555S04157212WA0079800850
B1706561901538S04157176WA0079200844
B1707001901528S04157160WA0081400865
B1707041901531S04157141WA0081600867
B1707081901555S04157140WA0082100872
B1707121901554S04157162WA0082600877
B1707161901538S04157177WA0083200884
B1707201901520S04157173WA0083700889
B1707241901519S04157146WA0083800890
B1707281901534S04157129WA0085000903
B1707321901554S04157140WA0085300906
B1707361901547S04157162WA0085600909
B1707401901528S04157162WA0086300917
B1707441901518S04157141WA0086700922
B1707481901534S04157123WA0087300927
B1707521901551S04157135WA0087800932
B1707561901538S04157151WA0088200937
B1708001901521S04157136WA0088700942
B1708041901522S04157114WA0089100947
B1708081901544S04157108WA0089300950
B1708121901548S04157127WA0089700954
B1708161901529S04157136WA0090200959
B1708201901510S04157127WA0090800966
B1708241901502S04157105WA0091200970
B1708281901522S04157098WA0091700975
B1708321901525S04157119WA0092300981
B1708361901504S04157124WA0092700985
B1708401901484S04157111WA0093100991
B1708441901480S04157087WA0093800998
B1708481901499S04157068WA0094301002
B1708521901521S04157073WA0094901010
B1708561901518S04157095WA0095401015
B1709001901495S04157096WA0095901019
B1709041901487S04157075WA0096601026
B1709081901499S04157051WA0096601026
B1709121901522S04157055WA0096901030
B1709161901527S04157075WA0097401035
B1709201901507S04157083WA0097201034
B1709241901499S04157060WA0097601037
B1709281901499S04157033WA0097501035
B1709321901498S04157002WA0097201035
B1709361901496S04156970WA0096701029
B1709401901496S04156935WA0095301015
B1709441901498S04156896WA0094201004
B1709481901500S04156860WA0093700999
B1709521901499S04156822WA0093100993
B1709561901499S04156785WA0092600987
B1710001901497S04156747WA0091600977
B1710041901495S04156707WA0090700968
B1710081901493S04156669WA0090200963
B1710121901492S04156631WA0089500955
B1710161901490S04156593WA0088600946
B1710201901487S04156555WA0087800937
B1710241901484S04156520WA0087200932
B1710281901481S04156485WA0086500924
B1710321901478S04156449WA0085600914
B1710361901474S04156413WA0085000908
B1710401901473S04156378WA0084200899
B1710441901473S04156341WA0083300891
B1710481901473S04156305WA0082600882
B1710521901474S04156268WA0081500871
B1710561901475S04156230WA0080500861
B1711001901480S04156194WA0079600852
B1711041901480S04156158WA0078800843
B1711081901482S04156120WA0077900834
B1711121901483S04156084WA0077300827
B1711161901483S04156047WA0076300818
B1711201901483S04156010WA0075500809
B1711241901483S04155972WA0074500800
B1711281901484S04155936WA0073600791
B1711321901484S04155901WA0072900782
B1711361901485S04155864WA0072000773
B1711401901487S04155825WA0071100763
B1711441901489S04155787WA0069900751
B1711481901494S04155750WA0068700738
B1711521901498S04155714WA0067400724
B1711561901507S04155677WA0066000710
B1712001901515S04155640WA0065000699
B1712041901522S04155605WA0064000688
B1712081901530S04155569WA0063000678
B1712121901540S04155536WA0062200669
B1712161901553S04155507WA0061600662
B1712201901562S04155474WA0060900656
B1712241901566S04155439WA0060600652
B1712281901570S04155404WA0059800644
B1712321901571S04155364WA0058700632
B1712361901573S04155325WA0058300628
B1712401901575S04155285WA0057900624
B1712441901577S04155250WA0057400618
B1712481901583S04155210WA0056500610
B1712521901590S04155180WA0058100623
B1712561901593S04155158WA0058500626
B1713001901603S04155134WA0058700628
B1713041901612S04155112WA0058900631
B1713081901616S04155090WA0059000632
B1713121901617S04155067WA0058700629
B1713161901615S04155039WA0057900622
B1713201901612S04155009WA0057400617
B1713241901610S04154980WA0057300616
B1713281901609S04154955WA0057300616
B1713321901614S04154929WA0057300616
B1713361901621S04154902WA0057600619
B1713401901628S04154879WA0058100622
B1713441901634S04154854WA0058200623
B1713481901635S04154831WA0058600628
B1713521901629S04154807WA0058800630
B1713561901615S04154791WA0058700629
B1714001901590S04154784WA0058600627
B1714041901566S04154773WA0058600628
B1714081901546S04154757WA0058900631
B1714121901528S04154737WA0059200636
B1714161901518S04154714WA0059800642
B1714201901531S04154698WA0060200645
B1714241901547S04154713WA0060200645
B1714281901543S04154740WA0060000644
B1714321901539S04154762WA0060500649
B1714361901537S04154785WA0060800652
B1714401901526S04154802WA0060800652
B1714441901503S04154794WA0060700650
B1714481901490S04154775WA0061100653
B1714521901484S04154747WA0061300655
B1714561901485S04154725WA0062600668
B1715001901504S04154719WA0062900672
B1715041901506S04154742WA0063200675
B1715081901491S04154754WA0063900682
B1715121901473S04154740WA0064300686
B1715161901485S04154721WA0064800691
B1715201901502S04154729WA0065300697
B1715241901501S04154751WA0065600701
B1715281901484S04154760WA0066000705
B1715321901462S04154748WA0066500711
B1715361901452S04154731WA0067300720
B1715401901470S04154721WA0067500722
B1715441901480S04154738WA0068200730
B1715481901465S04154754WA0068500733
B1715521901442S04154750WA0069300741
B1715561901440S04154728WA0070000748
B1716001901460S04154730WA0070400751
B1716041901467S04154753WA0070900757
B1716081901461S04154771WA0071800767
B1716121901438S04154769WA0072300770
B1716161901438S04154750WA0073000778
B1716201901458S04154750WA0073600783
B1716241901470S04154766WA0074200791
B1716281901456S04154780WA0074700796
B1716321901435S04154772WA0075400803
B1716361901433S04154751WA0076000810
B1716401901452S04154745WA0076400814
B1716441901469S04154758WA0076900820
B1716481901474S04154777WA0077600828
B1716521901457S04154791WA0078600839
B1716561901442S04154777WA0079600848
B1717001901450S04154757WA0080300856
B1717041901471S04154761WA0081000864
B1717081901471S04154778WA0082000875
B1717121901452S04154785WA0082800884
B1717161901440S04154767WA0083500891
B1717201901452S04154751WA0084200898
B1717241901473S04154756WA0084900907
B1717281901474S04154777WA0085700915
B1717321901461S04154793WA0086500924
B1717361901442S04154786WA0086800928
B1717401901440S04154763WA0087600937
B1717441901459S04154753WA0088100941
B1717481901478S04154767WA0088800948
B1717521901466S04154787WA0089000950
B1717561901448S04154788WA0090000960
B1718001901433S04154771WA0090300963
B1718041901439S04154750WA0091300974
B1718081901453S04154734WA0091400975
B1718121901450S04154706WA0091900980
B1718161901449S04154685WA0092100982
B1718201901444S04154655WA0090800971
B1718241901439S04154622WA0090700969
B1718281901432S04154590WA0090700969
B1718321901423S04154557WA0090800970
B1718361901415S04154525WA0091000970
B1718401901405S04154492WA0091100971
B1718441901394S04154462WA0091300972
B1718481901383S04154432WA0091300973
B1718521901374S04154401WA0091400973
B1718561901363S04154371WA0091500975
B1719001901351S04154343WA0091800977
B1719041901340S04154318WA0092000979
B1719081901324S04154293WA0092300981
B1719121901310S04154277WA0093400993
B1719161901292S04154266WA0094301002
B1719201901274S04154276WA0094801008
B1719241901278S04154297WA0095101013
B1719281901300S04154299WA0095701019
B1719321901315S04154278WA0095701021
B1719361901312S04154256WA0096801032
B1719401901313S04154233WA0097101034
B1719441901309S04154210WA0097901043
B1719481901300S04154186WA0098001044
B1719521901290S04154166WA0098401048
B1719561901283S04154142WA0098201046
B1720001901272S04154122WA0098401048
B1720041901259S04154102WA0098601049
B1720081901243S04154084WA0098601049
B1720121901233S04154063WA0098601050
B1720161901241S04154043WA0098301046
B1720201901252S04154009WA0097301038
B1720241901260S04153983WA0097601041
B1720281901268S04153953WA0097501040
B1720321901274S04153932WA0098801053
B1720361901294S04153926WA0098801053
B1720401901305S04153951WA0098701052
B1720441901287S04153966WA0098901054
B1720481901267S04153961WA0099501060
B1720521901254S04153943WA0099901065
B1720561901252S04153921WA0100201068
B1721001901239S04153904WA0100301068
B1721041901223S04153889WA0100601072
B1721081901208S04153871WA0100801074
B1721121901189S04153861WA0101001077
B1721161901168S04153853WA0101301080
B1721201901151S04153833WA0101501083
B1721241901136S04153815WA0101501082
B1721281901119S04153796WA0101401081
B1721321901101S04153783WA0101601083
B1721361901084S04153766WA0101601084
B1721401901065S04153750WA0101401082
B1721441901044S04153727WA0100601075
B1721481901020S04153703WA0100001069
B1721521900996S04153681WA0099601064
B1721561900972S04153656WA0098701055
B1722001900945S04153631WA0098101048
B1722041900919S04153608WA0097401041
B1722081900891S04153584WA0096501032
B1722121900862S04153563WA0095801024
B1722161900833S04153543WA0094801013
B1722201900805S04153520WA0093601001
B1722241900777S04153495WA0092500989
B1722281900751S04153470WA0091600979
B1722321900723S04153444WA0090400967
B1722361900694S04153419WA0089400956
B1722401900666S04153394WA0088300944
B1722441900638S04153370WA0087300935
B1722481900610S04153349WA0086400924
B1722521900577S04153334WA0085500915
B1722561900543S04153326WA0084700906
B1723001900508S04153315WA0083900897
B1723041900474S04153307WA0083500892
B1723081900438S04153299WA0082500883
B1723121900403S04153290WA0081900877
B1723161900369S04153284WA0081300870
B1723201900337S04153279WA0080300861
B1723241900302S04153274WA0079500852
B1723281900269S04153267WA0079000847
B1723321900237S04153260WA0078300840
B1723361900205S04153253WA0077400830
B1723401900172S04153248WA0076400819
B1723441900138S04153242WA0075400810
B1723481900107S04153236WA0074700802
B1723521900074S04153229WA0073300787
B1723561900040S04153220WA0072100774
B1724001900007S04153211WA0071100763
B1724041859976S04153205WA0070200753
B1724081859944S04153197WA0069000741
B1724121859913S04153190WA0068600737
B1724161859883S04153183WA0068000730
B1724201859853S04153177WA0067400725
B1724241859824S04153173WA0067200722
B1724281859796S04153170WA0067100720
B1724321859766S04153170WA0066900718
B1724361859733S04153165WA0066500715
B1724401859704S04153168WA0066800718
B1724441859677S04153173WA0067500724
B1724481859660S04153179WA0068400735
B1724521859641S04153187WA0068600737
B1724561859624S04153172WA0068500736
B1725001859633S04153150WA0068700738
B1725041859653S04153157WA0069000740
B1725081859664S04153176WA0069500746
B1725121859669S04153195WA0069600747
B1725161859682S04153210WA0069700748
B1725201859690S04153233WA0069900750
B1725241859705S04153251WA0070500756
B1725281859701S04153275WA0071000762
B1725321859685S04153273WA0072000771
B1725361859693S04153253WA0072500777
B1725401859716S04153264WA0072800781
B1725441859709S04153286WA0074000792
B1725481859690S04153289WA0074900803
B1725521859691S04153268WA0075300806
B1725561859716S04153269WA0075900813
B1726001859717S04153292WA0076600820
B1726041859699S04153301WA0077700831
B1726081859693S04153282WA0078100835
B1726121859709S04153266WA0078700841
B1726161859729S04153279WA0078700841
B1726201859723S04153303WA0079400849
B1726241859705S04153311WA0080500860
B1726281859683S04153301WA0080600863
B1726321859669S04153287WA0081300868
B1726361859659S04153268WA0081100866
B1726401859652S04153249WA0081300868
B1726441859648S04153226WA0081600870
B1726481859664S04153206WA0081600870
B1726521859688S04153210WA0082100874
B1726561859708S04153222WA0082500878
B1727001859720S04153241WA0083300888
B1727041859735S04153259WA0083900894
B1727081859734S04153282WA0084500901
B1727121859722S04153296WA0085200909
B1727161859700S04153294WA0085400911
B1727201859686S04153284WA0085900915
B1727241859665S04153269WA0085200910
B1727281859646S04153251WA0085800915
B1727321859626S04153236WA0086200920
B1727361859604S04153228WA0087000928
B1727401859584S04153216WA0087400931
B1727441859566S04153196WA0087100929
B1727481859549S04153175WA0087000928
B1727521859526S04153156WA0086600924
B1727561859500S04153132WA0086000918
B1728001859473S04153107WA0085300911
B1728041859446S04153080WA0084700904
B1728081859419S04153054WA0084100897
B1728121859393S04153034WA0084100896
B1728161859367S04153013WA0084200898
B1728201859350S04152995WA0085700912
B1728241859334S04152989WA0086700923
B1728281859324S04153008WA0087300929
B1728321859333S04153025WA0088400941
B1728361859348S04153028WA0089000947
B1728401859369S04153017WA0089600954
B1728441859375S04152999WA0090600965
B1728481859359S04152985WA0091100970
B1728521859339S04152979WA0091800977
B1728561859322S04152985WA0092600985
B1729001859320S04153006WA0092400983
B1729041859338S04153025WA0092600986
B1729081859355S04153024WA0094001000
B1729121859369S04153001WA0093800999
B1729161859363S04152981WA0095301014
B1729201859350S04152962WA0095701018
B1729241859334S04152942WA0096201023
B1729281859321S04152923WA0096101022
B1729321859303S04152897WA0095601018
B1729361859286S04152870WA0095801019
B1729401859272S04152844WA0096101021
B1729441859258S04152819WA0096501026
B1729481859242S04152796WA0096901030
B1729521859230S04152767WA0097401034
B1729561859227S04152741WA0098901049
B1730001859245S04152731WA0099601057
B1730041859254S04152747WA0100401067
B1730081859235S04152755WA0101201076
B1730121859221S04152737WA0102401088
B1730161859225S04152714WA0103101096
B1730201859244S04152711WA0103801104
B1730241859247S04152729WA0104401111
B1730281859224S04152731WA0105401122
B1730321859214S04152711WA0106001129
B1730361859194S04152695WA0106201131
B1730401859176S04152679WA0106201131
B1730441859155S04152662WA0105801127
B1730481859135S04152648WA0104901118
B1730521859107S04152630WA0103601105
B1730561859078S04152613WA0102701095
B1731001859048S04152597WA0101701084
B1731041859016S04152581WA0100701075
B1731081858987S04152567WA0100201068
B1731121858957S04152550WA0099501061
B1731161858929S04152536WA0099001056
B1731201858900S04152521WA0098201047
B1731241858870S04152508WA0097701042
B1731281858842S04152489WA0096601031
B1731321858813S04152468WA0095801023
B1731361858787S04152458WA0095301018
B1731401858758S04152442WA0094001005
B1731441858729S04152429WA0093100994
B1731481858700S04152415WA0091600979
B1731521858669S04152402WA0090300965
B1731561858639S04152390WA0089300954
B1732001858608S04152375WA0087900939
B1732041858576S04152364WA0086800928
B1732081858545S04152349WA0085800917
B1732121858513S04152337WA0085100909
B1732161858483S04152323WA0084900906
B1732201858454S04152311WA0084400901
B1732241858425S04152296WA0084300899
B1732281858395S04152285WA0084100898
B1732321858368S04152273WA0084100896
B1732361858338S04152265WA0083900895
B1732401858309S04152262WA0084200897
B1732441858278S04152257WA0084000896
B1732481858248S04152255WA0084000896
B1732521858220S04152255WA0083900896
B1732561858207S04152229WA0083900895
B1733001858210S04152204WA0084900906
B1733041858224S04152190WA0085200908
B1733081858247S04152193WA0084800904
B1733121858269S04152200WA0084800904
B1733161858292S04152205WA0084900904
B1733201858315S04152208WA0084800904
B1733241858337S04152217WA0084800905
B1733281858360S04152226WA0084800904
B1733321858388S04152233WA0084000897
B1733361858422S04152250WA0082800887
B1733401858454S04152265WA0083100888
B1733441858486S04152262WA0082900885
B1733481858519S04152253WA0082400881
B1733521858553S04152257WA0081600872
B1733561858585S04152271WA0080600863
B1734001858615S04152286WA0079800855
B1734041858643S04152306WA0078700843
B1734081858672S04152328WA0077200827
B1734121858702S04152345WA0076400817
B1734161858731S04152362WA0075500808
B1734201858760S04152381WA0074400797
B1734241858791S04152397WA0073100784
B1734281858825S04152413WA0071500767
B1734321858854S04152430WA0071200764
B1734361858882S04152447WA0070600757
B1734401858914S04152466WA0070200753
B1734441858944S04152484WA0070500757
B1734481858973S04152494WA0070700757
B1734521859001S04152511WA0069700748
B1734561859026S04152533WA0069700747
B1735001859055S04152550WA0068800737
B1735041859084S04152572WA0067700726
B1735081859114S04152594WA0066800717
B1735121859141S04152618WA0065700706
B1735161859168S04152643WA0064400692
B1735201859194S04152670WA0063200679
B1735241859217S04152700WA0062100667
B1735281859241S04152728WA0061300659
B1735321859264S04152758WA0060400649
B1735361859287S04152790WA0059500640
B1735401859310S04152821WA0058900633
B1735441859333S04152848WA0058900634
B1735481859354S04152864WA0059700640
B1735521859370S04152881WA0060100644
B1735561859385S04152901WA0060800652
B1736001859388S04152920WA0061500659
B1736041859368S04152928WA0062100666
B1736081859356S04152909WA0062700671
B1736121859374S04152891WA0062800673
B1736161859398S04152886WA0063900685
B1736201859417S04152893WA0064400690
B1736241859410S04152915WA0064300689
B1736281859387S04152926WA0064900696
B1736321859369S04152916WA0065500703
B1736361859379S04152893WA0066000707
B1736401859399S04152904WA0066500711
B1736441859395S04152925WA0067100718
B1736481859374S04152929WA0067600723
B1736521859360S04152909WA0068500731
B1736561859369S04152885WA0069300739
B1737001859391S04152878WA0069900745
B1737041859407S04152896WA0070300751
B1737081859400S04152913WA0071000756
B1737121859374S04152914WA0070800755
B1737161859357S04152899WA0072000768
B1737201859363S04152874WA0072400772
B1737241859388S04152874WA0073100780
B1737281859388S04152896WA0073500784
B1737321859367S04152906WA0074100791
B1737361859349S04152894WA0075100802
B1737401859354S04152869WA0075600807
B1737441859375S04152858WA0076100812
B1737481859390S04152871WA0076700819
B1737521859375S04152887WA0076700819
B1737561859353S04152878WA0077100823
B1738001859349S04152853WA0077800829
B1738041859365S04152831WA0078300835
B1738081859389S04152824WA0079000843
B1738121859416S04152827WA0079400849
B1738161859436S04152839WA0079900853
B1738201859441S04152863WA0080100856
B1738241859428S04152881WA0080400859
B1738281859406S04152883WA0080800863
B1738321859386S04152866WA0080800863
B1738361859377S04152841WA0081400869
B1738401859386S04152816WA0081800873
B1738441859406S04152806WA0082400879
B1738481859427S04152815WA0082300878
B1738521859442S04152833WA0082700882
B1738561859450S04152856WA0083000885
B1739001859448S04152881WA0083600892
B1739041859431S04152897WA0084000897
B1739081859411S04152890WA0084700904
B1739121859407S04152866WA0084900906
B1739161859428S04152855WA0085200910
B1739201859445S04152871WA0085900917
B1739241859438S04152893WA0086500923
B1739281859418S04152891WA0086900927
B1739321859421S04152864WA0087000928
B1739361859437S04152851WA0088000939
B1739401859462S04152852WA0087900939
B1739441859475S04152870WA0088600946
B1739481859466S04152892WA0088900949
B1739521859446S04152891WA0089500955
B1739561859446S04152866WA0089600957
B1740001859466S04152857WA0090300963
B1740041859490S04152859WA0090400966
B1740081859512S04152866WA0090800971
B1740121859536S04152876WA0090700969
B1740161859556S04152885WA0090400966
B1740201859584S04152895WA0089100954
B1740241859617S04152904WA0088400947
B1740281859648S04152911WA0087900942
B1740321859679S04152919WA0087100934
B1740361859710S04152927WA0086100923
B1740401859743S04152931WA0085200913
B1740441859774S04152940WA0084400906
B1740481859804S04152949WA0083700899
B1740521859837S04152960WA0082700888
B1740561859871S04152970WA0081900880
B1741001859903S04152980WA0081200872
B1741041859935S04152991WA0080100860
B1741081859971S04152999WA0078200842
B1741121900009S04153005WA0077100830
B1741161900043S04153012WA0076200821
B1741201900078S04153017WA0075100808
B1741241900117S04153021WA0074000799
B1741281900152S04153026WA0073700796
B1741321900186S04153032WA0072900787
B1741361900222S04153038WA0071900776
B1741401900259S04153045WA0071000766
B1741441900295S04153051WA0070200758
B1741481900331S04153059WA0069100746
B1741521900368S04153066WA0068100736
B1741561900404S04153075WA0067200727
B1742001900440S04153082WA0066500719
B1742041900474S04153088WA0065800712
B1742081900509S04153094WA0064800702
B1742121900543S04153099WA0064100693
B1742161900578S04153104WA0062800681
B1742201900615S04153110WA0061600668
B1742241900652S04153116WA0060800658
B1742281900688S04153123WA0059600646
B1742321900724S04153130WA0058100630
B1742361900758S04153137WA0056700615
B1742401900794S04153146WA0055100597
B1742441900829S04153156WA0053800584
B1742481900866S04153166WA0053200577
B1742521900899S04153178WA0053600580
B1742561900926S04153189WA0054400589
B1743001900951S04153199WA0055000595
B1743041900976S04153204WA0055600602
B1743081901002S04153209WA0056200609
B1743121901025S04153212WA0057000617
B1743161901044S04153200WA0057800625
B1743201901042S04153179WA0058100628
B1743241901023S04153180WA0058700634
B1743281901010S04153195WA0059400642
B1743321901012S04153217WA0060000648
B1743361901024S04153235WA0060900657
B1743401901047S04153240WA0061100660
B1743441901061S04153226WA0062000668
B1743481901058S04153205WA0062100670
B1743521901044S04153196WA0062900678
B1743561901029S04153210WA0063300683
B1744001901036S04153230WA0064000690
B1744041901062S04153236WA0064200693
B1744081901087S04153233WA0065000701
B1744121901101S04153219WA0065600707
B1744161901097S04153198WA0066100712
B1744201901084S04153185WA0066900721
B1744241901068S04153196WA0067000721
B1744281901066S04153220WA0067800729
B1744321901084S04153234WA0068300733
B1744361901110S04153236WA0068600737
B1744401901119S04153217WA0069200742
B1744441901117S04153194WA0069600746
B1744481901112S04153180WA0070300754
B1744521901096S04153192WA0070700759
B1744561901106S04153213WA0071300765
B1745001901129S04153220WA0071700769
B1745041901149S04153209WA0072200773
B1745081901157S04153188WA0072600777
B1745121901159S04153165WA0073200784
B1745161901158S04153144WA0073300784
B1745201901151S04153120WA0073100782
B1745241901140S04153093WA0073000782
B1745281901132S04153068WA0073800789
B1745321901126S04153039WA0074200794
B1745361901119S04153012WA0075100804
B1745401901111S04152992WA0076400816
B1745441901104S04152974WA0076700820
B1745481901098S04152953WA0077200824
B1745521901113S04152934WA0077400826
B1745561901139S04152937WA0077800832
B1746001901155S04152957WA0078500839
B1746041901150S04152980WA0078900844
B1746081901133S04152986WA0079500851
B1746121901117S04152975WA0080100857
B1746161901107S04152957WA0080600862
B1746201901100S04152932WA0081200868
B1746241901102S04152907WA0081800874
B1746281901113S04152880WA0082300880
B1746321901137S04152865WA0082900886
B1746361901164S04152861WA0084600904
B1746401901180S04152878WA0086200920
B1746441901165S04152892WA0087200932
B1746481901159S04152876WA0088400945
B1746521901180S04152857WA0089400956
B1746561901206S04152864WA0091100974
B1747001901210S04152888WA0092300986
B1747041901194S04152891WA0093200996
B1747081901189S04152871WA0094401007
B1747121901211S04152854WA0095701022
B1747161901232S04152870WA0097101035
B1747201901226S04152890WA0098501051
B1747241901213S04152877WA0099601063
B1747281901228S04152857WA0101101078
B1747321901252S04152862WA0102501090
B1747361901274S04152855WA0102401090
B1747401901293S04152861WA0102001086
B1747441901289S04152885WA0101601082
B1747481901274S04152898WA0101701084
B1747521901256S04152903WA0102601093
B1747561901246S04152895WA0103701105
B1748001901258S04152878WA0104401113
B1748041901281S04152888WA0105301122
B1748081901288S04152913WA0106301132
B1748121901278S04152922WA0107001140
B1748161901266S04152910WA0107401145
B1748201901261S04152892WA0108401155
B1748241901274S04152878WA0109101161
B1748281901298S04152888WA0109401165
B1748321901297S04152914WA0109901171
B1748361901284S04152917WA0110801179
B1748401901281S04152902WA0111201184
B1748441901306S04152895WA0111501188
B1748481901329S04152911WA0112301196
B1748521901341S04152938WA0112701200
B1748561901373S04152954WA0113201206
B1749001901404S04152967WA0113801211
B1749041901435S04152980WA0114101215
B1749081901465S04152985WA0114301217
B1749121901499S04152989WA0114301216
B1749161901532S04152989WA0114201217
B1749201901568S04152992WA0113801214
B1749241901603S04152995WA0113301208
B1749281901638S04152996WA0112401199
B1749321901676S04153001WA0110901184
B1749361901718S04153007WA0109901173
B1749401901755S04153013WA0109601170
B1749441901793S04153017WA0108901162
B1749481901831S04153025WA0108301156
B1749521901866S04153036WA0108001153
B1749561901902S04153046WA0107601149
B1750001901939S04153055WA0106801141
B1750041901976S04153066WA0106101134
B1750081902015S04153076WA0105501128
B1750121902052S04153085WA0104801120
B1750161902087S04153094WA0103901111
B1750201902122S04153104WA0102901101
B1750241902155S04153113WA0102301094
B1750281902187S04153125WA0101101081
B1750321902221S04153141WA0099701067
B1750361902254S04153159WA0098801058
B1750401902285S04153177WA0098101050
B1750441902318S04153193WA0097001038
B1750481902351S04153208WA0095901027
B1750521902385S04153225WA0095001017
B1750561902420S04153237WA0094201009
B1751001902454S04153249WA0093401000
B1751041902489S04153258WA0092600993
B1751081902525S04153264WA0092000986
B1751121902560S04153268WA0091300979
B1751161902596S04153271WA0090600972
B1751201902631S04153276WA0090200966
B1751241902668S04153280WA0089700961
B1751281902703S04153286WA0089500959
B1751321902734S04153283WA0089100954
B1751361902767S04153273WA0087900942
B1751401902804S04153262WA0086900932
B1751441902839S04153251WA0086200925
B1751481902875S04153244WA0085400916
B1751521902911S04153242WA0084800909
B1751561902947S04153243WA0084000901
B1752001902983S04153244WA0083400894
B1752041903017S04153241WA0083000890
B1752081903050S04153235WA0082100881
B1752121903085S04153232WA0081200871
B1752161903121S04153236WA0080200862
B1752201903154S04153236WA0079600855
B1752241903190S04153238WA0078500844
B1752281903226S04153242WA0077800836
B1752321903262S04153246WA0077000828
B1752361903298S04153254WA0076000818
B1752401903334S04153264WA0075100809
B1752441903369S04153271WA0074500802
B1752481903402S04153263WA0073900795
B1752521903434S04153249WA0073200788
B1752561903465S04153230WA0072200778
B1753001903497S04153209WA0071200768
B1753041903528S04153188WA0070300757
B1753081903559S04153168WA0069200746
B1753121903588S04153149WA0068100734
B1753161903616S04153124WA0067000722
B1753201903641S04153098WA0066000712
B1753241903668S04153076WA0065300704
B1753281903692S04153056WA0065400702
B1753321903715S04153044WA0065700705
B1753361903739S04153032WA0066100710
B1753401903754S04153046WA0066700716
B1753441903741S04153064WA0067300722
B1753481903725S04153055WA0068300733
B1753521903739S04153034WA0068400734
B1753561903760S04153032WA0069500747
B1754001903769S04153053WA0069300746
B1754041903753S04153069WA0070200754
B1754081903737S04153061WA0071000762
B1754121903749S04153042WA0071000763
B1754161903771S04153037WA0072000774
B1754201903783S04153052WA0072500778
B1754241903771S04153068WA0073200785
B1754281903755S04153059WA0073900793
B1754321903762S04153040WA0074500799
B1754361903784S04153043WA0074900802
B1754401903787S04153062WA0075800812
B1754441903768S04153068WA0076300818
B1754481903765S04153048WA0077100825
B1754521903789S04153047WA0077500829
B1754561903802S04153063WA0078400838
B1755001903797S04153083WA0078900844
B1755041903778S04153079WA0079500851
B1755081903775S04153057WA0080200859
B1755121903793S04153047WA0080900864
B1755161903813S04153058WA0081400869
B1755201903816S04153079WA0082000876
B1755241903802S04153085WA0082200879
B1755281903786S04153071WA0082600884
B1755321903783S04153046WA0083300891
B1755361903778S04153023WA0083700895
B1755401903774S04152997WA0084100899
B1755441903769S04152971WA0084300900
B1755481903765S04152945WA0084700904
B1755521903766S04152917WA0085500913
B1755561903773S04152894WA0086300920
B1756001903791S04152894WA0086600923
B1756041903785S04152914WA0087500932
B1756081903764S04152908WA0088300941
B1756121903759S04152882WA0088500943
B1756161903773S04152861WA0088800946
B1756201903797S04152852WA0089100949
B1756241903821S04152854WA0089900957
B1756281903834S04152873WA0090500964
B1756321903820S04152886WA0091100971
B1756361903800S04152877WA0091800978
B1756401903789S04152856WA0092800988
B1756441903800S04152837WA0093000990
B1756481903814S04152815WA0093500995
B1756521903820S04152789WA0094101001
B1756561903844S04152778WA0094601007
B1757001903856S04152794WA0095001012
B1757041903839S04152807WA0095201014
B1757081903821S04152806WA0096201025
B1757121903811S04152786WA0096401027
B1757161903823S04152764WA0097201035
B1757201903846S04152763WA0097101035
B1757241903862S04152781WA0097801043
B1757281903849S04152794WA0098201046
B1757321903833S04152791WA0098801053
B1757361903823S04152768WA0098801053
B1757401903833S04152745WA0099501060
B1757441903854S04152733WA0099401058
B1757481903883S04152726WA0099401059
B1757521903908S04152726WA0099901064
B1757561903934S04152726WA0099901064
B1758001903960S04152731WA0099201058
B1758041903982S04152740WA0099601062
B1758081904005S04152751WA0099101057
B1758121904029S04152761WA0098901056
B1758161904054S04152773WA0098101046
B1758201904080S04152784WA0097201039
B1758241904108S04152801WA0095701023
B1758281904139S04152822WA0094501011
B1758321904171S04152826WA0094101006
B1758361904205S04152830WA0093100995
B1758401904240S04152838WA0092200986
B1758441904274S04152847WA0091400979
B1758481904310S04152855WA0090500969
B1758521904346S04152861WA0089700960
B1758561904381S04152865WA0088800951
B1759001904418S04152869WA0087400936
B1759041904456S04152878WA0086200925
B1759081904493S04152887WA0085400916
B1759121904530S04152896WA0084500906
B1759161904566S04152903WA0084000900
B1759201904601S04152905WA0083300892
B1759241904637S04152904WA0082300881
B1759281904674S04152908WA0081300870
B1759321904712S04152914WA0080500862
B1759361904749S04152920WA0079800856
B1759401904786S04152928WA0079400852
B1759441904822S04152932WA0079000847
B1759481904859S04152929WA0078700843
B1759521904896S04152922WA0078400840
B1759561904933S04152918WA0078100837
B1800001904963S04152909WA0078800842
B1800041904987S04152904WA0079200845
B1800081905014S04152904WA0079100845
B1800121905038S04152909WA0079300847
B1800161905064S04152912WA0079200846
B1800201905090S04152910WA0079500849
B1800241905109S04152902WA0079600850
B1800281905115S04152879WA0079300846
B1800321905101S04152862WA0079300846
B1800361905081S04152854WA0078800842
B1800401905059S04152857WA0079000845
B1800441905043S04152867WA0079500850
B1800481905035S04152886WA0079400849
B1800521905047S04152906WA0079600851
B1800561905072S04152916WA0079300848
B1801001905097S04152916WA0079800853
B1801041905124S04152917WA0079600851
B1801081905148S04152919WA0079700852
B1801121905172S04152918WA0079400848
B1801161905197S04152913WA0078900843
B1801201905221S04152915WA0078400838
B1801241905245S04152912WA0077900833
B1801281905269S04152909WA0077500828
B1801321905293S04152907WA0077200825
B1801361905316S04152902WA0076900821
B1801401905338S04152893WA0076200814
B1801441905356S04152876WA0075600807
B1801481905375S04152858WA0074800799
B1801521905396S04152843WA0074300793
B1801561905416S04152823WA0073000782
B1802001905446S04152806WA0071900770
B1802041905471S04152790WA0071300763
B1802081905493S04152771WA0070600755
B1802121905517S04152753WA0069700746
B1802161905546S04152735WA0068400732
B1802201905579S04152719WA0067200720
B1802241905610S04152710WA0066300710
B1802281905643S04152705WA0065000697
B1802321905677S04152700WA0064000685
B1802361905705S04152683WA0063000675
B1802401905728S04152658WA0061700662
B1802441905753S04152633WA0060200645
B1802481905781S04152613WA0059500639
B1802521905805S04152599WA0059000633
B1802561905830S04152583WA0058200623
B1803001905853S04152567WA0057400615
B1803041905877S04152547WA0056300604
B1803081905903S04152530WA0055700597
B1803121905923S04152508WA0055500594
B1803161905944S04152483WA0055000590
B1803201905970S04152458WA0054800588
B1803241905989S04152436WA0055100591
B1803281906010S04152412WA0054800588
B1803321906032S04152391WA0054900589
B1803361906048S04152371WA0055000589
B1803401906065S04152352WA0054700586
B1803441906085S04152338WA0054900586
B1803481906108S04152330WA0055300591
B1803521906123S04152344WA0055800595
B1803561906117S04152364WA0055900597
B1804001906093S04152355WA0055600595
B1804041906091S04152331WA0056300602
B1804081906107S04152321WA0056800607
B1804121906121S04152339WA0056700607
B1804161906116S04152361WA0057000610
B1804201906096S04152348WA0057000610
B1804241906087S04152328WA0057900619
B1804281906102S04152315WA0057900618
B1804321906116S04152330WA0058200622
B1804361906112S04152351WA0058700628
B1804401906093S04152350WA0058700630
B1804441906076S04152336WA0059400637
B1804481906084S04152316WA0059700640
B1804521906102S04152323WA0059900642
B1804561906106S04152345WA0060300646
B1805001906092S04152357WA0060700651
B1805041906073S04152348WA0061000654
B1805081906077S04152324WA0061300657
B1805121906096S04152319WA0061700662
B1805161906112S04152334WA0062000665
B1805201906107S04152353WA0062100666
B1805241906085S04152354WA0062300669
B1805281906073S04152335WA0062800673
B1805321906082S04152316WA0063300678
B1805361906102S04152315WA0063300678
B1805401906115S04152337WA0063300677
B1805441906112S04152358WA0063700683
B1805481906096S04152373WA0063500681
B1805521906075S04152368WA0064100687
B1805561906064S04152347WA0064600692
B1806001906078S04152331WA0064900695
B1806041906098S04152337WA0065400701
B1806081906103S04152362WA0065900707
B1806121906084S04152370WA0066300711
B1806161906070S04152356WA0067000718
B1806201906083S04152338WA0067100720
B1806241906103S04152341WA0067900727
B1806281906120S04152360WA0068000729
B1806321906116S04152381WA0068400732
B1806361906096S04152389WA0068400732
B1806401906084S04152369WA0068800736
B1806441906095S04152351WA0069500743
B1806481906116S04152355WA0069800746
B1806521906122S04152380WA0069700745
B1806561906107S04152397WA0069700746
B1807001906085S04152396WA0070200751
B1807041906075S04152378WA0070600755
B1807081906090S04152361WA0071000759
B1807121906109S04152370WA0071300761
B1807161906113S04152392WA0071200760
B1807201906099S04152410WA0071300762
B1807241906078S04152413WA0071400764
B1807281906061S04152399WA0071900768
B1807321906063S04152379WA0072400773
B1807361906082S04152365WA0072200771
B1807401906102S04152350WA0072600776
B1807441906124S04152338WA0072900778
B1807481906146S04152322WA0073000780
B1807521906169S04152306WA0072600777
B1807561906195S04152288WA0071700768
B1808001906224S04152265WA0070200752
B1808041906255S04152243WA0069100741
B1808081906282S04152221WA0067900728
B1808121906309S04152196WA0066600715
B1808161906337S04152172WA0066000708
B1808201906365S04152152WA0065400702
B1808241906396S04152132WA0064800695
B1808281906423S04152113WA0064500691
B1808321906449S04152089WA0063700684
B1808361906475S04152067WA0063100676
B1808401906504S04152046WA0062400669
B1808441906531S04152027WA0062400669
B1808481906544S04152014WA0064100685
B1808521906560S04152001WA0064400688
B1808561906579S04152012WA0064900695
B1809001906576S04152032WA0066000706
B1809041906557S04152039WA0066500712
B1809081906543S04152019WA0067000718
B1809121906549S04151996WA0067800725
B1809161906568S04151986WA0068600733
B1809201906583S04151998WA0069500743
B1809241906584S04152021WA0070100749
B1809281906565S04152031WA0070600755
B1809321906549S04152015WA0071300763
B1809361906556S04151994WA0072200773
B1809401906576S04151985WA0073500785
B1809441906591S04152001WA0074200792
B1809481906581S04152018WA0074600798
B1809521906561S04152008WA0075100802
B1809561906566S04151986WA0075800810
B1810001906584S04151980WA0077000823
B1810041906597S04151993WA0077600830
B1810081906586S04152009WA0077800833
B1810121906563S04152005WA0078400840
B1810161906551S04151990WA0079200848
B1810201906559S04151973WA0080100858
B1810241906575S04151979WA0081100868
B1810281906567S04152000WA0081500871
B1810321906548S04152004WA0081900875
B1810361906534S04151989WA0082400881
B1810401906547S04151970WA0082900886
B1810441906570S04151972WA0083900897
B1810481906574S04151990WA0084600904
B1810521906559S04152003WA0084800906
B1810561906545S04151987WA0085400912
B1811001906554S04151966WA0086100918
B1811041906577S04151958WA0086800926
B1811081906595S04151967WA0087900938
B1811121906603S04151986WA0088100939
B1811161906583S04151995WA0088400942
B1811201906575S04151975WA0088900947
B1811241906588S04151960WA0089700956
B1811281906611S04151957WA0090000959
B1811321906626S04151972WA0090400963
B1811361906619S04151993WA0090400963
B1811401906599S04151989WA0090900968
B1811441906589S04151966WA0091000969
B1811481906592S04151939WA0091900979
B1811521906608S04151924WA0092800989
B1811561906627S04151933WA0093300993
B1812001906618S04151952WA0093500996
B1812041906596S04151946WA0093900999
B1812081906579S04151930WA0094901009
B1812121906586S04151910WA0095501015
B1812161906610S04151908WA0096101023
B1812201906620S04151928WA0097301036
B1812241906599S04151937WA0097701041
B1812281906580S04151928WA0098701052
B1812321906571S04151909WA0099001055
B1812361906584S04151890WA0099401058
B1812401906608S04151888WA0099601061
B1812441906635S04151889WA0100801073
B1812481906652S04151901WA0102101086
B1812521906636S04151915WA0102301088
B1812561906621S04151901WA0103201098
B1813001906628S04151880WA0104201108
B1813041906647S04151864WA0105401121
B1813081906652S04151845WA0106101128
B1813121906637S04151835WA0106301130
B1813161906624S04151850WA0106401132
B1813201906624S04151871WA0106501132
B1813241906637S04151897WA0106901137
B1813281906654S04151914WA0108001148
B1813321906677S04151909WA0108401153
B1813361906668S04151888WA0108601154
B1813401906650S04151885WA0109201161
B1813441906646S04151905WA0109601166
B1813481906664S04151920WA0110201172
B1813521906690S04151924WA0110101172
B1813561906713S04151931WA0110701177
B1814001906741S04151938WA0110101171
B1814041906764S04151945WA0110601174
B1814081906790S04151949WA0110001169
B1814121906814S04151953WA0109901168
B1814161906840S04151956WA0109301161
B1814201906862S04151961WA0109101159
B1814241906888S04151969WA0108501152
B1814281906917S04151975WA0107801147
B1814321906950S04151982WA0107301142
B1814361906985S04151988WA0106901138
B1814401907021S04151994WA0106501134
B1814441907057S04152004WA0106201130
B1814481907090S04152012WA0106101129
B1814521907120S04152024WA0105801126
B1814561907152S04152030WA0105401121
B1815001907186S04152036WA0104701115
B1815041907218S04152041WA0104201111
B1815081907251S04152046WA0103501102
B1815121907288S04152052WA0102501092
B1815161907324S04152057WA0101901086
B1815201907361S04152061WA0101201079
B1815241907395S04152072WA0100701073
B1815281907426S04152090WA0099901065
B1815321907456S04152108WA0099501061
B1815361907489S04152117WA0099101056
B1815401907513S04152093WA0098301049
B1815441907505S04152061WA0097901044
B1815481907479S04152048WA0097301039
B1815521907450S04152034WA0096401029
B1815561907419S04152019WA0095501019
B1816001907390S04152001WA0094601010
B1816041907360S04151987WA0093701001
B1816081907329S04151982WA0093100995
B1816121907298S04151971WA0092200986
B1816161907267S04151960WA0091500978
B1816201907236S04151955WA0090600969
B1816241907204S04151952WA0089700960
B1816281907173S04151947WA0089000951
B1816321907143S04151939WA0087900940
B1816361907112S04151927WA0086700927
B1816401907083S04151909WA0085600916
B1816441907053S04151891WA0084900909
B1816481907024S04151873WA0084500905
B1816521906992S04151860WA0084700907
B1816561906967S04151849WA0085700916
B1817001906939S04151832WA0085200912
B1817041906908S04151816WA0085100910
B1817081906886S04151806WA0086400921
B1817121906877S04151792WA0086300918
B1817161906863S04151776WA0085900914
B1817201906841S04151779WA0085700913
B1817241906816S04151784WA0085300909
B1817281906789S04151789WA0085100908
B1817321906764S04151794WA0085300910
B1817361906740S04151797WA0085700915
B1817401906716S04151796WA0085600914
B1817441906693S04151794WA0085200910
B1817481906671S04151785WA0084800906
B1817521906649S04151770WA0084200899
B1817561906628S04151764WA0084400900
B1818001906604S04151756WA0084100898
B1818041906581S04151751WA0084400901
B1818081906557S04151743WA0085000908
B1818121906538S04151736WA0085900917
B1818161906526S04151718WA0086500923
B1818201906533S04151697WA0087100929
B1818241906557S04151692WA0087100929
B1818281906568S04151711WA0087700935
B1818321906560S04151730WA0088000938
B1818361906538S04151738WA0088500944
B1818401906516S04151736WA0089000950
B1818441906509S04151713WA0089400954
B1818481906527S04151699WA0090100961
B1818521906545S04151710WA0090500966
B1818561906543S04151731WA0091100972
B1819001906523S04151734WA0091500976
B1819041906508S04151716WA0092100983
B1819081906518S04151695WA0092500987
B1819121906542S04151697WA0092700989
B1819161906550S04151717WA0093300995
B1819201906537S04151734WA0093600998
B1819241906513S04151740WA0094201005
B1819281906498S04151724WA0094701009
B1819321906507S04151701WA0095001012
B1819361906530S04151690WA0095401016
B1819401906545S04151706WA0095701018
B1819441906540S04151729WA0096101024
B1819481906523S04151741WA0096701031
B1819521906500S04151733WA0097101035
B1819561906501S04151710WA0097501038
B1820001906525S04151704WA0097701040
B1820041906539S04151721WA0098001043
B1820081906529S04151740WA0098701051
B1820121906507S04151738WA0099301058
B1820161906501S04151715WA0099501059
B1820201906519S04151699WA0099801062
B1820241906542S04151705WA0100201067
B1820281906550S04151723WA0100701071
B1820321906537S04151739WA0101201077
B1820361906515S04151735WA0101801083
B1820401906507S04151712WA0102201088
B1820441906525S04151695WA0102501090
B1820481906547S04151692WA0102801094
B1820521906552S04151713WA0102801094
B1820561906539S04151729WA0103401100
B1821001906518S04151731WA0103701104
B1821041906500S04151714WA0104001107
B1821081906507S04151690WA0104301110
B1821121906530S04151689WA0104701114
B1821161906547S04151702WA0105201119
B1821201906566S04151718WA0105601124
B1821241906574S04151736WA0105801126
B1821281906555S04151748WA0106101129
B1821321906537S04151732WA0106301132
B1821361906539S04151708WA0106501133
B1821401906560S04151701WA0106701136
B1821441906579S04151713WA0107101140
B1821481906593S04151731WA0107701146
B1821521906592S04151756WA0108201152
B1821561906573S04151764WA0109201162
B1822001906556S04151747WA0109401165
B1822041906565S04151725WA0109901170
B1822081906585S04151722WA0110501176
B1822121906593S04151743WA0110701178
B1822161906580S04151763WA0111401186
B1822201906561S04151765WA0111901191
B1822241906548S04151745WA0112001193
B1822281906556S04151724WA0112801200
B1822321906574S04151718WA0113001203
B1822361906584S04151734WA0113501207
B1822401906569S04151750WA0113601209
B1822441906548S04151742WA0114201215
B1822481906542S04151720WA0114401218
B1822521906557S04151704WA0114801221
B1822561906575S04151713WA0115001223
B1823001906575S04151733WA0115201226
B1823041906559S04151748WA0115501230
B1823081906537S04151744WA0116001236
B1823121906523S04151723WA0116201238
B1823161906508S04151703WA0116701243
B1823201906497S04151679WA0116901246
B1823241906489S04151655WA0116901244
B1823281906487S04151626WA0116401239
B1823321906484S04151600WA0116101236
B1823361906482S04151573WA0115901233
B1823401906483S04151547WA0115301227
B1823441906486S04151519WA0114701220
B1823481906487S04151492WA0114001212
B1823521906481S04151464WA0113401207
B1823561906475S04151437WA0113001202
B1824001906468S04151410WA0112701200
B1824041906462S04151384WA0112401196
B1824081906457S04151358WA0111901192
B1824121906452S04151333WA0111501187
B1824161906450S04151307WA0110901181
B1824201906446S04151281WA0110301175
B1824241906440S04151256WA0109701169
B1824281906433S04151230WA0109201164
B1824321906427S04151203WA0108801159
B1824361906423S04151175WA0108901160
B1824401906420S04151148WA0108501157
B1824441906414S04151122WA0108501156
B1824481906407S04151097WA0107801148
B1824521906400S04151072WA0107401144
B1824561906398S04151048WA0106801138
B1825001906398S04151023WA0106601136
B1825041906395S04151000WA0106301133
B1825081906389S04150977WA0106101131
B1825121906385S04150954WA0106101131
B1825161906381S04150930WA0106001130
B1825201906375S04150906WA0105901129
B1825241906367S04150882WA0105301123
B1825281906359S04150857WA0104901119
B1825321906354S04150830WA0104201113
B1825361906352S04150804WA0103801108
B1825401906348S04150776WA0103301103
B1825441906346S04150749WA0103101099
B1825481906347S04150719WA0102501094
B1825521906351S04150687WA0102001089
B1825561906354S04150653WA0101301082
B1826001906357S04150616WA0100601074
B1826041906361S04150579WA0099801065
B1826081906365S04150542WA0098701054
B1826121906367S04150506WA0097801045
B1826161906372S04150471WA0096901034
B1826201906378S04150435WA0095901024
B1826241906384S04150395WA0094601011
B1826281906391S04150355WA0093901003
B1826321906397S04150317WA0093100994
B1826361906402S04150280WA0092000983
B1826401906407S04150242WA0090900973
B1826441906413S04150204WA0090000963
B1826481906419S04150167WA0089200953
B1826521906426S04150129WA0088000941
B1826561906433S04150091WA0087100932
B1827001906437S04150054WA0086200921
B1827041906441S04150015WA0085000910
B1827081906446S04149977WA0084000899
B1827121906450S04149938WA0083100889
B1827161906458S04149905WA0083200890
B1827201906470S04149886WA0083800895
B1827241906477S04149858WA0083800896
B1827281906496S04149845WA0084600904
B1827321906516S04149858WA0085000908
B1827361906505S04149874WA0085100910
B1827401906487S04149867WA0085600915
B1827441906473S04149846WA0086300923
B1827481906484S04149827WA0087100930
B1827521906506S04149835WA0087400933
B1827561906507S04149858WA0087800938
B1828001906497S04149874WA0088600946
B1828041906478S04149878WA0088100941
B1828081906460S04149862WA0088700949
B1828121906461S04149843WA0089800959
B1828161906484S04149843WA0089900962
B1828201906503S04149858WA0091000972
B1828241906500S04149878WA0090900972
B1828281906480S04149885WA0091000972
B1828321906458S04149877WA0090200965
B1828361906442S04149854WA0090700969
B1828401906441S04149835WA0091300975
B1828441906459S04149817WA0091400976
B1828481906484S04149818WA0092000983
B1828521906498S04149837WA0092500987
B1828561906481S04149850WA0093100993
B1829001906470S04149833WA0093901001
B1829041906483S04149815WA0094401006
B1829081906508S04149820WA0094801011
B1829121906521S04149841WA0095701020
B1829161906512S04149858WA0096601030
B1829201906493S04149842WA0096901034
B1829241906480S04149825WA0097901044
B1829281906462S04149808WA0097901047
B1829321906441S04149784WA0098101050
B1829361906423S04149759WA0098401053
B1829401906405S04149733WA0098201050
B1829441906383S04149704WA0098201051
B1829481906364S04149676WA0098101050
B1829521906345S04149645WA0097201041
B1829561906325S04149616WA0096701035
B1830001906305S04149588WA0096101027
B1830041906286S04149558WA0095301019
B1830081906268S04149527WA0094801014
B1830121906251S04149499WA0094201008
B1830161906237S04149469WA0094001006
B1830201906223S04149440WA0094101006
B1830241906209S04149409WA0094701011
B1830281906203S04149389WA0096401029
B1830321906213S04149366WA0096901034
B1830361906228S04149379WA0097201038
B1830401906214S04149393WA0098201048
B1830441906200S04149392WA0099301060
B1830481906194S04149373WA0100201069
B1830521906211S04149358WA0101301081
B1830561906226S04149370WA0102201090
B1831001906218S04149387WA0103001099
B1831041906202S04149384WA0104201111
B1831081906205S04149360WA0104901118
B1831121906227S04149358WA0106301134
B1831161906230S04149377WA0107101142
B1831201906215S04149384WA0108301154
B1831241906206S04149362WA0108801159
B1831281906227S04149343WA0109901172
B1831321906246S04149346WA0111101183
B1831361906249S04149367WA0111401187
B1831401906234S04149373WA0112701199
B1831441906223S04149352WA0113301206
B1831481906239S04149336WA0114401217
B1831521906256S04149350WA0114801222
B1831561906248S04149369WA0115701231
B1832001906236S04149380WA0116901244
B1832041906219S04149367WA0117101246
B1832081906221S04149340WA0118001256
B1832121906243S04149332WA0118901265
B1832161906257S04149348WA0119601271
B1832201906252S04149369WA0120101277
B1832241906233S04149363WA0120701283
B1832281906224S04149338WA0121301289
B1832321906238S04149317WA0122101298
B1832361906258S04149321WA0122301300
B1832401906264S04149343WA0122601304
B1832441906250S04149353WA0123401313
B1832481906230S04149342WA0123901318
B1832521906231S04149317WA0124401324
B1832561906250S04149309WA0124901328
B1833001906266S04149325WA0125001329
B1833041906256S04149345WA0125301333
B1833081906234S04149347WA0125901339
B1833121906219S04149329WA0126701347
B1833161906232S04149311WA0126901349
B1833201906251S04149319WA0127401354
B1833241906249S04149341WA0127801359
B1833281906227S04149345WA0128401364
B1833321906212S04149326WA0128901370
B1833361906218S04149303WA0129201374
B1833401906239S04149294WA0129201375
B1833441906238S04149266WA0129501377
B1833481906228S04149241WA0129801382
B1833521906219S04149212WA0130401387
B1833561906212S04149188WA0130801391
B1834001906200S04149163WA0130601389
B1834041906187S04149139WA0130101385
B1834081906174S04149108WA0128801371
B1834121906160S04149070WA0127501358
B1834161906147S04149032WA0127001353
B1834201906134S04148997WA0126501348
B1834241906122S04148961WA0125801341
B1834281906110S04148926WA0125301337
B1834321906098S04148893WA0125201335
B1834361906085S04148860WA0124801331
B1834401906071S04148828WA0124401327
B1834441906055S04148796WA0124001323
B1834481906040S04148762WA0123501318
B1834521906026S04148731WA0123301314
B1834561906014S04148699WA0122501307
B1835001906001S04148665WA0121801299
B1835041905985S04148631WA0121201294
B1835081905972S04148596WA0120601288
B1835121905960S04148561WA0120301284
B1835161905948S04148527WA0119701277
B1835201905938S04148493WA0119001270
B1835241905927S04148460WA0118201262
B1835281905915S04148428WA0117401253
B1835321905902S04148397WA0116401243
B1835361905890S04148365WA0115301231
B1835401905879S04148332WA0114201219
B1835441905866S04148298WA0112701204
B1835481905855S04148265WA0111601192
B1835521905842S04148231WA0110501180
B1835561905824S04148203WA0109701172
B1836001905793S04148208WA0108601161
B1836041905775S04148242WA0108001154
B1836081905769S04148280WA0106901143
B1836121905764S04148323WA0105801132
B1836161905760S04148362WA0105401128
B1836201905755S04148401WA0104701122
B1836241905752S04148439WA0104001114
B1836281905744S04148474WA0103201106
B1836321905740S04148510WA0102601100
B1836361905737S04148544WA0102001093
B1836401905733S04148580WA0101401087
B1836441905730S04148614WA0101001082
B1836481905727S04148648WA0100401077
B1836521905724S04148683WA0099801070
B1836561905722S04148717WA0099201064
B1837001905719S04148752WA0098301056
B1837041905716S04148785WA0097801050
B1837081905713S04148818WA0097101042
B1837121905710S04148851WA0096201033
B1837161905707S04148884WA0095201022
B1837201905703S04148918WA0093801007
B1837241905702S04148953WA0092500994
B1837281905702S04148989WA0091300981
B1837321905701S04149026WA0090200969
B1837361905698S04149060WA0089500962
B1837401905696S04149093WA0089100957
B1837441905694S04149127WA0088600952
B1837481905690S04149160WA0088200948
B1837521905687S04149195WA0087700943
B1837561905684S04149228WA0087400939
B1838001905680S04149263WA0086700933
B1838041905675S04149297WA0086500930
B1838081905670S04149330WA0086400928
B1838121905665S04149365WA0085700921
B1838161905661S04149400WA0085400918
B1838201905657S04149435WA0084800911
B1838241905654S04149471WA0084000902
B1838281905650S04149507WA0083000893
B1838321905647S04149543WA0081900881
B1838361905644S04149581WA0080900870
B1838401905641S04149616WA0080200863
B1838441905637S04149651WA0079200852
B1838481905635S04149686WA0078200842
B1838521905633S04149723WA0077000829
B1838561905629S04149761WA0075900817
B1839001905625S04149797WA0075400812
B1839041905620S04149833WA0074700805
B1839081905615S04149869WA0074500803
B1839121905609S04149902WA0074300800
B1839161905604S04149937WA0073700795
B1839201905600S04149970WA0073300791
B1839241905597S04150003WA0072600783
B1839281905594S04150038WA0071600773
B1839321905591S04150072WA0070900766
B1839361905587S04150105WA0070100757
B1839401905583S04150139WA0069300748
B1839441905577S04150173WA0068500739
B1839481905572S04150207WA0067600730
B1839521905567S04150242WA0066600719
B1839561905561S04150277WA0065700710
B1840001905555S04150311WA0065000703
B1840041905548S04150343WA0064100694
B1840081905542S04150377WA0063100683
B1840121905536S04150410WA0062200673
B1840161905531S04150444WA0061000661
B1840201905525S04150478WA0059900650
B1840241905521S04150511WA0059000639
B1840281905514S04150546WA0058100630
B1840321905506S04150578WA0057900628
B1840361905500S04150603WA0058600633
B1840401905496S04150622WA0058600634
B1840441905488S04150645WA0058800635
B1840481905481S04150666WA0058700634
B1840521905471S04150684WA0059000637
B1840561905462S04150704WA0058700634
B1841001905453S04150722WA0058700634
B1841041905447S04150746WA0058200628
B1841081905444S04150769WA0057900625
B1841121905443S04150794WA0057400621
B1841161905444S04150817WA0057300619
B1841201905442S04150841WA0057000616
B1841241905441S04150865WA0056800613
B1841281905438S04150889WA0056400609
B1841321905436S04150913WA0056000604
B1841361905432S04150938WA0055500598
B1841401905427S04150964WA0055000593
B1841441905421S04150989WA0054400587
B1841481905413S04151016WA0053600579
B1841521905407S04151041WA0053000572
B1841561905399S04151066WA0052200563
B1842001905392S04151089WA0051300553
B1842041905385S04151113WA0050500544
B1842081905378S04151138WA0049100531
B1842121905370S04151171WA0047500516
B1842161905362S04151204WA0046400504
B1842201905354S04151237WA0045300492
B1842241905349S04151270WA0044400482
B1842281905342S04151302WA0043100469
B1842321905334S04151336WA0041900456
B1842361905328S04151367WA0041500453
B1842401905323S04151393WA0041600452
B1842441905319S04151422WA0041500451
B1842481905314S04151442WA0041900455
B1842521905308S04151470WA0041500450
B1842561905303S04151492WA0041600451
B1843001905297S04151519WA0041500450
B1843041905291S04151545WA0041400450
B1843081905282S04151569WA0041600453
B1843121905276S04151593WA0041600452
B1843161905277S04151616WA0041900455
B1843201905294S04151633WA0041700453
B1843241905318S04151633WA0042000456
B1843281905343S04151628WA0041900454
B1843321905360S04151613WA0042100456
B1843361905372S04151590WA0041800453
B1843401905372S04151566WA0042200458
B1843441905358S04151545WA0041900455
B1843481905346S04151525WA0042200460
B1843521905332S04151505WA0042000456
B1843561905315S04151487WA0041800455
B1844001905293S04151476WA0041800455
B1844041905273S04151488WA0042100458
B1844081905262S04151510WA0042300460
B1844121905252S04151536WA0042400461
B1844161905247S04151561WA0042600463
B1844201905253S04151583WA0042900466
B1844241905262S04151606WA0042500462
B1844281905266S04151630WA0042600463
B1844321905269S04151654WA0042300458
B1844361905274S04151678WA0042100456
B1844401905276S04151702WA0041600451
B1844441905277S04151729WA0041100446
B1844481905279S04151752WA0040500439
B1844521905286S04151777WA0039900433
B1844561905300S04151797WA0039400427
B1845001905323S04151802WA0039000423
B1845041905341S04151784WA0038400416
B1845081905342S04151762WA0038000412
B1845121905327S04151745WA0037400406
B1845161905310S04151759WA0036700399
B1845201905320S04151779WA0036300394
B1845241905346S04151779WA0035800389
B1845281905367S04151767WA0035500385
B1845321905385S04151749WA0035000381
B1845361905391S04151727WA0034800377
B1845401905377S04151712WA0034500374
B1845441905359S04151717WA0034300372
B1845481905359S04151741WA0033700366
B1845521905380S04151747WA0033200361
B1845561905400S04151732WA0032800356
B1846001905412S04151710WA0032500353
B1846041905423S04151686WA0032500352
B1846081905429S04151661WA0032400352
B1846121905435S04151637WA0032300350
B1846161905433S04151614WA0032300351
B1846201905425S04151591WA0031700345
B1846241905410S04151575WA0031400341
B1846281905387S04151569WA0030800335
B1846321905367S04151572WA0030600333
B1846361905349S04151586WA0030200330
B1846401905343S04151608WA0030200330
B1846441905354S04151629WA0030200329
B1846481905374S04151644WA0030200329
B1846521905398S04151639WA0029800325
B1846561905411S04151621WA0030000326
B1847001905411S04151600WA0029700323
B1847041905417S04151576WA0029200318
B1847081905417S04151553WA0028700312
B1847121905406S04151533WA0028200307
B1847161905395S04151517WA0028400309
B1847201905383S04151505WA0028300308
B1847241905371S04151491WA0028200308
B1847281905365S04151474WA0028300309
B1847321905359S04151457WA0028200307
B1847361905340S04151449WA0027900304
B1847401905333S04151471WA0027500300
B1847441905343S04151493WA0027700302
B1847481905321S04151493WA0027100297
B1847521905335S04151474WA0026800293
B1847561905340S04151494WA0026300287
B1848001905320S04151482WA0026100282
B1848041905305S04151470WA0026100282
B1848081905284S04151460WA0025900281
B1848121905272S04151476WA0025600278
B1848161905296S04151486WA0025300274
B1848201905317S04151484WA0025100273
B1848241905329S04151502WA0024500267
B1848281905312S04151513WA0024100263
B1848321905294S04151516WA0023800260
B1848361905282S04151530WA0023600258
B1848401905273S04151551WA0022800250
B1848441905266S04151570WA0022800250
B1848481905264S04151581WA0022800249
B1848521905265S04151580WA0022800249
B1848561905265S04151580WA0022800249
B1849001905266S04151580WA0022900248
B1849041905266S04151580WA0022900248
B1849081905266S04151581WA0022800247
B1849121905266S04151581WA0022800247
B1849161905266S04151581WA0022800246
B1849201905266S04151580WA0022800246
B1849241905267S04151579WA0022800246
B1849281905267S04151579WA0022800246
B1849321905268S04151579WA0022900246
B1849361905268S04151579WA0022900247
B1849401905271S04151579WA0022900246
B1849441905273S04151579WA0022900247
B1849481905275S04151579WA0022900246
B1849521905278S04151579WA0022900246
B1849561905281S04151580WA0022700246
B1850001905282S04151582WA0022800247
B1850041905284S04151585WA0022800247
B1850081905287S04151586WA0022800247
B1850121905288S04151588WA0022700247
B1850161905290S04151591WA0022800247
B1850201905292S04151593WA0022800248
B1850241905294S04151595WA0022800249
B1850281905295S04151597WA0022800249
B1850321905295S04151597WA0022800249
B1850361905295S04151598WA0022800249
B1850401905297S04151600WA0022800250
B1850441905298S04151603WA0022800251
B1850481905299S04151606WA0022800252
B1850521905301S04151608WA0022800252
B1850561905302S04151610WA0022800252
B1851001905304S04151612WA0022900252
B1851041905304S04151615WA0022800252
B1851081905305S04151616WA0022900253
B1851121905305S04151616WA0022900253
B1851161905305S04151616WA0022900252
B1851201905304S04151616WA0022900253
B1851241905304S04151616WA0022900253
B1851281905304S04151616WA0022900253
B1851321905305S04151616WA0022900252
B1851361905304S04151616WA0022900252
B1851401905305S04151616WA0022800252
B1851441905305S04151616WA0022900251
B1851481905305S04151616WA0022900252
B1851521905305S04151616WA0022900251
B1851561905305S04151616WA0022900251
B1852001905304S04151616WA0022900251
B1852041905304S04151616WA0022800250
B1852081905304S04151616WA0022800249
B1852121905304S04151616WA0022800248
B1852161905304S04151616WA0022800248
B1852201905304S04151616WA0022800247
B1852241905304S04151616WA0022800247
B1852281905304S04151616WA0022800246
B1852321905304S04151616WA0022800246
B1852361905304S04151616WA0022800245
B1852401905304S04151616WA0022800245
B1852441905304S04151616WA0022800245
B1852481905304S04151616WA0022800245
B1852521905304S04151616WA0022800245
B1852561905304S04151616WA0022800245
B1853001905304S04151616WA0022800245
B1853041905304S04151616WA0022800245
B1853081905304S04151616WA0022800245
B1853121905304S04151616WA0022800245
B1853161905304S04151616WA0022800246
B1853201905304S04151616WA0022800246
B1853241905304S04151616WA0022800245
B1853281905304S04151616WA0022800245
B1853321905304S04151616WA0022800245
B1853361905304S04151616WA0022800245
B1853401905304S04151616WA0022800245
B1853441905304S04151616WA0022800245
B1853481905304S04151616WA0022800245
B1853521905304S04151616WA0022800245
B1853561905304S04151616WA0022800245
B1854001905304S04151616WA0022800245
B1854041905304S04151616WA0022800245
B1854081905304S04151616WA0022800245
B1854121905304S04151616WA0022800245
B1854161905304S04151617WA0022800244
B1854201905304S04151617WA0022800244
B1854241905304S04151617WA0022800244
B1854281905304S04151617WA0022800244
B1854321905304S04151617WA0022800244
B1854361905304S04151617WA0022800244
B1854401905304S04151617WA0022800244
B1854441905304S04151616WA0022800244
B1854481905304S04151616WA0022800245
B1854521905304S04151617WA0022800245
B1854561905304S04151617WA0022800245
B1855001905304S04151617WA0022800245
B1855041905304S04151617WA0022800246
B1855081905304S04151616WA0022800246
B1855121905304S04151616WA0022800247
B1855161905304S04151616WA0022800247
B1855201905304S04151616WA0022800248
B1855241905304S04151616WA0022800248
B1855281905304S04151616WA0022800248
B1855321905304S04151616WA0022800248
B1855361905304S04151616WA0022800248
B1855401905304S04151616WA0022800248
B1855441905304S04151616WA0022800249
B1855481905304S04151616WA0022800249
B1855521905304S04151616WA0022800249
B1855561905304S04151616WA0022800249
B1856001905304S04151616WA0022800249
B1856041905304S04151616WA0022800249
B1856081905304S04151616WA0022800249
B1856121905304S04151616WA0022800248
B1856161905304S04151616WA0022800248
B1856201905304S04151616WA0022800248
B1856241905304S04151616WA0022800247
B1856281905304S04151616WA0022800247
B1856321905304S04151616WA0022800247
B1856361905304S04151616WA0022800247
B1856401905304S04151616WA0022800247
B1856441905304S04151616WA0022800247
B1856481905304S04151616WA0022800247
B1856521905304S04151616WA0022800247
B1856561905304S04151616WA0022800247
B1857001905304S04151616WA0022800247
B1857041905304S04151616WA0022800247
B1857081905304S04151617WA0022800247
B1857121905304S04151616WA0022900247
B1857161905304S04151616WA0022800247
B1857201905304S04151617WA0022800247
B1857241905304S04151617WA0022800247
B1857281905304S04151616WA0022800246
B1857321905304S04151616WA0022800246
B1857361905304S04151616WA0022800247
B1857401905304S04151616WA0022800246
B1857441905304S04151616WA0022900246
B1857481905304S04151616WA0022800246
B1857521905304S04151616WA0022800246
B1857561905304S04151616WA0022900245
B1858001905304S04151616WA0022900244
B1858041905304S04151616WA0022800244
B1858081905304S04151616WA0022800244
B1858121905304S04151616WA0022800243
B1858161905304S04151616WA0022800243
B1858201905304S04151616WA0022800243
B1858241905304S04151616WA0022800243
B1858281905304S04151616WA0022800243
B1858321905304S04151616WA0022900243
B1858361905304S04151616WA0022800243
B1858401905304S04151616WA0022900243
B1858441905304S04151616WA0022800244
B1858481905304S04151616WA0022800244
B1858521905304S04151616WA0022900245
B1858561905304S04151616WA0022900245
B1859001905304S04151616WA0022900245
B1859041905304S04151616WA0022900245
B1859081905304S04151616WA0022800245
B1859121905304S04151616WA0022900245
B1859161905304S04151616WA0022900245
B1859201905304S04151616WA0022900245
B1859241905304S04151616WA0022900245
B1859281905304S04151616WA0022800245
B1859321905304S04151616WA0022800245
B1859361905304S04151616WA0022800245
B1859401905304S04151616WA0022900245
B1859441905304S04151616WA0022900245
B1859481905304S04151616WA0022800245
B1859521905304S04151616WA0022900245
B1859561905304S04151616WA0022900245
B1900001905304S04151616WA0022900245
B1900041905304S04151616WA0022900245
B1900081905304S04151616WA0022900245
B1900121905304S04151616WA0022900245
B1900161905304S04151616WA0022900245
B1900201905304S04151616WA0022900245
B1900241905304S04151616WA0022900245
B1900281905304S04151616WA0022900245
B1900321905304S04151616WA0022900246
B1900361905304S04151616WA0022900245
B1900401905304S04151616WA0022900245
B1900441905304S04151616WA0022800246
B1900481905304S04151616WA0022900245
B1900521905304S04151616WA0022900246
B1900561905304S04151616WA0022900246
B1901001905304S04151616WA0022900246
B1901041905304S04151616WA0022900246
B1901081905304S04151616WA0022900246
B1901121905304S04151616WA0022900246
B1901161905304S04151616WA0022800246
B1901201905304S04151616WA0022900246
B1901241905305S04151616WA0022900246
B1901281905305S04151616WA0022900246
B1901321905305S04151616WA0022800246
B1901361905305S04151616WA0022800246
B1901401905305S04151616WA0022800246
B1901441905305S04151616WA0022800246
B1901481905305S04151616WA0022800246
B1901521905305S04151616WA0022800246
B1901561905305S04151616WA0022800246
B1902001905305S04151616WA0022800246
B1902041905305S04151616WA0022800246
B1902081905305S04151616WA0022800246
B1902121905305S04151616WA0022800246
B1902161905305S04151616WA0022800247
B1902201905305S04151616WA0022800247
B1902241905305S04151616WA0022800246
B1902281905305S04151616WA0022800246
B1902321905305S04151616WA0022800246
B1902361905305S04151616WA0022800246
B1902401905305S04151616WA0022800246
B1902441905305S04151616WA0022800246
B1902481905305S04151616WA0022800246
B1902521905305S04151616WA0022800247
B1902561905305S04151616WA0022800246
B1903001905305S04151616WA0022800246
B1903041905305S04151616WA0022800246
B1903081905304S04151616WA0022800245
B1903121905304S04151616WA0022800245
B1903161905304S04151616WA0022800245
B1903201905304S04151616WA0022800245
B1903241905304S04151616WA0022800244
B1903281905304S04151616WA0022800244
B1903321905304S04151616WA0022800244
B1903361905304S04151616WA0022800244
B1903401905304S04151616WA0022800244
B1903441905304S04151616WA0022800244
B1903481905304S04151615WA0022900245
B1903521905304S04151615WA0022900245
B1903561905304S04151616WA0022800245
B1904001905304S04151616WA0022800244
B1904041905304S04151616WA0022800244
B1904081905304S04151616WA0022800244
B1904121905304S04151616WA0022800244
B1904161905304S04151616WA0022800244
B1904201905304S04151616WA0022800245
B1904241905304S04151616WA0022800245
B1904281905304S04151616WA0022800245
B1904321905304S04151616WA0022800245
B1904361905304S04151617WA0022800245
B1904401905304S04151617WA0022800245
B1904441905304S04151617WA0022800245
B1904481905304S04151617WA0022800245
B1904521905304S04151617WA0022800245
B1904561905304S04151616WA0022800245
B1905001905304S04151616WA0022800245
B1905041905304S04151616WA0022800245
B1905081905304S04151616WA0022800245
B1905121905304S04151616WA0022800245
B1905161905304S04151617WA0022800245
B1905201905304S04151617WA0022800245
B1905241905304S04151616WA0022800245
B1905281905304S04151616WA0022800245
B1905321905304S04151616WA0022800246
B1905361905304S04151616WA0022800246
B1905401905304S04151616WA0022800246
B1905441905304S04151616WA0022800246
B1905481905304S04151616WA0022800246
B1905521905304S04151616WA0022800246
B1905561905304S04151616WA0022800246
B1906001905304S04151616WA0022800246
B1906041905304S04151616WA0022800246
B1906081905304S04151616WA0022800246
B1906121905304S04151616WA0022800246
B1906161905304S04151616WA0022800246
B1906201905304S04151616WA0022800246
B1906241905304S04151616WA0022800246
B1906281905304S04151616WA0022800246
B1906321905304S04151616WA0022800246
B1906361905304S04151616WA0022800246
B1906401905304S04151616WA0022800246
B1906441905304S04151616WA0022800246
B1906481905304S04151616WA0022800246
B1906521905304S04151616WA0022800246
B1906561905304S04151616WA0022800246
B1907001905304S04151616WA0022800247
B1907041905304S04151616WA0022800247
B1907081905304S04151616WA0022800247
B1907121905304S04151616WA0022800247
B1907161905304S04151616WA0022800247
B1907201905304S04151616WA0022800247
B1907241905304S04151616WA0022800247
B1907281905304S04151616WA0022800248
B1907321905304S04151616WA0022800248
B1907361905304S04151616WA0022800248
B1907401905304S04151616WA0022800248
B1907441905304S04151616WA0022800247
B1907481905304S04151616WA0022800247
B1907521905304S04151616WA0022800247
B1907561905304S04151616WA0022800247
B1908001905304S04151616WA0022800247
B1908041905304S04151616WA0022800247
B1908081905304S04151616WA0022800246
B1908121905304S04151616WA0022800246
B1908161905304S04151616WA0022800246
B1908201905304S04151616WA0022800246
B1908241905304S04151616WA0022800246
B1908281905304S04151616WA0022800245
B1908321905304S04151616WA0022800245
B1908361905304S04151616WA0022800245
B1908401905304S04151616WA0022800244
B1908441905304S04151616WA0022800244
B1908481905304S04151616WA0022800244
B1908521905304S04151616WA0022800244
B1908561905304S04151616WA0022800244
B1909001905304S04151616WA0022800244
B1909041905304S04151616WA0022800244
B1909081905304S04151616WA0022800244
B1909121905304S04151616WA0022800244
B1909161905304S04151616WA0022800244
B1909201905304S04151616WA0022800244
B1909241905304S04151616WA0022800244
B1909281905304S04151616WA0022800244
B1909321905304S04151616WA0022800244
B1909361905304S04151616WA0022800244
B1909401905304S04151616WA0022800244
B1909441905304S04151616WA0022800244
B1909481905304S04151616WA0022800244
B1909521905304S04151616WA0022800244
B1909561905304S04151616WA0022800244
B1910001905304S04151616WA0022800244
B1910041905304S04151616WA0022800243
B1910081905304S04151616WA0022800243
B1910121905304S04151616WA0022800244
B1910161905304S04151616WA0022800244
B1910201905304S04151616WA0022800244
B1910241905304S04151616WA0022800244
B1910281905304S04151616WA0022800243
B1910321905304S04151616WA0022800243
B1910361905304S04151616WA0022800243
B1910401905304S04151616WA0022800243
B1910441905304S04151616WA0022800244
B1910481905304S04151616WA0022800244
B1910521905304S04151616WA0022800244
B1910561905304S04151616WA0022800244
B1911001905304S04151616WA0022800244
B1911041905304S04151616WA0022800244
B1911081905304S04151616WA0022800244
B1911121905304S04151616WA0022800244
B1911161905304S04151616WA0022800244
B1911201905304S04151616WA0022800243
B1911241905304S04151616WA0022800243
B1911281905304S04151616WA0022800243
B1911321905304S04151616WA0022800243
B1911361905304S04151616WA0022800243
B1911401905304S04151616WA0022800243
B1911441905304S04151616WA0022800243
B1911481905304S04151616WA0022800243
B1911521905304S04151616WA0022800243
B1911561905304S04151616WA0022800244
B1912001905304S04151616WA0022800244
B1912041905304S04151616WA0022800244
B1912081905304S04151616WA0022800244
B1912121905304S04151616WA0022800245
B1912161905304S04151616WA0022800245
B1912201905304S04151616WA0022800246
B1912241905304S04151616WA0022800246
B1912281905304S04151615WA0022800246
B1912321905304S04151615WA0022800246
B1912361905304S04151615WA0022800246
B1912401905304S04151615WA0022800246
B1912441905304S04151615WA0022800246
B1912481905304S04151616WA0022800245
B1912521905304S04151616WA0022800245
B1912561905304S04151616WA0022800245
B1913001905304S04151616WA0022800245
B1913041905304S04151616WA0022800244
B1913081905304S04151616WA0022800244
B1913121905304S04151616WA0022800244
B1913161905304S04151616WA0022800244
B1913201905304S04151616WA0022800244
B1913241905304S04151615WA0022800244
B1913281905304S04151615WA0022800244
B1913321905304S04151615WA0022800244
B1913361905304S04151615WA0022800244
B1913401905304S04151615WA0022800244
B1913441905304S04151615WA0022700245
B1913481905304S04151615WA0022700245
B1913521905304S04151615WA0022800245
B1913561905304S04151615WA0022800245
B1914001905304S04151615WA0022700245
B1914041905304S04151616WA0022800245
B1914081905304S04151616WA0022800245
B1914121905304S04151615WA0022800245
B1914161905304S04151615WA0022800244
B1914201905304S04151616WA0022800244
B1914241905303S04151616WA0022700244
B1914281905303S04151616WA0022800244
B1914321905304S04151615WA0022800244
B1914361905303S04151615WA0022800244
B1914401905303S04151615WA0022800244
B1914441905303S04151616WA0022800244
B1914481905303S04151616WA0022800245
B1914521905303S04151616WA0022800245
B1914561905303S04151616WA0022800245
B1915001905303S04151616WA0022800245
B1915041905303S04151616WA0022800245
B1915081905303S04151615WA0022800245
B1915121905303S04151615WA0022800245
B1915161905303S04151615WA0022800246
B1915201905303S04151615WA0022800244
B1915241905303S04151615WA0022800245
B1915281905303S04151615WA0022800245
B1915321905303S04151615WA0022800244
B1915361905303S04151615WA0022800245
B1915401905303S04151615WA0022800245
B1915441905303S04151615WA0022800247
B1915481905303S04151615WA0022800246
B1915521905303S04151616WA0022800246
B1915561905303S04151615WA0022800246
B1916001905303S04151616WA0022800246
B1916041905303S04151615WA0022800246
B1916081905304S04151615WA0022700246
B1916121905304S04151615WA0022700246
B1916161905304S04151615WA0022800246
B1916201905304S04151615WA0022700247
B1916241905304S04151615WA0022700247
B1916281905304S04151615WA0022700247
B1916321905304S04151615WA0022800248
B1916361905304S04151615WA0022800248
B1916401905304S04151615WA0022800248
B1916441905304S04151615WA0022800249
B1916481905304S04151615WA0022700249
B1916521905304S04151615WA0022800248
B1916561905304S04151615WA0022800248
B1917001905304S04151615WA0022800248
B1917041905304S04151615WA0022800248
B1917081905304S04151614WA0022800248
B1917121905304S04151614WA0022800247
B1917161905304S04151614WA0022800247
B1917201905304S04151614WA0022800247
B1917241905304S04151615WA0022800246
B1917281905303S04151615WA0022700245
B1917321905305S04151615WA0022900245
B1917361905307S04151616WA0022800246
B1917401905307S04151616WA0022800249
B1917441905308S04151616WA0022900248
B1917481905310S04151617WA0022900247
B1917521905312S04151616WA0022900248
B1917561905313S04151616WA0022800248
B1918001905315S04151617WA0022900248
B1918041905316S04151618WA0022900248
B1918081905317S04151618WA0022900248
B1918121905317S04151619WA0022900247
B1918161905318S04151619WA0022900246
B1918201905320S04151620WA0022900246
B1918241905321S04151622WA0022900246
B1918281905323S04151626WA0022900246
B1918321905323S04151627WA0022900246
B1918361905323S04151627WA0022900246
B1918401905325S04151628WA0022900244
B1918441905327S04151628WA0023000244
B1918481905328S04151629WA0023000245
B1918521905328S04151630WA0023100245
B1918561905329S04151630WA0023100245
B1919001905328S04151630WA0023000246
B1919041905326S04151630WA0023000247
B1919081905325S04151630WA0022900247
B1919121905325S04151629WA0022900249
B1919161905326S04151627WA0022900251
B1919201905326S04151626WA0022900253
B1919241905326S04151625WA0022900255
B1919281905325S04151624WA0022900256
B1919321905325S04151623WA0022900257
B1919361905324S04151622WA0023000257
B1919401905323S04151621WA0022900256
B1919441905323S04151621WA0022900254
B1919481905323S04151620WA0022900254
B1919521905322S04151620WA0023000252
B1919561905322S04151621WA0022900252
B1920001905322S04151620WA0022900251
B1920041905322S04151620WA0022900250
B1920081905322S04151620WA0022900250
B1920121905322S04151620WA0022900250
B1920161905322S04151619WA0022900249
B1920201905322S04151619WA0022900248
B1920241905322S04151619WA0022900247
B1920281905322S04151618WA0022900247
B1920321905322S04151618WA0022900246
B1920361905322S04151618WA0022900246
B1920401905322S04151618WA0022900246
B1920441905322S04151617WA0022900246
B1920481905322S04151617WA0022900246
B1920521905322S04151617WA0022900246
B1920561905322S04151618WA0022900246
B1921001905322S04151618WA0022900246
B1921041905322S04151618WA0022900245
B1921081905322S04151617WA0022900245
B1921121905322S04151617WA0022900246
B1921161905322S04151617WA0022900246
B1921201905321S04151617WA0022900247
B1921241905322S04151618WA0022900246
B1921281905321S04151619WA0022900246
B1921321905321S04151619WA0022900245
B1921361905321S04151619WA0022900244
B1921401905321S04151620WA0022900244
B1921441905321S04151620WA0022900245
B1921481905321S04151620WA0022900245
B1921521905320S04151620WA0022900246
B1921561905321S04151619WA0022900247
B1922001905321S04151618WA0022900247
B1922041905322S04151618WA0022900247
B1922081905322S04151618WA0022900246
B1922121905322S04151618WA0022900245
B1922161905322S04151617WA0022900244
B1922201905321S04151617WA0022900245
B1922241905322S04151618WA0022900245
B1922281905322S04151618WA0022900244
B1922321905322S04151619WA0022900244
B1922361905322S04151619WA0022900244
B1922401905322S04151619WA0022900245
B1922441905322S04151619WA0022900245
B1922481905322S04151620WA0022900244
B1922521905322S04151620WA0022900244
B1922561905322S04151620WA0022900244
B1923001905322S04151620WA0022900244
B1923041905322S04151620WA0022900243
B1923081905322S04151620WA0022900243
B1923121905321S04151620WA0022900242
B1923161905321S04151621WA0022900242
B1923201905321S04151621WA0022900242
B1923241905320S04151620WA0022900244
B1923281905320S04151620WA0022900244
B1923321905320S04151620WA0022900244
B1923361905321S04151620WA0022900244
B1923401905321S04151620WA0022900243
B1923441905321S04151621WA0022900243
B1923481905321S04151621WA0022900243
B1923521905321S04151621WA0022900243
B1923561905321S04151621WA0022900245
B1924001905322S04151621WA0022900245
B1924041905322S04151621WA0022900246
B1924081905322S04151621WA0022900246
B1924121905322S04151621WA0022900247
B1924161905323S04151621WA0022900246
B1924201905323S04151621WA0022900244
B1924241905323S04151621WA0022900243
B1924281905323S04151621WA0022900244
B1924321905323S04151621WA0022900244
B1924361905323S04151621WA0022900243
B1924401905323S04151621WA0022900244
B1924441905323S04151621WA0022900244
B1924481905323S04151621WA0022900244
B1924521905323S04151621WA0022900245
B1924561905323S04151621WA0022900245
B1925001905323S04151621WA0022900245
B1925041905323S04151621WA0022900245
B1925081905323S04151621WA0022900245
B1925121905323S04151621WA0022900245
B1925161905322S04151621WA0022900245
B1925201905322S04151621WA0022900244
B1925241905322S04151621WA0022900244
B1925281905322S04151621WA0022900243
B1925321905321S04151621WA0022900244
B1925361905321S04151621WA0022900243
B1925401905321S04151620WA0022900243
B1925441905321S04151620WA0022900243
B1925481905321S04151620WA0022900243
B1925521905320S04151620WA0022900244
B1925561905320S04151620WA0022900244
B1926001905320S04151619WA0022900244
B1926041905320S04151619WA0022900244
B1926081905320S04151619WA0022900244
B1926121905320S04151619WA0022900244
B1926161905320S04151619WA0022900244
B1926201905320S04151618WA0022900244
B1926241905320S04151618WA0022900244
B1926281905320S04151618WA0022900244
B1926321905320S04151619WA0022900243
B1926361905320S04151619WA0022900242
B1926401905321S04151619WA0022900241
B1926441905321S04151619WA0022900241
B1926481905321S04151619WA0022900241
B1926521905321S04151619WA0022900240
B1926561905321S04151619WA0022900241
B1927001905321S04151619WA0022900241
B1927041905321S04151618WA0022900241
B1927081905321S04151618WA0022900241
B1927121905321S04151618WA0022900241
B1927161905321S04151618WA0022900240
B1927201905321S04151618WA0022900240
B1927241905321S04151618WA0022900239
B1927281905321S04151619WA0022900239
B1927321905321S04151619WA0022900239
B1927361905321S04151619WA0022900238
B1927401905321S04151619WA0022900238
B1927441905321S04151619WA0022900238
B1927481905321S04151619WA0022900238
B1927521905321S04151619WA0022900239
B1927561905321S04151619WA0022900239
B1928001905321S04151619WA0022900239
B1928041905321S04151619WA0022900239
B1928081905321S04151619WA0022900238
B1928121905321S04151619WA0022900238
B1928161905321S04151618WA0022900238
B1928201905321S04151618WA0022900239
B1928241905321S04151618WA0022900240
B1928281905321S04151619WA0022900240
B1928321905321S04151619WA0022900240
B1928361905321S04151619WA0022900240
B1928401905320S04151619WA0022900242
B1928441905320S04151619WA0022900242
B1928481905320S04151619WA0022900243
B1928521905320S04151619WA0022900242
B1928561905320S04151619WA0022900242
B1929001905320S04151619WA0022900242
B1929041905320S04151619WA0022900242
B1929081905319S04151619WA0022900241
B1929121905319S04151619WA0022900241
B1929161905319S04151619WA0022900240
B1929201905319S04151619WA0023000240
B1929241905319S04151619WA0022900242
B1929281905319S04151619WA0023000241
B1929321905319S04151618WA0022900242
B1929361905318S04151619WA0023000242
B1929401905318S04151619WA0023000243
B1929441905318S04151619WA0023000244
B1929481905318S04151619WA0022900244
B1929521905319S04151620WA0022900244
B1929561905320S04151620WA0022900243
B1930001905321S04151620WA0023000242
