AXFMSFP Flymaster Live, V1.0, S/N 995192
HFDTE250426
HFPLTPILOTINCHARGE:Rodrigues Tiago
B1306451853195S04154950WA0100801086
B1306491853195S04154951WA0100801086
B1306531853195S04154951WA0100701086
B1306571853196S04154951WA0100801084
B1307011853197S04154952WA0100801084
B1307051853197S04154952WA0100801084
B1307091853197S04154952WA0100801085
B1307131853197S04154952WA0100801085
B1307171853197S04154952WA0100801086
B1307211853197S04154952WA0100801087
B1307251853197S04154951WA0100801087
B1307291853197S04154951WA0100801087
B1307331853197S04154951WA0100801087
B1307371853197S04154951WA0100801087
B1307411853197S04154952WA0100801088
B1307451853197S04154951WA0100801088
B1307491853197S04154951WA0100801087
B1307531853197S04154952WA0100801088
B1307571853197S04154952WA0100801088
B1308011853197S04154952WA0100801088
B1308051853197S04154952WA0100801089
B1308091853197S04154952WA0100801089
B1308131853197S04154952WA0100801088
B1308171853197S04154952WA0100801089
B1308211853197S04154952WA0100801090
B1308251853197S04154952WA0100801088
B1308291853197S04154951WA0100801087
B1308331853197S04154951WA0100801087
B1308371853197S04154951WA0100801086
B1308411853197S04154951WA0100801086
B1308451853197S04154951WA0100801086
B1308491853197S04154951WA0100801086
B1308531853197S04154951WA0100801087
B1308571853197S04154951WA0100801087
B1309011853197S04154951WA0100801087
B1309051853197S04154951WA0100801087
B1309091853197S04154951WA0100801087
B1309131853197S04154951WA0100801087
B1309171853197S04154951WA0100801087
B1309211853197S04154951WA0100801086
B1309251853197S04154951WA0100801087
B1309291853197S04154951WA0100801087
B1309331853197S04154951WA0100801087
B1309371853197S04154951WA0100801087
B1309411853197S04154951WA0100801088
B1309451853197S04154951WA0100801088
B1309491853197S04154951WA0100801088
B1309531853197S04154951WA0100801088
B1309571853197S04154951WA0100801088
B1310011853197S04154951WA0100801088
B1310051853197S04154951WA0100801089
B1310091853197S04154951WA0100801089
B1310131853198S04154951WA0100801089
B1310171853197S04154951WA0100801090
B1310211853197S04154951WA0100801090
B1310251853197S04154951WA0100801090
B1310291853197S04154952WA0100801088
B1310331853197S04154952WA0100801088
B1310371853197S04154952WA0100801088
B1310411853197S04154952WA0100801088
B1310451853197S04154952WA0100801089
B1310491853198S04154952WA0100801090
B1310531853198S04154952WA0100801089
B1310571853197S04154952WA0100801088
B1311011853197S04154952WA0100801087
B1311051853197S04154951WA0100801086
B1311091853196S04154951WA0100801085
B1311131853196S04154951WA0100801084
B1311171853196S04154951WA0100801084
B1311211853196S04154951WA0100801084
B1311251853196S04154952WA0100801084
B1311291853197S04154952WA0100801085
B1311331853197S04154952WA0100801086
B1311371853197S04154952WA0100801087
B1311411853197S04154952WA0100801087
B1311451853196S04154951WA0100801087
B1311491853196S04154951WA0100801086
B1311531853196S04154951WA0100801086
B1311571853196S04154951WA0100801085
B1312011853195S04154951WA0100801084
B1312051853195S04154951WA0100801083
B1312091853195S04154951WA0100801084
B1312131853195S04154951WA0100801084
B1312171853196S04154951WA0100801084
B1312211853196S04154951WA0100801084
B1312251853196S04154951WA0100801084
B1312291853197S04154951WA0100801085
B1312331853197S04154951WA0100801085
B1312371853197S04154951WA0100801086
B1312411853197S04154951WA0100801086
B1312451853197S04154951WA0100801085
B1312491853197S04154951WA0100701086
B1312531853197S04154951WA0100801085
B1312571853198S04154951WA0100801085
B1313011853197S04154951WA0100801084
B1313051853197S04154951WA0100801084
B1313091853197S04154951WA0100801084
B1313131853197S04154951WA0100801084
B1313171853197S04154951WA0100801083
B1313211853197S04154951WA0100801083
B1313251853197S04154951WA0100801083
B1313291853197S04154951WA0100801082
B1313331853198S04154951WA0100801082
B1313371853198S04154951WA0100801082
B1313411853198S04154951WA0100801082
B1313451853198S04154951WA0100801082
B1313491853198S04154951WA0100801082
B1313531853198S04154951WA0100801081
B1313571853198S04154951WA0100801081
B1314011853198S04154951WA0100801081
B1314051853198S04154951WA0100801081
B1314091853197S04154951WA0100801080
B1314131853197S04154951WA0100801080
B1314171853197S04154951WA0100801081
B1314211853197S04154951WA0100801081
B1314251853197S04154951WA0100801081
B1314291853197S04154951WA0100801082
B1314331853198S04154951WA0100801082
B1314371853198S04154951WA0100801083
B1314411853198S04154951WA0100801083
B1314451853197S04154951WA0100801083
B1314491853197S04154951WA0100801083
B1314531853197S04154951WA0100801083
B1314571853197S04154951WA0100801083
B1315011853197S04154951WA0100801084
B1315051853197S04154951WA0100801083
B1315091853197S04154951WA0100801083
B1315131853197S04154951WA0100801084
B1315171853197S04154951WA0100801084
B1315211853197S04154951WA0100801084
B1315251853197S04154951WA0100801084
B1315291853197S04154951WA0100801083
B1315331853197S04154951WA0100801083
B1315371853196S04154951WA0100801083
B1315411853196S04154952WA0100801084
B1315451853197S04154952WA0100801084
B1315491853197S04154952WA0100801084
B1315531853197S04154952WA0100801084
B1315571853197S04154952WA0100801084
B1316011853198S04154951WA0100801084
B1316051853198S04154951WA0100801085
B1316091853198S04154951WA0100801085
B1316131853198S04154951WA0100801085
B1316171853198S04154951WA0100801084
B1316211853198S04154951WA0100801084
B1316251853197S04154951WA0100801083
B1316291853197S04154951WA0100801082
B1316331853197S04154951WA0100801082
B1316371853197S04154951WA0100801082
B1316411853197S04154951WA0100801081
B1316451853197S04154951WA0100801081
B1316491853197S04154951WA0100801081
B1316531853197S04154951WA0100801081
B1316571853197S04154951WA0100801081
B1317011853197S04154951WA0100801081
B1317051853197S04154951WA0100801081
B1317091853197S04154951WA0100801081
B1317131853197S04154951WA0100801082
B1317171853197S04154951WA0100801082
B1317211853197S04154951WA0100801082
B1317251853197S04154951WA0100801081
B1317291853197S04154951WA0100801080
B1317331853196S04154951WA0100801080
B1317371853196S04154951WA0100801080
B1317411853196S04154951WA0100801079
B1317451853196S04154951WA0100801079
B1317491853196S04154951WA0100801080
B1317531853196S04154951WA0100801080
B1317571853196S04154951WA0100801081
B1318011853196S04154951WA0100801081
B1318051853196S04154951WA0100801082
B1318091853196S04154951WA0100801082
B1318131853196S04154951WA0100801082
B1318171853196S04154951WA0100801081
B1318211853195S04154951WA0100801080
B1318251853195S04154951WA0100801080
B1318291853195S04154951WA0100801080
B1318331853195S04154951WA0100801080
B1318371853194S04154951WA0100801080
B1318411853194S04154951WA0100801080
B1318451853194S04154951WA0100801081
B1318491853195S04154951WA0100801082
B1318531853195S04154951WA0100801083
B1318571853195S04154951WA0100801083
B1319011853195S04154951WA0100801084
B1319051853195S04154951WA0100801083
B1319091853195S04154951WA0100801083
B1319131853195S04154951WA0100801083
B1319171853196S04154951WA0100801084
B1319211853196S04154951WA0100801084
B1319251853196S04154951WA0100801084
B1319291853196S04154951WA0100801084
B1319331853196S04154951WA0100801084
B1319371853196S04154951WA0100801084
B1319411853196S04154951WA0100801084
B1319451853196S04154951WA0100901084
B1319491853197S04154951WA0100901085
B1319531853196S04154951WA0100901085
B1319571853196S04154951WA0100901086
B1320011853196S04154951WA0100901086
B1320051853196S04154951WA0100901086
B1320091853197S04154950WA0100901086
B1320131853197S04154950WA0100901087
B1320171853197S04154950WA0100901087
B1320211853197S04154950WA0100801087
B1320251853197S04154950WA0100901088
B1320291853197S04154950WA0100901089
B1320331853197S04154950WA0100901089
B1320371853197S04154950WA0100901090
B1320411853197S04154950WA0100901090
B1320451853197S04154950WA0100901090
B1320491853197S04154951WA0100901090
B1320531853197S04154951WA0100901090
B1320571853196S04154952WA0100901089
B1321011853196S04154952WA0100901089
B1321051853196S04154952WA0100901089
B1321091853196S04154952WA0100901089
B1321131853196S04154951WA0100901089
B1321171853196S04154951WA0100801090
B1321211853196S04154951WA0100801091
B1321251853196S04154951WA0100901091
B1321291853196S04154951WA0100901092
B1321331853196S04154950WA0100901092
B1321371853196S04154950WA0100801091
B1321411853196S04154950WA0100801091
B1321451853196S04154950WA0100901091
B1321491853196S04154950WA0100901090
B1321531853196S04154950WA0100901090
B1321571853196S04154950WA0100901090
B1322011853196S04154950WA0100901089
B1322051853196S04154950WA0100901089
B1322091853196S04154950WA0100901089
B1322131853196S04154950WA0100901089
B1322171853196S04154950WA0100901089
B1322211853196S04154951WA0100901089
B1322251853196S04154951WA0100901089
B1322291853196S04154951WA0100901088
B1322331853196S04154951WA0100901088
B1322371853196S04154951WA0100901088
B1322411853196S04154951WA0100901089
B1322451853196S04154951WA0100901088
B1322491853196S04154951WA0100901088
B1322531853196S04154951WA0100901088
B1322571853197S04154951WA0100901088
B1323011853197S04154951WA0100901088
B1323051853197S04154951WA0100901088
B1323091853197S04154951WA0100901089
B1323131853197S04154951WA0100901089
B1323171853196S04154952WA0100901088
B1323211853196S04154952WA0100901089
B1323251853196S04154952WA0100901088
B1323291853196S04154952WA0100901089
B1323331853196S04154952WA0100901089
B1323371853196S04154952WA0100901090
B1323411853196S04154952WA0100901090
B1323451853196S04154952WA0100901091
B1323491853195S04154952WA0100901090
B1323531853195S04154951WA0100901089
B1323571853195S04154951WA0100901088
B1324011853195S04154951WA0100901088
B1324051853195S04154951WA0100901088
B1324091853195S04154951WA0100901088
B1324131853196S04154951WA0100901088
B1324171853196S04154951WA0100901087
B1324211853196S04154950WA0100901088
B1324251853195S04154950WA0100901088
B1324291853195S04154951WA0100901089
B1324331853195S04154951WA0100901089
B1324371853196S04154951WA0100901091
B1324411853196S04154951WA0100901091
B1324451853196S04154951WA0100901090
B1324491853195S04154951WA0100901089
B1324531853195S04154951WA0100901089
B1324571853195S04154950WA0100901089
B1325011853195S04154950WA0100901088
B1325051853195S04154950WA0100901086
B1325091853195S04154950WA0100901090
B1325131853195S04154950WA0100901088
B1325171853195S04154950WA0100901087
B1325211853195S04154950WA0100901087
B1325251853195S04154950WA0100901087
B1325291853195S04154950WA0100901087
B1325331853195S04154951WA0100901087
B1325371853195S04154951WA0100901088
B1325411853195S04154951WA0100901089
B1325451853195S04154951WA0100901089
B1325491853195S04154951WA0100901090
B1325531853195S04154951WA0100901090
B1325571853195S04154952WA0100901091
B1326011853196S04154952WA0100901091
B1326051853196S04154952WA0100901091
B1326091853196S04154951WA0100901090
B1326131853196S04154951WA0100901089
B1326171853196S04154951WA0100901088
B1326211853196S04154951WA0100901088
B1326251853196S04154950WA0100901086
B1326291853196S04154950WA0100901085
B1326331853196S04154950WA0100901085
B1326371853197S04154950WA0100901086
B1326411853197S04154950WA0100901087
B1326451853197S04154951WA0100901086
B1326491853197S04154951WA0100901086
B1326531853197S04154951WA0100901087
B1326571853197S04154952WA0100901087
B1327011853197S04154953WA0100901088
B1327051853197S04154953WA0100901088
B1327091853197S04154953WA0100901088
B1327131853197S04154953WA0100901088
B1327171853197S04154953WA0100901088
B1327211853197S04154953WA0100901088
B1327251853197S04154952WA0100901088
B1327291853197S04154953WA0100901089
B1327331853197S04154952WA0100901089
B1327371853197S04154952WA0100901088
B1327411853197S04154952WA0101001089
B1327451853197S04154952WA0101001088
B1327491853197S04154952WA0100901089
B1327531853197S04154952WA0100901089
B1327571853197S04154952WA0100901090
B1328011853197S04154953WA0100901091
B1328051853197S04154953WA0101001091
B1328091853197S04154953WA0100901090
B1328131853197S04154953WA0100901090
B1328171853196S04154953WA0100901090
B1328211853196S04154953WA0100901087
B1328251853196S04154953WA0100901086
B1328291853196S04154953WA0100901085
B1328331853196S04154953WA0100901084
B1328371853196S04154953WA0100901085
B1328411853196S04154953WA0100901085
B1328451853196S04154953WA0100901086
B1328491853196S04154954WA0101001087
B1328531853196S04154954WA0100901088
B1328571853197S04154954WA0101001089
B1329011853197S04154954WA0101001090
B1329051853196S04154954WA0101001090
B1329091853196S04154954WA0101001091
B1329131853196S04154954WA0101001091
B1329171853196S04154954WA0101001093
B1329211853197S04154954WA0101001094
B1329251853197S04154954WA0101001093
B1329291853197S04154954WA0101001093
B1329331853196S04154954WA0101001093
B1329371853196S04154954WA0101001093
B1329411853196S04154954WA0101001093
B1329451853197S04154954WA0101001095
B1329491853197S04154954WA0101001096
B1329531853197S04154954WA0101001096
B1329571853197S04154954WA0101001097
B1330011853197S04154954WA0101001097
B1330051853197S04154954WA0101001096
B1330091853197S04154954WA0101001095
B1330131853197S04154953WA0101001094
B1330171853196S04154952WA0101001091
B1330211853196S04154952WA0101001089
B1330251853196S04154951WA0101001087
B1330291853196S04154951WA0101001085
B1330331853196S04154951WA0101001085
B1330371853196S04154951WA0101001084
B1330411853195S04154951WA0101001084
B1330451853195S04154950WA0101001084
B1330491853196S04154950WA0101001085
B1330531853195S04154950WA0101001083
B1330571853196S04154949WA0101001085
B1331011853196S04154950WA0101001087
B1331051853196S04154951WA0101001089
B1331091853196S04154951WA0101001089
B1331131853196S04154951WA0101001088
B1331171853196S04154950WA0101001088
B1331211853196S04154950WA0101001088
B1331251853196S04154950WA0101001088
B1331291853196S04154950WA0101001089
B1331331853196S04154949WA0101001089
B1331371853196S04154949WA0101001088
B1331411853196S04154949WA0101001090
B1331451853196S04154950WA0101001090
B1331491853197S04154951WA0101001091
B1331531853197S04154951WA0101001092
B1331571853197S04154952WA0101001091
B1332011853196S04154952WA0101001090
B1332051853196S04154952WA0101001090
B1332091853196S04154953WA0101001089
B1332131853197S04154953WA0101001087
B1332171853197S04154953WA0101001087
B1332211853197S04154953WA0101001087
B1332251853197S04154953WA0101001087
B1332291853197S04154954WA0101001088
B1332331853197S04154954WA0101001089
B1332371853197S04154954WA0101001089
B1332411853197S04154955WA0101001089
B1332451853198S04154955WA0101001089
B1332491853197S04154954WA0101001091
B1332531853196S04154953WA0101001090
B1332571853197S04154953WA0101001089
B1333011853196S04154953WA0101001088
B1333051853196S04154953WA0101001086
B1333091853196S04154953WA0101001083
B1333131853196S04154953WA0101101083
B1333171853196S04154954WA0101001079
B1333211853196S04154954WA0101001078
B1333251853196S04154954WA0101001079
B1333291853196S04154954WA0101001080
B1333331853197S04154954WA0101001081
B1333371853197S04154954WA0101001080
B1333411853197S04154954WA0101001082
B1333451853197S04154954WA0101001082
B1333491853197S04154954WA0101001084
B1333531853197S04154954WA0101001086
B1333571853197S04154954WA0101001087
B1334011853197S04154954WA0101001087
B1334051853197S04154954WA0101001088
B1334091853197S04154955WA0101001089
B1334131853197S04154955WA0101001091
B1334171853197S04154955WA0101001090
B1334211853198S04154954WA0101001090
B1334251853198S04154954WA0101001089
B1334291853198S04154953WA0101001089
B1334331853197S04154953WA0101001090
B1334371853197S04154953WA0101001090
B1334411853197S04154953WA0101001090
B1334451853197S04154953WA0101001091
B1334491853197S04154953WA0101001092
B1334531853197S04154953WA0101001092
B1334571853197S04154953WA0101001093
B1335011853197S04154953WA0101001092
B1335051853197S04154952WA0101001092
B1335091853197S04154952WA0101001091
B1335131853197S04154952WA0101001092
B1335171853197S04154952WA0101001092
B1335211853197S04154952WA0101001092
B1335251853198S04154952WA0101001092
B1335291853197S04154952WA0101001092
B1335331853197S04154951WA0101001093
B1335371853197S04154951WA0101001093
B1335411853197S04154952WA0101001093
B1335451853197S04154952WA0101101093
B1335491853197S04154952WA0101001093
B1335531853197S04154952WA0101101093
B1335571853197S04154952WA0101101093
B1336011853197S04154952WA0101101092
B1336051853197S04154952WA0101101092
B1336091853197S04154951WA0101101091
B1336131853197S04154951WA0101001091
B1336171853197S04154951WA0101001090
B1336211853197S04154951WA0101101090
B1336251853197S04154951WA0101101091
B1336291853197S04154951WA0101101092
B1336331853197S04154951WA0101101092
B1336371853197S04154951WA0101101093
B1336411853197S04154951WA0101101093
B1336451853197S04154951WA0101101093
B1336491853197S04154951WA0101101093
B1336531853197S04154951WA0101101093
B1336571853197S04154951WA0101101094
B1337011853197S04154951WA0101101093
B1337051853196S04154951WA0101101093
B1337091853196S04154951WA0101101093
B1337131853196S04154951WA0101101093
B1337171853196S04154951WA0101101093
B1337211853196S04154951WA0101101094
B1337251853196S04154951WA0101101094
B1337291853196S04154951WA0101101094
B1337331853196S04154951WA0101101095
B1337371853196S04154951WA0101101094
B1337411853196S04154950WA0101101093
B1337451853196S04154950WA0101101093
B1337491853196S04154950WA0101101093
B1337531853196S04154950WA0101101093
B1337571853196S04154951WA0101101093
B1338011853197S04154951WA0101101093
B1338051853197S04154951WA0101101092
B1338091853197S04154952WA0101101093
B1338131853197S04154952WA0101101093
B1338171853197S04154952WA0101101094
B1338211853197S04154953WA0101101094
B1338251853197S04154953WA0101101095
B1338291853197S04154952WA0101101094
B1338331853197S04154952WA0101101095
B1338371853197S04154952WA0101101095
B1338411853197S04154952WA0101101095
B1338451853197S04154952WA0101101095
B1338491853197S04154952WA0101101094
B1338531853197S04154952WA0101101094
B1338571853197S04154952WA0101101095
B1339011853197S04154951WA0101101094
B1339051853197S04154951WA0101101095
B1339091853197S04154951WA0101101095
B1339131853197S04154951WA0101101095
B1339171853197S04154951WA0101101095
B1339211853197S04154951WA0101101094
B1339251853197S04154951WA0101101095
B1339291853197S04154952WA0101101096
B1339331853197S04154952WA0101101096
B1339371853197S04154952WA0101101096
B1339411853197S04154951WA0101101094
B1339451853197S04154951WA0101101095
B1339491853197S04154950WA0101101095
B1339531853196S04154950WA0101101095
B1339571853197S04154951WA0101101094
B1340011853197S04154951WA0101101094
B1340051853196S04154951WA0101101094
B1340091853196S04154951WA0101101094
B1340131853196S04154950WA0101101094
B1340171853196S04154950WA0101101095
B1340211853196S04154950WA0101101095
B1340251853196S04154950WA0101101095
B1340291853196S04154950WA0101101094
B1340331853196S04154950WA0101101095
B1340371853196S04154950WA0101101095
B1340411853196S04154950WA0101101095
B1340451853197S04154950WA0101101094
B1340491853197S04154950WA0101101094
B1340531853197S04154950WA0101101094
B1340571853197S04154950WA0101101094
B1341011853197S04154950WA0101101094
B1341051853197S04154950WA0101101094
B1341091853197S04154950WA0101101094
B1341131853197S04154950WA0101101093
B1341171853197S04154950WA0101101093
B1341211853197S04154950WA0101101092
B1341251853197S04154950WA0101101092
B1341291853197S04154950WA0101201091
B1341331853197S04154950WA0101201091
B1341371853197S04154950WA0101101091
B1341411853197S04154951WA0101101090
B1341451853197S04154951WA0101101090
B1341491853197S04154951WA0101101090
B1341531853197S04154951WA0101101090
B1341571853197S04154951WA0101201090
B1342011853197S04154951WA0101101090
B1342051853197S04154951WA0101101090
B1342091853198S04154951WA0101201090
B1342131853198S04154951WA0101201090
B1342171853198S04154951WA0101201090
B1342211853198S04154951WA0101201090
B1342251853198S04154952WA0101201090
B1342291853198S04154952WA0101201089
B1342331853198S04154952WA0101201089
B1342371853198S04154952WA0101201089
B1342411853198S04154952WA0101201089
B1342451853198S04154952WA0101201089
B1342491853198S04154952WA0101201089
B1342531853198S04154953WA0101201088
B1342571853198S04154953WA0101101088
B1343011853198S04154953WA0101101088
B1343051853198S04154953WA0101201088
B1343091853198S04154953WA0101201088
B1343131853198S04154953WA0101201088
B1343171853198S04154952WA0101201089
B1343211853198S04154952WA0101201090
B1343251853198S04154952WA0101201091
B1343291853198S04154952WA0101201091
B1343331853198S04154953WA0101201093
B1343371853198S04154953WA0101201094
B1343411853198S04154952WA0101201095
B1343451853198S04154952WA0101201096
B1343491853197S04154952WA0101201098
B1343531853197S04154952WA0101201099
B1343571853197S04154952WA0101201099
B1344011853197S04154953WA0101201100
B1344051853197S04154953WA0101201100
B1344091853197S04154954WA0101201102
B1344131853197S04154954WA0101201101
B1344171853196S04154954WA0101201102
B1344211853197S04154953WA0101201103
B1344251853197S04154953WA0101201103
B1344291853197S04154953WA0101201101
B1344331853198S04154953WA0101201100
B1344371853198S04154953WA0101201099
B1344411853198S04154953WA0101201099
B1344451853198S04154953WA0101201098
B1344491853198S04154953WA0101201096
B1344531853198S04154952WA0101201096
B1344571853198S04154952WA0101201096
B1345011853198S04154952WA0101201096
B1345051853198S04154952WA0101201095
B1345091853198S04154952WA0101201095
B1345131853197S04154952WA0101201095
B1345171853197S04154951WA0101201095
B1345211853197S04154951WA0101201095
B1345251853197S04154951WA0101201095
B1345291853197S04154951WA0101201095
B1345331853197S04154951WA0101201094
B1345371853197S04154951WA0101201094
B1345411853197S04154951WA0101201093
B1345451853197S04154951WA0101201093
B1345491853197S04154951WA0101201093
B1345531853197S04154951WA0101201092
B1345571853198S04154951WA0101201092
B1346011853198S04154951WA0101201091
B1346051853198S04154951WA0101201091
B1346091853198S04154951WA0101201091
B1346131853197S04154951WA0101201092
B1346171853197S04154951WA0101201093
B1346211853197S04154951WA0101201093
B1346251853197S04154951WA0101201094
B1346291853197S04154951WA0101201094
B1346331853197S04154951WA0101201094
B1346371853197S04154951WA0101201094
B1346411853197S04154951WA0101201095
B1346451853197S04154951WA0101201095
B1346491853197S04154951WA0101201095
B1346531853197S04154951WA0101201096
B1346571853197S04154951WA0101201096
B1347011853197S04154951WA0101201096
B1347051853197S04154951WA0101201096
B1347091853197S04154951WA0101201096
B1347131853197S04154951WA0101201096
B1347171853197S04154951WA0101201096
B1347211853196S04154951WA0101201096
B1347251853196S04154950WA0101201097
B1347291853196S04154950WA0101201097
B1347331853196S04154950WA0101201097
B1347371853196S04154950WA0101201096
B1347411853196S04154950WA0101201096
B1347451853196S04154950WA0101201096
B1347491853196S04154950WA0101301096
B1347531853196S04154950WA0101201096
B1347571853197S04154951WA0101201096
B1348011853197S04154951WA0101201095
B1348051853196S04154950WA0101301095
B1348091853196S04154950WA0101301096
B1348131853196S04154950WA0101201097
B1348171853196S04154950WA0101201096
B1348211853196S04154950WA0101201095
B1348251853196S04154950WA0101301096
B1348291853196S04154950WA0101301096
B1348331853196S04154951WA0101201096
B1348371853196S04154951WA0101301096
B1348411853196S04154951WA0101301096
B1348451853196S04154951WA0101301097
B1348491853196S04154951WA0101301096
B1348531853196S04154951WA0101201097
B1348571853196S04154951WA0101301097
B1349011853196S04154951WA0101301097
B1349051853196S04154951WA0101201098
B1349091853196S04154951WA0101301098
B1349131853196S04154951WA0101301098
B1349171853196S04154951WA0101301099
B1349211853196S04154951WA0101301100
B1349251853196S04154951WA0101301101
B1349291853196S04154952WA0101301102
B1349331853196S04154951WA0101301101
B1349371853196S04154952WA0101301101
B1349411853196S04154952WA0101201101
B1349451853196S04154952WA0101201100
B1349491853196S04154952WA0101201100
B1349531853196S04154952WA0101201101
B1349571853196S04154952WA0101201101
B1350011853196S04154952WA0101201101
B1350051853197S04154952WA0101201100
B1350091853197S04154952WA0101201099
B1350131853197S04154952WA0101201099
B1350171853197S04154952WA0101201099
B1350211853197S04154952WA0101201099
B1350251853197S04154952WA0101201099
B1350291853197S04154952WA0101201100
B1350331853197S04154952WA0101201100
B1350371853197S04154952WA0101201100
B1350411853197S04154952WA0101201100
B1350451853196S04154951WA0101201101
B1350491853196S04154951WA0101201102
B1350531853196S04154951WA0101201102
B1350571853196S04154951WA0101201103
B1351011853196S04154952WA0101201102
B1351051853197S04154952WA0101201102
B1351091853197S04154952WA0101201101
B1351131853196S04154951WA0101201102
B1351171853196S04154952WA0101201102
B1351211853197S04154952WA0101201102
B1351251853197S04154952WA0101201103
B1351291853197S04154952WA0101201103
B1351331853196S04154952WA0101201103
B1351371853196S04154952WA0101201102
B1351411853196S04154952WA0101201102
B1351451853196S04154952WA0101201101
B1351491853196S04154952WA0101201102
B1351531853196S04154952WA0101201102
B1351571853196S04154952WA0101201102
B1352011853196S04154952WA0101201102
B1352051853196S04154952WA0101201102
B1352091853196S04154952WA0101201102
B1352131853196S04154952WA0101201103
B1352171853196S04154952WA0101201103
B1352211853196S04154952WA0101201103
B1352251853196S04154952WA0101201103
B1352291853196S04154952WA0101201102
B1352331853196S04154952WA0101201102
B1352371853196S04154952WA0101201102
B1352411853196S04154951WA0101201103
B1352451853196S04154952WA0101301102
B1352491853196S04154952WA0101201102
B1352531853196S04154952WA0101201101
B1352571853196S04154952WA0101201101
B1353011853196S04154952WA0101201100
B1353051853196S04154952WA0101201099
B1353091853196S04154951WA0101201100
B1353131853196S04154952WA0101201099
B1353171853196S04154952WA0101201098
B1353211853196S04154951WA0101201096
B1353251853196S04154952WA0101201094
B1353291853196S04154952WA0101201092
B1353331853196S04154952WA0101301092
B1353371853196S04154951WA0101201094
B1353411853196S04154951WA0101201092
B1353451853196S04154951WA0101201092
B1353491853196S04154952WA0101201092
B1353531853196S04154952WA0101201090
B1353571853196S04154951WA0101301092
B1354011853196S04154952WA0101301092
B1354051853195S04154953WA0101301092
B1354091853195S04154952WA0101301095
B1354131853195S04154952WA0101301096
B1354171853195S04154953WA0101301096
B1354211853195S04154953WA0101301095
B1354251853195S04154953WA0101301094
B1354291853195S04154952WA0101301093
B1354331853195S04154952WA0101301093
B1354371853196S04154952WA0101301094
B1354411853196S04154953WA0101301094
B1354451853196S04154953WA0101301093
B1354491853195S04154953WA0101301092
B1354531853196S04154952WA0101301092
B1354571853196S04154952WA0101301092
B1355011853196S04154952WA0101301092
B1355051853196S04154951WA0101301091
B1355091853195S04154951WA0101301092
B1355131853195S04154951WA0101301092
B1355171853195S04154951WA0101301094
B1355211853195S04154951WA0101301094
B1355251853195S04154951WA0101301093
B1355291853194S04154952WA0101301093
B1355331853195S04154952WA0101301092
B1355371853195S04154952WA0101301094
B1355411853195S04154952WA0101301092
B1355451853195S04154952WA0101301092
B1355491853195S04154952WA0101301092
B1355531853195S04154952WA0101301092
B1355571853195S04154952WA0101301093
B1356011853195S04154952WA0101301093
B1356051853194S04154952WA0101301094
B1356091853194S04154951WA0101301096
B1356131853194S04154951WA0101301095
B1356171853195S04154951WA0101301096
B1356211853195S04154951WA0101301095
B1356251853196S04154950WA0101301095
B1356291853196S04154951WA0101301095
B1356331853196S04154950WA0101301095
B1356371853196S04154950WA0101301096
B1356411853196S04154951WA0101301095
B1356451853196S04154951WA0101301094
B1356491853196S04154950WA0101301095
B1356531853195S04154951WA0101401095
B1356571853195S04154950WA0101301095
B1357011853195S04154950WA0101301096
B1357051853195S04154949WA0101301097
B1357091853195S04154950WA0101301097
B1357131853195S04154950WA0101301097
B1357171853195S04154950WA0101301098
B1357211853195S04154950WA0101301098
B1357251853194S04154950WA0101301098
B1357291853195S04154951WA0101301098
B1357331853194S04154951WA0101301099
B1357371853194S04154951WA0101301100
B1357411853194S04154951WA0101301100
B1357451853194S04154951WA0101301100
B1357491853194S04154951WA0101301099
B1357531853194S04154951WA0101301099
B1357571853194S04154951WA0101301099
B1358011853194S04154951WA0101301100
B1358051853194S04154951WA0101301100
B1358091853194S04154951WA0101301099
B1358131853194S04154951WA0101301099
B1358171853194S04154951WA0101301099
B1358211853194S04154951WA0101301099
B1358251853194S04154951WA0101301098
B1358291853194S04154952WA0101301097
B1358331853195S04154952WA0101301097
B1358371853195S04154952WA0101301098
B1358411853195S04154952WA0101301096
B1358451853195S04154952WA0101301096
B1358491853195S04154951WA0101301095
B1358531853195S04154952WA0101301095
B1358571853196S04154951WA0101301094
B1359011853196S04154950WA0101301095
B1359051853196S04154950WA0101201096
B1359091853196S04154951WA0101201097
B1359131853197S04154951WA0101301097
B1359171853197S04154950WA0101301094
B1359211853197S04154950WA0101301093
B1359251853198S04154951WA0101301093
B1359291853201S04154953WA0101201091
B1359331853201S04154954WA0101301091
B1359371853202S04154955WA0101201092
B1359411853202S04154957WA0101201092
B1359451853202S04154958WA0101201090
B1359491853202S04154959WA0101201089
B1359531853202S04154959WA0101201089
B1359571853202S04154960WA0101301087
B1400011853202S04154960WA0101201086
B1400051853201S04154960WA0101301087
B1400091853200S04154960WA0101301085
B1400131853201S04154961WA0101301084
B1400171853201S04154961WA0101301085
B1400211853200S04154961WA0101201085
B1400251853200S04154961WA0101201086
B1400291853200S04154960WA0101201085
B1400331853199S04154960WA0101301085
B1400371853199S04154959WA0101201084
B1400411853199S04154958WA0101201085
B1400451853199S04154957WA0101301083
B1400491853199S04154956WA0101301083
B1400531853199S04154955WA0101301082
B1400571853198S04154953WA0101301082
B1401011853198S04154952WA0101301081
B1401051853198S04154951WA0101301081
B1401091853197S04154952WA0101301081
B1401131853197S04154951WA0101301081
B1401171853198S04154950WA0101301081
B1401211853198S04154950WA0101301081
B1401251853198S04154950WA0101301082
B1401291853197S04154949WA0101301083
B1401331853197S04154949WA0101301083
B1401371853197S04154949WA0101301083
B1401411853197S04154949WA0101401083
B1401451853197S04154949WA0101401085
B1401491853197S04154949WA0101401086
B1401531853197S04154949WA0101301087
B1401571853197S04154949WA0101301087
B1402011853197S04154949WA0101301089
B1402051853197S04154949WA0101401090
B1402091853197S04154949WA0101401090
B1402131853197S04154949WA0101401091
B1402171853197S04154948WA0101301091
B1402211853196S04154948WA0101401090
B1402251853196S04154948WA0101401089
B1402291853197S04154948WA0101301088
B1402331853197S04154948WA0101401089
B1402371853196S04154948WA0101401089
B1402411853196S04154949WA0101401089
B1402451853196S04154949WA0101401090
B1402491853196S04154949WA0101401090
B1402531853196S04154949WA0101401090
B1402571853196S04154949WA0101401089
B1403011853195S04154950WA0101401089
B1403051853195S04154950WA0101401088
B1403091853195S04154950WA0101401087
B1403131853195S04154951WA0101401086
B1403171853195S04154951WA0101401086
B1403211853195S04154951WA0101401087
B1403251853195S04154951WA0101401086
B1403291853195S04154952WA0101401087
B1403331853195S04154952WA0101401088
B1403371853195S04154952WA0101401089
B1403411853195S04154952WA0101401090
B1403451853194S04154953WA0101401094
B1403491853194S04154954WA0101401096
B1403531853195S04154954WA0101401097
B1403571853195S04154953WA0101401097
B1404011853195S04154953WA0101401096
B1404051853195S04154953WA0101401096
B1404091853195S04154953WA0101401096
B1404131853195S04154953WA0101401098
B1404171853195S04154953WA0101401098
B1404211853195S04154952WA0101401098
B1404251853195S04154952WA0101401098
B1404291853195S04154952WA0101401099
B1404331853195S04154951WA0101401097
B1404371853196S04154951WA0101401097
B1404411853196S04154951WA0101401097
B1404451853196S04154950WA0101401097
B1404491853196S04154950WA0101401097
B1404531853196S04154950WA0101501098
B1404571853196S04154949WA0101401098
B1405011853196S04154949WA0101501097
B1405051853196S04154949WA0101401097
B1405091853196S04154949WA0101401097
B1405131853195S04154949WA0101401095
B1405171853195S04154949WA0101401095
B1405211853195S04154950WA0101501094
B1405251853195S04154950WA0101401094
B1405291853196S04154950WA0101401094
B1405331853196S04154950WA0101401093
B1405371853196S04154950WA0101401094
B1405411853196S04154950WA0101401094
B1405451853196S04154950WA0101401095
B1405491853196S04154951WA0101401095
B1405531853196S04154951WA0101501095
B1405571853195S04154951WA0101501095
B1406011853195S04154951WA0101501095
B1406051853195S04154951WA0101501094
B1406091853195S04154951WA0101501094
B1406131853195S04154951WA0101401095
B1406171853195S04154951WA0101401094
B1406211853195S04154951WA0101401095
B1406251853195S04154951WA0101401095
B1406291853195S04154951WA0101501095
B1406331853195S04154951WA0101501097
B1406371853195S04154951WA0101401097
B1406411853195S04154952WA0101401097
B1406451853195S04154952WA0101401097
B1406491853195S04154952WA0101401097
B1406531853195S04154952WA0101401097
B1406571853195S04154952WA0101401098
B1407011853195S04154952WA0101401098
B1407051853195S04154952WA0101401098
B1407091853195S04154952WA0101501098
B1407131853195S04154952WA0101501099
B1407171853195S04154952WA0101501100
B1407211853195S04154952WA0101401101
B1407251853195S04154952WA0101401102
B1407291853195S04154953WA0101401103
B1407331853195S04154953WA0101401104
B1407371853195S04154953WA0101401103
B1407411853195S04154953WA0101501102
B1407451853195S04154953WA0101501102
B1407491853195S04154953WA0101501102
B1407531853195S04154953WA0101501101
B1407571853195S04154953WA0101501101
B1408011853195S04154953WA0101401100
B1408051853195S04154953WA0101401099
B1408091853195S04154953WA0101401097
B1408131853195S04154953WA0101401096
B1408171853195S04154953WA0101401096
B1408211853195S04154953WA0101401097
B1408251853195S04154953WA0101401097
B1408291853195S04154953WA0101501099
B1408331853195S04154953WA0101501099
B1408371853195S04154953WA0101501098
B1408411853195S04154953WA0101501097
B1408451853195S04154953WA0101401096
B1408491853195S04154953WA0101401095
B1408531853195S04154953WA0101501095
B1408571853195S04154953WA0101501095
B1409011853195S04154953WA0101501094
B1409051853194S04154953WA0101501095
B1409091853194S04154952WA0101501095
B1409131853194S04154952WA0101501095
B1409171853194S04154952WA0101401094
B1409211853195S04154952WA0101401093
B1409251853195S04154952WA0101501091
B1409291853195S04154953WA0101501093
B1409331853195S04154952WA0101501094
B1409371853195S04154952WA0101501094
B1409411853195S04154953WA0101501093
B1409451853195S04154952WA0101501093
B1409491853195S04154952WA0101501093
B1409531853195S04154952WA0101501092
B1409571853195S04154952WA0101501091
B1410011853195S04154951WA0101501090
B1410051853195S04154950WA0101501090
B1410091853195S04154950WA0101501090
B1410131853196S04154950WA0101501090
B1410171853196S04154950WA0101501089
B1410211853196S04154949WA0101501087
B1410251853196S04154949WA0101501087
B1410291853196S04154949WA0101401086
B1410331853196S04154950WA0101401085
B1410371853196S04154950WA0101401085
B1410411853196S04154950WA0101401087
B1410451853197S04154950WA0101401091
B1410491853199S04154951WA0101401093
B1410531853201S04154950WA0101301094
B1410571853200S04154950WA0101301093
B1411011853200S04154950WA0101301093
B1411051853200S04154951WA0101301094
B1411091853200S04154951WA0101301096
B1411131853201S04154952WA0101301098
B1411171853201S04154952WA0101301100
B1411211853201S04154952WA0101301099
B1411251853201S04154953WA0101301103
B1411291853201S04154954WA0101301107
B1411331853201S04154955WA0101301112
B1411371853201S04154955WA0101301115
B1411411853200S04154954WA0101301118
B1411451853199S04154953WA0101301120
B1411491853199S04154954WA0101301119
B1411531853200S04154955WA0101301118
B1411571853200S04154955WA0101301117
B1412011853200S04154953WA0101301117
B1412051853201S04154955WA0101301117
B1412091853201S04154954WA0101301119
B1412131853201S04154954WA0101301119
B1412171853201S04154953WA0101301113
B1412211853200S04154954WA0101301116
B1412251853201S04154955WA0101301118
B1412291853201S04154954WA0101301113
B1412331853201S04154954WA0101301116
B1412371853201S04154954WA0101301117
B1412411853200S04154954WA0101301119
B1412451853200S04154953WA0101301118
B1412491853200S04154951WA0101301118
B1412531853200S04154950WA0101301114
B1412571853199S04154948WA0101301111
B1413011853200S04154949WA0101301108
B1413051853200S04154949WA0101301109
B1413091853200S04154950WA0101301111
B1413131853200S04154950WA0101301111
B1413171853200S04154950WA0101301110
B1413211853200S04154948WA0101301104
B1413251853200S04154948WA0101301098
B1413291853200S04154947WA0101301097
B1413331853200S04154947WA0101301097
B1413371853201S04154947WA0101301096
B1413411853201S04154946WA0101301093
B1413451853201S04154946WA0101301093
B1413491853201S04154946WA0101301089
B1413531853202S04154946WA0101301088
B1413571853201S04154946WA0101301085
B1414011853201S04154946WA0101301083
B1414051853201S04154947WA0101301082
B1414091853201S04154946WA0101301081
B1414131853201S04154947WA0101301080
B1414171853200S04154948WA0101301079
B1414211853200S04154949WA0101301078
B1414251853199S04154950WA0101301076
B1414291853199S04154950WA0101301077
B1414331853198S04154950WA0101301077
B1414371853198S04154950WA0101401078
B1414411853197S04154950WA0101301078
B1414451853197S04154950WA0101401080
B1414491853197S04154951WA0101301079
B1414531853197S04154950WA0101401081
B1414571853197S04154950WA0101301080
B1415011853196S04154951WA0101301079
B1415051853196S04154950WA0101301078
B1415091853197S04154950WA0101301078
B1415131853197S04154950WA0101301078
B1415171853197S04154950WA0101301077
B1415211853198S04154950WA0101301078
B1415251853197S04154950WA0101301078
B1415291853198S04154950WA0101301079
B1415331853198S04154950WA0101301079
B1415371853198S04154951WA0101301078
B1415411853199S04154951WA0101301079
B1415451853199S04154950WA0101301078
B1415491853199S04154951WA0101301078
B1415531853199S04154950WA0101301078
B1415571853199S04154951WA0101301078
B1416011853199S04154951WA0101301079
B1416051853199S04154951WA0101301078
B1416091853199S04154951WA0101301075
B1416131853199S04154951WA0101301074
B1416171853199S04154951WA0101301073
B1416211853200S04154951WA0101301072
B1416251853200S04154951WA0101301072
B1416291853200S04154951WA0101301072
B1416331853199S04154950WA0101301073
B1416371853199S04154950WA0101301074
B1416411853199S04154949WA0101301074
B1416451853199S04154949WA0101301076
B1416491853199S04154949WA0101301076
B1416531853199S04154949WA0101301077
B1416571853199S04154949WA0101301077
B1417011853199S04154949WA0101301078
B1417051853199S04154949WA0101301080
B1417091853199S04154948WA0101301081
B1417131853198S04154947WA0101301082
B1417171853198S04154946WA0101301083
B1417211853197S04154946WA0101301082
B1417251853198S04154946WA0101301083
B1417291853198S04154947WA0101301083
B1417331853198S04154947WA0101301082
B1417371853198S04154946WA0101301082
B1417411853198S04154946WA0101301081
B1417451853198S04154946WA0101301080
B1417491853198S04154946WA0101301081
B1417531853198S04154946WA0101301081
B1417571853198S04154946WA0101301083
B1418011853199S04154947WA0101301085
B1418051853199S04154947WA0101301086
B1418091853199S04154947WA0101301087
B1418131853200S04154947WA0101301089
B1418171853200S04154947WA0101301090
B1418211853200S04154947WA0101301090
B1418251853199S04154947WA0101301090
B1418291853199S04154947WA0101301090
B1418331853199S04154947WA0101301090
B1418371853198S04154947WA0101301089
B1418411853198S04154947WA0101301088
B1418451853198S04154947WA0101301086
B1418491853198S04154947WA0101301086
B1418531853198S04154947WA0101301085
B1418571853199S04154948WA0101401085
B1419011853199S04154948WA0101301084
B1419051853199S04154948WA0101301085
B1419091853200S04154948WA0101301085
B1419131853199S04154948WA0101301085
B1419171853200S04154948WA0101301084
B1419211853200S04154948WA0101301084
B1419251853200S04154948WA0101301083
B1419291853200S04154949WA0101401083
B1419331853199S04154948WA0101401082
B1419371853199S04154949WA0101401082
B1419411853199S04154949WA0101401082
B1419451853200S04154949WA0101401082
B1419491853200S04154949WA0101401083
B1419531853200S04154950WA0101401083
B1419571853200S04154949WA0101401084
B1420011853200S04154949WA0101401084
B1420051853200S04154949WA0101401085
B1420091853200S04154949WA0101401085
B1420131853200S04154949WA0101401086
B1420171853200S04154949WA0101401086
B1420211853200S04154948WA0101401086
B1420251853200S04154948WA0101401086
B1420291853200S04154948WA0101401087
B1420331853200S04154948WA0101401088
B1420371853200S04154948WA0101401088
B1420411853199S04154948WA0101401088
B1420451853199S04154948WA0101401087
B1420491853199S04154948WA0101401087
B1420531853199S04154948WA0101401087
B1420571853198S04154948WA0101401086
B1421011853198S04154947WA0101401084
B1421051853198S04154946WA0101401083
B1421091853197S04154946WA0101401082
B1421131853197S04154947WA0101401082
B1421171853197S04154947WA0101401081
B1421211853197S04154947WA0101401081
B1421251853197S04154946WA0101401081
B1421291853196S04154946WA0101401080
B1421331853197S04154947WA0101401081
B1421371853197S04154947WA0101401082
B1421411853197S04154947WA0101401081
B1421451853198S04154948WA0101401081
B1421491853198S04154948WA0101401081
B1421531853199S04154948WA0101401082
B1421571853199S04154948WA0101401082
B1422011853199S04154948WA0101401082
B1422051853199S04154948WA0101401082
B1422091853199S04154949WA0101401083
B1422131853199S04154949WA0101401082
B1422171853200S04154950WA0101401082
B1422211853201S04154951WA0101401084
B1422251853201S04154951WA0101401085
B1422291853201S04154951WA0101401084
B1422331853201S04154952WA0101401083
B1422371853201S04154951WA0101401081
B1422411853201S04154951WA0101401081
B1422451853201S04154950WA0101401083
B1422491853201S04154950WA0101401083
B1422531853201S04154950WA0101401085
B1422571853202S04154951WA0101401086
B1423011853203S04154951WA0101401087
B1423051853203S04154951WA0101401088
B1423091853203S04154951WA0101401087
B1423131853203S04154951WA0101401088
B1423171853203S04154951WA0101401088
B1423211853203S04154951WA0101401087
B1423251853203S04154951WA0101401088
B1423291853202S04154951WA0101401089
B1423331853202S04154950WA0101401090
B1423371853202S04154950WA0101401090
B1423411853202S04154950WA0101401091
B1423451853202S04154950WA0101401092
B1423491853202S04154950WA0101401092
B1423531853202S04154950WA0101401092
B1423571853202S04154950WA0101401092
B1424011853202S04154950WA0101401093
B1424051853202S04154950WA0101401093
B1424091853201S04154950WA0101401092
B1424131853201S04154950WA0101401093
B1424171853201S04154950WA0101401093
B1424211853200S04154950WA0101401092
B1424251853200S04154949WA0101401093
B1424291853200S04154948WA0101401095
B1424331853200S04154948WA0101401096
B1424371853200S04154948WA0101401096
B1424411853200S04154948WA0101401096
B1424451853200S04154948WA0101401095
B1424491853200S04154948WA0101401095
B1424531853201S04154949WA0101401094
B1424571853201S04154949WA0101401094
B1425011853201S04154949WA0101401096
B1425051853201S04154950WA0101401093
B1425091853201S04154950WA0101401093
B1425131853201S04154950WA0101401091
B1425171853201S04154950WA0101401091
B1425211853201S04154951WA0101401093
B1425251853201S04154951WA0101501093
B1425291853200S04154950WA0101401093
B1425331853200S04154949WA0101501092
B1425371853200S04154949WA0101501090
B1425411853200S04154949WA0101401088
B1425451853200S04154949WA0101401087
B1425491853200S04154949WA0101501086
B1425531853200S04154948WA0101501086
B1425571853200S04154948WA0101501086
B1426011853200S04154948WA0101501086
B1426051853200S04154948WA0101501086
B1426091853200S04154948WA0101501087
B1426131853200S04154948WA0101501087
B1426171853200S04154948WA0101401088
B1426211853200S04154948WA0101501089
B1426251853200S04154948WA0101501089
B1426291853200S04154948WA0101501090
B1426331853200S04154948WA0101501090
B1426371853200S04154948WA0101501090
B1426411853200S04154948WA0101501091
B1426451853200S04154948WA0101501091
B1426491853200S04154948WA0101501091
B1426531853200S04154948WA0101501091
B1426571853201S04154949WA0101501092
B1427011853201S04154949WA0101501091
B1427051853201S04154949WA0101501091
B1427091853201S04154949WA0101501089
B1427131853201S04154949WA0101501088
B1427171853201S04154949WA0101501087
B1427211853201S04154949WA0101501085
B1427251853201S04154948WA0101501086
B1427291853201S04154948WA0101501086
B1427331853201S04154948WA0101501085
B1427371853201S04154948WA0101501086
B1427411853201S04154948WA0101501087
B1427451853201S04154948WA0101501086
B1427491853201S04154949WA0101501087
B1427531853201S04154949WA0101501087
B1427571853201S04154949WA0101501088
B1428011853201S04154949WA0101501090
B1428051853201S04154949WA0101501092
B1428091853201S04154949WA0101501092
B1428131853201S04154949WA0101501091
B1428171853201S04154949WA0101501089
B1428211853201S04154949WA0101501089
B1428251853201S04154949WA0101501088
B1428291853201S04154949WA0101501087
B1428331853202S04154949WA0101501085
B1428371853201S04154949WA0101501084
B1428411853202S04154950WA0101501082
B1428451853201S04154950WA0101501081
B1428491853201S04154950WA0101501081
B1428531853201S04154950WA0101501080
B1428571853201S04154950WA0101501080
B1429011853201S04154950WA0101501079
B1429051853201S04154950WA0101501078
B1429091853201S04154950WA0101501078
B1429131853201S04154950WA0101501079
B1429171853201S04154950WA0101501079
B1429211853201S04154950WA0101501079
B1429251853201S04154949WA0101501080
B1429291853201S04154949WA0101501082
B1429331853201S04154949WA0101601084
B1429371853201S04154949WA0101601086
B1429411853201S04154948WA0101501087
B1429451853201S04154948WA0101501090
B1429491853201S04154948WA0101501091
B1429531853201S04154948WA0101601092
B1429571853201S04154949WA0101601090
B1430011853201S04154949WA0101601089
B1430051853201S04154949WA0101601089
B1430091853201S04154949WA0101601088
B1430131853201S04154949WA0101601087
B1430171853201S04154949WA0101601085
B1430211853201S04154950WA0101601085
B1430251853201S04154950WA0101601083
B1430291853201S04154950WA0101601083
B1430331853202S04154951WA0101601085
B1430371853202S04154951WA0101601085
B1430411853202S04154951WA0101601087
B1430451853202S04154951WA0101601090
B1430491853202S04154951WA0101601090
B1430531853202S04154951WA0101601090
B1430571853201S04154951WA0101601091
B1431011853201S04154951WA0101601093
B1431051853201S04154951WA0101601093
B1431091853201S04154950WA0101601094
B1431131853201S04154950WA0101601094
B1431171853201S04154950WA0101601094
B1431211853201S04154950WA0101601094
B1431251853201S04154949WA0101601092
B1431291853201S04154949WA0101601092
B1431331853201S04154949WA0101601093
B1431371853201S04154949WA0101601094
B1431411853201S04154949WA0101601092
B1431451853201S04154949WA0101601093
B1431491853201S04154949WA0101601091
B1431531853201S04154949WA0101601090
B1431571853201S04154949WA0101601089
B1432011853201S04154949WA0101601091
B1432051853201S04154948WA0101601092
B1432091853200S04154947WA0101601094
B1432131853201S04154948WA0101601091
B1432171853201S04154949WA0101601093
B1432211853201S04154949WA0101601093
B1432251853200S04154949WA0101601092
B1432291853200S04154949WA0101601092
B1432331853200S04154949WA0101701093
B1432371853199S04154948WA0101701095
B1432411853199S04154949WA0101701096
B1432451853199S04154950WA0101701097
B1432491853199S04154950WA0101701094
B1432531853198S04154950WA0101701090
B1432571853198S04154950WA0101801090
B1433011853197S04154950WA0101701089
B1433051853196S04154951WA0101801089
B1433091853196S04154950WA0101701092
B1433131853196S04154949WA0101701093
B1433171853196S04154948WA0101801093
B1433211853196S04154948WA0101801093
B1433251853196S04154948WA0101801092
B1433291853196S04154948WA0101701091
B1433331853197S04154949WA0101801091
B1433371853199S04154949WA0101801091
B1433411853200S04154949WA0101701088
B1433451853200S04154949WA0101701089
B1433491853200S04154948WA0101701091
B1433531853200S04154946WA0101701088
B1433571853200S04154944WA0101701088
B1434011853199S04154942WA0101701089
B1434051853199S04154941WA0101701089
B1434091853199S04154941WA0101701089
B1434131853199S04154940WA0101701088
B1434171853200S04154940WA0101701091
B1434211853200S04154940WA0101701091
B1434251853201S04154941WA0101701091
B1434291853200S04154941WA0101701090
B1434331853200S04154941WA0101701090
B1434371853201S04154941WA0101701091
B1434411853201S04154941WA0101701091
B1434451853201S04154942WA0101701092
B1434491853200S04154942WA0101701094
B1434531853200S04154941WA0101701093
B1434571853201S04154942WA0101701090
B1435011853201S04154941WA0101701088
B1435051853201S04154942WA0101701087
B1435091853201S04154942WA0101701086
B1435131853201S04154942WA0101701085
B1435171853201S04154941WA0101701085
B1435211853201S04154941WA0101701085
B1435251853201S04154942WA0101701085
B1435291853202S04154942WA0101701084
B1435331853202S04154942WA0101701085
B1435371853202S04154942WA0101701085
B1435411853202S04154942WA0101801085
B1435451853202S04154942WA0101701086
B1435491853201S04154942WA0101701086
B1435531853201S04154941WA0101801086
B1435571853201S04154941WA0101701085
B1436011853201S04154942WA0101701085
B1436051853201S04154942WA0101701085
B1436091853201S04154942WA0101701086
B1436131853201S04154942WA0101701086
B1436171853201S04154942WA0101701086
B1436211853201S04154942WA0101701087
B1436251853201S04154942WA0101701087
B1436291853201S04154942WA0101701087
B1436331853201S04154942WA0101701087
B1436371853201S04154941WA0101701086
B1436411853201S04154941WA0101701086
B1436451853201S04154941WA0101701086
B1436491853200S04154942WA0101701087
B1436531853200S04154942WA0101801087
B1436571853201S04154942WA0101701088
B1437011853201S04154942WA0101701089
B1437051853201S04154941WA0101801090
B1437091853201S04154942WA0101701089
B1437131853201S04154942WA0101701089
B1437171853201S04154942WA0101801090
B1437211853201S04154942WA0101801089
B1437251853201S04154942WA0101701089
B1437291853202S04154941WA0101701089
B1437331853201S04154941WA0101701089
B1437371853201S04154940WA0101701089
B1437411853201S04154941WA0101701088
B1437451853201S04154940WA0101701088
B1437491853201S04154940WA0101701088
B1437531853200S04154939WA0101801089
B1437571853199S04154940WA0101801088
B1438011853199S04154940WA0101801087
B1438051853199S04154941WA0101801087
B1438091853199S04154941WA0101801087
B1438131853199S04154941WA0101801087
B1438171853199S04154941WA0101801087
B1438211853199S04154941WA0101801086
B1438251853199S04154942WA0101801086
B1438291853199S04154943WA0101801085
B1438331853199S04154943WA0101801087
B1438371853199S04154942WA0101801086
B1438411853199S04154942WA0101801088
B1438451853199S04154942WA0101801089
B1438491853199S04154941WA0101801089
B1438531853199S04154942WA0101801089
B1438571853199S04154941WA0101801091
B1439011853200S04154941WA0101801093
B1439051853201S04154942WA0101701092
B1439091853201S04154942WA0101801091
B1439131853201S04154942WA0101801090
B1439171853201S04154942WA0101701090
B1439211853200S04154941WA0101801089
B1439251853200S04154941WA0101801089
B1439291853202S04154942WA0101701087
B1439331853204S04154942WA0101701086
B1439371853204S04154942WA0101701086
B1439411853204S04154942WA0101701086
B1439451853203S04154942WA0101701086
B1439491853203S04154942WA0101701086
B1439531853203S04154943WA0101701085
B1439571853203S04154943WA0101701084
B1440011853203S04154943WA0101701083
B1440051853203S04154943WA0101701083
B1440091853204S04154942WA0101701082
B1440131853203S04154942WA0101701083
B1440171853203S04154942WA0101701082
B1440211853203S04154942WA0101701081
B1440251853202S04154942WA0101701082
B1440291853202S04154942WA0101701082
B1440331853202S04154942WA0101701080
B1440371853201S04154942WA0101701077
B1440411853201S04154942WA0101701077
B1440451853201S04154942WA0101701077
B1440491853201S04154942WA0101701078
B1440531853201S04154942WA0101701078
B1440571853201S04154942WA0101701079
B1441011853202S04154943WA0101701082
B1441051853202S04154943WA0101701082
B1441091853202S04154943WA0101701081
B1441131853203S04154943WA0101701081
B1441171853203S04154943WA0101701082
B1441211853202S04154943WA0101701082
B1441251853203S04154943WA0101701085
B1441291853203S04154943WA0101701086
B1441331853202S04154943WA0101701086
B1441371853202S04154943WA0101701086
B1441411853202S04154943WA0101701088
B1441451853202S04154943WA0101701087
B1441491853203S04154942WA0101701088
B1441531853203S04154942WA0101701088
B1441571853203S04154942WA0101701088
B1442011853202S04154943WA0101701089
B1442051853202S04154943WA0101701089
B1442091853203S04154943WA0101701089
B1442131853203S04154943WA0101701089
B1442171853203S04154942WA0101701091
B1442211853203S04154943WA0101701094
B1442251853203S04154943WA0101701092
B1442291853202S04154943WA0101701086
B1442331853202S04154943WA0101701084
B1442371853202S04154943WA0101701081
B1442411853202S04154943WA0101701079
B1442451853202S04154943WA0101701074
B1442491853203S04154944WA0101701072
B1442531853203S04154945WA0101701067
B1442571853203S04154945WA0101701064
B1443011853203S04154945WA0101701063
B1443051853204S04154946WA0101701061
B1443091853204S04154945WA0101701063
B1443131853204S04154945WA0101701066
B1443171853203S04154945WA0101701070
B1443211853204S04154944WA0101701070
B1443251853204S04154944WA0101701069
B1443291853204S04154943WA0101701071
B1443331853204S04154942WA0101701073
B1443371853204S04154942WA0101701075
B1443411853204S04154942WA0101701076
B1443451853204S04154942WA0101701077
B1443491853204S04154942WA0101701079
B1443531853204S04154942WA0101701080
B1443571853204S04154942WA0101701081
B1444011853204S04154942WA0101801082
B1444051853204S04154942WA0101701083
B1444091853204S04154941WA0101801084
B1444131853204S04154941WA0101801085
B1444171853204S04154941WA0101801085
B1444211853205S04154941WA0101801085
B1444251853205S04154941WA0101801086
B1444291853204S04154941WA0101801087
B1444331853204S04154941WA0101801086
B1444371853204S04154941WA0101801087
B1444411853204S04154941WA0101801087
B1444451853204S04154941WA0101801087
B1444491853204S04154941WA0101801086
B1444531853204S04154941WA0101801086
B1444571853204S04154941WA0101701086
B1445011853204S04154941WA0101701085
B1445051853204S04154941WA0101701085
B1445091853203S04154941WA0101801086
B1445131853202S04154941WA0101801085
B1445171853201S04154941WA0101801086
B1445211853201S04154941WA0101801085
B1445251853201S04154941WA0101801086
B1445291853202S04154942WA0101801086
B1445331853201S04154943WA0101901086
B1445371853200S04154944WA0101901086
B1445411853199S04154945WA0101901086
B1445451853197S04154945WA0102001085
B1445491853196S04154944WA0102001084
B1445531853196S04154945WA0102001085
B1445571853196S04154945WA0102001084
B1446011853196S04154945WA0102001084
B1446051853197S04154945WA0102001085
B1446091853197S04154945WA0102001085
B1446131853197S04154944WA0102001085
B1446171853197S04154944WA0102001085
B1446211853196S04154944WA0102001086
B1446251853196S04154944WA0102001087
B1446291853196S04154944WA0102001087
B1446331853197S04154946WA0101901087
B1446371853198S04154948WA0101901085
B1446411853200S04154949WA0101901083
B1446451853200S04154953WA0101901084
B1446491853201S04154953WA0101901088
B1446531853201S04154955WA0101901088
B1446571853202S04154958WA0101901089
B1447011853202S04154959WA0101901089
B1447051853202S04154959WA0101901088
B1447091853202S04154960WA0101901086
B1447131853203S04154960WA0101901087
B1447171853203S04154961WA0101901087
B1447211853203S04154961WA0101901087
B1447251853203S04154961WA0101901087
B1447291853203S04154961WA0101901084
B1447331853203S04154961WA0101901083
B1447371853203S04154961WA0101901082
B1447411853204S04154961WA0101901080
B1447441853204S04154959WA0101901083
B1447481853203S04154957WA0101901081
B1447521853202S04154955WA0101901081
B1447561853202S04154953WA0101901082
B1448001853201S04154951WA0101901083
B1448041853200S04154950WA0101901084
B1448081853199S04154949WA0101901082
B1448121853197S04154950WA0101901081
B1448161853196S04154949WA0101901083
B1448201853197S04154950WA0101901083
B1448241853197S04154950WA0101901084
B1448281853197S04154950WA0101901085
B1448321853197S04154950WA0101901086
B1448361853197S04154950WA0101901088
B1448401853196S04154949WA0101901089
B1448441853196S04154949WA0101901089
B1448481853196S04154948WA0101901089
B1448521853196S04154949WA0101901089
B1448561853196S04154949WA0101901089
B1449001853197S04154950WA0101901090
B1449041853197S04154950WA0101901091
B1449081853197S04154950WA0101901089
B1449121853197S04154949WA0101901090
B1449161853196S04154949WA0101901091
B1449201853197S04154949WA0101901092
B1449241853196S04154950WA0101901092
B1449281853196S04154950WA0101901093
B1449321853196S04154951WA0101901093
B1449361853196S04154951WA0101901093
B1449401853196S04154952WA0101901093
B1449441853195S04154952WA0101901092
B1449481853196S04154953WA0101901092
B1449521853195S04154953WA0101901092
B1449561853195S04154954WA0101901091
B1450001853195S04154954WA0101901091
B1450041853195S04154954WA0101901091
B1450081853195S04154954WA0101901091
B1450121853195S04154954WA0101901091
B1450161853195S04154954WA0101901092
B1450201853194S04154954WA0101901093
B1450241853194S04154953WA0101901093
B1450281853194S04154953WA0101901094
B1450321853194S04154953WA0101901095
B1450361853194S04154953WA0101901096
B1450401853194S04154953WA0101901096
B1450441853194S04154953WA0101901097
B1450481853194S04154953WA0101901098
B1450521853194S04154953WA0101901097
B1450561853194S04154952WA0101901097
B1451001853195S04154952WA0101901097
B1451041853194S04154952WA0101901098
B1451081853194S04154951WA0101901098
B1451121853194S04154951WA0102001098
B1451161853194S04154951WA0102001098
B1451201853194S04154951WA0102001098
B1451241853194S04154950WA0101901097
B1451281853194S04154949WA0101901097
B1451321853194S04154949WA0101901097
B1451361853195S04154949WA0102001096
B1451401853195S04154949WA0102001096
B1451441853195S04154949WA0102001096
B1451481853195S04154949WA0102001096
B1451521853195S04154949WA0102001096
B1451561853195S04154949WA0102001095
B1452001853195S04154948WA0102001094
B1452041853195S04154948WA0102001092
B1452081853195S04154949WA0102001091
B1452121853196S04154949WA0102001092
B1452161853196S04154948WA0102001093
B1452201853196S04154948WA0102001092
B1452241853196S04154949WA0102001091
B1452281853196S04154949WA0102001091
B1452321853196S04154950WA0102001091
B1452361853196S04154950WA0102001091
B1452401853196S04154950WA0102001091
B1452441853196S04154950WA0102001091
B1452481853196S04154950WA0102001092
B1452521853196S04154950WA0102001092
B1452561853196S04154950WA0102001091
B1453001853196S04154951WA0102001090
B1453041853196S04154951WA0102001090
B1453081853196S04154951WA0102001090
B1453121853196S04154951WA0102001090
B1453161853195S04154951WA0102001091
B1453201853195S04154951WA0102001091
B1453241853195S04154951WA0102001091
B1453281853195S04154951WA0102001092
B1453321853195S04154951WA0102001092
B1453361853195S04154951WA0102001093
B1453401853195S04154951WA0102001094
B1453441853195S04154951WA0102001095
B1453481853195S04154952WA0102001096
B1453521853196S04154951WA0102001096
B1453561853196S04154952WA0102001097
B1454001853196S04154952WA0102001097
B1454041853196S04154952WA0102001096
B1454081853196S04154952WA0102001096
B1454121853196S04154952WA0102001095
B1454161853196S04154952WA0102001096
B1454201853195S04154952WA0102001095
B1454241853196S04154952WA0102001095
B1454281853195S04154952WA0102001093
B1454321853195S04154952WA0102001092
B1454361853195S04154952WA0102001091
B1454401853195S04154953WA0102001090
B1454441853195S04154953WA0102001090
B1454481853196S04154952WA0102001090
B1454521853196S04154952WA0102001089
B1454561853196S04154953WA0102001089
B1455001853196S04154953WA0102001089
B1455041853196S04154953WA0102001089
B1455081853196S04154953WA0102001088
B1455121853196S04154953WA0102001089
B1455161853196S04154953WA0102001089
B1455201853196S04154953WA0102001090
B1455241853196S04154953WA0102101089
B1455281853196S04154952WA0102101089
B1455321853198S04154953WA0102001087
B1455361853198S04154952WA0102001086
B1455401853199S04154952WA0102001084
B1455441853199S04154952WA0102001083
B1455481853199S04154952WA0102001082
B1455521853199S04154952WA0102001084
B1455561853198S04154952WA0102001084
B1456001853198S04154952WA0102101084
B1456041853197S04154951WA0102101084
B1456081853197S04154951WA0102101085
B1456121853197S04154951WA0102101085
B1456161853197S04154951WA0102101086
B1456201853197S04154950WA0102101086
B1456241853197S04154950WA0102101086
B1456281853197S04154950WA0102101088
B1456321853197S04154950WA0102101088
B1456361853197S04154949WA0102101089
B1456401853196S04154949WA0102101088
B1456441853196S04154949WA0102101088
B1456481853196S04154949WA0102101088
B1456521853196S04154949WA0102101088
B1456561853196S04154950WA0102101088
B1457001853196S04154950WA0102001088
B1457041853196S04154950WA0102001089
B1457081853196S04154950WA0102001089
B1457121853196S04154950WA0102001090
B1457161853196S04154950WA0102001090
B1457201853196S04154950WA0102001090
B1457241853196S04154950WA0102101088
B1457281853196S04154950WA0102101089
B1457321853196S04154950WA0102101089
B1457361853196S04154950WA0102101089
B1457401853196S04154950WA0102101088
B1457441853196S04154949WA0102101087
B1457481853197S04154949WA0102101087
B1457521853197S04154948WA0102101087
B1457561853197S04154948WA0102101086
B1458001853197S04154948WA0102101085
B1458041853197S04154948WA0102101085
B1458081853196S04154948WA0102101086
B1458121853196S04154948WA0102101086
B1458161853196S04154948WA0102101086
B1458201853196S04154948WA0102101086
B1458241853196S04154948WA0102101086
B1458281853196S04154949WA0102101085
B1458321853196S04154949WA0102101085
B1458361853196S04154949WA0102101085
B1458401853196S04154949WA0102101085
B1458441853196S04154949WA0102101085
B1458481853196S04154950WA0102101085
B1458521853196S04154950WA0102101086
B1458561853196S04154950WA0102101086
B1459001853196S04154950WA0102101086
B1459041853197S04154950WA0102101085
B1459081853197S04154951WA0102101084
B1459121853197S04154951WA0102101085
B1459161853197S04154951WA0102101085
B1459201853197S04154951WA0102101085
B1459241853197S04154951WA0102101086
B1459281853197S04154951WA0102101086
B1459321853197S04154951WA0102101086
B1459361853196S04154951WA0102101087
B1459401853196S04154949WA0102101087
B1459441853196S04154949WA0102101088
B1459481853196S04154948WA0102101088
B1459521853196S04154948WA0102101088
B1459561853196S04154948WA0102101089
B1500001853196S04154948WA0102101089
B1500041853196S04154948WA0102101089
B1500081853196S04154948WA0102101089
B1500121853196S04154948WA0102101089
B1500161853196S04154949WA0102101089
B1500201853196S04154949WA0102101088
B1500241853196S04154949WA0102101088
B1500281853196S04154949WA0102101088
B1500321853196S04154949WA0102101088
B1500361853196S04154950WA0102101088
B1500401853196S04154950WA0102101089
B1500441853196S04154950WA0102101089
B1500481853196S04154950WA0102101088
B1500521853196S04154950WA0102101087
B1500561853197S04154950WA0102101087
B1501001853197S04154951WA0102101086
B1501041853197S04154951WA0102101085
B1501081853197S04154951WA0102101085
B1501121853197S04154951WA0102101085
B1501161853197S04154951WA0102101085
B1501201853197S04154951WA0102201085
B1501241853197S04154951WA0102201086
B1501281853197S04154952WA0102201086
B1501321853198S04154951WA0102101085
B1501361853198S04154951WA0102101085
B1501401853198S04154951WA0102101085
B1501441853198S04154951WA0102201085
B1501481853198S04154951WA0102101084
B1501521853198S04154951WA0102101084
B1501561853199S04154951WA0102201083
B1502001853199S04154951WA0102201083
B1502041853199S04154951WA0102201084
B1502081853199S04154951WA0102201085
B1502121853199S04154951WA0102201084
B1502161853199S04154951WA0102201084
B1502201853199S04154951WA0102201085
B1502241853198S04154951WA0102201086
B1502281853199S04154951WA0102201085
B1502321853199S04154951WA0102201085
B1502361853198S04154951WA0102201086
B1502401853198S04154950WA0102201087
B1502441853198S04154950WA0102201087
B1502481853198S04154950WA0102201087
B1502521853198S04154950WA0102201088
B1502561853198S04154951WA0102201089
B1503001853198S04154951WA0102201089
B1503041853199S04154951WA0102201090
B1503081853199S04154952WA0102201088
B1503121853200S04154952WA0102201088
B1503161853200S04154953WA0102201086
B1503201853200S04154953WA0102201085
B1503241853200S04154953WA0102201084
B1503281853199S04154953WA0102201083
B1503321853199S04154953WA0102201083
B1503361853198S04154953WA0102201084
B1503401853198S04154953WA0102201083
B1503441853197S04154953WA0102201083
B1503481853197S04154953WA0102201083
B1503521853197S04154953WA0102201083
B1503561853197S04154952WA0102201081
B1504001853197S04154952WA0102201080
B1504041853197S04154952WA0102201079
B1504081853197S04154952WA0102201079
B1504121853197S04154952WA0102201078
B1504161853197S04154952WA0102201077
B1504201853197S04154952WA0102201077
B1504241853197S04154952WA0102201077
B1504281853197S04154952WA0102201076
B1504321853197S04154952WA0102201077
B1504361853197S04154952WA0102201078
B1504401853197S04154952WA0102201079
B1504441853196S04154951WA0102201080
B1504481853197S04154952WA0102201082
B1504521853197S04154952WA0102201082
B1504561853198S04154952WA0102201082
B1505001853198S04154952WA0102201083
B1505041853198S04154952WA0102201084
B1505081853198S04154952WA0102201086
B1505121853198S04154951WA0102201087
B1505161853198S04154952WA0102201089
B1505201853199S04154952WA0102201089
B1505241853199S04154953WA0102201089
B1505281853199S04154953WA0102201089
B1505321853199S04154953WA0102201088
B1505361853199S04154953WA0102201087
B1505401853200S04154954WA0102201084
B1505441853200S04154954WA0102201084
B1505481853199S04154953WA0102201084
B1505521853199S04154953WA0102201084
B1505561853198S04154951WA0102201086
B1506001853198S04154951WA0102201087
B1506041853198S04154951WA0102201088
B1506081853197S04154951WA0102201089
B1506121853197S04154951WA0102201087
B1506161853197S04154950WA0102201085
B1506201853198S04154950WA0102201084
B1506241853198S04154950WA0102201084
B1506281853198S04154950WA0102201085
B1506321853198S04154950WA0102201085
B1506361853197S04154949WA0102301085
B1506401853198S04154950WA0102201085
B1506441853198S04154949WA0102201085
B1506481853197S04154950WA0102301085
B1506521853197S04154950WA0102301086
B1506561853197S04154950WA0102201086
B1507001853198S04154950WA0102201086
B1507041853198S04154950WA0102201086
B1507081853198S04154950WA0102201087
B1507121853198S04154950WA0102201088
B1507161853198S04154951WA0102201088
B1507201853198S04154951WA0102201088
B1507241853197S04154950WA0102201089
B1507281853197S04154950WA0102201090
B1507321853197S04154950WA0102201092
B1507361853197S04154950WA0102201091
B1507401853197S04154950WA0102301089
B1507441853196S04154950WA0102301090
B1507481853196S04154950WA0102201091
B1507521853196S04154950WA0102201092
B1507561853196S04154951WA0102201092
B1508001853196S04154950WA0102201092
B1508041853195S04154950WA0102201093
B1508081853196S04154951WA0102201093
B1508121853196S04154951WA0102201093
B1508161853196S04154951WA0102201092
B1508201853197S04154950WA0102301093
B1508241853197S04154950WA0102301093
B1508281853198S04154949WA0102301093
B1508321853198S04154950WA0102301093
B1508361853198S04154949WA0102301094
B1508401853198S04154949WA0102301093
B1508441853197S04154950WA0102301092
B1508481853197S04154950WA0102301090
B1508521853198S04154950WA0102301090
B1508561853198S04154950WA0102301091
B1509001853198S04154950WA0102301091
B1509041853198S04154950WA0102301091
B1509081853198S04154950WA0102301091
B1509121853198S04154950WA0102301090
B1509161853198S04154950WA0102301090
B1509201853198S04154950WA0102301091
B1509241853198S04154950WA0102301091
B1509281853198S04154950WA0102301090
B1509321853198S04154950WA0102301091
B1509361853198S04154950WA0102301090
B1509401853198S04154950WA0102301089
B1509441853198S04154950WA0102301089
B1509481853198S04154950WA0102301088
B1509521853198S04154950WA0102301088
B1509561853198S04154950WA0102301088
B1510001853198S04154950WA0102301088
B1510041853198S04154950WA0102301088
B1510081853198S04154949WA0102301089
B1510121853198S04154949WA0102301089
B1510161853198S04154950WA0102301088
B1510201853198S04154950WA0102301086
B1510241853198S04154950WA0102401086
B1510281853198S04154949WA0102301085
B1510321853198S04154949WA0102401086
B1510361853198S04154950WA0102401087
B1510401853198S04154951WA0102301085
B1510441853199S04154951WA0102301083
B1510481853201S04154952WA0102301082
B1510521853201S04154953WA0102201080
B1510561853200S04154953WA0102301078
B1511001853200S04154953WA0102201078
B1511041853200S04154953WA0102201079
B1511081853201S04154953WA0102201080
B1511121853201S04154954WA0102201080
B1511161853202S04154954WA0102201079
B1511201853202S04154954WA0102201078
B1511241853202S04154954WA0102301077
B1511281853202S04154954WA0102201077
B1511321853201S04154953WA0102301077
B1511361853202S04154953WA0102201077
B1511401853202S04154953WA0102201076
B1511441853202S04154953WA0102201076
B1511481853202S04154953WA0102201076
B1511521853202S04154953WA0102301076
B1511561853202S04154953WA0102201077
B1512001853202S04154952WA0102201076
B1512041853202S04154952WA0102301076
B1512081853202S04154953WA0102301077
B1512121853202S04154953WA0102301077
B1512161853202S04154953WA0102301077
B1512201853202S04154953WA0102301078
B1512241853202S04154953WA0102301078
B1512281853202S04154953WA0102301078
B1512321853202S04154953WA0102301078
B1512361853202S04154953WA0102301078
B1512401853202S04154953WA0102301077
B1512441853203S04154953WA0102301078
B1512481853202S04154953WA0102301078
B1512521853203S04154953WA0102301079
B1512561853203S04154952WA0102301079
B1513001853203S04154952WA0102301080
B1513041853203S04154953WA0102301079
B1513081853203S04154953WA0102301079
B1513121853203S04154953WA0102301079
B1513161853203S04154953WA0102301078
B1513201853202S04154953WA0102201077
B1513241853202S04154953WA0102201077
B1513281853202S04154953WA0102301077
B1513321853203S04154952WA0102301077
B1513361853203S04154952WA0102301078
B1513401853203S04154952WA0102301077
B1513441853203S04154952WA0102201078
B1513481853203S04154952WA0102301079
B1513521853203S04154952WA0102301079
B1513561853203S04154952WA0102301079
B1514001853203S04154952WA0102301078
B1514041853203S04154952WA0102201078
B1514081853203S04154952WA0102301078
B1514121853203S04154951WA0102201076
B1514161853203S04154951WA0102201077
B1514201853203S04154951WA0102301077
B1514241853203S04154951WA0102301078
B1514281853202S04154950WA0102301078
B1514321853201S04154948WA0102301078
B1514361853200S04154946WA0102301079
B1514401853198S04154944WA0102401081
B1514441853197S04154945WA0102401082
B1514481853197S04154945WA0102401082
B1514521853197S04154945WA0102401081
B1514561853197S04154945WA0102401083
B1515001853196S04154945WA0102401084
B1515041853196S04154945WA0102301084
B1515081853196S04154945WA0102301085
B1515121853196S04154945WA0102401085
B1515161853196S04154945WA0102401085
B1515201853196S04154945WA0102401087
B1515241853195S04154945WA0102401088
B1515281853196S04154945WA0102401089
B1515321853196S04154946WA0102301088
B1515361853196S04154946WA0102401089
B1515401853196S04154947WA0102301091
B1515441853196S04154947WA0102401092
B1515481853196S04154947WA0102301093
B1515521853195S04154947WA0102301093
B1515561853196S04154947WA0102401093
B1516001853196S04154947WA0102301092
B1516041853196S04154947WA0102301091
B1516081853196S04154947WA0102301091
B1516121853196S04154948WA0102401091
B1516161853196S04154948WA0102301091
B1516201853196S04154949WA0102401092
B1516241853196S04154949WA0102401092
B1516281853196S04154949WA0102401093
B1516321853196S04154949WA0102401093
B1516361853196S04154949WA0102401094
B1516401853196S04154949WA0102401094
B1516441853196S04154949WA0102401094
B1516481853196S04154949WA0102401095
B1516521853196S04154949WA0102401095
B1516561853196S04154948WA0102401096
B1517001853196S04154948WA0102401096
B1517041853196S04154948WA0102401096
B1517081853196S04154948WA0102401095
B1517121853196S04154948WA0102401095
B1517161853196S04154949WA0102401094
B1517201853196S04154949WA0102401093
B1517241853196S04154949WA0102401093
B1517281853196S04154949WA0102401092
B1517321853196S04154949WA0102401092
B1517361853196S04154949WA0102401092
B1517401853196S04154949WA0102401092
B1517441853196S04154949WA0102401092
B1517481853195S04154949WA0102401091
B1517521853195S04154949WA0102401091
B1517561853196S04154949WA0102401090
B1518001853195S04154949WA0102401090
B1518041853195S04154949WA0102401091
B1518081853195S04154949WA0102401092
B1518121853195S04154949WA0102401092
B1518161853195S04154949WA0102401092
B1518201853195S04154949WA0102401092
B1518241853195S04154948WA0102401092
B1518281853195S04154948WA0102401092
B1518321853195S04154948WA0102401092
B1518361853195S04154947WA0102401092
B1518401853195S04154947WA0102401092
B1518441853195S04154947WA0102401092
B1518481853195S04154947WA0102401092
B1518521853195S04154947WA0102401092
B1518561853195S04154947WA0102401092
B1519001853195S04154947WA0102401091
B1519041853195S04154947WA0102401091
B1519081853195S04154947WA0102401091
B1519121853195S04154947WA0102401091
B1519161853195S04154947WA0102401091
B1519201853195S04154948WA0102401091
B1519241853195S04154948WA0102401091
B1519281853196S04154948WA0102401090
B1519321853196S04154948WA0102401090
B1519361853196S04154947WA0102401089
B1519401853196S04154948WA0102401089
B1519441853196S04154947WA0102401090
B1519481853196S04154947WA0102401090
B1519521853196S04154947WA0102401089
B1519561853197S04154947WA0102401089
B1520001853197S04154947WA0102401089
B1520041853196S04154946WA0102401090
B1520081853196S04154946WA0102401091
B1520121853196S04154947WA0102401091
B1520161853196S04154947WA0102401092
B1520201853196S04154947WA0102401091
B1520241853196S04154947WA0102401091
B1520281853196S04154947WA0102401091
B1520321853196S04154947WA0102401092
B1520361853196S04154947WA0102401091
B1520401853196S04154947WA0102401091
B1520441853196S04154947WA0102501091
B1520481853196S04154947WA0102501091
B1520521853196S04154947WA0102501092
B1520561853196S04154947WA0102501093
B1521001853195S04154948WA0102501093
B1521041853195S04154948WA0102501093
B1521081853195S04154948WA0102501093
B1521121853195S04154949WA0102501093
B1521161853195S04154949WA0102501093
B1521201853195S04154949WA0102501093
B1521241853195S04154949WA0102501093
B1521281853195S04154949WA0102501093
B1521321853195S04154949WA0102501093
B1521361853195S04154949WA0102501094
B1521401853195S04154949WA0102501094
B1521441853195S04154949WA0102401094
B1521481853196S04154948WA0102401094
B1521521853195S04154948WA0102501094
B1521561853196S04154948WA0102501094
B1522001853196S04154948WA0102501094
B1522041853195S04154948WA0102501094
B1522081853195S04154948WA0102501094
B1522121853195S04154948WA0102401094
B1522161853196S04154948WA0102401094
B1522201853196S04154948WA0102401094
B1522241853196S04154948WA0102401093
B1522281853196S04154948WA0102401093
B1522321853196S04154948WA0102401093
B1522361853196S04154948WA0102501093
B1522401853196S04154947WA0102501093
B1522441853196S04154948WA0102501093
B1522481853196S04154948WA0102501093
B1522521853196S04154948WA0102501093
B1522561853196S04154949WA0102501093
B1523001853196S04154949WA0102501094
B1523041853196S04154949WA0102501094
B1523081853196S04154950WA0102401095
B1523121853196S04154950WA0102401094
B1523161853196S04154950WA0102401095
B1523201853196S04154949WA0102501094
B1523241853196S04154949WA0102401093
B1523281853196S04154949WA0102401092
B1523321853196S04154950WA0102401091
B1523361853197S04154949WA0102401091
B1523401853197S04154949WA0102501091
B1523441853197S04154949WA0102401089
B1523481853198S04154948WA0102401088
B1523521853198S04154948WA0102501087
B1523561853198S04154948WA0102401086
B1524001853199S04154947WA0102401086
B1524041853199S04154947WA0102401085
B1524081853199S04154947WA0102201085
B1524121853198S04154947WA0102301083
B1524161853199S04154946WA0102501082
B1524201853199S04154946WA0102501081
B1524241853199S04154946WA0102501083
B1524281853199S04154945WA0102501084
B1524321853199S04154945WA0102501084
B1524361853199S04154945WA0102501085
B1524401853199S04154945WA0102501085
B1524441853199S04154945WA0102501085
B1524481853199S04154945WA0102501086
B1524521853199S04154945WA0102501086
B1524561853199S04154945WA0102501087
B1525001853198S04154945WA0102501087
B1525041853198S04154945WA0102501088
B1525081853198S04154945WA0102501088
B1525121853198S04154945WA0102501088
B1525161853198S04154946WA0102501089
B1525201853198S04154945WA0102501089
B1525241853198S04154945WA0102501089
B1525281853198S04154945WA0102501089
B1525321853198S04154945WA0102501088
B1525361853198S04154945WA0102501088
B1525401853197S04154945WA0102501088
B1525441853197S04154945WA0102501089
B1525481853197S04154945WA0102501089
B1525521853197S04154946WA0102501089
B1525561853197S04154946WA0102501089
B1526001853197S04154946WA0102501089
B1526041853197S04154946WA0102501090
B1526081853197S04154946WA0102501090
B1526121853197S04154946WA0102501090
B1526161853197S04154946WA0102501090
B1526201853197S04154946WA0102501091
B1526241853197S04154946WA0102501091
B1526281853197S04154946WA0102501092
B1526321853197S04154946WA0102501092
B1526361853197S04154946WA0102501092
B1526401853197S04154946WA0102501092
B1526441853197S04154946WA0102501093
B1526481853196S04154946WA0102501093
B1526521853197S04154946WA0102501092
B1526561853197S04154946WA0102501092
B1527001853197S04154946WA0102501091
B1527041853197S04154946WA0102501091
B1527081853197S04154946WA0102501089
B1527121853197S04154946WA0102501089
B1527161853198S04154946WA0102501088
B1527201853198S04154946WA0102501087
B1527241853198S04154946WA0102501086
B1527281853198S04154946WA0102501086
B1527321853198S04154946WA0102501085
B1527361853198S04154946WA0102501084
B1527401853198S04154946WA0102501083
B1527441853198S04154946WA0102501083
B1527481853198S04154945WA0102501082
B1527521853198S04154945WA0102501082
B1527561853198S04154945WA0102501082
B1528001853198S04154945WA0102501082
B1528041853198S04154945WA0102501082
B1528081853198S04154945WA0102501082
B1528121853198S04154945WA0102501083
B1528161853198S04154945WA0102501084
B1528201853198S04154945WA0102501084
B1528241853198S04154945WA0102501085
B1528281853198S04154945WA0102501086
B1528321853198S04154945WA0102501086
B1528361853198S04154945WA0102501086
B1528401853198S04154945WA0102501087
B1528441853198S04154945WA0102501087
B1528481853198S04154946WA0102501087
B1528521853198S04154946WA0102501088
B1528561853198S04154946WA0102601088
B1529001853198S04154946WA0102501089
B1529041853198S04154946WA0102501089
B1529081853198S04154946WA0102601090
B1529121853198S04154946WA0102601090
B1529161853198S04154946WA0102601089
B1529201853199S04154946WA0102601090
B1529241853199S04154946WA0102601089
B1529281853200S04154945WA0102601088
B1529321853200S04154945WA0102601090
B1529361853199S04154945WA0102601089
B1529401853199S04154945WA0102601090
B1529441853199S04154945WA0102601089
B1529481853198S04154946WA0102601089
B1529521853199S04154947WA0102601090
B1529561853199S04154948WA0102601090
B1530001853199S04154948WA0102601089
B1530041853198S04154948WA0102601090
B1530081853198S04154948WA0102601088
B1530121853198S04154948WA0102601086
B1530161853198S04154948WA0102601085
B1530201853199S04154948WA0102601083
B1530241853199S04154948WA0102601082
B1530281853199S04154947WA0102601082
B1530321853199S04154947WA0102601082
B1530361853198S04154947WA0102601083
B1530401853198S04154947WA0102601084
B1530441853198S04154946WA0102601085
B1530481853199S04154946WA0102601086
B1530521853198S04154946WA0102601087
B1530561853199S04154946WA0102601085
B1531001853199S04154945WA0102601086
B1531041853198S04154944WA0102601086
B1531081853198S04154944WA0102601086
B1531121853198S04154945WA0102601087
B1531161853199S04154945WA0102601085
B1531201853199S04154946WA0102601087
B1531241853198S04154946WA0102601089
B1531281853199S04154946WA0102701088
B1531321853199S04154946WA0102701088
B1531361853199S04154946WA0102601088
B1531401853200S04154947WA0102601088
B1531441853202S04154948WA0102601089
B1531481853202S04154948WA0102701088
B1531521853202S04154949WA0102701088
B1531561853202S04154949WA0102701086
B1532001853201S04154948WA0102701084
B1532041853201S04154948WA0102701085
B1532081853200S04154947WA0102701086
B1532121853200S04154948WA0102601088
B1532161853200S04154948WA0102701088
B1532201853199S04154947WA0102701087
B1532241853201S04154947WA0102701091
B1532281853200S04154946WA0102701091
B1532321853200S04154945WA0102601092
B1532361853200S04154946WA0102701092
B1532401853202S04154946WA0102601090
B1532441853201S04154946WA0102701090
B1532481853200S04154946WA0102701090
B1532521853200S04154946WA0102601090
B1532561853200S04154946WA0102601090
B1533001853200S04154946WA0102601089
B1533041853200S04154947WA0102601089
B1533081853199S04154947WA0102701089
B1533121853199S04154947WA0102701089
B1533161853200S04154947WA0102601087
B1533201853200S04154945WA0102601086
B1533241853199S04154943WA0102601085
B1533281853198S04154941WA0102601084
B1533321853198S04154938WA0102501084
B1533361853197S04154937WA0102501083
B1533401853198S04154935WA0102501082
B1533441853197S04154933WA0102401081
B1533481853196S04154930WA0102301080
B1533521853194S04154928WA0102301080
B1533561853192S04154925WA0102301079
B1534001853193S04154923WA0102201077
B1534041853194S04154920WA0102201075
B1534081853194S04154917WA0102201074
B1534121853194S04154918WA0102201073
B1534161853195S04154917WA0102201073
B1534201853196S04154918WA0102201072
B1534241853196S04154917WA0102201072
B1534281853197S04154916WA0102201072
B1534321853197S04154916WA0102201069
B1534361853197S04154916WA0102201067
B1534401853196S04154915WA0102101066
B1534441853196S04154914WA0102101066
B1534481853194S04154913WA0102201067
B1534521853193S04154913WA0102101068
B1534561853191S04154912WA0102101068
B1535001853190S04154912WA0102201068
B1535041853189S04154912WA0102101068
B1535081853189S04154913WA0102101069
B1535121853188S04154913WA0102101068
B1535161853188S04154913WA0102101069
B1535201853187S04154914WA0102101068
B1535241853186S04154915WA0102101066
B1535281853186S04154915WA0102101065
B1535321853185S04154916WA0102101064
B1535361853185S04154916WA0102101065
B1535401853186S04154916WA0102101064
B1535441853186S04154916WA0102201065
B1535481853186S04154917WA0102101065
B1535521853186S04154916WA0102101066
B1535561853186S04154917WA0102201067
B1536001853187S04154916WA0102101068
B1536041853188S04154917WA0102101069
B1536081853187S04154917WA0102201069
B1536121853187S04154917WA0102101070
B1536161853187S04154917WA0102101070
B1536201853188S04154916WA0102101071
B1536241853187S04154915WA0102101072
B1536281853183S04154916WA0101701072
B1536321853165S04154918WA0101601071
B1536361853150S04154926WA0101401073
B1536401853131S04154932WA0101201073
B1536441853112S04154938WA0101601081
B1536481853100S04154937WA0102001083
B1536521853086S04154924WA0101901080
B1536561853071S04154916WA0102301083
B1537001853061S04154911WA0103501095
B1537041853046S04154901WA0104101101
B1537081853034S04154906WA0105301113
B1537121853016S04154914WA0106201123
B1537161853023S04154938WA0106601126
B1537201853049S04154932WA0107201132
B1537241853044S04154916WA0108501144
B1537281853026S04154914WA0109601155
B1537321853021S04154937WA0110001160
B1537361853043S04154955WA0111001167
B1537401853063S04154946WA0111701174
B1537441853066S04154927WA0112701185
B1537481853054S04154916WA0113601195
B1537521853039S04154930WA0114201203
B1537561853051S04154955WA0115001208
B1538001853076S04154953WA0115401210
B1538041853079S04154934WA0116301220
B1538081853068S04154928WA0117601232
B1538121853049S04154939WA0117801235
B1538161853053S04154965WA0118101239
B1538201853077S04154971WA0118901248
B1538241853099S04154956WA0119301253
B1538281853114S04154940WA0120601267
B1538321853107S04154924WA0120901273
B1538361853091S04154937WA0121501279
B1538401853091S04154961WA0121701282
B1538441853117S04154974WA0122001282
B1538481853142S04154969WA0122901294
B1538521853157S04154948WA0123701303
B1538561853153S04154933WA0125001315
B1539001853137S04154938WA0125201317
B1539041853132S04154961WA0125701323
B1539081853154S04154981WA0125701323
B1539121853180S04154982WA0126701335
B1539161853201S04154965WA0127201340
B1539201853193S04154951WA0128101349
B1539241853182S04154965WA0128601353
B1539281853182S04154989WA0129101359
B1539321853203S04155002WA0129601364
B1539361853227S04154991WA0130201369
B1539401853238S04154966WA0130201371
B1539441853228S04154951WA0130901377
B1539481853219S04154940WA0131601385
B1539521853207S04154933WA0131901389
B1539561853196S04154929WA0132501394
B1540001853179S04154932WA0132401394
B1540041853163S04154934WA0132801398
B1540081853148S04154935WA0132601395
B1540121853134S04154942WA0132301394
B1540161853123S04154949WA0132001390
B1540201853110S04154936WA0131001381
B1540241853114S04154915WA0130501375
B1540281853126S04154889WA0130301374
B1540321853134S04154870WA0130601376
B1540361853151S04154855WA0130401374
B1540401853177S04154849WA0130201373
B1540441853206S04154852WA0130101371
B1540481853235S04154858WA0130101371
B1540521853264S04154856WA0129701367
B1540561853291S04154844WA0129701367
B1541001853306S04154825WA0129701367
B1541041853308S04154799WA0129701368
B1541081853309S04154775WA0130601378
B1541121853310S04154749WA0131401386
B1541161853327S04154733WA0132501397
B1541201853344S04154716WA0132701400
B1541241853336S04154698WA0133101403
B1541281853321S04154701WA0133601408
B1541321853308S04154718WA0133701410
B1541361853297S04154737WA0134101414
B1541401853304S04154763WA0133801412
B1541441853331S04154773WA0134401417
B1541481853350S04154755WA0134601419
B1541521853347S04154739WA0135601428
B1541561853332S04154737WA0135501428
B1542001853314S04154739WA0135601428
B1542041853300S04154742WA0135401427
B1542081853287S04154737WA0135401426
B1542121853272S04154724WA0134901422
B1542161853259S04154712WA0134801420
B1542201853244S04154698WA0134201414
B1542241853225S04154684WA0133401407
B1542281853202S04154666WA0133201403
B1542321853189S04154647WA0133601406
B1542361853175S04154633WA0133301403
B1542401853161S04154618WA0133001400
B1542441853158S04154595WA0132301392
B1542481853168S04154571WA0132001389
B1542521853193S04154553WA0131301382
B1542561853221S04154547WA0131201380
B1543001853251S04154546WA0130601374
B1543041853281S04154550WA0130301372
B1543081853311S04154558WA0129901368
B1543121853338S04154568WA0129901368
B1543161853365S04154581WA0129801367
B1543201853391S04154595WA0129701366
B1543241853417S04154611WA0129401363
B1543281853442S04154629WA0129401362
B1543321853465S04154652WA0129501364
B1543361853485S04154677WA0130201371
B1543401853504S04154697WA0130801378
B1543441853531S04154710WA0131401383
B1543481853550S04154693WA0132401394
B1543521853558S04154672WA0132701398
B1543561853556S04154652WA0133101401
B1544001853546S04154648WA0133601407
B1544041853538S04154661WA0134001411
B1544081853540S04154686WA0134501416
B1544121853548S04154710WA0134701419
B1544161853568S04154729WA0134601416
B1544201853599S04154731WA0134401415
B1544241853615S04154713WA0135001421
B1544281853611S04154694WA0135101423
B1544321853598S04154685WA0135501426
B1544361853585S04154689WA0136001431
B1544401853576S04154700WA0135901432
B1544441853565S04154713WA0135601428
B1544481853552S04154726WA0135101422
B1544521853541S04154736WA0135001421
B1544561853526S04154747WA0134301415
B1545001853515S04154760WA0134001412
B1545041853504S04154777WA0133501407
B1545081853495S04154793WA0133401405
B1545121853485S04154811WA0133001401
B1545161853474S04154825WA0132801400
B1545201853465S04154840WA0132201394
B1545241853456S04154856WA0131901390
B1545281853447S04154870WA0131601386
B1545321853435S04154883WA0130901380
B1545361853418S04154893WA0130201372
B1545401853400S04154902WA0129701366
B1545441853384S04154910WA0130001369
B1545481853367S04154918WA0129901369
B1545521853355S04154930WA0130101371
B1545561853338S04154938WA0130101370
B1546001853321S04154945WA0130001369
B1546041853300S04154949WA0130601377
B1546081853288S04154960WA0131501385
B1546121853300S04154983WA0131201384
B1546161853325S04154987WA0131601389
B1546201853343S04154971WA0132001393
B1546241853337S04154954WA0132401396
B1546281853319S04154951WA0133001403
B1546321853305S04154954WA0133501408
B1546361853294S04154973WA0133801412
B1546401853282S04154990WA0134501419
B1546441853271S04155010WA0135301428
B1546481853259S04155027WA0136101437
B1546521853245S04155045WA0136601441
B1546561853230S04155055WA0137201448
B1547001853210S04155067WA0137001446
B1547041853189S04155069WA0138301458
B1547081853168S04155065WA0139701473
B1547121853149S04155063WA0141101489
B1547161853154S04155084WA0142201499
B1547201853164S04155095WA0144001516
B1547241853174S04155114WA0144701524
B1547281853165S04155131WA0145501532
B1547321853150S04155138WA0146101540
B1547361853131S04155146WA0145301532
B1547401853112S04155149WA0145101530
B1547441853092S04155148WA0144501524
B1547481853071S04155146WA0144001519
B1547521853050S04155140WA0143501513
B1547561853028S04155134WA0143001508
B1548001853007S04155130WA0142701505
B1548041852985S04155121WA0142201500
B1548081852966S04155118WA0141901496
B1548121852946S04155123WA0141201488
B1548161852925S04155139WA0140901486
B1548201852907S04155153WA0141401491
B1548241852895S04155174WA0141501491
B1548281852885S04155197WA0141301488
B1548321852872S04155219WA0141101487
B1548361852855S04155229WA0141101486
B1548401852836S04155224WA0140401479
B1548441852829S04155206WA0140101475
B1548481852835S04155184WA0139801472
B1548521852846S04155164WA0139901473
B1548561852856S04155143WA0139701472
B1549001852864S04155122WA0139601469
B1549041852879S04155103WA0139501468
B1549081852898S04155090WA0139601468
B1549121852923S04155093WA0139601469
B1549161852943S04155113WA0139701470
B1549201852952S04155136WA0140301476
B1549241852951S04155162WA0140501479
B1549281852948S04155184WA0140501480
B1549321852942S04155208WA0140401478
B1549361852943S04155230WA0140201477
B1549401852959S04155249WA0139601470
B1549441852981S04155246WA0139001464
B1549481852994S04155230WA0138801461
B1549521853000S04155207WA0138401457
B1549561853001S04155186WA0138501459
B1550001853000S04155166WA0138301456
B1550041853004S04155141WA0138001454
B1550081853010S04155122WA0138601460
B1550121853005S04155100WA0138201457
B1550161853003S04155079WA0138001455
B1550201853009S04155055WA0137701451
B1550241853016S04155033WA0137801452
B1550281853023S04155008WA0138001454
B1550321853030S04154987WA0138501459
B1550361853031S04154966WA0138701460
B1550401853033S04154948WA0138801461
B1550441853033S04154927WA0138601459
B1550481853029S04154909WA0138801462
B1550521853019S04154893WA0138701462
B1550561853009S04154880WA0139101465
B1551001852995S04154869WA0139401468
B1551041852983S04154854WA0140101474
B1551081852974S04154835WA0140201475
B1551121852970S04154813WA0139601472
B1551161852965S04154789WA0139501469
B1551201852957S04154759WA0138801461
B1551241852945S04154734WA0139401467
B1551281852937S04154709WA0138901461
B1551321852929S04154685WA0138701459
B1551361852919S04154664WA0138001452
B1551401852905S04154647WA0137701448
B1551441852887S04154637WA0137101440
B1551481852865S04154627WA0136301432
B1551521852845S04154624WA0135801427
B1551561852823S04154629WA0135401423
B1552001852804S04154640WA0135001419
B1552041852788S04154659WA0134701416
B1552081852776S04154680WA0134401413
B1552121852765S04154703WA0133801408
B1552161852763S04154728WA0133301402
B1552201852768S04154753WA0133001399
B1552241852778S04154778WA0132401392
B1552281852788S04154802WA0132101388
B1552321852801S04154823WA0132601394
B1552361852813S04154845WA0133001399
B1552401852823S04154870WA0133601405
B1552441852831S04154894WA0133901406
B1552481852838S04154921WA0134401412
B1552521852843S04154944WA0135401423
B1552561852848S04154967WA0136301432
B1553001852851S04154986WA0137501445
B1553041852837S04154992WA0137501445
B1553081852825S04154978WA0138201453
B1553121852825S04154954WA0139001461
B1553161852829S04154930WA0140101472
B1553201852839S04154907WA0140701479
B1553241852855S04154885WA0141401486
B1553281852872S04154869WA0142201493
B1553321852895S04154857WA0142501496
B1553361852918S04154851WA0143101503
B1553401852946S04154855WA0144301516
B1553441852969S04154859WA0145301527
B1553481852996S04154867WA0145901534
B1553521853017S04154876WA0147201548
B1553561853042S04154881WA0148401560
B1554001853064S04154883WA0149201569
B1554041853092S04154887WA0150001578
B1554081853117S04154895WA0150701584
B1554121853145S04154902WA0150901586
B1554161853171S04154913WA0151301591
B1554201853193S04154922WA0152001597
B1554241853212S04154936WA0152201598
B1554281853229S04154954WA0152201599
B1554321853244S04154973WA0152201599
B1554361853253S04154996WA0152101598
B1554401853259S04155016WA0152001596
B1554441853256S04155036WA0151501591
B1554481853248S04155053WA0151001585
B1554521853238S04155072WA0150301578
B1554561853229S04155091WA0149501571
B1555001853226S04155113WA0148901564
B1555041853238S04155136WA0148101555
B1555081853254S04155156WA0147401548
B1555121853274S04155173WA0146801541
B1555161853297S04155189WA0146401538
B1555201853317S04155198WA0145801529
B1555241853337S04155214WA0144801520
B1555281853357S04155232WA0144001512
B1555321853376S04155251WA0143301505
B1555361853398S04155266WA0142601498
B1555401853423S04155278WA0142201493
B1555441853447S04155294WA0141601488
B1555481853473S04155307WA0141401485
B1555521853502S04155319WA0141101482
B1555561853528S04155334WA0141201482
B1556001853548S04155354WA0141401484
B1556041853555S04155375WA0141801489
B1556081853557S04155401WA0141801489
B1556121853556S04155423WA0142401495
B1556161853540S04155435WA0142601499
B1556201853527S04155441WA0143301506
B1556241853510S04155446WA0143201505
B1556281853496S04155442WA0143501508
B1556321853483S04155428WA0143601507
B1556361853481S04155408WA0143701507
B1556401853491S04155385WA0143701508
B1556441853508S04155363WA0143501506
B1556481853520S04155341WA0143601507
B1556521853531S04155317WA0143201504
B1556561853542S04155292WA0143101502
B1557001853555S04155267WA0142801499
B1557041853569S04155244WA0142501496
B1557081853587S04155221WA0142201494
B1557121853607S04155199WA0141901490
B1557161853626S04155177WA0141701489
B1557201853635S04155152WA0141301485
B1557241853630S04155132WA0141001480
B1557281853619S04155117WA0140301473
B1557321853601S04155111WA0140201470
B1557361853584S04155105WA0140001468
B1557401853564S04155103WA0139301459
B1557441853547S04155107WA0138901455
B1557481853535S04155122WA0138301449
B1557521853529S04155140WA0137901447
B1557561853528S04155162WA0137601443
B1558001853530S04155184WA0138001449
B1558041853535S04155210WA0137801447
B1558081853542S04155231WA0137801448
B1558121853545S04155256WA0136801438
B1558161853547S04155277WA0136501436
B1558201853546S04155302WA0135601426
B1558241853545S04155322WA0135201421
B1558281853537S04155341WA0134601415
B1558321853525S04155354WA0134501414
B1558361853508S04155360WA0134501415
B1558401853492S04155363WA0135001419
B1558441853477S04155354WA0134801416
B1558481853463S04155343WA0135401421
B1558521853450S04155330WA0135501422
B1558561853434S04155314WA0135901425
B1559001853420S04155296WA0136501431
B1559041853410S04155277WA0137101437
B1559081853398S04155258WA0137301439
B1559121853384S04155243WA0136701433
B1559161853365S04155231WA0136001425
B1559201853347S04155238WA0135701421
B1559241853337S04155258WA0135201417
B1559281853335S04155283WA0135501420
B1559321853336S04155308WA0136201430
B1559361853336S04155330WA0137101439
B1559401853334S04155355WA0137401444
B1559441853328S04155376WA0138101451
B1559481853316S04155394WA0138501455
B1559521853298S04155404WA0138601456
B1559561853280S04155410WA0139001460
B1600001853257S04155415WA0138801458
B1600041853234S04155421WA0138601455
B1600081853213S04155430WA0138301452
B1600121853197S04155445WA0137601445
B1600161853182S04155463WA0137001439
B1600201853172S04155484WA0136701436
B1600241853157S04155500WA0136501433
B1600281853138S04155509WA0136601435
B1600321853121S04155522WA0136301431
B1600361853097S04155528WA0135501423
B1600401853077S04155520WA0135201420
B1600441853064S04155500WA0134601413
B1600481853063S04155477WA0134201408
B1600521853074S04155455WA0133801404
B1600561853094S04155442WA0133401400
B1601001853118S04155435WA0133001397
B1601041853144S04155429WA0132501392
B1601081853169S04155427WA0132101388
B1601121853194S04155420WA0131501381
B1601161853217S04155410WA0131001375
B1601201853242S04155399WA0130401370
B1601241853263S04155385WA0130101367
B1601281853285S04155370WA0129601362
B1601321853307S04155354WA0129201356
B1601361853328S04155337WA0128701351
B1601401853349S04155319WA0128201346
B1601441853368S04155300WA0127901342
B1601481853388S04155280WA0127901342
B1601521853407S04155261WA0127701340
B1601561853428S04155240WA0128101345
B1602001853440S04155217WA0129001351
B1602041853454S04155193WA0129101354
B1602081853475S04155176WA0129601358
B1602121853498S04155163WA0129801360
B1602161853518S04155145WA0130301365
B1602201853532S04155121WA0130601367
B1602241853551S04155098WA0131001372
B1602281853570S04155075WA0131201373
B1602321853587S04155052WA0131101373
B1602361853596S04155026WA0130601368
B1602401853589S04155006WA0130101363
B1602441853574S04154997WA0129601357
B1602481853559S04154987WA0129601358
B1602521853543S04154977WA0129301354
B1602561853532S04154960WA0129101352
B1603001853519S04154944WA0128901349
B1603041853507S04154923WA0128601345
B1603081853495S04154904WA0128301341
B1603121853483S04154884WA0128301341
B1603161853470S04154863WA0128001337
B1603201853456S04154845WA0127701335
B1603241853442S04154823WA0127501333
B1603281853434S04154799WA0127601335
B1603321853431S04154773WA0128101342
B1603361853428S04154749WA0128201342
B1603401853425S04154727WA0128601346
B1603441853417S04154706WA0128301344
B1603481853411S04154687WA0128301345
B1603521853406S04154665WA0127901340
B1603561853399S04154645WA0127501336
B1604001853387S04154626WA0126801330
B1604041853371S04154614WA0126101322
B1604081853354S04154606WA0125601315
B1604121853334S04154605WA0124801306
B1604161853316S04154611WA0124001298
B1604201853302S04154625WA0123201290
B1604241853293S04154645WA0122401282
B1604281853282S04154674WA0120701265
B1604321853273S04154700WA0120501264
B1604361853256S04154724WA0119301254
B1604401853236S04154754WA0117901239
B1604441853219S04154785WA0117701237
B1604481853205S04154812WA0117501235
B1604521853191S04154834WA0117201232
B1604561853175S04154856WA0116601227
B1605001853160S04154878WA0117001230
B1605041853156S04154895WA0118101240
B1605081853147S04154908WA0118201241
B1605121853129S04154897WA0118001240
B1605161853116S04154899WA0118701246
B1605201853110S04154920WA0118501244
B1605241853103S04154934WA0119301252
B1605281853090S04154944WA0119801257
B1605321853070S04154946WA0120201261
B1605361853053S04154950WA0120801268
B1605401853047S04154965WA0121701277
B1605441853056S04154981WA0122901289
B1605481853079S04154975WA0122901289
B1605521853088S04154950WA0123601297
B1605561853086S04154925WA0124101302
B1606001853073S04154913WA0124701309
B1606041853058S04154918WA0125401316
B1606081853050S04154937WA0125401316
B1606121853042S04154960WA0125701321
B1606161853033S04154981WA0126301326
B1606201853042S04155005WA0125601318
B1606241853062S04155018WA0126401328
B1606281853081S04155005WA0125801325
B1606321853084S04154981WA0126601332
B1606361853088S04154959WA0126401329
B1606401853084S04154929WA0126301329
B1606441853081S04154906WA0126701332
B1606481853069S04154887WA0126601331
B1606521853060S04154873WA0126701334
B1606561853044S04154868WA0125901325
B1607001853038S04154885WA0125301318
B1607041853051S04154904WA0124201307
B1607081853071S04154926WA0123601300
B1607121853090S04154948WA0123701301
B1607161853110S04154963WA0124101305
B1607201853136S04154969WA0123901303
B1607241853156S04154952WA0123801302
B1607281853163S04154928WA0123801303
B1607321853178S04154904WA0124201305
B1607361853193S04154879WA0124701311
B1607401853203S04154852WA0125301317
B1607441853198S04154829WA0125801320
B1607481853183S04154827WA0126201326
B1607521853175S04154844WA0126501329
B1607561853190S04154859WA0126801332
B1608001853215S04154857WA0127301337
B1608041853236S04154835WA0127801341
B1608081853244S04154807WA0128401348
B1608121853242S04154783WA0128801353
B1608161853230S04154772WA0128501349
B1608201853219S04154781WA0128801354
B1608241853219S04154800WA0129101356
B1608281853226S04154822WA0129201356
B1608321853241S04154838WA0129901361
B1608361853269S04154844WA0129801360
B1608401853295S04154834WA0130401367
B1608441853320S04154816WA0130201366
B1608481853341S04154793WA0130701371
B1608521853342S04154767WA0131101375
B1608561853348S04154738WA0131301378
B1609001853344S04154716WA0131001374
B1609041853330S04154709WA0131001374
B1609081853313S04154702WA0130401369
B1609121853298S04154702WA0130901374
B1609161853283S04154707WA0130501368
B1609201853268S04154712WA0130901372
B1609241853252S04154718WA0130501368
B1609281853238S04154729WA0130401367
B1609321853224S04154743WA0130001363
B1609361853213S04154756WA0129901362
B1609401853202S04154768WA0129701360
B1609441853191S04154781WA0130101364
B1609481853181S04154790WA0130501369
B1609521853166S04154802WA0130801371
B1609561853159S04154814WA0131701382
B1610001853177S04154825WA0131901385
B1610041853197S04154806WA0133001395
B1610081853194S04154782WA0133501401
B1610121853175S04154776WA0133901405
B1610161853173S04154790WA0134601412
B1610201853193S04154800WA0134701413
B1610241853210S04154809WA0135801426
B1610281853228S04154805WA0136201429
B1610321853248S04154787WA0135701426
B1610361853245S04154757WA0135701425
B1610401853235S04154727WA0136001428
B1610441853223S04154706WA0136701436
B1610481853203S04154703WA0136501433
B1610521853193S04154712WA0136501434
B1610561853195S04154731WA0136501433
B1611001853199S04154746WA0137001437
B1611041853217S04154756WA0136901435
B1611081853243S04154757WA0137201439
B1611121853264S04154741WA0137401442
B1611161853270S04154714WA0137901447
B1611201853263S04154687WA0138001448
B1611241853247S04154667WA0138201450
B1611281853233S04154657WA0138501452
B1611321853219S04154663WA0138101447
B1611361853206S04154673WA0137301442
B1611401853202S04154694WA0136901437
B1611441853206S04154711WA0137101438
B1611481853208S04154731WA0137101437
B1611521853208S04154748WA0137401440
B1611561853202S04154761WA0137201438
B1612001853190S04154774WA0137301439
B1612041853188S04154793WA0137701443
B1612081853198S04154811WA0138401451
B1612121853219S04154821WA0138801453
B1612161853243S04154810WA0138601452
B1612201853246S04154786WA0139101457
B1612241853237S04154761WA0139401459
B1612281853223S04154745WA0140101466
B1612321853205S04154740WA0140201467
B1612361853186S04154744WA0140501472
B1612401853182S04154761WA0140701473
B1612441853183S04154783WA0140901475
B1612481853198S04154798WA0141301480
B1612521853220S04154796WA0141401481
B1612561853247S04154785WA0140901476
B1613001853267S04154763WA0140601472
B1613041853280S04154738WA0140901478
B1613081853277S04154714WA0141101479
B1613121853261S04154703WA0141501483
B1613161853245S04154704WA0141501481
B1613201853228S04154712WA0141701483
B1613241853214S04154721WA0141501482
B1613281853197S04154734WA0141501484
B1613321853187S04154740WA0142201490
B1613361853172S04154754WA0142001487
B1613401853157S04154761WA0142401492
B1613441853138S04154763WA0142401493
B1613481853122S04154772WA0142701495
B1613521853131S04154791WA0142701495
B1613561853149S04154796WA0143401502
B1614001853172S04154778WA0142801497
B1614041853190S04154757WA0143301502
B1614081853191S04154734WA0143001500
B1614121853176S04154724WA0143101501
B1614161853163S04154734WA0142801497
B1614201853149S04154752WA0142501494
B1614241853133S04154765WA0142601495
B1614281853115S04154778WA0142601495
B1614321853099S04154789WA0143201501
B1614361853079S04154795WA0143301503
B1614401853059S04154807WA0143601504
B1614441853043S04154821WA0144201511
B1614481853042S04154840WA0144901518
B1614521853063S04154861WA0145301524
B1614561853081S04154878WA0146001530
B1615001853106S04154884WA0147001541
B1615041853127S04154891WA0146901539
B1615081853149S04154897WA0147001540
B1615121853169S04154902WA0146501536
B1615161853192S04154904WA0146301533
B1615201853217S04154897WA0145801527
B1615241853242S04154886WA0145401524
B1615281853270S04154875WA0145101521
B1615321853295S04154859WA0145101520
B1615361853317S04154837WA0145001518
B1615401853331S04154812WA0145201520
B1615441853336S04154783WA0145201519
B1615481853328S04154759WA0145401521
B1615521853313S04154747WA0145801525
B1615561853294S04154748WA0145801526
B1616001853276S04154754WA0145901527
B1616041853261S04154766WA0146001528
B1616081853248S04154783WA0146201531
B1616121853237S04154800WA0146601536
B1616161853221S04154812WA0147001539
B1616201853206S04154824WA0147201542
B1616241853189S04154837WA0147301543
B1616281853183S04154854WA0147501545
B1616321853195S04154874WA0147101541
B1616361853210S04154885WA0147501547
B1616401853234S04154882WA0147101542
B1616441853250S04154860WA0147301544
B1616481853248S04154835WA0146901541
B1616521853228S04154824WA0146801540
B1616561853210S04154824WA0147001542
B1617001853192S04154834WA0146901541
B1617041853180S04154847WA0147401545
B1617081853186S04154868WA0147301545
B1617121853206S04154880WA0147701550
B1617161853227S04154873WA0147801551
B1617201853229S04154845WA0147601549
B1617241853216S04154828WA0148101555
B1617281853200S04154821WA0148001554
B1617321853189S04154839WA0148201557
B1617361853198S04154858WA0148601561
B1617401853221S04154873WA0148601560
B1617441853246S04154873WA0148901564
B1617481853266S04154856WA0148801563
B1617521853277S04154829WA0148601561
B1617561853278S04154802WA0148501560
B1618001853266S04154786WA0148601560
B1618041853251S04154797WA0148401559
B1618081853252S04154816WA0148801563
B1618121853256S04154838WA0148801563
B1618161853271S04154851WA0149401568
B1618201853296S04154846WA0149101563
B1618241853315S04154826WA0149001563
B1618281853319S04154800WA0148701560
B1618321853310S04154776WA0148701559
B1618361853295S04154766WA0148901561
B1618401853280S04154775WA0148301554
B1618441853275S04154795WA0148601558
B1618481853287S04154814WA0148101553
B1618521853308S04154818WA0148601559
B1618561853324S04154796WA0148201556
B1619001853322S04154771WA0148401558
B1619041853308S04154761WA0148501559
B1619081853297S04154777WA0148501558
B1619121853300S04154798WA0148301556
B1619161853308S04154821WA0147801551
B1619201853326S04154835WA0148001552
B1619241853353S04154834WA0147801552
B1619281853380S04154825WA0148101554
B1619321853385S04154799WA0147901552
B1619361853375S04154781WA0148201554
B1619401853357S04154779WA0148001551
B1619441853350S04154798WA0147801551
B1619481853352S04154817WA0147601549
B1619521853367S04154832WA0147701549
B1619561853393S04154836WA0147601546
B1620001853416S04154821WA0147701547
B1620041853425S04154796WA0147801549
B1620081853418S04154773WA0147801549
B1620121853400S04154766WA0147801550
B1620161853386S04154781WA0147801550
B1620201853390S04154802WA0147701548
B1620241853407S04154817WA0147201544
B1620281853435S04154811WA0147301543
B1620321853455S04154795WA0147001540
B1620361853482S04154777WA0147101542
B1620401853505S04154762WA0147201543
B1620441853531S04154750WA0146901541
B1620481853554S04154737WA0146901540
B1620521853577S04154724WA0146601538
B1620561853604S04154726WA0146101533
B1621001853633S04154728WA0146101532
B1621041853662S04154723WA0145701528
B1621081853687S04154704WA0145501526
B1621121853713S04154686WA0145201523
B1621161853739S04154669WA0145101521
B1621201853764S04154653WA0144801518
B1621241853789S04154636WA0144601516
B1621281853803S04154615WA0144501515
B1621321853791S04154600WA0143601505
B1621361853776S04154607WA0143401505
B1621401853764S04154622WA0142901500
B1621441853751S04154634WA0142401495
B1621481853743S04154653WA0141601487
B1621521853746S04154677WA0141401483
B1621561853761S04154695WA0141401482
B1622001853784S04154712WA0140801478
B1622041853811S04154722WA0140801476
B1622081853840S04154731WA0140501474
B1622121853868S04154738WA0140501473
B1622161853899S04154744WA0140301472
B1622201853928S04154749WA0140101469
B1622241853957S04154757WA0140001469
B1622281853986S04154764WA0139801466
B1622321854014S04154773WA0139701465
B1622361854045S04154782WA0139501462
B1622401854077S04154788WA0139601463
B1622441854110S04154789WA0139601463
B1622481854141S04154787WA0139201460
B1622521854173S04154785WA0139201459
B1622561854203S04154781WA0138801454
B1623001854232S04154777WA0138601454
B1623041854261S04154768WA0138701453
B1623081854286S04154755WA0138601454
B1623121854314S04154741WA0138201449
B1623161854336S04154725WA0138101447
B1623201854360S04154711WA0137601443
B1623241854385S04154702WA0137201439
B1623281854411S04154696WA0136801436
B1623321854438S04154696WA0136301431
B1623361854465S04154696WA0136001427
B1623401854493S04154691WA0135401421
B1623441854521S04154691WA0134901415
B1623481854548S04154692WA0134501411
B1623521854576S04154693WA0133901405
B1623561854603S04154692WA0133601402
B1624001854630S04154690WA0133001396
B1624041854657S04154687WA0132601392
B1624081854683S04154687WA0132101388
B1624121854710S04154690WA0131301381
B1624161854737S04154691WA0130801374
B1624201854765S04154693WA0130201368
B1624241854792S04154697WA0129601362
B1624281854820S04154697WA0129201357
B1624321854846S04154697WA0128701351
B1624361854872S04154694WA0128501348
B1624401854900S04154685WA0128601349
B1624441854926S04154676WA0129101354
B1624481854950S04154665WA0129401357
B1624521854978S04154656WA0128801351
B1624561855005S04154654WA0128701352
B1625001855028S04154664WA0128601351
B1625041855049S04154674WA0128101345
B1625081855075S04154686WA0127201336
B1625121855089S04154698WA0127501338
B1625161855085S04154714WA0126401327
B1625201855071S04154710WA0126701331
B1625241855054S04154701WA0126001324
B1625281855040S04154705WA0125801320
B1625321855042S04154724WA0125101312
B1625361855054S04154743WA0124501306
B1625401855071S04154761WA0123601297
B1625441855089S04154777WA0123201293
B1625481855106S04154792WA0122601286
B1625521855121S04154812WA0122101279
B1625561855136S04154830WA0121801278
B1626001855159S04154834WA0121401274
B1626041855181S04154832WA0121301273
B1626081855199S04154816WA0121001268
B1626121855207S04154796WA0120701265
B1626161855196S04154777WA0119701256
B1626201855184S04154760WA0119301250
B1626241855164S04154751WA0118401239
B1626281855141S04154755WA0117401229
B1626321855118S04154772WA0116601221
B1626361855098S04154791WA0115901213
B1626401855072S04154808WA0115101205
B1626441855049S04154820WA0114901202
B1626481855021S04154837WA0113901192
B1626521854999S04154853WA0114201194
B1626561854978S04154866WA0113901191
B1627001854951S04154882WA0113501187
B1627041854928S04154892WA0113501187
B1627081854901S04154904WA0112901181
B1627121854875S04154909WA0113001181
B1627161854854S04154906WA0113701188
B1627201854831S04154900WA0113801190
B1627241854810S04154897WA0114101194
B1627281854786S04154894WA0113901192
B1627321854769S04154890WA0113901193
B1627361854751S04154894WA0113801192
B1627401854733S04154899WA0113101184
B1627441854712S04154902WA0112501178
B1627481854692S04154912WA0111701171
B1627521854683S04154929WA0111801171
B1627561854690S04154950WA0110801162
B1628001854700S04154969WA0110501157
B1628041854718S04154987WA0110501159
B1628081854733S04154998WA0111401168
B1628121854758S04154993WA0111301170
B1628161854773S04154987WA0112201177
B1628201854774S04154964WA0112001176
B1628241854758S04154960WA0112201177
B1628281854743S04154974WA0112301177
B1628321854741S04154994WA0112401177
B1628361854758S04155007WA0112301177
B1628401854780S04155022WA0112701182
B1628441854796S04155040WA0112601181
B1628481854816S04155058WA0112001174
B1628521854832S04155079WA0111601172
B1628561854848S04155099WA0111401170
B1629001854864S04155119WA0111001165
B1629041854881S04155141WA0110601162
B1629081854903S04155155WA0110201157
B1629121854931S04155166WA0109601152
B1629161854968S04155170WA0108801143
B1629201855007S04155172WA0108001134
B1629241855043S04155180WA0107501129
B1629281855080S04155190WA0106901123
B1629321855117S04155194WA0106601119
B1629361855150S04155199WA0106601119
B1629401855175S04155205WA0106801120
B1629441855200S04155211WA0107201123
B1629481855223S04155217WA0107501128
B1629521855248S04155211WA0107601128
B1629561855269S04155207WA0108301136
B1630001855296S04155197WA0108701142
B1630041855317S04155190WA0109601150
B1630081855339S04155186WA0110201156
B1630121855356S04155179WA0110301158
B1630161855372S04155161WA0110501160
B1630201855386S04155143WA0110501161
B1630241855392S04155118WA0110901164
B1630281855382S04155098WA0111101166
B1630321855365S04155086WA0111701173
B1630361855350S04155087WA0112501179
B1630401855340S04155097WA0113001186
B1630441855345S04155112WA0113801193
B1630481855367S04155102WA0114501202
B1630521855367S04155080WA0115601212
B1630561855351S04155078WA0115901214
B1631001855345S04155091WA0116501222
B1631041855349S04155108WA0116701224
B1631081855364S04155117WA0117501233
B1631121855384S04155111WA0117501232
B1631161855388S04155084WA0117701235
B1631201855371S04155072WA0118301242
B1631241855359S04155078WA0119301251
B1631281855364S04155098WA0119101251
B1631321855384S04155106WA0119401254
B1631361855412S04155109WA0119401254
B1631401855442S04155111WA0119301252
B1631441855475S04155113WA0118601245
B1631481855504S04155119WA0118401244
B1631521855534S04155131WA0117401233
B1631561855568S04155146WA0116301222
B1632001855599S04155160WA0115701216
B1632041855633S04155180WA0114601204
B1632081855660S04155204WA0114201201
B1632121855688S04155228WA0113101190
B1632161855711S04155256WA0112501185
B1632201855740S04155279WA0111501174
B1632241855768S04155304WA0110701166
B1632281855800S04155326WA0110201160
B1632321855832S04155344WA0109601153
B1632361855863S04155361WA0109001146
B1632401855894S04155379WA0107701132
B1632441855926S04155397WA0106701120
B1632481855959S04155413WA0105301106
B1632521855991S04155436WA0104001094
B1632561856022S04155456WA0103301086
B1633001856050S04155477WA0102701078
B1633041856079S04155495WA0101901070
B1633081856107S04155516WA0101301065
B1633121856131S04155537WA0100601057
B1633161856144S04155545WA0100601058
B1633201856168S04155558WA0099401047
B1633241856192S04155570WA0098201035
B1633281856217S04155594WA0097101025
B1633321856238S04155611WA0096601019
B1633361856265S04155634WA0095001002
B1633401856289S04155657WA0094300995
B1633441856312S04155678WA0093200982
B1633481856337S04155704WA0091800968
B1633521856363S04155726WA0091100960
B1633561856390S04155748WA0089900948
B1634001856418S04155771WA0089200940
B1634041856440S04155791WA0089500943
B1634081856461S04155812WA0088800935
B1634121856480S04155840WA0089400942
B1634161856493S04155856WA0091400962
B1634201856496S04155872WA0092700977
B1634241856506S04155883WA0093900988
B1634281856527S04155884WA0094900998
B1634321856532S04155858WA0095301000
B1634361856515S04155843WA0096201009
B1634401856496S04155848WA0096901018
B1634441856494S04155864WA0098401032
B1634481856514S04155858WA0099301040
B1634521856515S04155830WA0100701054
B1634561856493S04155824WA0101501061
B1635001856487S04155845WA0102201068
B1635041856487S04155861WA0103601087
B1635081856494S04155876WA0104401093
B1635121856515S04155869WA0105301102
B1635161856522S04155843WA0106201112
B1635201856511S04155821WA0107101122
B1635241856493S04155823WA0108301134
B1635281856496S04155838WA0109101143
B1635321856515S04155837WA0110201154
B1635361856524S04155815WA0111101163
B1635401856502S04155801WA0111801170
B1635441856496S04155817WA0112901182
B1635481856513S04155827WA0113801192
B1635521856532S04155833WA0114901204
B1635561856552S04155841WA0115801214
B1636001856578S04155852WA0116201218
B1636041856602S04155861WA0117201228
B1636081856627S04155872WA0117901235
B1636121856650S04155876WA0119201250
B1636161856671S04155879WA0120001257
B1636201856693S04155882WA0120501263
B1636241856714S04155889WA0120801265
B1636281856740S04155888WA0121501272
B1636321856764S04155884WA0122301279
B1636361856789S04155882WA0122801285
B1636401856810S04155885WA0123601293
B1636441856829S04155895WA0123801295
B1636481856853S04155910WA0123701294
B1636521856871S04155927WA0124301301
B1636561856893S04155948WA0123801296
B1637001856919S04155972WA0123901299
B1637041856945S04155991WA0123601297
B1637081856974S04156011WA0122601286
B1637121857004S04156033WA0122101282
B1637161857029S04156046WA0122101282
B1637201857054S04156070WA0121301273
B1637241857076S04156094WA0121601277
B1637281857102S04156119WA0121001271
B1637321857130S04156147WA0120601268
B1637361857155S04156173WA0120401266
B1637401857180S04156197WA0119901260
B1637441857209S04156215WA0119601257
B1637481857240S04156229WA0119501255
B1637521857272S04156238WA0118701248
B1637561857306S04156246WA0118401244
B1638001857333S04156258WA0117501235
B1638041857367S04156271WA0116901229
B1638081857394S04156287WA0116501225
B1638121857425S04156306WA0115201212
B1638161857449S04156328WA0114601204
B1638201857478S04156351WA0113501193
B1638241857504S04156373WA0113101188
B1638281857531S04156395WA0112401180
B1638321857558S04156417WA0111601171
B1638361857587S04156439WA0110701161
B1638401857616S04156459WA0110301157
B1638441857643S04156477WA0109601150
B1638481857675S04156497WA0108801143
B1638521857701S04156518WA0108101135
B1638561857727S04156544WA0107201127
B1639001857751S04156569WA0107001124
B1639041857776S04156595WA0106101114
B1639081857800S04156621WA0105501109
B1639121857822S04156642WA0105401108
B1639161857843S04156656WA0104401098
B1639201857872S04156673WA0103701093
B1639241857895S04156690WA0103001085
B1639281857920S04156709WA0102601082
B1639321857943S04156729WA0101601071
B1639361857973S04156753WA0100801064
B1639401858000S04156771WA0100301058
B1639441858031S04156793WA0099101045
B1639481858058S04156815WA0098501039
B1639521858085S04156838WA0097601029
B1639561858113S04156860WA0096901021
B1640001858139S04156880WA0096601016
B1640041858164S04156890WA0096201010
B1640081858189S04156910WA0095601004
B1640121858208S04156931WA0095100997
B1640161858231S04156963WA0093800987
B1640201858252S04156987WA0093800986
B1640241858268S04157011WA0093300981
B1640281858293S04157040WA0091900968
B1640321858312S04157069WA0091600967
B1640361858332S04157097WA0090700957
B1640401858351S04157129WA0090200951
B1640441858365S04157157WA0090000949
B1640481858378S04157185WA0088800937
B1640521858390S04157219WA0088200929
B1640561858406S04157244WA0087700922
B1641001858424S04157275WA0086700913
B1641041858440S04157301WA0086300909
B1641081858457S04157329WA0085900905
B1641121858476S04157353WA0086100906
B1641161858489S04157375WA0085800903
B1641201858502S04157401WA0085400900
B1641241858516S04157424WA0085700901
B1641281858526S04157450WA0085700900
B1641321858539S04157476WA0085400896
B1641361858548S04157505WA0085300895
B1641401858558S04157528WA0085300893
B1641441858565S04157557WA0085500895
B1641481858569S04157578WA0086600906
B1641521858576S04157602WA0086900910
B1641561858581S04157630WA0087300915
B1642001858581S04157653WA0087900920
B1642041858568S04157664WA0088100923
B1642081858559S04157647WA0088100922
B1642121858576S04157635WA0088400927
B1642161858596S04157645WA0088600929
B1642201858615S04157663WA0088200926
B1642241858637S04157690WA0087300916
B1642281858656S04157711WA0086900912
B1642321858681S04157736WA0085100893
B1642361858705S04157761WA0085300896
B1642401858717S04157777WA0086300904
B1642441858733S04157790WA0086200904
B1642481858750S04157810WA0087200915
B1642521858763S04157823WA0088500928
B1642561858767S04157839WA0088600929
B1643001858753S04157837WA0088600928
B1643041858756S04157813WA0088200925
B1643081858780S04157799WA0088900935
B1643121858798S04157782WA0089800943
B1643161858821S04157773WA0090400949
B1643201858831S04157791WA0090600952
B1643241858818S04157793WA0091600962
B1643281858812S04157770WA0092200969
B1643321858830S04157758WA0092900974
B1643361858849S04157771WA0092700973
B1643401858873S04157778WA0093300978
B1643441858892S04157790WA0093700983
B1643481858890S04157810WA0094100985
B1643521858874S04157804WA0094200988
B1643561858873S04157783WA0095000995
B1644001858896S04157770WA0095200999
B1644041858918S04157780WA0095801005
B1644081858941S04157794WA0096101008
B1644121858962S04157806WA0096601013
B1644161858981S04157819WA0097001018
B1644201858992S04157838WA0096301010
B1644241859008S04157861WA0095601002
B1644281859017S04157884WA0094600992
B1644321859026S04157920WA0092900976
B1644361859037S04157954WA0092100966
B1644401859047S04157990WA0090900953
B1644441859055S04158025WA0090000943
B1644481859063S04158061WA0089200935
B1644521859066S04158097WA0088000921
B1644561859072S04158138WA0086900910
B1645001859080S04158171WA0087600916
B1645041859082S04158200WA0087500914
B1645081859076S04158225WA0088300922
B1645121859076S04158241WA0088700925
B1645161859076S04158263WA0089300934
B1645201859087S04158273WA0090100941
B1645241859107S04158262WA0090400946
B1645281859117S04158238WA0091000950
B1645321859101S04158226WA0091700958
B1645361859096S04158241WA0092700968
B1645401859109S04158251WA0093400976
B1645441859129S04158251WA0094200985
B1645481859140S04158265WA0094600990
B1645521859155S04158284WA0094300989
B1645561859169S04158308WA0094200988
B1646001859185S04158337WA0093100976
B1646041859202S04158368WA0091900965
B1646081859222S04158398WA0090900953
B1646121859244S04158428WA0089600940
B1646161859266S04158456WA0088600929
B1646201859289S04158472WA0090000945
B1646241859301S04158488WA0090900953
B1646281859319S04158503WA0091900964
B1646321859329S04158525WA0092500969
B1646361859336S04158546WA0093600984
B1646401859345S04158566WA0094000986
B1646441859355S04158590WA0095201000
B1646481859361S04158617WA0095501004
B1646521859365S04158643WA0095901008
B1646561859377S04158667WA0095801006
B1647001859393S04158688WA0096401015
B1647041859411S04158705WA0097301023
B1647081859429S04158722WA0098701038
B1647121859440S04158743WA0099901050
B1647161859427S04158760WA0100901060
B1647201859415S04158744WA0101901069
B1647241859431S04158736WA0103301082
B1647281859442S04158755WA0104501095
B1647321859425S04158765WA0105301102
B1647361859417S04158747WA0106301114
B1647401859432S04158735WA0107301123
B1647441859440S04158715WA0107901129
B1647481859439S04158694WA0109401145
B1647521859448S04158675WA0110601157
B1647561859468S04158668WA0112001173
B1648001859483S04158681WA0112901184
B1648041859483S04158700WA0113701190
B1648081859467S04158710WA0114401198
B1648121859450S04158701WA0115401210
B1648161859453S04158682WA0116301219
B1648201859468S04158664WA0116701223
B1648241859488S04158656WA0117701235
B1648281859505S04158672WA0118401241
B1648321859508S04158690WA0119301249
B1648361859495S04158707WA0119401250
B1648401859483S04158723WA0120401260
B1648441859466S04158727WA0120901266
B1648481859456S04158712WA0121901276
B1648521859469S04158694WA0122601283
B1648561859490S04158696WA0123701295
B1649001859485S04158716WA0124001299
B1649041859468S04158712WA0125201311
B1649081859470S04158691WA0125901319
B1649121859492S04158680WA0126801329
B1649161859510S04158691WA0127501336
B1649201859502S04158709WA0127901340
B1649241859489S04158695WA0128701349
B1649281859506S04158677WA0129501359
B1649321859530S04158677WA0130001365
B1649361859554S04158677WA0130401370
B1649401859585S04158678WA0129701363
B1649441859622S04158671WA0129001355
B1649481859658S04158668WA0128501350
B1649521859694S04158666WA0127901344
B1649561859731S04158668WA0127001334
B1650001859773S04158672WA0126401328
B1650041859809S04158680WA0126701333
B1650081859843S04158696WA0126601333
B1650121859871S04158714WA0127101337
B1650161859902S04158730WA0127001336
B1650201859932S04158746WA0126601331
B1650241859969S04158754WA0126201327
B1650281900003S04158762WA0126201327
B1650321900033S04158774WA0126301328
B1650361900063S04158788WA0125401318
B1650401900094S04158807WA0125001313
B1650441900123S04158824WA0124901311
B1650481900152S04158846WA0124801310
B1650521900182S04158863WA0125501317
B1650561900210S04158879WA0126101323
B1651001900236S04158900WA0126101323
B1651041900263S04158919WA0125701320
B1651081900300S04158930WA0124701309
B1651121900330S04158942WA0124201304
B1651161900364S04158959WA0122701288
B1651201900393S04158980WA0122001281
B1651241900419S04159000WA0122301284
B1651281900449S04159013WA0122201282
B1651321900482S04159037WA0121801278
B1651361900505S04159055WA0122101281
B1651401900533S04159073WA0120701267
B1651441900564S04159093WA0119701257
B1651481900593S04159114WA0119701256
B1651521900621S04159135WA0119501254
B1651561900649S04159155WA0119101250
B1652001900682S04159176WA0118501243
B1652041900716S04159194WA0118001238
B1652081900748S04159209WA0118001237
B1652121900775S04159224WA0117601233
B1652161900810S04159245WA0115801214
B1652201900842S04159266WA0115601213
B1652241900873S04159286WA0114801204
B1652281900905S04159307WA0113701192
B1652321900939S04159327WA0112901183
B1652361900975S04159344WA0112301177
B1652401901010S04159360WA0113101185
B1652441901027S04159369WA0115201206
B1652481901048S04159374WA0115701209
B1652521901069S04159381WA0117101225
B1652561901085S04159389WA0118101235
B1653001901101S04159397WA0119201246
B1653041901101S04159417WA0119601251
B1653081901084S04159426WA0120701263
B1653121901065S04159413WA0121601272
B1653161901054S04159393WA0122901286
B1653201901062S04159376WA0123901296
B1653241901081S04159382WA0125001307
B1653281901074S04159401WA0125801316
B1653321901056S04159408WA0126901328
B1653361901039S04159416WA0127901340
B1653401901019S04159412WA0128801350
B1653441901015S04159391WA0129801360
B1653481901029S04159376WA0131101375
B1653521901050S04159376WA0131801382
B1653561901074S04159384WA0132901393
B1654001901095S04159387WA0134001404
B1654041901117S04159387WA0134701412
B1654081901142S04159390WA0135201417
B1654121901165S04159393WA0135701422
B1654161901190S04159394WA0136401430
B1654201901209S04159398WA0136901436
B1654241901241S04159402WA0136601432
B1654281901270S04159408WA0137101437
B1654321901298S04159418WA0137301439
B1654361901324S04159423WA0138401450
B1654401901351S04159434WA0138401450
B1654441901386S04159445WA0137901446
B1654481901419S04159464WA0137101438
B1654521901453S04159480WA0136401430
B1654561901488S04159495WA0135101416
B1655001901523S04159513WA0134101405
B1655041901556S04159526WA0133301396
B1655081901594S04159537WA0132201385
B1655121901627S04159551WA0131701381
B1655161901656S04159576WA0131001374
B1655201901685S04159600WA0130501369
B1655241901715S04159619WA0130201365
B1655281901744S04159643WA0129601358
B1655321901775S04159664WA0129301355
B1655361901806S04159684WA0128901351
B1655401901836S04159706WA0128201344
B1655441901865S04159727WA0127601337
B1655481901896S04159748WA0126901329
B1655521901925S04159769WA0126301323
B1655561901955S04159790WA0125601317
B1656001901985S04159810WA0124901311
B1656041902017S04159832WA0123801299
B1656081902050S04159857WA0123201293
B1656121902080S04159881WA0122801289
B1656161902109S04159911WA0121801279
B1656201902134S04159943WA0121501276
B1656241902163S04159972WA0120501265
B1656281902198S04159992WA0119901259
B1656321902233S04200010WA0119101252
B1656361902269S04200031WA0118201242
B1656401902302S04200052WA0117701237
B1656441902338S04200070WA0116801226
B1656481902375S04200084WA0116101220
B1656521902411S04200102WA0115401212
B1656561902448S04200114WA0114601204
B1657001902486S04200121WA0114001197
B1657041902516S04200100WA0113301191
B1657081902539S04200072WA0113101189
B1657121902541S04200034WA0112101177
B1657161902530S04159994WA0111401170
B1657201902522S04159953WA0110501160
B1657241902512S04159911WA0109701152
B1657281902503S04159873WA0109201146
B1657321902489S04159834WA0108101135
B1657361902468S04159800WA0107501129
B1657401902446S04159769WA0106601119
B1657441902419S04159742WA0105601110
B1657481902394S04159719WA0104901102
B1657521902366S04159695WA0103701090
B1657561902336S04159681WA0102801081
B1658001902306S04159661WA0101601069
B1658041902275S04159643WA0100801060
B1658081902243S04159627WA0100401056
B1658121902214S04159616WA0100101052
B1658161902186S04159624WA0100201052
B1658201902159S04159630WA0101101063
B1658241902133S04159632WA0102101074
B1658281902109S04159631WA0102201075
B1658321902078S04159624WA0101501067
B1658361902054S04159607WA0100501057
B1658401902029S04159579WA0099401047
B1658441902000S04159555WA0098401036
B1658481901965S04159526WA0097201024
B1658521901936S04159502WA0098001034
B1658561901912S04159486WA0099001043
B1659001901881S04159471WA0098401037
B1659041901849S04159457WA0098801041
B1659081901822S04159448WA0099201045
B1659121901792S04159436WA0098401037
B1659161901758S04159423WA0097801031
B1659201901731S04159406WA0097201024
B1659241901701S04159386WA0095901011
B1659281901668S04159363WA0094600998
B1659321901637S04159339WA0094400997
B1659361901608S04159321WA0094200994
B1659401901575S04159299WA0092800979
B1659441901542S04159278WA0091800968
B1659481901506S04159252WA0090000950
B1659521901469S04159231WA0089500946
B1659561901433S04159210WA0088700937
B1700001901399S04159192WA0088400934
B1700041901365S04159179WA0088200930
B1700081901331S04159167WA0087900927
B1700121901299S04159154WA0088000928
B1700161901264S04159146WA0087500921
B1700201901228S04159136WA0087100918
B1700241901193S04159127WA0086700913
B1700281901158S04159114WA0085600902
B1700321901123S04159102WA0084900895
B1700361901088S04159088WA0084200888
B1700401901055S04159074WA0083400880
B1700441901019S04159061WA0082600871
B1700481900983S04159053WA0081800863
B1700521900945S04159055WA0081100856
B1700561900909S04159055WA0080900854
B1701001900879S04159053WA0080900855
B1701041900847S04159050WA0080100845
B1701081900811S04159053WA0079700841
B1701121900779S04159054WA0079700841
B1701161900759S04159058WA0079900842
B1701201900726S04159066WA0079000832
B1701241900698S04159073WA0079300837
B1701281900662S04159077WA0077800820
B1701321900624S04159073WA0077400815
B1701361900590S04159070WA0076700808
B1701401900549S04159075WA0076000800
B1701441900520S04159084WA0076800808
B1701481900488S04159092WA0076300802
B1701521900470S04159094WA0076700807
B1701561900442S04159088WA0076200802
B1702001900423S04159088WA0076500806
B1702041900391S04159081WA0075900799
B1702081900368S04159068WA0076000799
B1702121900341S04159052WA0076300803
B1702161900318S04159045WA0076600806
B1702201900290S04159033WA0077400815
B1702241900265S04159028WA0078400826
B1702281900235S04159026WA0079200835
B1702321900207S04159028WA0079500840
B1702361900180S04159033WA0080500850
B1702401900153S04159039WA0080400849
B1702441900126S04159056WA0081100857
B1702481900100S04159063WA0081500860
B1702521900079S04159056WA0082300869
B1702561900058S04159047WA0082800874
B1703001900037S04159046WA0083200878
B1703041900011S04159051WA0082600871
B1703081859984S04159059WA0082500871
B1703121859952S04159057WA0081900865
B1703161859917S04159053WA0082900876
B1703201859899S04159048WA0084100887
B1703241859869S04159046WA0084200888
B1703281859850S04159046WA0085200898
B1703321859826S04159061WA0085300898
B1703361859807S04159063WA0086100907
B1703401859795S04159046WA0086400910
B1703441859801S04159027WA0086100909
B1703481859802S04159005WA0086300909
B1703521859792S04158988WA0086200909
B1703561859770S04158969WA0085500902
B1704001859752S04158946WA0084600892
B1704041859726S04158917WA0083200877
B1704081859705S04158892WA0082100866
B1704121859681S04158862WA0080400848
B1704161859660S04158824WA0079700841
B1704201859642S04158790WA0080100845
B1704241859630S04158765WA0080700850
B1704281859615S04158736WA0080100845
B1704321859596S04158709WA0080200847
B1704361859583S04158679WA0079900844
B1704401859565S04158645WA0079200837
B1704441859543S04158614WA0079300838
B1704481859524S04158586WA0080300849
B1704521859511S04158557WA0080900855
B1704561859497S04158528WA0081500862
B1705001859474S04158505WA0082600873
B1705041859461S04158489WA0084000886
B1705081859449S04158467WA0084900894
B1705121859441S04158443WA0085700903
B1705161859443S04158415WA0087100918
B1705201859457S04158401WA0088800934
B1705241859476S04158409WA0089900946
B1705281859462S04158422WA0090800955
B1705321859454S04158400WA0092200970
B1705361859466S04158382WA0093500984
B1705401859481S04158394WA0093900988
B1705441859464S04158403WA0094901000
B1705481859454S04158384WA0096101012
B1705521859465S04158360WA0096401014
B1705561859480S04158372WA0097201023
B1706001859472S04158385WA0098401035
B1706041859452S04158382WA0098901040
B1706081859433S04158376WA0100601059
B1706121859424S04158354WA0101901073
B1706161859442S04158339WA0103401090
B1706201859449S04158357WA0104201098
B1706241859439S04158370WA0105901116
B1706281859423S04158364WA0107101130
B1706321859430S04158335WA0108501145
B1706361859449S04158336WA0110101162
B1706401859451S04158354WA0111201173
B1706441859434S04158350WA0112601187
B1706481859435S04158324WA0113701199
B1706521859454S04158327WA0115101214
B1706561859440S04158338WA0115901222
B1707001859425S04158329WA0117601240
B1707041859427S04158304WA0118501250
B1707081859452S04158302WA0119601262
B1707121859458S04158317WA0120901275
B1707161859438S04158319WA0121901284
B1707201859429S04158305WA0123301300
B1707241859436S04158279WA0124201310
B1707281859457S04158260WA0125501324
B1707321859477S04158255WA0126401332
B1707361859481S04158273WA0127101339
B1707401859470S04158277WA0128301352
B1707441859452S04158264WA0129001359
B1707481859447S04158242WA0130201371
B1707521859469S04158226WA0130801377
B1707561859484S04158233WA0131801388
B1708001859479S04158250WA0132201392
B1708041859464S04158243WA0133101401
B1708081859456S04158222WA0133701409
B1708121859448S04158197WA0134201413
B1708161859437S04158177WA0134701417
B1708201859420S04158161WA0134601417
B1708241859400S04158136WA0134401415
B1708281859383S04158108WA0134901420
B1708321859369S04158085WA0135401426
B1708361859349S04158056WA0134501417
B1708401859332S04158023WA0134301416
B1708441859325S04157997WA0134601418
B1708481859311S04157963WA0133801411
B1708521859301S04157938WA0133201405
B1708561859282S04157909WA0132101393
B1709001859258S04157883WA0130801380
B1709041859230S04157852WA0129601366
B1709081859204S04157823WA0128501355
B1709121859178S04157791WA0127401343
B1709161859151S04157762WA0126401333
B1709201859122S04157736WA0125201320
B1709241859093S04157709WA0124101309
B1709281859063S04157687WA0123101299
B1709321859033S04157666WA0122401291
B1709361859002S04157648WA0121301281
B1709401858972S04157629WA0120601273
B1709441858948S04157599WA0119601262
B1709481858924S04157571WA0118801255
B1709521858902S04157541WA0117601241
B1709561858876S04157510WA0116201225
B1710001858846S04157483WA0115301216
B1710041858814S04157457WA0114801211
B1710081858786S04157430WA0114401207
B1710121858757S04157402WA0113601199
B1710161858732S04157375WA0113101194
B1710201858712S04157345WA0112401186
B1710241858691S04157311WA0111301175
B1710281858676S04157275WA0110701168
B1710321858660S04157239WA0110201162
B1710361858644S04157204WA0109501156
B1710401858630S04157167WA0109301153
B1710441858617S04157135WA0109101152
B1710481858611S04157102WA0108701148
B1710521858608S04157066WA0107701138
B1710561858607S04157027WA0107001131
B1711001858608S04156988WA0106201122
B1711041858611S04156949WA0105601115
B1711081858612S04156910WA0105001109
B1711121858612S04156871WA0104301101
B1711161858612S04156833WA0103401092
B1711201858615S04156795WA0102601083
B1711241858620S04156762WA0102101078
B1711281858624S04156726WA0100901066
B1711321858627S04156692WA0100201059
B1711361858629S04156659WA0099401050
B1711401858630S04156623WA0098301039
B1711441858627S04156585WA0097301029
B1711481858620S04156552WA0096701022
B1711521858612S04156515WA0095301008
B1711561858605S04156481WA0094801003
B1712001858605S04156450WA0093900992
B1712041858604S04156415WA0092900982
B1712081858602S04156382WA0091800970
B1712121858598S04156346WA0090700958
B1712161858602S04156316WA0090600957
B1712201858604S04156281WA0089800949
B1712241858607S04156248WA0089900950
B1712281858605S04156215WA0089300943
B1712321858599S04156177WA0088600937
B1712361858590S04156143WA0087800929
B1712401858579S04156107WA0086600915
B1712441858568S04156072WA0085500904
B1712481858559S04156035WA0084600895
B1712521858550S04155999WA0084200890
B1712561858539S04155966WA0084200890
B1713001858516S04155949WA0084700893
B1713041858508S04155934WA0085800906
B1713081858521S04155921WA0086400911
B1713121858534S04155937WA0086700915
B1713161858518S04155953WA0086800916
B1713201858502S04155945WA0087900929
B1713241858496S04155930WA0088500933
B1713281858517S04155916WA0088900937
B1713321858531S04155935WA0089700946
B1713361858519S04155950WA0090200951
B1713401858507S04155935WA0090700956
B1713441858510S04155911WA0091100961
B1713481858513S04155892WA0091800970
B1713521858516S04155866WA0092100970
B1713561858510S04155848WA0092600977
B1714001858507S04155820WA0092200974
B1714041858510S04155800WA0092400977
B1714081858509S04155768WA0091200965
B1714121858507S04155744WA0091200966
B1714161858509S04155713WA0089900952
B1714201858515S04155678WA0089700949
B1714241858519S04155652WA0090500957
B1714281858526S04155629WA0091000962
B1714321858530S04155600WA0091700970
B1714361858530S04155576WA0092800981
B1714401858524S04155555WA0093500988
B1714441858524S04155535WA0094000994
B1714481858533S04155517WA0094601000
B1714521858534S04155501WA0095301005
B1714561858530S04155484WA0095801010
B1715001858523S04155460WA0095401007
B1715041858514S04155433WA0095301006
B1715081858505S04155398WA0094300995
B1715121858492S04155359WA0094400997
B1715161858477S04155333WA0095801011
B1715201858471S04155314WA0096801021
B1715241858476S04155290WA0097301026
B1715281858469S04155269WA0098301037
B1715321858446S04155268WA0098601040
B1715361858435S04155287WA0099001046
B1715401858443S04155304WA0099901057
B1715441858456S04155301WA0101101067
B1715481858456S04155278WA0101901076
B1715521858432S04155276WA0102701084
B1715561858430S04155297WA0103201089
B1716001858446S04155288WA0104201098
B1716041858434S04155269WA0105001106
B1716081858416S04155285WA0105101107
B1716121858432S04155297WA0106101117
B1716161858447S04155282WA0106501122
B1716201858443S04155261WA0107101127
B1716241858429S04155241WA0107301130
B1716281858411S04155220WA0107601133
B1716321858394S04155202WA0107001128
B1716361858387S04155175WA0106401122
B1716401858389S04155149WA0106501124
B1716441858389S04155125WA0106901128
B1716481858385S04155100WA0107401134
B1716521858381S04155075WA0108001138
B1716561858373S04155046WA0107401133
B1717001858368S04155010WA0107401134
B1717041858364S04154980WA0107401134
B1717081858359S04154943WA0106701127
B1717121858351S04154911WA0106901129
B1717161858343S04154872WA0106301123
B1717201858325S04154842WA0107301132
B1717241858313S04154819WA0108801148
B1717281858301S04154789WA0108701147
B1717321858284S04154754WA0109301153
B1717361858276S04154735WA0111001170
B1717401858260S04154713WA0111101172
B1717441858243S04154701WA0112301186
B1717481858217S04154691WA0112701190
B1717521858194S04154683WA0113801203
B1717561858174S04154663WA0113701202
B1718001858159S04154641WA0113401199
B1718041858146S04154610WA0111701180
B1718081858135S04154572WA0110201165
B1718121858123S04154538WA0109001152
B1718161858115S04154501WA0107801139
B1718201858106S04154464WA0106601128
B1718241858098S04154426WA0105501116
B1718281858090S04154389WA0104801108
B1718321858080S04154357WA0104501104
B1718361858067S04154324WA0103601095
B1718401858055S04154292WA0103001089
B1718441858043S04154258WA0102001079
B1718481858031S04154225WA0101301071
B1718521858019S04154192WA0100701064
B1718561858008S04154161WA0099801055
B1719001857997S04154127WA0098801045
B1719041857985S04154093WA0097701032
B1719081857972S04154055WA0096501021
B1719121857960S04154019WA0095801013
B1719161857946S04153982WA0094701002
B1719201857935S04153944WA0093900994
B1719241857920S04153907WA0093000985
B1719281857908S04153869WA0092200977
B1719321857896S04153830WA0091300966
B1719361857881S04153792WA0090700960
B1719401857869S04153753WA0090100954
B1719441857858S04153713WA0089400946
B1719481857848S04153672WA0088400936
B1719521857835S04153631WA0087800930
B1719561857820S04153592WA0087400925
B1720001857807S04153553WA0086700918
B1720041857790S04153521WA0086300914
B1720081857775S04153488WA0085500905
B1720121857757S04153456WA0084600896
B1720161857736S04153424WA0083600885
B1720201857717S04153393WA0082800876
B1720241857697S04153360WA0081800866
B1720281857679S04153328WA0080900857
B1720321857668S04153293WA0080100848
B1720361857651S04153265WA0079500842
B1720401857627S04153244WA0078400830
B1720441857608S04153212WA0077300818
B1720481857592S04153178WA0076500810
B1720521857571S04153147WA0075600799
B1720561857540S04153127WA0075200795
B1721001857511S04153112WA0075800802
B1721041857488S04153103WA0077100814
B1721081857472S04153097WA0078100825
B1721121857469S04153078WA0078400828
B1721161857483S04153070WA0078400829
B1721201857505S04153070WA0078500829
B1721241857527S04153068WA0078900833
B1721281857548S04153074WA0079600841
B1721321857557S04153091WA0080100847
B1721361857545S04153112WA0080300849
B1721401857536S04153129WA0081200859
B1721441857516S04153136WA0081600862
B1721481857501S04153128WA0082700874
B1721521857499S04153105WA0083100878
B1721561857511S04153090WA0083700885
B1722001857530S04153076WA0084100889
B1722041857550S04153070WA0085000898
B1722081857564S04153085WA0085100899
B1722121857559S04153106WA0085700905
B1722161857542S04153113WA0086300912
B1722201857534S04153097WA0087100921
B1722241857552S04153080WA0087500924
B1722281857570S04153070WA0088600936
B1722321857592S04153067WA0088500936
B1722361857621S04153065WA0088500934
B1722401857651S04153061WA0088200933
B1722441857687S04153062WA0087800929
B1722481857719S04153062WA0087700928
B1722521857751S04153062WA0087000920
B1722561857788S04153065WA0086000910
B1723001857825S04153056WA0085500904
B1723041857856S04153038WA0085000898
B1723081857892S04153028WA0084400892
B1723121857924S04153025WA0084200888
B1723161857960S04153021WA0084000887
B1723201857980S04153025WA0085100899
B1723241858002S04153035WA0084600891
B1723281858017S04153040WA0085300899
B1723321858043S04153042WA0084700893
B1723361858071S04153046WA0084500892
B1723401858108S04153051WA0083000878
B1723441858145S04153058WA0082800875
B1723481858181S04153065WA0081900866
B1723521858219S04153076WA0081400861
B1723561858252S04153087WA0081000857
B1724001858289S04153097WA0080700853
B1724041858320S04153107WA0081000856
B1724081858352S04153108WA0080300848
B1724121858390S04153096WA0079000836
B1724161858428S04153086WA0078500830
B1724201858466S04153088WA0078100825
B1724241858506S04153088WA0077500819
B1724281858547S04153089WA0076800811
B1724321858588S04153089WA0076000803
B1724361858629S04153091WA0075000792
B1724401858669S04153092WA0073700780
B1724441858708S04153098WA0072800769
B1724481858745S04153104WA0072000761
B1724521858781S04153113WA0071200752
B1724561858820S04153116WA0070000740
B1725001858857S04153119WA0069300732
B1725041858895S04153121WA0068000720
B1725081858931S04153124WA0066900709
B1725121858966S04153127WA0066100700
B1725161858997S04153132WA0065200690
B1725201859033S04153142WA0064000678
B1725241859071S04153145WA0063700675
B1725281859100S04153158WA0063800676
B1725321859133S04153166WA0063300670
B1725361859173S04153171WA0062500663
B1725401859211S04153177WA0062300659
B1725441859250S04153185WA0061700653
B1725481859287S04153192WA0061300651
B1725521859322S04153200WA0060400641
B1725561859358S04153211WA0059700633
B1726001859390S04153219WA0059100626
B1726041859425S04153226WA0058100615
B1726081859460S04153227WA0057600610
B1726121859496S04153230WA0056900603
B1726161859530S04153233WA0056800602
B1726201859565S04153234WA0055900593
B1726241859600S04153239WA0055800592
B1726281859621S04153252WA0057000604
B1726321859643S04153256WA0057600609
B1726361859665S04153260WA0058300617
B1726401859680S04153270WA0059000624
B1726441859674S04153289WA0059000624
B1726481859656S04153283WA0059700632
B1726521859647S04153264WA0059800633
B1726561859645S04153238WA0060100637
B1727001859654S04153217WA0061000646
B1727041859672S04153207WA0061600653
B1727081859691S04153219WA0062300660
B1727121859694S04153238WA0063000666
B1727161859680S04153247WA0063600673
B1727201859668S04153232WA0064300679
B1727241859670S04153212WA0065200689
B1727281859689S04153202WA0065700694
B1727321859708S04153212WA0066400701
B1727361859711S04153233WA0066400703
B1727401859699S04153243WA0067100710
B1727441859678S04153239WA0067600715
B1727481859660S04153233WA0068300723
B1727521859647S04153215WA0068400723
B1727561859642S04153192WA0069500735
B1728001859652S04153174WA0070400745
B1728041859672S04153181WA0070700748
B1728081859671S04153207WA0071200753
B1728121859655S04153217WA0072300764
B1728161859637S04153206WA0072500766
B1728201859633S04153182WA0073200774
B1728241859646S04153167WA0074400786
B1728281859665S04153178WA0074700789
B1728321859659S04153201WA0075100794
B1728361859641S04153204WA0076100803
B1728401859629S04153186WA0076700810
B1728441859635S04153168WA0078000824
B1728481859652S04153177WA0078200825
B1728521859636S04153192WA0078900834
B1728561859619S04153184WA0080200847
B1729001859616S04153165WA0081000855
B1729041859637S04153169WA0081600861
B1729081859632S04153193WA0082200869
B1729121859615S04153202WA0083500881
B1729161859593S04153199WA0084300890
B1729201859592S04153185WA0084800895
B1729241859611S04153178WA0085200901
B1729281859629S04153180WA0086000909
B1729321859640S04153197WA0086600915
B1729361859629S04153214WA0087100920
B1729401859608S04153215WA0087600925
B1729441859600S04153197WA0088400933
B1729481859613S04153184WA0089000941
B1729521859634S04153186WA0089700947
B1729561859661S04153191WA0089800948
B1730001859689S04153195WA0090600957
B1730041859720S04153199WA0090200954
B1730081859757S04153204WA0090200953
B1730121859792S04153204WA0089900951
B1730161859827S04153212WA0089700949
B1730201859859S04153217WA0088700938
B1730241859897S04153229WA0087200922
B1730281859933S04153241WA0087600927
B1730321859963S04153249WA0088000929
B1730361900002S04153254WA0087400922
B1730401900037S04153253WA0088200930
B1730441900064S04153258WA0089500943
B1730481900083S04153267WA0090000949
B1730521900106S04153280WA0090200951
B1730561900132S04153286WA0089800947
B1731001900160S04153292WA0090000949
B1731041900185S04153302WA0089200941
B1731081900218S04153315WA0087700926
B1731121900249S04153327WA0087200921
B1731161900282S04153339WA0086100909
B1731201900319S04153355WA0084800896
B1731241900354S04153371WA0084000888
B1731281900391S04153388WA0083100876
B1731321900422S04153409WA0082500870
B1731361900452S04153435WA0081100855
B1731401900484S04153459WA0080400849
B1731441900514S04153480WA0080300847
B1731481900543S04153502WA0079900843
B1731521900578S04153522WA0079100834
B1731561900614S04153544WA0078600830
B1732001900649S04153566WA0078400828
B1732041900684S04153592WA0078200826
B1732081900713S04153624WA0078100825
B1732121900746S04153651WA0078300826
B1732161900777S04153674WA0078700830
B1732201900798S04153687WA0079900843
B1732241900824S04153706WA0079600840
B1732281900845S04153726WA0080200848
B1732321900867S04153750WA0080400851
B1732361900887S04153769WA0080800855
B1732401900909S04153795WA0081000858
B1732441900927S04153813WA0081700865
B1732481900958S04153829WA0080700854
B1732521900991S04153847WA0080300850
B1732561901017S04153870WA0080200849
B1733001901035S04153894WA0081300859
B1733041901043S04153909WA0082300868
B1733081901036S04153926WA0082700872
B1733121901019S04153926WA0083400879
B1733161901015S04153909WA0084300888
B1733201901033S04153896WA0084800894
B1733241901056S04153906WA0084900896
B1733281901077S04153921WA0084700894
B1733321901104S04153943WA0084200888
B1733361901126S04153963WA0084900895
B1733401901146S04153971WA0085400901
B1733441901170S04153972WA0085900905
B1733481901186S04153982WA0086900917
B1733521901184S04154002WA0087500923
B1733561901169S04154011WA0088400933
B1734001901156S04153996WA0088700936
B1734041901163S04153974WA0089200940
B1734081901181S04153967WA0089900947
B1734121901195S04153981WA0090400954
B1734161901202S04154006WA0090600957
B1734201901204S04154038WA0090700959
B1734241901203S04154081WA0090400955
B1734281901205S04154122WA0090800961
B1734321901217S04154162WA0091100964
B1734361901222S04154201WA0091700971
B1734401901223S04154228WA0092700980
B1734441901222S04154257WA0092300975
B1734481901216S04154289WA0092300975
B1734521901213S04154319WA0092400976
B1734561901209S04154350WA0092500979
B1735001901208S04154374WA0093300985
B1735041901208S04154396WA0093600989
B1735081901199S04154407WA0093900992
B1735121901195S04154395WA0094100994
B1735161901212S04154380WA0094600998
B1735201901235S04154389WA0094901002
B1735241901255S04154414WA0095001004
B1735281901280S04154431WA0095001003
B1735321901297S04154442WA0095101004
B1735361901317S04154461WA0094100994
B1735401901326S04154482WA0093500987
B1735441901329S04154511WA0092600978
B1735481901335S04154540WA0091400967
B1735521901339S04154571WA0091200967
B1735561901346S04154598WA0090600959
B1736001901357S04154627WA0090100953
B1736041901367S04154649WA0089800952
B1736081901380S04154669WA0089500947
B1736121901408S04154674WA0088600935
B1736161901431S04154672WA0088200932
B1736201901462S04154668WA0086600914
B1736241901491S04154665WA0086200910
B1736281901520S04154666WA0085300900
B1736321901548S04154666WA0085000897
B1736361901579S04154669WA0083900885
B1736401901618S04154677WA0083300880
B1736441901640S04154691WA0083700884
B1736481901665S04154704WA0082700872
B1736521901691S04154710WA0082200867
B1736561901720S04154714WA0081300856
B1737001901749S04154714WA0080300846
B1737041901780S04154716WA0079100834
B1737081901812S04154721WA0078200825
B1737121901851S04154726WA0077200814
B1737161901884S04154731WA0077000812
B1737201901921S04154733WA0075700798
B1737241901958S04154738WA0074800789
B1737281901994S04154742WA0073600775
B1737321902033S04154742WA0072400764
B1737361902067S04154734WA0071800757
B1737401902101S04154728WA0070700745
B1737441902135S04154726WA0069700735
B1737481902169S04154720WA0069100727
B1737521902204S04154708WA0067900715
B1737561902241S04154694WA0067000706
B1738001902276S04154682WA0066400699
B1738041902312S04154670WA0065400689
B1738081902347S04154655WA0064700681
B1738121902379S04154635WA0063900673
B1738161902414S04154621WA0063000664
B1738201902449S04154605WA0062100655
B1738241902479S04154583WA0061600648
B1738281902508S04154560WA0060700639
B1738321902538S04154541WA0060200635
B1738361902568S04154527WA0059600628
B1738401902604S04154507WA0058000611
B1738441902637S04154488WA0057300603
B1738481902667S04154463WA0056600595
B1738521902693S04154440WA0056200592
B1738561902719S04154415WA0055400583
B1739001902744S04154390WA0054800578
B1739041902770S04154366WA0054100570
B1739081902796S04154340WA0053200560
B1739121902818S04154312WA0052600554
B1739161902842S04154285WA0051800545
B1739201902870S04154264WA0051300539
B1739241902895S04154239WA0050300529
B1739281902924S04154217WA0049300519
B1739321902938S04154196WA0049300519
B1739361902956S04154181WA0048700513
B1739401902980S04154182WA0049300521
B1739441903000S04154192WA0049400522
B1739481903029S04154200WA0048900515
B1739521903053S04154205WA0049100517
B1739561903078S04154216WA0048800514
B1740001903103S04154230WA0048500511
B1740041903126S04154244WA0048800514
B1740081903148S04154252WA0049500520
B1740121903174S04154255WA0050100526
B1740161903197S04154264WA0050100527
B1740201903214S04154281WA0050000526
B1740241903221S04154310WA0049200520
B1740281903213S04154328WA0049800526
B1740321903200S04154351WA0048600516
B1740361903185S04154362WA0048800521
B1740401903161S04154365WA0048000511
B1740441903143S04154363WA0048200513
B1740481903124S04154350WA0047700508
B1740521903108S04154339WA0048200512
B1740561903097S04154322WA0048500515
B1741001903090S04154300WA0049100521
B1741041903087S04154283WA0050000530
B1741081903094S04154267WA0050200531
B1741121903112S04154262WA0050500535
B1741161903135S04154266WA0050500536
B1741201903158S04154264WA0051200543
B1741241903175S04154255WA0051500546
B1741281903192S04154245WA0051800548
B1741321903212S04154234WA0051800549
B1741361903228S04154223WA0052900560
B1741401903241S04154228WA0053500566
B1741441903242S04154248WA0053600567
B1741481903221S04154255WA0053600569
B1741521903203S04154245WA0054500578
B1741561903199S04154230WA0055300586
B1742001903218S04154222WA0055800590
B1742041903231S04154223WA0056800602
B1742081903249S04154231WA0056900603
B1742121903266S04154241WA0057600609
B1742161903274S04154229WA0057800611
B1742201903261S04154215WA0058200615
B1742241903240S04154214WA0058300617
B1742281903220S04154230WA0058700620
B1742321903199S04154246WA0059100624
B1742361903185S04154266WA0059700631
B1742401903175S04154289WA0060100637
B1742441903164S04154316WA0060600641
B1742481903153S04154337WA0061300649
B1742521903147S04154359WA0062000655
B1742561903136S04154373WA0062400660
B1743001903122S04154361WA0062700663
B1743041903133S04154350WA0063500671
B1743081903155S04154349WA0063500671
B1743121903178S04154341WA0064100676
B1743161903192S04154327WA0064500681
B1743201903214S04154326WA0065200688
B1743241903225S04154343WA0065600692
B1743281903213S04154367WA0065200689
B1743321903197S04154363WA0066100698
B1743361903191S04154350WA0066600703
B1743401903206S04154336WA0067100709
B1743441903221S04154341WA0067700714
B1743481903229S04154366WA0067600714
B1743521903216S04154388WA0067900717
B1743561903198S04154402WA0068400722
B1744001903180S04154416WA0068800726
B1744041903161S04154428WA0069100731
B1744081903144S04154436WA0069700736
B1744121903126S04154431WA0070000739
B1744161903128S04154417WA0070600746
B1744201903147S04154412WA0071100752
B1744241903163S04154425WA0071700758
B1744281903163S04154448WA0072100761
B1744321903145S04154457WA0072100762
B1744361903137S04154442WA0072500765
B1744401903147S04154427WA0072700768
B1744441903166S04154418WA0072700768
B1744481903189S04154413WA0073400775
B1744521903207S04154412WA0073800779
B1744561903226S04154419WA0073900780
B1745001903236S04154440WA0073900780
B1745041903224S04154455WA0073700778
B1745081903205S04154452WA0073600778
B1745121903193S04154435WA0073600777
B1745161903188S04154414WA0073800779
B1745201903194S04154396WA0074500788
B1745241903196S04154376WA0074600788
B1745281903196S04154355WA0075200795
B1745321903203S04154338WA0075600798
B1745361903221S04154339WA0076000803
B1745401903223S04154360WA0075900802
B1745441903202S04154375WA0075700801
B1745481903183S04154367WA0076300807
B1745521903172S04154347WA0076400808
B1745561903159S04154325WA0076500810
B1746001903146S04154300WA0077200817
B1746041903137S04154277WA0077900825
B1746081903131S04154260WA0079000837
B1746121903139S04154246WA0079400840
B1746161903156S04154252WA0079900846
B1746201903158S04154276WA0080700854
B1746241903137S04154288WA0081100860
B1746281903121S04154274WA0081900867
B1746321903131S04154263WA0082400871
B1746361903146S04154273WA0083000878
B1746401903141S04154295WA0083600885
B1746441903122S04154299WA0084100890
B1746481903116S04154282WA0084100890
B1746521903133S04154271WA0084500894
B1746561903150S04154257WA0085100900
B1747001903166S04154249WA0086000910
B1747041903184S04154248WA0086000909
B1747081903189S04154272WA0086000909
B1747121903170S04154283WA0086500914
B1747161903157S04154265WA0086900918
B1747201903158S04154249WA0087800927
B1747241903179S04154244WA0087500923
B1747281903194S04154260WA0087800927
B1747321903187S04154283WA0087600925
B1747361903174S04154306WA0088300933
B1747401903173S04154332WA0088900938
B1747441903166S04154357WA0089700948
B1747481903153S04154373WA0089900948
B1747521903133S04154363WA0089800948
B1747561903136S04154345WA0090600955
B1748001903153S04154336WA0091000959
B1748041903167S04154351WA0091400964
B1748081903171S04154378WA0092000970
B1748121903167S04154401WA0092100972
B1748161903143S04154403WA0091900969
B1748201903140S04154382WA0092200973
B1748241903156S04154368WA0092600977
B1748281903180S04154357WA0092800979
B1748321903201S04154353WA0093900990
B1748361903225S04154356WA0093500986
B1748401903243S04154370WA0093600988
B1748441903260S04154385WA0093300984
B1748481903279S04154391WA0093100982
B1748521903302S04154378WA0092400974
B1748561903321S04154369WA0092400974
B1749001903346S04154354WA0091300961
B1749041903364S04154339WA0091200961
B1749081903390S04154325WA0089800946
B1749121903421S04154308WA0089100940
B1749161903451S04154290WA0088100928
B1749201903484S04154270WA0087100919
B1749241903514S04154250WA0086500912
B1749281903548S04154230WA0085400900
B1749321903579S04154212WA0084600892
B1749361903612S04154191WA0083200877
B1749401903646S04154173WA0082300868
B1749441903679S04154163WA0081700861
B1749481903714S04154157WA0080400847
B1749521903752S04154149WA0079500838
B1749561903787S04154146WA0079000833
B1750001903823S04154140WA0078200825
B1750041903862S04154132WA0077700819
B1750081903898S04154122WA0077100813
B1750121903936S04154108WA0076400807
B1750161903964S04154094WA0077000812
B1750201903986S04154083WA0077200815
B1750241904009S04154072WA0078000822
B1750281904032S04154064WA0078500827
B1750321904052S04154054WA0079300836
B1750361904074S04154046WA0079500837
B1750401904096S04154038WA0079900841
B1750441904118S04154026WA0080200844
B1750481904137S04154010WA0080800851
B1750521904156S04153994WA0081600858
B1750561904176S04153984WA0081800861
B1751001904196S04153996WA0081900861
B1751041904198S04154019WA0082200865
B1751081904184S04154026WA0082500869
B1751121904172S04154014WA0083100876
B1751161904169S04153997WA0083400879
B1751201904182S04153979WA0083800883
B1751241904209S04153976WA0084100886
B1751281904236S04153979WA0084300889
B1751321904262S04153986WA0084300889
B1751361904288S04153984WA0084300888
B1751401904315S04153982WA0084400891
B1751441904338S04153978WA0084500891
B1751481904362S04153975WA0084500890
B1751521904386S04153967WA0084200888
B1751561904411S04153958WA0084100887
B1752001904436S04153952WA0083900884
B1752041904462S04153944WA0083700883
B1752081904489S04153940WA0083400880
B1752121904516S04153936WA0083700882
B1752161904543S04153940WA0083600882
B1752201904568S04153949WA0084000886
B1752241904590S04153960WA0083900885
B1752281904611S04153974WA0083900885
B1752321904632S04153991WA0083300878
B1752361904648S04154011WA0083900886
B1752401904660S04154038WA0083400881
B1752441904668S04154062WA0083700886
B1752481904673S04154087WA0083200880
B1752521904684S04154111WA0083400884
B1752561904702S04154131WA0083100881
B1753001904735S04154155WA0082000869
B1753041904765S04154180WA0082000869
B1753081904793S04154205WA0081500864
B1753121904819S04154234WA0080500854
B1753161904845S04154265WA0079900848
B1753201904861S04154294WA0080300851
B1753241904871S04154316WA0080400853
B1753281904883S04154335WA0080100848
B1753321904889S04154358WA0080400853
B1753361904896S04154377WA0080600855
B1753401904899S04154401WA0080800858
B1753441904899S04154422WA0081700868
B1753481904892S04154440WA0082500876
B1753521904875S04154448WA0082700878
B1753561904860S04154433WA0083200884
B1754001904866S04154413WA0083700889
B1754041904880S04154391WA0084100892
B1754081904897S04154372WA0084500895
B1754121904917S04154361WA0084700897
B1754161904938S04154356WA0084500895
B1754201904969S04154350WA0083700887
B1754241905007S04154337WA0083500885
B1754281905038S04154327WA0084100891
B1754321905074S04154322WA0083900887
B1754361905107S04154327WA0084500894
B1754401905127S04154330WA0085200901
B1754441905156S04154332WA0084900898
B1754481905172S04154327WA0086000909
B1754521905187S04154307WA0085900909
B1754561905195S04154284WA0086500915
B1755001905200S04154259WA0086900918
B1755041905205S04154232WA0087300922
B1755081905208S04154209WA0088300931
B1755121905224S04154196WA0088800936
B1755161905241S04154207WA0089400943
B1755201905237S04154226WA0090000950
B1755241905217S04154237WA0090400955
B1755281905196S04154245WA0090900962
B1755321905181S04154255WA0091400967
B1755361905187S04154272WA0091500967
B1755401905209S04154277WA0091800970
B1755441905230S04154270WA0091700970
B1755481905249S04154258WA0091700969
B1755521905270S04154242WA0090800959
B1755561905292S04154222WA0090700959
B1756001905319S04154196WA0089600947
B1756041905351S04154166WA0089700947
B1756081905372S04154144WA0090800959
B1756121905387S04154130WA0091200962
B1756161905412S04154123WA0091000959
B1756201905437S04154133WA0090600957
B1756241905460S04154143WA0091000961
B1756281905483S04154150WA0090600956
B1756321905504S04154159WA0091400966
B1756361905526S04154171WA0091000960
B1756401905541S04154187WA0091400966
B1756441905560S04154203WA0091100962
B1756481905583S04154211WA0091400965
B1756521905610S04154214WA0091500966
B1756561905636S04154216WA0091800968
B1757001905664S04154213WA0092100971
B1757041905690S04154207WA0092200971
B1757081905717S04154196WA0092500975
B1757121905741S04154187WA0092500974
B1757161905773S04154176WA0092000968
B1757201905802S04154167WA0092700976
B1757241905837S04154159WA0092100970
B1757281905873S04154154WA0092700978
B1757321905902S04154149WA0092800981
B1757361905941S04154144WA0091900972
B1757401905976S04154140WA0091400967
B1757441906016S04154134WA0090400956
B1757481906055S04154121WA0090300955
B1757521906085S04154108WA0091200964
B1757561906101S04154105WA0092400976
B1758001906112S04154125WA0092100974
B1758041906097S04154137WA0092700980
B1758081906090S04154123WA0093100983
B1758121906103S04154106WA0093100985
B1758161906118S04154089WA0093500988
B1758201906136S04154075WA0094000993
B1758241906148S04154057WA0094300996
B1758281906163S04154042WA0094500997
B1758321906182S04154029WA0094500998
B1758361906203S04154018WA0093800990
B1758401906228S04154018WA0093100984
B1758441906258S04154028WA0092200974
B1758481906285S04154038WA0091900971
B1758521906312S04154050WA0091200963
B1758561906342S04154061WA0090400955
B1759001906376S04154074WA0089700947
B1759041906405S04154086WA0089300944
B1759081906439S04154096WA0088400933
B1759121906471S04154112WA0087800928
B1759161906499S04154136WA0087100921
B1759201906525S04154158WA0086700916
B1759241906558S04154172WA0085600905
B1759281906594S04154183WA0084700896
B1759321906622S04154200WA0084200892
B1759361906616S04154230WA0083400884
B1759401906582S04154235WA0082500875
B1759441906557S04154214WA0082300872
B1759481906533S04154194WA0081600865
B1759521906517S04154168WA0080900858
B1759561906510S04154137WA0080200850
B1800001906484S04154122WA0079800846
B1800041906455S04154123WA0079300841
B1800081906420S04154119WA0078300831
B1800121906392S04154102WA0077700825
B1800161906375S04154073WA0077000817
B1800201906366S04154042WA0076400810
B1800241906356S04154009WA0075600801
B1800281906348S04153977WA0075100796
B1800321906336S04153947WA0074600791
B1800361906328S04153914WA0073800782
B1800401906323S04153880WA0073100776
B1800441906315S04153847WA0072500768
B1800481906307S04153812WA0071700760
B1800521906299S04153777WA0070900751
B1800561906291S04153740WA0070100743
B1801001906280S04153706WA0069400734
B1801041906271S04153672WA0068600727
B1801081906268S04153650WA0069100732
B1801121906263S04153626WA0068200723
B1801161906255S04153607WA0068700729
B1801201906247S04153583WA0068000722
B1801241906241S04153560WA0067700717
B1801281906231S04153534WA0067200712
B1801321906214S04153510WA0066400704
B1801361906187S04153480WA0065100691
B1801401906171S04153449WA0064800687
B1801441906158S04153413WA0063700675
B1801481906148S04153376WA0063300672
B1801521906140S04153341WA0063000668
B1801561906134S04153305WA0062600664
B1802001906130S04153277WA0063200670
B1802041906120S04153257WA0063600674
B1802081906107S04153231WA0063700676
B1802121906094S04153210WA0063800676
B1802161906077S04153191WA0063400672
B1802201906052S04153180WA0062900666
B1802241906024S04153181WA0062600664
B1802281906000S04153183WA0063200670
B1802321905979S04153190WA0063100668
B1802361905959S04153198WA0063300670
B1802401905937S04153204WA0062900664
B1802441905914S04153202WA0062900666
B1802481905892S04153196WA0063000667
B1802521905874S04153199WA0063000667
B1802561905856S04153220WA0061900656
B1803001905842S04153241WA0061500652
B1803041905822S04153262WA0060600641
B1803081905801S04153282WA0060200639
B1803121905778S04153294WA0060200638
B1803161905755S04153312WA0060700645
B1803201905743S04153329WA0061700653
B1803241905749S04153346WA0061900654
B1803281905764S04153339WA0062400658
B1803321905770S04153317WA0062900665
B1803361905769S04153292WA0063400671
B1803401905758S04153272WA0063900675
B1803441905735S04153279WA0063000666
B1803481905730S04153298WA0063700673
B1803521905742S04153313WA0063300670
B1803561905764S04153313WA0063900674
B1804001905784S04153309WA0064300680
B1804041905806S04153301WA0065300690
B1804081905819S04153309WA0065900696
B1804121905812S04153326WA0065400691
B1804161905790S04153325WA0065400692
B1804201905772S04153307WA0066200701
B1804241905756S04153291WA0066500703
B1804281905766S04153278WA0066000697
B1804321905784S04153286WA0065500691
B1804361905801S04153304WA0065000686
B1804401905813S04153316WA0066200697
B1804441905829S04153331WA0065200685
B1804481905846S04153343WA0066000694
B1804521905863S04153351WA0066300697
B1804561905880S04153357WA0066000694
B1805001905904S04153354WA0065700691
B1805041905927S04153351WA0065800692
B1805081905955S04153344WA0066000694
B1805121905973S04153334WA0066700700
B1805161905990S04153330WA0067100706
B1805201906002S04153344WA0067400709
B1805241905985S04153356WA0067500710
B1805281905965S04153347WA0067700713
B1805321905968S04153328WA0067900715
B1805361905984S04153314WA0068200718
B1805401906001S04153298WA0068300720
B1805441906019S04153290WA0068400721
B1805481906040S04153293WA0068300720
B1805521906047S04153312WA0068600724
B1805561906038S04153330WA0069300731
B1806001906017S04153334WA0069300732
B1806041906015S04153313WA0069700736
B1806081906033S04153307WA0070100740
B1806121906051S04153319WA0070500744
B1806161906054S04153340WA0070800747
B1806201906035S04153353WA0070900749
B1806241906014S04153339WA0070900748
B1806281906020S04153321WA0071600756
B1806321906040S04153309WA0071800757
B1806361906060S04153298WA0072300763
B1806401906079S04153298WA0072900769
B1806441906081S04153320WA0073000770
B1806481906058S04153323WA0073000770
B1806521906040S04153311WA0073700778
B1806561906024S04153304WA0074100782
B1807001906023S04153282WA0073900780
B1807041906042S04153275WA0074100781
B1807081906064S04153282WA0074400786
B1807121906083S04153281WA0075100792
B1807161906097S04153295WA0075200794
B1807201906088S04153319WA0074800790
B1807241906064S04153316WA0074400786
B1807281906061S04153293WA0074500788
B1807321906072S04153275WA0075000792
B1807361906089S04153257WA0075100793
B1807401906104S04153245WA0075000793
B1807441906115S04153226WA0075000793
B1807481906122S04153207WA0075000792
B1807521906131S04153189WA0075100794
B1807561906139S04153170WA0074900791
B1808001906148S04153147WA0074500787
B1808041906155S04153124WA0074500787
B1808081906163S04153100WA0073700778
B1808121906171S04153077WA0073500776
B1808161906178S04153053WA0072900770
B1808201906185S04153026WA0072100762
B1808241906190S04152991WA0071100751
B1808281906196S04152961WA0070500744
B1808321906205S04152928WA0069600734
B1808361906212S04152897WA0069100729
B1808401906221S04152861WA0067700715
B1808441906231S04152824WA0066900707
B1808481906240S04152790WA0066000697
B1808521906253S04152754WA0064800684
B1808561906273S04152722WA0063600673
B1809001906302S04152705WA0063000665
B1809041906336S04152689WA0061600650
B1809081906368S04152667WA0060900643
B1809121906387S04152638WA0059900632
B1809161906393S04152600WA0058500618
B1809201906394S04152562WA0057300604
B1809241906398S04152522WA0056100591
B1809281906406S04152483WA0055200581
B1809321906411S04152445WA0054400573
B1809361906418S04152406WA0053100559
B1809401906421S04152365WA0052500553
B1809441906421S04152325WA0051900546
B1809481906417S04152283WA0051200538
B1809521906411S04152243WA0050800535
B1809561906407S04152206WA0050400530
B1810001906401S04152169WA0050100529
B1810041906394S04152137WA0050100527
B1810081906376S04152104WA0048800513
B1810121906355S04152073WA0048900516
B1810161906344S04152046WA0049300520
B1810201906326S04152013WA0048800514
B1810241906308S04151987WA0049900526
B1810281906302S04151969WA0051000538
B1810321906313S04151949WA0051300541
B1810361906330S04151957WA0051500544
B1810401906333S04151977WA0051600547
B1810441906330S04151996WA0052300554
B1810481906332S04152012WA0053000561
B1810521906316S04152025WA0053200563
B1810561906299S04152014WA0054000572
B1811001906302S04151991WA0054300575
B1811041906323S04151986WA0054500578
B1811081906334S04152003WA0054900583
B1811121906329S04152023WA0055800592
B1811161906318S04152035WA0056400598
B1811201906301S04152013WA0056400597
B1811241906316S04151999WA0057300606
B1811281906335S04152009WA0057700611
B1811321906342S04152028WA0058300617
B1811361906335S04152044WA0058200615
B1811401906317S04152042WA0058400618
B1811441906311S04152014WA0058400618
B1811481906307S04151987WA0059000624
B1811521906303S04151953WA0059400628
B1811561906303S04151929WA0060400639
B1812001906307S04151903WA0061000645
B1812041906320S04151889WA0061600651
B1812081906334S04151903WA0061700652
B1812121906315S04151912WA0061700651
B1812161906307S04151890WA0062200656
B1812201906314S04151866WA0062700661
B1812241906328S04151848WA0062900664
B1812281906354S04151853WA0062900665
B1812321906374S04151861WA0063600672
B1812361906393S04151861WA0064000675
B1812401906405S04151874WA0063900674
B1812441906392S04151889WA0063600672
B1812481906370S04151889WA0063300670
B1812521906346S04151885WA0063300669
B1812561906321S04151879WA0063500672
B1813001906304S04151866WA0064100678
B1813041906292S04151844WA0064200679
B1813081906297S04151819WA0064000676
B1813121906316S04151803WA0064300679
B1813161906339S04151800WA0064200679
B1813201906366S04151799WA0064500682
B1813241906396S04151790WA0064800684
B1813281906417S04151783WA0065500691
B1813321906434S04151789WA0065300689
B1813361906438S04151807WA0065200689
B1813401906423S04151816WA0065400691
B1813441906404S04151805WA0065300690
B1813481906401S04151778WA0065200690
B1813521906405S04151754WA0065600693
B1813561906409S04151729WA0065700694
B1814001906405S04151704WA0065800694
B1814041906399S04151679WA0065800695
B1814081906395S04151647WA0065300689
B1814121906398S04151620WA0065800695
B1814161906397S04151589WA0065000685
B1814201906397S04151560WA0065400691
B1814241906395S04151531WA0064900685
B1814281906395S04151501WA0064700684
B1814321906392S04151470WA0064000676
B1814361906386S04151442WA0063800674
B1814401906379S04151413WA0063000665
B1814441906371S04151385WA0062600662
B1814481906364S04151356WA0062100655
B1814521906356S04151329WA0062000655
B1814561906359S04151308WA0062800663
B1815001906365S04151286WA0062700661
B1815041906373S04151267WA0063600672
B1815081906380S04151241WA0064100676
B1815121906386S04151224WA0064400681
B1815161906393S04151197WA0064000676
B1815201906387S04151176WA0064000675
B1815241906373S04151155WA0064200679
B1815281906357S04151141WA0064100677
B1815321906337S04151126WA0063600673
B1815361906321S04151110WA0063100668
B1815401906305S04151093WA0062800665
B1815441906291S04151079WA0062100657
B1815481906278S04151061WA0061700653
B1815521906271S04151039WA0060900645
B1815561906261S04151012WA0059600630
B1816001906248S04150986WA0059000625
B1816041906237S04150960WA0058500620
B1816081906240S04150933WA0058700622
B1816121906257S04150916WA0058800623
B1816161906264S04150892WA0058100614
B1816201906265S04150866WA0057600609
B1816241906259S04150839WA0056700599
B1816281906252S04150816WA0056100592
B1816321906242S04150790WA0054600576
B1816361906234S04150765WA0054100572
B1816401906238S04150738WA0053800568
B1816441906239S04150710WA0053400563
B1816481906236S04150682WA0052400554
B1816521906220S04150660WA0051400543
B1816561906192S04150644WA0050100529
B1817001906170S04150626WA0049200520
B1817041906141S04150605WA0047200501
B1817081906115S04150589WA0047000500
B1817121906090S04150571WA0045700485
B1817161906060S04150557WA0044900476
B1817201906034S04150545WA0044200469
B1817241906003S04150529WA0043300460
B1817281905974S04150515WA0043100458
B1817321905943S04150501WA0043000456
B1817361905912S04150488WA0043200459
B1817401905892S04150476WA0043700464
B1817441905870S04150467WA0043600463
B1817481905850S04150460WA0043500462
B1817521905829S04150453WA0043500462
B1817561905809S04150443WA0043100459
B1818001905792S04150434WA0043400462
B1818041905774S04150423WA0042800455
B1818081905756S04150414WA0042700456
B1818121905733S04150411WA0042200451
B1818161905712S04150419WA0041900448
B1818201905689S04150428WA0041200441
B1818241905667S04150434WA0040800436
B1818281905644S04150441WA0040200430
B1818321905627S04150441WA0039800426
B1818361905604S04150432WA0039300422
B1818401905586S04150423WA0039400423
B1818441905566S04150410WA0039700427
B1818481905558S04150396WA0040000429
B1818521905570S04150376WA0039400422
B1818561905585S04150360WA0039900428
B1819001905596S04150345WA0039500422
B1819041905597S04150325WA0038500411
B1819081905581S04150326WA0037500400
B1819121905574S04150348WA0037000395
B1819161905566S04150369WA0037000395
B1819201905561S04150388WA0037200397
B1819241905556S04150412WA0037300397
B1819281905550S04150432WA0037800403
B1819321905542S04150453WA0038000405
B1819361905529S04150463WA0037800401
B1819401905513S04150456WA0037500398
B1819441905516S04150435WA0037000392
B1819481905527S04150415WA0036700389
B1819521905535S04150391WA0036900391
B1819561905543S04150373WA0037300395
B1820001905558S04150354WA0036900392
B1820041905568S04150338WA0037300397
B1820081905578S04150317WA0037400398
B1820121905579S04150300WA0037800401
B1820161905565S04150287WA0037900403
B1820201905550S04150296WA0037700401
B1820241905538S04150315WA0037500400
B1820281905544S04150335WA0037300396
B1820321905553S04150361WA0036800392
B1820361905557S04150383WA0037200396
B1820401905556S04150409WA0037400400
B1820441905554S04150432WA0037900405
B1820481905560S04150455WA0038000406
B1820521905565S04150481WA0037900404
B1820561905561S04150505WA0037900405
B1821001905554S04150528WA0037700404
B1821041905566S04150551WA0037600402
B1821081905586S04150563WA0038000406
B1821121905608S04150558WA0037900404
B1821161905625S04150540WA0038300409
B1821201905628S04150520WA0038700413
B1821241905612S04150506WA0039000416
B1821281905590S04150509WA0039400421
B1821321905574S04150495WA0039700424
B1821361905571S04150479WA0040100429
B1821401905554S04150475WA0039800424
B1821441905548S04150496WA0039600422
B1821481905559S04150515WA0039300417
B1821521905576S04150535WA0039300418
B1821561905587S04150554WA0039300418
B1822001905593S04150578WA0039200420
B1822041905595S04150596WA0039600423
B1822081905601S04150618WA0039100419
B1822121905597S04150638WA0038500413
B1822161905583S04150655WA0037800405
B1822201905582S04150676WA0037100397
B1822241905589S04150697WA0036500392
B1822281905602S04150717WA0035800383
B1822321905618S04150732WA0035900384
B1822361905635S04150746WA0035500379
B1822401905651S04150763WA0035400379
B1822441905660S04150784WA0035100376
B1822481905666S04150806WA0034900374
B1822521905665S04150830WA0034600371
B1822561905662S04150855WA0034600371
B1823001905664S04150878WA0034500368
B1823041905668S04150899WA0034900373
B1823081905669S04150922WA0034600370
B1823121905669S04150944WA0033700361
B1823161905674S04150967WA0033200355
B1823201905682S04150986WA0032700349
B1823241905706S04150981WA0031100332
B1823281905707S04150957WA0030700326
B1823321905707S04150933WA0030000318
B1823361905701S04150908WA0029300311
B1823401905692S04150882WA0028700305
B1823441905678S04150861WA0028400301
B1823481905658S04150846WA0028000297
B1823521905636S04150838WA0027800296
B1823561905616S04150835WA0028100299
B1824001905598S04150826WA0027900298
B1824041905579S04150823WA0027900298
B1824081905559S04150817WA0027400292
B1824121905540S04150807WA0027100290
B1824161905523S04150798WA0026900287
B1824201905507S04150789WA0026700285
B1824241905489S04150781WA0026300281
B1824281905474S04150773WA0026400283
B1824321905459S04150763WA0026000278
B1824361905442S04150756WA0025800277
B1824401905426S04150752WA0025700275
B1824441905410S04150746WA0025500272
B1824481905397S04150735WA0025000267
B1824521905384S04150724WA0024700262
B1824561905372S04150714WA0024500260
B1825001905371S04150693WA0023600250
B1825041905382S04150678WA0023200246
B1825081905406S04150676WA0022700242
B1825121905425S04150677WA0022400237
B1825161905430S04150674WA0022300235
B1825201905430S04150674WA0022300235
B1825241905430S04150674WA0022300235
B1825281905430S04150674WA0022300235
B1825321905430S04150674WA0022300235
B1825361905430S04150675WA0022200234
B1825401905430S04150675WA0022300233
B1825441905430S04150675WA0022300232
B1825481905430S04150675WA0022300231
B1825521905430S04150675WA0022300231
B1825561905431S04150676WA0022300231
B1826001905431S04150676WA0022300231
B1826041905431S04150676WA0022300232
B1826081905432S04150676WA0022300232
B1826121905432S04150676WA0022300232
B1826161905432S04150676WA0022300233
B1826201905432S04150677WA0022300233
B1826241905432S04150677WA0022300232
B1826281905431S04150676WA0022300232
B1826321905429S04150676WA0022300233
B1826361905427S04150675WA0022300233
B1826401905425S04150674WA0022300234
B1826441905423S04150673WA0022200234
B1826481905421S04150673WA0022300234
B1826521905419S04150673WA0022300235
B1826561905417S04150673WA0022200237
B1827001905416S04150672WA0022300236
B1827041905416S04150673WA0022200237
B1827081905416S04150672WA0022200236
B1827121905415S04150672WA0022200235
B1827161905415S04150672WA0022200234
B1827201905415S04150672WA0022200235
B1827241905415S04150672WA0022200235
B1827281905415S04150672WA0022200235
B1827321905415S04150672WA0022200236
B1827361905415S04150672WA0022200235
B1827401905414S04150673WA0022200234
B1827441905415S04150673WA0022200234
B1827481905415S04150673WA0022200235
B1827521905414S04150672WA0022200236
B1827561905414S04150672WA0022200237
B1828001905414S04150672WA0022300238
B1828041905414S04150672WA0022200238
B1828081905414S04150672WA0022200239
B1828121905413S04150672WA0022300237
B1828161905414S04150672WA0022200239
B1828201905414S04150672WA0022100240
B1828241905414S04150672WA0022100239
B1828281905415S04150672WA0022100239
B1828321905415S04150672WA0022100238
B1828361905415S04150672WA0022200238
B1828401905415S04150672WA0022200238
B1828441905415S04150672WA0022100237
B1828481905415S04150672WA0022100237
B1828521905415S04150672WA0022100237
B1828561905415S04150672WA0022100237
B1829001905415S04150672WA0022100236
B1829041905415S04150672WA0022200236
B1829081905415S04150672WA0022200236
B1829121905415S04150672WA0022100235
B1829161905415S04150672WA0022100235
B1829201905415S04150673WA0022200235
B1829241905415S04150673WA0022200235
B1829281905415S04150673WA0022200235
B1829321905415S04150673WA0022200235
B1829361905415S04150673WA0022200235
B1829401905414S04150673WA0022200235
B1829441905414S04150673WA0022200235
B1829481905414S04150673WA0022200235
B1829521905414S04150673WA0022100235
B1829561905414S04150673WA0022200235
B1830001905414S04150673WA0022200235
B1830041905414S04150673WA0022200236
B1830081905414S04150673WA0022200236
B1830121905414S04150673WA0022200236
B1830161905414S04150673WA0022200236
B1830201905414S04150673WA0022200236
B1830241905414S04150673WA0022200236
B1830281905414S04150673WA0022200236
B1830321905414S04150673WA0022200236
B1830361905414S04150673WA0022200235
B1830401905414S04150673WA0022200235
B1830441905414S04150673WA0022200235
B1830481905414S04150673WA0022200235
B1830521905414S04150673WA0022200235
B1830561905414S04150673WA0022200236
B1831001905414S04150673WA0022200235
B1831041905414S04150673WA0022200235
B1831081905414S04150673WA0022100235
B1831121905414S04150673WA0022200235
B1831161905414S04150673WA0022200235
B1831201905414S04150673WA0022200235
B1831241905414S04150673WA0022200235
B1831281905414S04150673WA0022200235
B1831321905414S04150673WA0022200235
B1831361905414S04150673WA0022200235
B1831401905414S04150673WA0022200235
B1831441905414S04150673WA0022200235
B1831481905414S04150673WA0022200235
B1831521905414S04150673WA0022200235
B1831561905414S04150673WA0022200235
B1832001905414S04150673WA0022200235
B1832041905414S04150673WA0022200235
B1832081905414S04150673WA0022200236
B1832121905415S04150673WA0022200236
B1832161905415S04150673WA0022200236
B1832201905415S04150673WA0022200236
B1832241905415S04150673WA0022200236
B1832281905415S04150673WA0022100236
B1832321905415S04150673WA0022100237
B1832361905415S04150673WA0022200237
B1832401905415S04150673WA0022200237
B1832441905415S04150673WA0022100237
B1832481905415S04150673WA0022200237
B1832521905415S04150673WA0022200237
B1832561905415S04150673WA0022200237
B1833001905415S04150673WA0022100236
B1833041905415S04150673WA0022100236
B1833081905415S04150673WA0022100236
B1833121905415S04150673WA0022200235
B1833161905415S04150674WA0022200235
B1833201905415S04150674WA0022100235
B1833241905415S04150674WA0022200235
B1833281905415S04150674WA0022100235
B1833321905415S04150674WA0022100236
B1833361905415S04150673WA0022100236
B1833401905415S04150673WA0022100235
B1833441905415S04150673WA0022100235
B1833481905415S04150673WA0022200235
B1833521905415S04150672WA0022100235
B1833561905415S04150673WA0022100234
B1834001905415S04150673WA0022100234
B1834041905415S04150673WA0022100234
B1834081905414S04150673WA0022200234
B1834121905414S04150672WA0022200234
B1834161905414S04150672WA0022200234
B1834201905414S04150673WA0022200234
B1834241905415S04150673WA0022100234
B1834281905414S04150673WA0022100234
B1834321905415S04150673WA0022100234
B1834361905415S04150673WA0022100234
B1834401905415S04150673WA0022100234
B1834441905415S04150673WA0022100235
B1834481905415S04150673WA0022200235
B1834521905415S04150673WA0022100234
B1834561905415S04150673WA0022100234
B1835001905415S04150673WA0022200234
B1835041905415S04150673WA0022100234
B1835081905415S04150673WA0022100234
B1835121905415S04150673WA0022200234
B1835161905415S04150673WA0022100234
B1835201905415S04150673WA0022100234
B1835241905415S04150673WA0022100235
B1835281905415S04150673WA0022100234
B1835321905415S04150673WA0022100235
B1835361905415S04150673WA0022200235
B1835401905415S04150673WA0022200235
B1835441905415S04150673WA0022200235
B1835481905415S04150673WA0022100235
B1835521905415S04150673WA0022200235
B1835561905415S04150673WA0022200236
B1836001905415S04150673WA0022200236
B1836041905415S04150673WA0022200236
B1836081905415S04150673WA0022200236
B1836121905415S04150673WA0022200235
B1836161905415S04150673WA0022200235
B1836201905415S04150673WA0022200235
B1836241905415S04150673WA0022200235
B1836281905415S04150673WA0022200235
B1836321905415S04150673WA0022100235
B1836361905415S04150673WA0022200235
B1836401905415S04150673WA0022100235
B1836441905415S04150673WA0022200235
B1836481905415S04150673WA0022200235
B1836521905415S04150673WA0022200235
B1836561905415S04150673WA0022200235
B1837001905416S04150673WA0022200235
B1837041905415S04150673WA0022200234
B1837081905415S04150673WA0022200234
B1837121905415S04150673WA0022200234
B1837161905415S04150673WA0022200234
B1837201905415S04150673WA0022200234
B1837241905415S04150673WA0022100234
B1837281905415S04150673WA0022100234
B1837321905415S04150673WA0022200234
B1837361905415S04150673WA0022200233
B1837401905415S04150673WA0022200233
B1837441905415S04150673WA0022200233
B1837481905415S04150673WA0022200233
B1837521905416S04150673WA0022200233
B1837561905416S04150673WA0022200233
B1838001905416S04150673WA0022200233
B1838041905416S04150673WA0022200234
B1838081905416S04150673WA0022200234
B1838121905415S04150673WA0022200234
B1838161905415S04150673WA0022200234
B1838201905415S04150673WA0022200234
B1838241905415S04150673WA0022200234
B1838281905415S04150673WA0022200234
B1838321905415S04150673WA0022200234
B1838361905415S04150673WA0022200234
B1838401905415S04150673WA0022200234
B1838441905415S04150673WA0022200234
B1838481905415S04150673WA0022200235
B1838521905415S04150673WA0022200235
B1838561905415S04150673WA0022200235
B1839001905415S04150673WA0022200235
B1839041905415S04150673WA0022200235
B1839081905415S04150673WA0022200235
B1839121905415S04150673WA0022200235
B1839161905415S04150673WA0022200235
B1839201905415S04150673WA0022200235
B1839241905415S04150673WA0022200235
B1839281905415S04150673WA0022200235
B1839321905415S04150673WA0022200235
B1839361905415S04150673WA0022200235
B1839401905415S04150673WA0022200235
B1839441905415S04150673WA0022200235
B1839481905415S04150672WA0022200235
B1839521905415S04150672WA0022200235
B1839561905415S04150672WA0022200235
B1840001905415S04150672WA0022200234
B1840041905415S04150672WA0022200234
B1840081905415S04150672WA0022200235
B1840121905415S04150672WA0022200234
B1840161905415S04150672WA0022200234
B1840201905415S04150672WA0022200234
B1840241905415S04150672WA0022200234
B1840281905415S04150672WA0022200234
B1840321905415S04150672WA0022200234
B1840361905415S04150673WA0022200234
B1840401905415S04150673WA0022200234
B1840441905415S04150673WA0022200235
B1840481905415S04150673WA0022200235
B1840521905415S04150673WA0022200235
B1840561905415S04150673WA0022200235
B1841001905415S04150673WA0022200235
B1841041905415S04150673WA0022200235
B1841081905415S04150673WA0022200235
B1841121905415S04150673WA0022200235
B1841161905415S04150673WA0022200235
B1841201905415S04150673WA0022200235
B1841241905415S04150673WA0022200235
B1841281905415S04150673WA0022200235
B1841321905415S04150673WA0022200235
B1841361905415S04150673WA0022200235
B1841401905415S04150673WA0022200234
B1841441905415S04150673WA0022200234
B1841481905415S04150673WA0022200234
B1841521905415S04150673WA0022200234
B1841561905415S04150673WA0022200234
B1842001905415S04150673WA0022200234
B1842041905416S04150673WA0022200234
B1842081905416S04150673WA0022200234
B1842121905415S04150672WA0022200234
B1842161905415S04150672WA0022200233
B1842201905415S04150672WA0022200233
B1842241905415S04150672WA0022200233
B1842281905415S04150672WA0022200234
B1842321905415S04150672WA0022200233
B1842361905415S04150672WA0022200233
B1842401905415S04150672WA0022200233
B1842441905415S04150672WA0022200233
B1842481905415S04150672WA0022200233
B1842521905415S04150672WA0022200233
B1842561905415S04150672WA0022200233
B1843001905415S04150672WA0022200233
B1843041905415S04150672WA0022200233
B1843081905415S04150672WA0022200233
B1843121905415S04150672WA0022200233
B1843161905415S04150672WA0022200234
B1843201905415S04150672WA0022200234
B1843241905415S04150672WA0022200234
B1843281905415S04150672WA0022200234
B1843321905415S04150672WA0022200234
B1843361905415S04150672WA0022200234
B1843401905415S04150672WA0022200234
B1843441905415S04150672WA0022200234
B1843481905415S04150672WA0022200234
B1843521905415S04150672WA0022200235
B1843561905415S04150672WA0022200235
B1844001905415S04150672WA0022200235
B1844041905415S04150672WA0022200235
B1844081905415S04150672WA0022200235
B1844121905415S04150672WA0022200235
B1844161905415S04150672WA0022200235
B1844201905415S04150672WA0022200235
B1844241905415S04150672WA0022200234
B1844281905415S04150672WA0022200234
B1844321905415S04150672WA0022200234
B1844361905415S04150672WA0022200234
B1844401905415S04150672WA0022200234
B1844441905415S04150672WA0022200234
B1844481905415S04150672WA0022200234
B1844521905415S04150672WA0022200234
B1844561905415S04150672WA0022200234
B1845001905415S04150672WA0022200233
B1845041905415S04150672WA0022200233
B1845081905415S04150672WA0022200233
B1845121905415S04150672WA0022300233
B1845161905415S04150672WA0022200233
B1845201905415S04150672WA0022200233
B1845241905415S04150672WA0022200232
B1845281905415S04150672WA0022200232
B1845321905415S04150672WA0022200232
B1845361905415S04150672WA0022200232
B1845401905415S04150672WA0022200232
B1845441905415S04150672WA0022200232
B1845481905415S04150672WA0022200232
B1845521905415S04150672WA0022200232
B1845561905415S04150672WA0022200232
B1846001905415S04150672WA0022200232
B1846041905415S04150672WA0022200232
B1846081905415S04150672WA0022200231
B1846121905415S04150672WA0022200231
B1846161905415S04150672WA0022200231
B1846201905415S04150672WA0022200232
B1846241905415S04150672WA0022200232
B1846281905415S04150672WA0022200232
B1846321905415S04150672WA0022200232
B1846361905415S04150672WA0022200232
B1846401905415S04150672WA0022200232
B1846441905415S04150672WA0022200232
B1846481905415S04150672WA0022200232
B1846521905415S04150672WA0022200232
B1846561905415S04150672WA0022200232
B1847001905415S04150672WA0022200232
B1847041905415S04150672WA0022200232
B1847081905415S04150672WA0022200232
B1847121905415S04150672WA0022200233
B1847161905415S04150672WA0022200233
B1847201905415S04150672WA0022200233
B1847241905415S04150673WA0022200232
B1847281905415S04150672WA0022200232
B1847321905415S04150672WA0022200232
B1847361905415S04150672WA0022200232
B1847401905415S04150673WA0022200232
B1847441905415S04150673WA0022200233
B1847481905415S04150672WA0022200232
B1847521905415S04150673WA0022200232
B1847561905415S04150673WA0022200232
B1848001905415S04150673WA0022200232
B1848041905415S04150673WA0022200232
B1848081905415S04150673WA0022200232
B1848121905415S04150673WA0022200232
B1848161905415S04150673WA0022200232
B1848201905415S04150673WA0022200232
B1848241905415S04150673WA0022200232
B1848281905415S04150673WA0022200232
B1848321905415S04150673WA0022200232
B1848361905415S04150673WA0022200232
B1848401905415S04150673WA0022200232
B1848441905415S04150673WA0022200232
B1848481905415S04150673WA0022200232
B1848521905415S04150673WA0022200232
B1848561905415S04150673WA0022200232
B1849001905415S04150673WA0022200231
B1849041905415S04150673WA0022200231
B1849081905415S04150673WA0022200231
B1849121905415S04150673WA0022200231
B1849161905415S04150673WA0022200231
B1849201905415S04150673WA0022200231
B1849241905415S04150673WA0022200231
B1849281905415S04150673WA0022200231
B1849321905415S04150673WA0022200231
B1849361905415S04150673WA0022200232
B1849401905415S04150672WA0022200232
B1849441905415S04150672WA0022200232
B1849481905415S04150672WA0022200232
B1849521905415S04150672WA0022200232
B1849561905415S04150672WA0022200232
B1850001905415S04150672WA0022200232
B1850041905415S04150672WA0022200232
B1850081905415S04150672WA0022200232
B1850121905415S04150672WA0022200232
B1850161905415S04150672WA0022200232
B1850201905415S04150672WA0022200232
B1850241905415S04150672WA0022200232
B1850281905415S04150672WA0022200232
B1850321905415S04150672WA0022200232
B1850361905415S04150672WA0022200232
B1850401905415S04150672WA0022300232
B1850441905415S04150672WA0022200232
B1850481905415S04150672WA0022200232
B1850521905415S04150672WA0022200232
B1850561905415S04150672WA0022200232
B1851001905415S04150672WA0022200232
B1851041905415S04150672WA0022200233
B1851081905415S04150673WA0022200233
B1851121905415S04150673WA0022200233
B1851161905415S04150673WA0022200233
B1851201905415S04150673WA0022200233
B1851241905415S04150673WA0022200233
B1851281905414S04150672WA0022200234
B1851321905415S04150673WA0022200234
B1851361905415S04150672WA0022200234
B1851401905415S04150672WA0022200234
B1851441905415S04150672WA0022200234
B1851481905415S04150672WA0022200235
B1851521905415S04150672WA0022200235
B1851561905415S04150672WA0022200234
B1852001905415S04150672WA0022200234
B1852041905415S04150672WA0022200234
B1852081905415S04150672WA0022200234
B1852121905415S04150672WA0022200234
B1852161905415S04150672WA0022100233
B1852201905415S04150672WA0022100233
B1852241905415S04150672WA0022200233
B1852281905415S04150672WA0022200233
B1852321905415S04150672WA0022200233
B1852361905415S04150672WA0022200232
B1852401905415S04150672WA0022000232
B1852441905415S04150672WA0022200232
B1852481905415S04150672WA0022100232
B1852521905414S04150672WA0022200233
B1852561905414S04150672WA0022200233
B1853001905414S04150672WA0022100233
B1853041905414S04150672WA0022200234
B1853081905414S04150672WA0021400234
B1853121905415S04150672WA0022200235
B1853161905415S04150672WA0022200235
B1853201905415S04150672WA0022200235
B1853241905415S04150672WA0022200235
B1853281905415S04150672WA0022200235
B1853321905415S04150671WA0022200234
B1853361905415S04150671WA0022200234
B1853401905415S04150671WA0022200233
B1853441905415S04150671WA0022200233
B1853481905415S04150671WA0022200233
B1853521905415S04150671WA0022200233
B1853561905415S04150671WA0022200233
B1854001905415S04150671WA0022200234
B1854041905415S04150671WA0022200234
B1854081905415S04150671WA0022200235
B1854121905415S04150671WA0022200235
B1854161905415S04150671WA0022100234
B1854201905415S04150671WA0022100234
B1854241905415S04150671WA0022100234
B1854281905415S04150671WA0022200233
B1854321905415S04150671WA0022100234
B1854361905415S04150671WA0022100234
B1854401905413S04150673WA0022200234
B1854441905411S04150674WA0022300234
B1854481905409S04150674WA0022300234
B1854521905406S04150674WA0022200234
B1854561905405S04150675WA0022300234
B1855001905403S04150675WA0022300234
B1855041905400S04150675WA0022200234
B1855081905398S04150674WA0022200235
B1855121905396S04150674WA0022200235
B1855161905394S04150673WA0022200235
B1855201905393S04150673WA0022300235
B1855241905390S04150674WA0022200236
B1855281905388S04150675WA0022200235
B1855321905386S04150676WA0022200235
B1855361905385S04150677WA0022200235
B1855401905383S04150679WA0022200235
B1855441905380S04150680WA0022200235
B1855481905379S04150681WA0022100235
B1855521905377S04150683WA0022200234
B1855561905375S04150684WA0022200234
B1856001905373S04150686WA0022200234
B1856041905371S04150687WA0022200234
B1856081905370S04150689WA0022200234
B1856121905369S04150692WA0022200233
B1856161905369S04150694WA0022200234
B1856201905368S04150696WA0022200234
B1856241905367S04150698WA0022200234
B1856281905365S04150700WA0022200235
B1856321905363S04150701WA0022200236
B1856361905362S04150703WA0022200235
B1856401905361S04150705WA0022200234
B1856441905360S04150706WA0022200235
B1856481905358S04150708WA0022200234
B1856521905356S04150710WA0022200234
B1856561905354S04150712WA0022200234
B1857001905352S04150714WA0022200234
B1857041905351S04150715WA0022200234
B1857081905349S04150717WA0022200234
B1857121905347S04150718WA0022200234
B1857161905345S04150720WA0022200234
B1857201905344S04150721WA0022100234
B1857241905342S04150723WA0022100234
B1857281905341S04150725WA0022100234
B1857321905340S04150725WA0022100234
B1857361905340S04150726WA0022100235
B1857401905338S04150727WA0022100235
B1857441905337S04150729WA0022100237
B1857481905336S04150731WA0022100238
B1857521905335S04150733WA0022100237
B1857561905334S04150733WA0022200237
B1858001905333S04150734WA0022200238
B1858041905332S04150732WA0022200238
B1858081905331S04150730WA0022400238
B1858121905332S04150730WA0022200238
B1858161905332S04150730WA0022200237
B1858201905332S04150730WA0022200237
B1858241905332S04150730WA0022200236
B1858281905332S04150730WA0022200235
B1858321905332S04150730WA0022200234
B1858361905332S04150731WA0022200234
B1858401905332S04150731WA0022200234
B1858441905332S04150731WA0022200234
B1858481905332S04150732WA0022200233
B1858521905332S04150735WA0022200234
B1858561905331S04150732WA0022200234
B1859001905329S04150730WA0022200234
B1859041905329S04150730WA0022200233
B1859081905330S04150728WA0022200234
B1859121905330S04150728WA0022200234
B1859161905331S04150736WA0022200234
B1859201905333S04150749WA0022300234
B1859241905335S04150769WA0022400235
B1859281905338S04150793WA0022600237
B1859321905335S04150810WA0022700239
B1859361905321S04150823WA0022800238
B1859401905303S04150845WA0023000238
B1859441905292S04150879WA0023100237
B1859481905294S04150920WA0023300236
B1859521905297S04150948WA0022800235
B1859561905300S04150961WA0022600234
B1900001905303S04150984WA0022800232
B1900041905308S04151015WA0023100233
B1900081905321S04151049WA0023400235
B1900121905343S04151083WA0023600236
B1900161905369S04151116WA0023600236
B1900201905389S04151150WA0023500236
B1900241905399S04151187WA0023400237
B1900281905402S04151224WA0023500238
B1900321905403S04151261WA0023400240
B1900361905404S04151295WA0023400242
B1900401905403S04151328WA0023400243
B1900441905392S04151360WA0023500244
B1900481905373S04151389WA0023700245
B1900521905353S04151419WA0023800247
B1900561905336S04151450WA0023800247
B1901001905327S04151482WA0023900248
B1901041905326S04151507WA0023700249
B1901081905327S04151529WA0023700249
B1901121905329S04151552WA0023800250
B1901161905330S04151570WA0023700251
B1901201905330S04151579WA0023600250
B1901241905330S04151584WA0023600251
B1901281905330S04151586WA0023600251
B1901321905330S04151586WA0023600251
B1901361905330S04151586WA0023600252
B1901401905330S04151586WA0023600252
B1901441905330S04151586WA0023600252
B1901481905330S04151586WA0023600252
B1901521905330S04151586WA0023600252
B1901561905330S04151586WA0023600252
B1902001905330S04151586WA0023600253
B1902041905330S04151586WA0023600253
B1902081905330S04151586WA0023600253
B1902121905330S04151586WA0023600253
B1902161905330S04151586WA0023600253
B1902201905329S04151586WA0023600253
B1902241905329S04151586WA0023600254
B1902281905329S04151586WA0023600254
B1902321905330S04151586WA0023600253
B1902361905330S04151586WA0023600253
B1902401905330S04151586WA0023600253
B1902441905330S04151586WA0023600253
B1902481905330S04151586WA0023600253
B1902521905330S04151586WA0023600253
B1902561905330S04151586WA0023600252
B1903001905330S04151586WA0023600252
B1903041905330S04151586WA0023600252
B1903081905330S04151586WA0023600251
B1903121905330S04151586WA0023600251
B1903161905330S04151586WA0023600251
B1903201905330S04151586WA0023600252
B1903241905330S04151586WA0023600252
B1903281905330S04151586WA0023600252
B1903321905330S04151586WA0023600252
B1903361905330S04151586WA0023600251
B1903401905330S04151586WA0023600251
B1903441905330S04151586WA0023600251
B1903481905330S04151586WA0023600251
B1903521905330S04151586WA0023600251
B1903561905330S04151586WA0023600251
B1904001905330S04151586WA0023600251
B1904041905330S04151586WA0023600251
B1904081905330S04151586WA0023600251
B1904121905330S04151586WA0023600251
B1904161905330S04151586WA0023600252
B1904201905330S04151586WA0023600252
B1904241905330S04151586WA0023600252
B1904281905330S04151586WA0023600252
B1904321905330S04151586WA0023600252
B1904361905330S04151586WA0023600252
B1904401905330S04151586WA0023600252
B1904441905330S04151586WA0023600252
B1904481905330S04151586WA0023600252
B1904521905330S04151586WA0023600252
B1904561905330S04151586WA0023600252
B1905001905330S04151586WA0023600252
B1905041905330S04151586WA0023600252
B1905081905330S04151586WA0023600252
B1905121905330S04151586WA0023600251
B1905161905330S04151586WA0023600251
B1905201905330S04151586WA0023600251
B1905241905330S04151586WA0023600250
B1905281905330S04151586WA0023600251
B1905321905330S04151586WA0023600251
B1905361905330S04151586WA0023600251
B1905401905330S04151586WA0023600251
B1905441905330S04151586WA0023600250
B1905481905330S04151586WA0023600249
B1905521905330S04151586WA0023600249
B1905561905330S04151586WA0023600248
B1906001905330S04151586WA0023600248
B1906041905330S04151586WA0023600247
B1906081905330S04151586WA0023600247
B1906121905330S04151586WA0023600247
B1906161905330S04151586WA0023600247
B1906201905330S04151586WA0023600246
B1906241905330S04151586WA0023600246
B1906281905330S04151586WA0023600246
B1906321905330S04151586WA0023600246
B1906361905330S04151586WA0023600245
B1906401905330S04151586WA0023600245
B1906441905330S04151586WA0023600245
B1906481905330S04151586WA0023600245
B1906521905330S04151586WA0023600245
B1906561905330S04151586WA0023600245
B1907001905330S04151586WA0023600245
B1907041905330S04151586WA0023600245
B1907081905330S04151585WA0023600245
B1907121905330S04151585WA0023600244
B1907161905330S04151585WA0023600244
B1907201905330S04151585WA0023600244
B1907241905330S04151585WA0023600245
B1907281905330S04151585WA0023600245
B1907321905330S04151585WA0023600245
B1907361905330S04151585WA0023600245
B1907401905330S04151585WA0023600246
B1907441905330S04151585WA0023600246
B1907481905330S04151585WA0023600246
B1907521905330S04151586WA0023600246
B1907561905330S04151586WA0023600246
B1908001905330S04151586WA0023600246
B1908041905330S04151586WA0023600246
B1908081905330S04151586WA0023600246
B1908121905330S04151586WA0023600246
B1908161905330S04151586WA0023600246
B1908201905330S04151586WA0023600246
B1908241905330S04151586WA0023600246
B1908281905330S04151586WA0023600245
B1908321905330S04151586WA0023600246
B1908361905330S04151586WA0023600246
B1908401905330S04151586WA0023600246
B1908441905330S04151586WA0023600246
B1908481905330S04151586WA0023600246
B1908521905330S04151586WA0023600246
B1908561905330S04151586WA0023600246
B1909001905330S04151586WA0023600246
B1909041905330S04151586WA0023600246
B1909081905330S04151586WA0023600246
B1909121905330S04151586WA0023600246
B1909161905330S04151586WA0023600246
B1909201905330S04151586WA0023600246
B1909241905330S04151586WA0023600246
B1909281905330S04151586WA0023600246
B1909321905331S04151586WA0023600245
B1909361905331S04151586WA0023600245
B1909401905331S04151586WA0023600245
B1909441905331S04151586WA0023600245
B1909481905331S04151586WA0023600245
B1909521905331S04151586WA0023600245
B1909561905331S04151586WA0023600245
B1910001905331S04151586WA0023600245
B1910041905331S04151585WA0023600246
B1910081905331S04151585WA0023600246
B1910121905331S04151585WA0023600247
B1910161905330S04151585WA0023600247
B1910201905330S04151585WA0023600247
B1910241905330S04151585WA0023600248
B1910281905331S04151585WA0023600247
B1910321905331S04151585WA0023600247
B1910361905331S04151585WA0023600247
B1910401905331S04151585WA0023600247
B1910441905331S04151585WA0023600246
B1910481905331S04151585WA0023600246
B1910521905331S04151585WA0023600246
B1910561905331S04151585WA0023600246
B1911001905331S04151585WA0023600245
B1911041905331S04151585WA0023600245
B1911081905331S04151585WA0023600245
B1911121905331S04151585WA0023600245
B1911161905331S04151585WA0023600245
B1911201905331S04151585WA0023600245
B1911241905331S04151585WA0023600245
B1911281905331S04151585WA0023600245
B1911321905331S04151585WA0023600246
B1911361905331S04151585WA0023600246
B1911401905331S04151585WA0023600246
B1911441905331S04151586WA0023600246
B1911481905331S04151586WA0023600246
B1911521905331S04151586WA0023600246
B1911561905331S04151586WA0023600247
B1912001905331S04151586WA0023600248
B1912041905331S04151586WA0023600248
B1912081905331S04151586WA0023600248
B1912121905331S04151586WA0023600249
B1912161905331S04151586WA0023600250
B1912201905331S04151586WA0023600250
B1912241905331S04151586WA0023600251
B1912281905331S04151586WA0023600252
B1912321905331S04151586WA0023600252
B1912361905330S04151586WA0023600252
B1912401905330S04151586WA0023600253
B1912441905331S04151586WA0023600253
B1912481905330S04151586WA0023600253
B1912521905330S04151586WA0023600254
B1912561905331S04151586WA0023600253
B1913001905331S04151586WA0023600252
B1913041905331S04151586WA0023600251
B1913081905331S04151586WA0023600250
B1913121905331S04151586WA0023600249
B1913161905331S04151586WA0023600249
B1913201905331S04151586WA0023600248
B1913241905331S04151586WA0023600247
B1913281905331S04151586WA0023600248
B1913321905331S04151586WA0023600247
B1913361905331S04151586WA0023600248
B1913401905331S04151585WA0023600248
B1913441905331S04151585WA0023600248
B1913481905331S04151585WA0023600248
B1913521905331S04151585WA0023600248
B1913561905331S04151585WA0023600248
B1914001905331S04151585WA0023600248
B1914041905331S04151585WA0023600249
B1914081905331S04151585WA0023600248
B1914121905330S04151585WA0023600248
B1914161905330S04151585WA0023600247
B1914201905330S04151585WA0023600246
B1914241905330S04151586WA0023600246
B1914281905330S04151586WA0023600245
B1914321905330S04151586WA0023600245
B1914361905330S04151586WA0023600244
B1914401905330S04151586WA0023500244
B1914441905330S04151586WA0023600244
B1914481905330S04151586WA0023600244
B1914521905330S04151586WA0023600245
B1914561905330S04151586WA0023600246
B1915001905330S04151586WA0023600246
B1915041905330S04151586WA0023600247
B1915081905329S04151586WA0023600247
B1915121905329S04151586WA0023600247
B1915161905329S04151587WA0023600247
B1915201905329S04151587WA0023600247
B1915241905330S04151586WA0023600247
B1915281905330S04151586WA0023600247
B1915321905330S04151586WA0023600248
B1915361905330S04151586WA0023600248
B1915401905330S04151586WA0023600248
B1915441905330S04151586WA0023600248
B1915481905330S04151586WA0023600247
B1915521905329S04151586WA0023600247
B1915561905329S04151586WA0023600246
B1916001905330S04151586WA0023600246
B1916041905329S04151586WA0023600246
B1916081905329S04151586WA0023600246
B1916121905329S04151586WA0023600245
B1916161905329S04151586WA0023600244
B1916201905329S04151586WA0023600244
B1916241905329S04151586WA0023600244
B1916281905329S04151586WA0023600244
B1916321905329S04151585WA0023600243
B1916361905329S04151585WA0023600243
B1916401905329S04151585WA0023600243
B1916441905329S04151585WA0023600243
B1916481905329S04151585WA0023600242
B1916521905329S04151585WA0023600242
B1916561905329S04151585WA0023600242
B1917001905329S04151585WA0023600241
B1917041905329S04151585WA0023600241
B1917081905329S04151585WA0023600241
B1917121905329S04151585WA0023600241
B1917161905329S04151585WA0023600241
B1917201905329S04151585WA0023600240
B1917241905329S04151585WA0023600240
B1917281905329S04151585WA0023600240
B1917321905330S04151585WA0023600240
B1917361905330S04151586WA0023600239
B1917401905330S04151586WA0023600239
B1917441905330S04151586WA0023600238
B1917481905330S04151585WA0023600238
B1917521905330S04151585WA0023600237
B1917561905330S04151585WA0023600237
B1918001905330S04151585WA0023600236
B1918041905330S04151585WA0023600237
B1918081905330S04151585WA0023600237
B1918121905330S04151585WA0023600237
B1918161905330S04151585WA0023600237
B1918201905330S04151585WA0023600238
B1918241905330S04151585WA0023600238
B1918281905330S04151585WA0023600237
B1918321905330S04151585WA0023600237
B1918361905330S04151586WA0023600237
B1918401905330S04151586WA0023600237
B1918441905330S04151586WA0023600236
B1918481905330S04151586WA0023600236
B1918521905330S04151586WA0023600236
B1918561905330S04151586WA0023600236
B1919001905330S04151586WA0023600236
B1919041905330S04151586WA0023600236
B1919081905330S04151585WA0023600237
B1919121905330S04151585WA0023600237
B1919161905330S04151586WA0023600236
B1919201905330S04151586WA0023600236
B1919241905330S04151586WA0023600236
B1919281905330S04151586WA0023600236
B1919321905330S04151586WA0023600236
B1919361905330S04151586WA0023600236
B1919401905331S04151586WA0023600235
B1919441905331S04151586WA0023600235
B1919481905331S04151586WA0023600235
B1919521905331S04151586WA0023600235
B1919561905331S04151586WA0023600235
B1920001905331S04151586WA0023600235
B1920041905331S04151586WA0023600235
B1920081905331S04151586WA0023600235
B1920121905331S04151586WA0023600235
B1920161905331S04151586WA0023600234
B1920201905331S04151586WA0023600234
B1920241905331S04151586WA0023600234
B1920281905331S04151586WA0023600234
B1920321905331S04151586WA0023600233
B1920361905331S04151586WA0023600233
B1920401905331S04151586WA0023600233
B1920441905331S04151586WA0023500233
B1920481905331S04151586WA0023600233
B1920521905331S04151586WA0023600233
B1920561905331S04151586WA0023600233
B1921001905331S04151586WA0023600233
B1921041905331S04151586WA0023600233
B1921081905331S04151586WA0023600234
B1921121905331S04151586WA0023500234
B1921161905331S04151586WA0023600234
B1921201905331S04151586WA0023600235
B1921241905331S04151586WA0023600235
B1921281905331S04151586WA0023600235
B1921321905331S04151586WA0023600236
B1921361905330S04151586WA0023600236
B1921401905330S04151586WA0023600236
B1921441905330S04151586WA0023600236
B1921481905330S04151586WA0023600237
B1921521905330S04151586WA0023600236
B1921561905330S04151586WA0023600236
B1922001905330S04151586WA0023600237
B1922041905330S04151586WA0023600237
B1922081905331S04151586WA0023600236
B1922121905331S04151586WA0023600236
B1922161905331S04151586WA0023600236
B1922201905331S04151586WA0023600235
B1922241905331S04151586WA0023600235
B1922281905331S04151586WA0023600235
B1922321905331S04151587WA0023600235
B1922361905331S04151587WA0023600234
B1922401905331S04151587WA0023600234
B1922441905331S04151587WA0023600234
B1922481905331S04151587WA0023600235
B1922521905331S04151587WA0023600234
B1922561905331S04151587WA0023600234
B1923001905331S04151587WA0023500234
B1923041905331S04151587WA0023600235
B1923081905331S04151586WA0023600234
B1923121905331S04151586WA0023600234
B1923161905331S04151586WA0023600234
B1923201905331S04151586WA0023600234
B1923241905331S04151586WA0023600234
B1923281905331S04151586WA0023600234
B1923321905331S04151587WA0023600234
B1923361905331S04151587WA0023600235
B1923401905331S04151587WA0023600235
B1923441905331S04151587WA0023600235
B1923481905331S04151587WA0023600235
B1923521905331S04151587WA0023600235
B1923561905331S04151587WA0023600235
B1924001905331S04151587WA0023600235
B1924041905331S04151587WA0023600235
B1924081905331S04151587WA0023600235
B1924121905331S04151587WA0023600235
B1924161905331S04151587WA0023600235
B1924201905331S04151587WA0023600235
B1924241905331S04151587WA0023500235
B1924281905331S04151587WA0023600235
B1924321905331S04151587WA0023600236
B1924361905331S04151587WA0023600236
B1924401905331S04151586WA0023500236
B1924441905331S04151586WA0023600236
B1924481905331S04151586WA0023600237
B1924521905331S04151586WA0023600237
B1924561905330S04151586WA0023500237
B1925001905330S04151586WA0023600237
B1925041905330S04151586WA0023600237
B1925081905330S04151586WA0023500236
B1925121905330S04151586WA0023600236
B1925161905330S04151586WA0023500236
B1925201905330S04151587WA0023600236
B1925241905330S04151586WA0023500236
B1925281905330S04151586WA0023600236
B1925321905330S04151586WA0023500236
B1925361905330S04151586WA0023500236
B1925401905330S04151586WA0023500236
B1925441905330S04151586WA0023600237
B1925481905330S04151586WA0023500237
B1925521905330S04151586WA0023500238
B1925561905330S04151586WA0023500239
B1926001905330S04151586WA0023500240
B1926041905330S04151586WA0023600241
B1926081905330S04151586WA0023500241
B1926121905330S04151586WA0023600241
B1926161905330S04151586WA0023500241
B1926201905330S04151586WA0023600241
B1926241905330S04151586WA0023600240
B1926281905330S04151586WA0023600239
B1926321905330S04151586WA0023500239
B1926361905330S04151586WA0023600239
B1926401905330S04151586WA0023500239
B1926441905330S04151586WA0023500239
B1926481905330S04151586WA0023500240
B1926521905330S04151586WA0023600240
B1926561905330S04151586WA0023500240
B1927001905330S04151586WA0023500240
B1927041905330S04151585WA0023600240
B1927081905330S04151585WA0023600241
B1927121905330S04151585WA0023600241
B1927161905329S04151585WA0023600241
B1927201905329S04151585WA0023500241
B1927241905329S04151585WA0023600240
B1927281905329S04151585WA0023600240
B1927321905329S04151585WA0023600240
B1927361905329S04151585WA0023600239
B1927401905329S04151585WA0023600239
B1927441905329S04151585WA0023500239
B1927481905329S04151585WA0023600239
B1927521905329S04151585WA0023600239
B1927561905329S04151586WA0023500240
B1928001905329S04151586WA0023600241
B1928041905329S04151586WA0023600241
B1928081905329S04151586WA0023500241
B1928121905329S04151586WA0023600241
B1928161905329S04151586WA0023600241
B1928201905329S04151586WA0023500241
B1928241905329S04151586WA0023600241
B1928281905329S04151586WA0023600241
B1928321905329S04151585WA0023600241
B1928361905329S04151585WA0023600242
B1928401905329S04151585WA0023600242
B1928441905329S04151586WA0023600242
B1928481905329S04151586WA0023600243
B1928521905329S04151586WA0023600243
B1928561905329S04151585WA0023600244
B1929001905329S04151585WA0023600244
B1929041905329S04151585WA0023600244
B1929081905329S04151585WA0023600244
B1929121905329S04151585WA0023600245
B1929161905329S04151585WA0023600245
B1929201905329S04151585WA0023600245
B1929241905329S04151584WA0023600244
B1929281905329S04151584WA0023600244
B1929321905329S04151584WA0023600244
B1929361905329S04151584WA0023600243
B1929401905329S04151584WA0023600243
B1929441905329S04151584WA0023600242
B1929481905329S04151584WA0023500242
B1929521905329S04151584WA0023600242
B1929561905330S04151584WA0023600242
B1930001905330S04151584WA0023500242
