AXFMSFP Flymaster Live, V1.0, S/N 422395
HFDTE250426
HFPLTPILOTINCHARGE:Pamela Diez
B1519581853186S04154908WA0101001078
B1520021853170S04154903WA0100401070
B1520061853150S04154899WA0100401072
B1520101853133S04154905WA0100501073
B1520141853122S04154923WA0100501072
B1520181853111S04154940WA0100401070
B1520221853095S04154955WA0099901066
B1520261853082S04154972WA0099201058
B1520301853072S04154995WA0098901057
B1520341853070S04155015WA0098901056
B1520381853068S04155037WA0098501053
B1520421853052S04155043WA0099601065
B1520461853043S04155057WA0100101071
B1520501853057S04155071WA0100801077
B1520541853070S04155047WA0101301083
B1520581853052S04155032WA0102101090
B1521021853043S04155045WA0102601095
B1521061853053S04155062WA0102801098
B1521101853074S04155052WA0103601105
B1521141853062S04155028WA0104501113
B1521181853051S04155039WA0105201122
B1521221853056S04155061WA0105001119
B1521261853039S04155073WA0105301124
B1521301853022S04155081WA0106501135
B1521341853016S04155098WA0107601148
B1521381853025S04155124WA0108401157
B1521421853050S04155129WA0108901160
B1521461853055S04155107WA0109301163
B1521501853054S04155087WA0109801171
B1521541853066S04155064WA0110101174
B1521581853074S04155042WA0110701181
B1522021853066S04155015WA0110901183
B1522061853056S04154994WA0112101195
B1522101853043S04155007WA0112501201
B1522141853063S04155017WA0113601213
B1522181853072S04154991WA0114301220
B1522221853053S04154981WA0115301230
B1522261853035S04154998WA0115201231
B1522301853021S04155014WA0115601233
B1522341853008S04155038WA0115301230
B1522381853001S04155062WA0115901237
B1522421853010S04155090WA0116501242
B1522461853030S04155101WA0117501254
B1522501853051S04155087WA0118801269
B1522541853035S04155076WA0119901278
B1522581853026S04155095WA0120901290
B1523021853041S04155115WA0121801299
B1523061853064S04155105WA0122801308
B1523101853051S04155091WA0124101321
B1523141853035S04155103WA0124901328
B1523181853035S04155126WA0125501336
B1523221853053S04155150WA0125701338
B1523261853067S04155177WA0126501346
B1523301853081S04155204WA0127301355
B1523341853103S04155227WA0127701359
B1523381853124S04155251WA0128301365
B1523421853148S04155269WA0127901360
B1523461853175S04155285WA0127301353
B1523501853202S04155300WA0127201352
B1523541853229S04155313WA0127501355
B1523581853254S04155322WA0128401364
B1524021853271S04155303WA0129001370
B1524061853261S04155290WA0129901381
B1524101853246S04155301WA0130601388
B1524141853259S04155325WA0130601388
B1524181853282S04155336WA0131401398
B1524221853307S04155327WA0131901404
B1524261853315S04155309WA0132901414
B1524301853306S04155290WA0133601422
B1524341853293S04155303WA0134501430
B1524381853290S04155326WA0135101438
B1524421853273S04155338WA0135201439
B1524461853264S04155322WA0134701434
B1524501853268S04155300WA0134701433
B1524541853266S04155282WA0134401430
B1524581853260S04155263WA0133901424
B1525021853273S04155238WA0133801423
B1525061853302S04155238WA0134101426
B1525101853327S04155257WA0134201427
B1525141853343S04155282WA0134901435
B1525181853359S04155307WA0135201436
B1525221853381S04155299WA0135701442
B1525261853367S04155285WA0136301447
B1525301853356S04155292WA0136701453
B1525341853338S04155294WA0136401450
B1525381853326S04155309WA0136301450
B1525421853306S04155307WA0135801443
B1525461853292S04155313WA0136301448
B1525501853274S04155310WA0135701442
B1525541853256S04155313WA0135901444
B1525581853246S04155302WA0136601450
B1526021853240S04155289WA0137001455
B1526061853228S04155276WA0137101455
B1526101853231S04155259WA0137601459
B1526141853222S04155248WA0137601459
B1526181853210S04155256WA0138101466
B1526221853203S04155279WA0138101466
B1526261853199S04155301WA0138501471
B1526301853211S04155321WA0138201468
B1526341853242S04155316WA0138201468
B1526381853247S04155298WA0138701472
B1526421853229S04155294WA0138901475
B1526461853224S04155307WA0139701482
B1526501853238S04155332WA0139301479
B1526541853261S04155339WA0139001477
B1526581853290S04155326WA0138601473
B1527021853308S04155302WA0138601471
B1527061853315S04155282WA0139601481
B1527101853304S04155268WA0139301480
B1527141853293S04155258WA0139801486
B1527181853277S04155258WA0140401491
B1527221853273S04155273WA0140901496
B1527261853298S04155284WA0141201500
B1527301853312S04155264WA0141301501
B1527341853294S04155258WA0141301501
B1527381853281S04155260WA0141701505
B1527421853268S04155277WA0141301500
B1527461853263S04155292WA0142201512
B1527501853267S04155315WA0142301513
B1527541853273S04155336WA0142501514
B1527581853263S04155356WA0142601515
B1528021853259S04155374WA0143001517
B1528061853268S04155395WA0142601514
B1528101853271S04155418WA0142901518
B1528141853278S04155438WA0143101519
B1528181853296S04155425WA0141801505
B1528221853277S04155419WA0142201510
B1528261853264S04155430WA0142401514
B1528301853260S04155454WA0142201512
B1528341853277S04155474WA0142001509
B1528381853298S04155490WA0141401504
B1528421853314S04155512WA0141101500
B1528461853329S04155535WA0140901498
B1528501853351S04155549WA0140201492
B1528541853378S04155555WA0139901488
B1528581853407S04155554WA0139201480
B1529021853434S04155550WA0139001478
B1529061853462S04155548WA0138401471
B1529101853488S04155545WA0138301470
B1529141853517S04155541WA0137801465
B1529181853542S04155533WA0137401461
B1529221853568S04155525WA0137201457
B1529261853594S04155519WA0136401449
B1529301853622S04155514WA0135601441
B1529341853637S04155491WA0134601431
B1529381853633S04155472WA0134001424
B1529421853618S04155463WA0133601419
B1529461853607S04155455WA0133101415
B1529501853589S04155441WA0132901414
B1529541853580S04155421WA0133201417
B1529581853567S04155402WA0133501420
B1530021853554S04155383WA0133601421
B1530061853540S04155369WA0133901424
B1530101853518S04155357WA0134001425
B1530141853505S04155358WA0135801441
B1530181853487S04155355WA0136001442
B1530221853470S04155363WA0137001451
B1530261853454S04155372WA0137501458
B1530301853434S04155371WA0138301467
B1530341853411S04155371WA0138701471
B1530381853392S04155361WA0139601480
B1530421853374S04155366WA0140301487
B1530461853359S04155357WA0140101485
B1530501853374S04155335WA0139801482
B1530541853382S04155312WA0139401478
B1530581853393S04155288WA0139501480
B1531021853393S04155263WA0139401479
B1531061853385S04155243WA0139601482
B1531101853367S04155250WA0140501491
B1531141853359S04155264WA0141401500
B1531181853341S04155280WA0141101497
B1531221853327S04155288WA0141401501
B1531261853305S04155287WA0141601506
B1531301853286S04155288WA0141601505
B1531341853266S04155288WA0141601506
B1531381853245S04155290WA0141501505
B1531421853226S04155292WA0141401504
B1531461853207S04155294WA0141501504
B1531501853189S04155293WA0141301501
B1531541853174S04155278WA0141101499
B1531581853169S04155261WA0141001499
B1532021853163S04155244WA0141101501
B1532061853152S04155227WA0140701496
B1532101853141S04155212WA0140801499
B1532141853135S04155191WA0140801499
B1532181853129S04155170WA0140801499
B1532221853118S04155156WA0141201502
B1532261853101S04155153WA0141201501
B1532301853089S04155164WA0141501504
B1532341853091S04155189WA0141801508
B1532381853101S04155205WA0142301513
B1532421853126S04155211WA0142201512
B1532461853145S04155193WA0142101512
B1532501853159S04155172WA0142501515
B1532541853149S04155159WA0143001519
B1532581853137S04155150WA0144001530
B1533021853126S04155133WA0144201530
B1533061853114S04155132WA0144601535
B1533101853111S04155153WA0144501533
B1533141853109S04155172WA0145001539
B1533181853116S04155190WA0145401543
B1533221853137S04155202WA0145701546
B1533261853148S04155220WA0145901549
B1533301853132S04155232WA0146401553
B1533341853118S04155241WA0146701557
B1533381853120S04155261WA0146601556
B1533421853135S04155273WA0146401554
B1533461853154S04155282WA0146401554
B1533501853163S04155298WA0146101551
B1533541853167S04155318WA0146001549
B1533581853178S04155341WA0145301543
B1534021853200S04155340WA0145101540
B1534061853220S04155330WA0144401534
B1534101853241S04155313WA0144301532
B1534141853240S04155289WA0144101530
B1534181853232S04155265WA0144201532
B1534221853214S04155269WA0144101531
B1534261853217S04155290WA0144401533
B1534301853232S04155307WA0144301532
B1534341853255S04155296WA0144201530
B1534381853261S04155271WA0144201531
B1534421853254S04155247WA0144001528
B1534461853237S04155234WA0144501535
B1534501853215S04155234WA0145001537
B1534541853202S04155251WA0145601545
B1534581853207S04155271WA0145501546
B1535021853220S04155290WA0145901550
B1535061853240S04155305WA0145601547
B1535101853257S04155321WA0145601547
B1535141853261S04155341WA0145101542
B1535181853260S04155362WA0144801539
B1535221853270S04155383WA0144201532
B1535261853279S04155402WA0144101530
B1535301853282S04155424WA0143101521
B1535341853302S04155442WA0142501515
B1535381853320S04155460WA0141901509
B1535421853333S04155485WA0141501504
B1535461853333S04155512WA0142201511
B1535501853340S04155535WA0141901508
B1535541853343S04155563WA0141801507
B1535581853352S04155586WA0141301503
B1536021853377S04155583WA0141201501
B1536061853385S04155558WA0140901499
B1536101853375S04155539WA0140901497
B1536141853365S04155527WA0140701496
B1536181853372S04155500WA0140101488
B1536221853378S04155478WA0140701497
B1536261853388S04155450WA0140401493
B1536301853383S04155431WA0141701505
B1536341853368S04155422WA0141901506
B1536381853358S04155441WA0141501502
B1536421853363S04155462WA0141401502
B1536461853387S04155476WA0141401502
B1536501853407S04155459WA0141501503
B1536541853414S04155435WA0141901508
B1536581853412S04155417WA0142501514
B1537021853398S04155417WA0142001507
B1537061853401S04155440WA0142201508
B1537101853426S04155448WA0142301509
B1537141853442S04155426WA0142601514
B1537181853445S04155406WA0143401521
B1537221853434S04155395WA0143201518
B1537261853425S04155411WA0143101517
B1537301853443S04155431WA0142901515
B1537341853469S04155422WA0142701513
B1537381853469S04155400WA0143301517
B1537421853465S04155384WA0142901512
B1537461853456S04155369WA0142801511
B1537501853451S04155347WA0142501509
B1537541853460S04155325WA0143001514
B1537581853450S04155314WA0143101514
B1538021853439S04155328WA0143501519
B1538061853444S04155348WA0143801522
B1538101853469S04155360WA0144001524
B1538141853494S04155344WA0143901524
B1538181853499S04155321WA0144601530
B1538221853490S04155308WA0144801532
B1538261853474S04155310WA0145101536
B1538301853471S04155328WA0145301538
B1538341853481S04155346WA0145501540
B1538381853489S04155370WA0145301539
B1538421853496S04155394WA0145401541
B1538461853507S04155416WA0145301540
B1538501853528S04155435WA0145601543
B1538541853551S04155420WA0145501541
B1538581853541S04155403WA0145801545
B1539021853534S04155420WA0145901545
B1539061853553S04155437WA0146201549
B1539101853576S04155421WA0146001547
B1539141853564S04155408WA0146201549
B1539181853561S04155425WA0146201550
B1539221853583S04155440WA0146301551
B1539261853604S04155423WA0146101548
B1539301853594S04155407WA0146401552
B1539341853584S04155417WA0146601553
B1539381853598S04155435WA0146601552
B1539421853627S04155426WA0146601553
B1539461853635S04155403WA0146801555
B1539501853622S04155391WA0146901555
B1539541853616S04155406WA0147001556
B1539581853642S04155418WA0146801554
B1540021853663S04155398WA0147101557
B1540061853659S04155378WA0147101557
B1540101853645S04155380WA0147001557
B1540141853635S04155395WA0146901555
B1540181853641S04155416WA0147001557
B1540221853640S04155436WA0146901556
B1540261853639S04155456WA0146901556
B1540301853651S04155479WA0146401553
B1540341853666S04155496WA0146601554
B1540381853693S04155485WA0146001547
B1540421853688S04155461WA0145801544
B1540461853677S04155451WA0145501541
B1540501853665S04155435WA0145501542
B1540541853663S04155412WA0145201539
B1540581853667S04155387WA0145201540
B1541021853650S04155374WA0144501533
B1541061853639S04155364WA0144701535
B1541101853623S04155350WA0144001528
B1541141853618S04155328WA0144001528
B1541181853609S04155306WA0143701525
B1541221853600S04155286WA0143501522
B1541261853589S04155268WA0143201518
B1541301853574S04155252WA0142701513
B1541341853559S04155237WA0142401510
B1541381853549S04155221WA0142001505
B1541421853550S04155196WA0141101497
B1541461853551S04155173WA0140701492
B1541501853545S04155150WA0139901484
B1541541853532S04155144WA0140401488
B1541581853522S04155131WA0140101485
B1542021853515S04155117WA0140401487
B1542061853505S04155134WA0138901470
B1542101853530S04155148WA0138801469
B1542141853554S04155130WA0138001459
B1542181853566S04155107WA0138101463
B1542221853562S04155086WA0137601458
B1542261853557S04155075WA0138001463
B1542301853548S04155059WA0137101453
B1542341853538S04155050WA0137001451
B1542381853528S04155036WA0136601447
B1542421853514S04155024WA0136001442
B1542461853505S04154999WA0135901441
B1542501853495S04154975WA0135901440
B1542541853489S04154955WA0136001443
B1542581853487S04154930WA0135701440
B1543021853487S04154907WA0135501438
B1543061853491S04154882WA0135001433
B1543101853499S04154857WA0134501428
B1543141853500S04154833WA0134401427
B1543181853508S04154810WA0134201425
B1543221853519S04154785WA0134001423
B1543261853520S04154762WA0134401427
B1543301853511S04154746WA0134901432
B1543341853500S04154736WA0135101434
B1543381853487S04154728WA0135201434
B1543421853479S04154745WA0134601427
B1543461853495S04154767WA0134201423
B1543501853524S04154778WA0133401415
B1543541853556S04154785WA0133001410
B1543581853588S04154778WA0132701407
B1544021853611S04154760WA0132901410
B1544061853623S04154740WA0132901410
B1544101853608S04154730WA0133301414
B1544141853598S04154721WA0133401415
B1544181853588S04154703WA0133801420
B1544221853588S04154681WA0133901422
B1544261853573S04154681WA0134401426
B1544301853578S04154702WA0134601428
B1544341853602S04154718WA0134601428
B1544381853634S04154714WA0134201425
B1544421853646S04154691WA0134401427
B1544461853639S04154672WA0134601429
B1544501853628S04154676WA0134801430
B1544541853623S04154690WA0135101433
B1544581853623S04154713WA0134901431
B1545021853637S04154731WA0134501427
B1545061853667S04154744WA0133901421
B1545101853698S04154744WA0133301415
B1545141853723S04154728WA0133401417
B1545181853739S04154704WA0132901412
B1545221853759S04154683WA0132901413
B1545261853782S04154668WA0133101414
B1545301853808S04154658WA0133301416
B1545341853837S04154663WA0133101414
B1545381853863S04154673WA0132701409
B1545421853891S04154681WA0132101404
B1545461853918S04154671WA0131801400
B1545501853947S04154667WA0131201394
B1545541853976S04154673WA0130901391
B1545581854005S04154662WA0130401385
B1546021854025S04154646WA0130401386
B1546061854047S04154632WA0130201383
B1546101854071S04154636WA0130101381
B1546141854084S04154655WA0129601377
B1546181854072S04154666WA0129501376
B1546221854062S04154656WA0129501376
B1546261854052S04154637WA0129101373
B1546301854036S04154633WA0129201373
B1546341854018S04154632WA0128501364
B1546381853998S04154624WA0128001360
B1546421853978S04154621WA0127301352
B1546461853954S04154617WA0126701345
B1546501853933S04154613WA0126201340
B1546541853909S04154608WA0125601335
B1546581853887S04154604WA0125101329
B1547021853865S04154598WA0124501322
B1547061853845S04154591WA0124201320
B1547101853826S04154585WA0124001317
B1547141853802S04154581WA0123901317
B1547181853785S04154574WA0124101319
B1547221853764S04154572WA0123601314
B1547261853738S04154567WA0123101308
B1547301853715S04154557WA0122701304
B1547341853693S04154548WA0122301299
B1547381853671S04154538WA0121801294
B1547421853657S04154527WA0122201298
B1547461853641S04154515WA0121701293
B1547501853627S04154505WA0121801294
B1547541853611S04154494WA0121801293
B1547581853596S04154485WA0121401290
B1548021853581S04154474WA0121201288
B1548061853568S04154460WA0120801283
B1548101853563S04154440WA0120701282
B1548141853556S04154419WA0120301279
B1548181853549S04154398WA0120401280
B1548221853542S04154380WA0120301279
B1548261853526S04154368WA0120001275
B1548301853512S04154359WA0119901274
B1548341853495S04154347WA0119801272
B1548381853479S04154336WA0119701271
B1548421853462S04154342WA0119401268
B1548461853452S04154360WA0118901263
B1548501853439S04154387WA0118101256
B1548541853425S04154401WA0118801263
B1548581853409S04154406WA0118901265
B1549021853393S04154418WA0118701262
B1549061853376S04154432WA0118301258
B1549101853358S04154447WA0118101255
B1549141853341S04154466WA0118001255
B1549181853328S04154486WA0117901253
B1549221853311S04154505WA0117001245
B1549261853296S04154520WA0116601241
B1549301853278S04154537WA0115801232
B1549341853262S04154552WA0115701230
B1549381853243S04154568WA0115301226
B1549421853223S04154591WA0114701221
B1549461853204S04154610WA0114801221
B1549501853191S04154616WA0115301226
B1549541853173S04154624WA0114801222
B1549581853157S04154631WA0115001224
B1550021853138S04154635WA0115001224
B1550061853121S04154644WA0114801223
B1550101853101S04154654WA0114801222
B1550141853083S04154659WA0115201225
B1550181853064S04154662WA0115101225
B1550221853045S04154670WA0115101224
B1550261853028S04154681WA0115101224
B1550301853011S04154692WA0114601219
B1550341852997S04154709WA0113901211
B1550381852976S04154724WA0113201204
B1550421852959S04154736WA0112501199
B1550461852938S04154751WA0112001193
B1550501852918S04154765WA0111301186
B1550541852897S04154777WA0111401186
B1550581852878S04154792WA0111401187
B1551021852864S04154814WA0111601188
B1551061852850S04154831WA0112601197
B1551101852848S04154851WA0113801211
B1551141852872S04154856WA0114901223
B1551181852874S04154836WA0116201236
B1551221852856S04154841WA0117101246
B1551261852865S04154865WA0118101257
B1551301852888S04154859WA0119101267
B1551341852881S04154839WA0120201278
B1551381852867S04154854WA0121101288
B1551421852882S04154876WA0122201300
B1551461852908S04154871WA0123001307
B1551501852913S04154851WA0124001318
B1551541852903S04154833WA0124701325
B1551581852886S04154831WA0125901337
B1552021852886S04154859WA0126201339
B1552061852910S04154872WA0127401351
B1552101852928S04154857WA0128501363
B1552141852925S04154834WA0128901367
B1552181852910S04154827WA0130001378
B1552221852896S04154847WA0130101379
B1552261852915S04154865WA0131101388
B1552301852943S04154863WA0132501402
B1552341852954S04154843WA0133201410
B1552381852953S04154822WA0134401422
B1552421852940S04154807WA0134701425
B1552461852930S04154824WA0135301430
B1552501852957S04154835WA0135401430
B1552541852972S04154815WA0136601443
B1552581852977S04154790WA0137101449
B1553021852977S04154767WA0137501454
B1553061852956S04154750WA0136901447
B1553101852932S04154743WA0136801447
B1553141852908S04154748WA0136801448
B1553181852892S04154751WA0137101451
B1553221852872S04154754WA0136901449
B1553261852853S04154765WA0137001450
B1553301852836S04154781WA0137101451
B1553341852818S04154794WA0137701458
B1553381852808S04154774WA0137601455
B1553421852818S04154756WA0138001462
B1553461852839S04154739WA0137601457
B1553501852862S04154753WA0137801459
B1553541852885S04154752WA0137701457
B1553581852885S04154727WA0138101463
B1554021852870S04154720WA0138401464
B1554061852851S04154726WA0138401464
B1554101852844S04154749WA0138201463
B1554141852861S04154770WA0138101461
B1554181852885S04154771WA0138501466
B1554221852905S04154755WA0138701467
B1554261852899S04154734WA0138801468
B1554301852879S04154735WA0138901468
B1554341852861S04154750WA0138901469
B1554381852855S04154773WA0139101470
B1554421852873S04154792WA0139101470
B1554461852899S04154794WA0139501475
B1554501852923S04154780WA0139901479
B1554541852932S04154758WA0140301483
B1554581852919S04154741WA0140201483
B1555021852901S04154729WA0140301485
B1555061852886S04154716WA0140601487
B1555101852875S04154736WA0140301483
B1555141852892S04154756WA0140501485
B1555181852918S04154764WA0140501486
B1555221852944S04154762WA0140701488
B1555261852971S04154766WA0140701489
B1555301852997S04154768WA0141001492
B1555341853020S04154761WA0141401496
B1555381853044S04154751WA0141401497
B1555421853063S04154737WA0141801501
B1555461853081S04154726WA0142201505
B1555501853103S04154716WA0142301506
B1555541853120S04154705WA0142801511
B1555581853130S04154689WA0143101515
B1556021853145S04154675WA0143301517
B1556061853160S04154662WA0143601520
B1556101853179S04154657WA0143801522
B1556141853200S04154656WA0143901524
B1556181853220S04154647WA0144101524
B1556221853234S04154633WA0144301527
B1556261853254S04154623WA0144101524
B1556301853278S04154628WA0144201525
B1556341853304S04154627WA0144001522
B1556381853330S04154631WA0144001521
B1556421853349S04154621WA0144101524
B1556461853370S04154612WA0144001522
B1556501853391S04154601WA0143901521
B1556541853415S04154603WA0143801521
B1556581853437S04154602WA0143901522
B1557021853462S04154595WA0143601517
B1557061853488S04154592WA0143201514
B1557101853515S04154589WA0142901511
B1557141853541S04154582WA0142601506
B1557181853567S04154576WA0142201503
B1557221853593S04154566WA0141901499
B1557261853619S04154552WA0141301495
B1557301853647S04154536WA0141001489
B1557341853675S04154527WA0140801489
B1557381853703S04154510WA0140601487
B1557421853726S04154499WA0141001492
B1557461853751S04154486WA0140901490
B1557501853779S04154483WA0140701488
B1557541853807S04154493WA0140501485
B1557581853837S04154492WA0140501486
B1558021853862S04154482WA0140701488
B1558061853891S04154480WA0140601486
B1558101853920S04154481WA0140201483
B1558141853951S04154470WA0139901478
B1558181853978S04154454WA0139801477
B1558221853975S04154433WA0139101470
B1558261853959S04154433WA0139401473
B1558301853943S04154435WA0138801466
B1558341853929S04154442WA0138901468
B1558381853926S04154465WA0138201460
B1558421853921S04154479WA0138501465
B1558461853905S04154479WA0138301463
B1558501853889S04154476WA0138301464
B1558541853873S04154481WA0138501466
B1558581853857S04154486WA0138301464
B1559021853840S04154486WA0138101462
B1559061853823S04154481WA0137801458
B1559101853807S04154470WA0137501455
B1559141853789S04154466WA0137301453
B1559181853772S04154458WA0136901450
B1559221853753S04154453WA0136601447
B1559261853736S04154447WA0136301443
B1559301853719S04154437WA0135901439
B1559341853703S04154427WA0135701437
B1559381853686S04154422WA0134901429
B1559421853668S04154413WA0135001429
B1559461853651S04154404WA0135201431
B1559501853631S04154400WA0135401432
B1559541853619S04154410WA0136001438
B1559581853629S04154430WA0136101439
B1600021853657S04154434WA0136001438
B1600061853669S04154407WA0135501432
B1600101853653S04154401WA0135801435
B1600141853635S04154409WA0136101438
B1600181853626S04154423WA0136101437
B1600221853607S04154426WA0135401430
B1600261853592S04154433WA0135501432
B1600301853576S04154433WA0135301429
B1600341853562S04154417WA0135301430
B1600381853550S04154399WA0135301429
B1600421853545S04154375WA0135401431
B1600461853536S04154364WA0135401430
B1600501853524S04154380WA0135201430
B1600541853516S04154400WA0134901424
B1600581853508S04154422WA0134601421
B1601021853501S04154444WA0134101415
B1601061853489S04154473WA0133601410
B1601101853482S04154497WA0133701414
B1601141853468S04154521WA0133401410
B1601181853451S04154527WA0133901417
B1601221853435S04154539WA0133701414
B1601261853424S04154554WA0133601413
B1601301853417S04154576WA0133101407
B1601341853411S04154595WA0132401402
B1601381853408S04154619WA0131701394
B1601421853403S04154642WA0131301390
B1601461853395S04154662WA0130801386
B1601501853383S04154678WA0130601382
B1601541853371S04154688WA0130801386
B1601581853355S04154700WA0130401381
B1602021853337S04154715WA0130301379
B1602061853320S04154730WA0130601383
B1602101853306S04154745WA0130801384
B1602141853296S04154759WA0131401390
B1602181853320S04154772WA0131301387
B1602221853340S04154755WA0131901397
B1602261853332S04154738WA0132101398
B1602301853317S04154738WA0132501403
B1602341853311S04154755WA0132701404
B1602381853323S04154773WA0132801407
B1602421853347S04154787WA0133001407
B1602461853374S04154777WA0133101408
B1602501853391S04154755WA0133501413
B1602541853385S04154739WA0133901416
B1602581853373S04154751WA0133901416
B1603021853379S04154770WA0134501422
B1603061853408S04154777WA0134601422
B1603101853426S04154759WA0134901427
B1603141853416S04154744WA0134801424
B1603181853402S04154746WA0135201430
B1603221853388S04154758WA0135101427
B1603261853375S04154766WA0135301431
B1603301853365S04154780WA0135301430
B1603341853355S04154794WA0135601433
B1603381853352S04154811WA0135801436
B1603421853362S04154828WA0135901438
B1603461853373S04154849WA0135801437
B1603501853360S04154862WA0136301443
B1603541853344S04154867WA0136601446
B1603581853319S04154860WA0136501445
B1604021853301S04154848WA0137001450
B1604061853280S04154836WA0136901448
B1604101853259S04154826WA0137001448
B1604141853241S04154813WA0137601456
B1604181853222S04154798WA0138501466
B1604221853205S04154785WA0139201473
B1604261853183S04154777WA0139801478
B1604301853166S04154779WA0140301483
B1604341853160S04154796WA0140101480
B1604381853168S04154816WA0140201482
B1604421853196S04154820WA0140501483
B1604461853216S04154805WA0142101502
B1604501853223S04154778WA0142701507
B1604541853209S04154767WA0142701507
B1604581853195S04154777WA0142701508
B1605021853183S04154788WA0142801509
B1605061853166S04154780WA0142901511
B1605101853154S04154765WA0142701508
B1605141853170S04154743WA0142301503
B1605181853188S04154735WA0142501507
B1605221853211S04154730WA0142001499
B1605261853232S04154723WA0141901499
B1605301853251S04154734WA0141601496
B1605341853257S04154759WA0141501493
B1605381853276S04154773WA0142001499
B1605421853298S04154753WA0142001499
B1605461853287S04154735WA0142101500
B1605501853266S04154744WA0141801496
B1605541853249S04154754WA0142101502
B1605581853234S04154741WA0141901499
B1606021853221S04154748WA0141601495
B1606061853219S04154763WA0141401494
B1606101853232S04154784WA0140401484
B1606141853237S04154803WA0140101481
B1606181853237S04154825WA0139501475
B1606221853242S04154844WA0139801478
B1606261853250S04154867WA0139901479
B1606301853264S04154885WA0140101482
B1606341853276S04154903WA0140601487
B1606381853295S04154907WA0140601485
B1606421853321S04154894WA0140801487
B1606461853341S04154877WA0141401493
B1606501853343S04154852WA0141701496
B1606541853330S04154839WA0141801495
B1606581853314S04154834WA0141901497
B1607021853296S04154832WA0141801497
B1607061853281S04154831WA0141801496
B1607101853285S04154805WA0141601494
B1607141853303S04154786WA0142001500
B1607181853320S04154760WA0141601494
B1607221853335S04154738WA0141101490
B1607261853365S04154741WA0140101479
B1607301853387S04154755WA0139401471
B1607341853396S04154779WA0139001468
B1607381853405S04154804WA0138201460
B1607421853417S04154823WA0138801468
B1607461853446S04154832WA0138101460
B1607501853472S04154834WA0138701466
B1607541853503S04154834WA0138401462
B1607581853528S04154828WA0138701465
B1608021853555S04154817WA0138901466
B1608061853570S04154793WA0139001466
B1608101853575S04154767WA0139001467
B1608141853556S04154755WA0139001466
B1608181853541S04154758WA0139201469
B1608221853526S04154769WA0138701464
B1608261853519S04154791WA0138301460
B1608301853503S04154804WA0138201460
B1608341853490S04154815WA0138301460
B1608381853494S04154835WA0138401460
B1608421853520S04154838WA0138301459
B1608461853538S04154824WA0137901455
B1608501853527S04154803WA0137701452
B1608541853511S04154796WA0137301448
B1608581853490S04154792WA0137101446
B1609021853472S04154786WA0136801442
B1609061853453S04154781WA0136701442
B1609101853435S04154788WA0136301437
B1609141853419S04154797WA0136401439
B1609181853403S04154801WA0136501440
B1609221853389S04154795WA0136701443
B1609261853374S04154795WA0136401440
B1609301853363S04154799WA0136801444
B1609341853350S04154798WA0136701443
B1609381853339S04154801WA0136801443
B1609421853325S04154803WA0136601441
B1609461853318S04154815WA0136401439
B1609501853320S04154835WA0136401441
B1609541853322S04154856WA0137001447
B1609581853335S04154873WA0137501452
B1610021853362S04154866WA0138301459
B1610061853376S04154839WA0138601463
B1610101853370S04154817WA0139001467
B1610141853357S04154820WA0139301470
B1610181853366S04154841WA0139801476
B1610221853395S04154842WA0140401480
B1610261853412S04154814WA0140801485
B1610301853405S04154796WA0141001487
B1610341853392S04154792WA0141401492
B1610381853384S04154804WA0141501492
B1610421853376S04154819WA0142001499
B1610461853381S04154842WA0142301501
B1610501853407S04154849WA0142601505
B1610541853426S04154825WA0142901507
B1610581853419S04154803WA0143601515
B1611021853406S04154791WA0144001519
B1611061853394S04154778WA0144001521
B1611101853378S04154762WA0143101513
B1611141853364S04154745WA0143101513
B1611181853347S04154730WA0142801509
B1611221853329S04154717WA0142601507
B1611261853309S04154705WA0142201503
B1611301853289S04154708WA0142001500
B1611341853271S04154710WA0142401505
B1611381853253S04154718WA0142601507
B1611421853241S04154726WA0143101513
B1611461853225S04154738WA0143001510
B1611501853214S04154747WA0143601518
B1611541853204S04154764WA0143601518
B1611581853191S04154775WA0143801519
B1612021853175S04154780WA0144001523
B1612061853160S04154787WA0144301525
B1612101853149S04154800WA0144201524
B1612141853163S04154823WA0144101522
B1612181853182S04154828WA0144701528
B1612221853210S04154823WA0144101520
B1612261853234S04154812WA0144501524
B1612301853247S04154790WA0144701526
B1612341853244S04154765WA0145201531
B1612381853235S04154741WA0145401535
B1612421853219S04154728WA0145601535
B1612461853201S04154733WA0145601537
B1612501853190S04154747WA0145801537
B1612541853192S04154769WA0145501535
B1612581853201S04154786WA0146301545
B1613021853221S04154791WA0145801539
B1613061853245S04154778WA0145301534
B1613101853270S04154766WA0145001531
B1613141853294S04154751WA0145101531
B1613181853309S04154729WA0145001531
B1613221853300S04154703WA0144801528
B1613261853283S04154694WA0145401534
B1613301853267S04154697WA0145501534
B1613341853259S04154711WA0145601536
B1613381853258S04154728WA0145901539
B1613421853277S04154739WA0145801537
B1613461853301S04154729WA0145401532
B1613501853324S04154706WA0144901527
B1613541853335S04154681WA0145101529
B1613581853330S04154654WA0145301531
B1614021853316S04154640WA0144901527
B1614061853299S04154627WA0145301532
B1614101853282S04154631WA0145301532
B1614141853270S04154646WA0145901539
B1614181853261S04154663WA0146301541
B1614221853251S04154677WA0146401544
B1614261853255S04154700WA0146101540
B1614301853275S04154714WA0146001538
B1614341853300S04154703WA0146101541
B1614381853323S04154683WA0145701535
B1614421853343S04154664WA0145801539
B1614461853353S04154635WA0145701537
B1614501853370S04154616WA0146101542
B1614541853397S04154618WA0146201543
B1614581853417S04154633WA0146501546
B1615021853438S04154646WA0146801549
B1615061853459S04154658WA0146801550
B1615101853483S04154645WA0146601547
B1615141853480S04154620WA0146601547
B1615181853465S04154607WA0146701548
B1615221853451S04154606WA0147001551
B1615261853434S04154607WA0147101552
B1615301853421S04154611WA0147101552
B1615341853405S04154620WA0146901551
B1615381853386S04154624WA0146701546
B1615421853370S04154627WA0146701547
B1615461853355S04154640WA0146301542
B1615501853340S04154657WA0145701536
B1615541853335S04154679WA0145801537
B1615581853347S04154701WA0145601536
B1616021853369S04154713WA0146001541
B1616061853397S04154707WA0145701537
B1616101853422S04154691WA0146001540
B1616141853446S04154669WA0145301533
B1616181853464S04154649WA0145501536
B1616221853469S04154622WA0145201533
B1616261853454S04154607WA0144601527
B1616301853439S04154598WA0144801530
B1616341853421S04154594WA0144701527
B1616381853403S04154600WA0144701528
B1616421853394S04154618WA0144901529
B1616461853407S04154641WA0145301533
B1616501853413S04154666WA0145401535
B1616541853414S04154689WA0145501536
B1616581853421S04154712WA0145201532
B1617021853413S04154728WA0145001531
B1617061853398S04154737WA0144801529
B1617101853384S04154755WA0144801527
B1617141853378S04154773WA0145001531
B1617181853377S04154795WA0145101532
B1617221853389S04154814WA0145201532
B1617261853418S04154814WA0145001531
B1617301853445S04154808WA0144901530
B1617341853475S04154802WA0144601526
B1617381853500S04154790WA0144401524
B1617421853519S04154768WA0144301524
B1617461853522S04154744WA0144101522
B1617501853509S04154729WA0143601516
B1617541853492S04154727WA0143301513
B1617581853473S04154722WA0142701507
B1618021853455S04154719WA0142701508
B1618061853440S04154710WA0142701509
B1618101853424S04154696WA0142801509
B1618141853409S04154696WA0143601517
B1618181853405S04154717WA0143701518
B1618221853426S04154731WA0143801520
B1618261853449S04154725WA0143701518
B1618301853455S04154700WA0143501515
B1618341853445S04154688WA0144201523
B1618381853435S04154704WA0144301522
B1618421853453S04154722WA0144201522
B1618461853475S04154729WA0144101521
B1618501853500S04154716WA0143901518
B1618541853504S04154691WA0143701515
B1618581853490S04154674WA0143601516
B1619021853472S04154668WA0143801517
B1619061853458S04154677WA0144001520
B1619101853454S04154690WA0144301523
B1619141853466S04154710WA0144501525
B1619181853478S04154730WA0144401523
B1619221853492S04154752WA0144501525
B1619261853511S04154764WA0144801528
B1619301853537S04154763WA0144701527
B1619341853562S04154746WA0144601525
B1619381853586S04154727WA0144301521
B1619421853606S04154708WA0144101520
B1619461853598S04154683WA0143601514
B1619501853583S04154672WA0143201511
B1619541853565S04154670WA0143201513
B1619581853552S04154681WA0142901509
B1620021853544S04154694WA0143001511
B1620061853541S04154713WA0142401503
B1620101853536S04154730WA0142201502
B1620141853557S04154746WA0142001500
B1620181853583S04154738WA0141701496
B1620221853605S04154719WA0141701496
B1620261853628S04154705WA0141101490
B1620301853656S04154711WA0140901487
B1620341853679S04154723WA0140801486
B1620381853705S04154725WA0140701484
B1620421853736S04154723WA0140301480
B1620461853764S04154725WA0140301480
B1620501853796S04154726WA0139901477
B1620541853825S04154731WA0139801475
B1620581853854S04154733WA0139701473
B1621021853883S04154736WA0139301470
B1621061853911S04154744WA0139101467
B1621101853936S04154755WA0138901465
B1621141853961S04154761WA0138801464
B1621181853982S04154771WA0138501462
B1621221853999S04154791WA0138201459
B1621261854022S04154804WA0138401461
B1621301854051S04154810WA0138201458
B1621341854081S04154811WA0138101458
B1621381854106S04154801WA0138201459
B1621421854119S04154777WA0137901456
B1621461854134S04154753WA0137801455
B1621501854139S04154728WA0137801455
B1621541854125S04154713WA0137801455
B1621581854108S04154711WA0138001456
B1622021854096S04154722WA0138101457
B1622061854099S04154745WA0138401461
B1622101854120S04154761WA0138301458
B1622141854149S04154763WA0138101457
B1622181854178S04154755WA0137901455
B1622221854202S04154745WA0137901455
B1622261854227S04154743WA0137401450
B1622301854251S04154753WA0137101446
B1622341854279S04154758WA0136701442
B1622381854306S04154762WA0136301437
B1622421854333S04154765WA0135601432
B1622461854362S04154768WA0135001425
B1622501854389S04154770WA0134601421
B1622541854417S04154773WA0134301418
B1622581854443S04154776WA0133901414
B1623021854471S04154781WA0133101405
B1623061854500S04154784WA0132501399
B1623101854529S04154784WA0132001394
B1623141854557S04154786WA0131701392
B1623181854586S04154791WA0131301387
B1623221854616S04154796WA0130901382
B1623261854644S04154801WA0130601380
B1623301854674S04154805WA0130101374
B1623341854702S04154806WA0129701371
B1623381854733S04154807WA0129101364
B1623421854762S04154808WA0128701360
B1623461854790S04154808WA0128301357
B1623501854816S04154810WA0128001353
B1623541854844S04154815WA0127601349
B1623581854872S04154820WA0127201345
B1624021854899S04154823WA0126801340
B1624061854927S04154828WA0126401335
B1624101854954S04154833WA0125801330
B1624141854983S04154838WA0125201322
B1624181855009S04154840WA0124901320
B1624221855039S04154846WA0124401313
B1624261855064S04154853WA0124501315
B1624301855092S04154854WA0124501313
B1624341855112S04154844WA0124801314
B1624381855124S04154819WA0124601314
B1624421855116S04154805WA0124801317
B1624461855098S04154807WA0124001308
B1624501855089S04154823WA0123401304
B1624541855090S04154844WA0122601295
B1624581855104S04154865WA0122401294
B1625021855124S04154873WA0122501295
B1625061855146S04154870WA0122301293
B1625101855157S04154849WA0122201292
B1625141855152S04154832WA0122401294
B1625181855136S04154822WA0122001289
B1625221855118S04154822WA0121701287
B1625261855106S04154842WA0121201281
B1625301855102S04154862WA0121301282
B1625341855122S04154878WA0121001278
B1625381855147S04154878WA0121101279
B1625421855170S04154865WA0120601276
B1625461855190S04154846WA0120601274
B1625501855201S04154827WA0120401273
B1625541855196S04154806WA0119701265
B1625581855181S04154790WA0119201260
B1626021855166S04154777WA0118901257
B1626061855147S04154774WA0118101248
B1626101855125S04154779WA0117301240
B1626141855101S04154786WA0116301232
B1626181855076S04154792WA0115601224
B1626221855049S04154796WA0114901216
B1626261855025S04154800WA0114401212
B1626301854998S04154810WA0113701204
B1626341854973S04154817WA0113701204
B1626381854949S04154828WA0113401201
B1626421854927S04154844WA0113001197
B1626461854902S04154855WA0112501192
B1626501854876S04154863WA0112201188
B1626541854850S04154876WA0112001185
B1626581854827S04154890WA0112401190
B1627021854809S04154904WA0112501192
B1627061854788S04154914WA0112901195
B1627101854769S04154919WA0113301200
B1627141854757S04154938WA0113701205
B1627181854762S04154959WA0114101209
B1627221854783S04154959WA0113801205
B1627261854792S04154941WA0113901207
B1627301854803S04154917WA0113901206
B1627341854798S04154898WA0114201209
B1627381854778S04154889WA0113801205
B1627421854761S04154894WA0113701203
B1627461854747S04154909WA0113701204
B1627501854731S04154925WA0113501202
B1627541854721S04154942WA0113401201
B1627581854720S04154965WA0113401201
B1628021854732S04154980WA0113701205
B1628061854754S04154981WA0113901206
B1628101854772S04154972WA0114101209
B1628141854787S04154962WA0114501212
B1628181854800S04154945WA0114701213
B1628221854805S04154925WA0114901215
B1628261854792S04154912WA0114401210
B1628301854776S04154913WA0114801215
B1628341854763S04154933WA0114501211
B1628381854763S04154954WA0114801215
B1628421854778S04154974WA0114601213
B1628461854792S04154990WA0114601214
B1628501854803S04155011WA0114801215
B1628541854815S04155030WA0115001217
B1628581854832S04155045WA0114901215
B1629021854851S04155058WA0114701213
B1629061854869S04155072WA0114401210
B1629101854887S04155087WA0114201208
B1629141854911S04155097WA0113601204
B1629181854937S04155108WA0113001197
B1629221854971S04155116WA0112001186
B1629261855005S04155124WA0111501181
B1629301855038S04155135WA0111001174
B1629341855070S04155147WA0110501170
B1629381855099S04155163WA0109801163
B1629421855130S04155180WA0109301157
B1629461855160S04155192WA0108901153
B1629501855186S04155200WA0109401160
B1629541855207S04155206WA0109801163
B1629581855228S04155208WA0110101166
B1630021855253S04155207WA0110001165
B1630061855276S04155204WA0110501171
B1630101855300S04155196WA0111101177
B1630141855321S04155191WA0111701183
B1630181855341S04155187WA0111801185
B1630221855360S04155172WA0111901186
B1630261855377S04155155WA0112301190
B1630301855374S04155129WA0112201188
B1630341855365S04155109WA0112801195
B1630381855351S04155093WA0113501202
B1630421855338S04155089WA0114101207
B1630461855331S04155106WA0114501211
B1630501855340S04155121WA0115301219
B1630541855359S04155127WA0115701224
B1630581855376S04155117WA0116201228
B1631021855381S04155094WA0116201228
B1631061855373S04155070WA0116401232
B1631101855357S04155056WA0117001237
B1631141855343S04155058WA0117501243
B1631181855337S04155073WA0117501242
B1631221855344S04155091WA0117701245
B1631261855356S04155107WA0117901247
B1631301855374S04155120WA0118101248
B1631341855394S04155130WA0118301252
B1631381855417S04155143WA0118101249
B1631421855444S04155157WA0117501242
B1631461855466S04155162WA0117301240
B1631501855488S04155176WA0116601230
B1631541855509S04155188WA0116201225
B1631581855527S04155203WA0115701220
B1632021855548S04155216WA0114701210
B1632061855576S04155235WA0113801201
B1632101855603S04155251WA0113501198
B1632141855628S04155272WA0113001193
B1632181855657S04155288WA0112701190
B1632221855688S04155301WA0112101184
B1632261855720S04155313WA0112101183
B1632301855745S04155326WA0112001183
B1632341855772S04155344WA0111401175
B1632381855798S04155361WA0111701179
B1632421855822S04155377WA0111401174
B1632461855851S04155395WA0110801168
B1632501855876S04155412WA0110001159
B1632541855904S04155431WA0108701146
B1632581855929S04155450WA0108001139
B1633021855954S04155469WA0106901128
B1633061855981S04155489WA0106101120
B1633101856006S04155506WA0105501115
B1633141856031S04155525WA0104801107
B1633181856055S04155547WA0103801096
B1633221856076S04155571WA0103001089
B1633261856098S04155594WA0102301082
B1633301856124S04155615WA0101201070
B1633341856149S04155639WA0100201060
B1633381856171S04155661WA0099701054
B1633421856193S04155684WA0099001047
B1633461856216S04155704WA0098201039
B1633501856240S04155723WA0097401029
B1633541856263S04155740WA0096601021
B1633581856288S04155759WA0095501009
B1634021856313S04155776WA0094400998
B1634061856340S04155793WA0093200984
B1634101856368S04155809WA0092000971
B1634141856396S04155828WA0090600957
B1634181856415S04155846WA0091100963
B1634221856434S04155861WA0091700968
B1634261856448S04155879WA0092800982
B1634301856465S04155895WA0093900993
B1634341856478S04155882WA0095301008
B1634381856458S04155868WA0096701023
B1634421856461S04155891WA0097801034
B1634461856478S04155885WA0099301051
B1634501856466S04155865WA0100001058
B1634541856461S04155887WA0101401074
B1634581856480S04155890WA0102901090
B1635021856495S04155872WA0103801099
B1635061856501S04155849WA0104301104
B1635101856477S04155839WA0105301113
B1635141856464S04155854WA0106601129
B1635181856469S04155876WA0107801138
B1635221856486S04155882WA0109501158
B1635261856492S04155860WA0110301165
B1635301856464S04155861WA0111401176
B1635341856450S04155875WA0113101195
B1635381856467S04155894WA0113801199
B1635421856484S04155896WA0114901214
B1635461856510S04155895WA0115501220
B1635501856530S04155893WA0117201238
B1635541856556S04155895WA0117801244
B1635581856582S04155898WA0118701254
B1636021856609S04155898WA0119301260
B1636061856635S04155895WA0120101268
B1636101856662S04155895WA0120901277
B1636141856685S04155892WA0121901287
B1636181856712S04155892WA0122501293
B1636221856737S04155887WA0123201301
B1636261856767S04155878WA0123701307
B1636301856790S04155871WA0124601315
B1636341856811S04155874WA0125301323
B1636381856822S04155884WA0125701327
B1636421856824S04155904WA0125801328
B1636461856835S04155921WA0125901327
B1636501856850S04155937WA0125901329
B1636541856866S04155951WA0125601325
B1636581856887S04155964WA0125401323
B1637021856906S04155983WA0124901318
B1637061856932S04156004WA0124001308
B1637101856959S04156021WA0123301302
B1637141856986S04156038WA0122801296
B1637181857009S04156054WA0122501294
B1637221857028S04156076WA0122101290
B1637261857051S04156098WA0122001289
B1637301857069S04156116WA0122601296
B1637341857089S04156135WA0122501293
B1637381857109S04156151WA0122401293
B1637421857132S04156165WA0122101289
B1637461857156S04156177WA0122101289
B1637501857182S04156190WA0121301280
B1637541857211S04156201WA0121101278
B1637581857233S04156210WA0121201278
B1638021857258S04156225WA0119901263
B1638061857285S04156242WA0119201257
B1638101857313S04156260WA0118501250
B1638141857338S04156275WA0118101246
B1638181857361S04156295WA0117501240
B1638221857383S04156317WA0116801233
B1638261857408S04156337WA0116001224
B1638301857435S04156356WA0115101216
B1638341857460S04156376WA0114301207
B1638381857483S04156394WA0113701202
B1638421857502S04156413WA0113101196
B1638461857527S04156434WA0112001183
B1638501857553S04156455WA0111301176
B1638541857575S04156477WA0110501169
B1638581857598S04156502WA0109501158
B1639021857623S04156524WA0108501148
B1639061857654S04156541WA0107501137
B1639101857683S04156555WA0106801131
B1639141857712S04156573WA0106001121
B1639181857737S04156589WA0105701118
B1639221857760S04156608WA0104901109
B1639261857785S04156629WA0104401103
B1639301857810S04156649WA0103801098
B1639341857835S04156673WA0102901089
B1639381857864S04156693WA0102201081
B1639421857891S04156713WA0101501075
B1639461857919S04156735WA0100501064
B1639501857947S04156756WA0099901058
B1639541857973S04156774WA0099301052
B1639581858001S04156794WA0098401042
B1640021858028S04156815WA0097701034
B1640061858054S04156835WA0097001027
B1640101858080S04156854WA0096201019
B1640141858103S04156875WA0095401011
B1640181858125S04156897WA0095001006
B1640221858147S04156920WA0094300998
B1640261858170S04156944WA0093600992
B1640301858191S04156971WA0093000986
B1640341858213S04156997WA0092300978
B1640381858235S04157021WA0091800972
B1640421858252S04157047WA0091200966
B1640461858269S04157075WA0090400958
B1640501858283S04157102WA0089900953
B1640541858295S04157127WA0089600950
B1640581858311S04157156WA0088700940
B1641021858328S04157182WA0088000933
B1641061858344S04157208WA0087100924
B1641101858363S04157236WA0086000912
B1641141858381S04157264WA0085500906
B1641181858400S04157288WA0084800899
B1641221858417S04157314WA0084300895
B1641261858436S04157339WA0083900889
B1641301858455S04157365WA0083100881
B1641341858474S04157391WA0082500875
B1641381858491S04157420WA0082500875
B1641421858506S04157443WA0083100882
B1641461858520S04157466WA0082600877
B1641501858537S04157497WA0081500865
B1641541858556S04157527WA0081300864
B1641581858574S04157558WA0081100861
B1642021858592S04157582WA0081800869
B1642061858610S04157608WA0081600866
B1642101858630S04157636WA0081700866
B1642141858648S04157660WA0081300862
B1642181858670S04157685WA0080100849
B1642221858691S04157711WA0079000837
B1642261858709S04157739WA0078300829
B1642301858722S04157762WA0078300829
B1642341858732S04157786WA0078300830
B1642381858742S04157810WA0078900836
B1642421858757S04157828WA0079900847
B1642461858763S04157845WA0080600855
B1642501858746S04157849WA0080500854
B1642541858728S04157853WA0080200851
B1642581858708S04157851WA0079700845
B1643021858689S04157839WA0079300842
B1643061858680S04157817WA0078900838
B1643101858684S04157788WA0079800848
B1643141858702S04157786WA0080500855
B1643181858700S04157803WA0081000860
B1643221858684S04157808WA0081600867
B1643261858680S04157781WA0081800867
B1643301858693S04157768WA0083100881
B1643341858712S04157762WA0083500886
B1643381858726S04157778WA0083700887
B1643421858737S04157791WA0084300894
B1643461858716S04157798WA0084300893
B1643501858699S04157781WA0084400895
B1643541858683S04157761WA0085100901
B1643581858678S04157740WA0085500905
B1644021858701S04157723WA0085300903
B1644061858723S04157725WA0085800909
B1644101858747S04157735WA0085800908
B1644141858765S04157747WA0086200913
B1644181858782S04157766WA0086600916
B1644221858797S04157788WA0086300914
B1644261858815S04157815WA0085200901
B1644301858833S04157839WA0084700897
B1644341858854S04157863WA0083400883
B1644381858873S04157890WA0082400874
B1644421858890S04157917WA0081500865
B1644461858906S04157948WA0080500854
B1644501858920S04157979WA0079700845
B1644541858933S04158008WA0078600834
B1644581858949S04158039WA0077500822
B1645021858967S04158069WA0076700814
B1645061858985S04158099WA0075900805
B1645101858998S04158131WA0075300799
B1645141859005S04158162WA0075100795
B1645181859011S04158193WA0075000795
B1645221859019S04158217WA0075800805
B1645261859029S04158231WA0076500812
B1645301859041S04158250WA0076700814
B1645341859046S04158269WA0077400822
B1645381859059S04158289WA0077700826
B1645421859077S04158307WA0078200831
B1645461859094S04158327WA0078300832
B1645501859102S04158347WA0078600834
B1645541859121S04158359WA0078900838
B1645581859136S04158340WA0079300842
B1646021859126S04158316WA0079800848
B1646061859109S04158307WA0080100851
B1646101859100S04158322WA0080000851
B1646141859099S04158343WA0080200853
B1646181859102S04158366WA0080300852
B1646221859098S04158388WA0080700856
B1646261859099S04158416WA0081500864
B1646301859098S04158442WA0082100870
B1646341859099S04158468WA0082900880
B1646381859104S04158490WA0082800878
B1646421859118S04158516WA0082200872
B1646461859137S04158541WA0081500865
B1646501859163S04158560WA0080300853
B1646541859190S04158578WA0079200841
B1646581859218S04158601WA0078700836
B1647021859238S04158616WA0080300855
B1647061859256S04158633WA0080700856
B1647101859270S04158651WA0081000860
B1647141859284S04158673WA0080900858
B1647181859302S04158687WA0081200860
B1647221859320S04158710WA0081800867
B1647261859327S04158734WA0082800878
B1647301859341S04158756WA0083600886
B1647341859361S04158753WA0084400894
B1647381859358S04158732WA0085000901
B1647421859338S04158732WA0085800908
B1647461859331S04158758WA0086300913
B1647501859350S04158771WA0086900920
B1647541859374S04158772WA0088000933
B1647581859398S04158763WA0088800940
B1648021859418S04158749WA0089900952
B1648061859425S04158726WA0090500958
B1648101859427S04158707WA0091900975
B1648141859447S04158701WA0092600982
B1648181859459S04158722WA0093400990
B1648221859447S04158740WA0094300999
B1648261859442S04158724WA0095001007
B1648301859463S04158721WA0096201021
B1648341859470S04158743WA0096901027
B1648381859453S04158752WA0097501034
B1648421859441S04158737WA0098101040
B1648461859432S04158719WA0099101050
B1648501859446S04158706WA0099801057
B1648541859462S04158721WA0100501065
B1648581859463S04158747WA0101401074
B1649021859448S04158760WA0102201081
B1649061859429S04158755WA0102801087
B1649101859412S04158746WA0103901099
B1649141859403S04158730WA0104801110
B1649181859426S04158730WA0105701118
B1649221859419S04158749WA0106901130
B1649261859397S04158748WA0107401136
B1649301859378S04158743WA0108901152
B1649341859361S04158733WA0110001165
B1649381859355S04158712WA0111101176
B1649421859371S04158696WA0112101186
B1649461859391S04158709WA0112801193
B1649501859395S04158732WA0113601201
B1649541859382S04158749WA0114401210
B1649581859376S04158731WA0115201218
B1650021859392S04158721WA0116301230
B1650061859411S04158712WA0116801233
B1650101859430S04158716WA0117901246
B1650141859450S04158725WA0118701254
B1650181859469S04158725WA0119701266
B1650221859492S04158723WA0120401272
B1650261859516S04158716WA0121201282
B1650301859538S04158713WA0121901288
B1650341859560S04158713WA0122801298
B1650381859582S04158714WA0123301303
B1650421859604S04158721WA0123501307
B1650461859633S04158729WA0123301302
B1650501859658S04158739WA0122901298
B1650541859688S04158755WA0121801286
B1650581859719S04158776WA0121001278
B1651021859747S04158798WA0120601274
B1651061859770S04158818WA0121201280
B1651101859793S04158837WA0121201280
B1651141859819S04158857WA0121401282
B1651181859843S04158875WA0121501283
B1651221859870S04158892WA0120701274
B1651261859898S04158907WA0120301270
B1651301859929S04158927WA0119701262
B1651341859956S04158944WA0120501271
B1651381859985S04158957WA0120301269
B1651421900015S04158968WA0120701274
B1651461900044S04158979WA0120601273
B1651501900078S04158994WA0120601272
B1651541900108S04159009WA0120901275
B1651581900139S04159023WA0121001277
B1652021900170S04159035WA0121501282
B1652061900200S04159053WA0121701284
B1652101900227S04159067WA0122601293
B1652141900247S04159076WA0123101298
B1652181900272S04159091WA0123501302
B1652221900302S04159104WA0124201309
B1652261900337S04159116WA0124801315
B1652301900369S04159126WA0125601324
B1652341900396S04159137WA0126801337
B1652381900420S04159151WA0127901348
B1652421900441S04159164WA0128801359
B1652461900466S04159177WA0128601357
B1652501900497S04159190WA0128101350
B1652541900533S04159201WA0127901349
B1652581900560S04159211WA0128801359
B1653021900587S04159229WA0129301364
B1653061900612S04159247WA0130301375
B1653101900639S04159266WA0130201373
B1653141900669S04159280WA0129801369
B1653181900701S04159291WA0129001359
B1653221900733S04159302WA0128201352
B1653261900765S04159312WA0127501344
B1653301900799S04159323WA0126501334
B1653341900827S04159337WA0125801327
B1653381900857S04159351WA0124501314
B1653421900894S04159367WA0123601305
B1653461900931S04159377WA0123201300
B1653501900965S04159382WA0123401304
B1653541900994S04159377WA0124201312
B1653581901020S04159374WA0124901319
B1654021901042S04159381WA0126001331
B1654061901057S04159397WA0126701338
B1654101901043S04159413WA0127401345
B1654141901034S04159394WA0127601347
B1654181901056S04159391WA0128101352
B1654221901076S04159401WA0129001362
B1654261901096S04159411WA0130101373
B1654301901114S04159422WA0130401377
B1654341901134S04159437WA0130701380
B1654381901156S04159444WA0131701390
B1654421901186S04159447WA0132201396
B1654461901211S04159449WA0133101405
B1654501901238S04159456WA0133201404
B1654541901265S04159460WA0133301407
B1654581901296S04159467WA0133001402
B1655021901323S04159475WA0133501408
B1655061901344S04159487WA0134001413
B1655101901370S04159496WA0134401417
B1655141901401S04159506WA0134201415
B1655181901433S04159516WA0133701410
B1655221901465S04159531WA0132601398
B1655261901496S04159546WA0131501387
B1655301901530S04159561WA0130801380
B1655341901560S04159575WA0129801371
B1655381901593S04159592WA0128801359
B1655421901625S04159607WA0128101353
B1655461901659S04159625WA0127301344
B1655501901692S04159645WA0126701338
B1655541901723S04159664WA0126701338
B1655581901750S04159679WA0126801339
B1656021901781S04159696WA0126001330
B1656061901815S04159712WA0125401324
B1656101901844S04159731WA0124701317
B1656141901873S04159753WA0123901308
B1656181901903S04159772WA0123101300
B1656221901934S04159790WA0122201290
B1656261901964S04159810WA0121401281
B1656301901993S04159830WA0120601273
B1656341902025S04159850WA0119801265
B1656381902056S04159869WA0119101257
B1656421902088S04159891WA0118401251
B1656461902118S04159910WA0118201248
B1656501902150S04159929WA0117501241
B1656541902181S04159946WA0116801234
B1656581902213S04159965WA0115701222
B1657021902246S04159984WA0114801213
B1657061902278S04200002WA0114301207
B1657101902308S04200021WA0113501199
B1657141902337S04200040WA0112901193
B1657181902365S04200058WA0112301185
B1657221902394S04200079WA0111601177
B1657261902422S04200099WA0110901170
B1657301902450S04200121WA0109901160
B1657341902481S04200130WA0109501155
B1657381902501S04200103WA0108501145
B1657421902510S04200064WA0107601137
B1657461902510S04200025WA0107001131
B1657501902503S04159988WA0106201123
B1657541902484S04159956WA0105301114
B1657581902461S04159931WA0104601107
B1658021902436S04159905WA0103701098
B1658061902411S04159882WA0103001090
B1658101902386S04159859WA0102001079
B1658141902360S04159838WA0101101071
B1658181902334S04159820WA0100301062
B1658221902306S04159799WA0099401053
B1658261902280S04159778WA0098701045
B1658301902253S04159760WA0098401043
B1658341902229S04159742WA0098801047
B1658381902203S04159722WA0098901048
B1658421902180S04159704WA0099101050
B1658461902158S04159687WA0099601055
B1658501902137S04159669WA0100401064
B1658541902112S04159647WA0100201062
B1658581902085S04159626WA0099901058
B1659021902061S04159607WA0099101051
B1659061902034S04159583WA0097901039
B1659101902003S04159563WA0097201031
B1659141901970S04159541WA0096101019
B1659181901934S04159520WA0095501012
B1659221901901S04159501WA0095401012
B1659261901875S04159483WA0096001018
B1659301901847S04159466WA0095801015
B1659341901818S04159453WA0095501013
B1659381901790S04159434WA0095001007
B1659421901763S04159412WA0094401001
B1659461901737S04159388WA0093100987
B1659501901709S04159361WA0091700972
B1659541901678S04159340WA0090900965
B1659581901648S04159321WA0090600961
B1700021901626S04159306WA0090900964
B1700061901599S04159290WA0090000955
B1700101901564S04159273WA0088900943
B1700141901529S04159261WA0087800932
B1700181901494S04159243WA0086400917
B1700221901457S04159231WA0085500908
B1700261901422S04159221WA0085100904
B1700301901391S04159211WA0085000902
B1700341901361S04159198WA0084600899
B1700381901333S04159185WA0084500898
B1700421901303S04159171WA0083800890
B1700461901270S04159158WA0083100883
B1700501901236S04159149WA0082500877
B1700541901202S04159136WA0081900870
B1700581901168S04159123WA0081200863
B1701021901132S04159117WA0080200853
B1701061901097S04159116WA0079200841
B1701101901061S04159116WA0078400833
B1701141901027S04159117WA0077700826
B1701181900990S04159117WA0077000818
B1701221900955S04159124WA0076600814
B1701261900921S04159129WA0076200810
B1701301900886S04159138WA0075600804
B1701341900852S04159150WA0075000798
B1701381900817S04159165WA0074400791
B1701421900786S04159180WA0074700794
B1701461900763S04159194WA0075600804
B1701501900736S04159210WA0075400802
B1701541900708S04159228WA0075900808
B1701581900685S04159241WA0076900819
B1702021900666S04159252WA0077500825
B1702061900642S04159265WA0078000830
B1702101900627S04159280WA0079100842
B1702141900604S04159291WA0080200854
B1702181900585S04159294WA0081700869
B1702221900565S04159293WA0082800881
B1702261900551S04159286WA0083600889
B1702301900553S04159265WA0084100895
B1702341900575S04159259WA0085600911
B1702381900590S04159276WA0087000926
B1702421900573S04159289WA0088300938
B1702461900562S04159271WA0089700953
B1702501900580S04159262WA0090800964
B1702541900582S04159284WA0092500983
B1702581900563S04159281WA0093600994
B1703021900572S04159259WA0095001008
B1703061900592S04159261WA0096301022
B1703101900598S04159284WA0097401033
B1703141900587S04159302WA0098801049
B1703181900571S04159290WA0099801059
B1703221900581S04159273WA0101201072
B1703261900603S04159279WA0102501086
B1703301900598S04159300WA0103801099
B1703341900588S04159323WA0105101113
B1703381900588S04159352WA0106301125
B1703421900591S04159380WA0108001143
B1703461900590S04159406WA0109801162
B1703501900575S04159419WA0111201178
B1703541900564S04159406WA0112701193
B1703581900577S04159390WA0114701215
B1704021900600S04159399WA0116401233
B1704061900594S04159424WA0117801247
B1704101900577S04159419WA0119401264
B1704141900568S04159402WA0121101281
B1704181900576S04159388WA0122401295
B1704221900597S04159386WA0124201314
B1704261900615S04159406WA0125901331
B1704301900612S04159428WA0127501348
B1704341900597S04159436WA0128701361
B1704381900587S04159422WA0129801372
B1704421900602S04159407WA0130501380
B1704461900622S04159399WA0132001396
B1704501900642S04159420WA0133001405
B1704541900631S04159435WA0134601422
B1704581900616S04159429WA0135701434
B1705021900614S04159412WA0136501443
B1705061900605S04159395WA0137401452
B1705101900597S04159379WA0138401463
B1705141900581S04159362WA0138201460
B1705181900565S04159340WA0137201449
B1705221900560S04159307WA0136701443
B1705261900564S04159277WA0136801445
B1705301900570S04159243WA0137401452
B1705341900571S04159211WA0138601464
B1705381900569S04159177WA0138901467
B1705421900555S04159145WA0138101459
B1705461900530S04159116WA0136901447
B1705501900508S04159084WA0136401441
B1705541900491S04159053WA0135701435
B1705581900472S04159019WA0134701423
B1706021900454S04158989WA0134501422
B1706061900431S04158966WA0133501410
B1706101900400S04158948WA0132801403
B1706141900375S04158925WA0132501400
B1706181900349S04158901WA0131601391
B1706221900320S04158876WA0130301377
B1706261900294S04158853WA0129401368
B1706301900268S04158829WA0128201355
B1706341900243S04158803WA0127301346
B1706381900216S04158778WA0126501338
B1706421900191S04158754WA0125901331
B1706461900168S04158724WA0125101323
B1706501900146S04158697WA0124101313
B1706541900120S04158673WA0123101303
B1706581900095S04158649WA0122201292
B1707021900068S04158626WA0121501285
B1707061900041S04158606WA0120601276
B1707101900017S04158584WA0119701266
B1707141859992S04158563WA0119101260
B1707181859968S04158543WA0118801257
B1707221859941S04158522WA0118301253
B1707261859916S04158503WA0118001250
B1707301859889S04158487WA0117701247
B1707341859858S04158474WA0117201241
B1707381859831S04158463WA0116901238
B1707421859801S04158457WA0116001229
B1707461859772S04158450WA0115601225
B1707501859745S04158442WA0115001218
B1707541859714S04158436WA0114201211
B1707581859686S04158429WA0114001209
B1708021859654S04158427WA0113301201
B1708061859620S04158422WA0112801195
B1708101859590S04158416WA0112201190
B1708141859559S04158407WA0111601182
B1708181859527S04158395WA0111301179
B1708221859497S04158381WA0111301179
B1708261859468S04158366WA0111101177
B1708301859435S04158349WA0110701172
B1708341859405S04158333WA0111201177
B1708381859384S04158323WA0113001198
B1708421859361S04158319WA0114001206
B1708461859346S04158307WA0115501224
B1708501859353S04158283WA0116201231
B1708541859378S04158286WA0116501235
B1708581859383S04158305WA0117601247
B1709021859363S04158300WA0118701257
B1709061859374S04158277WA0119601266
B1709101859393S04158290WA0120201272
B1709141859376S04158304WA0121001281
B1709181859361S04158302WA0122301296
B1709221859348S04158285WA0122901301
B1709261859356S04158258WA0123701310
B1709301859380S04158251WA0124601320
B1709341859393S04158269WA0125501329
B1709381859376S04158276WA0126201335
B1709421859365S04158258WA0127101345
B1709461859358S04158236WA0128201356
B1709501859350S04158212WA0129101364
B1709541859344S04158191WA0129701372
B1709581859333S04158168WA0130001375
B1710021859324S04158144WA0130001375
B1710061859313S04158113WA0129301367
B1710101859299S04158084WA0129001366
B1710141859283S04158057WA0128601362
B1710181859268S04158025WA0128201357
B1710221859254S04157994WA0127801353
B1710261859233S04157966WA0126901344
B1710301859210S04157939WA0126301337
B1710341859191S04157912WA0125301328
B1710381859171S04157882WA0124201315
B1710421859159S04157845WA0123001303
B1710461859146S04157809WA0121901291
B1710501859133S04157772WA0120901280
B1710541859122S04157733WA0119901270
B1710581859112S04157693WA0118901259
B1711021859100S04157657WA0118201253
B1711061859089S04157622WA0117501245
B1711101859074S04157589WA0116701236
B1711141859060S04157556WA0116001229
B1711181859047S04157521WA0115201220
B1711221859034S04157488WA0114401213
B1711261859020S04157453WA0113601204
B1711301859007S04157419WA0112801195
B1711341858993S04157385WA0112101189
B1711381858982S04157350WA0111401182
B1711421858968S04157317WA0110601174
B1711461858956S04157284WA0109601163
B1711501858947S04157252WA0108401150
B1711541858935S04157220WA0107601143
B1711581858922S04157188WA0106901135
B1712021858913S04157153WA0106201127
B1712061858903S04157125WA0106001125
B1712101858889S04157092WA0105401117
B1712141858879S04157064WA0106001125
B1712181858872S04157033WA0105401117
B1712221858860S04156998WA0104601109
B1712261858849S04156962WA0104301107
B1712301858838S04156927WA0103701101
B1712341858829S04156889WA0102701091
B1712381858820S04156853WA0101801082
B1712421858811S04156815WA0100901073
B1712461858800S04156779WA0100501068
B1712501858792S04156745WA0099901061
B1712541858786S04156708WA0099001052
B1712581858782S04156672WA0098401046
B1713021858782S04156637WA0097901042
B1713061858780S04156601WA0097101033
B1713101858775S04156566WA0096401026
B1713141858769S04156531WA0096001020
B1713181858762S04156496WA0095401014
B1713221858756S04156462WA0094301003
B1713261858748S04156427WA0093100990
B1713301858739S04156393WA0092000980
B1713341858732S04156361WA0090800968
B1713381858722S04156328WA0089400952
B1713421858709S04156295WA0088400942
B1713461858698S04156268WA0088000939
B1713501858685S04156237WA0086900927
B1713541858673S04156204WA0086600924
B1713581858661S04156174WA0086300920
B1714021858648S04156143WA0085800915
B1714061858634S04156112WA0085400910
B1714101858618S04156079WA0084400901
B1714141858603S04156047WA0083600892
B1714181858588S04156017WA0082800883
B1714221858572S04155988WA0082100876
B1714261858551S04155963WA0081400868
B1714301858536S04155937WA0081400869
B1714341858526S04155912WA0081300868
B1714381858514S04155882WA0081700872
B1714421858504S04155859WA0082400879
B1714461858492S04155831WA0082000876
B1714501858484S04155806WA0081400869
B1714541858483S04155775WA0079900853
B1714581858485S04155740WA0078800842
B1715021858486S04155707WA0078000834
B1715061858493S04155671WA0077600828
B1715101858499S04155641WA0078000835
B1715141858496S04155610WA0077900833
B1715181858491S04155577WA0077900833
B1715221858486S04155545WA0078400839
B1715261858478S04155518WA0078700842
B1715301858465S04155488WA0078600840
B1715341858450S04155459WA0078900845
B1715381858439S04155427WA0079400847
B1715421858428S04155403WA0080900864
B1715461858413S04155383WA0081500871
B1715501858388S04155373WA0082400880
B1715541858364S04155372WA0083100887
B1715581858336S04155376WA0083700893
B1716021858311S04155382WA0084800906
B1716061858299S04155365WA0085300910
B1716101858299S04155348WA0086100919
B1716141858312S04155334WA0085400911
B1716181858328S04155326WA0085400910
B1716221858344S04155338WA0084800903
B1716261858360S04155352WA0085100907
B1716301858380S04155363WA0085600912
B1716341858399S04155367WA0086900925
B1716381858420S04155363WA0088100938
B1716421858434S04155349WA0089100949
B1716461858442S04155328WA0090300961
B1716501858439S04155304WA0091200971
B1716541858425S04155284WA0091700977
B1716581858399S04155280WA0092600985
B1717021858393S04155304WA0093200991
B1717061858395S04155330WA0094301004
B1717101858409S04155347WA0095701018
B1717141858423S04155334WA0096301026
B1717181858412S04155311WA0097301038
B1717221858392S04155323WA0098201047
B1717261858405S04155343WA0099201056
B1717301858416S04155328WA0099901064
B1717341858406S04155302WA0100501069
B1717381858383S04155298WA0101401079
B1717421858367S04155286WA0102401090
B1717461858368S04155265WA0103301099
B1717501858387S04155265WA0104101107
B1717541858399S04155279WA0105401122
B1717581858388S04155298WA0105201118
B1718021858367S04155287WA0106201131
B1718061858352S04155267WA0107101140
B1718101858342S04155245WA0107801147
B1718141858337S04155218WA0108501154
B1718181858331S04155192WA0109401164
B1718221858321S04155169WA0109901168
B1718261858313S04155145WA0110101171
B1718301858304S04155124WA0109901169
B1718341858289S04155095WA0109901169
B1718381858281S04155074WA0110501175
B1718421858275S04155047WA0109701165
B1718461858266S04155017WA0109901169
B1718501858260S04154995WA0110401175
B1718541858252S04154966WA0110601176
B1718581858245S04154941WA0111401186
B1719021858235S04154914WA0111901190
B1719061858225S04154884WA0112701198
B1719101858218S04154861WA0114601219
B1719141858214S04154840WA0116401238
B1719181858199S04154830WA0117401247
B1719221858182S04154843WA0118301257
B1719261858190S04154867WA0119101265
B1719301858212S04154871WA0120001274
B1719341858226S04154857WA0121201288
B1719381858221S04154832WA0122601302
B1719421858200S04154837WA0123701313
B1719461858214S04154856WA0124701323
B1719501858228S04154848WA0126401341
B1719541858231S04154820WA0127301350
B1719581858220S04154800WA0128601364
B1720021858204S04154779WA0129601374
B1720061858197S04154754WA0130501384
B1720101858187S04154724WA0130901387
B1720141858181S04154696WA0131701395
B1720181858175S04154668WA0131801397
B1720221858163S04154638WA0131101388
B1720261858152S04154602WA0130101378
B1720301858137S04154566WA0129101368
B1720341858122S04154530WA0128101357
B1720381858106S04154496WA0126701342
B1720421858091S04154462WA0125601330
B1720461858079S04154427WA0124401318
B1720501858068S04154390WA0123101305
B1720541858058S04154353WA0122301297
B1720581858046S04154320WA0121701291
B1721021858035S04154284WA0120701281
B1721061858025S04154250WA0120101275
B1721101858010S04154219WA0119301267
B1721141857996S04154186WA0118401258
B1721181857983S04154155WA0117301247
B1721221857969S04154123WA0116401236
B1721261857954S04154094WA0115701230
B1721301857943S04154063WA0114501217
B1721341857930S04154031WA0113601207
B1721381857914S04153999WA0112601196
B1721421857900S04153969WA0111601187
B1721461857884S04153936WA0110501174
B1721501857865S04153908WA0109701167
B1721541857846S04153876WA0108501154
B1721581857826S04153843WA0107901148
B1722021857810S04153810WA0107701145
B1722061857798S04153776WA0107501143
B1722101857783S04153743WA0106801136
B1722141857764S04153712WA0106201129
B1722181857747S04153687WA0105601123
B1722221857732S04153659WA0104201109
B1722261857714S04153630WA0103001097
B1722301857695S04153604WA0101901085
B1722341857669S04153583WA0100701072
B1722381857641S04153567WA0099701061
B1722421857612S04153553WA0098601049
B1722461857583S04153539WA0097301036
B1722501857551S04153529WA0096401026
B1722541857520S04153519WA0096401026
B1722581857488S04153513WA0096501027
B1723021857462S04153501WA0096901033
B1723061857473S04153484WA0096501028
B1723101857499S04153474WA0095901020
B1723141857528S04153467WA0095401015
B1723181857561S04153465WA0094801009
B1723221857593S04153465WA0094801008
B1723261857623S04153464WA0094701006
B1723301857658S04153463WA0093400993
B1723341857694S04153461WA0092900988
B1723381857729S04153455WA0092000978
B1723421857767S04153452WA0091200971
B1723461857803S04153450WA0090600964
B1723501857838S04153449WA0090000958
B1723541857871S04153444WA0089400951
B1723581857906S04153440WA0088500941
B1724021857941S04153432WA0087700932
B1724061857970S04153415WA0086800923
B1724101858003S04153396WA0086200916
B1724141858034S04153381WA0085600910
B1724181858066S04153369WA0084700901
B1724221858099S04153364WA0083500888
B1724261858135S04153362WA0082100872
B1724301858170S04153361WA0081100862
B1724341858207S04153359WA0080100851
B1724381858240S04153360WA0079000840
B1724421858278S04153359WA0077500824
B1724461858315S04153359WA0076800817
B1724501858350S04153357WA0076100809
B1724541858386S04153352WA0075300800
B1724581858420S04153349WA0074700794
B1725021858456S04153344WA0073900784
B1725061858492S04153338WA0073200777
B1725101858529S04153336WA0072300768
B1725141858565S04153334WA0071600760
B1725181858600S04153330WA0070900753
B1725221858635S04153324WA0069900743
B1725261858670S04153319WA0068900732
B1725301858705S04153312WA0067800721
B1725341858740S04153305WA0066700709
B1725381858777S04153301WA0065500697
B1725421858813S04153300WA0064600688
B1725461858849S04153299WA0063800679
B1725501858884S04153295WA0062800669
B1725541858920S04153290WA0061800657
B1725581858953S04153281WA0061100650
B1726021858987S04153275WA0059900637
B1726061859022S04153269WA0059000629
B1726101859052S04153259WA0058100619
B1726141859085S04153246WA0056700604
B1726181859119S04153234WA0055700593
B1726221859155S04153223WA0055300588
B1726261859188S04153215WA0054800584
B1726301859225S04153208WA0054100576
B1726341859257S04153203WA0053700571
B1726381859294S04153197WA0052700560
B1726421859330S04153191WA0052200556
B1726461859364S04153187WA0051800552
B1726501859397S04153185WA0051100545
B1726541859431S04153184WA0050300537
B1726581859463S04153185WA0049900532
B1727021859495S04153188WA0049100523
B1727061859527S04153197WA0048300515
B1727101859554S04153202WA0048600519
B1727141859578S04153202WA0048800521
B1727181859602S04153195WA0049400528
B1727221859621S04153186WA0050200537
B1727261859644S04153184WA0050700541
B1727301859655S04153197WA0051100547
B1727341859643S04153213WA0051700553
B1727381859625S04153201WA0052100557
B1727421859631S04153180WA0052700564
B1727461859655S04153178WA0052900565
B1727501859674S04153181WA0053400571
B1727541859672S04153204WA0052900564
B1727581859655S04153211WA0053800577
B1728021859638S04153193WA0054100579
B1728061859656S04153177WA0054300580
B1728101859668S04153190WA0054700585
B1728141859669S04153213WA0055000589
B1728181859666S04153233WA0055800597
B1728221859643S04153235WA0056100600
B1728261859634S04153216WA0056500605
B1728301859635S04153190WA0056900609
B1728341859649S04153175WA0057500613
B1728381859663S04153191WA0058100620
B1728421859645S04153199WA0058700626
B1728461859641S04153179WA0059300632
B1728501859663S04153177WA0059800637
B1728541859658S04153199WA0060300642
B1728581859641S04153197WA0060600646
B1729021859621S04153185WA0061000650
B1729061859619S04153162WA0061700658
B1729101859643S04153158WA0062300664
B1729141859653S04153171WA0063200675
B1729181859633S04153179WA0063600680
B1729221859622S04153162WA0064600689
B1729261859632S04153139WA0065200696
B1729301859651S04153147WA0066100705
B1729341859644S04153165WA0066800712
B1729381859626S04153158WA0067600720
B1729421859624S04153133WA0068400728
B1729461859635S04153117WA0069600742
B1729501859649S04153133WA0070200749
B1729541859635S04153145WA0071200759
B1729581859615S04153140WA0072300770
B1730021859620S04153119WA0073200779
B1730061859639S04153125WA0074200789
B1730101859646S04153146WA0075300801
B1730141859627S04153154WA0075700805
B1730181859618S04153134WA0076500815
B1730221859631S04153120WA0077600826
B1730261859653S04153117WA0078500835
B1730301859671S04153131WA0079000840
B1730341859669S04153151WA0080000851
B1730381859653S04153165WA0080500857
B1730421859635S04153150WA0080700859
B1730461859634S04153127WA0081300865
B1730501859645S04153108WA0082200875
B1730541859671S04153110WA0082100873
B1730581859696S04153119WA0082900881
B1731021859724S04153132WA0083100884
B1731061859754S04153141WA0083400887
B1731101859784S04153152WA0082700880
B1731141859821S04153162WA0081400865
B1731181859851S04153170WA0081500868
B1731221859878S04153175WA0080500856
B1731261859906S04153182WA0080300854
B1731301859925S04153187WA0080900860
B1731341859946S04153192WA0081300865
B1731381859967S04153197WA0081700869
B1731421859989S04153200WA0082100873
B1731461900012S04153201WA0082300875
B1731501900037S04153203WA0083100883
B1731541900063S04153203WA0083800890
B1731581900088S04153205WA0084700901
B1732021900112S04153217WA0085000903
B1732061900135S04153234WA0085000901
B1732101900162S04153248WA0085100902
B1732141900185S04153260WA0084900901
B1732181900210S04153277WA0084300893
B1732221900234S04153292WA0083900891
B1732261900259S04153309WA0083000880
B1732301900283S04153330WA0082400875
B1732341900313S04153348WA0081500865
B1732381900342S04153368WA0081000859
B1732421900371S04153390WA0080100850
B1732461900400S04153413WA0079500844
B1732501900428S04153435WA0078400832
B1732541900460S04153458WA0077200819
B1732581900486S04153484WA0076200809
B1733021900517S04153505WA0075300799
B1733061900546S04153520WA0075100798
B1733101900574S04153538WA0074700793
B1733141900603S04153556WA0074300789
B1733181900632S04153575WA0073800785
B1733221900661S04153597WA0073400779
B1733261900691S04153615WA0072900774
B1733301900725S04153630WA0073000775
B1733341900753S04153639WA0073400779
B1733381900785S04153654WA0072900772
B1733421900815S04153665WA0073500779
B1733461900841S04153675WA0073900783
B1733501900865S04153677WA0074800793
B1733541900889S04153679WA0075800804
B1733581900912S04153681WA0077100816
B1734021900930S04153669WA0078200829
B1734061900916S04153652WA0078800835
B1734101900902S04153666WA0079500843
B1734141900902S04153688WA0080300851
B1734181900918S04153701WA0080800856
B1734221900944S04153704WA0081700866
B1734261900950S04153687WA0082400873
B1734301900935S04153702WA0082900877
B1734341900950S04153720WA0084100892
B1734381900973S04153719WA0084800899
B1734421900974S04153696WA0085400906
B1734461900957S04153709WA0086000911
B1734501900975S04153724WA0086700918
B1734541900982S04153703WA0087100923
B1734581900964S04153710WA0087900931
B1735021900973S04153730WA0088600938
B1735061900997S04153725WA0089100944
B1735101900993S04153704WA0089800951
B1735141900978S04153707WA0090200955
B1735181900968S04153729WA0090800962
B1735221900967S04153753WA0091800972
B1735261900964S04153777WA0092900985
B1735301900983S04153790WA0093500990
B1735341900995S04153773WA0094301000
B1735381900976S04153767WA0095001007
B1735421900968S04153784WA0096201020
B1735461900971S04153808WA0096801025
B1735501900982S04153825WA0097201030
B1735541901005S04153809WA0096901027
B1735581901005S04153791WA0097801036
B1736021900986S04153788WA0098301040
B1736061900979S04153809WA0099201050
B1736101900989S04153829WA0099801058
B1736141900993S04153855WA0099501056
B1736181900997S04153880WA0099601057
B1736221901002S04153907WA0099701058
B1736261901010S04153930WA0100101062
B1736301901018S04153954WA0099801059
B1736341901034S04153977WA0100001062
B1736381901050S04153996WA0100201065
B1736421901067S04154020WA0100501068
B1736461901081S04154040WA0101001073
B1736501901095S04154064WA0101101075
B1736541901110S04154088WA0101001073
B1736581901130S04154114WA0101301078
B1737021901143S04154137WA0102001087
B1737061901152S04154168WA0102801094
B1737101901161S04154193WA0103601103
B1737141901169S04154224WA0104001107
B1737181901158S04154242WA0104401112
B1737221901139S04154228WA0104701115
B1737261901150S04154217WA0105601123
B1737301901169S04154204WA0106301128
B1737341901160S04154191WA0107001135
B1737381901146S04154213WA0107801143
B1737421901163S04154229WA0109001157
B1737461901176S04154218WA0109701163
B1737501901162S04154207WA0110301169
B1737541901148S04154229WA0111101178
B1737581901166S04154250WA0111901186
B1738021901189S04154255WA0112601194
B1738061901214S04154256WA0112901197
B1738101901247S04154255WA0112601192
B1738141901280S04154255WA0112901195
B1738181901308S04154254WA0112901198
B1738221901340S04154252WA0112101188
B1738261901373S04154249WA0111401181
B1738301901403S04154251WA0110501171
B1738341901438S04154251WA0109801164
B1738381901473S04154249WA0108801154
B1738421901509S04154247WA0107801143
B1738461901542S04154244WA0107101135
B1738501901578S04154239WA0105701120
B1738541901612S04154232WA0105201115
B1738581901645S04154226WA0104301106
B1739021901681S04154217WA0103101093
B1739061901717S04154207WA0102501086
B1739101901753S04154194WA0101301074
B1739141901792S04154188WA0100001062
B1739181901829S04154181WA0099301052
B1739221901867S04154173WA0098301041
B1739261901905S04154164WA0097501033
B1739301901942S04154158WA0096801026
B1739341901981S04154153WA0095801017
B1739381902019S04154149WA0095201009
B1739421902057S04154143WA0094100998
B1739461902096S04154138WA0093300990
B1739501902132S04154132WA0092600982
B1739541902170S04154127WA0091600971
B1739581902209S04154121WA0090500960
B1740021902246S04154114WA0089700951
B1740061902283S04154111WA0088900944
B1740101902319S04154109WA0088000934
B1740141902358S04154108WA0087000923
B1740181902394S04154107WA0086200915
B1740221902431S04154106WA0085200903
B1740261902468S04154103WA0084400895
B1740301902502S04154101WA0083600886
B1740341902537S04154097WA0082700877
B1740381902570S04154096WA0081900869
B1740421902604S04154096WA0081000859
B1740461902639S04154096WA0080200851
B1740501902673S04154096WA0079600844
B1740541902707S04154097WA0078500833
B1740581902742S04154099WA0077200819
B1741021902776S04154100WA0075900805
B1741061902812S04154100WA0074900794
B1741101902848S04154102WA0074000785
B1741141902883S04154103WA0073200777
B1741181902919S04154105WA0072500769
B1741221902953S04154108WA0071800763
B1741261902988S04154112WA0071700761
B1741301903017S04154110WA0072100767
B1741341903050S04154111WA0071400760
B1741381903082S04154116WA0071800763
B1741421903106S04154121WA0072300768
B1741461903130S04154122WA0072300768
B1741501903155S04154126WA0072400769
B1741541903178S04154133WA0071900764
B1741581903205S04154144WA0070900754
B1742021903231S04154159WA0070500750
B1742061903251S04154174WA0070300748
B1742101903266S04154187WA0070200746
B1742141903283S04154203WA0069900744
B1742181903302S04154217WA0070000744
B1742221903319S04154229WA0070400750
B1742261903340S04154238WA0070800753
B1742301903349S04154255WA0071100757
B1742341903337S04154277WA0071600763
B1742381903318S04154283WA0071700764
B1742421903303S04154268WA0071700764
B1742461903316S04154250WA0072100769
B1742501903330S04154260WA0072300771
B1742541903315S04154278WA0072400772
B1742581903303S04154260WA0072800776
B1743021903319S04154249WA0073100779
B1743061903338S04154253WA0073400781
B1743101903354S04154261WA0073600783
B1743141903377S04154272WA0073500782
B1743181903396S04154276WA0074100787
B1743221903412S04154273WA0074400791
B1743261903430S04154270WA0074600793
B1743301903444S04154281WA0074900797
B1743341903441S04154301WA0075000797
B1743381903420S04154305WA0075300801
B1743421903409S04154290WA0075800805
B1743461903419S04154273WA0075800805
B1743501903437S04154270WA0076000808
B1743541903459S04154263WA0075900806
B1743581903479S04154245WA0075500803
B1744021903498S04154223WA0074700794
B1744061903519S04154202WA0073700783
B1744101903546S04154188WA0072800774
B1744141903570S04154176WA0071900764
B1744181903601S04154162WA0070800751
B1744221903629S04154149WA0070000743
B1744261903660S04154130WA0068900729
B1744301903683S04154104WA0068400726
B1744341903707S04154078WA0067600716
B1744381903734S04154055WA0066700708
B1744421903762S04154033WA0066000700
B1744461903790S04154010WA0065200691
B1744501903820S04153988WA0064600686
B1744541903846S04153970WA0064700687
B1744581903875S04153947WA0064200681
B1745021903899S04153927WA0064400684
B1745061903926S04153908WA0063600676
B1745101903956S04153898WA0064000680
B1745141903982S04153892WA0064200681
B1745181904003S04153880WA0065000691
B1745221904015S04153862WA0065300693
B1745261904006S04153850WA0065500695
B1745301903995S04153868WA0065600694
B1745341904004S04153889WA0066300705
B1745381904026S04153897WA0066900710
B1745421904033S04153882WA0067000711
B1745461904020S04153877WA0066900710
B1745501904004S04153892WA0067300715
B1745541904008S04153911WA0068200723
B1745581904028S04153923WA0068700729
B1746021904052S04153917WA0069200734
B1746061904075S04153915WA0069100734
B1746101904096S04153925WA0069700740
B1746141904087S04153946WA0069500738
B1746181904070S04153941WA0070100745
B1746221904079S04153924WA0070100745
B1746261904103S04153915WA0070200746
B1746301904124S04153913WA0070600750
B1746341904127S04153937WA0069900742
B1746381904110S04153942WA0070000745
B1746421904091S04153938WA0070200747
B1746461904082S04153925WA0070800753
B1746501904097S04153910WA0070900754
B1746541904119S04153925WA0071300758
B1746581904118S04153945WA0071400760
B1747021904102S04153949WA0071400760
B1747061904106S04153928WA0071800764
B1747101904125S04153918WA0071800764
B1747141904151S04153906WA0071500760
B1747181904183S04153901WA0071100756
B1747221904215S04153895WA0070800753
B1747261904249S04153892WA0070300747
B1747301904277S04153883WA0069800742
B1747341904311S04153872WA0069000733
B1747381904340S04153862WA0068900731
B1747421904371S04153848WA0067700718
B1747461904399S04153834WA0067400715
B1747501904427S04153824WA0066900710
B1747541904452S04153816WA0066800710
B1747581904481S04153817WA0066500707
B1748021904502S04153829WA0067000712
B1748061904516S04153848WA0066900709
B1748101904532S04153872WA0067100712
B1748141904544S04153885WA0067600718
B1748181904566S04153882WA0067800721
B1748221904574S04153866WA0068300725
B1748261904572S04153843WA0068400727
B1748301904570S04153820WA0069100734
B1748341904568S04153804WA0069900744
B1748381904562S04153782WA0068800732
B1748421904553S04153759WA0068200727
B1748461904541S04153734WA0067400717
B1748501904534S04153711WA0067400717
B1748541904527S04153687WA0066700710
B1748581904522S04153661WA0066200703
B1749021904516S04153635WA0066200704
B1749061904512S04153612WA0066600709
B1749101904508S04153590WA0067100713
B1749141904503S04153572WA0067600718
B1749181904493S04153560WA0067900721
B1749221904476S04153556WA0067900721
B1749261904464S04153571WA0068200725
B1749301904469S04153599WA0068100723
B1749341904491S04153616WA0068400726
B1749381904519S04153615WA0068900733
B1749421904541S04153623WA0069400739
B1749461904531S04153640WA0069300738
B1749501904528S04153626WA0070300749
B1749541904555S04153627WA0070300747
B1749581904554S04153651WA0070300748
B1750021904538S04153652WA0070700752
B1750061904525S04153645WA0071200757
B1750101904527S04153628WA0071600762
B1750141904551S04153639WA0071800763
B1750181904543S04153653WA0072400769
B1750221904534S04153638WA0072900775
B1750261904557S04153633WA0073200778
B1750301904562S04153655WA0073500781
B1750341904547S04153645WA0073400780
B1750381904544S04153629WA0074300791
B1750421904572S04153624WA0074200787
B1750461904571S04153648WA0074400790
B1750501904557S04153644WA0075000797
B1750541904571S04153626WA0075100798
B1750581904592S04153650WA0075500803
B1751021904583S04153664WA0075900808
B1751061904562S04153661WA0075600804
B1751101904547S04153649WA0076100810
B1751141904546S04153630WA0077100820
B1751181904571S04153635WA0077400823
B1751221904564S04153652WA0077900828
B1751261904556S04153640WA0078500835
B1751301904574S04153623WA0079100841
B1751341904594S04153640WA0079200843
B1751381904584S04153657WA0079500845
B1751421904568S04153651WA0079800847
B1751461904560S04153631WA0080600857
B1751501904579S04153621WA0080400854
B1751541904588S04153642WA0080700858
B1751581904571S04153651WA0081600868
B1752021904558S04153642WA0082100873
B1752061904570S04153623WA0081800868
B1752101904592S04153618WA0081700868
B1752141904613S04153637WA0081500866
B1752181904618S04153656WA0082100874
B1752221904601S04153661WA0081700868
B1752261904602S04153643WA0082100874
B1752301904626S04153635WA0082100873
B1752341904649S04153649WA0082100874
B1752381904643S04153668WA0081500867
B1752421904624S04153671WA0081300866
B1752461904605S04153668WA0081200864
B1752501904593S04153656WA0081600869
B1752541904597S04153635WA0081800869
B1752581904616S04153622WA0081800869
B1753021904642S04153626WA0081600867
B1753061904645S04153652WA0081100861
B1753101904627S04153656WA0081300863
B1753141904612S04153651WA0081300864
B1753181904615S04153629WA0080900860
B1753221904637S04153621WA0081000862
B1753261904660S04153635WA0081000861
B1753301904667S04153659WA0080400856
B1753341904669S04153688WA0080200855
B1753381904672S04153717WA0079900851
B1753421904674S04153742WA0080000853
B1753461904676S04153772WA0079700849
B1753501904676S04153792WA0080600863
B1753541904678S04153820WA0080400861
B1753581904678S04153846WA0081200870
B1754021904680S04153871WA0081700875
B1754061904683S04153892WA0082200879
B1754101904686S04153914WA0082500883
B1754141904687S04153934WA0082500883
B1754181904683S04153960WA0082400882
B1754221904678S04153977WA0082700885
B1754261904660S04153967WA0082100878
B1754301904657S04153945WA0082000877
B1754341904655S04153919WA0082000877
B1754381904646S04153895WA0082200878
B1754421904659S04153877WA0082400880
B1754461904679S04153889WA0082100876
B1754501904678S04153909WA0082500880
B1754541904668S04153931WA0082300877
B1754581904655S04153955WA0082600881
B1755021904645S04153980WA0083100886
B1755061904638S04154004WA0084000895
B1755101904629S04154026WA0084600901
B1755141904622S04154050WA0084700902
B1755181904612S04154068WA0084700902
B1755221904589S04154077WA0084900905
B1755261904571S04154093WA0085700912
B1755301904554S04154107WA0086100917
B1755341904536S04154121WA0086500920
B1755381904519S04154136WA0087600933
B1755421904504S04154125WA0088500942
B1755461904524S04154110WA0089100947
B1755501904530S04154129WA0089900956
B1755541904511S04154124WA0090700964
B1755581904521S04154101WA0091300970
B1756021904543S04154103WA0092000977
B1756061904533S04154127WA0092100979
B1756101904519S04154125WA0093400993
B1756141904534S04154100WA0093300989
B1756181904552S04154106WA0094301001
B1756221904568S04154126WA0094801006
B1756261904573S04154145WA0096101021
B1756301904554S04154148WA0096401023
B1756341904560S04154126WA0097301033
B1756381904582S04154113WA0098201042
B1756421904591S04154131WA0098801048
B1756461904571S04154130WA0099601057
B1756501904556S04154125WA0100501067
B1756541904546S04154105WA0100601067
B1756581904556S04154083WA0101001072
B1757021904583S04154079WA0101301075
B1757061904600S04154093WA0101601078
B1757101904621S04154112WA0101801081
B1757141904641S04154133WA0102501087
B1757181904657S04154153WA0103701102
B1757221904669S04154174WA0104301109
B1757261904693S04154168WA0105001114
B1757301904704S04154146WA0105301116
B1757341904694S04154130WA0105801122
B1757381904672S04154133WA0106101126
B1757421904655S04154139WA0106801133
B1757461904650S04154163WA0107701144
B1757501904657S04154181WA0108401151
B1757541904681S04154187WA0108601152
B1757581904694S04154168WA0108701152
B1758021904685S04154149WA0109201157
B1758061904665S04154144WA0109801164
B1758101904651S04154154WA0110501172
B1758141904634S04154168WA0110701174
B1758181904620S04154148WA0110801174
B1758221904625S04154128WA0111501183
B1758261904646S04154111WA0111801185
B1758301904669S04154104WA0112301191
B1758341904697S04154099WA0112601193
B1758381904725S04154096WA0112901197
B1758421904760S04154094WA0112501192
B1758461904796S04154091WA0112601193
B1758501904831S04154090WA0112401190
B1758541904863S04154091WA0112801196
B1758581904895S04154090WA0112601194
B1759021904929S04154093WA0112001186
B1759061904965S04154093WA0111001177
B1759101904999S04154096WA0110101166
B1759141905034S04154099WA0109101156
B1759181905069S04154106WA0107801141
B1759221905106S04154107WA0106501128
B1759261905142S04154110WA0105501118
B1759301905178S04154115WA0104301105
B1759341905213S04154118WA0103301094
B1759381905250S04154121WA0102101082
B1759421905283S04154121WA0101201071
B1759461905311S04154129WA0101401073
B1759501905326S04154141WA0102101081
B1759541905348S04154151WA0102401083
B1759581905363S04154156WA0103901100
B1800021905382S04154167WA0104401106
B1800061905401S04154167WA0105701118
B1800101905420S04154149WA0106301124
B1800141905414S04154125WA0107201133
B1800181905395S04154131WA0107801140
B1800221905395S04154150WA0108601148
B1800261905415S04154157WA0109301156
B1800301905428S04154138WA0110001163
B1800341905415S04154117WA0110501167
B1800381905396S04154117WA0111301178
B1800421905374S04154120WA0111701181
B1800461905359S04154129WA0112501190
B1800501905361S04154147WA0113301197
B1800541905380S04154155WA0113901203
B1800581905399S04154143WA0114701212
B1801021905402S04154117WA0115001216
B1801061905395S04154091WA0115801226
B1801101905405S04154067WA0116001228
B1801141905430S04154071WA0116501232
B1801181905450S04154077WA0117201240
B1801221905474S04154087WA0117901248
B1801261905499S04154087WA0118401253
B1801301905526S04154081WA0118801257
B1801341905554S04154074WA0118901258
B1801381905580S04154066WA0119401264
B1801421905607S04154050WA0119101260
B1801461905636S04154027WA0119101261
B1801501905668S04154009WA0118601254
B1801541905702S04153994WA0118301251
B1801581905733S04153976WA0118701256
B1802021905764S04153957WA0118401252
B1802061905795S04153937WA0118401252
B1802101905825S04153920WA0118201250
B1802141905856S04153907WA0117801245
B1802181905887S04153891WA0117301241
B1802221905919S04153875WA0116901237
B1802261905951S04153856WA0116401231
B1802301905978S04153831WA0116001227
B1802341906006S04153810WA0115601223
B1802381906036S04153786WA0114901215
B1802421906061S04153761WA0114501212
B1802461906085S04153732WA0113801204
B1802501906111S04153706WA0113201198
B1802541906141S04153688WA0112501191
B1802581906176S04153672WA0111801183
B1803021906208S04153655WA0111801183
B1803061906240S04153637WA0111401178
B1803101906272S04153622WA0110801172
B1803141906306S04153606WA0109901163
B1803181906334S04153581WA0109101154
B1803221906360S04153555WA0108401146
B1803261906387S04153531WA0107401136
B1803301906419S04153508WA0106301125
B1803341906449S04153485WA0105701119
B1803381906481S04153465WA0105201114
B1803421906513S04153442WA0104401105
B1803461906548S04153425WA0103801100
B1803501906585S04153410WA0103101092
B1803541906622S04153395WA0102601086
B1803581906656S04153398WA0102201082
B1804021906689S04153411WA0101701079
B1804061906724S04153414WA0101401074
B1804101906762S04153407WA0101001070
B1804141906795S04153390WA0100401063
B1804181906828S04153373WA0099701056
B1804221906858S04153356WA0099401052
B1804261906878S04153331WA0098601045
B1804301906892S04153295WA0097601034
B1804341906893S04153262WA0097101029
B1804381906890S04153229WA0096301021
B1804421906891S04153192WA0095201009
B1804461906889S04153153WA0094501001
B1804501906888S04153118WA0093900995
B1804541906888S04153081WA0093200988
B1804581906886S04153043WA0092600981
B1805021906882S04153008WA0092000976
B1805061906880S04152972WA0091400968
B1805101906877S04152935WA0090700961
B1805141906873S04152898WA0090200956
B1805181906870S04152864WA0089700950
B1805221906864S04152827WA0088800941
B1805261906860S04152791WA0088500938
B1805301906853S04152754WA0087900932
B1805341906846S04152717WA0087500928
B1805381906840S04152681WA0087000922
B1805421906839S04152643WA0086300915
B1805461906840S04152604WA0085400906
B1805501906840S04152566WA0084500896
B1805541906838S04152528WA0084100892
B1805581906831S04152493WA0083700887
B1806021906823S04152463WA0083600886
B1806061906812S04152430WA0082400873
B1806101906801S04152397WA0081900868
B1806141906791S04152364WA0081200861
B1806181906781S04152332WA0080500853
B1806221906768S04152300WA0079400841
B1806261906749S04152268WA0078500831
B1806301906731S04152243WA0079000837
B1806341906717S04152223WA0079100838
B1806381906704S04152205WA0078600834
B1806421906691S04152182WA0078200829
B1806461906680S04152162WA0077700824
B1806501906663S04152143WA0077400820
B1806541906649S04152126WA0077000815
B1806581906635S04152104WA0076100807
B1807021906622S04152079WA0076100806
B1807061906611S04152058WA0076400809
B1807101906599S04152038WA0076800814
B1807141906583S04152022WA0077700824
B1807181906569S04152006WA0078700835
B1807221906567S04151980WA0079000836
B1807261906566S04151956WA0080000849
B1807301906587S04151962WA0080900856
B1807341906576S04151978WA0082000868
B1807381906563S04151960WA0082700876
B1807421906582S04151952WA0083900889
B1807461906572S04151970WA0084900901
B1807501906562S04151949WA0086000912
B1807541906583S04151949WA0087100922
B1807581906582S04151968WA0088400937
B1808021906565S04151975WA0089300947
B1808061906548S04151955WA0089500948
B1808101906537S04151932WA0090300958
B1808141906549S04151915WA0090700963
B1808181906561S04151934WA0091600974
B1808221906543S04151945WA0092600984
B1808261906529S04151923WA0092700984
B1808301906548S04151912WA0093400992
B1808341906563S04151927WA0094000998
B1808381906546S04151940WA0094801006
B1808421906545S04151916WA0095401012
B1808461906564S04151913WA0096401022
B1808501906583S04151927WA0097401032
B1808541906600S04151943WA0098901048
B1808581906596S04151960WA0100001061
B1809021906587S04151940WA0100401064
B1809061906612S04151940WA0101701079
B1809101906619S04151956WA0102901092
B1809141906601S04151962WA0103701100
B1809181906612S04151941WA0104501109
B1809221906626S04151958WA0106001124
B1809261906610S04151969WA0106801134
B1809301906603S04151945WA0107301138
B1809341906624S04151945WA0108301148
B1809381906626S04151964WA0109501161
B1809421906605S04151956WA0109901165
B1809461906619S04151937WA0110101166
B1809501906636S04151947WA0110801174
B1809541906645S04151964WA0111901186
B1809581906626S04151965WA0112501192
B1810021906636S04151942WA0112801194
B1810061906656S04151943WA0114101210
B1810101906674S04151959WA0114801217
B1810141906662S04151974WA0115401222
B1810181906656S04151950WA0115501223
B1810221906677S04151942WA0116701236
B1810261906689S04151962WA0117301242
B1810301906674S04151972WA0117901249
B1810341906661S04151953WA0118301250
B1810381906677S04151935WA0119001259
B1810421906692S04151953WA0119401262
B1810461906676S04151957WA0120301273
B1810501906668S04151936WA0120701277
B1810541906690S04151925WA0120701276
B1810581906701S04151948WA0121501285
B1811021906688S04151955WA0122401295
B1811061906674S04151937WA0122701298
B1811101906671S04151912WA0122201294
B1811141906672S04151881WA0122501296
B1811181906675S04151851WA0123101302
B1811221906681S04151822WA0123901311
B1811261906692S04151797WA0124101313
B1811301906695S04151769WA0124001312
B1811341906697S04151741WA0123901311
B1811381906696S04151715WA0123901310
B1811421906694S04151690WA0123901310
B1811461906691S04151665WA0123801310
B1811501906690S04151636WA0123501306
B1811541906688S04151601WA0123001301
B1811581906685S04151569WA0122901301
B1812021906682S04151530WA0122101292
B1812061906676S04151492WA0121801289
B1812101906673S04151454WA0121401285
B1812141906670S04151415WA0120801279
B1812181906666S04151377WA0120201273
B1812221906663S04151339WA0119701267
B1812261906660S04151305WA0119101261
B1812301906657S04151271WA0118401253
B1812341906653S04151239WA0117901247
B1812381906647S04151206WA0117201239
B1812421906639S04151173WA0116601234
B1812461906632S04151139WA0116101229
B1812501906626S04151104WA0115401221
B1812541906620S04151070WA0114701214
B1812581906616S04151034WA0114301210
B1813021906613S04151000WA0113901206
B1813061906610S04150966WA0113301200
B1813101906607S04150930WA0112501191
B1813141906602S04150895WA0111901185
B1813181906597S04150862WA0110901174
B1813221906590S04150826WA0109601160
B1813261906582S04150789WA0108301147
B1813301906574S04150753WA0107101135
B1813341906562S04150717WA0106101123
B1813381906553S04150683WA0105401116
B1813421906545S04150647WA0104201105
B1813461906536S04150611WA0103401096
B1813501906527S04150576WA0102501087
B1813541906518S04150538WA0101401076
B1813581906511S04150504WA0100601068
B1814021906503S04150469WA0100001061
B1814061906497S04150442WA0100401067
B1814101906489S04150413WA0100001061
B1814141906481S04150380WA0099501055
B1814181906471S04150346WA0099001050
B1814221906461S04150310WA0098101041
B1814261906452S04150277WA0097101030
B1814301906450S04150242WA0095801017
B1814341906440S04150206WA0094701005
B1814381906429S04150171WA0093900996
B1814421906420S04150137WA0093200988
B1814461906411S04150102WA0092000974
B1814501906402S04150067WA0091000964
B1814541906390S04150034WA0090200956
B1814581906380S04149997WA0089000943
B1815021906365S04149960WA0088400936
B1815061906346S04149928WA0088600939
B1815101906327S04149897WA0088900942
B1815141906310S04149869WA0089700950
B1815181906296S04149842WA0090100955
B1815221906285S04149818WA0091000966
B1815261906282S04149793WA0092200977
B1815301906301S04149788WA0092600981
B1815341906294S04149807WA0093300990
B1815381906277S04149803WA0094501003
B1815421906260S04149787WA0095301011
B1815461906249S04149768WA0095801017
B1815501906261S04149747WA0096101020
B1815541906273S04149765WA0096301021
B1815581906271S04149782WA0097201031
B1816021906266S04149804WA0097701037
B1816061906262S04149823WA0098201043
B1816101906240S04149821WA0098501046
B1816141906224S04149801WA0099601058
B1816181906215S04149775WA0099801060
B1816221906206S04149750WA0100601070
B1816261906197S04149721WA0100601068
B1816301906191S04149694WA0101301076
B1816341906184S04149663WA0101301074
B1816381906177S04149629WA0101701078
B1816421906167S04149595WA0101601077
B1816461906156S04149562WA0101701078
B1816501906144S04149530WA0101201073
B1816541906131S04149498WA0100601067
B1816581906116S04149468WA0099301055
B1817021906104S04149433WA0098101042
B1817061906086S04149403WA0097401035
B1817101906069S04149373WA0096301023
B1817141906054S04149342WA0095401013
B1817181906041S04149312WA0094601005
B1817221906030S04149279WA0093700995
B1817261906019S04149244WA0092600984
B1817301906008S04149211WA0091900976
B1817341905993S04149182WA0091200969
B1817381905976S04149155WA0090100959
B1817421905962S04149124WA0089200949
B1817461905953S04149095WA0088700943
B1817501905940S04149067WA0087700933
B1817541905926S04149037WA0086700922
B1817581905917S04149003WA0085800912
B1818021905909S04148971WA0084900904
B1818061905897S04148940WA0083900892
B1818101905884S04148908WA0082800881
B1818141905869S04148878WA0082100874
B1818181905852S04148850WA0081500867
B1818221905836S04148820WA0080400856
B1818261905825S04148784WA0079600848
B1818301905816S04148750WA0079100842
B1818341905805S04148716WA0078300834
B1818381905795S04148680WA0077200822
B1818421905779S04148649WA0076400813
B1818461905762S04148622WA0075600805
B1818501905747S04148591WA0074700795
B1818541905731S04148564WA0074200791
B1818581905719S04148533WA0073400781
B1819021905706S04148504WA0073000777
B1819061905695S04148474WA0071900765
B1819101905685S04148440WA0070500750
B1819141905673S04148409WA0069900743
B1819181905660S04148384WA0069700743
B1819221905647S04148356WA0069000734
B1819261905633S04148325WA0068200726
B1819301905621S04148297WA0067700721
B1819341905611S04148264WA0066800712
B1819381905601S04148228WA0066300705
B1819421905576S04148202WA0066000702
B1819461905545S04148209WA0066100705
B1819501905521S04148223WA0066200706
B1819541905496S04148240WA0065600699
B1819581905477S04148250WA0065900702
B1820021905455S04148262WA0065300696
B1820061905444S04148282WA0064600689
B1820101905430S04148305WA0064000683
B1820141905416S04148328WA0063200675
B1820181905404S04148348WA0063000673
B1820221905396S04148370WA0062400667
B1820261905383S04148390WA0061800661
B1820301905368S04148413WA0061100654
B1820341905357S04148432WA0061000653
B1820381905344S04148457WA0060300645
B1820421905335S04148470WA0061500659
B1820461905322S04148481WA0061900662
B1820501905308S04148488WA0062400667
B1820541905291S04148494WA0062400667
B1820581905274S04148499WA0062000664
B1821021905259S04148512WA0061500657
B1821061905249S04148528WA0061400655
B1821101905242S04148551WA0061300655
B1821141905233S04148572WA0060700648
B1821181905220S04148593WA0060400646
B1821221905207S04148614WA0059800639
B1821261905194S04148637WA0059500636
B1821301905183S04148662WA0059600637
B1821341905175S04148681WA0060600647
B1821381905160S04148701WA0060600648
B1821421905140S04148714WA0060700649
B1821461905125S04148732WA0060800650
B1821501905109S04148748WA0060400644
B1821541905090S04148761WA0060100641
B1821581905068S04148775WA0059600635
B1822021905050S04148786WA0059100631
B1822061905024S04148802WA0057700615
B1822101904998S04148819WA0057200611
B1822141904974S04148829WA0057300613
B1822181904948S04148840WA0057200609
B1822221904927S04148852WA0057300612
B1822261904904S04148865WA0057200611
B1822301904885S04148873WA0057300613
B1822341904868S04148886WA0057400613
B1822381904865S04148903WA0057200610
B1822421904866S04148922WA0057000610
B1822461904874S04148944WA0056100600
B1822501904866S04148963WA0055800598
B1822541904859S04148981WA0055200590
B1822581904855S04149000WA0054900589
B1823021904849S04149020WA0054300582
B1823061904844S04149039WA0054100580
B1823101904836S04149059WA0054100579
B1823141904827S04149076WA0054600585
B1823181904813S04149087WA0055200593
B1823221904797S04149070WA0055400596
B1823261904814S04149050WA0055700597
B1823301904835S04149061WA0056300604
B1823341904834S04149079WA0056700608
B1823381904817S04149076WA0057300614
B1823421904828S04149054WA0057600617
B1823461904845S04149065WA0058300624
B1823501904831S04149075WA0058700628
B1823541904833S04149053WA0059100632
B1823581904857S04149055WA0060000642
B1824021904859S04149074WA0060200643
B1824061904839S04149072WA0059800638
B1824101904828S04149055WA0060700649
B1824141904838S04149032WA0060700650
B1824181904860S04149038WA0061300656
B1824221904871S04149056WA0061900662
B1824261904879S04149078WA0061600659
B1824301904886S04149100WA0060800650
B1824341904897S04149125WA0059900641
B1824381904910S04149151WA0059000630
B1824421904924S04149178WA0058300623
B1824461904937S04149205WA0057600616
B1824501904947S04149234WA0056800608
B1824541904955S04149264WA0055800598
B1824581904965S04149290WA0055400593
B1825021904973S04149318WA0054600584
B1825061904984S04149346WA0054300581
B1825101904994S04149366WA0054100581
B1825141905003S04149390WA0053700575
B1825181905009S04149413WA0053300571
B1825221905013S04149436WA0053000568
B1825261905016S04149457WA0053000568
B1825301905018S04149478WA0052900568
B1825341905028S04149499WA0053000569
B1825381905055S04149504WA0053300572
B1825421905074S04149489WA0053700576
B1825461905093S04149497WA0053900579
B1825501905080S04149510WA0054100582
B1825541905077S04149489WA0054400585
B1825581905098S04149496WA0054700586
B1826021905083S04149509WA0054600583
B1826061905072S04149492WA0055000589
B1826101905086S04149475WA0055100590
B1826141905109S04149479WA0055700597
B1826181905125S04149489WA0055900599
B1826221905129S04149510WA0056400604
B1826261905130S04149529WA0056900610
B1826301905130S04149548WA0057600617
B1826341905117S04149562WA0057400614
B1826381905103S04149577WA0057800619
B1826421905088S04149592WA0058200623
B1826461905069S04149603WA0059000630
B1826501905047S04149600WA0059500635
B1826541905056S04149574WA0059600636
B1826581905073S04149581WA0060900651
B1827021905079S04149604WA0061200653
B1827061905083S04149626WA0061800659
B1827101905085S04149652WA0062500667
B1827141905084S04149677WA0063400676
B1827181905082S04149702WA0064300687
B1827221905086S04149727WA0065100696
B1827261905087S04149748WA0066100708
B1827301905087S04149771WA0066300710
B1827341905088S04149792WA0066200708
B1827381905087S04149816WA0065700702
B1827421905087S04149840WA0064900695
B1827461905088S04149871WA0064000684
B1827501905090S04149894WA0063500681
B1827541905087S04149920WA0062500670
B1827581905085S04149944WA0062100665
B1828021905081S04149970WA0061200656
B1828061905078S04149994WA0060600650
B1828101905074S04150019WA0059900642
B1828141905072S04150044WA0059300637
B1828181905075S04150072WA0058900632
B1828221905079S04150097WA0058400627
B1828261905082S04150127WA0057800620
B1828301905084S04150153WA0057400617
B1828341905085S04150180WA0056900611
B1828381905088S04150205WA0056700610
B1828421905091S04150229WA0056400606
B1828461905095S04150255WA0056100603
B1828501905098S04150277WA0056000602
B1828541905101S04150303WA0055500596
B1828581905106S04150327WA0055100593
B1829021905109S04150353WA0054800590
B1829061905112S04150377WA0054200584
B1829101905118S04150402WA0053600577
B1829141905121S04150429WA0052800569
B1829181905121S04150455WA0052300563
B1829221905124S04150482WA0051700557
B1829261905126S04150507WA0051000550
B1829301905124S04150531WA0050400544
B1829341905124S04150556WA0049800538
B1829381905125S04150580WA0049300532
B1829421905125S04150606WA0048700525
B1829461905125S04150631WA0048300522
B1829501905124S04150655WA0047800516
B1829541905122S04150678WA0047300511
B1829581905122S04150703WA0046800506
B1830021905121S04150727WA0046300501
B1830061905120S04150752WA0045700494
B1830101905119S04150776WA0044900486
B1830141905119S04150801WA0044200478
B1830181905119S04150826WA0044100476
B1830221905120S04150851WA0044000476
B1830261905121S04150877WA0043900475
B1830301905125S04150904WA0043700472
B1830341905131S04150928WA0043800474
B1830381905134S04150954WA0043800473
B1830421905138S04150977WA0044300478
B1830461905142S04150999WA0044800484
B1830501905147S04151023WA0044100476
B1830541905155S04151050WA0043300469
B1830581905164S04151075WA0042700461
B1831021905172S04151100WA0042100455
B1831061905178S04151126WA0041400448
B1831101905182S04151154WA0040900443
B1831141905188S04151181WA0040400438
B1831181905194S04151207WA0040400439
B1831221905198S04151233WA0039800432
B1831261905203S04151259WA0039300426
B1831301905211S04151286WA0038600418
B1831341905216S04151313WA0038300415
B1831381905224S04151340WA0038100413
B1831421905231S04151364WA0038200414
B1831461905239S04151390WA0038400417
B1831501905244S04151413WA0038600418
B1831541905250S04151440WA0038400416
B1831581905258S04151465WA0037600407
B1832021905263S04151490WA0037300405
B1832061905266S04151516WA0036900400
B1832101905272S04151542WA0036700398
B1832141905276S04151569WA0036600398
B1832181905276S04151597WA0036300395
B1832221905278S04151621WA0036200394
B1832261905286S04151641WA0035400385
B1832301905301S04151661WA0034600376
B1832341905312S04151679WA0034100371
B1832381905311S04151700WA0033700366
B1832421905308S04151718WA0033500364
B1832461905303S04151738WA0033400364
B1832501905293S04151754WA0033200362
B1832541905275S04151763WA0032900358
B1832581905256S04151768WA0032600354
B1833021905235S04151768WA0032200350
B1833061905216S04151760WA0032300351
B1833101905214S04151738WA0031500342
B1833141905234S04151736WA0031100338
B1833181905253S04151743WA0030800334
B1833221905272S04151749WA0030700332
B1833261905291S04151753WA0030500330
B1833301905311S04151754WA0030500330
B1833341905329S04151749WA0030200327
B1833381905342S04151738WA0030000325
B1833421905337S04151720WA0029700321
B1833461905321S04151717WA0029400319
B1833501905304S04151717WA0028900313
B1833541905288S04151716WA0028500308
B1833581905273S04151709WA0027900301
B1834021905258S04151696WA0027400296
B1834061905243S04151686WA0027000291
B1834101905229S04151673WA0026500285
B1834141905235S04151655WA0025800278
B1834181905254S04151656WA0025600275
B1834221905272S04151654WA0025000267
B1834261905283S04151642WA0024400261
B1834301905277S04151621WA0023700253
B1834341905264S04151605WA0023500251
B1834381905261S04151589WA0023100247
B1834421905260S04151586WA0022900246
B1834461905260S04151586WA0022900247
B1834501905260S04151586WA0022900247
B1834541905260S04151586WA0022900248
B1834581905260S04151586WA0022900248
B1835021905260S04151586WA0022900248
B1835061905260S04151586WA0022900247
B1835101905260S04151586WA0022900247
B1835141905260S04151586WA0022900247
B1835181905259S04151587WA0022900246
B1835221905258S04151587WA0022900247
B1835261905258S04151587WA0022900246
B1835301905259S04151588WA0022900246
B1835341905260S04151589WA0022900246
B1835381905261S04151589WA0022900246
B1835421905263S04151589WA0022900246
B1835461905264S04151589WA0022900246
B1835501905264S04151589WA0022900245
B1835541905264S04151589WA0022900245
B1835581905264S04151589WA0022900245
B1836021905267S04151590WA0022900245
B1836061905268S04151591WA0023000246
B1836101905270S04151591WA0022900245
B1836141905272S04151591WA0022900244
B1836181905274S04151591WA0022900244
B1836221905275S04151591WA0022900244
B1836261905276S04151591WA0022900244
B1836301905277S04151591WA0022900243
B1836341905278S04151590WA0022900243
B1836381905279S04151590WA0022900243
B1836421905280S04151590WA0022900243
B1836461905280S04151590WA0022900243
B1836501905280S04151590WA0022900243
B1836541905280S04151590WA0022900243
B1836581905280S04151590WA0022900244
B1837021905280S04151590WA0022900244
B1837061905280S04151590WA0022900245
B1837101905280S04151590WA0022900244
B1837141905280S04151590WA0023000244
B1837181905280S04151590WA0023000244
B1837221905280S04151590WA0022900245
B1837261905279S04151590WA0022900246
B1837301905279S04151590WA0022900247
B1837341905279S04151590WA0022900247
B1837381905279S04151590WA0023000247
B1837421905279S04151590WA0022900248
B1837461905279S04151590WA0022900248
B1837501905279S04151590WA0022900248
B1837541905279S04151590WA0022900248
B1837581905279S04151590WA0022900248
B1838021905279S04151590WA0023000247
B1838061905279S04151590WA0022900247
B1838101905279S04151590WA0022900247
B1838141905279S04151590WA0022900247
B1838181905279S04151590WA0022900247
B1838221905279S04151590WA0022900247
B1838261905279S04151590WA0022900246
B1838301905279S04151590WA0022900246
B1838341905279S04151590WA0022900246
B1838381905279S04151590WA0022900246
B1838421905279S04151590WA0022900246
B1838461905279S04151590WA0022900246
B1838501905279S04151590WA0022900246
B1838541905279S04151590WA0022900246
B1838581905279S04151590WA0022900246
B1839021905279S04151590WA0022900246
B1839061905279S04151590WA0022900245
B1839101905279S04151590WA0022900246
B1839141905279S04151590WA0022900245
B1839181905279S04151590WA0022900245
B1839221905279S04151590WA0022900245
B1839261905279S04151590WA0022900245
B1839301905279S04151590WA0022700246
B1839341905280S04151590WA0022700246
B1839381905280S04151590WA0022800245
B1839421905280S04151590WA0022800245
B1839461905280S04151590WA0022800244
B1839501905280S04151590WA0022800244
B1839541905280S04151590WA0022800244
B1839581905280S04151590WA0022800244
B1840021905280S04151590WA0022700244
B1840061905279S04151590WA0022600243
B1840101905279S04151590WA0022600243
B1840141905279S04151590WA0022600243
B1840181905279S04151590WA0022600243
B1840221905279S04151590WA0022600243
B1840261905279S04151590WA0022600243
B1840301905279S04151590WA0022600243
B1840341905279S04151590WA0022600243
B1840381905279S04151590WA0022600243
B1840421905279S04151590WA0022600243
B1840461905279S04151590WA0022600243
B1840501905279S04151590WA0022700243
B1840541905279S04151590WA0022700244
B1840581905279S04151590WA0022700244
B1841021905279S04151590WA0022700244
B1841061905279S04151590WA0022700244
B1841101905279S04151590WA0022700243
B1841141905279S04151590WA0022600243
B1841181905279S04151590WA0022700243
B1841221905279S04151590WA0022600242
B1841261905279S04151590WA0022600242
B1841301905279S04151590WA0022700242
B1841341905279S04151590WA0022700242
B1841381905279S04151590WA0022600242
B1841421905279S04151590WA0022700242
B1841461905279S04151590WA0022700243
B1841501905279S04151590WA0022700243
B1841541905279S04151590WA0022700243
B1841581905279S04151590WA0022700243
B1842021905279S04151590WA0022700243
B1842061905279S04151590WA0022700243
B1842101905279S04151590WA0022700243
B1842141905279S04151590WA0022700243
B1842181905279S04151590WA0022700243
B1842221905279S04151590WA0022700243
B1842261905279S04151590WA0022700243
B1842301905279S04151590WA0022700244
B1842341905279S04151590WA0022700244
B1842381905279S04151590WA0022700244
B1842421905279S04151590WA0022700244
B1842461905279S04151590WA0022700244
B1842501905279S04151590WA0022700244
B1842541905279S04151590WA0022700244
B1842581905279S04151590WA0022700244
B1843021905279S04151590WA0022700244
B1843061905279S04151591WA0022700244
B1843101905279S04151591WA0022800244
B1843141905279S04151591WA0022800244
B1843181905279S04151591WA0022900244
B1843221905279S04151591WA0022900244
B1843261905279S04151591WA0022900244
B1843301905279S04151591WA0022900244
B1843341905280S04151591WA0022900244
B1843381905280S04151591WA0022900244
B1843421905280S04151591WA0022900243
B1843461905280S04151591WA0022900243
B1843501905280S04151591WA0022900243
B1843541905280S04151591WA0022900243
B1843581905280S04151591WA0022900243
B1844021905280S04151591WA0022900243
B1844061905280S04151591WA0022900243
B1844101905280S04151591WA0022900242
B1844141905280S04151591WA0022900242
B1844181905280S04151591WA0022900242
B1844221905280S04151591WA0022900242
B1844261905280S04151591WA0022900242
B1844301905280S04151591WA0022900242
B1844341905280S04151591WA0022900242
B1844381905280S04151591WA0022800242
B1844421905279S04151591WA0022900242
B1844461905279S04151590WA0022800242
B1844501905280S04151590WA0022700242
B1844541905280S04151590WA0022700242
B1844581905280S04151591WA0022700242
B1845021905280S04151591WA0022700242
B1845061905280S04151591WA0022700242
B1845101905280S04151591WA0022700241
B1845141905280S04151590WA0022700241
B1845181905280S04151590WA0022700241
B1845221905279S04151590WA0022700241
B1845261905279S04151590WA0022700241
B1845301905279S04151590WA0022700241
B1845341905279S04151590WA0022700241
B1845381905279S04151590WA0022700241
B1845421905279S04151590WA0022700242
B1845461905279S04151590WA0022700242
B1845501905279S04151590WA0022700242
B1845541905279S04151590WA0022700242
B1845581905279S04151590WA0022700243
B1846021905280S04151590WA0022700243
B1846061905280S04151590WA0022700243
B1846101905279S04151590WA0022700244
B1846141905280S04151590WA0022700244
B1846181905279S04151590WA0022700244
B1846221905280S04151590WA0022800244
B1846261905280S04151590WA0022700244
B1846301905280S04151590WA0022700244
B1846341905280S04151590WA0022700244
B1846381905280S04151590WA0022700244
B1846421905280S04151590WA0022700245
B1846461905280S04151590WA0022700245
B1846501905280S04151590WA0022700244
B1846541905280S04151590WA0022700244
B1846581905280S04151590WA0022700245
B1847021905280S04151590WA0022800244
B1847061905280S04151590WA0022800244
B1847101905280S04151590WA0022800244
B1847141905280S04151590WA0022800244
B1847181905280S04151589WA0022800244
B1847221905280S04151589WA0022900244
B1847261905280S04151589WA0022900244
B1847301905280S04151589WA0022900243
B1847341905280S04151589WA0022700243
B1847381905280S04151589WA0022900243
B1847421905281S04151590WA0023000244
B1847461905282S04151593WA0023000244
B1847501905283S04151594WA0023000245
B1847541905284S04151596WA0023000245
B1847581905286S04151598WA0023000245
B1848021905288S04151599WA0023000246
B1848061905289S04151601WA0023000246
B1848101905291S04151604WA0023000246
B1848141905294S04151604WA0023000246
B1848181905297S04151605WA0023000247
B1848221905299S04151607WA0023000248
B1848261905301S04151607WA0023000248
B1848301905302S04151609WA0023000248
B1848341905302S04151610WA0023000248
B1848381905302S04151610WA0023000248
B1848421905302S04151610WA0023000249
B1848461905303S04151611WA0023000249
B1848501905304S04151612WA0023000249
B1848541905305S04151612WA0023000249
B1848581905305S04151612WA0023000248
B1849021905305S04151612WA0023000248
B1849061905305S04151612WA0023000248
B1849101905306S04151611WA0023000248
B1849141905306S04151611WA0023000248
B1849181905306S04151611WA0022900248
B1849221905306S04151611WA0023000248
B1849261905306S04151611WA0023000247
B1849301905306S04151611WA0023000246
B1849341905306S04151612WA0023000245
B1849381905306S04151612WA0023000246
B1849421905306S04151612WA0022900246
B1849461905306S04151612WA0022900246
B1849501905307S04151612WA0023000247
B1849541905307S04151612WA0023000247
B1849581905307S04151612WA0023000246
B1850021905307S04151612WA0023000246
B1850061905307S04151612WA0023000246
B1850101905307S04151612WA0023000246
B1850141905307S04151612WA0023000246
B1850181905308S04151613WA0023000246
B1850221905309S04151614WA0023000247
B1850261905309S04151614WA0023000247
B1850301905309S04151614WA0023000247
B1850341905310S04151613WA0023000248
B1850381905309S04151613WA0023000248
B1850421905307S04151612WA0023000248
B1850461905305S04151613WA0023000248
B1850501905305S04151613WA0023000248
B1850541905305S04151613WA0023000248
B1850581905305S04151613WA0023000248
B1851021905306S04151613WA0023000248
B1851061905307S04151613WA0023000247
B1851101905308S04151614WA0023000247
B1851141905309S04151616WA0023000247
B1851181905309S04151617WA0023000247
B1851221905310S04151618WA0023000247
B1851261905309S04151618WA0023000246
B1851301905309S04151619WA0023000246
B1851341905310S04151619WA0023000246
B1851381905310S04151619WA0023000246
B1851421905310S04151619WA0023000246
B1851461905309S04151619WA0023000246
B1851501905309S04151619WA0023000246
B1851541905309S04151619WA0023000246
B1851581905309S04151619WA0023000246
B1852021905309S04151619WA0023000246
B1852061905309S04151619WA0023000245
B1852101905309S04151619WA0023000245
B1852141905310S04151619WA0023000246
B1852181905310S04151619WA0023000246
B1852221905310S04151619WA0023000246
B1852261905310S04151619WA0023000246
B1852301905310S04151619WA0023000246
B1852341905309S04151619WA0023000246
B1852381905309S04151619WA0023000246
B1852421905309S04151619WA0023000246
B1852461905309S04151619WA0023000246
B1852501905309S04151619WA0023000246
B1852541905309S04151619WA0022900246
B1852581905309S04151619WA0023000246
B1853021905309S04151619WA0023000246
B1853061905308S04151619WA0023100245
B1853101905308S04151620WA0023100246
B1853141905306S04151620WA0023000245
B1853181905306S04151620WA0022900245
B1853221905306S04151620WA0022900245
B1853261905306S04151620WA0022900245
B1853301905306S04151620WA0022900245
B1853341905306S04151620WA0022900245
B1853381905306S04151620WA0022900246
B1853421905306S04151620WA0022900246
B1853461905307S04151620WA0022900246
B1853501905307S04151620WA0022900246
B1853541905307S04151620WA0022900246
B1853581905307S04151620WA0022900246
B1854021905307S04151619WA0022900246
B1854061905307S04151619WA0022900246
B1854101905307S04151619WA0022900245
B1854141905307S04151619WA0022900245
B1854181905307S04151619WA0022900245
B1854221905307S04151619WA0022900245
B1854261905307S04151619WA0022900245
B1854301905307S04151619WA0022900245
B1854341905307S04151619WA0022900246
B1854381905307S04151619WA0022900246
B1854421905307S04151619WA0022900246
B1854461905307S04151619WA0022900247
B1854501905307S04151619WA0022900246
B1854541905307S04151619WA0022900246
B1854581905307S04151619WA0022900246
B1855021905307S04151619WA0022900245
B1855061905307S04151619WA0022900245
B1855101905307S04151619WA0022900245
B1855141905307S04151619WA0022900245
B1855181905307S04151619WA0022900244
B1855221905307S04151619WA0022900244
B1855261905307S04151619WA0022900244
B1855301905307S04151619WA0022900244
B1855341905307S04151619WA0022900244
B1855381905307S04151619WA0022900244
B1855421905307S04151619WA0022900244
B1855461905307S04151619WA0022900244
B1855501905307S04151619WA0022900244
B1855541905307S04151619WA0022900244
B1855581905307S04151619WA0022900244
B1856021905307S04151619WA0022900244
B1856061905307S04151619WA0022900244
B1856101905307S04151619WA0022900244
B1856141905307S04151619WA0022900244
B1856181905307S04151619WA0023000244
B1856221905307S04151619WA0023000244
B1856261905307S04151619WA0023000244
B1856301905307S04151619WA0023000244
B1856341905307S04151619WA0023000244
B1856381905307S04151619WA0023000244
B1856421905307S04151619WA0023000244
B1856461905307S04151619WA0023000244
B1856501905307S04151619WA0023000244
B1856541905307S04151619WA0023000244
B1856581905307S04151620WA0023000245
B1857021905307S04151620WA0022900245
B1857061905307S04151620WA0022900245
B1857101905307S04151620WA0023000245
B1857141905307S04151620WA0022900245
B1857181905307S04151620WA0022900245
B1857221905307S04151620WA0023000245
B1857261905307S04151620WA0022900245
B1857301905307S04151620WA0022900245
B1857341905307S04151620WA0022900245
B1857381905307S04151620WA0022900244
B1857421905307S04151620WA0022900245
B1857461905307S04151620WA0023000245
B1857501905307S04151620WA0022900244
B1857541905307S04151620WA0023000244
B1857581905307S04151620WA0022900244
B1858021905307S04151620WA0022900244
B1858061905307S04151620WA0023000244
B1858101905307S04151620WA0023000244
B1858141905307S04151620WA0023000244
B1858181905307S04151620WA0022900244
B1858221905307S04151620WA0023000244
B1858261905307S04151620WA0023000244
B1858301905307S04151619WA0023000244
B1858341905307S04151619WA0023000243
B1858381905307S04151619WA0023000243
B1858421905307S04151619WA0023000244
B1858461905307S04151619WA0022900243
B1858501905307S04151619WA0022900243
B1858541905307S04151619WA0022900243
B1858581905307S04151620WA0023000243
B1859021905307S04151620WA0022900243
B1859061905307S04151620WA0022900243
B1859101905307S04151620WA0023000243
B1859141905307S04151620WA0023000243
B1859181905307S04151620WA0023000243
B1859221905307S04151620WA0023000243
B1859261905307S04151620WA0023000243
B1859301905307S04151620WA0023000243
B1859341905307S04151620WA0023000242
B1859381905307S04151620WA0023000242
B1859421905307S04151620WA0023000242
B1859461905307S04151620WA0023000242
B1859501905307S04151620WA0023000242
B1859541905307S04151620WA0023000242
B1859581905307S04151620WA0023000242
B1900021905307S04151620WA0022900242
B1900061905307S04151620WA0023000242
B1900101905307S04151620WA0023000242
B1900141905307S04151620WA0023000242
B1900181905307S04151620WA0023000242
B1900221905307S04151620WA0023000242
B1900261905307S04151620WA0023000242
B1900301905307S04151620WA0023000242
B1900341905307S04151620WA0023000242
B1900381905307S04151620WA0023000242
B1900421905307S04151619WA0023000242
B1900461905307S04151619WA0023000242
B1900501905307S04151619WA0023000242
B1900541905307S04151619WA0023000242
B1900581905307S04151619WA0023000242
B1901021905307S04151619WA0023000242
B1901061905307S04151619WA0023000242
B1901101905307S04151619WA0023000242
B1901141905307S04151619WA0023000243
B1901181905307S04151619WA0023000243
B1901221905307S04151619WA0023000242
B1901261905307S04151619WA0023000242
B1901301905307S04151620WA0023000242
B1901341905307S04151620WA0023000242
B1901381905307S04151620WA0023000242
B1901421905307S04151620WA0023000242
B1901461905307S04151620WA0023000242
B1901501905307S04151620WA0023000242
B1901541905307S04151619WA0023000242
B1901581905307S04151619WA0023000242
B1902021905307S04151619WA0023000243
B1902061905307S04151619WA0023000243
B1902101905306S04151619WA0023000243
B1902141905306S04151619WA0023000243
B1902181905306S04151619WA0023000243
B1902221905306S04151619WA0023000243
B1902261905306S04151619WA0023000243
B1902301905306S04151619WA0023000244
B1902341905306S04151619WA0023000244
B1902381905306S04151619WA0023000244
B1902421905306S04151619WA0023000244
B1902461905306S04151619WA0023000244
B1902501905306S04151619WA0023000244
B1902541905306S04151619WA0023000244
B1902581905306S04151619WA0023000244
B1903021905306S04151619WA0023000244
B1903061905306S04151620WA0023000243
B1903101905306S04151620WA0023000243
B1903141905307S04151620WA0023000243
B1903181905307S04151620WA0023000243
B1903221905307S04151620WA0022900244
B1903261905307S04151620WA0023000244
B1903301905307S04151620WA0023000244
B1903341905307S04151620WA0023000244
B1903381905307S04151620WA0023000244
B1903421905307S04151620WA0023000244
B1903461905307S04151620WA0023000244
B1903501905307S04151620WA0023000244
B1903541905307S04151620WA0023000244
B1903581905307S04151620WA0023000244
B1904021905307S04151620WA0023000244
B1904061905307S04151620WA0023000244
B1904101905307S04151620WA0023000244
B1904141905307S04151620WA0023000244
B1904181905307S04151620WA0023000244
B1904221905307S04151620WA0023000244
B1904261905307S04151620WA0023000244
B1904301905307S04151620WA0023000244
B1904341905307S04151619WA0023000243
B1904381905307S04151619WA0022900243
B1904421905307S04151619WA0022900243
B1904461905307S04151619WA0022900243
B1904501905307S04151619WA0022900243
B1904541905307S04151619WA0022900243
B1904581905307S04151619WA0022900242
B1905021905307S04151619WA0022900242
B1905061905307S04151619WA0022900242
B1905101905307S04151619WA0022900242
B1905141905307S04151619WA0022900242
B1905181905307S04151619WA0022900242
B1905221905307S04151619WA0022900242
B1905261905307S04151619WA0022900242
B1905301905307S04151619WA0022900242
B1905341905307S04151619WA0022900242
B1905381905307S04151619WA0022900242
B1905421905307S04151619WA0022900242
B1905461905307S04151619WA0022900242
B1905501905307S04151619WA0022900242
B1905541905307S04151619WA0022900242
B1905581905307S04151619WA0022900242
B1906021905307S04151619WA0022900242
B1906061905307S04151619WA0022900242
B1906101905307S04151619WA0022900242
B1906141905307S04151619WA0022900242
B1906181905307S04151619WA0022900242
B1906221905307S04151619WA0022900242
B1906261905307S04151619WA0022900242
B1906301905307S04151619WA0022900242
B1906341905307S04151619WA0022900242
B1906381905307S04151619WA0022900242
B1906421905307S04151619WA0022900242
B1906461905307S04151619WA0022900242
B1906501905307S04151619WA0022900242
B1906541905307S04151619WA0022900243
B1906581905307S04151619WA0023000242
B1907021905307S04151619WA0022900243
B1907061905307S04151619WA0022900243
B1907101905307S04151619WA0022900243
B1907141905307S04151619WA0022900243
B1907181905307S04151619WA0022900243
B1907221905307S04151619WA0022900243
B1907261905307S04151619WA0022900243
B1907301905307S04151619WA0022900243
B1907341905307S04151619WA0022900243
B1907381905307S04151619WA0022900244
B1907421905307S04151619WA0022900243
B1907461905307S04151619WA0022900243
B1907501905307S04151619WA0022900244
B1907541905307S04151619WA0022900244
B1907581905307S04151619WA0022900244
B1908021905307S04151619WA0022900244
B1908061905307S04151619WA0022900243
B1908101905307S04151619WA0022900243
B1908141905307S04151619WA0022900243
B1908181905307S04151619WA0022900243
B1908221905307S04151619WA0023000243
B1908261905307S04151619WA0023000243
B1908301905307S04151619WA0023000242
B1908341905307S04151619WA0023000242
B1908381905307S04151619WA0023000242
B1908421905307S04151619WA0023000242
B1908461905307S04151619WA0023000242
B1908501905307S04151619WA0023000242
B1908541905307S04151619WA0023000242
B1908581905307S04151619WA0023000242
B1909021905307S04151619WA0023000242
B1909061905307S04151619WA0023000242
B1909101905307S04151619WA0023000242
B1909141905307S04151619WA0023000242
B1909181905307S04151619WA0023000243
B1909221905307S04151619WA0023000243
B1909261905307S04151619WA0023000243
B1909301905307S04151619WA0023000243
B1909341905307S04151619WA0023000243
B1909381905307S04151619WA0023000243
B1909421905307S04151619WA0023000243
B1909461905307S04151619WA0023000243
B1909501905306S04151619WA0023000243
B1909541905306S04151619WA0023000243
B1909581905306S04151619WA0023000243
B1910021905306S04151619WA0023000243
B1910061905306S04151619WA0023000243
B1910101905306S04151619WA0023000243
B1910141905306S04151619WA0023000243
B1910181905306S04151619WA0023000243
B1910221905306S04151619WA0023000243
B1910261905306S04151619WA0023000243
B1910301905306S04151619WA0023000243
B1910341905306S04151619WA0022900243
B1910381905306S04151619WA0022900243
B1910421905306S04151619WA0022900243
B1910461905306S04151619WA0022900243
B1910501905306S04151619WA0022900242
B1910541905306S04151619WA0022900242
B1910581905306S04151619WA0022900242
B1911021905306S04151619WA0022900242
B1911061905306S04151619WA0022900242
B1911101905306S04151619WA0022900242
B1911141905306S04151619WA0022900242
B1911181905306S04151619WA0022900242
B1911221905306S04151619WA0022900241
B1911261905306S04151619WA0022900241
B1911301905306S04151619WA0022900241
B1911341905306S04151619WA0023000241
B1911381905307S04151619WA0023000241
B1911421905307S04151619WA0023000241
B1911461905307S04151619WA0023000241
B1911501905306S04151620WA0022800242
B1911541905306S04151619WA0023100242
B1911581905306S04151620WA0023000243
B1912021905307S04151620WA0023100243
B1912061905307S04151620WA0023000243
B1912101905307S04151620WA0023100244
B1912141905306S04151619WA0023100244
B1912181905305S04151620WA0023100244
B1912221905305S04151620WA0023000244
B1912261905305S04151620WA0023100244
B1912301905305S04151620WA0023100245
B1912341905306S04151620WA0023100245
B1912381905306S04151619WA0023100244
B1912421905306S04151619WA0023100244
B1912461905306S04151619WA0023100244
B1912501905306S04151619WA0023000244
B1912541905306S04151619WA0023100244
B1912581905306S04151619WA0023000244
B1913021905306S04151619WA0023100245
B1913061905307S04151618WA0023100245
B1913101905307S04151618WA0023100244
B1913141905307S04151618WA0023100245
B1913181905306S04151619WA0023100245
B1913221905306S04151619WA0023100244
B1913261905306S04151620WA0023100244
B1913301905306S04151620WA0023000244
B1913341905305S04151620WA0023000244
B1913381905305S04151620WA0023000244
B1913421905305S04151620WA0023000244
B1913461905306S04151619WA0023000244
B1913501905306S04151619WA0023100244
B1913541905308S04151618WA0023000244
B1913581905309S04151618WA0023000243
B1914021905311S04151617WA0023000243
B1914061905313S04151617WA0023000243
B1914101905315S04151617WA0023000243
B1914141905317S04151618WA0023100243
B1914181905318S04151619WA0023100243
B1914221905319S04151621WA0023000244
B1914261905320S04151622WA0023000244
B1914301905321S04151622WA0023000245
B1914341905321S04151622WA0023000245
B1914381905321S04151622WA0023000245
B1914421905322S04151624WA0023000245
B1914461905323S04151625WA0023000245
B1914501905325S04151625WA0023000245
B1914541905326S04151624WA0023100246
B1914581905326S04151625WA0023100247
B1915021905327S04151624WA0023100247
B1915061905327S04151625WA0023100247
B1915101905327S04151624WA0023100247
B1915141905327S04151624WA0023100246
B1915181905327S04151625WA0023000246
B1915221905327S04151625WA0023000245
B1915261905327S04151624WA0023000245
B1915301905327S04151625WA0023100245
B1915341905327S04151625WA0023000244
B1915381905327S04151625WA0023000244
B1915421905327S04151625WA0023000243
B1915461905327S04151625WA0023000243
B1915501905327S04151625WA0023000243
B1915541905327S04151625WA0023100242
B1915581905327S04151625WA0023000242
B1916021905327S04151625WA0023000243
B1916061905327S04151625WA0023000243
B1916101905327S04151625WA0023000243
B1916141905327S04151625WA0023100242
B1916181905327S04151625WA0023100242
B1916221905327S04151625WA0023100242
B1916261905328S04151625WA0023100243
B1916301905328S04151625WA0023100243
B1916341905328S04151625WA0023100243
B1916381905328S04151625WA0023100243
B1916421905328S04151625WA0023100242
B1916461905328S04151625WA0023100242
B1916501905328S04151625WA0023100242
B1916541905328S04151625WA0023100242
B1916581905328S04151625WA0023100242
B1917021905328S04151625WA0023100242
B1917061905328S04151625WA0023100242
B1917101905328S04151625WA0023100243
B1917141905328S04151625WA0023100243
B1917181905328S04151625WA0023100243
B1917221905328S04151625WA0023100243
B1917261905328S04151625WA0023100243
B1917301905328S04151625WA0023100242
B1917341905328S04151625WA0023100243
B1917381905328S04151626WA0023100242
B1917421905328S04151625WA0023100242
B1917461905328S04151625WA0023100243
B1917501905328S04151625WA0023100243
B1917541905328S04151625WA0023100242
B1917581905328S04151625WA0023100242
B1918021905329S04151625WA0023100242
B1918061905329S04151625WA0023100242
B1918101905329S04151625WA0023100242
B1918141905329S04151625WA0023100242
B1918181905329S04151625WA0023100242
B1918221905329S04151625WA0023000242
B1918261905329S04151625WA0023100242
B1918301905329S04151625WA0023100242
B1918341905329S04151625WA0023000243
B1918381905329S04151625WA0023100243
B1918421905329S04151625WA0023100243
B1918461905329S04151625WA0023100243
B1918501905329S04151625WA0023100243
B1918541905329S04151625WA0023100243
B1918581905328S04151625WA0023100243
B1919021905327S04151625WA0023100242
B1919061905326S04151626WA0023000242
B1919101905325S04151626WA0023000243
B1919141905324S04151626WA0023000243
B1919181905323S04151625WA0023000243
B1919221905323S04151628WA0023000243
B1919261905324S04151631WA0023100243
B1919301905326S04151631WA0023100243
B1919341905327S04151631WA0023100241
B1919381905330S04151631WA0023100242
B1919421905331S04151631WA0023200243
B1919461905331S04151632WA0023200244
B1919501905332S04151635WA0023200245
B1919541905332S04151639WA0023300245
B1919581905333S04151646WA0023300245
B1920021905334S04151656WA0023400245
B1920061905334S04151688WA0023900245
B1920101905327S04151726WA0024100246
B1920141905307S04151760WA0024100247
B1920181905274S04151784WA0024200248
B1920221905234S04151804WA0024400248
B1920261905193S04151825WA0024500246
B1920301905155S04151843WA0024200247
B1920341905137S04151850WA0023600247
B1920381905142S04151852WA0023500247
B1920421905162S04151842WA0023900245
B1920461905192S04151827WA0023800244
B1920501905210S04151817WA0023500246
B1920541905241S04151801WA0024100251
B1920581905279S04151780WA0024400252
B1921021905315S04151750WA0024400250
B1921061905335S04151705WA0024400254
B1921101905335S04151656WA0024100250
B1921141905333S04151610WA0023900250
B1921181905331S04151565WA0023900251
B1921221905329S04151520WA0023700252
B1921261905330S04151483WA0023300253
B1921301905338S04151454WA0023000252
B1921341905349S04151430WA0022900251
B1921381905363S04151410WA0022800253
B1921421905375S04151391WA0022700252
B1921461905387S04151373WA0022700252
B1921501905401S04151341WA0023100252
B1921541905405S04151296WA0023300253
B1921581905403S04151238WA0023600255
B1922021905399S04151182WA0023500256
B1922061905379S04151130WA0023600257
B1922101905345S04151083WA0023600257
B1922141905318S04151035WA0023400255
B1922181905303S04150982WA0023200254
B1922221905298S04150949WA0022200248
B1922261905296S04150933WA0022100246
B1922301905293S04150894WA0022700242
B1922341905301S04150849WA0022800241
B1922381905328S04150820WA0022600235
B1922421905341S04150805WA0022200231
B1922461905338S04150781WA0022100230
B1922501905335S04150753WA0022000229
B1922541905331S04150723WA0021700227
B1922581905326S04150699WA0021600226
B1923021905317S04150668WA0021600225
B1923061905307S04150634WA0021500224
B1923101905304S04150614WA0021400222
B1923141905302S04150579WA0021500220
B1923181905294S04150537WA0021400218
B1923221905281S04150497WA0021400216
B1923261905276S04150473WA0021200217
B1923301905293S04150456WA0021200217
B1923341905309S04150443WA0021200217
B1923381905306S04150445WA0021100217
B1923421905295S04150452WA0021200216
B1923461905285S04150461WA0021100217
B1923501905278S04150467WA0021100216
B1923541905276S04150470WA0021100216
B1923581905274S04150468WA0021100216
B1924021905270S04150459WA0021100217
B1924061905265S04150445WA0021100219
B1924101905254S04150433WA0021100222
B1924141905240S04150424WA0021100224
B1924181905221S04150413WA0021200225
B1924221905195S04150391WA0021500228
B1924261905171S04150366WA0022100232
B1924301905153S04150355WA0021900234
B1924341905151S04150355WA0021800235
B1924381905151S04150354WA0021800236
B1924421905151S04150355WA0021800233
B1924461905152S04150355WA0021800231
B1924501905164S04150365WA0022000228
B1924541905184S04150385WA0022100226
B1924581905209S04150406WA0021800222
B1925021905229S04150420WA0021300222
B1925061905243S04150429WA0021200224
B1925101905257S04150439WA0021200228
B1925141905265S04150456WA0021200226
B1925181905268S04150466WA0021100225
B1925221905268S04150468WA0021100224
B1925261905271S04150470WA0021100225
B1925301905282S04150463WA0021200227
B1925341905301S04150448WA0021400227
B1925381905318S04150436WA0021300226
B1925421905330S04150418WA0021300229
B1925461905334S04150394WA0021300232
B1925501905336S04150368WA0021400233
B1925541905344S04150342WA0021500236
B1925581905355S04150315WA0021700236
B1926021905362S04150283WA0021900238
B1926061905368S04150249WA0021900240
B1926101905374S04150216WA0021800238
B1926141905382S04150185WA0021600237
B1926181905386S04150162WA0021400234
B1926221905389S04150142WA0021500231
B1926261905392S04150128WA0021600228
B1926301905395S04150116WA0021600227
B1926341905400S04150103WA0021700228
B1926381905406S04150082WA0021900226
B1926421905411S04150058WA0021700228
B1926461905412S04150049WA0021500230
B1926501905417S04150030WA0021600230
B1926541905422S04150004WA0021300226
B1926581905426S04149984WA0020800223
B1927021905433S04149973WA0020800223
B1927061905452S04149966WA0021100226
B1927101905471S04149958WA0021400231
B1927141905488S04149955WA0021700234
B1927181905510S04149960WA0022000238
B1927221905527S04149970WA0021900234
B1927261905539S04149991WA0021600229
B1927301905552S04150011WA0021500227
B1927341905568S04150030WA0021500224
B1927381905591S04150043WA0021700224
B1927421905617S04150048WA0021500221
B1927461905640S04150063WA0021600221
B1927501905664S04150073WA0021400215
B1927541905685S04150084WA0021100210
B1927581905701S04150106WA0021200205
B1928021905713S04150121WA0021000203
B1928061905715S04150130WA0021000201
B1928101905716S04150148WA0021200202
B1928141905720S04150164WA0021300207
B1928181905724S04150181WA0021400206
B1928221905728S04150199WA0021600209
B1928261905734S04150221WA0021700214
B1928301905728S04150239WA0021900220
B1928341905717S04150256WA0022000227
B1928381905715S04150258WA0021900230
B1928421905717S04150259WA0021900232
B1928461905727S04150265WA0021900232
B1928501905748S04150268WA0022100230
B1928541905772S04150269WA0022000227
B1928581905790S04150284WA0022100225
B1929021905805S04150304WA0022400231
B1929061905821S04150330WA0022300227
B1929101905833S04150353WA0022200227
B1929141905844S04150360WA0021900223
B1929181905862S04150367WA0022100222
B1929221905882S04150384WA0022400222
B1929261905901S04150405WA0022300221
B1929301905912S04150416WA0022000219
B1929341905924S04150433WA0022000217
B1929381905935S04150455WA0021900215
B1929421905945S04150470WA0021800217
B1929461905957S04150487WA0021900217
B1929501905967S04150508WA0022300220
B1929541905968S04150527WA0022700226
B1929581905959S04150547WA0022700229
B1930001905956S04150557WA0022600231
