AXFMSFP Flymaster Live, V1.0, S/N 997965
HFDTE230426
HFPLTPILOTINCHARGE:Juan Carlos Moran
B1215091853195S04154954WA0100001095
B1215131853194S04154953WA0100001093
B1215171853194S04154952WA0100001093
B1215211853195S04154951WA0100001097
B1215251853195S04154951WA0100001098
B1215291853195S04154951WA0100001097
B1215331853195S04154951WA0100001096
B1215371853196S04154950WA0100001095
B1215411853196S04154950WA0100001095
B1215451853196S04154950WA0100001094
B1215491853196S04154950WA0100001094
B1215531853196S04154950WA0100001094
B1215571853196S04154951WA0100001094
B1216011853196S04154951WA0100001093
B1216051853196S04154951WA0100001094
B1216091853197S04154951WA0100001094
B1216131853196S04154952WA0100001095
B1216171853196S04154952WA0100001096
B1216211853197S04154952WA0100001097
B1216251853197S04154952WA0100001097
B1216291853197S04154953WA0100001097
B1216331853197S04154953WA0100001097
B1216371853197S04154953WA0100001097
B1216411853197S04154953WA0100001096
B1216451853197S04154953WA0100001096
B1216491853197S04154953WA0100001096
B1216531853197S04154953WA0100001096
B1216571853197S04154953WA0100001096
B1217011853197S04154953WA0100001097
B1217051853197S04154953WA0100001097
B1217091853197S04154953WA0100001098
B1217131853197S04154954WA0100001098
B1217171853197S04154954WA0100001098
B1217211853197S04154954WA0100001098
B1217251853197S04154954WA0100001098
B1217291853197S04154954WA0100001098
B1217331853197S04154954WA0100001098
B1217371853197S04154954WA0100001099
B1217411853197S04154954WA0100001099
B1217451853197S04154954WA0100001099
B1217491853197S04154954WA0100001099
B1217531853197S04154954WA0100001098
B1217571853197S04154954WA0100001098
B1218011853197S04154954WA0100001097
B1218051853197S04154954WA0100001097
B1218091853197S04154954WA0100001096
B1218131853197S04154954WA0100001095
B1218171853197S04154954WA0100001095
B1218211853197S04154954WA0100001095
B1218251853197S04154954WA0100001094
B1218291853197S04154954WA0100001094
B1218331853197S04154954WA0100001095
B1218371853197S04154953WA0100001095
B1218411853197S04154953WA0100001095
B1218451853197S04154953WA0100001096
B1218491853197S04154953WA0100001096
B1218531853197S04154953WA0100001097
B1218571853197S04154953WA0100001097
B1219011853197S04154953WA0100001097
B1219051853197S04154953WA0100001097
B1219091853197S04154953WA0100001097
B1219131853197S04154953WA0100001097
B1219171853197S04154953WA0100001097
B1219211853197S04154953WA0100001097
B1219251853197S04154953WA0100001096
B1219291853197S04154953WA0100001097
B1219331853197S04154953WA0100001097
B1219371853197S04154953WA0100001098
B1219411853197S04154953WA0100001098
B1219451853196S04154953WA0100001099
B1219491853196S04154953WA0100001099
B1219531853196S04154953WA0100001099
B1219571853196S04154953WA0100001100
B1220011853196S04154953WA0100001100
B1220051853196S04154953WA0100001099
B1220091853196S04154953WA0100001099
B1220131853196S04154953WA0100001099
B1220171853196S04154953WA0100001099
B1220211853196S04154953WA0100001098
B1220251853196S04154953WA0100001098
B1220291853196S04154953WA0100001097
B1220331853196S04154953WA0100001097
B1220371853196S04154953WA0100001097
B1220411853196S04154953WA0100001097
B1220451853196S04154953WA0100001097
B1220491853196S04154953WA0100001097
B1220531853196S04154953WA0100001097
B1220571853196S04154953WA0100001096
B1221011853196S04154953WA0100001096
B1221051853197S04154953WA0100001095
B1221091853197S04154953WA0100001095
B1221131853197S04154953WA0100001096
B1221171853197S04154953WA0100001096
B1221211853197S04154953WA0100001097
B1221251853197S04154953WA0100001097
B1221291853197S04154953WA0100001098
B1221331853197S04154953WA0100001098
B1221371853197S04154953WA0100001098
B1221411853197S04154953WA0100001098
B1221451853197S04154953WA0100001098
B1221491853197S04154953WA0100001098
B1221531853197S04154953WA0100001098
B1221571853197S04154953WA0100001097
B1222011853197S04154953WA0100001097
B1222051853197S04154953WA0100001096
B1222091853197S04154953WA0100001096
B1222131853197S04154953WA0100001095
B1222171853197S04154953WA0100001095
B1222211853197S04154953WA0100001094
B1222251853197S04154953WA0100001094
B1222291853197S04154953WA0100001094
B1222331853197S04154953WA0100001093
B1222371853197S04154953WA0100001093
B1222411853197S04154953WA0100001093
B1222451853197S04154953WA0100001093
B1222491853197S04154953WA0100001093
B1222531853197S04154953WA0100001093
B1222571853197S04154953WA0100001092
B1223011853197S04154953WA0100001092
B1223051853197S04154953WA0100001092
B1223091853197S04154953WA0100001092
B1223131853197S04154953WA0100001093
B1223171853197S04154953WA0100001093
B1223211853197S04154953WA0100001093
B1223251853197S04154953WA0100001093
B1223291853197S04154953WA0100001094
B1223331853197S04154953WA0100001094
B1223371853197S04154954WA0100001094
B1223411853197S04154954WA0100001094
B1223451853197S04154954WA0100001094
B1223491853197S04154954WA0100001094
B1223531853197S04154953WA0100001094
B1223571853197S04154953WA0100001094
B1224011853197S04154953WA0100001094
B1224051853197S04154953WA0100001095
B1224091853197S04154953WA0100001095
B1224131853197S04154953WA0100001095
B1224171853196S04154954WA0100001096
B1224211853196S04154954WA0100001097
B1224251853196S04154954WA0100001098
B1224291853196S04154954WA0100001099
B1224331853196S04154954WA0100001100
B1224371853196S04154954WA0100001100
B1224411853196S04154954WA0100001101
B1224451853196S04154954WA0100001101
B1224491853196S04154954WA0100001101
B1224531853196S04154954WA0100001101
B1224571853196S04154954WA0100001101
B1225011853196S04154954WA0100001101
B1225051853196S04154954WA0100001100
B1225091853196S04154954WA0100001100
B1225131853196S04154954WA0099901100
B1225171853196S04154954WA0099901099
B1225211853196S04154954WA0100001099
B1225251853196S04154954WA0099901098
B1225291853196S04154954WA0099901098
B1225331853196S04154953WA0099901097
B1225371853196S04154953WA0099901096
B1225411853196S04154953WA0099901096
B1225451853196S04154953WA0099901095
B1225491853196S04154953WA0099901095
B1225531853196S04154953WA0099901095
B1225571853196S04154953WA0099901094
B1226011853197S04154953WA0099901094
B1226051853197S04154953WA0099901094
B1226091853197S04154953WA0099901094
B1226131853197S04154953WA0099901094
B1226171853197S04154953WA0099901094
B1226211853197S04154953WA0099901094
B1226251853197S04154953WA0099901094
B1226291853197S04154952WA0099901094
B1226331853197S04154952WA0099901094
B1226371853197S04154952WA0099901094
B1226411853197S04154952WA0099901094
B1226451853197S04154952WA0099901093
B1226491853197S04154952WA0099901093
B1226531853197S04154952WA0099901094
B1226571853197S04154952WA0099901094
B1227011853197S04154953WA0099901096
B1227051853197S04154953WA0099901095
B1227091853197S04154953WA0099901096
B1227131853197S04154953WA0099901097
B1227171853196S04154953WA0099901097
B1227211853196S04154953WA0099901097
B1227251853196S04154953WA0099901097
B1227291853196S04154953WA0099901097
B1227331853196S04154953WA0099901098
B1227371853196S04154953WA0099901098
B1227411853196S04154953WA0099901098
B1227451853196S04154953WA0099901097
B1227491853196S04154953WA0099901097
B1227531853196S04154953WA0099901097
B1227571853196S04154953WA0099901097
B1228011853196S04154953WA0099901097
B1228051853196S04154952WA0099901097
B1228091853196S04154952WA0099901097
B1228131853196S04154952WA0099901097
B1228171853196S04154952WA0099901097
B1228211853196S04154952WA0099901098
B1228251853196S04154952WA0099901098
B1228291853196S04154952WA0099901098
B1228331853196S04154952WA0099901097
B1228371853196S04154952WA0099901097
B1228411853197S04154952WA0099901097
B1228451853197S04154952WA0099901096
B1228491853197S04154952WA0099901096
B1228531853197S04154952WA0099901095
B1228571853197S04154952WA0099901095
B1229011853197S04154952WA0099901094
B1229051853197S04154952WA0099901094
B1229091853197S04154952WA0099901093
B1229131853197S04154952WA0099901093
B1229171853197S04154952WA0099901093
B1229211853197S04154952WA0099901092
B1229251853197S04154952WA0099901092
B1229291853197S04154951WA0099901091
B1229331853197S04154951WA0099901091
B1229371853197S04154951WA0099901091
B1229411853197S04154951WA0099901091
B1229451853197S04154951WA0099901091
B1229491853197S04154951WA0099901092
B1229531853197S04154951WA0099901092
B1229571853197S04154951WA0099901091
B1230011853197S04154951WA0099901091
B1230051853197S04154951WA0099901091
B1230091853197S04154951WA0099901091
B1230131853197S04154951WA0099901091
B1230171853197S04154951WA0099901091
B1230211853197S04154951WA0099901091
B1230251853198S04154951WA0099901090
B1230291853198S04154951WA0099901090
B1230331853198S04154951WA0099901089
B1230371853198S04154951WA0099901089
B1230411853198S04154951WA0099901089
B1230451853198S04154952WA0099901089
B1230491853198S04154952WA0099901089
B1230531853198S04154952WA0099901089
B1230571853198S04154952WA0099901089
B1231011853198S04154952WA0099901090
B1231051853198S04154952WA0099901090
B1231091853198S04154952WA0099901091
B1231131853198S04154952WA0099901092
B1231171853198S04154952WA0099901092
B1231211853198S04154952WA0099901093
B1231251853198S04154952WA0099901093
B1231291853198S04154952WA0099901093
B1231331853198S04154952WA0099901094
B1231371853198S04154953WA0099901094
B1231411853198S04154953WA0099901094
B1231451853198S04154953WA0099901094
B1231491853198S04154953WA0099901094
B1231531853198S04154953WA0099901094
B1231571853198S04154953WA0099901093
B1232011853198S04154953WA0099901094
B1232051853197S04154953WA0099901094
B1232091853197S04154953WA0099901094
B1232131853197S04154953WA0099901094
B1232171853197S04154953WA0099901094
B1232211853197S04154953WA0099901094
B1232251853197S04154953WA0099901094
B1232291853197S04154953WA0099901095
B1232331853197S04154954WA0099901095
B1232371853197S04154954WA0099901095
B1232411853197S04154953WA0099901095
B1232451853197S04154953WA0099901095
B1232491853197S04154954WA0099901095
B1232531853197S04154954WA0099901094
B1232571853197S04154954WA0099901094
B1233011853197S04154954WA0099901093
B1233051853197S04154954WA0099901093
B1233091853197S04154954WA0099901093
B1233131853197S04154954WA0099901093
B1233171853197S04154954WA0099901093
B1233211853197S04154954WA0099901093
B1233251853197S04154954WA0099901093
B1233291853197S04154954WA0099901094
B1233331853197S04154954WA0099901094
B1233371853197S04154953WA0099901094
B1233411853197S04154953WA0099901094
B1233451853197S04154954WA0099901094
B1233491853197S04154954WA0099901094
B1233531853197S04154954WA0099901094
B1233571853197S04154954WA0099901093
B1234011853197S04154954WA0099901093
B1234051853197S04154954WA0099901092
B1234091853197S04154954WA0099901092
B1234131853197S04154954WA0099901091
B1234171853197S04154954WA0099901091
B1234211853197S04154954WA0099901091
B1234251853197S04154954WA0099901091
B1234291853197S04154954WA0099901091
B1234331853197S04154954WA0099901091
B1234371853197S04154954WA0099901091
B1234411853197S04154954WA0099901091
B1234451853197S04154954WA0099901091
B1234491853197S04154955WA0099901092
B1234531853197S04154955WA0099901093
B1234571853197S04154955WA0099901093
B1235011853197S04154955WA0099901094
B1235051853197S04154955WA0099901094
B1235091853197S04154955WA0099901095
B1235131853197S04154956WA0099901095
B1235171853197S04154956WA0099901096
B1235211853197S04154956WA0099901096
B1235251853197S04154956WA0099901096
B1235291853197S04154956WA0099901096
B1235331853197S04154956WA0099901096
B1235371853197S04154955WA0099901096
B1235411853197S04154955WA0099901096
B1235451853197S04154955WA0099901096
B1235491853197S04154955WA0099901096
B1235531853197S04154955WA0099901095
B1235571853197S04154955WA0099901095
B1236011853197S04154955WA0099901095
B1236051853197S04154955WA0099901094
B1236091853197S04154955WA0099901094
B1236131853197S04154955WA0099901093
B1236171853197S04154955WA0099901093
B1236211853197S04154955WA0099901093
B1236251853197S04154955WA0099901093
B1236291853197S04154955WA0099901093
B1236331853197S04154955WA0099901094
B1236371853198S04154955WA0099901094
B1236411853198S04154955WA0099901094
B1236451853198S04154955WA0099901094
B1236491853198S04154955WA0099901095
B1236531853198S04154955WA0099901095
B1236571853198S04154954WA0099901095
B1237011853198S04154954WA0099901095
B1237051853198S04154954WA0099901095
B1237091853198S04154954WA0099901096
B1237131853198S04154954WA0099901096
B1237171853198S04154954WA0099901097
B1237211853198S04154954WA0099901097
B1237251853198S04154954WA0099901097
B1237291853198S04154954WA0099901097
B1237331853198S04154954WA0099901097
B1237371853198S04154954WA0099901098
B1237411853198S04154954WA0099901098
B1237451853197S04154953WA0099901099
B1237491853197S04154953WA0099901098
B1237531853197S04154953WA0099901098
B1237571853197S04154953WA0099901099
B1238011853197S04154953WA0099901099
B1238051853197S04154953WA0099901099
B1238091853197S04154953WA0099901098
B1238131853197S04154953WA0099901098
B1238171853197S04154953WA0099901098
B1238211853197S04154953WA0099901098
B1238251853197S04154953WA0099901099
B1238291853197S04154953WA0099901098
B1238331853197S04154953WA0099901098
B1238371853197S04154953WA0099901097
B1238411853197S04154953WA0099901096
B1238451853197S04154953WA0099901096
B1238491853197S04154953WA0099901096
B1238531853197S04154953WA0099901096
B1238571853197S04154953WA0099901096
B1239011853197S04154953WA0099901096
B1239051853197S04154953WA0099901095
B1239091853197S04154952WA0099901095
B1239131853197S04154952WA0099901095
B1239171853197S04154952WA0099901094
B1239211853197S04154952WA0099901094
B1239251853197S04154952WA0099901094
B1239291853197S04154952WA0099901094
B1239331853197S04154952WA0099901094
B1239371853197S04154952WA0099901094
B1239411853198S04154953WA0099901094
B1239451853198S04154953WA0099901095
B1239491853198S04154953WA0099901095
B1239531853198S04154953WA0099901095
B1239571853198S04154953WA0099901096
B1240011853198S04154953WA0099901096
B1240051853198S04154953WA0099901096
B1240091853198S04154953WA0099901096
B1240131853198S04154953WA0099901095
B1240171853198S04154953WA0099901095
B1240211853198S04154953WA0099901095
B1240251853198S04154953WA0099901094
B1240291853198S04154953WA0099901094
B1240331853198S04154953WA0099901094
B1240371853198S04154953WA0099901094
B1240411853198S04154953WA0099901094
B1240451853198S04154953WA0099901094
B1240491853198S04154953WA0099901094
B1240531853198S04154953WA0099901095
B1240571853198S04154954WA0099901095
B1241011853198S04154953WA0099901096
B1241051853198S04154953WA0099901097
B1241091853197S04154953WA0099901096
B1241131853198S04154953WA0099901096
B1241171853197S04154952WA0099901097
B1241211853197S04154952WA0099901097
B1241251853197S04154952WA0099901097
B1241291853197S04154953WA0099901097
B1241331853197S04154952WA0099901097
B1241371853197S04154953WA0099901097
B1241411853197S04154952WA0099901096
B1241451853197S04154952WA0099901097
B1241491853198S04154952WA0099901097
B1241531853197S04154952WA0099901096
B1241571853197S04154952WA0099901097
B1242011853197S04154952WA0099901096
B1242051853197S04154952WA0099901096
B1242091853198S04154952WA0099901095
B1242131853197S04154951WA0099901095
B1242171853198S04154951WA0099901094
B1242211853198S04154951WA0099901094
B1242251853198S04154951WA0099901094
B1242291853199S04154951WA0099901091
B1242331853199S04154952WA0099801090
B1242371853199S04154953WA0099801089
B1242411853199S04154953WA0099801089
B1242451853199S04154953WA0099801090
B1242491853198S04154952WA0099801090
B1242531853197S04154952WA0099901091
B1242571853197S04154952WA0099801089
B1243011853197S04154952WA0099801089
B1243051853197S04154952WA0099801089
B1243091853197S04154952WA0099901089
B1243131853197S04154952WA0099901089
B1243171853197S04154952WA0099901089
B1243211853197S04154952WA0099801089
B1243251853197S04154952WA0099801090
B1243291853197S04154952WA0099801090
B1243331853197S04154952WA0099801090
B1243371853197S04154952WA0099801090
B1243411853197S04154952WA0099801090
B1243451853197S04154952WA0099801090
B1243491853198S04154952WA0099901090
B1243531853198S04154952WA0099901090
B1243571853198S04154952WA0099901090
B1244011853198S04154952WA0099901090
B1244051853198S04154952WA0099901090
B1244091853198S04154952WA0099901090
B1244131853198S04154952WA0099901090
B1244171853198S04154952WA0099901090
B1244211853198S04154952WA0099901091
B1244251853198S04154952WA0099901091
B1244291853198S04154952WA0099901091
B1244331853198S04154952WA0099901090
B1244371853198S04154952WA0099901090
B1244411853198S04154952WA0099901090
B1244451853198S04154952WA0099901090
B1244491853198S04154952WA0099901090
B1244531853198S04154952WA0099901090
B1244571853198S04154952WA0099901090
B1245011853198S04154952WA0099901090
B1245051853198S04154952WA0099901090
B1245091853198S04154952WA0099901089
B1245131853198S04154952WA0099901089
B1245171853198S04154952WA0099901089
B1245211853198S04154952WA0099901089
B1245251853198S04154952WA0099901089
B1245291853198S04154952WA0099901089
B1245331853198S04154952WA0099901089
B1245371853197S04154952WA0099901089
B1245411853197S04154952WA0099901089
B1245451853197S04154952WA0099901089
B1245491853197S04154952WA0099901089
B1245531853197S04154952WA0099901089
B1245571853197S04154952WA0099901089
B1246011853197S04154952WA0099901089
B1246051853197S04154952WA0099901089
B1246091853197S04154952WA0099901089
B1246131853197S04154952WA0099901088
B1246171853197S04154952WA0099901088
B1246211853197S04154952WA0099901089
B1246251853197S04154952WA0099901089
B1246291853197S04154952WA0099901089
B1246331853197S04154952WA0099901089
B1246371853197S04154952WA0099901089
B1246411853197S04154952WA0099901089
B1246451853197S04154952WA0099901090
B1246491853197S04154952WA0099901090
B1246531853197S04154952WA0099901090
B1246571853197S04154952WA0099901090
B1247011853197S04154952WA0099901091
B1247051853196S04154952WA0099901091
B1247091853196S04154952WA0099901091
B1247131853196S04154951WA0099901091
B1247171853196S04154951WA0099901091
B1247211853196S04154951WA0099901091
B1247251853196S04154951WA0099901091
B1247291853196S04154951WA0099901092
B1247331853196S04154951WA0099901092
B1247371853196S04154951WA0099901092
B1247411853196S04154951WA0099901092
B1247451853196S04154951WA0099901092
B1247491853196S04154951WA0099901091
B1247531853196S04154951WA0099901091
B1247571853196S04154951WA0099901091
B1248011853196S04154951WA0099901091
B1248051853196S04154952WA0099901091
B1248091853196S04154951WA0099901091
B1248131853196S04154952WA0099901091
B1248171853196S04154952WA0099901091
B1248211853196S04154952WA0099901091
B1248251853197S04154952WA0099901091
B1248291853197S04154952WA0099901092
B1248331853197S04154952WA0099901092
B1248371853197S04154952WA0099901092
B1248411853197S04154952WA0099901093
B1248451853197S04154952WA0099901093
B1248491853197S04154952WA0099901093
B1248531853197S04154952WA0099901093
B1248571853197S04154952WA0099901094
B1249011853197S04154952WA0099901094
B1249051853197S04154952WA0099901094
B1249091853197S04154952WA0099901094
B1249131853197S04154952WA0099901094
B1249171853197S04154952WA0099901094
B1249211853197S04154952WA0099901094
B1249251853197S04154952WA0099901094
B1249291853197S04154952WA0099901094
B1249331853197S04154952WA0099901094
B1249371853197S04154952WA0099901094
B1249411853197S04154952WA0099901094
B1249451853197S04154952WA0099901093
B1249491853197S04154952WA0099901093
B1249531853197S04154952WA0099901093
B1249571853197S04154952WA0099901093
B1250011853197S04154952WA0099901093
B1250051853197S04154952WA0099901093
B1250091853197S04154952WA0099901093
B1250131853197S04154952WA0099901092
B1250171853197S04154952WA0099901092
B1250211853197S04154952WA0099901092
B1250251853197S04154952WA0099901092
B1250291853197S04154952WA0099901092
B1250331853197S04154952WA0099901092
B1250371853197S04154952WA0099901091
B1250411853198S04154952WA0099901091
B1250451853198S04154952WA0099901091
B1250491853198S04154952WA0099901091
B1250531853198S04154952WA0099901091
B1250571853198S04154952WA0099901091
B1251011853198S04154952WA0099901091
B1251051853198S04154952WA0099901090
B1251091853198S04154952WA0099901090
B1251131853198S04154952WA0099901090
B1251171853198S04154952WA0099901089
B1251211853198S04154952WA0099901089
B1251251853198S04154952WA0099901089
B1251291853198S04154952WA0099901089
B1251331853198S04154952WA0099901089
B1251371853198S04154952WA0099901089
B1251411853198S04154952WA0099901088
B1251451853198S04154952WA0099901089
B1251491853198S04154952WA0099901089
B1251531853198S04154952WA0099901090
B1251571853198S04154952WA0099901090
B1252011853198S04154952WA0099901091
B1252051853198S04154952WA0099901091
B1252091853198S04154952WA0099901091
B1252131853197S04154952WA0099901091
B1252171853197S04154952WA0099901092
B1252211853197S04154952WA0099901092
B1252251853197S04154952WA0099901092
B1252291853197S04154952WA0099901092
B1252331853197S04154952WA0099901093
B1252371853197S04154952WA0099901093
B1252411853197S04154952WA0099901093
B1252451853197S04154952WA0099901093
B1252491853197S04154952WA0099901093
B1252531853197S04154952WA0099901093
B1252571853197S04154952WA0099901093
B1253011853197S04154952WA0099901093
B1253051853197S04154952WA0099901093
B1253091853197S04154952WA0099901093
B1253131853197S04154952WA0099901093
B1253171853197S04154952WA0099901093
B1253211853197S04154952WA0099901093
B1253251853197S04154952WA0099901093
B1253291853197S04154952WA0099901093
B1253331853197S04154952WA0099901093
B1253371853197S04154952WA0099901093
B1253411853197S04154952WA0099901093
B1253451853197S04154952WA0099901092
B1253491853197S04154952WA0099901092
B1253531853197S04154951WA0099901092
B1253571853197S04154951WA0099901093
B1254011853197S04154951WA0099901093
B1254051853197S04154951WA0099901093
B1254091853197S04154952WA0099901093
B1254131853197S04154952WA0099901093
B1254171853197S04154952WA0099901092
B1254211853198S04154952WA0099901092
B1254251853198S04154952WA0099901092
B1254291853198S04154952WA0099901092
B1254331853198S04154952WA0099901092
B1254371853198S04154952WA0099901093
B1254411853198S04154953WA0099901093
B1254451853198S04154953WA0099901093
B1254491853198S04154953WA0099901092
B1254531853198S04154953WA0099901092
B1254571853198S04154953WA0099901093
B1255011853198S04154953WA0099901093
B1255051853198S04154953WA0099901093
B1255091853198S04154953WA0099901094
B1255131853198S04154953WA0099901094
B1255171853198S04154953WA0099901094
B1255211853198S04154953WA0099901094
B1255251853198S04154953WA0099901094
B1255291853198S04154953WA0099901094
B1255331853197S04154953WA0099901093
B1255371853197S04154953WA0099901093
B1255411853197S04154953WA0099901092
B1255451853197S04154953WA0099901092
B1255491853198S04154953WA0099901092
B1255531853198S04154953WA0099901092
B1255571853198S04154952WA0099901092
B1256011853198S04154952WA0099901092
B1256051853198S04154952WA0099901092
B1256091853198S04154952WA0099901092
B1256131853198S04154952WA0099901092
B1256171853198S04154952WA0099901093
B1256211853198S04154952WA0099901095
B1256251853198S04154953WA0099901096
B1256291853197S04154953WA0099901096
B1256331853197S04154953WA0099901096
B1256371853197S04154953WA0099901096
B1256411853197S04154953WA0099901096
B1256451853197S04154953WA0099901095
B1256491853197S04154953WA0099901095
B1256531853197S04154952WA0099901095
B1256571853197S04154952WA0099901094
B1257011853197S04154952WA0099901094
B1257051853197S04154952WA0099901094
B1257091853197S04154952WA0099901094
B1257131853197S04154952WA0099901093
B1257171853197S04154952WA0099901093
B1257211853197S04154952WA0099901094
B1257251853198S04154952WA0099901094
B1257291853198S04154952WA0099901095
B1257331853198S04154952WA0099901096
B1257371853198S04154952WA0099901096
B1257411853198S04154952WA0099901097
B1257451853198S04154952WA0099901097
B1257491853198S04154952WA0099901096
B1257531853198S04154952WA0099901096
B1257571853198S04154952WA0099901096
B1258011853198S04154952WA0099901096
B1258051853197S04154952WA0099901096
B1258091853197S04154952WA0099901095
B1258131853197S04154952WA0099801095
B1258171853197S04154952WA0099901095
B1258211853197S04154952WA0099901095
B1258251853197S04154952WA0099901095
B1258291853197S04154952WA0099901095
B1258331853197S04154952WA0099901095
B1258371853197S04154952WA0099901095
B1258411853197S04154952WA0099901095
B1258451853197S04154953WA0099901095
B1258491853197S04154953WA0099901095
B1258531853197S04154953WA0099901095
B1258571853197S04154953WA0099901095
B1259011853198S04154953WA0099901095
B1259051853198S04154953WA0099901094
B1259091853198S04154953WA0099901094
B1259131853198S04154952WA0099901094
B1259171853198S04154952WA0099901094
B1259211853198S04154952WA0099901094
B1259251853198S04154952WA0099901094
B1259291853198S04154952WA0099901094
B1259331853198S04154952WA0099901094
B1259371853198S04154952WA0099901094
B1259411853198S04154952WA0099901094
B1259451853198S04154953WA0099901094
B1259491853198S04154953WA0099901094
B1259531853198S04154953WA0099901094
B1259571853198S04154952WA0099901094
B1300011853198S04154952WA0099901093
B1300051853198S04154952WA0099901093
B1300091853198S04154952WA0099901093
B1300131853198S04154952WA0099901092
B1300171853198S04154952WA0099901092
B1300211853198S04154952WA0099901092
B1300251853198S04154951WA0099901091
B1300291853198S04154951WA0099901091
B1300331853198S04154951WA0099901091
B1300371853198S04154951WA0099901090
B1300411853198S04154951WA0099901090
B1300451853198S04154951WA0099901090
B1300491853198S04154951WA0099901090
B1300531853198S04154951WA0099901089
B1300571853198S04154951WA0099901089
B1301011853198S04154951WA0099901089
B1301051853198S04154951WA0099901088
B1301091853198S04154952WA0099901088
B1301131853198S04154952WA0099901088
B1301171853198S04154952WA0099901089
B1301211853198S04154952WA0099901090
B1301251853198S04154952WA0099901090
B1301291853198S04154952WA0099901091
B1301331853198S04154952WA0099901091
B1301371853198S04154952WA0099901091
B1301411853198S04154952WA0099901091
B1301451853198S04154952WA0099901092
B1301491853198S04154953WA0099901093
B1301531853198S04154953WA0099901094
B1301571853199S04154953WA0099901095
B1302011853199S04154952WA0099901094
B1302051853199S04154952WA0099901093
B1302091853199S04154952WA0099901093
B1302131853199S04154952WA0099901093
B1302171853198S04154952WA0099901093
B1302211853198S04154951WA0099901093
B1302251853198S04154952WA0099901093
B1302291853198S04154952WA0099901094
B1302331853198S04154952WA0099901094
B1302371853198S04154952WA0099901094
B1302411853198S04154951WA0099901095
B1302451853198S04154951WA0099901095
B1302491853198S04154951WA0099901095
B1302531853197S04154951WA0099901095
B1302571853197S04154951WA0099901094
B1303011853197S04154951WA0099901094
B1303051853197S04154951WA0099901093
B1303091853197S04154951WA0099901093
B1303131853197S04154951WA0099901092
B1303171853197S04154951WA0099901091
B1303211853197S04154951WA0099901091
B1303251853198S04154951WA0099901091
B1303291853198S04154951WA0099901091
B1303331853198S04154951WA0099901090
B1303371853198S04154951WA0099901090
B1303411853198S04154951WA0099901089
B1303451853198S04154951WA0099901089
B1303491853198S04154951WA0099901089
B1303531853198S04154951WA0099901089
B1303571853198S04154951WA0099901088
B1304011853198S04154951WA0099901088
B1304051853198S04154952WA0099901088
B1304091853198S04154952WA0099901089
B1304131853198S04154951WA0099901089
B1304171853198S04154952WA0099901090
B1304211853198S04154952WA0099901090
B1304251853198S04154952WA0099901090
B1304291853198S04154952WA0099901090
B1304331853198S04154952WA0099901090
B1304371853198S04154952WA0099901091
B1304411853198S04154952WA0099901091
B1304451853198S04154951WA0099901090
B1304491853198S04154951WA0099901090
B1304531853198S04154951WA0099901090
B1304571853198S04154951WA0099901090
B1305011853198S04154951WA0099901091
B1305051853198S04154952WA0099901090
B1305091853198S04154952WA0099901091
B1305131853198S04154952WA0099901091
B1305171853198S04154952WA0099901091
B1305211853198S04154952WA0099901091
B1305251853198S04154952WA0099901091
B1305291853197S04154952WA0099901091
B1305331853197S04154952WA0099901092
B1305371853197S04154952WA0099901092
B1305411853197S04154952WA0099901092
B1305451853197S04154952WA0099901093
B1305491853197S04154952WA0099901094
B1305531853197S04154953WA0099901094
B1305571853197S04154952WA0099901094
B1306011853197S04154952WA0099901094
B1306051853197S04154953WA0099901094
B1306091853197S04154953WA0099901094
B1306131853197S04154953WA0099901095
B1306171853197S04154953WA0099901095
B1306211853198S04154953WA0099901094
B1306251853198S04154953WA0099901095
B1306291853198S04154953WA0099901095
B1306331853198S04154953WA0099901095
B1306371853198S04154953WA0099901094
B1306411853198S04154953WA0099901094
B1306451853198S04154953WA0099901094
B1306491853198S04154953WA0099901094
B1306531853198S04154953WA0099901094
B1306571853198S04154953WA0099901093
B1307011853198S04154953WA0099901093
B1307051853198S04154953WA0099901093
B1307091853198S04154952WA0099901092
B1307131853198S04154953WA0099901092
B1307171853197S04154952WA0099901092
B1307211853197S04154952WA0099901091
B1307251853198S04154952WA0099901091
B1307291853197S04154953WA0099901092
B1307331853197S04154953WA0099901092
B1307371853197S04154953WA0099901092
B1307411853197S04154952WA0099901093
B1307451853197S04154952WA0099901093
B1307491853198S04154952WA0099901093
B1307531853198S04154952WA0099901092
B1307571853198S04154952WA0099901092
B1308011853198S04154952WA0099901092
B1308051853198S04154952WA0099901092
B1308091853198S04154952WA0099901093
B1308131853198S04154953WA0099901094
B1308171853198S04154953WA0099901094
B1308211853198S04154953WA0099901094
B1308251853198S04154953WA0099901094
B1308291853198S04154953WA0099901094
B1308331853198S04154953WA0099901093
B1308371853198S04154953WA0099901094
B1308411853198S04154953WA0099901095
B1308451853198S04154953WA0099901095
B1308491853198S04154953WA0099901094
B1308531853198S04154953WA0099901094
B1308571853198S04154953WA0099901094
B1309011853198S04154953WA0099901094
B1309051853198S04154953WA0099901094
B1309091853198S04154953WA0099901094
B1309131853198S04154953WA0099901094
B1309171853198S04154954WA0099901095
B1309211853198S04154954WA0099901095
B1309251853198S04154954WA0099901095
B1309291853198S04154954WA0099901095
B1309331853198S04154954WA0099901096
B1309371853198S04154954WA0099901095
B1309411853198S04154954WA0099901095
B1309451853198S04154953WA0099901095
B1309491853198S04154953WA0099901094
B1309531853198S04154953WA0099901094
B1309571853198S04154953WA0099901094
B1310011853198S04154953WA0099901093
B1310051853198S04154953WA0099901093
B1310091853198S04154953WA0099901093
B1310131853198S04154953WA0099901094
B1310171853198S04154953WA0099901094
B1310211853198S04154953WA0099901093
B1310251853198S04154953WA0099901093
B1310291853198S04154953WA0099901093
B1310331853198S04154953WA0099901093
B1310371853198S04154953WA0099901093
B1310411853198S04154953WA0099901093
B1310451853198S04154954WA0099901093
B1310491853198S04154954WA0100001093
B1310531853198S04154954WA0100001094
B1310571853198S04154954WA0100001094
B1311011853198S04154954WA0100001094
B1311051853198S04154954WA0100001094
B1311091853198S04154954WA0100001094
B1311131853198S04154954WA0100001094
B1311171853198S04154954WA0100001094
B1311211853198S04154954WA0100001094
B1311251853198S04154954WA0100001094
B1311291853198S04154954WA0099901094
B1311331853198S04154954WA0099901094
B1311371853198S04154954WA0099901094
B1311411853198S04154953WA0099901094
B1311451853198S04154954WA0099901094
B1311491853198S04154953WA0099901093
B1311531853198S04154953WA0100001094
B1311571853198S04154953WA0100001094
B1312011853198S04154953WA0100001095
B1312051853198S04154953WA0100001095
B1312091853198S04154953WA0100001096
B1312131853198S04154953WA0100001096
B1312171853198S04154953WA0100001096
B1312211853198S04154953WA0100001096
B1312251853198S04154953WA0100001095
B1312291853198S04154953WA0099901095
B1312331853198S04154953WA0099901094
B1312371853198S04154953WA0099901095
B1312411853198S04154953WA0099901095
B1312451853198S04154953WA0100001094
B1312491853198S04154952WA0099901093
B1312531853198S04154952WA0099901093
B1312571853198S04154952WA0099901093
B1313011853198S04154952WA0100001093
B1313051853198S04154952WA0100001093
B1313091853198S04154953WA0100001093
B1313131853198S04154952WA0100001093
B1313171853198S04154952WA0100001093
B1313211853198S04154952WA0100001093
B1313251853198S04154952WA0100001093
B1313291853198S04154952WA0100001094
B1313331853198S04154952WA0100001094
B1313371853198S04154952WA0100001094
B1313411853198S04154952WA0100001094
B1313451853198S04154952WA0100001095
B1313491853198S04154952WA0100001094
B1313531853198S04154952WA0100001094
B1313571853198S04154952WA0100001094
B1314011853198S04154952WA0100001094
B1314051853198S04154952WA0100001094
B1314091853198S04154952WA0100001094
B1314131853198S04154952WA0100001093
B1314171853198S04154952WA0100001092
B1314211853198S04154952WA0100001091
B1314251853198S04154952WA0100001091
B1314291853197S04154952WA0100001090
B1314331853197S04154952WA0100001090
B1314371853197S04154952WA0100001090
B1314411853197S04154952WA0100001091
B1314451853198S04154952WA0100001091
B1314491853198S04154952WA0100001091
B1314531853197S04154952WA0100001090
B1314571853197S04154952WA0100001088
B1315011853197S04154952WA0100001089
B1315051853197S04154951WA0099901088
B1315091853197S04154952WA0099901088
B1315131853197S04154952WA0099901090
B1315171853197S04154952WA0099901090
B1315211853197S04154952WA0099901090
B1315251853197S04154952WA0099901090
B1315291853197S04154952WA0099901090
B1315331853197S04154952WA0099901090
B1315371853197S04154952WA0099901090
B1315411853197S04154952WA0099901091
B1315451853198S04154953WA0099901091
B1315491853198S04154953WA0099901092
B1315531853198S04154953WA0099901093
B1315571853198S04154953WA0099901094
B1316011853198S04154953WA0099901094
B1316051853198S04154953WA0099901094
B1316091853198S04154953WA0099901093
B1316131853198S04154953WA0099901093
B1316171853198S04154952WA0099901092
B1316211853198S04154952WA0099901091
B1316251853198S04154952WA0099901091
B1316291853198S04154952WA0099901091
B1316331853198S04154952WA0099901090
B1316371853198S04154952WA0099901090
B1316411853198S04154951WA0099901089
B1316451853198S04154951WA0099901089
B1316491853198S04154951WA0099901088
B1316531853198S04154951WA0099901088
B1316571853198S04154951WA0099901088
B1317011853198S04154951WA0099901088
B1317051853198S04154951WA0099901088
B1317091853198S04154951WA0099901087
B1317131853198S04154951WA0099901087
B1317171853197S04154951WA0099901087
B1317211853198S04154951WA0099901087
B1317251853197S04154952WA0099901087
B1317291853198S04154952WA0099901088
B1317331853198S04154951WA0099901089
B1317371853198S04154952WA0099901088
B1317411853198S04154952WA0099901089
B1317451853198S04154952WA0099901090
B1317491853198S04154952WA0099901090
B1317531853198S04154952WA0099901090
B1317571853198S04154952WA0099901090
B1318011853198S04154952WA0099901090
B1318051853198S04154952WA0099901091
B1318091853199S04154953WA0099901092
B1318131853199S04154953WA0099901092
B1318171853199S04154953WA0099901091
B1318211853199S04154953WA0099901092
B1318251853199S04154953WA0099901092
B1318291853199S04154953WA0099901091
B1318331853199S04154953WA0099901091
B1318371853199S04154952WA0099901091
B1318411853199S04154952WA0099901091
B1318451853198S04154952WA0099901091
B1318491853199S04154952WA0099901091
B1318531853198S04154952WA0099901092
B1318571853198S04154952WA0099901092
B1319011853198S04154952WA0099901092
B1319051853198S04154952WA0099901092
B1319091853198S04154952WA0099901092
B1319131853198S04154952WA0099901091
B1319171853197S04154952WA0099901090
B1319211853197S04154952WA0099901089
B1319251853198S04154952WA0099901090
B1319291853198S04154952WA0099901090
B1319331853198S04154952WA0099901089
B1319371853197S04154952WA0099901088
B1319411853197S04154952WA0099901089
B1319451853197S04154952WA0099901089
B1319491853197S04154952WA0099901089
B1319531853197S04154952WA0099901089
B1319571853197S04154952WA0099901089
B1320011853197S04154952WA0099901089
B1320051853197S04154952WA0099901089
B1320091853197S04154952WA0099901089
B1320131853197S04154952WA0099901088
B1320171853197S04154952WA0099901089
B1320211853197S04154952WA0099901089
B1320251853197S04154952WA0099901088
B1320291853197S04154952WA0099901088
B1320331853197S04154952WA0099901087
B1320371853197S04154952WA0099901087
B1320411853197S04154951WA0099901087
B1320451853197S04154951WA0099901087
B1320491853197S04154951WA0099901087
B1320531853197S04154952WA0099901087
B1320571853197S04154952WA0099901089
B1321011853197S04154952WA0099901088
B1321051853197S04154952WA0099901088
B1321091853197S04154952WA0099901088
B1321131853197S04154952WA0099901088
B1321171853197S04154952WA0099901089
B1321211853197S04154952WA0099901090
B1321251853197S04154952WA0099901091
B1321291853197S04154952WA0099901091
B1321331853197S04154952WA0099901090
B1321371853197S04154952WA0099901090
B1321411853197S04154952WA0099901090
B1321451853197S04154952WA0099901090
B1321491853197S04154952WA0099901090
B1321531853197S04154952WA0099901090
B1321571853197S04154952WA0099901090
B1322011853197S04154952WA0099901091
B1322051853197S04154952WA0099901090
B1322091853197S04154952WA0099901090
B1322131853197S04154952WA0099901090
B1322171853197S04154952WA0099901091
B1322211853197S04154952WA0099901091
B1322251853197S04154952WA0099901091
B1322291853197S04154952WA0099901091
B1322331853197S04154952WA0099901090
B1322371853197S04154952WA0099901091
B1322411853197S04154952WA0099901091
B1322451853197S04154952WA0099901090
B1322491853198S04154952WA0099901091
B1322531853198S04154952WA0099901091
B1322571853198S04154952WA0099901090
B1323011853198S04154952WA0099901091
B1323051853198S04154952WA0099901092
B1323091853198S04154952WA0099901092
B1323131853198S04154952WA0099901092
B1323171853198S04154952WA0099901093
B1323211853198S04154952WA0099901092
B1323251853198S04154952WA0099901093
B1323291853198S04154952WA0099901094
B1323331853198S04154952WA0099901095
B1323371853198S04154952WA0099901095
B1323411853198S04154952WA0099901095
B1323451853198S04154952WA0099901094
B1323491853198S04154952WA0099901094
B1323531853198S04154952WA0099901094
B1323571853198S04154952WA0099901094
B1324011853198S04154952WA0099901094
B1324051853198S04154952WA0099901094
B1324091853198S04154952WA0099901095
B1324131853198S04154952WA0099901094
B1324171853198S04154952WA0099901094
B1324211853198S04154952WA0099901094
B1324251853198S04154952WA0099901094
B1324291853198S04154952WA0099901094
B1324331853198S04154952WA0099901093
B1324371853198S04154952WA0099901094
B1324411853198S04154952WA0099901094
B1324451853198S04154952WA0099901094
B1324491853198S04154952WA0099901093
B1324531853198S04154952WA0099901093
B1324571853198S04154952WA0099901093
B1325011853198S04154952WA0099901095
B1325051853198S04154952WA0099901096
B1325091853198S04154952WA0099901097
B1325131853198S04154952WA0099901096
B1325171853198S04154952WA0099901095
B1325211853198S04154952WA0099901095
B1325251853198S04154952WA0099901095
B1325291853198S04154952WA0099901095
B1325331853198S04154952WA0099901095
B1325371853198S04154952WA0099901095
B1325411853198S04154952WA0099901095
B1325451853198S04154952WA0099901094
B1325491853198S04154952WA0099901094
B1325531853198S04154952WA0099901093
B1325571853198S04154952WA0099901093
B1326011853198S04154952WA0099901092
B1326051853198S04154952WA0099901092
B1326091853198S04154952WA0099901093
B1326131853198S04154952WA0099901093
B1326171853198S04154952WA0099901094
B1326211853198S04154952WA0099901094
B1326251853198S04154952WA0099901094
B1326291853198S04154952WA0099901094
B1326331853198S04154953WA0099901095
B1326371853198S04154953WA0099901096
B1326411853198S04154952WA0099901095
B1326451853198S04154952WA0099901094
B1326491853198S04154952WA0099901095
B1326531853198S04154952WA0099901095
B1326571853198S04154952WA0099901094
B1327011853198S04154952WA0099901095
B1327051853198S04154952WA0099901096
B1327091853198S04154952WA0099901096
B1327131853198S04154952WA0099901096
B1327171853198S04154952WA0099901096
B1327211853198S04154952WA0099901097
B1327251853198S04154952WA0099901098
B1327291853198S04154952WA0099901098
B1327331853198S04154952WA0099901098
B1327371853198S04154952WA0099901098
B1327411853198S04154952WA0099901097
B1327451853198S04154952WA0099901096
B1327491853198S04154952WA0099901095
B1327531853198S04154952WA0099901093
B1327571853198S04154952WA0099901092
B1328011853198S04154952WA0099901093
B1328051853198S04154952WA0099901094
B1328091853198S04154952WA0099901093
B1328131853198S04154952WA0099901092
B1328171853198S04154952WA0099901092
B1328211853198S04154952WA0099901091
B1328251853198S04154952WA0099901090
B1328291853198S04154952WA0099901090
B1328331853198S04154952WA0100001090
B1328371853197S04154952WA0100001091
B1328411853197S04154952WA0100001091
B1328451853197S04154952WA0100001091
B1328491853197S04154952WA0100001092
B1328531853197S04154952WA0100001092
B1328571853198S04154952WA0100001092
B1329011853198S04154952WA0100001092
B1329051853198S04154952WA0100001092
B1329091853198S04154952WA0100001093
B1329131853198S04154952WA0100001094
B1329171853198S04154952WA0100001094
B1329211853198S04154953WA0100001094
B1329251853198S04154952WA0100001094
B1329291853198S04154952WA0100001094
B1329331853198S04154953WA0100001095
B1329371853198S04154952WA0100001095
B1329411853198S04154952WA0100001095
B1329451853198S04154952WA0100001095
B1329491853198S04154952WA0100001095
B1329531853198S04154952WA0100001096
B1329571853198S04154952WA0100001096
B1330011853198S04154952WA0100001096
B1330051853198S04154952WA0100001096
B1330091853198S04154952WA0100001096
B1330131853198S04154953WA0100001096
B1330171853198S04154953WA0100001097
B1330211853198S04154953WA0100001096
B1330251853198S04154953WA0100001095
B1330291853198S04154953WA0100001095
B1330331853198S04154952WA0100001094
B1330371853198S04154952WA0100001094
B1330411853198S04154952WA0100001094
B1330451853197S04154952WA0100001093
B1330491853198S04154952WA0100001092
B1330531853198S04154953WA0100001092
B1330571853198S04154953WA0100001092
B1331011853198S04154953WA0100001092
B1331051853198S04154953WA0100001092
B1331091853198S04154954WA0100001092
B1331131853198S04154954WA0100001093
B1331171853198S04154955WA0100001093
B1331211853198S04154955WA0100001093
B1331251853198S04154955WA0100001093
B1331291853198S04154954WA0100001092
B1331331853198S04154954WA0100001091
B1331371853197S04154954WA0100001090
B1331411853197S04154954WA0100001090
B1331451853197S04154954WA0100001089
B1331491853197S04154954WA0100001089
B1331531853197S04154953WA0100001089
B1331571853197S04154953WA0100001089
B1332011853197S04154953WA0100001089
B1332051853198S04154953WA0100001089
B1332091853198S04154953WA0100001089
B1332131853198S04154953WA0100001090
B1332171853198S04154953WA0100001091
B1332211853197S04154953WA0100001092
B1332251853197S04154953WA0100001092
B1332291853197S04154953WA0100001092
B1332331853197S04154953WA0100001092
B1332371853197S04154953WA0100001092
B1332411853197S04154952WA0100001092
B1332451853197S04154952WA0100001093
B1332491853197S04154952WA0100001094
B1332531853197S04154952WA0100001094
B1332571853197S04154953WA0100001094
B1333011853197S04154953WA0100001095
B1333051853197S04154953WA0100001095
B1333091853197S04154953WA0100001095
B1333131853197S04154953WA0100001096
B1333171853198S04154953WA0100001096
B1333211853198S04154953WA0100001096
B1333251853198S04154953WA0100001096
B1333291853198S04154953WA0100001096
B1333331853198S04154953WA0100001096
B1333371853198S04154953WA0100001096
B1333411853198S04154953WA0100001096
B1333451853198S04154953WA0100001097
B1333491853198S04154953WA0100001097
B1333531853198S04154953WA0100001096
B1333571853198S04154953WA0100001096
B1334011853198S04154953WA0100001096
B1334051853198S04154953WA0100001096
B1334091853198S04154953WA0100001096
B1334131853198S04154953WA0100001095
B1334171853198S04154953WA0100001095
B1334211853198S04154953WA0100001095
B1334251853198S04154953WA0100001094
B1334291853198S04154953WA0100001094
B1334331853198S04154954WA0100001093
B1334371853198S04154953WA0100001093
B1334411853198S04154953WA0100001092
B1334451853198S04154953WA0100001093
B1334491853198S04154953WA0100001093
B1334531853198S04154953WA0100001093
B1334571853198S04154954WA0100001093
B1335011853198S04154954WA0100001094
B1335051853198S04154954WA0100001095
B1335091853198S04154954WA0100001096
B1335131853199S04154954WA0100001096
B1335171853199S04154954WA0100001097
B1335211853198S04154954WA0100101096
B1335251853198S04154954WA0100101096
B1335291853198S04154954WA0100001096
B1335331853198S04154954WA0100101096
B1335371853198S04154954WA0100101095
B1335411853198S04154954WA0100101095
B1335451853198S04154954WA0100101095
B1335491853198S04154954WA0100101096
B1335531853198S04154954WA0100101095
B1335571853198S04154954WA0100101095
B1336011853198S04154953WA0100101094
B1336051853198S04154953WA0100101095
B1336091853198S04154953WA0100101094
B1336131853198S04154953WA0100101094
B1336171853198S04154953WA0100101093
B1336211853198S04154953WA0100101094
B1336251853198S04154953WA0100101094
B1336291853198S04154953WA0100101094
B1336331853198S04154952WA0100101094
B1336371853198S04154953WA0100101095
B1336411853198S04154953WA0100101094
B1336451853198S04154953WA0100101094
B1336491853198S04154953WA0100101094
B1336531853198S04154953WA0100101094
B1336571853198S04154953WA0100101095
B1337011853198S04154953WA0100101095
B1337051853198S04154952WA0100101095
B1337091853198S04154952WA0100101095
B1337131853198S04154953WA0100101096
B1337171853199S04154953WA0100101096
B1337211853199S04154953WA0100101097
B1337251853199S04154953WA0100101098
B1337291853199S04154953WA0100101098
B1337331853199S04154953WA0100101099
B1337371853199S04154953WA0100101099
B1337411853198S04154953WA0100101099
B1337451853198S04154953WA0100101098
B1337491853198S04154953WA0100101098
B1337531853198S04154953WA0100101098
B1337571853199S04154953WA0100101098
B1338011853199S04154953WA0100101098
B1338051853199S04154953WA0100101098
B1338091853199S04154953WA0100101098
B1338131853199S04154953WA0100101098
B1338171853199S04154953WA0100101097
B1338211853199S04154953WA0100101097
B1338251853198S04154953WA0100101096
B1338291853198S04154953WA0100101097
B1338331853198S04154953WA0100101097
B1338371853198S04154953WA0100101098
B1338411853197S04154953WA0100101098
B1338451853197S04154953WA0100101097
B1338491853198S04154953WA0100101097
B1338531853199S04154951WA0100101096
B1338571853199S04154950WA0100101095
B1339011853198S04154948WA0100101096
B1339051853198S04154946WA0100101097
B1339091853198S04154944WA0100101098
B1339131853198S04154944WA0100101098
B1339171853198S04154945WA0100101097
B1339211853199S04154945WA0100101097
B1339251853199S04154945WA0100101098
B1339291853199S04154945WA0100101099
B1339331853200S04154944WA0100101098
B1339371853200S04154944WA0100001097
B1339411853200S04154944WA0100001097
B1339451853200S04154942WA0100101097
B1339491853198S04154940WA0100101096
B1339531853197S04154938WA0100001095
B1339571853196S04154933WA0100001092
B1340011853196S04154932WA0099901093
B1340051853196S04154932WA0099901092
B1340091853194S04154930WA0099901092
B1340131853194S04154929WA0099801092
B1340171853194S04154927WA0099801091
B1340211853194S04154924WA0099701091
B1340251853193S04154922WA0099701091
B1340291853193S04154920WA0099701091
B1340331853193S04154918WA0099701091
B1340371853192S04154918WA0099701090
B1340411853193S04154916WA0099701090
B1340451853193S04154914WA0099701089
B1340491853194S04154913WA0099701089
B1340531853194S04154911WA0099701088
B1340571853195S04154908WA0099601087
B1341011853195S04154906WA0099601086
B1341051853196S04154904WA0099601086
B1341091853196S04154900WA0099601085
B1341131853196S04154898WA0099601086
B1341171853196S04154896WA0099601086
B1341211853196S04154894WA0099501086
B1341251853196S04154893WA0099501086
B1341291853197S04154893WA0099501085
B1341331853198S04154893WA0099501083
B1341371853199S04154892WA0099501081
B1341411853200S04154890WA0099501083
B1341451853199S04154890WA0099501083
B1341491853200S04154889WA0099501083
B1341531853199S04154889WA0099501085
B1341571853199S04154889WA0099501086
B1342011853198S04154889WA0099601087
B1342051853197S04154890WA0099601086
B1342091853196S04154891WA0099501085
B1342131853195S04154893WA0099601086
B1342171853194S04154895WA0099601087
B1342211853194S04154897WA0099601088
B1342251853193S04154900WA0099601088
B1342291853193S04154903WA0099601088
B1342331853193S04154905WA0099601088
B1342371853193S04154907WA0099701089
B1342411853194S04154910WA0099701089
B1342451853193S04154912WA0099701089
B1342491853193S04154915WA0099701089
B1342531853193S04154918WA0099701089
B1342571853193S04154921WA0099801088
B1343011853192S04154923WA0099801088
B1343051853191S04154926WA0099801088
B1343091853192S04154928WA0099901090
B1343131853191S04154931WA0099901090
B1343171853191S04154933WA0100001092
B1343211853190S04154935WA0100001093
B1343251853190S04154938WA0100101094
B1343291853190S04154940WA0100101095
B1343331853189S04154942WA0100201096
B1343371853190S04154944WA0100301097
B1343411853190S04154946WA0100301097
B1343451853190S04154948WA0100301097
B1343491853188S04154950WA0100301097
B1343531853189S04154953WA0100401097
B1343571853189S04154953WA0100401091
B1344011853188S04154955WA0100401092
B1344051853186S04154957WA0100401094
B1344091853185S04154958WA0100401094
B1344131853184S04154959WA0100401095
B1344171853184S04154959WA0100301097
B1344211853184S04154958WA0100301098
B1344251853184S04154958WA0100301100
B1344291853185S04154959WA0100301100
B1344331853185S04154958WA0100301103
B1344371853186S04154959WA0100301101
B1344411853187S04154960WA0100301102
B1344451853186S04154960WA0100301100
B1344491853186S04154961WA0100301098
B1344531853187S04154962WA0100301094
B1344571853187S04154963WA0100301090
B1345011853187S04154963WA0100301087
B1345051853187S04154964WA0100301083
B1345091853188S04154965WA0100301079
B1345131853188S04154965WA0100301081
B1345171853190S04154964WA0100301077
B1345211853191S04154962WA0100401077
B1345251853192S04154961WA0100401080
B1345291853192S04154959WA0100401083
B1345331853192S04154957WA0100301086
B1345371853192S04154956WA0100301088
B1345411853192S04154956WA0100301090
B1345451853192S04154956WA0100301092
B1345491853192S04154956WA0100301094
B1345531853193S04154956WA0100301094
B1345571853194S04154957WA0100301094
B1346011853195S04154957WA0100301094
B1346051853195S04154957WA0100301095
B1346091853195S04154957WA0100301096
B1346131853195S04154957WA0100201096
B1346171853195S04154957WA0100201096
B1346211853195S04154956WA0100201096
B1346251853195S04154956WA0100201096
B1346291853195S04154956WA0100201095
B1346331853195S04154956WA0100201095
B1346371853195S04154956WA0100201095
B1346411853195S04154956WA0100201094
B1346451853195S04154955WA0100201094
B1346491853195S04154955WA0100201094
B1346531853195S04154955WA0100201095
B1346571853195S04154955WA0100201095
B1347011853195S04154955WA0100201095
B1347051853195S04154955WA0100201095
B1347091853195S04154955WA0100201095
B1347131853195S04154955WA0100201095
B1347171853195S04154955WA0100201094
B1347211853195S04154956WA0100201094
B1347251853195S04154955WA0100201094
B1347291853195S04154956WA0100201094
B1347331853194S04154956WA0100201095
B1347371853194S04154956WA0100201095
B1347411853194S04154956WA0100201095
B1347451853194S04154956WA0100201096
B1347491853194S04154956WA0100201096
B1347531853194S04154956WA0100201096
B1347571853194S04154956WA0100201096
B1348011853194S04154956WA0100201096
B1348051853194S04154956WA0100201096
B1348091853193S04154956WA0100201096
B1348131853193S04154956WA0100201097
B1348171853194S04154956WA0100201097
B1348211853194S04154956WA0100201096
B1348251853194S04154956WA0100201095
B1348291853194S04154956WA0100201095
B1348331853194S04154955WA0100201095
B1348371853194S04154955WA0100201094
B1348411853194S04154955WA0100301094
B1348451853194S04154955WA0100301094
B1348491853194S04154955WA0100301094
B1348531853194S04154955WA0100301094
B1348571853194S04154955WA0100301094
B1349011853194S04154955WA0100301094
B1349051853194S04154955WA0100301094
B1349091853194S04154955WA0100301093
B1349131853194S04154955WA0100301095
B1349171853194S04154955WA0100301095
B1349211853193S04154955WA0100301096
B1349251853192S04154954WA0100301095
B1349291853191S04154956WA0100401096
B1349331853191S04154957WA0100401096
B1349371853189S04154958WA0100401097
B1349411853186S04154958WA0100401100
B1349451853185S04154959WA0100401100
B1349491853184S04154959WA0100401100
B1349531853185S04154959WA0100401099
B1349571853185S04154960WA0100401099
B1350011853185S04154960WA0100401099
B1350051853185S04154960WA0100401099
B1350091853185S04154960WA0100401099
B1350131853185S04154961WA0100401098
B1350171853186S04154960WA0100401098
B1350211853186S04154961WA0100401098
B1350251853187S04154961WA0100401097
B1350291853188S04154960WA0100401097
B1350331853189S04154959WA0100401094
B1350371853190S04154959WA0100401095
B1350411853191S04154959WA0100401095
B1350451853191S04154958WA0100401095
B1350491853192S04154959WA0100401095
B1350531853192S04154959WA0100401094
B1350571853193S04154959WA0100401094
B1351011853193S04154959WA0100401093
B1351051853193S04154959WA0100401095
B1351091853193S04154959WA0100401095
B1351131853193S04154960WA0100401096
B1351171853193S04154959WA0100401096
B1351211853193S04154959WA0100401095
B1351251853193S04154959WA0100401094
B1351291853193S04154959WA0100401095
B1351331853193S04154959WA0100401094
B1351371853193S04154959WA0100401094
B1351411853193S04154959WA0100401094
B1351451853193S04154959WA0100401095
B1351491853194S04154959WA0100401095
B1351531853193S04154959WA0100401096
B1351571853193S04154959WA0100401097
B1352011853193S04154959WA0100401097
B1352051853193S04154959WA0100401097
B1352091853193S04154959WA0100401097
B1352131853193S04154959WA0100401097
B1352171853193S04154959WA0100401097
B1352211853192S04154959WA0100401097
B1352251853192S04154959WA0100401096
B1352291853192S04154959WA0100401096
B1352331853192S04154959WA0100401095
B1352371853193S04154959WA0100401094
B1352411853193S04154959WA0100401093
B1352451853193S04154959WA0100401093
B1352491853193S04154959WA0100401092
B1352531853193S04154958WA0100401093
B1352571853193S04154958WA0100401092
B1353011853193S04154958WA0100401092
B1353051853193S04154958WA0100401092
B1353091853193S04154958WA0100401093
B1353131853193S04154958WA0100401093
B1353171853193S04154957WA0100401094
B1353211853193S04154957WA0100401094
B1353251853193S04154957WA0100401094
B1353291853192S04154957WA0100401095
B1353331853192S04154957WA0100401095
B1353371853192S04154957WA0100401095
B1353411853192S04154958WA0100401095
B1353451853192S04154958WA0100401094
B1353491853192S04154957WA0100401094
B1353531853193S04154957WA0100401093
B1353571853193S04154957WA0100501093
B1354011853193S04154957WA0100501092
B1354051853193S04154957WA0100501093
B1354091853193S04154957WA0100501094
B1354131853193S04154957WA0100501094
B1354171853193S04154957WA0100501094
B1354211853193S04154957WA0100401093
B1354251853193S04154957WA0100401092
B1354291853193S04154957WA0100501091
B1354331853193S04154957WA0100501090
B1354371853193S04154957WA0100501090
B1354411853193S04154957WA0100501091
B1354451853193S04154957WA0100501091
B1354491853193S04154957WA0100501092
B1354531853193S04154957WA0100501092
B1354571853192S04154957WA0100501092
B1355011853192S04154957WA0100501092
B1355051853192S04154957WA0100501092
B1355091853192S04154957WA0100501093
B1355131853192S04154957WA0100501094
B1355171853192S04154957WA0100501094
B1355211853192S04154957WA0100501094
B1355251853192S04154957WA0100501095
B1355291853192S04154957WA0100501095
B1355331853191S04154957WA0100501095
B1355371853191S04154957WA0100501096
B1355411853192S04154957WA0100501095
B1355451853192S04154957WA0100501094
B1355491853193S04154958WA0100501093
B1355531853193S04154958WA0100501093
B1355571853193S04154958WA0100501093
B1356011853193S04154958WA0100501094
B1356051853193S04154959WA0100501093
B1356091853194S04154959WA0100501093
B1356131853194S04154960WA0100501093
B1356171853194S04154960WA0100501094
B1356211853193S04154959WA0100501097
B1356251853192S04154959WA0100501099
B1356291853192S04154959WA0100501100
B1356331853193S04154959WA0100501100
B1356371853193S04154960WA0100501099
B1356411853193S04154960WA0100501099
B1356451853192S04154960WA0100501100
B1356491853192S04154960WA0100501100
B1356531853192S04154960WA0100501100
B1356571853192S04154960WA0100501101
B1357011853192S04154960WA0100501101
B1357051853192S04154960WA0100501100
B1357091853192S04154959WA0100501101
B1357131853192S04154959WA0100501099
B1357171853192S04154959WA0100501097
B1357211853192S04154959WA0100501097
B1357251853192S04154959WA0100501096
B1357291853192S04154959WA0100501096
B1357331853193S04154959WA0100501097
B1357371853193S04154959WA0100501098
B1357411853193S04154959WA0100501098
B1357451853193S04154959WA0100501098
B1357491853193S04154959WA0100501100
B1357531853192S04154959WA0100501098
B1357571853192S04154959WA0100501098
B1358011853193S04154959WA0100501097
B1358051853193S04154959WA0100501096
B1358091853193S04154959WA0100501095
B1358131853193S04154959WA0100501094
B1358171853194S04154959WA0100501092
B1358211853194S04154958WA0100501090
B1358251853194S04154958WA0100501090
B1358291853195S04154958WA0100501090
B1358331853194S04154958WA0100501090
B1358371853194S04154959WA0100501091
B1358411853194S04154958WA0100501091
B1358451853194S04154958WA0100501091
B1358491853195S04154958WA0100501090
B1358531853195S04154957WA0100501092
B1358571853195S04154957WA0100501092
B1359011853195S04154957WA0100501091
B1359051853194S04154957WA0100501091
B1359091853195S04154957WA0100501089
B1359131853195S04154957WA0100501089
B1359171853195S04154957WA0100501089
B1359211853195S04154958WA0100501089
B1359251853195S04154958WA0100501089
B1359291853194S04154958WA0100501090
B1359331853195S04154958WA0100501090
B1359371853194S04154958WA0100501090
B1359411853194S04154958WA0100501090
B1359451853194S04154958WA0100501091
B1359491853194S04154959WA0100501091
B1359531853194S04154959WA0100501092
B1359571853193S04154959WA0100501093
B1400011853193S04154959WA0100501093
B1400051853193S04154959WA0100501094
B1400091853193S04154960WA0100501094
B1400131853193S04154960WA0100501094
B1400171853193S04154960WA0100501096
B1400211853193S04154960WA0100501096
B1400251853193S04154960WA0100501096
B1400291853193S04154960WA0100501096
B1400331853193S04154960WA0100501096
B1400371853193S04154960WA0100501096
B1400411853193S04154960WA0100501095
B1400451853193S04154960WA0100501094
B1400491853193S04154961WA0100501094
B1400531853193S04154961WA0100501094
B1400571853193S04154961WA0100501094
B1401011853193S04154961WA0100501094
B1401051853193S04154961WA0100501093
B1401091853193S04154961WA0100501094
B1401131853193S04154961WA0100501094
B1401171853193S04154961WA0100501094
B1401211853193S04154961WA0100501094
B1401251853193S04154960WA0100501095
B1401291853193S04154958WA0100501094
B1401331853192S04154957WA0100501095
B1401371853193S04154957WA0100501097
B1401411853193S04154957WA0100501097
B1401451853193S04154957WA0100501096
B1401491853193S04154957WA0100501096
B1401531853193S04154957WA0100501096
B1401571853193S04154957WA0100501095
B1402011853193S04154956WA0100501095
B1402051853193S04154956WA0100501094
B1402091853193S04154956WA0100501093
B1402131853193S04154956WA0100501093
B1402171853193S04154956WA0100501093
B1402211853193S04154956WA0100501093
B1402251853193S04154956WA0100501094
B1402291853192S04154956WA0100501095
B1402331853192S04154956WA0100501095
B1402371853192S04154956WA0100501096
B1402411853192S04154956WA0100501096
B1402451853192S04154956WA0100501096
B1402491853192S04154956WA0100501095
B1402531853193S04154956WA0100501095
B1402571853193S04154956WA0100501095
B1403011853193S04154956WA0100501095
B1403051853193S04154956WA0100501096
B1403091853193S04154956WA0100501095
B1403131853193S04154956WA0100501094
B1403171853194S04154957WA0100501095
B1403211853194S04154957WA0100501097
B1403251853194S04154957WA0100501097
B1403291853194S04154958WA0100501097
B1403331853194S04154958WA0100501098
B1403371853194S04154958WA0100501098
B1403411853194S04154958WA0100501098
B1403451853194S04154958WA0100501098
B1403491853194S04154957WA0100501098
B1403531853194S04154957WA0100501098
B1403571853194S04154958WA0100501098
B1404011853194S04154958WA0100501098
B1404051853194S04154958WA0100501097
B1404091853193S04154957WA0100501096
B1404131853193S04154958WA0100501096
B1404171853193S04154958WA0100501096
B1404211853193S04154957WA0100501096
B1404251853193S04154958WA0100501096
B1404291853193S04154957WA0100501095
B1404331853193S04154958WA0100501095
B1404371853193S04154958WA0100501095
B1404411853193S04154958WA0100501096
B1404451853193S04154958WA0100501097
B1404491853193S04154958WA0100501098
B1404531853193S04154957WA0100501097
B1404571853193S04154957WA0100501097
B1405011853192S04154957WA0100501098
B1405051853192S04154957WA0100501098
B1405091853192S04154957WA0100501098
B1405131853192S04154956WA0100501098
B1405171853192S04154956WA0100501096
B1405211853192S04154956WA0100501096
B1405251853192S04154956WA0100501096
B1405291853192S04154956WA0100501096
B1405331853192S04154956WA0100501096
B1405371853192S04154956WA0100501095
B1405411853192S04154956WA0100501095
B1405451853193S04154956WA0100501094
B1405491853193S04154956WA0100501093
B1405531853193S04154956WA0100501092
B1405571853193S04154956WA0100501093
B1406011853193S04154956WA0100501094
B1406051853193S04154956WA0100501094
B1406091853193S04154956WA0100501094
B1406131853193S04154956WA0100501094
B1406171853193S04154956WA0100501094
B1406211853193S04154956WA0100501094
B1406251853194S04154956WA0100501093
B1406291853194S04154956WA0100501093
B1406331853194S04154956WA0100501093
B1406371853194S04154956WA0100501093
B1406411853194S04154956WA0100501094
B1406451853194S04154955WA0100501094
B1406491853194S04154955WA0100501094
B1406531853194S04154955WA0100501095
B1406571853194S04154956WA0100501095
B1407011853193S04154955WA0100501096
B1407051853193S04154956WA0100501096
B1407091853193S04154955WA0100501095
B1407131853193S04154955WA0100501094
B1407171853193S04154955WA0100501094
B1407211853193S04154956WA0100501095
B1407251853193S04154956WA0100501095
B1407291853193S04154956WA0100501098
B1407331853193S04154956WA0100501098
B1407371853193S04154956WA0100501097
B1407411853193S04154956WA0100501096
B1407451853193S04154956WA0100501096
B1407491853193S04154956WA0100501097
B1407531853193S04154956WA0100601097
B1407571853193S04154956WA0100601097
B1408011853193S04154956WA0100601097
B1408051853194S04154956WA0100601095
B1408091853194S04154956WA0100601094
B1408131853194S04154955WA0100601094
B1408171853194S04154955WA0100601093
B1408211853194S04154955WA0100601093
B1408251853194S04154955WA0100601094
B1408291853194S04154955WA0100601096
B1408331853194S04154955WA0100601097
B1408371853193S04154955WA0100601098
B1408411853192S04154956WA0100601100
B1408451853191S04154956WA0100601099
B1408491853191S04154954WA0100601099
B1408531853191S04154954WA0100601099
B1408571853191S04154951WA0100601099
B1409011853192S04154948WA0100601097
B1409051853192S04154945WA0100601097
B1409091853192S04154943WA0100501096
B1409131853193S04154941WA0100501095
B1409171853193S04154939WA0100401094
B1409211853193S04154936WA0100401095
B1409251853193S04154934WA0100301093
B1409291853193S04154934WA0100301088
B1409331853193S04154933WA0100301089
B1409371853194S04154932WA0100201089
B1409411853194S04154930WA0100201088
B1409451853194S04154928WA0100101088
B1409491853194S04154926WA0100101089
B1409531853194S04154924WA0100101089
B1409571853194S04154922WA0100001088
B1410011853194S04154921WA0100001089
B1410051853195S04154918WA0100001088
B1410091853195S04154916WA0100001087
B1410131853195S04154914WA0100001086
B1410171853195S04154912WA0100001086
B1410211853195S04154910WA0100001088
B1410251853196S04154908WA0100001086
B1410291853196S04154906WA0099901086
B1410331853196S04154903WA0099901084
B1410371853196S04154901WA0099901084
B1410411853196S04154898WA0099901087
B1410451853196S04154896WA0099901087
B1410491853197S04154894WA0099901087
B1410531853198S04154892WA0099801087
B1410571853199S04154890WA0099801085
B1411011853200S04154888WA0099801085
B1411051853201S04154886WA0099801086
B1411091853201S04154885WA0099801086
B1411131853201S04154885WA0099801085
B1411171853201S04154885WA0099801084
B1411211853201S04154885WA0099801084
B1411251853201S04154885WA0099801084
B1411291853201S04154885WA0099801084
B1411331853201S04154886WA0099801084
B1411371853201S04154885WA0099801084
B1411411853201S04154885WA0099801084
B1411451853201S04154885WA0099801084
B1411491853201S04154885WA0099801085
B1411531853201S04154885WA0099801085
B1411571853201S04154885WA0099801085
B1412011853201S04154886WA0099801085
B1412051853201S04154886WA0099801085
B1412091853201S04154886WA0099801085
B1412131853201S04154886WA0099801085
B1412171853201S04154886WA0099801085
B1412211853201S04154886WA0099801085
B1412251853201S04154886WA0099801085
B1412291853201S04154886WA0099801085
B1412331853201S04154886WA0099801086
B1412371853201S04154886WA0099801086
B1412411853201S04154885WA0099801086
B1412451853201S04154885WA0099801086
B1412491853201S04154884WA0099801085
B1412531853201S04154885WA0099801085
B1412571853201S04154885WA0099801084
B1413011853201S04154885WA0099801084
B1413051853201S04154885WA0099801084
B1413091853201S04154885WA0099801085
B1413131853202S04154885WA0099801085
B1413171853201S04154885WA0099801085
B1413211853202S04154885WA0099801086
B1413251853202S04154885WA0099801086
B1413291853202S04154885WA0099801086
B1413331853202S04154885WA0099801085
B1413371853201S04154885WA0099801085
B1413411853201S04154885WA0099801086
B1413451853201S04154885WA0099801086
B1413491853201S04154885WA0099801085
B1413531853201S04154885WA0099801086
B1413571853201S04154885WA0099801086
B1414011853201S04154885WA0099801086
B1414051853201S04154885WA0099801086
B1414091853201S04154885WA0099801086
B1414131853201S04154885WA0099801087
B1414171853201S04154884WA0099801087
B1414211853201S04154884WA0099801087
B1414251853201S04154884WA0099801086
B1414291853201S04154884WA0099801085
B1414331853201S04154884WA0099801085
B1414371853201S04154884WA0099801085
B1414411853202S04154884WA0099801085
B1414451853202S04154884WA0099801085
B1414491853202S04154885WA0099801085
B1414531853201S04154885WA0099801085
B1414571853201S04154884WA0099801084
B1415011853201S04154884WA0099801084
B1415051853201S04154884WA0099801084
B1415091853201S04154884WA0099801084
B1415131853201S04154884WA0099801084
B1415171853201S04154884WA0099801084
B1415211853201S04154885WA0099801085
B1415251853202S04154884WA0099801085
B1415291853202S04154884WA0099801086
B1415331853202S04154884WA0099801085
B1415371853202S04154884WA0099801085
B1415411853202S04154884WA0099801085
B1415451853202S04154884WA0099801085
B1415491853202S04154885WA0099801086
B1415531853202S04154885WA0099801085
B1415571853202S04154885WA0099801085
B1416011853202S04154885WA0099801085
B1416051853202S04154885WA0099801085
B1416091853201S04154884WA0099801085
B1416131853201S04154885WA0099801085
B1416171853200S04154885WA0099801086
B1416211853201S04154886WA0099801085
B1416251853201S04154886WA0099801085
B1416291853201S04154886WA0099801085
B1416331853200S04154887WA0099801086
B1416371853201S04154887WA0099801085
B1416411853201S04154887WA0099801086
B1416451853201S04154887WA0099801085
B1416491853202S04154886WA0099801085
B1416531853202S04154887WA0099801085
B1416571853201S04154887WA0099801086
B1417011853201S04154886WA0099801087
B1417051853201S04154887WA0099801088
B1417091853201S04154886WA0099801087
B1417131853201S04154886WA0099801088
B1417171853201S04154886WA0099801088
B1417211853201S04154886WA0099801088
B1417251853201S04154886WA0099801088
B1417291853201S04154886WA0099801088
B1417331853201S04154886WA0099801088
B1417371853200S04154886WA0099801088
B1417411853200S04154886WA0099801088
B1417451853200S04154886WA0099801088
B1417491853201S04154886WA0099801087
B1417531853201S04154886WA0099801087
B1417571853200S04154886WA0099801088
B1418011853200S04154886WA0099801089
B1418051853200S04154886WA0099801088
B1418091853200S04154886WA0099801088
B1418131853201S04154886WA0099801087
B1418171853201S04154886WA0099801087
B1418211853201S04154886WA0099801087
B1418251853201S04154886WA0099801086
B1418291853201S04154886WA0099801086
B1418331853201S04154886WA0099801086
B1418371853201S04154886WA0099801086
B1418411853201S04154886WA0099801086
B1418451853201S04154885WA0099801086
B1418491853201S04154885WA0099801086
B1418531853201S04154885WA0099801087
B1418571853201S04154885WA0099801087
B1419011853201S04154885WA0099801087
B1419051853201S04154885WA0099801087
B1419091853201S04154885WA0099801087
B1419131853201S04154885WA0099801087
B1419171853201S04154885WA0099801087
B1419211853201S04154885WA0099801087
B1419251853201S04154885WA0099901087
B1419291853200S04154885WA0099801088
B1419331853200S04154885WA0099901088
B1419371853200S04154885WA0099901088
B1419411853200S04154885WA0099901088
B1419451853200S04154885WA0099901088
B1419491853200S04154885WA0099901087
B1419531853201S04154885WA0099901086
B1419571853201S04154885WA0099901087
B1420011853201S04154886WA0099901086
B1420051853201S04154886WA0099901087
B1420091853201S04154886WA0099901086
B1420131853201S04154885WA0099901086
B1420171853201S04154886WA0099901087
B1420211853200S04154886WA0099901088
B1420251853200S04154886WA0099901087
B1420291853200S04154886WA0099901088
B1420331853200S04154886WA0099901088
B1420371853200S04154886WA0099901088
B1420411853200S04154886WA0099901087
B1420451853200S04154885WA0099901088
B1420491853200S04154885WA0099901088
B1420531853200S04154885WA0099901088
B1420571853200S04154885WA0099901088
B1421011853200S04154885WA0099901089
B1421051853200S04154885WA0099901090
B1421091853200S04154885WA0099901089
B1421131853200S04154885WA0099901089
B1421171853200S04154885WA0099901089
B1421211853200S04154885WA0099901088
B1421251853201S04154886WA0099901088
B1421291853201S04154885WA0099901089
B1421331853201S04154885WA0099901089
B1421371853201S04154885WA0099901089
B1421411853201S04154885WA0099901090
B1421451853201S04154885WA0099901090
B1421491853201S04154885WA0099901090
B1421531853201S04154885WA0099901089
B1421571853201S04154885WA0099901089
B1422011853201S04154885WA0099901089
B1422051853201S04154885WA0099901088
B1422091853201S04154885WA0099901088
B1422131853201S04154885WA0099901088
B1422171853201S04154885WA0099901088
B1422211853200S04154885WA0099901088
B1422251853199S04154886WA0099901088
B1422291853199S04154886WA0099901087
B1422331853198S04154889WA0100001088
B1422371853197S04154891WA0100001088
B1422411853196S04154895WA0100001088
B1422451853196S04154897WA0100001089
B1422491853196S04154900WA0100001089
B1422531853196S04154904WA0100101089
B1422571853195S04154907WA0100101089
B1423011853194S04154910WA0100101090
B1423051853193S04154914WA0100101092
B1423091853193S04154917WA0100101092
B1423131853193S04154919WA0100201093
B1423171853192S04154923WA0100201092
B1423211853191S04154927WA0100201096
B1423251853190S04154930WA0100301097
B1423291853191S04154932WA0100301096
B1423331853191S04154936WA0100401098
B1423371853192S04154937WA0100501099
B1423411853191S04154940WA0100601100
B1423451853192S04154941WA0100601099
B1423491853193S04154943WA0100701098
B1423531853193S04154945WA0100701095
B1423571853194S04154946WA0100701095
B1424011853195S04154946WA0100701097
B1424051853195S04154946WA0100701098
B1424091853194S04154946WA0100701097
B1424131853194S04154946WA0100701096
B1424171853194S04154946WA0100701096
B1424211853193S04154946WA0100701095
B1424251853192S04154946WA0100701094
B1424291853191S04154946WA0100701093
B1424331853191S04154948WA0100701095
B1424371853190S04154951WA0100801094
B1424411853190S04154953WA0100801093
B1424451853190S04154957WA0100801094
B1424491853189S04154960WA0100801095
B1424531853187S04154961WA0100801097
B1424571853186S04154963WA0100801098
B1425011853187S04154962WA0100801099
B1425051853187S04154962WA0100801099
B1425091853187S04154962WA0100801099
B1425131853187S04154961WA0100801100
B1425171853188S04154964WA0100801099
B1425211853188S04154966WA0100801099
B1425251853187S04154966WA0100801099
B1425291853188S04154967WA0100801102
B1425331853187S04154967WA0100801103
B1425371853186S04154967WA0100801102
B1425411853186S04154967WA0100801101
B1425451853186S04154968WA0100801099
B1425491853186S04154968WA0100801097
B1425531853185S04154968WA0100801094
B1425571853185S04154970WA0100801092
B1426011853185S04154972WA0100801088
B1426051853186S04154974WA0100801084
B1426091853187S04154978WA0100801081
B1426131853188S04154978WA0100801080
B1426171853189S04154976WA0100801082
B1426211853188S04154970WA0100801086
B1426251853188S04154966WA0100901092
B1426291853188S04154960WA0100901096
B1426331853189S04154957WA0100901098
B1426371853189S04154954WA0100801100
B1426411853189S04154956WA0100801100
B1426451853189S04154957WA0100901099
B1426491853189S04154958WA0100901099
B1426531853190S04154960WA0100901098
B1426571853190S04154962WA0100901098
B1427011853190S04154964WA0100901099
B1427051853190S04154966WA0100801099
B1427091853190S04154968WA0100801099
B1427131853190S04154969WA0100801098
B1427171853190S04154969WA0100801098
B1427211853190S04154969WA0100801098
B1427251853190S04154969WA0100801098
B1427291853190S04154969WA0100801099
B1427331853191S04154969WA0100801099
B1427371853190S04154968WA0100801099
B1427411853188S04154968WA0100801100
B1427451853188S04154968WA0100801101
B1427491853188S04154968WA0100801102
B1427531853188S04154971WA0100801102
B1427571853188S04154972WA0100801102
B1428011853187S04154970WA0100801104
B1428051853187S04154970WA0100801101
B1428091853189S04154971WA0100801102
B1428131853190S04154970WA0100801101
B1428171853191S04154970WA0100801097
B1428211853190S04154969WA0100801087
B1428251853190S04154969WA0100801088
B1428291853190S04154968WA0100801088
B1428331853190S04154968WA0100901090
B1428371853190S04154966WA0100901089
B1428411853190S04154964WA0100901088
B1428451853190S04154962WA0100901089
B1428491853190S04154959WA0100901090
B1428531853190S04154958WA0100901091
B1428571853190S04154955WA0100801090
B1429011853190S04154953WA0100801091
B1429051853191S04154950WA0100801091
B1429091853191S04154948WA0100801091
B1429131853191S04154946WA0100701090
B1429171853191S04154943WA0100701092
B1429211853192S04154941WA0100601091
B1429251853191S04154939WA0100601090
B1429291853192S04154936WA0100501089
B1429331853193S04154933WA0100501088
B1429371853193S04154931WA0100401087
B1429411853193S04154928WA0100401086
B1429451853194S04154925WA0100301086
B1429491853194S04154923WA0100301086
B1429531853194S04154921WA0100301086
B1429571853194S04154918WA0100201086
B1430011853194S04154914WA0100201088
B1430051853195S04154912WA0100201088
B1430091853195S04154909WA0100201090
B1430131853196S04154905WA0100201090
B1430171853196S04154904WA0100201088
B1430211853197S04154902WA0100101089
B1430251853197S04154898WA0100101090
B1430291853198S04154895WA0100101090
B1430331853198S04154894WA0100101090
B1430371853198S04154894WA0100101089
B1430411853198S04154892WA0100101089
B1430451853199S04154890WA0100101090
B1430491853200S04154887WA0100101091
B1430531853200S04154886WA0100001091
B1430571853200S04154886WA0100001090
B1431011853200S04154885WA0100001090
B1431051853200S04154885WA0100001090
B1431091853200S04154885WA0100001089
B1431131853200S04154886WA0100001089
B1431171853200S04154886WA0100001090
B1431211853200S04154885WA0100001089
B1431251853200S04154885WA0100001088
B1431291853200S04154885WA0100001088
B1431331853200S04154885WA0100001088
B1431371853200S04154885WA0100001086
B1431411853200S04154885WA0100001086
B1431451853200S04154885WA0100001086
B1431491853201S04154885WA0100001086
B1431531853201S04154886WA0100001086
B1431571853201S04154886WA0100001086
B1432011853201S04154886WA0100001086
B1432051853202S04154886WA0100001086
B1432091853203S04154886WA0100001088
B1432131853203S04154886WA0100001089
B1432171853203S04154886WA0100001089
B1432211853202S04154886WA0100001089
B1432251853202S04154885WA0100001088
B1432291853202S04154885WA0100001088
B1432331853202S04154885WA0100001088
B1432371853203S04154885WA0100001087
B1432411853203S04154885WA0100001088
B1432451853203S04154885WA0100001088
B1432491853202S04154885WA0100001088
B1432531853202S04154885WA0100001088
B1432571853202S04154885WA0100001088
B1433011853202S04154885WA0100001088
B1433051853202S04154885WA0100001088
B1433091853202S04154885WA0100001088
B1433131853202S04154885WA0100001088
B1433171853202S04154885WA0100001088
B1433211853202S04154885WA0100001089
B1433251853202S04154885WA0100001089
B1433291853202S04154885WA0100001089
B1433331853202S04154885WA0100001089
B1433371853201S04154885WA0100001090
B1433411853202S04154885WA0100001089
B1433451853202S04154885WA0100001089
B1433491853201S04154886WA0100001090
B1433531853199S04154886WA0100101091
B1433571853198S04154887WA0100101091
B1434011853196S04154889WA0100101091
B1434051853196S04154890WA0100001091
B1434091853196S04154890WA0100001091
B1434131853196S04154890WA0100001092
B1434171853196S04154890WA0100001092
B1434211853196S04154890WA0100001093
B1434251853196S04154890WA0100001093
B1434291853196S04154890WA0100001093
B1434331853196S04154890WA0100001094
B1434371853196S04154890WA0100001094
B1434411853196S04154890WA0100001094
B1434451853196S04154890WA0100001094
B1434491853196S04154890WA0100001094
B1434531853196S04154890WA0100001095
B1434571853196S04154891WA0100001095
B1435011853196S04154891WA0100001095
B1435051853196S04154891WA0100001095
B1435091853196S04154891WA0100001094
B1435131853196S04154891WA0100001094
B1435171853196S04154891WA0100101093
B1435211853196S04154891WA0100001093
B1435251853196S04154891WA0100001092
B1435291853196S04154891WA0100001091
B1435331853196S04154891WA0100001091
B1435371853196S04154891WA0100101091
B1435411853196S04154891WA0100101091
B1435451853196S04154891WA0100101091
B1435491853196S04154891WA0100101091
B1435531853195S04154891WA0100101091
B1435571853195S04154891WA0100101091
B1436011853195S04154891WA0100101091
B1436051853195S04154891WA0100101091
B1436091853195S04154891WA0100101091
B1436131853195S04154891WA0100101091
B1436171853195S04154891WA0100101091
B1436211853195S04154891WA0100101091
B1436251853195S04154891WA0100101092
B1436291853195S04154891WA0100101091
B1436331853195S04154891WA0100101091
B1436371853195S04154891WA0100101091
B1436411853195S04154891WA0100101091
B1436451853195S04154891WA0100101091
B1436491853195S04154891WA0100101091
B1436531853195S04154891WA0100101091
B1436571853195S04154891WA0100101091
B1437011853195S04154891WA0100101091
B1437051853195S04154890WA0100101092
B1437091853195S04154890WA0100101092
B1437131853195S04154890WA0100101091
B1437171853195S04154891WA0100101091
B1437211853195S04154891WA0100101091
B1437251853195S04154890WA0100101091
B1437291853195S04154891WA0100101090
B1437331853195S04154891WA0100101090
B1437371853195S04154891WA0100101090
B1437411853195S04154891WA0100101089
B1437451853195S04154891WA0100101090
B1437491853195S04154891WA0100101090
B1437531853196S04154891WA0100101090
B1437571853196S04154891WA0100101090
B1438011853196S04154891WA0100101090
B1438051853195S04154891WA0100101090
B1438091853195S04154891WA0100101090
B1438131853195S04154891WA0100101090
B1438171853195S04154891WA0100101090
B1438211853195S04154891WA0100101090
B1438251853195S04154891WA0100101089
B1438291853195S04154891WA0100101089
B1438331853195S04154891WA0100101088
B1438371853195S04154891WA0100101087
B1438411853195S04154891WA0100101087
B1438451853194S04154891WA0100101087
B1438491853194S04154891WA0100101087
B1438531853195S04154891WA0100101088
B1438571853195S04154891WA0100101088
B1439011853195S04154890WA0100101088
B1439051853195S04154890WA0100101088
B1439091853195S04154890WA0100101087
B1439131853195S04154890WA0100101086
B1439171853195S04154890WA0100101086
B1439211853195S04154890WA0100101086
B1439251853195S04154890WA0100101086
B1439291853195S04154890WA0100101085
B1439331853195S04154890WA0100101085
B1439371853195S04154890WA0100101085
B1439411853195S04154890WA0100101084
B1439451853195S04154890WA0100101083
B1439491853195S04154891WA0100101084
B1439531853196S04154890WA0100101084
B1439571853196S04154890WA0100101085
B1440011853196S04154890WA0100101085
B1440051853196S04154890WA0100101085
B1440091853196S04154890WA0100101086
B1440131853196S04154890WA0100101086
B1440171853196S04154890WA0100101087
B1440211853196S04154890WA0100101086
B1440251853196S04154890WA0100101086
B1440291853196S04154890WA0100101088
B1440331853196S04154890WA0100101088
B1440371853196S04154890WA0100101088
B1440411853196S04154890WA0100101089
B1440451853196S04154890WA0100101089
B1440491853197S04154888WA0100101088
B1440531853198S04154887WA0100101089
B1440571853199S04154886WA0100101089
B1441011853199S04154884WA0100101089
B1441051853200S04154883WA0100101088
B1441091853199S04154883WA0100101088
B1441131853200S04154883WA0100101088
B1441171853200S04154883WA0100101087
B1441211853200S04154882WA0100101087
B1441251853201S04154882WA0100001087
B1441291853201S04154882WA0100001087
B1441331853201S04154882WA0100001087
B1441371853201S04154882WA0100001087
B1441411853202S04154882WA0100001086
B1441451853202S04154882WA0100001086
B1441491853202S04154882WA0100001086
B1441531853202S04154882WA0100001086
B1441571853202S04154882WA0100001086
B1442011853202S04154882WA0100001086
B1442051853202S04154882WA0100001086
B1442091853202S04154882WA0100001086
B1442131853202S04154882WA0100001085
B1442171853202S04154882WA0100001085
B1442211853201S04154882WA0100101084
B1442251853202S04154881WA0100101085
B1442291853202S04154881WA0100101085
B1442331853202S04154881WA0100101085
B1442371853202S04154881WA0100001085
B1442411853202S04154882WA0100001085
B1442451853201S04154881WA0100101086
B1442491853202S04154881WA0100001086
B1442531853201S04154882WA0100101086
B1442571853201S04154882WA0100101087
B1443011853200S04154882WA0100101087
B1443051853199S04154884WA0100101087
B1443091853198S04154884WA0100101087
B1443131853198S04154885WA0100101087
B1443171853198S04154886WA0100101089
B1443211853197S04154887WA0100101089
B1443251853197S04154887WA0100101088
B1443291853196S04154887WA0100101089
B1443331853196S04154888WA0100101089
B1443371853196S04154888WA0100101088
B1443411853196S04154888WA0100101088
B1443451853196S04154888WA0100101088
B1443491853196S04154888WA0100101088
B1443531853196S04154888WA0100101087
B1443571853196S04154888WA0100101087
B1444011853196S04154888WA0100101087
B1444051853196S04154888WA0100101087
B1444091853196S04154888WA0100101087
B1444131853196S04154888WA0100101087
B1444171853196S04154888WA0100101087
B1444211853196S04154888WA0100101087
B1444251853196S04154888WA0100101087
B1444291853196S04154888WA0100101087
B1444331853196S04154888WA0100101088
B1444371853196S04154888WA0100101088
B1444411853196S04154888WA0100101088
B1444451853196S04154888WA0100101088
B1444491853196S04154888WA0100101087
B1444531853196S04154888WA0100101086
B1444571853196S04154888WA0100101086
B1445011853196S04154888WA0100101085
B1445051853196S04154888WA0100101085
B1445091853196S04154888WA0100101085
B1445131853196S04154888WA0100101085
B1445171853196S04154888WA0100101085
B1445211853196S04154888WA0100101086
B1445251853196S04154888WA0100101085
B1445291853196S04154888WA0100101085
B1445331853195S04154888WA0100101085
B1445371853195S04154888WA0100101085
B1445411853195S04154888WA0100101085
B1445451853195S04154888WA0100101085
B1445491853195S04154888WA0100101085
B1445531853195S04154888WA0100101085
B1445571853195S04154888WA0100101085
B1446011853195S04154888WA0100101085
B1446051853195S04154888WA0100101085
B1446091853195S04154888WA0100101085
B1446131853195S04154888WA0100101086
B1446171853195S04154888WA0100101086
B1446211853195S04154888WA0100101087
B1446251853195S04154888WA0100101087
B1446291853195S04154888WA0100101087
B1446331853195S04154888WA0100101088
B1446371853195S04154888WA0100101087
B1446411853195S04154888WA0100101087
B1446451853196S04154888WA0100101086
B1446491853196S04154888WA0100101087
B1446531853196S04154888WA0100101087
B1446571853196S04154888WA0100101087
B1447011853196S04154888WA0100101087
B1447051853196S04154888WA0100101087
B1447091853196S04154888WA0100101087
B1447131853196S04154888WA0100101087
B1447171853196S04154888WA0100101088
B1447211853196S04154888WA0100101088
B1447251853196S04154888WA0100101087
B1447291853196S04154888WA0100101087
B1447331853196S04154888WA0100101087
B1447371853196S04154888WA0100101087
B1447411853196S04154888WA0100101087
B1447451853195S04154888WA0100101088
B1447491853195S04154888WA0100101088
B1447531853195S04154888WA0100101088
B1447571853195S04154888WA0100101089
B1448011853195S04154888WA0100101089
B1448051853195S04154888WA0100101089
B1448091853195S04154888WA0100101088
B1448131853195S04154888WA0100101088
B1448171853196S04154888WA0100101088
B1448211853196S04154888WA0100101088
B1448251853196S04154889WA0100101088
B1448291853196S04154889WA0100101088
B1448331853196S04154889WA0100101089
B1448371853196S04154889WA0100101089
B1448411853196S04154889WA0100101089
B1448451853196S04154888WA0100101088
B1448491853195S04154888WA0100101088
B1448531853195S04154889WA0100101088
B1448571853195S04154889WA0100101088
B1449011853195S04154889WA0100101087
B1449051853195S04154889WA0100101086
B1449091853195S04154889WA0100101086
B1449131853197S04154888WA0100101085
B1449171853199S04154886WA0100201085
B1449211853200S04154886WA0100101085
B1449251853200S04154886WA0100101084
B1449291853201S04154885WA0100101085
B1449331853201S04154885WA0100101085
B1449371853201S04154885WA0100101085
B1449411853201S04154885WA0100101085
B1449451853201S04154885WA0100101085
B1449491853201S04154885WA0100101085
B1449531853201S04154885WA0100101085
B1449571853201S04154885WA0100101084
B1450011853201S04154885WA0100101084
B1450051853201S04154885WA0100101084
B1450091853201S04154885WA0100101084
B1450131853201S04154885WA0100101085
B1450171853201S04154885WA0100101085
B1450211853201S04154885WA0100101086
B1450251853201S04154885WA0100101085
B1450291853201S04154885WA0100101086
B1450331853201S04154885WA0100101086
B1450371853201S04154885WA0100101085
B1450411853201S04154885WA0100101085
B1450451853201S04154885WA0100101085
B1450491853201S04154885WA0100101085
B1450531853201S04154885WA0100101084
B1450571853201S04154885WA0100101085
B1451011853201S04154885WA0100101084
B1451051853201S04154885WA0100101084
B1451091853201S04154885WA0100101085
B1451131853201S04154885WA0100101085
B1451171853201S04154885WA0100101085
B1451211853201S04154885WA0100101085
B1451251853200S04154885WA0100101086
B1451291853200S04154885WA0100101085
B1451331853200S04154885WA0100101085
B1451371853200S04154885WA0100101085
B1451411853200S04154885WA0100101085
B1451451853200S04154885WA0100101085
B1451491853200S04154885WA0100101086
B1451531853200S04154885WA0100101085
B1451571853201S04154885WA0100101085
B1452011853201S04154885WA0100101085
B1452051853201S04154885WA0100101085
B1452091853201S04154885WA0100101085
B1452131853201S04154885WA0100101085
B1452171853201S04154885WA0100101084
B1452211853201S04154884WA0100101084
B1452251853202S04154882WA0100101083
B1452291853203S04154881WA0100101081
B1452331853204S04154880WA0100001083
B1452371853205S04154880WA0100001083
B1452411853205S04154880WA0100001083
B1452451853205S04154879WA0100001083
B1452491853205S04154879WA0100001083
B1452531853205S04154879WA0100001083
B1452571853204S04154881WA0100001083
B1453011853202S04154882WA0100101083
B1453051853201S04154883WA0100101084
B1453091853201S04154883WA0100101084
B1453131853201S04154883WA0100101085
B1453171853201S04154884WA0100101086
B1453211853201S04154886WA0100201086
B1453251853202S04154885WA0100101086
B1453291853202S04154885WA0100201086
B1453331853202S04154885WA0100101087
B1453371853201S04154885WA0100101088
B1453411853201S04154885WA0100101088
B1453451853201S04154885WA0100101088
B1453491853201S04154885WA0100101089
B1453531853201S04154885WA0100101088
B1453571853201S04154885WA0100101088
B1454011853201S04154885WA0100101088
B1454051853201S04154885WA0100201088
B1454091853201S04154885WA0100201088
B1454131853201S04154885WA0100201088
B1454171853201S04154885WA0100201087
B1454211853202S04154885WA0100101087
B1454251853202S04154885WA0100201087
B1454291853202S04154885WA0100201087
B1454331853202S04154885WA0100201086
B1454371853202S04154885WA0100201086
B1454411853201S04154885WA0100201086
B1454451853202S04154885WA0100201086
B1454491853201S04154885WA0100201086
B1454531853201S04154885WA0100201086
B1454571853201S04154885WA0100201085
B1455011853201S04154885WA0100201085
B1455051853201S04154885WA0100201085
B1455091853201S04154885WA0100201085
B1455131853201S04154885WA0100201085
B1455171853201S04154885WA0100201085
B1455211853201S04154885WA0100201085
B1455251853202S04154885WA0100201085
B1455291853202S04154885WA0100201085
B1455331853202S04154885WA0100201085
B1455371853202S04154885WA0100201085
B1455411853202S04154885WA0100201085
B1455451853202S04154885WA0100201085
B1455491853202S04154885WA0100201084
B1455531853202S04154885WA0100201085
B1455571853201S04154885WA0100201085
B1456011853202S04154885WA0100201085
B1456051853202S04154885WA0100201084
B1456091853202S04154885WA0100201084
B1456131853201S04154885WA0100201084
B1456171853201S04154885WA0100201085
B1456211853201S04154885WA0100201085
B1456251853201S04154885WA0100201085
B1456291853201S04154885WA0100201085
B1456331853201S04154885WA0100201085
B1456371853201S04154885WA0100201085
B1456411853201S04154884WA0100201085
B1456451853201S04154884WA0100201085
B1456491853201S04154884WA0100201085
B1456531853201S04154885WA0100201084
B1456571853201S04154885WA0100201085
B1457011853201S04154885WA0100201084
B1457051853201S04154885WA0100201084
B1457091853201S04154885WA0100201084
B1457131853201S04154885WA0100201085
B1457171853201S04154885WA0100201084
B1457211853202S04154885WA0100201085
B1457251853202S04154885WA0100201085
B1457291853202S04154885WA0100201085
B1457331853201S04154885WA0100201085
B1457371853202S04154885WA0100201085
B1457411853202S04154885WA0100201085
B1457451853202S04154885WA0100201085
B1457491853201S04154885WA0100201086
B1457531853201S04154885WA0100201086
B1457571853201S04154885WA0100201086
B1458011853202S04154885WA0100201085
B1458051853202S04154885WA0100201085
B1458091853202S04154885WA0100201085
B1458131853201S04154885WA0100201085
B1458171853202S04154885WA0100201085
B1458211853202S04154885WA0100201084
B1458251853202S04154885WA0100201084
B1458291853202S04154885WA0100201084
B1458331853202S04154885WA0100201085
B1458371853202S04154885WA0100201085
B1458411853202S04154885WA0100201085
B1458451853202S04154885WA0100201085
B1458491853202S04154885WA0100201085
B1458531853202S04154885WA0100301084
B1458571853202S04154886WA0100201083
B1459011853202S04154886WA0100201083
B1459051853202S04154886WA0100201082
B1459091853202S04154886WA0100201082
B1459131853202S04154886WA0100201082
B1459171853202S04154886WA0100201082
B1459211853202S04154886WA0100201082
B1459251853202S04154886WA0100301081
B1459291853203S04154886WA0100201081
B1459331853201S04154886WA0100201081
B1459371853201S04154888WA0100201081
B1459411853200S04154887WA0100201081
B1459451853199S04154888WA0100301083
B1459491853197S04154889WA0100301084
B1459531853196S04154891WA0100301085
B1459571853195S04154892WA0100301085
B1500011853195S04154893WA0100301085
B1500051853195S04154893WA0100301085
B1500091853195S04154893WA0100301085
B1500131853195S04154893WA0100301085
B1500171853195S04154893WA0100301085
B1500211853195S04154893WA0100301085
B1500251853195S04154893WA0100301084
B1500291853195S04154893WA0100301084
B1500331853195S04154893WA0100301084
B1500371853195S04154893WA0100301084
B1500411853195S04154893WA0100301084
B1500451853195S04154893WA0100301084
B1500491853195S04154893WA0100301084
B1500531853194S04154895WA0100301085
B1500571853193S04154896WA0100301084
B1501011853193S04154897WA0100301085
B1501051853192S04154897WA0100301085
B1501091853192S04154897WA0100301086
B1501131853192S04154897WA0100301086
B1501171853191S04154896WA0100301086
B1501211853191S04154896WA0100201086
B1501251853191S04154895WA0100201086
B1501291853191S04154895WA0100201086
B1501331853190S04154895WA0100201085
B1501371853190S04154895WA0100201085
B1501411853190S04154895WA0100201085
B1501451853190S04154895WA0100201084
B1501491853190S04154895WA0100201085
B1501531853190S04154895WA0100201085
B1501571853190S04154895WA0100201085
B1502011853190S04154895WA0100201084
B1502051853190S04154895WA0100201084
B1502091853190S04154895WA0100201085
B1502131853190S04154895WA0100201085
B1502171853190S04154895WA0100201086
B1502211853190S04154895WA0100201086
B1502251853190S04154895WA0100201085
B1502291853190S04154895WA0100201085
B1502331853190S04154894WA0100201085
B1502371853190S04154894WA0100201085
B1502411853190S04154894WA0100201086
B1502451853190S04154894WA0100201086
B1502491853190S04154894WA0100301086
B1502531853190S04154894WA0100201086
B1502571853190S04154894WA0100201087
B1503011853190S04154894WA0100201086
B1503051853191S04154894WA0100201085
B1503091853191S04154895WA0100201085
B1503131853191S04154895WA0100201085
B1503171853191S04154895WA0100201085
B1503211853191S04154895WA0100201085
B1503251853190S04154894WA0100201085
B1503291853188S04154893WA0100101085
B1503331853179S04154887WA0099701080
B1503371853156S04154882WA0098701068
B1503411853134S04154881WA0098701072
B1503451853109S04154881WA0098001060
B1503491853086S04154871WA0097201053
B1503531853063S04154861WA0096501046
B1503571853042S04154852WA0095901042
B1504011853017S04154845WA0095001034
B1504051852992S04154843WA0094501029
B1504091852966S04154839WA0093601020
B1504131852943S04154829WA0093101014
B1504171852917S04154821WA0092501009
B1504211852891S04154819WA0092001003
B1504251852863S04154813WA0091400997
B1504291852836S04154806WA0090900990
B1504331852808S04154796WA0090200985
B1504371852781S04154786WA0089800980
B1504411852754S04154774WA0089400976
B1504451852729S04154762WA0089000972
B1504491852707S04154752WA0089000973
B1504531852685S04154739WA0088600968
B1504571852666S04154728WA0088700969
B1505011852645S04154718WA0088500967
B1505051852623S04154712WA0088100962
B1505091852603S04154704WA0088100964
B1505131852591S04154698WA0089000974
B1505171852574S04154701WA0089600980
B1505211852561S04154719WA0090500990
B1505251852570S04154748WA0091300996
B1505291852594S04154758WA0092001003
B1505331852608S04154744WA0092701011
B1505371852603S04154728WA0093301017
B1505411852585S04154725WA0093901024
B1505451852568S04154738WA0094801035
B1505491852563S04154761WA0095501041
B1505531852582S04154786WA0096101049
B1505571852606S04154782WA0096801056
B1506011852609S04154767WA0097501063
B1506051852592S04154766WA0098001069
B1506091852579S04154784WA0098701076
B1506131852588S04154811WA0099201083
B1506171852616S04154815WA0099801089
B1506211852622S04154798WA0100401097
B1506251852611S04154792WA0101001101
B1506291852592S04154799WA0101301105
B1506331852578S04154815WA0102101113
B1506371852580S04154843WA0102601119
B1506411852604S04154858WA0103601131
B1506451852625S04154847WA0104201135
B1506491852622S04154829WA0104701141
B1506531852606S04154827WA0105301145
B1506571852588S04154838WA0105801153
B1507011852576S04154855WA0106701161
B1507051852587S04154885WA0107301169
B1507091852614S04154884WA0108201179
B1507131852625S04154870WA0109101187
B1507171852614S04154858WA0109401188
B1507211852597S04154864WA0110001195
B1507251852580S04154873WA0110901205
B1507291852574S04154897WA0111701213
B1507331852593S04154922WA0112601222
B1507371852619S04154922WA0113401230
B1507411852632S04154904WA0114201238
B1507451852633S04154887WA0114901244
B1507491852632S04154866WA0115101247
B1507531852633S04154851WA0116401261
B1507571852629S04154828WA0116701263
B1508011852624S04154808WA0117501272
B1508051852620S04154786WA0118001278
B1508091852617S04154771WA0119001286
B1508131852616S04154749WA0119301289
B1508171852618S04154727WA0120701306
B1508211852615S04154713WA0122501322
B1508251852594S04154712WA0123301330
B1508291852586S04154734WA0123601333
B1508331852584S04154757WA0124201340
B1508371852572S04154777WA0124801347
B1508411852564S04154800WA0125401350
B1508451852568S04154830WA0126301368
B1508491852583S04154846WA0127801378
B1508531852604S04154846WA0128001380
B1508571852623S04154841WA0128401386
B1509011852637S04154831WA0128901390
B1509051852650S04154819WA0129501397
B1509091852662S04154803WA0130201404
B1509131852672S04154786WA0131201416
B1509171852668S04154769WA0132701431
B1509211852666S04154748WA0133701441
B1509251852666S04154729WA0134801451
B1509291852663S04154705WA0135201453
B1509331852660S04154681WA0135901463
B1509371852656S04154658WA0136401467
B1509411852655S04154632WA0136601468
B1509451852651S04154610WA0137301477
B1509491852650S04154590WA0137601479
B1509531852650S04154570WA0137701481
B1509571852651S04154557WA0139201496
B1510011852650S04154537WA0139201495
B1510051852650S04154522WA0139701499
B1510091852653S04154501WA0139301496
B1510131852655S04154483WA0139201494
B1510171852658S04154458WA0138601490
B1510211852663S04154439WA0138701488
B1510251852672S04154413WA0137601478
B1510291852677S04154394WA0137701479
B1510331852680S04154370WA0136801471
B1510371852683S04154351WA0136601467
B1510411852684S04154329WA0136101463
B1510451852683S04154308WA0135501455
B1510491852682S04154288WA0135001450
B1510531852678S04154269WA0134501444
B1510571852674S04154249WA0134001440
B1511011852671S04154230WA0133901439
B1511051852666S04154211WA0133501434
B1511091852665S04154191WA0133001429
B1511131852668S04154169WA0132501423
B1511171852676S04154142WA0131401412
B1511211852686S04154118WA0130701404
B1511251852699S04154097WA0130301401
B1511291852709S04154075WA0129501392
B1511331852720S04154052WA0128901387
B1511371852727S04154029WA0128201379
B1511411852731S04154006WA0127701375
B1511451852737S04153985WA0127201367
B1511491852743S04153961WA0126201356
B1511531852749S04153936WA0125101345
B1511571852755S04153910WA0124201336
B1512011852759S04153886WA0124101338
B1512051852768S04153869WA0124101335
B1512091852777S04153845WA0123101326
B1512131852791S04153825WA0122901324
B1512171852800S04153801WA0122101315
B1512211852810S04153780WA0121801311
B1512251852823S04153757WA0120701300
B1512291852836S04153735WA0120001293
B1512331852849S04153711WA0119101285
B1512371852862S04153690WA0119001284
B1512411852877S04153668WA0118401276
B1512451852889S04153645WA0118201277
B1512491852901S04153627WA0118301276
B1512531852914S04153612WA0118901283
B1512571852923S04153599WA0119601289
B1513011852913S04153591WA0119901294
B1513051852898S04153606WA0120401298
B1513091852900S04153637WA0120801304
B1513131852921S04153663WA0121201308
B1513171852948S04153670WA0121801316
B1513211852964S04153661WA0122401321
B1513251852962S04153647WA0122701324
B1513291852949S04153644WA0123101328
B1513331852932S04153660WA0123001327
B1513371852931S04153692WA0123401333
B1513411852942S04153722WA0123901339
B1513451852969S04153738WA0124201341
B1513491852993S04153733WA0124501344
B1513531852999S04153719WA0124601345
B1513571852989S04153707WA0124801348
B1514011852978S04153701WA0125001347
B1514051852967S04153690WA0124701345
B1514091852969S04153675WA0124601342
B1514131852977S04153655WA0124401340
B1514171852987S04153636WA0124601343
B1514211853000S04153623WA0125101348
B1514251853013S04153610WA0125301351
B1514291853019S04153599WA0125801353
B1514331853013S04153583WA0125001345
B1514371853012S04153572WA0124901344
B1514411853018S04153557WA0124201337
B1514451853034S04153551WA0124201336
B1514491853057S04153546WA0124001335
B1514531853082S04153545WA0124301339
B1514571853103S04153543WA0124801344
B1515011853125S04153538WA0124901344
B1515051853143S04153529WA0125001345
B1515091853161S04153515WA0125101347
B1515131853173S04153500WA0125301348
B1515171853176S04153482WA0125301349
B1515211853168S04153464WA0125001344
B1515251853150S04153455WA0124801344
B1515291853126S04153461WA0124501341
B1515331853104S04153478WA0124101337
B1515371853085S04153500WA0124001338
B1515411853074S04153526WA0123901335
B1515451853072S04153559WA0123601334
B1515491853080S04153590WA0123401329
B1515531853094S04153616WA0123501330
B1515571853114S04153643WA0122901326
B1516011853133S04153666WA0123001325
B1516051853155S04153690WA0122901325
B1516091853172S04153714WA0122701322
B1516131853174S04153742WA0122101316
B1516171853156S04153759WA0121401308
B1516211853135S04153756WA0120801304
B1516251853119S04153744WA0120301299
B1516291853104S04153730WA0120201298
B1516331853095S04153715WA0120401300
B1516371853087S04153697WA0120201297
B1516411853084S04153679WA0120201297
B1516451853082S04153661WA0120001294
B1516491853081S04153642WA0119701290
B1516531853085S04153621WA0119301286
B1516571853085S04153602WA0119301285
B1517011853087S04153581WA0118801279
B1517051853084S04153561WA0118601276
B1517091853078S04153540WA0118201272
B1517131853070S04153521WA0118101270
B1517171853062S04153500WA0117701266
B1517211853057S04153480WA0117401262
B1517251853049S04153461WA0116801257
B1517291853041S04153443WA0116501255
B1517331853036S04153426WA0116201252
B1517371853028S04153409WA0116001251
B1517411853022S04153390WA0115701247
B1517451853016S04153376WA0115901250
B1517491853011S04153361WA0115801247
B1517531853008S04153344WA0115301241
B1517571853001S04153324WA0114801237
B1518011852995S04153308WA0115001240
B1518051852980S04153293WA0115101243
B1518091852966S04153287WA0115701249
B1518131852947S04153304WA0115501246
B1518171852944S04153335WA0115501245
B1518211852954S04153368WA0115201242
B1518251852980S04153384WA0115101241
B1518291853000S04153373WA0114501234
B1518331853002S04153353WA0114601237
B1518371852994S04153336WA0114701237
B1518411852982S04153321WA0115001241
B1518451852965S04153312WA0115101241
B1518491852950S04153305WA0115301244
B1518531852933S04153298WA0115001240
B1518571852921S04153288WA0115201245
B1519011852910S04153280WA0115301244
B1519051852897S04153270WA0115001241
B1519091852884S04153263WA0114901240
B1519131852870S04153253WA0114401236
B1519171852857S04153242WA0114101231
B1519211852843S04153233WA0113801229
B1519251852829S04153224WA0113401224
B1519291852813S04153217WA0113101223
B1519331852795S04153216WA0113001222
B1519371852777S04153216WA0113301225
B1519411852755S04153218WA0113101223
B1519451852734S04153215WA0113201225
B1519491852721S04153199WA0113701232
B1519531852713S04153190WA0114801241
B1519571852707S04153176WA0115001243
B1520011852708S04153161WA0115801253
B1520051852704S04153142WA0115801252
B1520091852704S04153128WA0116601261
B1520131852704S04153110WA0116901263
B1520171852702S04153090WA0117601270
B1520211852697S04153071WA0118001274
B1520251852696S04153052WA0118201275
B1520291852690S04153028WA0118101276
B1520331852677S04153014WA0119001286
B1520371852658S04153006WA0119401288
B1520411852642S04153015WA0119501290
B1520451852630S04153038WA0119201287
B1520491852627S04153064WA0119301290
B1520531852644S04153085WA0119501293
B1520571852666S04153088WA0120101300
B1521011852688S04153080WA0120801309
B1521051852696S04153066WA0122101321
B1521091852695S04153047WA0123001330
B1521131852690S04153027WA0123101329
B1521171852686S04153006WA0123401332
B1521211852677S04152987WA0123301332
B1521251852674S04152976WA0123701334
B1521291852667S04152960WA0123501331
B1521331852666S04152947WA0123701330
B1521371852665S04152920WA0122501317
B1521411852663S04152899WA0122201316
B1521451852666S04152877WA0121901313
B1521491852668S04152862WA0122301317
B1521531852673S04152843WA0122601321
B1521571852673S04152826WA0123701334
B1522011852665S04152814WA0125101347
B1522051852656S04152799WA0125801354
B1522091852645S04152798WA0126301358
B1522131852635S04152794WA0126701363
B1522171852630S04152783WA0127001365
B1522211852635S04152768WA0127701373
B1522251852650S04152756WA0128101377
B1522291852668S04152745WA0128501380
B1522331852692S04152742WA0128701384
B1522371852716S04152753WA0129201389
B1522411852740S04152770WA0130401404
B1522451852762S04152781WA0131901416
B1522491852782S04152769WA0132701425
B1522531852779S04152748WA0133201431
B1522571852761S04152748WA0134301443
B1523011852752S04152767WA0135501457
B1523051852762S04152792WA0136901474
B1523091852772S04152808WA0138101484
B1523131852790S04152833WA0138101486
B1523171852801S04152853WA0139001494
B1523211852821S04152872WA0138801491
B1523251852845S04152880WA0138901492
B1523291852861S04152869WA0139201495
B1523331852863S04152848WA0138901491
B1523371852871S04152833WA0138401483
B1523411852877S04152813WA0137801478
B1523451852873S04152797WA0137001468
B1523491852860S04152781WA0136001458
B1523531852843S04152768WA0135001448
B1523571852824S04152755WA0134301440
B1524011852801S04152744WA0133001427
B1524051852784S04152732WA0133001429
B1524091852763S04152720WA0132701424
B1524131852741S04152730WA0133001431
B1524171852727S04152748WA0133801439
B1524211852724S04152775WA0134301445
B1524251852723S04152801WA0135101453
B1524291852729S04152827WA0135801460
B1524331852735S04152853WA0136301464
B1524371852745S04152880WA0136901471
B1524411852754S04152907WA0137101474
B1524451852765S04152930WA0138301486
B1524491852780S04152955WA0138601489
B1524531852793S04152978WA0139301496
B1524571852809S04153002WA0139501498
B1525011852822S04153023WA0140201505
B1525051852837S04153051WA0139801500
B1525091852846S04153076WA0140601510
B1525131852859S04153100WA0140801511
B1525171852877S04153118WA0141201515
B1525211852900S04153115WA0141401517
B1525251852914S04153101WA0141401516
B1525291852907S04153083WA0141001512
B1525331852890S04153072WA0140601508
B1525371852866S04153072WA0140401507
B1525411852849S04153095WA0140101504
B1525451852847S04153124WA0140101504
B1525491852856S04153153WA0140101505
B1525531852865S04153181WA0140201506
B1525571852879S04153208WA0140201505
B1526011852897S04153232WA0140501512
B1526051852918S04153241WA0141201518
B1526091852938S04153232WA0141301518
B1526131852941S04153212WA0141001513
B1526171852932S04153195WA0140601509
B1526211852920S04153178WA0139701498
B1526251852906S04153163WA0138901489
B1526291852885S04153154WA0138101482
B1526331852866S04153143WA0137701478
B1526371852844S04153133WA0137201473
B1526411852821S04153124WA0136701467
B1526451852795S04153120WA0136601466
B1526491852768S04153128WA0136601467
B1526531852754S04153147WA0137701478
B1526571852755S04153175WA0138601488
B1527011852768S04153201WA0139301494
B1527051852791S04153215WA0140301509
B1527091852804S04153211WA0141701522
B1527131852809S04153193WA0142001525
B1527171852813S04153178WA0142401527
B1527211852826S04153165WA0141701519
B1527251852846S04153171WA0141601517
B1527291852866S04153181WA0141001511
B1527331852882S04153204WA0140701508
B1527371852892S04153231WA0140101501
B1527411852894S04153261WA0139801499
B1527451852889S04153291WA0139301493
B1527491852881S04153320WA0138801488
B1527531852868S04153350WA0138201482
B1527571852858S04153380WA0138101483
B1528011852849S04153410WA0138401486
B1528051852858S04153439WA0138601488
B1528091852884S04153454WA0138901491
B1528131852911S04153452WA0138901493
B1528171852931S04153444WA0139601499
B1528211852947S04153430WA0139501499
B1528251852955S04153416WA0139501496
B1528291852946S04153397WA0138401485
B1528331852926S04153390WA0137901479
B1528371852901S04153387WA0137101473
B1528411852879S04153386WA0136801468
B1528451852855S04153374WA0136101464
B1528491852844S04153360WA0136501464
B1528531852827S04153346WA0136701469
B1528571852808S04153354WA0137401474
B1529011852804S04153382WA0137701479
B1529051852824S04153398WA0138301486
B1529091852846S04153397WA0138501485
B1529131852860S04153380WA0138601489
B1529171852862S04153357WA0138601488
B1529211852852S04153340WA0138901491
B1529251852830S04153335WA0138501485
B1529291852804S04153339WA0137901479
B1529331852780S04153349WA0137801481
B1529371852763S04153369WA0138201484
B1529411852742S04153392WA0137801482
B1529451852718S04153398WA0138201487
B1529491852697S04153393WA0138901493
B1529531852690S04153378WA0140201505
B1529571852683S04153365WA0141201514
B1530011852668S04153370WA0141901521
B1530051852664S04153396WA0142301526
B1530091852660S04153420WA0143201534
B1530131852664S04153449WA0143401536
B1530171852680S04153466WA0144101545
B1530211852707S04153467WA0144601552
B1530251852721S04153454WA0145801565
B1530291852720S04153434WA0146601575
B1530331852703S04153432WA0147901588
B1530371852684S04153433WA0148501595
B1530411852673S04153433WA0149601604
B1530451852658S04153441WA0149301601
B1530491852644S04153451WA0149201600
B1530531852626S04153449WA0148601592
B1530571852611S04153439WA0148301589
B1531011852595S04153422WA0147801584
B1531051852589S04153398WA0147401579
B1531091852584S04153373WA0147401580
B1531131852589S04153346WA0147001574
B1531171852603S04153323WA0146901575
B1531211852629S04153316WA0146801574
B1531251852658S04153327WA0146701572
B1531291852686S04153329WA0147301579
B1531331852707S04153318WA0148001587
B1531371852709S04153297WA0148401591
B1531411852711S04153280WA0149101597
B1531451852717S04153261WA0149401601
B1531491852721S04153248WA0149901605
B1531531852716S04153232WA0149301597
B1531571852711S04153214WA0148801594
B1532011852713S04153194WA0148101586
B1532051852718S04153173WA0147601582
B1532091852722S04153156WA0147401579
B1532131852728S04153136WA0146801573
B1532171852734S04153117WA0146401568
B1532211852744S04153096WA0145801564
B1532251852753S04153077WA0145701562
B1532291852763S04153058WA0145401560
B1532331852774S04153042WA0145601561
B1532371852782S04153022WA0145701564
B1532411852796S04153009WA0145801563
B1532451852798S04152988WA0145501560
B1532491852780S04152982WA0145301558
B1532531852774S04153007WA0145301559
B1532571852788S04153031WA0145401559
B1533011852813S04153035WA0145201558
B1533051852825S04153019WA0145301558
B1533091852828S04152998WA0145001555
B1533131852829S04152977WA0144801554
B1533171852823S04152957WA0144701552
B1533211852799S04152955WA0144401550
B1533251852780S04152968WA0144401548
B1533291852773S04152992WA0144301548
B1533331852787S04153014WA0144501552
B1533371852811S04153019WA0144601550
B1533411852835S04153008WA0144201547
B1533451852838S04152988WA0143901543
B1533491852818S04152976WA0143301536
B1533531852797S04152985WA0142901532
B1533571852784S04153001WA0142601529
B1534011852781S04153030WA0141801523
B1534051852786S04153056WA0142201529
B1534091852805S04153074WA0142501531
B1534131852829S04153086WA0142601531
B1534171852850S04153067WA0141901525
B1534211852853S04153048WA0141501519
B1534251852862S04153026WA0140601511
B1534291852874S04153011WA0140501510
B1534331852887S04152993WA0139801500
B1534371852903S04152979WA0139601500
B1534411852915S04152966WA0139001489
B1534451852929S04152948WA0138901490
B1534491852940S04152934WA0138901485
B1534531852957S04152910WA0137501474
B1534571852971S04152891WA0137401472
B1535011852987S04152867WA0136501464
B1535051853001S04152846WA0136001458
B1535091853016S04152820WA0135301452
B1535131853035S04152793WA0134301442
B1535171853050S04152765WA0134101441
B1535211853064S04152740WA0134001439
B1535251853079S04152717WA0133801436
B1535291853099S04152697WA0133601433
B1535331853120S04152678WA0133301431
B1535371853139S04152656WA0133101430
B1535411853160S04152636WA0132901427
B1535451853181S04152614WA0132601423
B1535491853201S04152593WA0132301421
B1535531853222S04152574WA0132101419
B1535571853242S04152553WA0131501413
B1536011853262S04152534WA0131201408
B1536051853281S04152515WA0130801404
B1536091853302S04152494WA0130001395
B1536131853326S04152470WA0128901387
B1536171853349S04152447WA0128601383
B1536211853373S04152423WA0127801375
B1536251853397S04152401WA0127401370
B1536291853425S04152378WA0126601363
B1536331853449S04152356WA0126201358
B1536371853471S04152332WA0125401351
B1536411853495S04152310WA0124801344
B1536451853519S04152287WA0123801334
B1536491853540S04152264WA0123001325
B1536531853564S04152240WA0122001316
B1536571853584S04152216WA0121601310
B1537011853607S04152190WA0121001305
B1537051853630S04152166WA0120401298
B1537091853655S04152141WA0119501289
B1537131853678S04152115WA0118901284
B1537171853700S04152090WA0118201277
B1537211853721S04152066WA0117701270
B1537251853744S04152041WA0116901261
B1537291853766S04152017WA0116201255
B1537331853786S04151992WA0115401246
B1537371853807S04151967WA0114501238
B1537411853825S04151941WA0113801231
B1537451853843S04151916WA0113201224
B1537491853860S04151889WA0112401214
B1537531853880S04151865WA0111701208
B1537571853894S04151839WA0110901199
B1538011853913S04151813WA0109901189
B1538051853930S04151788WA0109101179
B1538091853947S04151761WA0108001169
B1538131853965S04151734WA0107201160
B1538171853984S04151707WA0106401151
B1538211854001S04151680WA0105601143
B1538251854019S04151652WA0104701134
B1538291854037S04151625WA0103901126
B1538331854054S04151597WA0103101116
B1538371854071S04151566WA0102001107
B1538411854088S04151537WA0101601102
B1538451854108S04151507WA0101101097
B1538491854124S04151475WA0100901095
B1538531854142S04151446WA0100701093
B1538571854160S04151417WA0100401090
B1539011854178S04151389WA0100201087
B1539051854198S04151365WA0100201088
B1539091854212S04151342WA0100701092
B1539131854223S04151323WA0101201096
B1539171854239S04151304WA0101401099
B1539211854256S04151283WA0101301099
B1539251854272S04151260WA0101101097
B1539291854288S04151239WA0101201099
B1539331854306S04151221WA0101501101
B1539371854326S04151204WA0102001106
B1539411854340S04151182WA0102701114
B1539451854346S04151161WA0103501120
B1539491854351S04151135WA0103601122
B1539531854357S04151114WA0104101126
B1539571854362S04151088WA0104501132
B1540011854355S04151068WA0104801132
B1540051854345S04151045WA0104601132
B1540091854333S04151028WA0104701133
B1540131854317S04151013WA0104801133
B1540171854297S04150999WA0104301129
B1540211854282S04150984WA0104701133
B1540251854272S04150966WA0104901134
B1540291854264S04150946WA0104501130
B1540331854249S04150927WA0104301129
B1540371854235S04150907WA0104301129
B1540411854227S04150888WA0104701134
B1540451854229S04150865WA0104701135
B1540491854234S04150846WA0105401141
B1540531854239S04150823WA0105101137
B1540571854250S04150803WA0105101136
B1541011854258S04150777WA0104501130
B1541051854272S04150752WA0104301131
B1541091854288S04150733WA0104101124
B1541131854308S04150709WA0103101116
B1541171854323S04150687WA0102601109
B1541211854335S04150660WA0102101107
B1541251854341S04150636WA0102101103
B1541291854354S04150607WA0100901094
B1541331854362S04150586WA0100701089
B1541371854371S04150557WA0099301076
B1541411854375S04150527WA0098401064
B1541451854380S04150494WA0097301056
B1541491854386S04150462WA0096701048
B1541531854393S04150430WA0095901040
B1541571854400S04150401WA0095301032
B1542011854406S04150369WA0094101022
B1542051854416S04150341WA0093901020
B1542091854421S04150315WA0093601016
B1542131854424S04150283WA0092801008
B1542171854423S04150257WA0092501002
B1542211854422S04150226WA0091200989
B1542251854423S04150198WA0090800985
B1542291854417S04150171WA0089900974
B1542331854416S04150144WA0088800963
B1542371854416S04150108WA0086500938
B1542411854419S04150078WA0085700932
B1542451854420S04150048WA0084200913
B1542491854419S04150017WA0083000902
B1542531854418S04149986WA0081900890
B1542571854418S04149960WA0081500887
B1543011854418S04149929WA0079900868
B1543051854419S04149898WA0079100864
B1543091854423S04149872WA0078700857
B1543131854424S04149849WA0078400854
B1543171854418S04149823WA0077500845
B1543211854410S04149798WA0077000840
B1543251854405S04149773WA0076600837
B1543291854404S04149743WA0075800828
B1543331854401S04149716WA0075700828
B1543371854402S04149689WA0075200822
B1543411854403S04149661WA0074800818
B1543451854405S04149636WA0074600817
B1543491854405S04149610WA0074100811
B1543531854402S04149583WA0073400803
B1543571854399S04149553WA0072500794
B1544011854397S04149520WA0071600786
B1544051854393S04149488WA0071200783
B1544091854391S04149457WA0070900780
B1544131854390S04149422WA0070300775
B1544171854391S04149391WA0070700779
B1544211854387S04149360WA0070400774
B1544251854381S04149330WA0070200772
B1544291854377S04149300WA0070200773
B1544331854377S04149271WA0070400775
B1544371854384S04149242WA0070400777
B1544411854398S04149213WA0070100771
B1544451854409S04149178WA0069500767
B1544491854422S04149147WA0069700769
B1544531854430S04149119WA0069800770
B1544571854434S04149099WA0071000782
B1545011854438S04149076WA0071600787
B1545051854440S04149057WA0072700800
B1545091854452S04149044WA0073300804
B1545131854468S04149034WA0073700808
B1545171854488S04149026WA0073900810
B1545211854510S04149022WA0074300815
B1545251854533S04149019WA0074500815
B1545291854557S04149014WA0074700818
B1545331854569S04149001WA0075600826
B1545371854576S04148988WA0076100829
B1545411854577S04148971WA0076400834
B1545451854594S04148960WA0077100841
B1545491854618S04148969WA0077700846
B1545531854617S04148996WA0078300850
B1545571854594S04149002WA0078600851
B1546011854592S04148988WA0079200859
B1546051854608S04148976WA0080000867
B1546091854625S04148975WA0081000876
B1546131854637S04148997WA0081400882
B1546171854621S04149019WA0081600884
B1546211854599S04149018WA0082200891
B1546251854590S04149001WA0082700897
B1546291854600S04148988WA0083600906
B1546331854625S04148987WA0084100911
B1546371854641S04149004WA0084700918
B1546411854639S04149032WA0085200924
B1546451854620S04149048WA0085900929
B1546491854598S04149041WA0086300936
B1546531854599S04149023WA0087000941
B1546571854615S04149008WA0087300945
B1547011854635S04148994WA0087600949
B1547051854653S04148977WA0087900952
B1547091854666S04148956WA0088000953
B1547131854678S04148931WA0087800952
B1547171854688S04148904WA0087700952
B1547211854700S04148877WA0087300947
B1547251854712S04148849WA0086800943
B1547291854722S04148819WA0085900933
B1547331854727S04148782WA0084600922
B1547371854735S04148750WA0084200917
B1547411854751S04148717WA0083200906
B1547451854771S04148688WA0082900904
B1547491854791S04148663WA0082900904
B1547531854805S04148643WA0083200907
B1547571854810S04148624WA0084300920
B1548011854806S04148609WA0085300928
B1548051854785S04148602WA0085800934
B1548091854766S04148612WA0086500943
B1548131854769S04148642WA0087000948
B1548171854790S04148656WA0087600953
B1548211854817S04148665WA0087800955
B1548251854837S04148681WA0088500962
B1548291854864S04148685WA0089000969
B1548331854866S04148670WA0089800977
B1548371854848S04148666WA0090300981
B1548411854831S04148682WA0090700988
B1548451854837S04148709WA0091700998
B1548491854859S04148730WA0092101001
B1548531854886S04148741WA0092501005
B1548571854915S04148753WA0092501005
B1549011854942S04148762WA0093401017
B1549051854959S04148751WA0094201023
B1549091854960S04148733WA0094301023
B1549131854943S04148724WA0094601029
B1549171854935S04148745WA0095301036
B1549211854960S04148761WA0095701039
B1549251854975S04148744WA0096501048
B1549291854967S04148730WA0096901050
B1549331854947S04148727WA0096701048
B1549371854931S04148735WA0097201054
B1549411854928S04148757WA0098001063
B1549451854938S04148778WA0099001073
B1549491854967S04148783WA0098901071
B1549531854981S04148764WA0099301077
B1549571854969S04148752WA0099701080
B1550011854950S04148754WA0100301090
B1550051854934S04148756WA0101201097
B1550091854919S04148759WA0102401110
B1550131854915S04148789WA0102701111
B1550171854940S04148797WA0103401120
B1550211854955S04148782WA0104401130
B1550251854947S04148764WA0105101135
B1550291854922S04148777WA0104801134
B1550331854910S04148783WA0106401148
B1550371854893S04148776WA0106101143
B1550411854878S04148763WA0106401146
B1550451854867S04148749WA0107001153
B1550491854862S04148732WA0107701159
B1550531854867S04148715WA0108301167
B1550571854885S04148706WA0108901172
B1551011854898S04148694WA0109201173
B1551051854913S04148676WA0108301165
B1551091854932S04148670WA0108001161
B1551131854958S04148672WA0107001150
B1551171854984S04148679WA0106401144
B1551211855009S04148690WA0106601148
B1551251855029S04148703WA0107401156
B1551291855049S04148715WA0108201163
B1551331855069S04148715WA0108301163
B1551371855079S04148696WA0108401167
B1551411855079S04148675WA0109201176
B1551451855064S04148654WA0109301178
B1551491855047S04148646WA0110701192
B1551531855028S04148663WA0111201197
B1551571855029S04148686WA0112301208
B1552011855043S04148706WA0112501208
B1552051855062S04148704WA0112901215
B1552091855067S04148685WA0113401221
B1552131855056S04148664WA0113601223
B1552171855040S04148649WA0114401233
B1552211855024S04148660WA0114901235
B1552251855027S04148686WA0115201240
B1552291855044S04148698WA0115701245
B1552331855063S04148692WA0115801247
B1552371855075S04148679WA0116301252
B1552411855083S04148656WA0116101250
B1552451855096S04148634WA0116201251
B1552491855112S04148613WA0116401253
B1552531855124S04148589WA0116401254
B1552571855141S04148566WA0115601245
B1553011855160S04148549WA0115501242
B1553051855178S04148530WA0114901234
B1553091855202S04148508WA0113401221
B1553131855223S04148492WA0113601221
B1553171855249S04148471WA0112001204
B1553211855272S04148452WA0111201196
B1553251855296S04148433WA0109801180
B1553291855317S04148410WA0108701170
B1553331855340S04148386WA0107101154
B1553371855363S04148367WA0106401147
B1553411855387S04148346WA0104901130
B1553451855411S04148329WA0104301128
B1553491855429S04148311WA0103701118
B1553531855448S04148290WA0102601108
B1553571855465S04148270WA0101701096
B1554011855485S04148245WA0100201084
B1554051855503S04148225WA0099601077
B1554091855520S04148199WA0098801069
B1554131855533S04148177WA0098401064
B1554171855548S04148153WA0097601058
B1554211855561S04148131WA0097101051
B1554251855577S04148110WA0096301043
B1554291855592S04148087WA0095301031
B1554331855609S04148063WA0094301021
B1554371855632S04148042WA0093201010
B1554411855655S04148022WA0092601004
B1554451855675S04147998WA0091500992
B1554491855693S04147974WA0091000987
B1554531855710S04147951WA0090200977
B1554571855729S04147927WA0089200966
B1555011855747S04147903WA0088100955
B1555051855761S04147877WA0087300947
B1555091855774S04147852WA0086800943
B1555131855789S04147829WA0085900931
B1555171855808S04147805WA0084700921
B1555211855825S04147784WA0084300914
B1555251855844S04147760WA0083000902
B1555291855859S04147738WA0082500896
B1555331855868S04147709WA0081200882
B1555371855874S04147683WA0080400874
B1555411855885S04147657WA0079200860
B1555451855899S04147632WA0078100850
B1555491855909S04147606WA0077000837
B1555531855923S04147581WA0076000827
B1555571855937S04147552WA0074700813
B1556011855948S04147521WA0073600805
B1556051855961S04147492WA0072700793
B1556091855981S04147465WA0071400781
B1556131856004S04147441WA0070400770
B1556171856029S04147420WA0069300758
B1556211856055S04147400WA0068300747
B1556251856083S04147376WA0066500729
B1556291856110S04147352WA0065500719
B1556331856138S04147331WA0064600708
B1556371856167S04147310WA0063500698
B1556411856195S04147288WA0062500687
B1556451856221S04147260WA0061300675
B1556491856245S04147235WA0060700669
B1556531856271S04147209WA0060000661
B1556571856294S04147184WA0059800659
B1557011856319S04147161WA0059200652
B1557051856343S04147142WA0059400656
B1557091856367S04147124WA0058900650
B1557131856392S04147109WA0058700647
B1557171856421S04147097WA0058100640
B1557211856446S04147087WA0057900639
B1557251856474S04147087WA0057900640
B1557291856500S04147093WA0058500646
B1557331856525S04147098WA0059000651
B1557371856550S04147099WA0059500657
B1557411856566S04147093WA0060500666
B1557451856577S04147072WA0060600667
B1557491856575S04147049WA0061100672
B1557531856574S04147023WA0061100672
B1557571856571S04146999WA0061200674
B1558011856564S04146973WA0061400678
B1558051856560S04146956WA0062100682
B1558091856554S04146929WA0061900684
B1558131856545S04146912WA0062600688
B1558171856537S04146888WA0062500690
B1558211856527S04146866WA0063000695
B1558251856514S04146843WA0063600703
B1558291856502S04146823WA0064300710
B1558331856490S04146798WA0064400710
B1558371856479S04146781WA0065500723
B1558411856469S04146763WA0066400730
B1558451856455S04146747WA0067500742
B1558491856448S04146730WA0068600752
B1558531856457S04146718WA0069900767
B1558571856470S04146726WA0070600771
B1559011856472S04146747WA0071300779
B1559051856456S04146764WA0072000786
B1559091856434S04146761WA0073200797
B1559131856422S04146747WA0074800813
B1559171856429S04146734WA0075600822
B1559211856442S04146733WA0076500831
B1559251856454S04146741WA0077300840
B1559291856458S04146762WA0078200851
B1559331856446S04146783WA0078900856
B1559371856426S04146797WA0080300872
B1559411856406S04146800WA0081500883
B1559451856387S04146796WA0082400893
B1559491856376S04146782WA0083300902
B1559531856388S04146776WA0083800909
B1559571856396S04146792WA0084800915
B1600011856402S04146817WA0085200920
B1600051856400S04146841WA0086000928
B1600091856381S04146855WA0086300932
B1600131856370S04146841WA0087100939
B1600171856382S04146830WA0087700945
B1600211856399S04146838WA0088200949
B1600251856401S04146864WA0088600956
B1600291856382S04146878WA0089600963
B1600331856368S04146862WA0090200969
B1600371856364S04146846WA0091000976
B1600411856357S04146827WA0091300982
B1600451856365S04146818WA0092000988
B1600491856381S04146820WA0092500993
B1600531856395S04146829WA0093601006
B1600571856406S04146843WA0094801019
B1601011856398S04146866WA0095401024
B1601051856370S04146872WA0095801030
B1601091856353S04146860WA0096401036
B1601131856342S04146845WA0096901043
B1601171856353S04146835WA0097101046
B1601211856370S04146840WA0097601051
B1601251856386S04146846WA0098201058
B1601291856400S04146841WA0098701063
B1601331856412S04146829WA0099401073
B1601371856428S04146830WA0100301081
B1601411856442S04146847WA0100701085
B1601451856441S04146868WA0101601095
B1601491856416S04146873WA0101601094
B1601531856407S04146852WA0102001095
B1601571856423S04146843WA0102101097
B1602011856434S04146860WA0102301097
B1602051856428S04146882WA0103101110
B1602091856413S04146902WA0103301108
B1602131856399S04146926WA0103701117
B1602171856384S04146943WA0104601125
B1602211856359S04146949WA0104701124
B1602251856336S04146942WA0105601134
B1602291856322S04146928WA0106101137
B1602331856313S04146911WA0105901135
B1602371856315S04146892WA0105801135
B1602411856322S04146873WA0105701134
B1602451856329S04146854WA0105601135
B1602491856331S04146835WA0105701135
B1602531856329S04146815WA0105101129
B1602571856331S04146793WA0104701126
B1603011856336S04146774WA0105101131
B1603051856341S04146757WA0105401134
B1603091856346S04146739WA0105901140
B1603131856345S04146719WA0106201143
B1603171856339S04146704WA0106501146
B1603211856332S04146685WA0106101141
B1603251856327S04146665WA0105901139
B1603291856320S04146642WA0105401135
B1603331856318S04146616WA0104601126
B1603371856320S04146591WA0104201121
B1603411856322S04146564WA0103501113
B1603451856330S04146538WA0103001109
B1603491856346S04146510WA0102301103
B1603531856351S04146485WA0103001111
B1603571856351S04146455WA0102501106
B1604011856347S04146432WA0102901110
B1604051856344S04146403WA0102201103
B1604091856345S04146377WA0102201104
B1604131856347S04146351WA0102301106
B1604171856347S04146327WA0102501107
B1604211856348S04146299WA0102301106
B1604251856350S04146273WA0102701110
B1604291856352S04146244WA0102901113
B1604331856355S04146218WA0103001112
B1604371856362S04146189WA0103301118
B1604411856363S04146169WA0104601130
B1604451856357S04146148WA0105201135
B1604491856348S04146130WA0106201146
B1604531856357S04146112WA0106701150
B1604571856378S04146121WA0107001152
B1605011856371S04146143WA0107701155
B1605051856353S04146141WA0108401159
B1605091856339S04146130WA0108901164
B1605131856323S04146121WA0109201171
B1605171856309S04146112WA0109701175
B1605211856308S04146091WA0110001180
B1605251856318S04146074WA0110501184
B1605291856332S04146054WA0110601188
B1605331856341S04146035WA0110901188
B1605371856341S04146012WA0110901190
B1605411856337S04145992WA0110701187
B1605451856329S04145969WA0110201183
B1605491856326S04145946WA0110001182
B1605531856323S04145924WA0109601178
B1605571856321S04145901WA0109201174
B1606011856321S04145872WA0108101165
B1606051856321S04145844WA0107801160
B1606091856323S04145814WA0107001152
B1606131856325S04145786WA0106501147
B1606171856327S04145758WA0105801141
B1606211856327S04145731WA0105101131
B1606251856330S04145703WA0104001120
B1606291856335S04145674WA0102801107
B1606331856346S04145646WA0102101101
B1606371856354S04145615WA0101401094
B1606411856359S04145583WA0101301094
B1606451856365S04145553WA0101101092
B1606491856371S04145524WA0100801088
B1606531856373S04145493WA0100001080
B1606571856373S04145461WA0099201072
B1607011856375S04145430WA0098501065
B1607051856378S04145400WA0097601055
B1607091856380S04145369WA0096601045
B1607131856383S04145338WA0095801036
B1607171856387S04145307WA0094801026
B1607211856395S04145274WA0093801017
B1607251856406S04145243WA0092901007
B1607291856413S04145212WA0092501002
B1607331856417S04145182WA0091700994
B1607371856423S04145151WA0091000985
B1607411856429S04145123WA0090100976
B1607451856439S04145091WA0088900966
B1607491856455S04145061WA0088200956
B1607531856473S04145032WA0087100946
B1607571856473S04144999WA0086200934
B1608011856463S04144964WA0085000923
B1608051856455S04144932WA0084500918
B1608091856451S04144903WA0084600919
B1608131856451S04144868WA0084100913
B1608171856457S04144838WA0085000926
B1608211856461S04144813WA0086000932
B1608251856463S04144782WA0086700943
B1608291856469S04144751WA0087600951
B1608331856473S04144722WA0088600961
B1608371856477S04144692WA0089100967
B1608411856477S04144659WA0089500973
B1608451856480S04144631WA0090400980
B1608491856484S04144602WA0090800985
B1608531856488S04144572WA0091400992
B1608571856494S04144548WA0092501003
B1609011856503S04144520WA0093101009
B1609051856512S04144492WA0093901018
B1609091856518S04144467WA0094701023
B1609131856525S04144438WA0094101017
B1609171856531S04144410WA0093901014
B1609211856542S04144378WA0092801004
B1609251856555S04144350WA0092801006
B1609291856578S04144342WA0092400999
B1609331856606S04144362WA0091700995
B1609371856615S04144390WA0091500992
B1609411856612S04144417WA0092201002
B1609451856609S04144436WA0093401007
B1609491856614S04144461WA0093901018
B1609531856620S04144483WA0095301029
B1609571856631S04144505WA0096301041
B1610011856643S04144525WA0097001047
B1610051856658S04144543WA0097701056
B1610091856673S04144565WA0098301061
B1610131856686S04144590WA0099201071
B1610171856697S04144617WA0099901080
B1610211856712S04144643WA0101001093
B1610251856737S04144656WA0102001101
B1610291856760S04144643WA0102501107
B1610331856755S04144626WA0103301117
B1610371856745S04144615WA0104201124
B1610411856729S04144609WA0104701130
B1610451856710S04144612WA0105501140
B1610491856693S04144624WA0106401151
B1610531856683S04144642WA0107601163
B1610571856707S04144656WA0108301172
B1611011856728S04144641WA0109501183
B1611051856734S04144623WA0110301187
B1611091856720S04144611WA0111201199
B1611131856705S04144622WA0112201208
B1611171856712S04144648WA0112901216
B1611211856736S04144660WA0114101227
B1611251856765S04144651WA0114601233
B1611291856766S04144633WA0115501243
B1611331856752S04144629WA0116501253
B1611371856734S04144634WA0117601267
B1611411856719S04144640WA0118801278
B1611451856701S04144645WA0120101294
B1611491856695S04144624WA0120901299
B1611531856715S04144610WA0121901308
B1611571856738S04144625WA0122601315
B1612011856736S04144648WA0124001328
B1612051856720S04144645WA0125401342
B1612091856732S04144625WA0126401352
B1612131856752S04144636WA0127701361
B1612171856744S04144657WA0128801373
B1612211856730S04144645WA0130201387
B1612251856744S04144630WA0131401399
B1612291856766S04144643WA0132501412
B1612331856762S04144669WA0133501424
B1612371856747S04144670WA0134901437
B1612411856751S04144650WA0136001451
B1612451856776S04144655WA0137101462
B1612491856787S04144677WA0138301473
B1612531856782S04144702WA0139201483
B1612571856767S04144709WA0140001490
B1613011856763S04144688WA0140501497
B1613051856782S04144677WA0141801510
B1613091856805S04144691WA0142801520
B1613131856806S04144718WA0143501526
B1613171856791S04144714WA0143801528
B1613211856809S04144700WA0144501535
B1613251856833S04144712WA0145501544
B1613291856863S04144728WA0145601547
B1613331856894S04144746WA0146001552
B1613371856924S04144767WA0146601558
B1613411856952S04144790WA0146201552
B1613451856983S04144818WA0145201548
B1613491857012S04144840WA0144601537
B1613531857046S04144870WA0143201528
B1613571857076S04144895WA0143001524
B1614011857110S04144921WA0141901513
B1614051857138S04144949WA0141401507
B1614091857165S04144979WA0140401498
B1614131857191S04145006WA0139701491
B1614171857215S04145035WA0138901482
B1614211857241S04145065WA0137801471
B1614251857269S04145091WA0136601458
B1614291857295S04145117WA0135701449
B1614331857323S04145141WA0134301433
B1614371857351S04145167WA0133001422
B1614411857378S04145189WA0132201412
B1614451857406S04145211WA0131201404
B1614491857434S04145234WA0130001388
B1614531857466S04145259WA0128601376
B1614571857497S04145281WA0127901369
B1615011857531S04145303WA0126801357
B1615051857564S04145322WA0126001349
B1615091857596S04145339WA0125201340
B1615131857627S04145357WA0124201329
B1615171857659S04145376WA0123301320
B1615211857689S04145394WA0122401309
B1615251857723S04145412WA0121001296
B1615291857757S04145428WA0120001286
B1615331857791S04145445WA0118901274
B1615371857824S04145463WA0117801263
B1615411857856S04145482WA0116401246
B1615451857890S04145497WA0115401236
B1615491857922S04145511WA0114501227
B1615531857955S04145529WA0113501216
B1615571857988S04145541WA0112701208
B1616011858021S04145556WA0111601194
B1616051858053S04145573WA0110401183
B1616091858084S04145584WA0109501174
B1616131858112S04145594WA0108701164
B1616171858144S04145598WA0107401151
B1616211858179S04145599WA0106101136
B1616251858212S04145599WA0105901139
B1616291858241S04145603WA0106201140
B1616331858271S04145604WA0106401143
B1616371858297S04145607WA0107501156
B1616411858314S04145610WA0108801165
B1616451858340S04145613WA0108501162
B1616491858362S04145612WA0109501175
B1616531858383S04145617WA0110501184
B1616571858404S04145622WA0111401192
B1617011858423S04145629WA0112301202
B1617051858439S04145634WA0113401214
B1617091858458S04145645WA0113701217
B1617131858474S04145668WA0114601228
B1617171858494S04145683WA0115801241
B1617211858516S04145684WA0117001253
B1617251858516S04145667WA0117901263
B1617291858497S04145667WA0119201277
B1617331858479S04145687WA0119801285
B1617371858484S04145710WA0121101301
B1617411858505S04145716WA0122001309
B1617451858512S04145698WA0122801318
B1617491858500S04145684WA0123801328
B1617531858479S04145693WA0124401334
B1617571858479S04145721WA0125201346
B1618011858495S04145741WA0126301357
B1618051858515S04145751WA0127201365
B1618091858537S04145759WA0127801371
B1618131858559S04145766WA0128801382
B1618171858579S04145778WA0129501388
B1618211858600S04145789WA0130601402
B1618251858618S04145793WA0131701410
B1618291858643S04145796WA0132101416
B1618331858666S04145800WA0133301430
B1618371858685S04145812WA0135001447
B1618411858682S04145837WA0136401463
B1618451858658S04145841WA0137801476
B1618491858653S04145820WA0139301489
B1618531858677S04145815WA0140301501
B1618571858686S04145836WA0142301520
B1619011858668S04145850WA0143401531
B1619051858656S04145833WA0144801547
B1619091858673S04145819WA0146501562
B1619131858692S04145833WA0147801575
B1619171858693S04145857WA0149601593
B1619211858672S04145871WA0150501602
B1619251858659S04145856WA0151701614
B1619291858673S04145840WA0152901626
B1619331858694S04145850WA0154101638
B1619371858695S04145875WA0155201649
B1619411858673S04145879WA0155901656
B1619451858679S04145860WA0156801668
B1619491858701S04145866WA0158501683
B1619531858716S04145887WA0159501692
B1619571858734S04145905WA0160301703
B1620011858751S04145919WA0160501703
B1620051858764S04145942WA0159901697
B1620091858780S04145968WA0159601698
B1620131858799S04145997WA0159001692
B1620171858814S04146026WA0158701688
B1620211858831S04146058WA0158101683
B1620251858844S04146083WA0158401685
B1620291858864S04146112WA0157701679
B1620331858881S04146138WA0157901680
B1620371858900S04146167WA0157401676
B1620411858919S04146192WA0157301674
B1620451858944S04146222WA0156101663
B1620491858966S04146247WA0156101662
B1620531858988S04146275WA0155101652
B1620571859008S04146302WA0154501646
B1621011859030S04146330WA0153401633
B1621051859054S04146359WA0152401624
B1621091859080S04146385WA0151801618
B1621131859100S04146418WA0151201611
B1621171859118S04146452WA0150401603
B1621211859133S04146490WA0149201592
B1621251859150S04146525WA0148601586
B1621291859166S04146556WA0148601588
B1621331859182S04146586WA0147601572
B1621371859202S04146620WA0146101559
B1621411859217S04146653WA0145101547
B1621451859239S04146685WA0143801534
B1621491859262S04146717WA0142901525
B1621531859287S04146745WA0142601523
B1621571859311S04146773WA0142001517
B1622011859335S04146803WA0141401511
B1622051859358S04146831WA0140801504
B1622091859382S04146861WA0140001497
B1622131859406S04146893WA0139301490
B1622171859432S04146919WA0139401491
B1622211859454S04146945WA0138501478
B1622251859478S04146977WA0137801474
B1622291859501S04147008WA0137201465
B1622331859527S04147036WA0136801462
B1622371859553S04147061WA0136101456
B1622411859577S04147088WA0136001455
B1622451859601S04147114WA0135501449
B1622491859622S04147141WA0135101443
B1622531859645S04147173WA0134001432
B1622571859665S04147202WA0133701427
B1623011859690S04147232WA0132301413
B1623051859714S04147261WA0131701408
B1623091859739S04147292WA0131001399
B1623131859764S04147321WA0130201392
B1623171859788S04147351WA0129401384
B1623211859813S04147381WA0128601375
B1623251859838S04147411WA0127801366
B1623291859862S04147441WA0126901358
B1623331859888S04147472WA0126001349
B1623371859914S04147501WA0125201341
B1623411859940S04147527WA0124701336
B1623451859967S04147562WA0122901317
B1623491859992S04147597WA0122201312
B1623531900019S04147632WA0120901296
B1623571900047S04147672WA0119701287
B1624011900073S04147707WA0119101277
B1624051900102S04147744WA0117701263
B1624091900129S04147780WA0116701252
B1624131900156S04147817WA0115301237
B1624171900182S04147853WA0114401228
B1624211900210S04147885WA0113101213
B1624251900241S04147914WA0111701200
B1624291900270S04147941WA0110901193
B1624331900295S04147969WA0110501188
B1624371900322S04148001WA0109601179
B1624411900349S04148030WA0109401178
B1624451900374S04148057WA0109001172
B1624491900396S04148091WA0108301164
B1624531900421S04148128WA0107201153
B1624571900443S04148159WA0107401156
B1625011900465S04148188WA0106901149
B1625051900485S04148218WA0106301143
B1625091900506S04148250WA0105201131
B1625131900524S04148281WA0104701127
B1625171900546S04148310WA0103401112
B1625211900567S04148340WA0102401102
B1625251900589S04148371WA0100901085
B1625291900615S04148402WA0099501073
B1625331900637S04148432WA0098601061
B1625371900664S04148461WA0097201047
B1625411900688S04148491WA0096201036
B1625451900714S04148524WA0094801023
B1625491900736S04148555WA0094601021
B1625531900753S04148580WA0094601020
B1625571900773S04148601WA0094301017
B1626011900791S04148624WA0094301016
B1626051900814S04148647WA0093901013
B1626091900832S04148675WA0094101014
B1626131900849S04148704WA0093901013
B1626171900863S04148734WA0094101015
B1626211900879S04148768WA0093701009
B1626251900892S04148802WA0093701010
B1626291900906S04148834WA0093401005
B1626331900922S04148863WA0093101002
B1626371900940S04148897WA0092300995
B1626411900957S04148924WA0092200991
B1626451900977S04148957WA0090700976
B1626491900999S04148989WA0089400962
B1626531901024S04149026WA0087600944
B1626571901049S04149060WA0086300932
B1627011901076S04149093WA0085000917
B1627051901102S04149125WA0084000908
B1627091901133S04149153WA0082900897
B1627131901164S04149180WA0082100890
B1627171901194S04149210WA0081700886
B1627211901227S04149239WA0081000879
B1627251901260S04149266WA0080800875
B1627291901296S04149291WA0080500872
B1627331901329S04149310WA0080300870
B1627371901361S04149328WA0080000864
B1627411901389S04149350WA0080100869
B1627451901411S04149367WA0081300880
B1627491901436S04149390WA0081300881
B1627531901457S04149416WA0081800887
B1627571901473S04149444WA0082400891
B1628011901494S04149471WA0082300890
B1628051901515S04149495WA0082500892
B1628091901531S04149516WA0083100900
B1628131901550S04149539WA0083600906
B1628171901567S04149561WA0084700919
B1628211901583S04149575WA0086200932
B1628251901600S04149592WA0087500946
B1628291901621S04149601WA0088600957
B1628331901642S04149612WA0089900970
B1628371901647S04149640WA0090800981
B1628411901628S04149653WA0092100994
B1628451901620S04149637WA0093101002
B1628491901640S04149630WA0094301017
B1628531901657S04149648WA0095701028
B1628571901650S04149675WA0096501037
B1629011901629S04149674WA0097401048
B1629051901640S04149662WA0098301057
B1629091901661S04149677WA0099701068
B1629131901661S04149706WA0100601075
B1629171901639S04149717WA0101001081
B1629211901622S04149707WA0101501089
B1629251901637S04149699WA0102401099
B1629291901654S04149724WA0103501110
B1629331901649S04149752WA0104401118
B1629371901640S04149780WA0104701122
B1629411901641S04149811WA0105201130
B1629451901637S04149840WA0106201142
B1629491901629S04149869WA0107501156
B1629531901613S04149892WA0108601167
B1629571901591S04149887WA0109301174
B1630011901604S04149878WA0110101180
B1630051901624S04149891WA0111301194
B1630091901638S04149913WA0112201201
B1630131901647S04149943WA0112401204
B1630171901665S04149977WA0112201205
B1630211901684S04150005WA0112801211
B1630251901709S04150039WA0112401207
B1630291901735S04150069WA0112101205
B1630331901757S04150102WA0112101205
B1630371901775S04150128WA0112501209
B1630411901790S04150147WA0112901210
B1630451901803S04150168WA0113601218
B1630491901820S04150181WA0114501228
B1630531901836S04150187WA0115801241
B1630571901836S04150218WA0116501250
B1631011901811S04150226WA0117201257
B1631051901812S04150215WA0118201266
B1631091901824S04150238WA0119101275
B1631131901805S04150262WA0119901280
B1631171901787S04150253WA0120601286
B1631211901789S04150239WA0121601303
B1631251901799S04150233WA0122501311
B1631291901812S04150253WA0123001315
B1631331901803S04150285WA0123301321
B1631371901776S04150298WA0124101327
B1631411901751S04150298WA0125001337
B1631451901749S04150282WA0125301344
B1631491901758S04150279WA0126501355
B1631531901771S04150288WA0127401363
B1631571901782S04150312WA0127601363
B1632011901798S04150338WA0127901369
B1632051901814S04150359WA0128801378
B1632091901828S04150387WA0129401384
B1632131901844S04150411WA0129601384
B1632171901864S04150427WA0129801389
B1632211901879S04150446WA0130301393
B1632251901898S04150461WA0130701398
B1632291901916S04150479WA0131301403
B1632331901935S04150496WA0132101411
B1632371901951S04150513WA0132701415
B1632411901966S04150531WA0133301421
B1632451901980S04150549WA0134801436
B1632491901987S04150574WA0136001449
B1632531901968S04150588WA0137101459
B1632571901958S04150568WA0138301471
B1633011901980S04150564WA0139601484
B1633051902001S04150568WA0141101499
B1633091902017S04150551WA0142601517
B1633131902007S04150530WA0144301534
B1633171901985S04150540WA0145701551
B1633211901991S04150562WA0147301571
B1633251902015S04150564WA0148701585
B1633291902036S04150556WA0150701607
B1633331902029S04150533WA0152201620
B1633371902007S04150543WA0153301632
B1633411902010S04150562WA0155201653
B1633451902029S04150579WA0156501668
B1633491902047S04150592WA0158601690
B1633531902058S04150614WA0160401711
B1633571902067S04150633WA0162501731
B1634011902079S04150654WA0164501754
B1634051902088S04150671WA0166401771
B1634091902101S04150694WA0167601784
B1634131902114S04150722WA0168401792
B1634171902131S04150751WA0169001800
B1634211902147S04150779WA0170401814
B1634251902161S04150811WA0169901807
B1634291902172S04150839WA0170101808
B1634331902182S04150871WA0169701804
B1634371902193S04150908WA0169201803
B1634411902202S04150946WA0168901801
B1634451902212S04150983WA0168501795
B1634491902221S04151022WA0167501785
B1634531902230S04151059WA0167101780
B1634571902240S04151094WA0166401771
B1635011902240S04151135WA0164801754
B1635051902236S04151176WA0163501741
B1635091902230S04151208WA0163701745
B1635131902232S04151234WA0163801741
B1635171902238S04151270WA0163001736
B1635211902240S04151304WA0163001736
B1635251902252S04151339WA0162301728
B1635291902260S04151378WA0161401720
B1635331902267S04151416WA0160901714
B1635371902273S04151455WA0160001704
B1635411902279S04151491WA0158901693
B1635451902280S04151527WA0158001684
B1635491902287S04151561WA0157901686
B1635531902291S04151592WA0158301688
B1635571902299S04151627WA0157901685
B1636011902311S04151660WA0157601681
B1636051902317S04151694WA0157401679
B1636091902324S04151730WA0157701686
B1636131902334S04151758WA0158501691
B1636171902344S04151791WA0158001685
B1636211902356S04151827WA0157401680
B1636251902370S04151862WA0156901674
B1636291902382S04151901WA0156301670
B1636331902397S04151936WA0156201668
B1636371902413S04151974WA0155301658
B1636411902423S04152006WA0155601662
B1636451902436S04152039WA0154901649
B1636491902447S04152075WA0154601650
B1636531902461S04152106WA0154501646
B1636571902475S04152139WA0154501648
B1637011902491S04152168WA0154401645
B1637051902510S04152199WA0153501635
B1637091902527S04152233WA0152301621
B1637131902540S04152270WA0151501615
B1637171902552S04152304WA0150701604
B1637211902567S04152340WA0150101600
B1637251902585S04152374WA0150001601
B1637291902600S04152411WA0149701596
B1637331902615S04152446WA0149501595
B1637371902630S04152482WA0149201592
B1637411902648S04152518WA0148901588
B1637451902670S04152551WA0148701587
B1637491902693S04152581WA0148601587
B1637531902713S04152609WA0148601585
B1637571902737S04152636WA0148001578
B1638011902762S04152666WA0147001567
B1638051902788S04152694WA0146201560
B1638091902815S04152725WA0145201548
B1638131902842S04152754WA0144701545
B1638171902869S04152779WA0144001535
B1638211902899S04152802WA0143101527
B1638251902925S04152827WA0142301518
B1638291902954S04152853WA0141201507
B1638331902985S04152877WA0140001494
B1638371903014S04152906WA0138901482
B1638411903045S04152932WA0137701470
B1638451903069S04152950WA0137901470
B1638491903101S04152968WA0136901461
B1638531903129S04152985WA0136401451
B1638571903165S04153010WA0134801439
B1639011903194S04153031WA0134801436
B1639051903228S04153053WA0133501420
B1639091903260S04153073WA0133001417
B1639131903286S04153098WA0132501410
B1639171903319S04153123WA0131101395
B1639211903353S04153146WA0129901384
B1639251903387S04153170WA0128801371
B1639291903420S04153194WA0127501360
B1639331903451S04153223WA0126601350
B1639371903483S04153250WA0125601340
B1639411903514S04153278WA0124701333
B1639451903544S04153300WA0124001322
B1639491903576S04153324WA0122701311
B1639531903604S04153346WA0122201303
B1639571903635S04153374WA0120601289
B1640011903661S04153400WA0120101282
B1640051903694S04153425WA0118301263
B1640091903730S04153450WA0117101253
B1640131903760S04153479WA0116501247
B1640171903788S04153510WA0115801237
B1640211903815S04153543WA0114801227
B1640251903844S04153577WA0113901219
B1640291903872S04153606WA0113401212
B1640331903905S04153637WA0112001199
B1640371903934S04153657WA0111901198
B1640411903966S04153671WA0111001186
B1640451903995S04153682WA0111201193
B1640491904023S04153692WA0110601182
B1640531904056S04153705WA0110001179
B1640571904086S04153714WA0109901176
B1641011904119S04153731WA0109001168
B1641051904117S04153759WA0109601170
B1641091904094S04153770WA0109401167
B1641131904070S04153766WA0108801156
B1641171904037S04153758WA0108001155
B1641211904010S04153751WA0108001153
B1641251903974S04153746WA0107001145
B1641291903945S04153737WA0107101146
B1641331903919S04153718WA0106501139
B1641371903893S04153693WA0105901135
B1641411903869S04153675WA0106701145
B1641451903842S04153666WA0106701143
B1641491903814S04153646WA0105901136
B1641531903789S04153637WA0105901133
B1641571903758S04153624WA0104301118
B1642011903731S04153616WA0104101117
B1642051903705S04153605WA0102701100
B1642091903676S04153593WA0101201085
B1642131903642S04153595WA0099801073
B1642171903612S04153607WA0099101065
B1642211903582S04153630WA0097601050
B1642251903554S04153656WA0096701042
B1642291903524S04153682WA0095101023
B1642331903493S04153709WA0094101017
B1642371903463S04153723WA0093701011
B1642411903430S04153741WA0092901003
B1642451903402S04153764WA0092400999
B1642491903374S04153789WA0091700993
B1642531903344S04153814WA0091100986
B1642571903314S04153835WA0090400978
B1643011903279S04153849WA0089700973
B1643051903248S04153861WA0089900974
B1643091903213S04153870WA0090400983
B1643131903185S04153883WA0091400990
B1643171903157S04153894WA0091500992
B1643211903130S04153903WA0091600993
B1643251903109S04153914WA0093201014
B1643291903111S04153942WA0094301024
B1643331903131S04153942WA0095401037
B1643371903130S04153927WA0096701046
B1643411903117S04153909WA0097101053
B1643451903097S04153906WA0098501068
B1643491903078S04153925WA0099701082
B1643531903090S04153950WA0101201097
B1643571903108S04153947WA0102701111
B1644011903097S04153931WA0103701122
B1644051903077S04153942WA0105401140
B1644091903072S04153969WA0107101158
B1644131903090S04153984WA0108801174
B1644171903096S04153967WA0110201188
B1644211903076S04153963WA0111901206
B1644251903064S04153987WA0113601226
B1644291903074S04154011WA0115501244
B1644331903094S04154016WA0117301262
B1644371903091S04153997WA0118801278
B1644411903068S04154002WA0120601298
B1644451903057S04154027WA0122401316
B1644491903073S04154042WA0123701328
B1644531903089S04154031WA0125201345
B1644571903085S04154015WA0127001363
B1645011903065S04154008WA0128601381
B1645051903042S04154014WA0130501401
B1645091903039S04154042WA0131801414
B1645131903058S04154042WA0132901426
B1645171903051S04154025WA0134701445
B1645211903029S04154024WA0136301461
B1645251903014S04154049WA0137501474
B1645291903025S04154071WA0138401481
B1645331903046S04154067WA0139001488
B1645371903054S04154051WA0140301503
B1645411903045S04154035WA0142001522
B1645451903021S04154037WA0143501536
B1645491903008S04154064WA0144801551
B1645531903025S04154083WA0145601558
B1645571903041S04154074WA0146801571
B1646011903035S04154060WA0148401586
B1646051903013S04154050WA0149501600
B1646091902992S04154058WA0151101615
B1646131902983S04154091WA0151201617
B1646171902998S04154111WA0152101626
B1646211903017S04154107WA0152801633
B1646251903022S04154090WA0154101649
B1646291903010S04154076WA0155701663
B1646331902988S04154068WA0156601674
B1646371902967S04154058WA0157701685
B1646411902944S04154043WA0158501695
B1646451902924S04154032WA0159401701
B1646491902901S04154011WA0158801697
B1646531902883S04153998WA0159501701
B1646571902860S04153979WA0159201700
B1647011902838S04153963WA0159201698
B1647051902815S04153943WA0158601691
B1647091902790S04153925WA0157601681
B1647131902769S04153903WA0156801672
B1647171902748S04153881WA0155801662
B1647211902732S04153856WA0154801652
B1647251902715S04153834WA0153801641
B1647291902697S04153812WA0152701630
B1647331902678S04153790WA0151801621
B1647371902661S04153765WA0151101616
B1647411902645S04153741WA0150701611
B1647451902626S04153717WA0150201606
B1647491902608S04153695WA0149901602
B1647531902587S04153672WA0149401598
B1647571902571S04153655WA0150001602
B1648011902549S04153637WA0149601597
B1648051902525S04153616WA0149001590
B1648091902500S04153595WA0148701589
B1648131902478S04153576WA0149001592
B1648171902463S04153559WA0150101604
B1648211902453S04153541WA0151301615
B1648251902450S04153526WA0152701629
B1648291902445S04153507WA0153301634
B1648331902444S04153490WA0154401645
B1648371902436S04153472WA0155101653
B1648411902430S04153462WA0156501665
B1648451902422S04153452WA0157101671
B1648491902421S04153436WA0157401673
B1648531902427S04153421WA0158201682
B1648571902444S04153411WA0158401683
B1649011902467S04153431WA0158901688
B1649051902477S04153458WA0160401701
B1649091902471S04153490WA0160801707
B1649131902455S04153510WA0162201720
B1649171902437S04153509WA0162801728
B1649211902429S04153498WA0163501734
B1649251902428S04153482WA0163901738
B1649291902428S04153466WA0164601746
B1649331902435S04153449WA0165501756
B1649371902434S04153430WA0166201765
B1649411902429S04153413WA0167601780
B1649451902420S04153398WA0168801794
B1649491902407S04153389WA0170101808
B1649531902393S04153379WA0170701814
B1649571902377S04153370WA0171101817
B1650011902355S04153357WA0170101808
B1650051902340S04153342WA0170201807
B1650091902319S04153326WA0169101794
B1650131902298S04153310WA0168601790
B1650171902278S04153300WA0168701791
B1650211902259S04153287WA0167901781
B1650251902241S04153266WA0167401781
B1650291902222S04153248WA0167301779
B1650331902200S04153221WA0167001780
B1650371902178S04153196WA0167601786
B1650411902157S04153173WA0168501796
B1650451902137S04153152WA0169001799
B1650491902113S04153129WA0168501793
B1650531902085S04153108WA0167601784
B1650571902058S04153086WA0166601774
B1651011902028S04153070WA0165501763
B1651051901994S04153057WA0164101747
B1651091901956S04153037WA0162201729
B1651131901919S04153022WA0161501721
B1651171901880S04153007WA0160201707
B1651211901843S04152992WA0159501702
B1651251901811S04152975WA0158601690
B1651291901775S04152955WA0157101676
B1651331901738S04152943WA0156501670
B1651371901705S04152934WA0156301669
B1651411901672S04152922WA0155101656
B1651451901640S04152909WA0154201645
B1651491901604S04152898WA0151901621
B1651531901568S04152890WA0150601609
B1651571901529S04152886WA0148901589
B1652011901490S04152884WA0147701580
B1652051901451S04152883WA0146501565
B1652091901410S04152881WA0145101553
B1652131901370S04152878WA0144001539
B1652171901328S04152877WA0142401523
B1652211901285S04152874WA0141001508
B1652251901244S04152873WA0139901498
B1652291901204S04152873WA0138901486
B1652331901165S04152870WA0137801475
B1652371901124S04152863WA0136301459
B1652411901087S04152854WA0135601453
B1652451901049S04152842WA0134401440
B1652491901012S04152831WA0133401430
B1652531900975S04152820WA0132701423
B1652571900941S04152807WA0132201418
B1653011900907S04152794WA0131501410
B1653051900874S04152780WA0130901402
B1653091900838S04152766WA0129301385
B1653131900801S04152749WA0128201376
B1653171900763S04152738WA0127301365
B1653211900725S04152730WA0126301355
B1653251900691S04152717WA0125601348
B1653291900661S04152706WA0125001341
B1653331900626S04152692WA0123601328
B1653371900593S04152682WA0123001322
B1653411900557S04152675WA0121901310
B1653451900519S04152669WA0121101303
B1653491900483S04152665WA0120601297
B1653531900447S04152663WA0119901289
B1653571900410S04152661WA0119001280
B1654011900371S04152656WA0118101271
B1654051900336S04152649WA0117601266
B1654091900305S04152642WA0117501265
B1654131900274S04152634WA0117001259
B1654171900245S04152625WA0116701257
B1654211900210S04152613WA0115601243
B1654251900173S04152601WA0114901239
B1654291900136S04152592WA0114101227
B1654331900096S04152583WA0113001218
B1654371900062S04152566WA0111901205
B1654411900027S04152548WA0110901195
B1654451859991S04152537WA0110101184
B1654491859952S04152528WA0108601170
B1654531859920S04152511WA0107401158
B1654571859894S04152485WA0106501148
B1655011859868S04152460WA0105301135
B1655051859842S04152433WA0104101122
B1655091859816S04152409WA0103101110
B1655131859787S04152385WA0101901099
B1655171859759S04152363WA0101201092
B1655211859730S04152339WA0100001077
B1655251859700S04152319WA0098901067
B1655291859672S04152299WA0098001057
B1655331859643S04152277WA0096901043
B1655371859615S04152254WA0095801032
B1655411859585S04152234WA0094901023
B1655451859556S04152217WA0093901012
B1655491859526S04152203WA0092700998
B1655531859496S04152186WA0091100982
B1655571859463S04152170WA0089500964
B1656011859426S04152159WA0087700947
B1656051859389S04152147WA0086100929
B1656091859357S04152129WA0085100918
B1656131859323S04152112WA0083600903
B1656171859290S04152095WA0082700893
B1656211859263S04152082WA0082300886
B1656251859230S04152062WA0080800872
B1656291859200S04152044WA0080400867
B1656331859169S04152025WA0079200854
B1656371859136S04152004WA0078000842
B1656411859103S04151980WA0077100834
B1656451859073S04151953WA0076300825
B1656491859044S04151927WA0075700821
B1656531859017S04151903WA0075600818
B1656571858992S04151879WA0075600819
B1657011858968S04151856WA0075800817
B1657051858944S04151831WA0075700818
B1657091858923S04151812WA0076000821
B1657131858905S04151791WA0076000821
B1657171858887S04151776WA0076600829
B1657211858873S04151763WA0077300833
B1657251858858S04151749WA0077600838
B1657291858844S04151734WA0077900840
B1657331858831S04151717WA0078100843
B1657371858817S04151698WA0078300844
B1657411858806S04151673WA0078600850
B1657451858798S04151648WA0079300855
B1657491858791S04151624WA0080400869
B1657531858785S04151602WA0081200876
B1657571858778S04151581WA0082100884
B1658011858771S04151562WA0083400900
B1658051858752S04151563WA0084400907
B1658091858750S04151589WA0084900913
B1658131858775S04151596WA0085700922
B1658171858781S04151576WA0086600932
B1658211858768S04151563WA0087600942
B1658251858749S04151570WA0088200948
B1658291858749S04151597WA0088700953
B1658331858774S04151609WA0089100960
B1658371858795S04151609WA0090300973
B1658411858809S04151592WA0090900976
B1658451858824S04151577WA0092000987
B1658491858836S04151559WA0092700994
B1658531858833S04151544WA0093100997
B1658571858818S04151532WA0093401002
B1659011858803S04151524WA0094201011
B1659051858791S04151516WA0095301024
B1659091858784S04151499WA0096001031
B1659131858789S04151479WA0097101042
B1659171858774S04151478WA0097501049
B1659211858789S04151505WA0098501063
B1659251858812S04151504WA0100301078
B1659291858832S04151492WA0101201088
B1659331858850S04151482WA0102801103
B1659371858862S04151464WA0103701112
B1659411858862S04151446WA0104801122
B1659451858848S04151440WA0106001135
B1659491858837S04151460WA0106801144
B1659531858849S04151488WA0107701155
B1659571858870S04151507WA0108901167
B1700011858897S04151505WA0109501174
B1700051858902S04151489WA0110601185
B1700091858892S04151472WA0111001188
B1700131858881S04151451WA0111601198
B1700171858870S04151431WA0112501206
B1700211858856S04151413WA0113201214
B1700251858840S04151394WA0113901220
B1700291858824S04151375WA0114301225
B1700331858811S04151356WA0115301236
B1700371858799S04151337WA0116201245
B1700411858792S04151319WA0117401258
B1700451858791S04151298WA0118401266
B1700491858792S04151275WA0119401278
B1700531858798S04151255WA0120501288
B1700571858779S04151244WA0121001295
B1701011858758S04151250WA0121901304
B1701051858736S04151258WA0122501310
B1701091858715S04151264WA0123701325
B1701131858696S04151277WA0124901337
B1701171858685S04151298WA0126601355
B1701211858681S04151321WA0128101368
B1701251858680S04151346WA0129201382
B1701291858701S04151356WA0130401395
B1701331858717S04151339WA0132001411
B1701371858714S04151317WA0133401425
B1701411858694S04151324WA0134401437
B1701451858698S04151349WA0135701450
B1701491858720S04151363WA0137001463
B1701531858741S04151357WA0138301476
B1701571858752S04151335WA0139301488
B1702011858754S04151315WA0140701504
B1702051858737S04151308WA0141701513
B1702091858726S04151330WA0142801525
B1702131858744S04151351WA0143901536
B1702171858768S04151342WA0144801545
B1702211858757S04151323WA0145401553
B1702251858737S04151334WA0146801567
B1702291858727S04151361WA0148001580
B1702331858735S04151389WA0149101591
B1702371858759S04151392WA0149601595
B1702411858765S04151372WA0150601607
B1702451858760S04151353WA0151801619
B1702491858753S04151338WA0153201633
B1702531858734S04151353WA0154001643
B1702571858743S04151381WA0155101655
B1703011858767S04151386WA0156401667
B1703051858786S04151371WA0157101674
B1703091858782S04151353WA0158601691
B1703131858768S04151344WA0159601700
B1703171858750S04151340WA0160401710
B1703211858731S04151335WA0161101718
B1703251858712S04151336WA0162301730
B1703291858689S04151345WA0163401743
B1703331858668S04151356WA0164701756
B1703371858645S04151370WA0165901767
B1703411858631S04151394WA0167001779
B1703451858616S04151415WA0167901786
B1703491858593S04151413WA0168501796
B1703531858573S04151416WA0169501804
B1703571858552S04151418WA0170101811
B1704011858531S04151412WA0170301811
B1704051858508S04151405WA0170801820
B1704091858482S04151404WA0171501826
B1704131858458S04151407WA0172601839
B1704171858430S04151408WA0172501835
B1704211858395S04151409WA0172001833
B1704251858366S04151410WA0172101833
B1704291858329S04151407WA0170701819
B1704331858293S04151402WA0170201813
B1704371858258S04151399WA0169701806
B1704411858222S04151391WA0168701796
B1704451858186S04151383WA0167901787
B1704491858150S04151371WA0167001778
B1704531858120S04151358WA0166501770
B1704571858091S04151344WA0165001750
B1705011858054S04151325WA0163401741
B1705051858021S04151315WA0163301736
B1705091857985S04151300WA0162001724
B1705131857956S04151292WA0161801722
B1705171857920S04151282WA0160201704
B1705211857887S04151273WA0159601701
B1705251857852S04151265WA0158701691
B1705291857818S04151257WA0158101685
B1705331857780S04151249WA0156901671
B1705371857741S04151242WA0155901663
B1705411857706S04151236WA0155401656
B1705451857673S04151225WA0154601647
B1705491857636S04151212WA0153601639
B1705531857602S04151201WA0152801628
B1705571857563S04151187WA0150801607
B1706011857525S04151174WA0149701595
B1706051857491S04151164WA0149101592
B1706091857459S04151155WA0147901576
B1706131857426S04151137WA0146401562
B1706171857391S04151123WA0145201551
B1706211857356S04151110WA0144001537
B1706251857320S04151095WA0142801526
B1706291857287S04151083WA0141901516
B1706331857251S04151069WA0140301499
B1706371857215S04151055WA0139201488
B1706411857180S04151040WA0138101475
B1706451857145S04151026WA0137101467
B1706491857111S04151012WA0136401459
B1706531857078S04150995WA0135401447
B1706571857045S04150978WA0134501437
B1707011857007S04150966WA0133101424
B1707051856971S04150954WA0132201416
B1707091856933S04150940WA0131001402
B1707131856896S04150925WA0130101394
B1707171856858S04150909WA0129001381
B1707211856821S04150893WA0128201373
B1707251856785S04150877WA0127501364
B1707291856750S04150862WA0126401352
B1707331856712S04150847WA0124801337
B1707371856675S04150831WA0123701325
B1707411856638S04150814WA0122501312
B1707451856602S04150797WA0121401301
B1707491856567S04150781WA0120501293
B1707531856533S04150764WA0119601283
B1707571856499S04150747WA0119101278
B1708011856467S04150731WA0118401269
B1708051856435S04150711WA0117401258
B1708091856403S04150690WA0116401248
B1708131856370S04150669WA0115801241
B1708171856339S04150650WA0115201233
B1708211856305S04150627WA0114301224
B1708251856275S04150609WA0114701231
B1708291856247S04150590WA0115201235
B1708331856223S04150569WA0115801243
B1708371856204S04150557WA0117501259
B1708411856201S04150540WA0118101263
B1708451856207S04150528WA0119001274
B1708491856220S04150533WA0119701278
B1708531856231S04150555WA0120201283
B1708571856225S04150586WA0120701287
B1709011856200S04150602WA0121401296
B1709051856186S04150590WA0122101300
B1709091856191S04150577WA0122801307
B1709131856200S04150567WA0123401313
B1709171856213S04150567WA0124101320
B1709211856220S04150595WA0124301321
B1709251856198S04150617WA0125001328
B1709291856181S04150607WA0125401331
B1709331856193S04150602WA0126101338
B1709371856204S04150626WA0126501341
B1709411856183S04150652WA0127101349
B1709451856158S04150654WA0128101359
B1709491856146S04150638WA0128601365
B1709531856156S04150633WA0129201371
B1709571856169S04150654WA0129601375
B1710011856163S04150687WA0130401383
B1710051856140S04150705WA0131001389
B1710091856122S04150694WA0131401395
B1710131856131S04150686WA0132101402
B1710171856148S04150697WA0132601406
B1710211856158S04150722WA0133301414
B1710251856154S04150753WA0133801420
B1710291856128S04150770WA0134201425
B1710331856107S04150760WA0134601428
B1710371856107S04150743WA0135101435
B1710411856120S04150734WA0135501440
B1710451856136S04150732WA0136001445
B1710491856153S04150739WA0136501450
B1710531856161S04150764WA0136901453
B1710571856151S04150796WA0137301461
B1711011856125S04150812WA0137901467
B1711051856101S04150809WA0138501474
B1711091856087S04150796WA0139001477
B1711131856095S04150786WA0139101477
B1711171856112S04150791WA0139501481
B1711211856115S04150820WA0139601481
B1711251856090S04150837WA0140001487
B1711291856067S04150830WA0140301489
B1711331856040S04150823WA0140201490
B1711371856015S04150813WA0140301491
B1711411855998S04150802WA0140601493
B1711451855972S04150789WA0139901487
B1711491855950S04150780WA0140201491
B1711531855923S04150768WA0139201479
B1711571855896S04150758WA0139301481
B1712011855867S04150750WA0138501471
B1712051855831S04150740WA0137101458
B1712091855795S04150733WA0136001447
B1712131855756S04150728WA0134701434
B1712171855717S04150730WA0133701421
B1712211855675S04150729WA0132301410
B1712251855637S04150728WA0131301397
B1712291855598S04150723WA0130101388
B1712331855560S04150720WA0129401378
B1712371855520S04150719WA0128201367
B1712411855483S04150718WA0127501358
B1712451855444S04150714WA0126101345
B1712491855407S04150708WA0125001332
B1712531855369S04150700WA0124001323
B1712571855334S04150693WA0123301315
B1713011855296S04150683WA0122301307
B1713051855258S04150676WA0121901303
B1713091855221S04150665WA0121001294
B1713131855185S04150654WA0120401289
B1713171855148S04150646WA0119701279
B1713211855110S04150636WA0118801271
B1713251855072S04150628WA0118201262
B1713291855033S04150618WA0117201254
B1713331854994S04150612WA0116701249
B1713371854956S04150606WA0116101241
B1713411854918S04150599WA0115501236
B1713451854882S04150593WA0115201231
B1713491854847S04150585WA0114801226
B1713531854812S04150579WA0114401222
B1713571854776S04150571WA0113701214
B1714011854740S04150562WA0113001208
B1714051854705S04150553WA0112401200
B1714091854670S04150541WA0111701195
B1714131854635S04150529WA0111001186
B1714171854601S04150516WA0110101177
B1714211854566S04150507WA0109101167
B1714251854532S04150494WA0108401159
B1714291854499S04150481WA0107401149
B1714331854465S04150468WA0106601141
B1714371854431S04150456WA0105901134
B1714411854398S04150445WA0105301127
B1714451854364S04150434WA0104601121
B1714491854331S04150425WA0104101116
B1714531854298S04150414WA0103301108
B1714571854265S04150405WA0102701101
B1715011854232S04150395WA0101701091
B1715051854202S04150381WA0101201085
B1715091854172S04150368WA0100301074
B1715131854140S04150358WA0099301063
B1715171854106S04150351WA0098101052
B1715211854075S04150345WA0097701048
B1715251854047S04150337WA0097601048
B1715291854018S04150328WA0097201042
B1715331853989S04150321WA0096801040
B1715371853958S04150315WA0096401036
B1715411853932S04150307WA0096801040
B1715451853904S04150295WA0096001030
B1715491853876S04150284WA0096001033
B1715531853847S04150273WA0095601026
B1715571853815S04150261WA0095301025
B1716011853783S04150250WA0095201024
B1716051853754S04150241WA0095701029
B1716091853723S04150230WA0095801029
B1716131853692S04150221WA0095901031
B1716171853659S04150215WA0095701028
B1716211853627S04150214WA0095701029
B1716251853595S04150214WA0095701028
B1716291853562S04150217WA0095701029
B1716331853533S04150219WA0096001030
B1716371853497S04150219WA0095601027
B1716411853468S04150221WA0096101033
B1716451853440S04150223WA0096401035
B1716491853407S04150224WA0095501026
B1716531853372S04150221WA0094601017
B1716571853337S04150215WA0093901009
B1717011853302S04150210WA0092901000
B1717051853268S04150204WA0092200992
B1717091853234S04150197WA0091200981
B1717131853199S04150190WA0090100969
B1717171853165S04150185WA0089300961
B1717211853131S04150178WA0088300951
B1717251853097S04150175WA0087700944
B1717291853064S04150172WA0086900936
B1717331853030S04150169WA0085900926
B1717371852995S04150164WA0084900916
B1717411852956S04150158WA0083600902
B1717451852917S04150156WA0083000895
B1717491852878S04150152WA0081800881
B1717531852837S04150146WA0080800871
B1717571852797S04150141WA0080400868
B1718011852763S04150138WA0080600871
B1718051852726S04150135WA0079800861
B1718091852689S04150129WA0078900852
B1718131852653S04150127WA0077900841
B1718171852611S04150121WA0076300824
B1718211852572S04150114WA0075500817
B1718251852531S04150107WA0074100800
B1718291852493S04150097WA0073300793
B1718331852455S04150086WA0072400781
B1718371852415S04150076WA0071300770
B1718411852376S04150064WA0070600763
B1718451852336S04150058WA0070100758
B1718491852310S04150087WA0069700755
B1718531852301S04150122WA0070100760
B1718571852299S04150153WA0070400762
B1719011852301S04150186WA0070400764
B1719051852302S04150218WA0070800768
B1719091852302S04150248WA0071500775
B1719131852298S04150275WA0072000779
B1719171852292S04150301WA0072500785
B1719211852282S04150327WA0072700786
B1719251852268S04150351WA0072600785
B1719291852252S04150381WA0072100781
B1719331852235S04150409WA0072300784
B1719371852219S04150438WA0072500785
B1719411852205S04150465WA0072900789
B1719451852192S04150489WA0073600795
B1719491852179S04150518WA0073700796
B1719531852159S04150548WA0073800799
B1719571852141S04150576WA0074600808
B1720011852126S04150604WA0075000811
B1720051852114S04150630WA0076100822
B1720091852105S04150662WA0076500826
B1720131852094S04150691WA0077200833
B1720171852085S04150725WA0077600838
B1720211852078S04150756WA0078000841
B1720251852065S04150793WA0077900843
B1720291852054S04150823WA0078300843
B1720331852039S04150859WA0078000843
B1720371852025S04150888WA0078200842
B1720411852011S04150923WA0077900842
B1720451851996S04150948WA0078700849
B1720491851981S04150977WA0078200844
B1720531851964S04151010WA0077400833
B1720571851943S04151048WA0076000822
B1721011851926S04151086WA0075400815
B1721051851908S04151123WA0074500807
B1721091851892S04151156WA0074100800
B1721131851879S04151195WA0072800787
B1721171851861S04151232WA0072100780
B1721211851848S04151262WA0072200783
B1721251851836S04151293WA0071400771
B1721291851824S04151333WA0070100762
B1721331851812S04151365WA0070100760
B1721371851797S04151403WA0069300751
B1721411851780S04151439WA0068700744
B1721451851764S04151480WA0067000726
B1721491851750S04151521WA0065800714
B1721531851738S04151559WA0065200709
B1721571851725S04151594WA0064500701
B1722011851715S04151627WA0063700691
B1722051851699S04151660WA0062400676
B1722091851679S04151692WA0061300666
B1722131851663S04151725WA0060400657
B1722171851646S04151757WA0059700649
B1722211851638S04151791WA0058600636
B1722251851633S04151831WA0057000621
B1722291851633S04151869WA0056200612
B1722331851629S04151910WA0055000600
B1722371851630S04151948WA0054100589
B1722411851630S04151988WA0052700574
B1722451851633S04152028WA0051600562
B1722491851635S04152067WA0050800554
B1722531851638S04152106WA0050200548
B1722571851641S04152144WA0049600543
B1723011851644S04152182WA0049100538
B1723051851648S04152220WA0048500531
B1723091851647S04152258WA0048000526
B1723131851648S04152297WA0047200515
B1723171851648S04152337WA0046500509
B1723211851648S04152376WA0045400496
B1723251851646S04152416WA0044400487
B1723291851641S04152454WA0043800480
B1723331851636S04152491WA0043900481
B1723371851632S04152529WA0043400474
B1723411851630S04152567WA0043500477
B1723451851629S04152605WA0043000470
B1723491851628S04152644WA0042600466
B1723531851626S04152683WA0041800457
B1723571851627S04152722WA0041400453
B1724011851624S04152762WA0040700446
B1724051851621S04152800WA0040400442
B1724091851620S04152840WA0039700434
B1724131851618S04152881WA0039000426
B1724171851614S04152921WA0038500420
B1724211851608S04152960WA0037800414
B1724251851601S04152998WA0037400408
B1724291851593S04153037WA0036900403
B1724331851586S04153073WA0036900403
B1724371851575S04153107WA0036900402
B1724411851567S04153142WA0036600400
B1724451851556S04153176WA0036200396
B1724491851547S04153209WA0036300399
B1724531851533S04153239WA0035600391
B1724571851517S04153267WA0035300389
B1725011851503S04153299WA0035000385
B1725051851484S04153328WA0034600383
B1725091851469S04153354WA0035100390
B1725131851458S04153381WA0035500390
B1725171851449S04153413WA0035100388
B1725211851449S04153442WA0035100386
B1725251851457S04153475WA0034800384
B1725291851467S04153507WA0034600381
B1725331851472S04153540WA0034400380
B1725371851474S04153574WA0033800373
B1725411851480S04153608WA0033500371
B1725451851483S04153641WA0033100366
B1725491851488S04153663WA0033800370
B1725531851490S04153697WA0033100364
B1725571851492S04153728WA0033400368
B1726011851488S04153762WA0033400368
B1726051851482S04153794WA0033100363
B1726091851470S04153829WA0032300357
B1726131851460S04153855WA0032600358
B1726171851451S04153890WA0031900350
B1726211851444S04153922WA0031500345
B1726251851434S04153955WA0030800339
B1726291851425S04153989WA0030100331
B1726331851417S04154019WA0030000329
B1726371851407S04154055WA0029400324
B1726411851401S04154084WA0029500323
B1726451851396S04154120WA0028700316
B1726491851397S04154155WA0028100308
B1726531851400S04154189WA0027900309
B1726571851404S04154226WA0027100298
B1727011851407S04154260WA0027300302
B1727051851394S04154281WA0027300299
B1727091851374S04154296WA0027200301
B1727131851378S04154334WA0026200287
B1727171851380S04154369WA0026100286
B1727211851377S04154407WA0025300279
B1727251851370S04154429WA0026200288
B1727291851363S04154421WA0026100286
B1727331851385S04154431WA0026100282
B1727371851388S04154460WA0026200280
B1727411851375S04154487WA0026400283
B1727451851371S04154522WA0026600286
B1727491851364S04154555WA0026100281
B1727531851357S04154581WA0026300285
B1727571851351S04154608WA0026500286
B1728011851336S04154621WA0026300284
B1728051851318S04154634WA0026100282
B1728091851304S04154656WA0026100285
B1728131851288S04154676WA0026300287
B1728171851284S04154705WA0026900298
B1728211851273S04154714WA0027200298
B1728251851278S04154704WA0027000296
B1728291851297S04154699WA0027200298
B1728331851321S04154705WA0027300302
B1728371851335S04154733WA0027600304
B1728411851330S04154757WA0027900307
B1728451851315S04154767WA0028500316
B1728491851309S04154762WA0028700315
B1728531851331S04154754WA0028400311
B1728571851349S04154764WA0029300319
B1729011851358S04154794WA0029200321
B1729051851347S04154812WA0029800327
B1729091851334S04154813WA0029900326
B1729131851341S04154797WA0029700328
B1729171851355S04154789WA0030400335
B1729211851378S04154804WA0030500335
B1729251851378S04154831WA0030800337
B1729291851362S04154846WA0031100342
B1729331851349S04154840WA0031200342
B1729371851354S04154828WA0031500346
B1729411851371S04154835WA0032000348
B1729451851394S04154852WA0032200350
B1729491851395S04154879WA0032200349
B1729531851379S04154893WA0032300352
B1729571851361S04154899WA0032600354
B1730011851342S04154904WA0032500354
B1730051851324S04154915WA0032900358
B1730091851316S04154948WA0032700356
B1730131851335S04154972WA0033100362
B1730171851354S04154971WA0033300364
B1730211851345S04154966WA0033600370
B1730251851331S04154962WA0033800371
B1730291851313S04154970WA0034100375
B1730331851308S04155005WA0033900373
B1730371851333S04155017WA0033800371
B1730411851338S04155006WA0033900373
B1730451851326S04155003WA0033900371
B1730491851310S04155006WA0033900374
B1730531851293S04155017WA0033800368
B1730571851274S04155040WA0033400368
B1731011851278S04155079WA0032800359
B1731051851301S04155105WA0032300354
B1731091851329S04155119WA0031800348
B1731131851356S04155140WA0031500346
B1731171851375S04155165WA0031100338
B1731211851373S04155198WA0030200331
B1731251851358S04155213WA0029600323
B1731291851339S04155229WA0028700313
B1731331851319S04155235WA0028000306
B1731371851302S04155239WA0027500300
B1731411851285S04155237WA0026700292
B1731451851273S04155236WA0027100299
B1731491851261S04155233WA0027200298
B1731531851250S04155230WA0027300299
B1731571851238S04155224WA0026700292
B1732011851235S04155215WA0027000301
B1732051851225S04155208WA0026800298
B1732091851211S04155201WA0026800299
B1732131851196S04155196WA0026800297
B1732171851175S04155216WA0026300293
B1732211851171S04155248WA0026400296
B1732251851164S04155278WA0026100291
B1732291851150S04155284WA0025500281
B1732331851148S04155270WA0025100278
B1732371851152S04155259WA0024800273
B1732411851165S04155246WA0024000266
B1732451851188S04155245WA0023700264
B1732491851210S04155243WA0023200258
B1732531851230S04155239WA0022900256
B1732571851252S04155240WA0022800253
B1733011851268S04155230WA0022300248
B1733051851267S04155215WA0022200249
B1733091851254S04155219WA0022400250
B1733131851237S04155237WA0022000246
B1733171851230S04155265WA0021900245
B1733211851222S04155296WA0021200237
B1733251851208S04155315WA0020800231
B1733291851197S04155317WA0020200225
B1733331851193S04155308WA0019500216
B1733371851197S04155295WA0018700206
B1733411851205S04155282WA0018200202
B1733451851214S04155270WA0017700196
B1733491851224S04155259WA0017200192
B1733531851233S04155249WA0016900188
B1733571851236S04155238WA0016200180
B1734011851234S04155232WA0015800176
B1734051851224S04155234WA0015200170
B1734091851215S04155238WA0014800165
B1734131851208S04155235WA0014300159
B1734171851204S04155231WA0014000154
B1734211851204S04155231WA0013900151
B1734251851204S04155231WA0013900152
B1734291851204S04155231WA0013900152
B1734331851204S04155231WA0013900152
B1734371851204S04155231WA0013900152
B1734411851204S04155231WA0013900152
B1734451851205S04155230WA0013900153
B1734491851206S04155230WA0013900152
B1734531851206S04155230WA0013900152
B1734571851206S04155230WA0013900153
B1735011851206S04155230WA0013900152
B1735051851204S04155230WA0013900152
B1735091851202S04155230WA0013900153
B1735131851201S04155230WA0013900152
B1735171851201S04155230WA0013900153
B1735211851201S04155230WA0013900153
B1735251851201S04155230WA0013900153
B1735291851200S04155230WA0013900152
B1735331851200S04155230WA0013900152
B1735371851200S04155230WA0013900152
B1735411851200S04155230WA0013900152
B1735451851201S04155230WA0013900151
B1735491851201S04155229WA0013900150
B1735531851201S04155229WA0013900150
B1735571851201S04155230WA0013900149
B1736011851201S04155230WA0013900149
B1736051851201S04155230WA0013900149
B1736091851201S04155230WA0013900150
B1736131851199S04155229WA0013900150
B1736171851196S04155227WA0013900150
B1736211851194S04155228WA0013900151
B1736251851192S04155229WA0013900153
B1736291851189S04155228WA0013900153
B1736331851188S04155228WA0013900153
B1736371851187S04155230WA0013900153
B1736411851185S04155231WA0013900151
B1736451851183S04155232WA0013900151
B1736491851181S04155233WA0013800152
B1736531851180S04155234WA0013800152
B1736571851178S04155233WA0013800152
B1737011851178S04155232WA0013800151
B1737051851178S04155232WA0013800152
B1737091851178S04155232WA0013800152
B1737131851178S04155232WA0013800152
B1737171851178S04155232WA0013800152
B1737211851178S04155232WA0013800152
B1737251851178S04155232WA0013800152
B1737291851178S04155232WA0013800153
B1737331851178S04155232WA0013800153
B1737371851178S04155232WA0013800153
B1737411851178S04155232WA0013800153
B1737451851178S04155232WA0013800153
B1737491851178S04155231WA0013800153
B1737531851178S04155232WA0013800153
B1737571851178S04155232WA0013800153
B1738011851178S04155232WA0013800153
B1738051851178S04155232WA0013800153
B1738091851178S04155232WA0013800153
B1738131851178S04155232WA0013800153
B1738171851178S04155232WA0013800153
B1738211851178S04155232WA0013800153
B1738251851178S04155232WA0013800153
B1738291851178S04155232WA0013800153
B1738331851178S04155232WA0013800153
B1738371851178S04155232WA0013800153
B1738411851178S04155232WA0013800153
B1738451851178S04155232WA0013800153
B1738491851178S04155232WA0013800154
B1738531851178S04155232WA0013800154
B1738571851177S04155232WA0013800155
B1739011851177S04155232WA0013800155
B1739051851177S04155233WA0013800155
B1739091851177S04155233WA0013800155
B1739131851177S04155233WA0013800155
B1739171851177S04155233WA0013800155
B1739211851177S04155232WA0013800155
B1739251851177S04155233WA0013800155
B1739291851177S04155232WA0013800155
B1739331851177S04155232WA0013800154
B1739371851177S04155232WA0013800154
B1739411851178S04155232WA0013800154
B1739451851178S04155232WA0013800154
B1739491851178S04155232WA0013800154
B1739531851178S04155232WA0013800155
B1739571851178S04155232WA0013800154
B1740011851178S04155232WA0013800154
B1740051851178S04155232WA0013800154
B1740091851178S04155232WA0013800154
B1740131851178S04155232WA0013800153
B1740171851178S04155232WA0013800153
B1740211851178S04155232WA0013800153
B1740251851178S04155232WA0013800153
B1740291851178S04155232WA0013800153
B1740331851178S04155232WA0013800153
B1740371851178S04155233WA0013800153
B1740411851178S04155233WA0013800153
B1740451851178S04155233WA0013900153
B1740491851178S04155233WA0013800153
B1740531851178S04155233WA0013900153
B1740571851178S04155233WA0013900153
B1741011851178S04155233WA0013900154
B1741051851178S04155233WA0013900153
B1741091851178S04155233WA0013900153
B1741131851178S04155233WA0013900153
B1741171851178S04155233WA0013900153
B1741211851178S04155234WA0013900154
B1741251851178S04155234WA0013900154
B1741291851178S04155234WA0013900154
B1741331851178S04155234WA0013900154
B1741371851178S04155234WA0013900154
B1741411851178S04155234WA0013900155
B1741451851178S04155234WA0013900154
B1741491851178S04155233WA0013900154
B1741531851177S04155235WA0013900154
B1741571851177S04155235WA0013900153
B1742011851177S04155235WA0013800154
B1742051851177S04155235WA0013800154
B1742091851177S04155236WA0013800154
B1742131851177S04155236WA0013900154
B1742171851177S04155236WA0013900155
B1742211851177S04155236WA0013900155
B1742251851177S04155236WA0013900155
B1742291851177S04155236WA0013900155
B1742331851178S04155236WA0013900155
B1742371851178S04155236WA0013900154
B1742411851178S04155236WA0013800155
B1742451851177S04155235WA0013900154
B1742491851177S04155235WA0013900155
B1742531851178S04155236WA0013900155
B1742571851178S04155235WA0013900155
B1743011851178S04155235WA0013900155
B1743051851178S04155236WA0013900156
B1743091851178S04155236WA0013900156
B1743131851178S04155236WA0013900156
B1743171851178S04155236WA0013900156
B1743211851178S04155236WA0013900156
B1743251851178S04155236WA0013900156
B1743291851178S04155236WA0013900155
B1743331851177S04155236WA0013900155
B1743371851177S04155236WA0013900155
B1743411851177S04155236WA0013800155
B1743451851177S04155236WA0013800155
B1743491851177S04155236WA0013800155
B1743531851177S04155236WA0013800154
B1743571851177S04155236WA0013800154
B1744011851177S04155236WA0013900154
B1744051851177S04155236WA0013900154
B1744091851177S04155236WA0013900154
B1744131851178S04155235WA0013900154
B1744171851178S04155235WA0013800153
B1744211851178S04155235WA0013900154
B1744251851178S04155235WA0013900154
B1744291851178S04155235WA0013800154
B1744331851178S04155235WA0013800154
B1744371851178S04155236WA0013800154
B1744411851178S04155236WA0013800154
B1744451851178S04155236WA0013800155
B1744491851178S04155236WA0013900155
B1744531851177S04155236WA0013800155
B1744571851177S04155237WA0013900155
B1745011851178S04155235WA0013900155
B1745051851178S04155234WA0013900155
B1745091851178S04155234WA0013900155
B1745131851178S04155234WA0013900155
B1745171851178S04155234WA0013900154
B1745211851178S04155234WA0013900154
B1745251851178S04155234WA0013900154
B1745291851178S04155234WA0013900154
B1745331851178S04155234WA0013900154
B1745371851178S04155234WA0013900154
B1745411851178S04155234WA0013900154
B1745451851177S04155234WA0013900153
B1745491851177S04155233WA0013900154
B1745531851177S04155233WA0013900153
B1745571851177S04155233WA0013900153
B1746011851177S04155233WA0013900152
B1746051851177S04155233WA0013900152
B1746091851177S04155233WA0013900153
B1746131851177S04155233WA0013900153
B1746171851177S04155233WA0013900153
B1746211851177S04155234WA0013900153
B1746251851177S04155233WA0013900154
B1746291851177S04155233WA0013900154
B1746331851177S04155233WA0013900154
B1746371851177S04155233WA0013900155
B1746411851178S04155233WA0013900155
B1746451851178S04155233WA0013900155
B1746491851178S04155233WA0013900154
B1746531851178S04155233WA0013900154
B1746571851179S04155233WA0013900154
B1747011851179S04155233WA0013900154
B1747051851179S04155233WA0013900154
B1747091851179S04155233WA0013900154
B1747131851179S04155233WA0013900154
B1747171851179S04155233WA0013900154
B1747211851179S04155233WA0013900155
B1747251851179S04155233WA0013900155
B1747291851179S04155233WA0013900156
B1747331851179S04155233WA0013900156
B1747371851179S04155233WA0013900156
B1747411851179S04155233WA0013900156
B1747451851179S04155233WA0013900156
B1747491851178S04155233WA0013900156
B1747531851178S04155233WA0013900156
B1747571851178S04155233WA0013900156
B1748011851178S04155233WA0013900156
B1748051851178S04155233WA0013900156
B1748091851178S04155233WA0013900157
B1748131851178S04155233WA0013900156
B1748171851178S04155233WA0013900156
B1748211851178S04155233WA0013900156
B1748251851178S04155233WA0013900156
B1748291851178S04155233WA0013900156
B1748331851178S04155232WA0013900156
B1748371851178S04155232WA0013900156
B1748411851178S04155232WA0013900156
B1748451851178S04155232WA0013900156
B1748491851178S04155233WA0013900156
B1748531851178S04155233WA0013900157
B1748571851178S04155233WA0013900157
B1749011851178S04155233WA0013900158
B1749051851178S04155233WA0013900158
B1749091851178S04155233WA0013900159
B1749131851178S04155233WA0013900158
B1749171851178S04155233WA0013900158
B1749211851178S04155233WA0013900158
B1749251851178S04155233WA0013900158
B1749291851178S04155233WA0013900158
B1749331851178S04155233WA0013900158
B1749371851178S04155233WA0013900158
B1749411851178S04155233WA0013900159
B1749451851178S04155233WA0013900159
B1749491851179S04155233WA0013900159
B1749531851179S04155233WA0013900159
B1749571851178S04155233WA0013900159
B1750011851178S04155233WA0013900159
B1750051851178S04155233WA0013900158
B1750091851178S04155233WA0013900158
B1750131851178S04155233WA0013800156
B1750171851178S04155233WA0013800156
B1750211851178S04155233WA0013800156
B1750251851178S04155233WA0013800156
B1750291851178S04155233WA0013800156
B1750331851178S04155233WA0013800156
B1750371851178S04155233WA0013800157
B1750411851178S04155233WA0013800156
B1750451851178S04155233WA0013800156
B1750491851178S04155233WA0013800156
B1750531851178S04155233WA0013800156
B1750571851178S04155233WA0013800156
B1751011851178S04155233WA0013800156
B1751051851178S04155233WA0013900156
B1751091851178S04155233WA0013900156
B1751131851178S04155233WA0013800156
B1751171851178S04155233WA0013800156
B1751211851178S04155233WA0013800155
B1751251851178S04155233WA0013800156
B1751291851178S04155233WA0013800156
B1751331851178S04155233WA0013800157
B1751371851178S04155233WA0013800156
B1751411851178S04155233WA0013800156
B1751451851178S04155233WA0013900156
B1751491851178S04155234WA0013900156
B1751531851178S04155234WA0013900155
B1751571851178S04155234WA0013900156
B1752011851178S04155234WA0013900156
B1752051851178S04155234WA0013900156
B1752091851178S04155234WA0013900156
B1752131851178S04155234WA0013900156
B1752171851178S04155234WA0013900156
B1752211851178S04155234WA0013900156
B1752251851178S04155234WA0013900156
B1752291851178S04155234WA0013900157
B1752331851179S04155234WA0013900157
B1752371851179S04155234WA0013900157
B1752411851179S04155234WA0013900156
B1752451851179S04155234WA0013900157
B1752491851179S04155234WA0013900157
B1752531851179S04155234WA0013900157
B1752571851179S04155234WA0013900157
B1753011851179S04155234WA0013900156
B1753051851179S04155233WA0013900156
B1753091851179S04155233WA0013900156
B1753131851178S04155233WA0013900156
B1753171851178S04155233WA0013900156
B1753211851178S04155233WA0013900156
B1753251851178S04155233WA0013900156
B1753291851178S04155233WA0013900156
B1753331851178S04155232WA0013900156
B1753371851178S04155233WA0013900155
B1753411851178S04155233WA0013900156
B1753451851178S04155233WA0013900156
B1753491851178S04155233WA0013900156
B1753531851178S04155233WA0013900156
B1753571851178S04155233WA0013900156
B1754011851179S04155233WA0013900156
B1754051851179S04155233WA0013900156
B1754091851179S04155232WA0013900155
B1754131851179S04155232WA0013900154
B1754171851179S04155232WA0013900154
B1754211851179S04155232WA0013900154
B1754251851179S04155232WA0013900155
B1754291851179S04155233WA0013900155
B1754331851179S04155233WA0013900155
B1754371851179S04155232WA0013900155
B1754411851179S04155232WA0013900155
B1754451851179S04155232WA0013900155
B1754491851179S04155232WA0013900155
B1754531851179S04155232WA0013900154
B1754571851179S04155232WA0013900155
B1755011851180S04155232WA0013900155
B1755051851180S04155232WA0013900155
B1755091851180S04155232WA0013900155
B1755131851179S04155232WA0013900155
B1755171851179S04155232WA0013900155
B1755211851179S04155232WA0013900155
B1755251851179S04155232WA0013900155
B1755291851180S04155231WA0013900155
B1755331851180S04155231WA0013900155
B1755371851180S04155232WA0013900154
B1755411851180S04155232WA0013900154
B1755451851180S04155232WA0013900154
B1755491851180S04155232WA0013900154
B1755531851180S04155232WA0013900154
B1755571851180S04155232WA0013900154
B1756011851180S04155232WA0013900154
B1756051851180S04155232WA0013900154
B1756091851180S04155232WA0013900154
B1756131851179S04155232WA0013900154
B1756171851179S04155232WA0013900153
B1756211851179S04155232WA0013900153
B1756251851179S04155232WA0013900153
B1756291851179S04155232WA0013900153
B1756331851179S04155232WA0013900154
B1756371851179S04155232WA0013900154
B1756411851179S04155232WA0013900155
B1756451851179S04155232WA0013900155
B1756491851179S04155232WA0013900155
B1756531851179S04155232WA0013900155
B1756571851179S04155232WA0013900156
B1757011851179S04155232WA0013900155
B1757051851179S04155232WA0013900155
B1757091851179S04155232WA0013900156
B1757131851179S04155232WA0013900156
B1757171851179S04155232WA0013900155
B1757211851179S04155232WA0013900155
B1757251851179S04155232WA0013900154
B1757291851179S04155232WA0013900154
B1757331851179S04155232WA0013900154
B1757371851179S04155232WA0013900154
B1757411851179S04155232WA0013900154
B1757451851179S04155232WA0013900154
B1757491851179S04155232WA0013900154
B1757531851179S04155232WA0013900154
B1757571851179S04155232WA0013900154
B1758011851180S04155232WA0013900154
B1758051851180S04155232WA0013900154
B1758091851180S04155232WA0013900154
B1758131851180S04155232WA0013900154
B1758171851180S04155232WA0013900154
B1758211851180S04155232WA0013900155
B1758251851180S04155232WA0013900155
B1758291851180S04155232WA0013900155
B1758331851180S04155232WA0013900155
B1758371851180S04155232WA0013900155
B1758411851180S04155232WA0013900155
B1758451851180S04155232WA0013900155
B1758491851180S04155232WA0013900154
B1758531851180S04155232WA0013900154
B1758571851180S04155232WA0013900154
B1759011851180S04155232WA0013900154
B1759051851180S04155232WA0013900154
B1759091851180S04155232WA0013900154
B1759131851180S04155232WA0013900154
B1759171851180S04155232WA0013900154
B1759211851180S04155232WA0013900154
B1759251851180S04155233WA0013900154
B1759291851180S04155233WA0013900153
B1759331851180S04155233WA0013900154
B1759371851180S04155233WA0013900154
B1759411851179S04155232WA0013900154
B1759451851179S04155232WA0013900155
B1759491851179S04155232WA0013900154
B1759531851179S04155232WA0013900155
B1759571851179S04155232WA0013900155
B1800011851179S04155232WA0013900155
B1800051851179S04155232WA0013900155
B1800091851179S04155232WA0013900155
B1800131851179S04155232WA0013900155
B1800171851179S04155232WA0014000155
B1800211851179S04155233WA0014000157
B1800251851179S04155232WA0014000158
B1800291851179S04155232WA0014000158
B1800331851179S04155233WA0014000158
B1800371851179S04155233WA0014000158
B1800411851179S04155233WA0014000158
B1800451851179S04155233WA0014000159
B1800491851179S04155232WA0014000158
B1800531851179S04155232WA0014000158
B1800571851179S04155232WA0014000158
B1801011851179S04155233WA0014000158
B1801051851179S04155232WA0014000158
B1801091851179S04155232WA0014000157
B1801131851179S04155232WA0014000157
B1801171851179S04155232WA0013900156
B1801211851180S04155232WA0014000155
B1801251851180S04155231WA0014000155
B1801291851180S04155231WA0014000155
B1801331851180S04155231WA0014000154
B1801371851180S04155231WA0014000156
B1801411851180S04155231WA0014000156
B1801451851180S04155231WA0014000156
B1801491851180S04155231WA0014000156
B1801531851180S04155231WA0014000156
B1801571851180S04155231WA0014000156
B1802011851180S04155231WA0014000155
B1802051851180S04155231WA0014000155
B1802091851180S04155231WA0014000155
B1802131851180S04155231WA0014000154
B1802171851180S04155231WA0014000154
B1802211851180S04155231WA0014000154
B1802251851180S04155231WA0014000154
B1802291851179S04155231WA0014000154
B1802331851179S04155231WA0014000154
B1802371851179S04155231WA0014000156
B1802411851179S04155231WA0014000155
B1802451851179S04155231WA0014000155
B1802491851179S04155231WA0014000156
B1802531851179S04155231WA0014000156
B1802571851179S04155232WA0014000156
B1803011851178S04155232WA0014000157
B1803051851179S04155232WA0014000159
B1803091851179S04155232WA0014000159
B1803131851179S04155232WA0014000158
B1803171851179S04155232WA0014000158
B1803211851179S04155232WA0014000157
B1803251851179S04155232WA0014000157
B1803291851179S04155232WA0014000157
B1803331851179S04155232WA0014000156
B1803371851179S04155232WA0014000156
B1803411851179S04155231WA0014000156
B1803451851179S04155231WA0014000155
B1803491851180S04155231WA0014000154
B1803531851180S04155230WA0014000153
B1803571851180S04155230WA0014000154
B1804011851179S04155231WA0014000153
B1804051851178S04155233WA0014000154
B1804091851178S04155234WA0014000155
B1804131851177S04155236WA0014000155
B1804171851176S04155236WA0014000155
B1804211851176S04155236WA0014000155
B1804251851177S04155236WA0014000155
B1804291851177S04155236WA0014000156
B1804331851176S04155236WA0014000156
B1804371851177S04155236WA0014000156
B1804411851177S04155236WA0014000156
B1804451851176S04155236WA0014000156
B1804491851176S04155237WA0014000156
B1804531851176S04155237WA0014000156
B1804571851176S04155237WA0014000156
B1805011851177S04155237WA0014000156
B1805051851177S04155236WA0014000156
B1805091851177S04155236WA0014000156
B1805131851177S04155236WA0014000156
B1805171851177S04155236WA0014000155
B1805211851177S04155236WA0014000155
B1805251851177S04155236WA0014000154
B1805291851177S04155236WA0014000154
B1805331851177S04155236WA0014000154
B1805371851177S04155236WA0014000153
B1805411851177S04155236WA0014000153
B1805451851177S04155235WA0014000153
B1805491851177S04155235WA0014000153
B1805531851177S04155235WA0014000153
B1805571851177S04155235WA0014000153
B1806011851177S04155235WA0014000153
B1806051851177S04155235WA0014000153
B1806091851177S04155235WA0014000153
B1806131851177S04155235WA0014000153
B1806171851177S04155235WA0014000153
B1806211851177S04155235WA0014000152
B1806251851177S04155235WA0014000152
B1806291851177S04155235WA0014000152
B1806331851177S04155235WA0014000153
B1806371851177S04155235WA0014000153
B1806411851177S04155235WA0014000152
B1806451851177S04155235WA0014000152
B1806491851177S04155235WA0014000152
B1806531851176S04155235WA0014000152
B1806571851177S04155235WA0014000152
B1807011851177S04155234WA0014000153
B1807051851178S04155233WA0014000154
B1807091851178S04155231WA0014000153
B1807131851179S04155230WA0014000154
B1807171851179S04155230WA0014000154
B1807211851180S04155230WA0014000153
B1807251851180S04155230WA0014000153
B1807291851181S04155231WA0014000153
B1807331851181S04155231WA0014000152
B1807371851181S04155231WA0014000152
B1807411851181S04155231WA0014000153
B1807451851182S04155231WA0014000154
B1807491851182S04155231WA0014000154
B1807531851182S04155231WA0014000154
B1807571851182S04155231WA0014000154
B1808011851182S04155231WA0014000154
B1808051851183S04155231WA0014000154
B1808091851183S04155231WA0014000154
B1808131851183S04155231WA0014000154
B1808171851183S04155232WA0014100154
B1808211851183S04155232WA0014100154
B1808251851182S04155232WA0014100154
B1808291851183S04155232WA0014100154
B1808331851184S04155232WA0014100153
B1808371851185S04155232WA0014100153
B1808411851185S04155232WA0014100153
B1808451851187S04155231WA0014100151
B1808491851190S04155231WA0014100151
B1808531851191S04155230WA0014100150
B1808571851193S04155229WA0014100151
B1809011851195S04155230WA0014100151
B1809051851196S04155232WA0014100150
B1809091851198S04155233WA0014100150
B1809131851201S04155233WA0014100149
B1809171851202S04155235WA0014100150
B1809211851203S04155236WA0014100149
B1809251851204S04155237WA0014100150
B1809291851204S04155237WA0014100150
B1809331851204S04155238WA0014100150
B1809371851204S04155238WA0014100150
B1809411851204S04155238WA0014100150
B1809451851204S04155238WA0014100150
B1809491851204S04155238WA0014100151
B1809531851204S04155238WA0014100151
B1809571851205S04155238WA0014100152
B1810011851205S04155239WA0014100153
B1810051851205S04155239WA0014100154
B1810091851205S04155239WA0014100154
B1810131851205S04155239WA0014100154
B1810171851206S04155239WA0014100154
B1810211851206S04155239WA0014100154
B1810251851208S04155237WA0014100153
B1810291851210S04155237WA0014200154
B1810331851210S04155237WA0014200154
B1810371851210S04155237WA0014200154
B1810411851212S04155236WA0014200154
B1810451851213S04155235WA0014200155
B1810491851215S04155236WA0014200155
B1810531851217S04155236WA0014200155
B1810571851218S04155235WA0014200154
B1811011851219S04155236WA0014200153
B1811051851221S04155237WA0014200153
B1811091851223S04155237WA0014200152
B1811131851225S04155237WA0014200151
B1811171851228S04155238WA0014300149
B1811211851230S04155238WA0014300148
B1811251851231S04155239WA0014300147
B1811291851233S04155239WA0014300147
B1811331851236S04155239WA0014300145
B1811371851237S04155239WA0014300146
B1811411851238S04155240WA0014300147
B1811451851239S04155240WA0014300149
B1811491851239S04155241WA0014300150
B1811531851239S04155241WA0014300151
B1811571851239S04155241WA0014300152
B1812011851240S04155241WA0014300153
B1812051851240S04155241WA0014300153
B1812091851240S04155241WA0014300152
B1812131851240S04155241WA0014300152
B1812171851240S04155241WA0014300153
B1812211851240S04155241WA0014300154
B1812251851240S04155241WA0014300155
B1812291851240S04155241WA0014300155
B1812331851240S04155241WA0014300156
B1812371851240S04155241WA0014300157
B1812411851240S04155241WA0014300157
B1812451851240S04155241WA0014300157
B1812491851240S04155240WA0014300159
B1812531851240S04155240WA0014300159
B1812571851240S04155240WA0014300159
B1813011851240S04155240WA0014300160
B1813051851240S04155240WA0014300160
B1813091851240S04155240WA0014300161
B1813131851241S04155239WA0014300161
B1813171851241S04155239WA0014300162
B1813211851241S04155239WA0014300161
B1813251851241S04155240WA0014300161
B1813291851241S04155240WA0014300162
B1813331851241S04155240WA0014300162
B1813371851241S04155240WA0014300161
B1813411851241S04155241WA0014300161
B1813451851242S04155240WA0014300161
B1813491851243S04155241WA0014300158
B1813531851245S04155242WA0014300156
B1813571851247S04155243WA0014300154
B1814011851249S04155243WA0014300153
B1814051851250S04155243WA0014400154
B1814091851252S04155243WA0014400154
B1814131851254S04155243WA0014400156
B1814171851256S04155243WA0014400156
B1814211851258S04155242WA0014400157
B1814251851259S04155242WA0014500157
B1814291851261S04155242WA0014500158
B1814331851262S04155241WA0014500158
B1814371851262S04155239WA0014500158
B1814411851262S04155237WA0014500158
B1814451851261S04155236WA0014500158
B1814491851261S04155233WA0014500158
B1814531851260S04155232WA0014500157
B1814571851259S04155229WA0014500156
B1815011851258S04155227WA0014500155
B1815051851257S04155226WA0014500154
B1815091851256S04155225WA0014500154
B1815131851257S04155224WA0014500154
B1815171851257S04155224WA0014500155
B1815211851257S04155224WA0014500155
B1815251851257S04155224WA0014500156
B1815291851258S04155225WA0014500156
B1815331851258S04155226WA0014500156
B1815371851259S04155227WA0014500155
B1815411851260S04155228WA0014500153
B1815451851261S04155229WA0014500153
B1815491851262S04155230WA0014500152
B1815531851262S04155231WA0014500152
B1815571851262S04155232WA0014500151
B1816011851263S04155232WA0014500152
B1816051851263S04155233WA0014500153
B1816091851263S04155233WA0014500153
B1816131851263S04155233WA0014500153
B1816171851263S04155234WA0014500153
B1816211851263S04155234WA0014500154
B1816251851263S04155234WA0014500154
B1816291851263S04155234WA0014500154
B1816331851263S04155234WA0014500154
B1816371851263S04155234WA0014500154
B1816411851263S04155235WA0014500154
B1816451851262S04155235WA0014500154
B1816491851263S04155235WA0014500155
B1816531851263S04155235WA0014500156
B1816571851263S04155235WA0014500157
B1817011851263S04155235WA0014500158
B1817051851263S04155235WA0014500157
B1817091851263S04155235WA0014500158
B1817131851264S04155235WA0014500158
B1817171851264S04155236WA0014500159
B1817211851264S04155236WA0014500160
B1817251851264S04155236WA0014500160
B1817291851264S04155236WA0014500159
B1817331851264S04155236WA0014500158
B1817371851264S04155236WA0014500158
B1817411851264S04155236WA0014500156
B1817451851263S04155236WA0014500156
B1817491851262S04155236WA0014500156
B1817531851262S04155236WA0014500157
B1817571851262S04155236WA0014500157
B1818011851261S04155236WA0014500157
B1818051851261S04155236WA0014500157
B1818091851261S04155237WA0014500157
B1818131851262S04155237WA0014500157
B1818171851262S04155237WA0014500156
B1818211851262S04155237WA0014500155
B1818251851262S04155237WA0014500155
B1818291851262S04155237WA0014500155
B1818331851262S04155237WA0014500155
B1818371851262S04155236WA0014500155
B1818411851262S04155236WA0014500156
B1818451851263S04155236WA0014500156
B1818491851263S04155236WA0014500156
B1818531851263S04155236WA0014500156
B1818571851263S04155236WA0014600156
B1819011851263S04155236WA0014600155
B1819051851263S04155236WA0014600155
B1819091851263S04155236WA0014600156
B1819131851263S04155236WA0014500155
B1819171851263S04155236WA0014500156
B1819211851263S04155236WA0014500157
B1819251851263S04155236WA0014600157
B1819291851263S04155236WA0014600157
B1819331851263S04155236WA0014600157
B1819371851263S04155236WA0014500158
B1819411851264S04155236WA0014500158
B1819451851264S04155236WA0014600158
B1819491851264S04155236WA0014600158
B1819531851264S04155236WA0014600159
B1819571851263S04155234WA0014600159
B1820011851262S04155233WA0014600159
B1820051851262S04155232WA0014500157
B1820091851261S04155231WA0014500155
B1820131851260S04155230WA0014500154
B1820171851260S04155228WA0014500155
B1820211851258S04155226WA0014500155
B1820251851258S04155226WA0014500156
B1820291851258S04155226WA0014500156
B1820331851258S04155225WA0014500156
B1820371851258S04155225WA0014500155
B1820411851259S04155225WA0014500155
B1820451851258S04155225WA0014500155
B1820491851258S04155225WA0014500155
B1820531851258S04155225WA0014500155
B1820571851258S04155225WA0014500155
B1821011851258S04155225WA0014500156
B1821051851258S04155225WA0014500156
B1821091851258S04155225WA0014500156
B1821131851257S04155225WA0014500156
B1821171851257S04155225WA0014500155
B1821211851257S04155225WA0014500155
B1821251851257S04155225WA0014500155
B1821291851257S04155225WA0014500156
B1821331851257S04155225WA0014500156
B1821371851257S04155225WA0014500157
B1821411851257S04155225WA0014500158
B1821451851257S04155225WA0014500159
B1821491851257S04155226WA0014500159
B1821531851257S04155226WA0014500159
B1821571851256S04155226WA0014500160
B1822011851256S04155226WA0014500160
B1822051851256S04155226WA0014500160
B1822091851256S04155226WA0014500161
B1822131851256S04155226WA0014500161
B1822171851256S04155226WA0014500160
B1822211851256S04155226WA0014500160
B1822251851256S04155226WA0014500160
B1822291851256S04155225WA0014500161
B1822331851256S04155225WA0014500161
B1822371851256S04155225WA0014500160
B1822411851256S04155225WA0014500160
B1822451851256S04155225WA0014500160
B1822491851256S04155225WA0014500160
B1822531851256S04155225WA0014500159
B1822571851256S04155225WA0014500160
B1823011851256S04155226WA0014500160
B1823051851256S04155226WA0014500160
B1823091851256S04155226WA0014500161
B1823131851256S04155226WA0014500162
B1823171851256S04155226WA0014500163
B1823211851257S04155226WA0014500163
B1823251851257S04155226WA0014500163
B1823291851257S04155226WA0014500163
B1823331851257S04155226WA0014500163
B1823371851258S04155226WA0014500163
B1823411851258S04155226WA0014500163
B1823451851257S04155225WA0014500163
B1823491851257S04155225WA0014500163
B1823531851257S04155225WA0014500163
B1823571851257S04155225WA0014500163
B1824011851257S04155225WA0014500163
B1824051851257S04155225WA0014500163
B1824091851257S04155225WA0014500163
B1824131851257S04155225WA0014500163
B1824171851257S04155225WA0014500163
B1824211851257S04155225WA0014500163
B1824251851257S04155225WA0014500163
B1824291851257S04155225WA0014500162
B1824331851257S04155225WA0014500163
B1824371851257S04155225WA0014500163
B1824411851256S04155225WA0014500163
B1824451851256S04155225WA0014500162
B1824491851256S04155225WA0014500162
B1824531851256S04155225WA0014500162
B1824571851256S04155225WA0014500162
B1825011851256S04155225WA0014500162
B1825051851256S04155224WA0014500162
B1825091851257S04155225WA0014500162
B1825131851257S04155225WA0014500162
B1825171851256S04155225WA0014500162
B1825211851256S04155225WA0014500162
B1825251851256S04155225WA0014500162
B1825291851256S04155225WA0014500161
B1825331851257S04155225WA0014500160
B1825371851257S04155225WA0014500160
B1825411851257S04155225WA0014500159
B1825451851257S04155225WA0014500159
B1825491851256S04155225WA0014500159
B1825531851256S04155225WA0014500159
B1825571851256S04155225WA0014500159
B1826011851256S04155225WA0014500159
B1826051851257S04155225WA0014500160
B1826091851257S04155225WA0014500159
B1826131851257S04155225WA0014500159
B1826171851257S04155225WA0014500159
B1826211851256S04155225WA0014600159
B1826251851256S04155225WA0014600159
B1826291851256S04155225WA0014600159
B1826331851257S04155225WA0014600159
B1826371851257S04155225WA0014600159
B1826411851257S04155225WA0014600158
B1826451851257S04155225WA0014600158
B1826491851257S04155225WA0014600157
B1826531851257S04155225WA0014600157
B1826571851257S04155225WA0014600157
B1827011851257S04155225WA0014600157
B1827051851257S04155225WA0014600157
B1827091851257S04155225WA0014600156
B1827131851257S04155225WA0014600156
B1827171851257S04155225WA0014600156
B1827211851257S04155225WA0014600157
B1827251851257S04155225WA0014600157
B1827291851257S04155225WA0014600156
B1827331851257S04155225WA0014600156
B1827371851257S04155225WA0014600156
B1827411851257S04155225WA0014600156
B1827451851257S04155225WA0014600155
B1827491851257S04155225WA0014600155
B1827531851257S04155225WA0014600155
B1827571851257S04155225WA0014600155
B1828011851257S04155225WA0014600156
B1828051851256S04155225WA0014600156
B1828091851257S04155225WA0014600157
B1828131851257S04155225WA0014600157
B1828171851257S04155225WA0014600157
B1828211851256S04155225WA0014600157
B1828251851256S04155225WA0014600158
B1828291851257S04155225WA0014600158
B1828331851257S04155225WA0014600158
B1828371851257S04155225WA0014600157
B1828411851257S04155225WA0014600157
B1828451851257S04155225WA0014600157
B1828491851257S04155226WA0014600157
B1828531851257S04155225WA0014600157
B1828571851258S04155226WA0014600157
B1829011851258S04155226WA0014600157
B1829051851258S04155226WA0014600157
B1829091851258S04155226WA0014600156
B1829131851258S04155226WA0014600156
B1829171851258S04155226WA0014600156
B1829211851259S04155226WA0014600156
B1829251851258S04155226WA0014600157
B1829291851259S04155226WA0014600157
B1829331851258S04155226WA0014600158
B1829371851258S04155225WA0014600158
B1829411851257S04155225WA0014600157
B1829451851256S04155225WA0014600157
B1829491851257S04155225WA0014600156
B1829531851257S04155225WA0014600156
B1829571851258S04155226WA0014600155
B1830011851258S04155227WA0014600157
B1830051851259S04155227WA0014600160
B1830091851259S04155227WA0014600161
B1830131851260S04155226WA0014600159
B1830171851258S04155226WA0014600163
B1830211851259S04155226WA0014600159
B1830251851258S04155225WA0014600158
B1830291851258S04155225WA0014600157
B1830331851258S04155225WA0014600156
B1830371851258S04155225WA0014600156
B1830411851258S04155225WA0014600156
B1830451851257S04155226WA0014600156
B1830491851257S04155225WA0014600156
B1830531851258S04155225WA0014600157
B1830571851258S04155225WA0014600159
B1831011851259S04155225WA0014600161
B1831051851258S04155225WA0014600160
B1831091851258S04155225WA0014600160
B1831131851258S04155226WA0014600160
B1831171851258S04155226WA0014600159
B1831211851258S04155226WA0014600158
B1831251851258S04155225WA0014600157
B1831291851257S04155225WA0014600157
B1831331851258S04155225WA0014600156
B1831371851258S04155225WA0014600157
B1831411851258S04155224WA0014600156
B1831451851257S04155225WA0014600155
B1831491851257S04155224WA0014600155
B1831531851257S04155224WA0014600155
B1831571851258S04155224WA0014600156
B1832011851257S04155223WA0014600156
B1832051851259S04155225WA0014600157
B1832091851262S04155228WA0014600157
B1832131851263S04155232WA0014600157
B1832171851264S04155234WA0014700157
B1832211851263S04155234WA0014700157
B1832251851263S04155234WA0014700157
B1832291851263S04155235WA0014700157
B1832331851263S04155237WA0014700157
B1832371851264S04155239WA0014700157
B1832411851264S04155240WA0014700157
B1832451851266S04155247WA0014700157
B1832491851269S04155257WA0014800156
B1832531851272S04155270WA0014800156
B1832571851276S04155284WA0014900157
B1833011851281S04155300WA0015000157
B1833051851291S04155312WA0015100156
B1833091851302S04155320WA0015100156
B1833131851312S04155325WA0014400157
B1833171851322S04155329WA0013900158
B1833211851334S04155332WA0015000158
B1833251851347S04155337WA0015300158
B1833291851362S04155344WA0015400158
B1833331851378S04155350WA0015500158
B1833371851394S04155356WA0015600159
B1833411851409S04155362WA0015600160
B1833451851425S04155369WA0015600161
B1833491851441S04155378WA0015600162
B1833531851456S04155383WA0015700162
B1833571851471S04155386WA0015700163
B1834011851489S04155389WA0015700163
B1834051851508S04155391WA0015500163
B1834091851527S04155394WA0015400163
B1834131851545S04155396WA0015400160
B1834171851562S04155399WA0015300158
B1834211851581S04155401WA0015300156
B1834251851600S04155403WA0015400155
B1834291851619S04155408WA0015500157
B1834331851636S04155416WA0015600158
B1834371851649S04155430WA0015700158
B1834411851661S04155450WA0015800157
B1834451851669S04155472WA0015900157
B1834491851675S04155494WA0015900157
B1834531851682S04155517WA0015900158
B1834571851692S04155541WA0015900157
B1835011851705S04155565WA0015900158
B1835051851719S04155589WA0015900159
B1835091851734S04155612WA0015900160
B1835131851750S04155633WA0015900161
B1835171851765S04155654WA0015900163
B1835211851780S04155674WA0015900166
B1835251851795S04155694WA0016000167
B1835291851809S04155716WA0016000168
B1835331851818S04155728WA0015900169
B1835371851821S04155734WA0015900170
B1835411851827S04155742WA0016000172
B1835451851833S04155751WA0016000172
B1835491851839S04155757WA0016000172
B1835531851845S04155763WA0016000171
B1835571851849S04155768WA0016100172
B1836011851850S04155770WA0016100170
B1836051851850S04155771WA0016000170
B1836091851850S04155770WA0016000172
B1836131851850S04155770WA0016000171
B1836171851849S04155769WA0016000173
B1836211851850S04155769WA0016000174
B1836251851853S04155776WA0016100174
B1836291851863S04155787WA0016200171
B1836331851874S04155803WA0016200171
B1836371851888S04155816WA0016300171
B1836411851904S04155832WA0016400173
B1836451851921S04155849WA0016500172
B1836491851941S04155867WA0016600170
B1836531851960S04155884WA0016600168
B1836571851979S04155898WA0016600165
B1837011851998S04155911WA0016500163
B1837051852017S04155924WA0016500162
B1837091852037S04155937WA0016400160
B1837131852058S04155948WA0016400159
B1837171852072S04155956WA0016300160
B1837211852083S04155961WA0016300159
B1837251852099S04155967WA0016300159
B1837291852117S04155973WA0016300160
B1837331852138S04155980WA0016300159
B1837371852158S04155987WA0016500162
B1837411852176S04155995WA0016800161
B1837451852192S04156005WA0017100162
B1837491852201S04156021WA0017100159
B1837531852214S04156036WA0017000159
B1837571852235S04156043WA0016900158
B1838011852258S04156049WA0016800155
B1838051852276S04156056WA0016700155
B1838091852289S04156061WA0016600155
B1838131852306S04156067WA0016500154
B1838171852322S04156073WA0016400154
B1838211852334S04156077WA0016300153
B1838251852355S04156081WA0016200149
B1838291852374S04156084WA0016200149
B1838331852394S04156085WA0016300148
B1838371852417S04156084WA0016500147
B1838411852440S04156080WA0016700147
B1838451852465S04156079WA0016800146
B1838491852483S04156090WA0016700151
B1838531852491S04156109WA0016600150
B1838571852488S04156136WA0016600151
B1839011852486S04156161WA0016500155
B1839051852481S04156184WA0016300156
B1839091852476S04156209WA0016100157
B1839131852479S04156232WA0015900159
B1839171852477S04156249WA0015700158
B1839211852484S04156267WA0015700156
B1839251852498S04156288WA0015600150
B1839291852511S04156306WA0015500147
B1839331852527S04156326WA0015500145
B1839371852541S04156346WA0015600142
B1839411852557S04156366WA0015800142
B1839451852571S04156384WA0015900143
B1839491852585S04156399WA0016000139
B1839531852594S04156410WA0015800136
B1839571852606S04156422WA0015800135
B1840011852619S04156436WA0015700134
B1840051852633S04156450WA0015600132
B1840091852650S04156463WA0015500131
B1840131852667S04156477WA0015400133
B1840171852684S04156490WA0015400133
B1840211852701S04156501WA0015400134
B1840251852713S04156508WA0015400135
B1840291852729S04156518WA0015600133
B1840331852747S04156531WA0015600132
B1840371852764S04156545WA0015600134
B1840411852782S04156556WA0015600134
B1840451852801S04156566WA0015600133
B1840491852818S04156577WA0015600131
B1840531852836S04156589WA0015700131
B1840571852856S04156603WA0015700132
B1841011852873S04156620WA0015700136
B1841051852887S04156644WA0015700141
B1841091852894S04156666WA0015500146
B1841131852896S04156675WA0015300145
B1841171852895S04156690WA0015300141
B1841211852899S04156708WA0015300141
B1841251852907S04156718WA0015300139
B1841291852918S04156724WA0015400141
B1841331852929S04156727WA0015400143
B1841371852942S04156731WA0015400144
B1841411852958S04156734WA0015400144
B1841451852974S04156738WA0015400144
B1841491852990S04156741WA0015400144
B1841531853005S04156743WA0015500144
B1841571853018S04156745WA0015500144
B1842011853031S04156748WA0015500147
B1842051853047S04156752WA0015500145
B1842091853063S04156755WA0015400145
B1842131853074S04156759WA0015400145
B1842171853074S04156767WA0015400146
B1842211853073S04156788WA0015500148
B1842251853065S04156818WA0015500147
B1842291853059S04156839WA0015500145
B1842331853054S04156858WA0015500142
B1842371853047S04156879WA0015500143
B1842411853041S04156899WA0015500144
B1842451853038S04156920WA0015500144
B1842491853037S04156941WA0015500145
B1842531853037S04156961WA0015500146
B1842571853035S04156981WA0015500149
B1843011853032S04157000WA0015500150
B1843051853029S04157018WA0015500150
B1843091853025S04157036WA0015500151
B1843131853022S04157053WA0015500151
B1843171853018S04157072WA0015500152
B1843211853013S04157091WA0015600152
B1843251853008S04157112WA0015600153
B1843291853004S04157134WA0015600153
B1843331852999S04157156WA0015600153
B1843371852994S04157178WA0015600154
B1843411852989S04157202WA0015600155
B1843451852985S04157225WA0015600155
B1843491852980S04157248WA0015600155
B1843531852974S04157273WA0015500156
B1843571852969S04157299WA0015500157
B1844011852963S04157328WA0015500158
B1844051852955S04157359WA0015400158
B1844091852946S04157391WA0015400158
B1844131852934S04157416WA0015300153
B1844171852925S04157437WA0015200149
B1844211852914S04157458WA0015200146
B1844251852904S04157480WA0015200146
B1844291852892S04157498WA0015200149
B1844331852879S04157519WA0015200151
B1844371852862S04157542WA0015300154
B1844411852842S04157565WA0015400157
B1844451852819S04157586WA0015600158
B1844491852799S04157606WA0015700159
B1844531852777S04157628WA0015900160
B1844571852757S04157649WA0016000162
B1845011852741S04157667WA0016100161
B1845051852730S04157673WA0016100163
B1845091852716S04157665WA0016000162
B1845131852703S04157654WA0015900161
B1845171852692S04157645WA0015800160
B1845211852686S04157640WA0015800158
B1845251852680S04157633WA0015800161
B1845291852672S04157627WA0015800161
B1845331852664S04157623WA0015800161
B1845371852657S04157619WA0015800158
B1845411852646S04157616WA0015800158
B1845451852634S04157608WA0015800157
B1845491852621S04157599WA0015800154
B1845531852608S04157590WA0015800155
B1845571852595S04157581WA0015800162
B1846011852580S04157571WA0015800162
B1846051852566S04157561WA0015800162
B1846091852551S04157551WA0015700161
B1846131852538S04157540WA0015700161
B1846171852524S04157532WA0015700159
B1846211852514S04157524WA0015700159
B1846251852505S04157517WA0015700159
B1846291852499S04157514WA0015700159
B1846331852492S04157510WA0015700160
B1846371852483S04157503WA0015700160
B1846411852472S04157506WA0015700158
B1846451852462S04157521WA0015700160
B1846491852454S04157527WA0015600158
B1846531852441S04157523WA0015700156
B1846571852426S04157514WA0015700151
B1847011852415S04157508WA0015700150
B1847051852412S04157504WA0015600149
B1847091852411S04157503WA0015600149
B1847131852411S04157503WA0015600148
B1847171852410S04157504WA0015600147
B1847211852410S04157505WA0015600146
B1847251852410S04157505WA0015600146
B1847291852410S04157505WA0015600147
B1847331852409S04157506WA0015600147
B1847371852403S04157502WA0015600146
B1847411852393S04157494WA0015600147
B1847451852378S04157483WA0015700146
B1847491852359S04157469WA0015700146
B1847531852340S04157457WA0015700146
B1847571852318S04157445WA0015700144
B1848011852295S04157431WA0015700146
B1848051852271S04157413WA0015800147
B1848141852215S04157376WA0015700148
B1848181852196S04157361WA0015700151
B1848221852177S04157348WA0015700153
B1848261852159S04157336WA0015700153
B1848301852141S04157323WA0015600155
B1848341852125S04157313WA0015600157
B1848381852117S04157307WA0015600158
B1848421852114S04157304WA0015600161
B1848461852114S04157303WA0015600163
B1848501852114S04157302WA0015600165
B1848541852113S04157301WA0015600167
B1848581852112S04157302WA0015600168
B1849021852112S04157302WA0015600169
B1849061852113S04157301WA0015600169
B1849101852112S04157301WA0015600169
B1849141852111S04157300WA0015600168
B1849181852110S04157299WA0015600168
B1849221852110S04157299WA0015600168
B1849261852110S04157299WA0015600168
B1849301852110S04157299WA0015600168
B1849341852109S04157301WA0015600171
B1849381852104S04157298WA0015600173
B1849421852095S04157291WA0015600176
B1849461852084S04157284WA0015600177
B1849501852070S04157274WA0015600178
B1849541852053S04157263WA0015500178
B1849581852037S04157252WA0015400178
B1850021852025S04157235WA0015300176
B1850061852013S04157220WA0015100176
B1850101851995S04157218WA0015000174
B1850141851974S04157229WA0015100172
B1850181851951S04157245WA0015400173
B1850221851929S04157259WA0015700172
B1850261851910S04157273WA0015700172
B1850301851892S04157285WA0015800172
B1850341851875S04157296WA0015800169
B1850381851855S04157309WA0015800167
B1850421851835S04157324WA0015800163
B1850461851819S04157335WA0015800161
B1850501851804S04157345WA0015800160
B1850541851791S04157353WA0015800160
B1850581851782S04157356WA0015800161
B1851021851770S04157347WA0015800160
B1851061851760S04157331WA0015800159
B1851101851753S04157320WA0015700160
B1851141851749S04157314WA0015700160
B1851181851748S04157311WA0015700158
B1851221851746S04157306WA0015700158
B1851261851746S04157304WA0015700156
B1851301851746S04157304WA0015700155
B1851341851746S04157303WA0015700154
B1851381851746S04157302WA0015700155
B1851421851746S04157301WA0015700154
B1851461851745S04157303WA0015700156
B1851501851744S04157304WA0015700157
B1851541851744S04157305WA0015700160
B1851581851744S04157306WA0015700161
B1852021851744S04157306WA0015700161
B1852061851744S04157307WA0015700162
B1852101851742S04157305WA0015700161
B1852141851742S04157305WA0015700161
B1852181851741S04157305WA0015700161
B1852221851735S04157295WA0015700161
B1852261851725S04157280WA0015700161
B1852301851715S04157264WA0015700161
B1852341851702S04157247WA0015700158
B1852381851692S04157230WA0015600158
B1852421851684S04157215WA0015600158
B1852461851675S04157202WA0015600158
B1852501851666S04157188WA0015600157
B1852541851660S04157177WA0015600156
B1852581851651S04157163WA0015600156
B1853021851641S04157148WA0015600158
B1853061851637S04157142WA0015600157
B1853101851634S04157136WA0015600159
B1853141851629S04157128WA0015600158
B1853181851622S04157117WA0015600157
B1853221851613S04157102WA0015600157
B1853261851601S04157084WA0015700156
B1853301851589S04157066WA0015700154
B1853341851578S04157048WA0015700152
B1853381851566S04157029WA0015700147
B1853421851554S04157012WA0015700142
B1853461851541S04156992WA0015700142
B1853501851528S04156971WA0015700142
B1853541851514S04156952WA0015700141
B1853581851501S04156932WA0015700140
B1854021851489S04156912WA0015700140
B1854061851478S04156892WA0015700137
B1854101851474S04156881WA0015700128
B1854141851473S04156879WA0015700126
B1854181851473S04156880WA0015700121
B1854221851473S04156880WA0015700123
B1854261851473S04156881WA0015700124
B1854301851473S04156882WA0015600123
B1854341851473S04156881WA0015600125
B1854381851473S04156881WA0015600122
B1854421851474S04156880WA0015700121
B1854461851474S04156880WA0015700120
B1854501851475S04156880WA0015700121
B1854541851475S04156880WA0015700119
B1854581851475S04156879WA0015700117
B1855021851475S04156880WA0015700118
B1855061851473S04156881WA0015700117
B1855101851473S04156881WA0015700117
B1855141851472S04156882WA0015700118
B1855181851469S04156876WA0015700115
B1855221851458S04156862WA0015700114
B1855261851444S04156840WA0015800114
B1855301851431S04156821WA0015800114
B1855341851420S04156802WA0015800116
B1855381851410S04156785WA0015800115
B1855421851399S04156768WA0015700111
B1855461851388S04156752WA0015700112
B1855501851378S04156737WA0015700108
B1855541851370S04156722WA0015700109
B1855581851363S04156707WA0015700108
B1856021851355S04156694WA0015700108
B1856061851347S04156681WA0015600108
B1856101851336S04156665WA0015600112
B1856141851325S04156649WA0015600114
B1856181851317S04156635WA0015600118
B1856221851308S04156621WA0015600121
B1856261851300S04156608WA0015600123
B1856301851292S04156597WA0015600124
B1856341851283S04156583WA0015600125
B1856381851273S04156568WA0015600125
B1856421851263S04156553WA0015600126
B1856461851252S04156540WA0015600130
B1856501851243S04156527WA0015500135
B1856541851234S04156512WA0015600142
B1856581851227S04156499WA0015500146
B1857021851219S04156486WA0015500146
B1857061851210S04156472WA0015500143
B1857101851201S04156457WA0015500146
B1857141851190S04156444WA0015500145
B1857181851185S04156438WA0015500146
B1857221851179S04156427WA0015500145
B1857261851169S04156410WA0015500147
B1857301851158S04156391WA0015500147
B1857341851149S04156382WA0015400149
B1857381851143S04156380WA0015400149
B1857421851136S04156381WA0015400151
B1857461851124S04156388WA0015400153
B1857501851109S04156400WA0015500154
B1857541851096S04156406WA0015500156
B1857581851086S04156414WA0015400154
B1858021851077S04156420WA0015500155
B1858061851067S04156428WA0015500156
B1858101851058S04156435WA0015500157
B1858141851048S04156445WA0015500157
B1858181851043S04156454WA0015500158
B1858221851043S04156460WA0015500158
B1858261851050S04156464WA0015500161
B1858301851056S04156469WA0015500161
B1858341851058S04156473WA0015500158
B1858381851059S04156474WA0015500156
B1858421851061S04156475WA0015500157
B1858461851061S04156475WA0015600159
B1858501851062S04156476WA0015600160
B1858541851064S04156478WA0015600160
B1858581851064S04156479WA0015700161
B1859021851068S04156473WA0015800161
B1859061851069S04156471WA0015900160
B1859101851069S04156472WA0015900161
B1859141851067S04156474WA0015900161
B1859181851067S04156475WA0015900160
B1859221851065S04156477WA0015900158
B1859261851064S04156479WA0015900156
B1859301851064S04156479WA0015900157
B1859341851064S04156481WA0015900157
B1859381851065S04156482WA0015900157
B1859421851065S04156483WA0015900155
B1859461851065S04156484WA0015800155
B1859501851065S04156484WA0015900152
B1859541851066S04156484WA0015900152
B1859581851065S04156484WA0015900152
B1900021851065S04156484WA0015900153
B1900061851064S04156484WA0015800153
B1900101851063S04156484WA0015800155
B1900141851063S04156483WA0015900156
B1900181851062S04156484WA0015900154
B1900221851061S04156484WA0015800154
B1900261851060S04156484WA0015800156
B1900301851060S04156484WA0015800156
B1900341851060S04156483WA0015900159
B1900381851060S04156483WA0015800160
B1900421851060S04156483WA0015800161
B1900461851060S04156483WA0015800158
B1900501851061S04156483WA0015800158
B1900541851061S04156482WA0015900154
B1900581851062S04156481WA0015800147
B1901021851062S04156481WA0015800149
B1901061851061S04156481WA0015800147
B1901101851061S04156481WA0015800150
B1901141851061S04156481WA0015800153
B1901181851061S04156480WA0015800157
B1901221851061S04156479WA0015800159
B1901261851061S04156479WA0015800162
B1901301851061S04156480WA0015800160
B1901341851061S04156480WA0015800162
B1901381851061S04156481WA0015800160
B1901421851061S04156482WA0015800160
B1901461851061S04156483WA0015800161
B1901501851061S04156483WA0015800160
B1901541851061S04156482WA0015800161
B1901581851062S04156482WA0015800162
B1902021851062S04156482WA0015800163
B1902061851062S04156481WA0015800166
B1902101851062S04156481WA0015800168
B1902141851062S04156480WA0015800170
B1902181851062S04156481WA0015800171
B1902221851062S04156481WA0015800172
B1902261851062S04156481WA0015800173
B1902301851062S04156481WA0015800173
B1902341851063S04156481WA0015800174
B1902381851064S04156480WA0015800173
B1902421851064S04156480WA0015800174
B1902461851065S04156481WA0015800175
B1902501851065S04156481WA0015800176
B1902541851065S04156481WA0015800177
B1902581851065S04156481WA0015800178
B1903021851065S04156482WA0015800179
B1903061851066S04156482WA0015800180
B1903101851067S04156481WA0015800181
B1903141851066S04156481WA0015800183
B1903181851066S04156481WA0015800183
B1903221851065S04156482WA0015800186
B1903261851064S04156482WA0015800187
B1903301851064S04156482WA0015800189
B1903341851063S04156481WA0015800192
B1903381851063S04156480WA0015800195
B1903421851063S04156480WA0015800197
B1903461851063S04156479WA0015800200
B1903501851063S04156479WA0015800199
B1903541851062S04156478WA0015800198
B1903581851062S04156478WA0015800197
B1904021851062S04156478WA0015800199
B1904061851062S04156477WA0015800195
B1904101851062S04156478WA0015800195
B1904141851062S04156479WA0015800195
B1904181851062S04156478WA0015800196
B1904221851063S04156478WA0015800195
B1904261851063S04156478WA0015800195
B1904301851064S04156479WA0015800195
B1904341851065S04156479WA0015800193
B1904381851065S04156480WA0015800189
B1904421851066S04156480WA0015800187
B1904461851066S04156481WA0015800184
B1904501851066S04156481WA0015800182
B1904541851066S04156481WA0015800182
B1904581851065S04156480WA0015800179
B1905021851066S04156480WA0015800180
B1905061851066S04156480WA0015800185
B1905101851067S04156479WA0015800185
B1905141851068S04156480WA0015800183
B1905181851067S04156480WA0015800182
B1905221851066S04156480WA0015800180
B1905261851065S04156480WA0015800178
B1905301851065S04156480WA0015800177
B1905341851066S04156479WA0015800177
B1905381851066S04156479WA0015800178
B1905421851065S04156478WA0015800179
B1905461851061S04156478WA0015800178
B1905501851059S04156478WA0015800178
B1905541851059S04156477WA0015800177
B1905581851057S04156479WA0015800177
B1906021851056S04156478WA0015800177
B1906061851057S04156478WA0015800177
B1906101851055S04156479WA0015800177
B1906141851054S04156479WA0015800179
B1906181851054S04156479WA0015800180
B1906221851056S04156480WA0015800182
B1906261851058S04156480WA0015800182
B1906301851059S04156480WA0015800184
B1906341851059S04156480WA0015800187
B1906381851060S04156480WA0015800188
B1906421851062S04156480WA0015800188
B1906461851063S04156480WA0015800187
B1906501851063S04156480WA0015800189
B1906541851064S04156480WA0015800190
B1906581851064S04156479WA0015800189
B1907021851065S04156479WA0015800189
B1907061851064S04156479WA0015800191
B1907101851065S04156479WA0015800191
B1907141851064S04156479WA0015800192
B1907181851064S04156478WA0015800193
B1907221851064S04156478WA0015800193
B1907261851065S04156478WA0015800192
B1907301851066S04156479WA0015800188
B1907341851065S04156478WA0015800186
B1907381851066S04156479WA0015800186
B1907421851066S04156478WA0015800183
B1907461851066S04156478WA0015800181
B1907501851065S04156477WA0015800180
B1907541851065S04156477WA0015800182
B1907581851064S04156477WA0015800183
B1908021851063S04156476WA0015800181
B1908061851064S04156477WA0015800180
B1908101851064S04156477WA0015800179
B1908141851064S04156477WA0015800180
B1908181851065S04156477WA0015800177
B1908221851065S04156477WA0015800175
B1908261851065S04156477WA0015800175
B1908301851066S04156477WA0015800173
B1908341851066S04156477WA0015800171
B1908381851064S04156478WA0015800167
B1908421851064S04156478WA0015800163
B1908461851064S04156478WA0015800161
B1908501851064S04156478WA0015800161
B1908541851063S04156479WA0015800161
B1908581851063S04156480WA0015800159
B1909021851063S04156480WA0015700159
B1909061851063S04156480WA0015700159
B1909101851063S04156480WA0015700158
B1909141851062S04156481WA0015800158
B1909181851060S04156482WA0015700159
B1909221851060S04156483WA0015700159
B1909261851059S04156483WA0015700161
B1909301851059S04156483WA0015700160
B1909341851060S04156483WA0015700159
B1909381851060S04156482WA0015700160
B1909421851061S04156482WA0015700161
B1909461851062S04156481WA0015700163
B1909501851062S04156481WA0015800164
B1909541851063S04156481WA0015800164
B1909581851063S04156481WA0015800162
B1910021851063S04156481WA0015700162
B1910061851062S04156480WA0015700162
B1910101851062S04156481WA0015700162
B1910141851062S04156481WA0015700163
B1910181851063S04156480WA0015700164
B1910221851063S04156480WA0015700165
B1910261851063S04156480WA0015700165
B1910301851064S04156480WA0015700166
B1910341851063S04156479WA0015800166
B1910381851063S04156479WA0015800167
B1910421851063S04156480WA0015800168
B1910461851062S04156480WA0015800168
B1910501851063S04156480WA0015700167
B1910541851063S04156480WA0015700169
B1910581851064S04156480WA0015700168
B1911021851063S04156481WA0015700168
B1911061851064S04156481WA0015700167
B1911101851064S04156481WA0015700169
B1911141851063S04156481WA0015700168
B1911181851063S04156481WA0015700168
B1911221851063S04156480WA0015700169
B1911261851063S04156480WA0015700169
B1911301851063S04156481WA0015700171
B1911341851062S04156481WA0015700170
B1911381851063S04156480WA0015700170
B1911421851062S04156481WA0015700168
B1911461851063S04156481WA0015700169
B1911501851064S04156480WA0015700168
B1911541851064S04156480WA0015700169
B1911581851064S04156480WA0015700168
B1912021851063S04156480WA0015700167
B1912061851064S04156480WA0015700167
B1912101851065S04156480WA0015700167
B1912141851067S04156479WA0015700167
B1912181851067S04156480WA0015700165
B1912221851068S04156480WA0015700165
B1912261851068S04156480WA0015700165
B1912301851068S04156480WA0015700164
B1912341851069S04156480WA0015700165
B1912381851069S04156479WA0015700163
B1912421851070S04156478WA0015700163
B1912461851071S04156478WA0015700162
B1912501851070S04156478WA0015700160
B1912541851070S04156477WA0015700160
B1912581851068S04156477WA0015700159
B1913021851067S04156476WA0015700161
B1913061851067S04156476WA0015700162
B1913101851066S04156477WA0015700161
B1913141851066S04156478WA0015700160
B1913181851065S04156478WA0015700158
B1913221851065S04156478WA0015700157
B1913261851068S04156477WA0015700159
B1913301851069S04156477WA0015700162
B1913341851071S04156476WA0015700165
B1913381851071S04156475WA0015700166
B1913421851073S04156473WA0015700168
B1913461851076S04156472WA0015700172
B1913501851079S04156471WA0015700175
B1913541851082S04156470WA0015700180
B1913581851083S04156469WA0015700184
B1914021851084S04156470WA0015700187
B1914061851084S04156470WA0015700191
B1914101851085S04156471WA0015700193
B1914141851086S04156472WA0015700196
B1914181851086S04156472WA0015700197
B1914221851086S04156472WA0015700197
B1914261851086S04156472WA0015700197
B1914301851086S04156473WA0015700201
B1914341851087S04156473WA0015700203
B1914381851087S04156473WA0015700205
B1914421851089S04156473WA0015700206
B1914461851091S04156473WA0015700209
B1914501851091S04156473WA0015700210
B1914541851091S04156473WA0015700209
B1914581851090S04156473WA0015700209
B1915021851090S04156474WA0015700210
B1915061851091S04156474WA0015700212
B1915101851089S04156475WA0015700214
B1915141851087S04156475WA0015700213
B1915181851087S04156475WA0015700213
B1915221851087S04156475WA0015700213
B1915261851086S04156476WA0015700213
B1915301851085S04156476WA0015700210
B1915341851084S04156476WA0015700211
B1915381851084S04156477WA0015700212
B1915421851083S04156477WA0015700211
B1915461851082S04156477WA0015700213
B1915501851081S04156478WA0015700214
B1915541851082S04156477WA0015700219
B1915581851082S04156477WA0015700222
B1916021851083S04156476WA0015700224
B1916061851083S04156476WA0015700230
B1916101851084S04156475WA0015700235
B1916141851083S04156474WA0015700241
B1916181851084S04156474WA0015700243
B1916221851085S04156474WA0015700247
B1916261851085S04156474WA0015700250
B1916301851086S04156474WA0015700253
B1916341851087S04156474WA0015700256
B1916381851087S04156474WA0015700261
B1916421851088S04156474WA0015700265
B1916461851089S04156474WA0015700269
B1916501851090S04156474WA0015700274
B1916541851091S04156474WA0015700279
B1916581851093S04156474WA0015700284
B1917021851093S04156474WA0015700290
B1917061851094S04156474WA0015700292
B1917101851095S04156474WA0015700296
B1917141851095S04156474WA0015700301
B1917181851096S04156474WA0015700303
B1917221851095S04156474WA0015700307
B1917261851094S04156474WA0015700311
B1917301851094S04156474WA0015700314
B1917341851093S04156475WA0015700316
B1917381851094S04156475WA0015700317
B1917421851093S04156476WA0015700316
B1917461851092S04156476WA0015700314
B1917501851091S04156475WA0015700313
B1917541851091S04156475WA0015700311
B1917581851090S04156476WA0015700309
B1918021851087S04156476WA0015700308
B1918061851086S04156477WA0015700302
B1918101851085S04156478WA0015700298
B1918141851084S04156478WA0015700293
B1918181851084S04156477WA0015700290
B1918221851083S04156478WA0015700286
B1918261851082S04156478WA0015700282
B1918301851079S04156479WA0015700276
B1918341851077S04156479WA0015700271
B1918381851075S04156479WA0015700266
B1918421851076S04156479WA0015700262
B1918461851076S04156479WA0015700257
B1918501851076S04156479WA0015700253
B1918541851077S04156478WA0015700251
B1918581851079S04156478WA0015700249
B1919021851079S04156477WA0015700246
B1919061851078S04156477WA0015700243
B1919101851078S04156476WA0015700241
B1919141851079S04156476WA0015700240
B1919181851081S04156475WA0015700239
B1919221851082S04156475WA0015700236
B1919261851084S04156474WA0015700234
B1919301851085S04156473WA0015700232
B1919341851086S04156473WA0015700230
B1919381851086S04156473WA0015700230
B1919421851085S04156473WA0015700229
B1919461851086S04156473WA0015700228
B1919501851086S04156472WA0015700228
B1919541851085S04156473WA0015700226
B1919581851084S04156473WA0015700224
B1920021851082S04156473WA0015700221
B1920061851081S04156473WA0015700218
B1920101851080S04156473WA0015700216
B1920141851078S04156472WA0015700214
B1920181851077S04156473WA0015700212
B1920221851076S04156473WA0015700210
B1920261851075S04156474WA0015700208
B1920301851074S04156475WA0015700205
B1920341851074S04156475WA0015700201
B1920381851074S04156476WA0015700199
B1920421851073S04156475WA0015700197
B1920461851073S04156475WA0015700195
B1920501851072S04156475WA0015700194
B1920541851071S04156476WA0015700192
B1920581851070S04156476WA0015700190
B1921021851069S04156476WA0015700188
B1921061851067S04156475WA0015700186
B1921101851066S04156475WA0015700184
B1921141851064S04156475WA0015700182
B1921181851063S04156475WA0015700182
B1921221851061S04156476WA0015700179
B1921261851061S04156476WA0015700176
B1921301851060S04156476WA0015700173
B1921341851059S04156476WA0015700170
B1921381851058S04156477WA0015700167
B1921421851056S04156477WA0015700164
B1921461851057S04156476WA0015700164
B1921501851059S04156476WA0015700165
B1921541851060S04156476WA0015700164
B1921581851060S04156476WA0015700164
B1922021851059S04156477WA0015700162
B1922061851060S04156477WA0015700164
B1922101851058S04156478WA0015700164
B1922141851058S04156477WA0015700165
B1922181851060S04156476WA0015700168
B1922221851059S04156476WA0015700167
B1922261851059S04156477WA0015700165
B1922301851060S04156478WA0015700162
B1922341851060S04156478WA0015700159
B1922381851060S04156477WA0015700156
B1922421851058S04156478WA0015700155
B1922461851058S04156478WA0015700154
B1922501851059S04156478WA0015700155
B1922541851059S04156477WA0015700154
B1922581851058S04156477WA0015700154
B1923021851058S04156478WA0015700153
B1923061851058S04156479WA0015700153
B1923101851058S04156479WA0015700153
B1923141851057S04156480WA0015700153
B1923181851057S04156481WA0015700153
B1923221851057S04156480WA0015700152
B1923261851057S04156480WA0015700151
B1923301851057S04156479WA0015700151
B1923341851057S04156479WA0015700149
B1923381851057S04156478WA0015700150
B1923421851057S04156478WA0015700148
B1923461851057S04156478WA0015700145
B1923501851057S04156477WA0015700144
B1923541851057S04156477WA0015700142
B1923581851056S04156478WA0015700142
B1924021851056S04156478WA0015700140
B1924061851055S04156478WA0015700140
B1924101851056S04156479WA0015700141
B1924141851057S04156480WA0015700140
B1924181851056S04156481WA0015700140
B1924221851056S04156481WA0015700144
B1924261851055S04156482WA0015700142
B1924301851055S04156482WA0015700141
B1924341851055S04156482WA0015700140
B1924381851055S04156481WA0015700140
B1924421851053S04156481WA0015700138
B1924461851052S04156481WA0015700135
B1924501851051S04156482WA0015700133
B1924541851051S04156481WA0015700132
B1924581851051S04156481WA0015700130
B1925021851051S04156479WA0015700129
B1925061851053S04156479WA0015700129
B1925101851052S04156479WA0015700128
B1925141851052S04156479WA0015700129
B1925181851051S04156478WA0015700128
B1925221851051S04156478WA0015700128
B1925261851050S04156478WA0015700127
B1925301851048S04156479WA0015700125
B1925341851046S04156479WA0015700125
B1925381851045S04156479WA0015700125
B1925421851044S04156479WA0015700126
B1925461851043S04156480WA0015700125
B1925501851044S04156480WA0015700125
B1925541851047S04156480WA0015700128
B1925581851049S04156479WA0015700129
B1926021851050S04156479WA0015700131
B1926061851050S04156479WA0015700135
B1926101851050S04156480WA0015700136
B1926141851050S04156480WA0015700137
B1926181851050S04156479WA0015700138
B1926221851049S04156479WA0015700139
B1926261851050S04156479WA0015700141
B1926301851050S04156479WA0015700140
B1926341851051S04156479WA0015700140
B1926381851051S04156478WA0015700141
B1926421851051S04156478WA0015700142
B1926461851049S04156479WA0015700141
B1926501851049S04156479WA0015700143
B1926541851050S04156479WA0015700146
B1926581851050S04156479WA0015700147
B1927021851050S04156479WA0015700148
B1927061851050S04156480WA0015700148
B1927101851050S04156480WA0015700146
B1927141851051S04156480WA0015700148
B1927181851051S04156480WA0015700149
B1927221851052S04156480WA0015700150
B1927261851051S04156480WA0015700151
B1927301851052S04156479WA0015700150
B1927341851053S04156479WA0015700150
B1927381851053S04156479WA0015700151
B1927421851053S04156479WA0015700151
B1927461851055S04156479WA0015700154
B1927501851057S04156478WA0015700159
B1927541851058S04156478WA0015700159
B1927581851059S04156478WA0015700160
B1928021851060S04156477WA0015700161
B1928061851060S04156476WA0015700164
B1928101851061S04156476WA0015700165
B1928141851060S04156476WA0015700165
B1928181851060S04156476WA0015700166
B1928221851058S04156476WA0015700166
B1928261851056S04156477WA0015700165
B1928301851055S04156477WA0015700165
B1928341851056S04156477WA0015700166
B1928381851057S04156477WA0015700168
B1928421851057S04156478WA0015700168
B1928461851057S04156479WA0015700168
B1928501851057S04156480WA0015700168
B1928541851057S04156481WA0015700167
B1928581851056S04156482WA0015700165
B1929021851054S04156481WA0015700162
B1929061851052S04156481WA0015700159
B1929101851050S04156482WA0015700156
B1929141851048S04156482WA0015700153
B1929181851048S04156481WA0015700150
B1929221851047S04156481WA0015700147
B1929261851045S04156482WA0015700145
B1929301851044S04156483WA0015700142
B1929341851042S04156484WA0015700140
B1929381851041S04156486WA0015700137
B1929421851042S04156486WA0015700139
B1929461851041S04156487WA0015700138
B1929501851040S04156487WA0015600136
B1929541851039S04156488WA0015600134
B1929581851038S04156487WA0015600131
B1930001851038S04156486WA0015600130
