AXFMSFP Flymaster Live, V1.0, S/N 474171
HFDTE230426
HFPLTPILOTINCHARGE:Isabela Sales
B1323571853197S04154945WA0098701094
B1324011853198S04154945WA0098701096
B1324051853198S04154946WA0098701097
B1324091853198S04154947WA0098701098
B1324131853198S04154947WA0098601098
B1324171853198S04154947WA0098601098
B1324211853198S04154948WA0098601099
B1324251853198S04154948WA0098601098
B1324291853198S04154949WA0098601100
B1324331853198S04154949WA0098601100
B1324371853198S04154949WA0098601100
B1324411853198S04154949WA0098601101
B1324451853197S04154949WA0098601100
B1324491853197S04154949WA0098601100
B1324531853198S04154949WA0098601099
B1324571853198S04154949WA0098601099
B1325011853197S04154949WA0098601099
B1325051853197S04154949WA0098601099
B1325091853197S04154949WA0098601100
B1325131853197S04154949WA0098601100
B1325171853197S04154949WA0098601100
B1325211853197S04154949WA0098601100
B1325251853197S04154949WA0098601101
B1325291853197S04154949WA0098601101
B1325331853197S04154949WA0098601101
B1325371853197S04154949WA0098601101
B1325411853197S04154949WA0098601100
B1325451853197S04154949WA0098601100
B1325491853197S04154949WA0098601099
B1325531853197S04154948WA0098601099
B1325571853197S04154948WA0098601099
B1326011853197S04154948WA0098601098
B1326051853197S04154948WA0098601099
B1326091853197S04154948WA0098601099
B1326131853197S04154948WA0098601099
B1326171853197S04154948WA0098601100
B1326211853197S04154948WA0098601100
B1326251853197S04154948WA0098601100
B1326291853197S04154948WA0098601099
B1326331853197S04154947WA0098601099
B1326371853197S04154947WA0098601099
B1326411853197S04154947WA0098601099
B1326451853197S04154948WA0098601099
B1326491853197S04154948WA0098601100
B1326531853198S04154948WA0098601102
B1326571853198S04154949WA0098601104
B1327011853198S04154949WA0098601106
B1327051853198S04154950WA0098601107
B1327091853198S04154950WA0098601107
B1327131853198S04154950WA0098601108
B1327171853199S04154950WA0098601109
B1327211853199S04154950WA0098601109
B1327251853199S04154950WA0098601108
B1327291853199S04154950WA0098601107
B1327331853198S04154949WA0098601107
B1327371853198S04154949WA0098601106
B1327411853198S04154949WA0098601105
B1327451853198S04154949WA0098601105
B1327491853198S04154949WA0098601105
B1327531853198S04154949WA0098601105
B1327571853199S04154949WA0098601106
B1328011853199S04154949WA0098601105
B1328051853199S04154949WA0098601105
B1328091853199S04154949WA0098601104
B1328131853198S04154949WA0098601104
B1328171853198S04154948WA0098601104
B1328211853198S04154948WA0098601103
B1328251853198S04154948WA0098601103
B1328291853198S04154948WA0098601103
B1328331853198S04154948WA0098601102
B1328371853198S04154948WA0098601103
B1328411853198S04154948WA0098601103
B1328451853198S04154948WA0098601102
B1328491853198S04154948WA0098601101
B1328531853198S04154948WA0098601101
B1328571853198S04154948WA0098601102
B1329011853198S04154948WA0098701102
B1329051853198S04154948WA0098601103
B1329091853198S04154948WA0098601103
B1329131853198S04154948WA0098701103
B1329171853198S04154948WA0098601104
B1329211853199S04154949WA0098601105
B1329251853199S04154949WA0098601105
B1329291853198S04154949WA0098601105
B1329331853198S04154948WA0098701103
B1329371853198S04154948WA0098701102
B1329411853199S04154948WA0098701101
B1329451853198S04154948WA0098701101
B1329491853199S04154948WA0098701100
B1329531853199S04154948WA0098701099
B1329571853198S04154947WA0098701099
B1330011853199S04154947WA0098701099
B1330051853199S04154947WA0098701099
B1330091853199S04154947WA0098701097
B1330131853198S04154947WA0098701097
B1330171853198S04154946WA0098701097
B1330211853198S04154946WA0098701096
B1330251853198S04154946WA0098701096
B1330291853198S04154946WA0098701096
B1330331853198S04154946WA0098701096
B1330371853198S04154946WA0098701095
B1330411853198S04154946WA0098701094
B1330451853198S04154946WA0098701094
B1330491853198S04154946WA0098701093
B1330531853198S04154946WA0098701093
B1330571853198S04154946WA0098701093
B1331011853197S04154946WA0098701092
B1331051853197S04154946WA0098701092
B1331091853197S04154946WA0098701092
B1331131853197S04154946WA0098701093
B1331171853197S04154946WA0098701093
B1331211853197S04154946WA0098701093
B1331251853197S04154946WA0098701093
B1331291853197S04154946WA0098701093
B1331331853197S04154946WA0098701094
B1331371853197S04154946WA0098701094
B1331411853197S04154946WA0098501094
B1331451853197S04154946WA0098701095
B1331491853197S04154946WA0098701095
B1331531853197S04154946WA0098701095
B1331571853197S04154946WA0098701095
B1332011853197S04154946WA0098701095
B1332051853197S04154946WA0098701095
B1332091853197S04154946WA0098701093
B1332131853197S04154946WA0098701094
B1332171853197S04154946WA0098701093
B1332211853197S04154946WA0098701093
B1332251853197S04154946WA0098701094
B1332291853197S04154946WA0098701093
B1332331853197S04154946WA0098701092
B1332371853197S04154946WA0098701092
B1332411853197S04154945WA0098701092
B1332451853197S04154945WA0098701093
B1332491853197S04154945WA0098701093
B1332531853197S04154946WA0098701095
B1332571853197S04154945WA0098701095
B1333011853197S04154945WA0098701094
B1333051853197S04154945WA0098701094
B1333091853197S04154945WA0098701094
B1333131853197S04154945WA0098701094
B1333171853197S04154945WA0098701094
B1333211853197S04154945WA0098701094
B1333251853197S04154945WA0098701094
B1333291853197S04154944WA0098701094
B1333331853197S04154944WA0098701094
B1333371853197S04154944WA0098701094
B1333411853197S04154945WA0098701095
B1333451853197S04154945WA0098801096
B1333491853197S04154945WA0098801096
B1333531853196S04154944WA0098801095
B1333571853196S04154944WA0098801094
B1334011853196S04154944WA0098801092
B1334051853196S04154944WA0098701093
B1334091853196S04154944WA0098801093
B1334131853196S04154945WA0098801095
B1334171853196S04154945WA0098801095
B1334211853196S04154945WA0098801094
B1334251853196S04154944WA0098701092
B1334291853197S04154945WA0098801093
B1334331853197S04154945WA0098801093
B1334371853196S04154945WA0098801092
B1334411853196S04154945WA0098801091
B1334451853196S04154945WA0098801091
B1334491853197S04154945WA0098801092
B1334531853197S04154945WA0098801092
B1334571853197S04154945WA0098801092
B1335011853196S04154945WA0098801091
B1335051853196S04154945WA0098801091
B1335091853197S04154945WA0098801093
B1335131853197S04154946WA0098801094
B1335171853197S04154946WA0098801096
B1335211853197S04154947WA0098801097
B1335251853197S04154947WA0098801097
B1335291853197S04154947WA0098801097
B1335331853197S04154947WA0098801096
B1335371853197S04154947WA0098801096
B1335411853197S04154947WA0098801096
B1335451853198S04154947WA0098801095
B1335491853198S04154947WA0098801096
B1335531853198S04154947WA0098801096
B1335571853198S04154947WA0098801096
B1336011853198S04154948WA0098801095
B1336051853198S04154948WA0098801092
B1336091853198S04154948WA0098801091
B1336131853199S04154948WA0098801091
B1336171853199S04154948WA0098801090
B1336211853199S04154948WA0098801089
B1336251853198S04154948WA0098801087
B1336291853198S04154948WA0098801086
B1336331853198S04154948WA0098801086
B1336371853197S04154948WA0098801085
B1336411853197S04154948WA0098801084
B1336451853197S04154949WA0098801085
B1336491853197S04154949WA0098801086
B1336531853197S04154949WA0098801085
B1336571853198S04154949WA0098801083
B1337011853198S04154949WA0098801083
B1337051853198S04154949WA0098801083
B1337091853198S04154949WA0098801083
B1337131853198S04154948WA0098801082
B1337171853198S04154948WA0098801082
B1337211853197S04154948WA0098801082
B1337251853197S04154948WA0098901083
B1337291853197S04154948WA0098801086
B1337331853198S04154948WA0098801087
B1337371853198S04154947WA0098801088
B1337411853198S04154947WA0098801088
B1337451853198S04154947WA0098801088
B1337491853198S04154947WA0098801088
B1337531853198S04154947WA0098801088
B1337571853198S04154947WA0098801088
B1338011853198S04154947WA0098801088
B1338051853198S04154947WA0098801088
B1338091853198S04154947WA0098801088
B1338131853198S04154947WA0098801087
B1338171853198S04154947WA0098801087
B1338211853198S04154947WA0098801087
B1338251853198S04154947WA0098801086
B1338291853198S04154947WA0098801087
B1338331853198S04154947WA0098801087
B1338371853199S04154947WA0098801087
B1338411853198S04154947WA0098801088
B1338451853198S04154947WA0098801089
B1338491853199S04154947WA0098801089
B1338531853198S04154947WA0098801090
B1338571853198S04154947WA0098801090
B1339011853198S04154947WA0098801091
B1339051853198S04154947WA0098801091
B1339091853198S04154947WA0098801091
B1339131853198S04154947WA0098801091
B1339171853198S04154946WA0098801092
B1339211853198S04154946WA0098801092
B1339251853198S04154946WA0098801093
B1339291853198S04154946WA0098801093
B1339331853198S04154947WA0098801094
B1339371853198S04154947WA0098801095
B1339411853198S04154947WA0098801095
B1339451853198S04154947WA0098801095
B1339491853198S04154947WA0098801095
B1339531853198S04154947WA0098801096
B1339571853198S04154947WA0098801097
B1340011853198S04154947WA0098801097
B1340051853197S04154947WA0098801097
B1340091853197S04154947WA0098801097
B1340131853197S04154947WA0098801097
B1340171853197S04154947WA0098801097
B1340211853198S04154946WA0098801097
B1340251853197S04154946WA0098801097
B1340291853197S04154946WA0098801097
B1340331853197S04154946WA0098801097
B1340371853197S04154947WA0098801097
B1340411853197S04154947WA0098801097
B1340451853197S04154947WA0098801096
B1340491853197S04154947WA0098801096
B1340531853197S04154947WA0098801096
B1340571853198S04154947WA0098801097
B1341011853198S04154947WA0098801097
B1341051853198S04154947WA0098801097
B1341091853198S04154947WA0098801097
B1341131853198S04154947WA0098801097
B1341171853198S04154947WA0098801097
B1341211853198S04154947WA0098801097
B1341251853198S04154947WA0098901097
B1341291853198S04154947WA0098801097
B1341331853199S04154946WA0098801097
B1341371853199S04154946WA0098801097
B1341411853199S04154946WA0098801097
B1341451853199S04154946WA0098801096
B1341491853199S04154946WA0098801096
B1341531853199S04154946WA0098801095
B1341571853199S04154947WA0098801094
B1342011853199S04154947WA0098801094
B1342051853199S04154947WA0098801094
B1342091853199S04154947WA0098801094
B1342131853199S04154947WA0098801095
B1342171853199S04154947WA0098801095
B1342211853199S04154947WA0098801096
B1342251853199S04154947WA0098801096
B1342291853199S04154947WA0098801096
B1342331853199S04154947WA0098801096
B1342371853199S04154947WA0098801096
B1342411853199S04154947WA0098801097
B1342451853199S04154947WA0098801097
B1342491853199S04154947WA0098801097
B1342531853199S04154947WA0098801098
B1342571853199S04154947WA0098801097
B1343011853199S04154947WA0098801097
B1343051853199S04154947WA0098801097
B1343091853199S04154947WA0098801097
B1343131853199S04154947WA0098801097
B1343171853199S04154947WA0098801096
B1343211853199S04154947WA0098801096
B1343251853199S04154947WA0098801096
B1343291853199S04154947WA0098801095
B1343331853199S04154947WA0098901095
B1343371853199S04154947WA0098901095
B1343411853199S04154947WA0098901095
B1343451853199S04154947WA0098901094
B1343491853199S04154947WA0098901094
B1343531853199S04154947WA0098801094
B1343571853199S04154947WA0098801094
B1344011853198S04154947WA0098901094
B1344051853198S04154947WA0098901093
B1344091853198S04154947WA0098801093
B1344131853198S04154946WA0098901093
B1344171853198S04154946WA0098801093
B1344211853198S04154946WA0098801093
B1344251853198S04154946WA0098901093
B1344291853198S04154946WA0098901092
B1344331853198S04154946WA0098901092
B1344371853198S04154946WA0098901091
B1344411853198S04154947WA0098901092
B1344451853199S04154947WA0098901092
B1344491853199S04154947WA0098901093
B1344531853198S04154947WA0098901092
B1344571853198S04154947WA0098901092
B1345011853198S04154947WA0098901092
B1345051853198S04154947WA0098901093
B1345091853198S04154947WA0098901094
B1345131853198S04154947WA0098901094
B1345171853198S04154947WA0098901095
B1345211853198S04154947WA0098901095
B1345251853198S04154947WA0098901095
B1345291853198S04154947WA0098901095
B1345331853198S04154947WA0098901095
B1345371853199S04154946WA0098901095
B1345411853199S04154946WA0098901095
B1345451853199S04154947WA0098901095
B1345491853199S04154947WA0098901095
B1345531853199S04154947WA0098901095
B1345571853199S04154947WA0098901095
B1346011853199S04154947WA0098901096
B1346051853199S04154947WA0098801096
B1346091853199S04154947WA0098901095
B1346131853199S04154947WA0098901095
B1346171853199S04154947WA0098901094
B1346211853199S04154947WA0098901094
B1346251853199S04154947WA0098901094
B1346291853199S04154947WA0098901093
B1346331853199S04154947WA0098901092
B1346371853199S04154947WA0098901092
B1346411853199S04154947WA0098901093
B1346451853199S04154947WA0098901093
B1346491853199S04154947WA0098901093
B1346531853199S04154947WA0098801093
B1346571853199S04154947WA0098901093
B1347011853199S04154947WA0098901094
B1347051853199S04154947WA0098901094
B1347091853199S04154947WA0098901094
B1347131853199S04154947WA0098901094
B1347171853199S04154947WA0098901094
B1347211853199S04154947WA0098901094
B1347251853199S04154947WA0098901095
B1347291853198S04154947WA0098901096
B1347331853198S04154947WA0098901096
B1347371853198S04154947WA0098901096
B1347411853198S04154947WA0098901096
B1347451853198S04154947WA0098901096
B1347491853198S04154947WA0098901097
B1347531853198S04154947WA0098901098
B1347571853198S04154947WA0098901098
B1348011853198S04154947WA0098901098
B1348051853198S04154946WA0098901098
B1348091853198S04154946WA0098901099
B1348131853198S04154946WA0098901098
B1348171853198S04154946WA0098901098
B1348211853198S04154946WA0098901098
B1348251853197S04154946WA0098901099
B1348291853197S04154946WA0098901099
B1348331853197S04154946WA0098901099
B1348371853197S04154946WA0098901099
B1348411853197S04154946WA0098901099
B1348451853197S04154946WA0098901098
B1348491853197S04154946WA0098901097
B1348531853197S04154946WA0098901097
B1348571853198S04154946WA0098901096
B1349011853198S04154946WA0098901096
B1349051853198S04154946WA0098901095
B1349091853198S04154946WA0098901095
B1349131853198S04154946WA0098901094
B1349171853198S04154946WA0098901094
B1349211853198S04154946WA0098901093
B1349251853198S04154946WA0098901092
B1349291853198S04154946WA0098901092
B1349331853198S04154946WA0098901092
B1349371853198S04154946WA0098901091
B1349411853198S04154946WA0098901091
B1349451853198S04154946WA0098901091
B1349491853198S04154946WA0098901090
B1349531853198S04154946WA0098901089
B1349571853199S04154947WA0098901089
B1350011853199S04154947WA0098901090
B1350051853199S04154947WA0098901090
B1350091853199S04154947WA0098901090
B1350131853199S04154947WA0099001091
B1350171853199S04154947WA0098901091
B1350211853199S04154947WA0098901091
B1350251853199S04154947WA0098901090
B1350291853199S04154947WA0098901090
B1350331853199S04154947WA0098901089
B1350371853199S04154947WA0098901088
B1350411853199S04154947WA0098901088
B1350451853199S04154947WA0098901088
B1350491853199S04154947WA0098901089
B1350531853199S04154947WA0099001089
B1350571853199S04154947WA0099001089
B1351011853199S04154947WA0098901089
B1351051853199S04154947WA0098901089
B1351091853200S04154947WA0099001089
B1351131853200S04154948WA0099001089
B1351171853200S04154948WA0099001089
B1351211853200S04154948WA0099001089
B1351251853200S04154948WA0099001090
B1351291853200S04154948WA0099001091
B1351331853200S04154948WA0099001091
B1351371853200S04154948WA0099001091
B1351411853200S04154948WA0099001092
B1351451853199S04154948WA0099001092
B1351491853199S04154948WA0099001092
B1351531853199S04154948WA0099001092
B1351571853199S04154948WA0098901093
B1352011853199S04154948WA0099001093
B1352051853199S04154947WA0099001093
B1352091853199S04154947WA0099001094
B1352131853198S04154947WA0098901095
B1352171853198S04154947WA0099001096
B1352211853198S04154947WA0099001096
B1352251853198S04154947WA0098901097
B1352291853198S04154947WA0098901097
B1352331853198S04154947WA0099001096
B1352371853199S04154947WA0099001095
B1352411853198S04154947WA0099001096
B1352451853198S04154947WA0099001096
B1352491853198S04154947WA0099001095
B1352531853198S04154947WA0099001095
B1352571853198S04154947WA0099001095
B1353011853198S04154947WA0099001094
B1353051853198S04154947WA0099001095
B1353091853198S04154947WA0099001095
B1353131853198S04154947WA0099001095
B1353171853198S04154947WA0099001095
B1353211853198S04154947WA0099001094
B1353251853198S04154947WA0099001094
B1353291853198S04154947WA0099001093
B1353331853198S04154947WA0099001094
B1353371853198S04154947WA0099001094
B1353411853198S04154947WA0099001093
B1353451853199S04154947WA0099001094
B1353491853199S04154947WA0099001093
B1353531853199S04154947WA0099001093
B1353571853199S04154947WA0099001094
B1354011853199S04154947WA0099001093
B1354051853199S04154947WA0099001093
B1354091853199S04154947WA0099001093
B1354131853199S04154948WA0099001093
B1354171853199S04154947WA0099001093
B1354211853199S04154947WA0099001093
B1354251853199S04154947WA0099001093
B1354291853199S04154947WA0099001093
B1354331853199S04154947WA0099001093
B1354371853199S04154947WA0099001094
B1354411853199S04154947WA0099001094
B1354451853199S04154947WA0099001094
B1354491853199S04154947WA0099001094
B1354531853198S04154947WA0099001095
B1354571853198S04154947WA0099001095
B1355011853199S04154947WA0099001095
B1355051853198S04154947WA0099001096
B1355091853198S04154947WA0099001096
B1355131853198S04154947WA0099001096
B1355171853198S04154947WA0099001097
B1355211853198S04154947WA0099001097
B1355251853198S04154947WA0099001097
B1355291853198S04154947WA0099001097
B1355331853198S04154947WA0099001097
B1355371853198S04154947WA0099001097
B1355411853198S04154947WA0099001098
B1355451853198S04154947WA0099001098
B1355491853198S04154947WA0099001097
B1355531853198S04154947WA0099001098
B1355571853198S04154947WA0099001098
B1356011853198S04154947WA0099001097
B1356051853198S04154947WA0099001098
B1356091853198S04154947WA0099001098
B1356131853199S04154947WA0099001098
B1356171853199S04154947WA0099001098
B1356211853199S04154947WA0099001097
B1356251853199S04154947WA0099001097
B1356291853199S04154947WA0099001097
B1356331853199S04154947WA0099001097
B1356371853199S04154947WA0099001096
B1356411853198S04154946WA0099001096
B1356451853198S04154946WA0099001096
B1356491853198S04154946WA0099001096
B1356531853199S04154946WA0099001095
B1356571853199S04154947WA0099001095
B1357011853199S04154947WA0099001095
B1357051853199S04154947WA0099001095
B1357091853199S04154947WA0099001095
B1357131853199S04154947WA0099001094
B1357171853199S04154948WA0099001094
B1357211853199S04154948WA0099001093
B1357251853199S04154948WA0099001093
B1357291853199S04154948WA0099001093
B1357331853199S04154948WA0099001093
B1357371853199S04154948WA0099001093
B1357411853199S04154947WA0099001093
B1357451853199S04154947WA0099001094
B1357491853199S04154947WA0099001094
B1357531853198S04154947WA0099001094
B1357571853198S04154947WA0099001094
B1358011853198S04154947WA0099001094
B1358051853198S04154947WA0099001095
B1358091853198S04154947WA0099001095
B1358131853198S04154947WA0099001095
B1358171853198S04154947WA0099001095
B1358211853198S04154947WA0099001096
B1358251853198S04154947WA0099001095
B1358291853199S04154947WA0099001095
B1358331853199S04154947WA0099001095
B1358371853199S04154947WA0099001095
B1358411853199S04154947WA0099001094
B1358451853199S04154947WA0099001094
B1358491853199S04154947WA0099001093
B1358531853199S04154947WA0099001093
B1358571853199S04154947WA0099001093
B1359011853199S04154947WA0099001093
B1359051853199S04154947WA0099001093
B1359091853199S04154946WA0099001093
B1359131853199S04154946WA0099001094
B1359171853199S04154946WA0099001094
B1359211853198S04154946WA0099001094
B1359251853198S04154946WA0099001095
B1359291853198S04154946WA0099001095
B1359331853198S04154946WA0099001096
B1359371853198S04154946WA0099001096
B1359411853198S04154946WA0099001097
B1359451853198S04154946WA0099001098
B1359491853198S04154946WA0099001098
B1359531853198S04154946WA0099001099
B1359571853198S04154946WA0099001099
B1400011853198S04154947WA0099001099
B1400051853198S04154946WA0099001098
B1400091853198S04154946WA0099001097
B1400131853198S04154946WA0099001097
B1400171853198S04154946WA0099001097
B1400211853198S04154946WA0099001097
B1400251853198S04154946WA0099001097
B1400291853198S04154945WA0099001097
B1400331853198S04154945WA0099001097
B1400371853198S04154945WA0099001096
B1400411853198S04154945WA0099001096
B1400451853198S04154945WA0099001096
B1400491853198S04154945WA0099001097
B1400531853197S04154945WA0099001097
B1400571853197S04154945WA0099001098
B1401011853197S04154945WA0099001097
B1401051853197S04154945WA0099001097
B1401091853197S04154945WA0099001097
B1401131853197S04154945WA0099101097
B1401171853197S04154945WA0099001097
B1401211853198S04154945WA0099001097
B1401251853198S04154945WA0099101096
B1401291853198S04154945WA0099101096
B1401331853198S04154945WA0099001096
B1401371853198S04154946WA0099001096
B1401411853198S04154946WA0099101095
B1401451853198S04154946WA0099101095
B1401491853198S04154946WA0099101096
B1401531853198S04154946WA0099101095
B1401571853198S04154945WA0099001095
B1402011853198S04154945WA0099101095
B1402051853198S04154945WA0099101095
B1402091853198S04154945WA0099101095
B1402131853198S04154945WA0099001095
B1402171853198S04154945WA0099001094
B1402211853198S04154944WA0099001094
B1402251853198S04154944WA0099001093
B1402291853198S04154944WA0099101093
B1402331853198S04154944WA0099101093
B1402371853198S04154944WA0099001093
B1402411853198S04154944WA0099101093
B1402451853198S04154944WA0099101093
B1402491853198S04154944WA0099101093
B1402531853198S04154944WA0099101094
B1402571853198S04154944WA0099101094
B1403011853198S04154945WA0099001094
B1403051853198S04154945WA0099101095
B1403091853198S04154945WA0099101095
B1403131853198S04154945WA0099101096
B1403171853198S04154946WA0099101096
B1403211853198S04154946WA0099101095
B1403251853198S04154946WA0099101095
B1403291853199S04154946WA0099101095
B1403331853199S04154946WA0099101095
B1403371853199S04154946WA0099101095
B1403411853199S04154946WA0099001095
B1403451853199S04154946WA0099101094
B1403491853199S04154946WA0099101094
B1403531853199S04154946WA0099101095
B1403571853199S04154946WA0099101095
B1404011853199S04154946WA0099101095
B1404051853199S04154946WA0099101095
B1404091853199S04154946WA0099101095
B1404131853199S04154946WA0099101095
B1404171853199S04154946WA0099101095
B1404211853198S04154946WA0099101096
B1404251853198S04154946WA0099101096
B1404291853198S04154946WA0099101096
B1404331853198S04154946WA0099101096
B1404371853198S04154946WA0099101096
B1404411853198S04154946WA0099101096
B1404451853198S04154946WA0099101097
B1404491853198S04154946WA0099101096
B1404531853198S04154946WA0099101096
B1404571853198S04154946WA0099101096
B1405011853198S04154946WA0099101096
B1405051853198S04154946WA0099101096
B1405091853198S04154946WA0099101096
B1405131853198S04154946WA0099001096
B1405171853198S04154946WA0099101095
B1405211853198S04154946WA0099101095
B1405251853198S04154946WA0099101095
B1405291853198S04154946WA0099101095
B1405331853198S04154946WA0099101094
B1405371853198S04154946WA0099101095
B1405411853198S04154945WA0099101095
B1405451853198S04154946WA0099101096
B1405491853197S04154946WA0099001096
B1405531853197S04154946WA0099101096
B1405571853197S04154946WA0099001096
B1406011853197S04154946WA0099101097
B1406051853197S04154946WA0099101097
B1406091853197S04154946WA0099101096
B1406131853198S04154946WA0099101096
B1406171853198S04154946WA0099101096
B1406211853198S04154946WA0099101096
B1406251853198S04154946WA0099101096
B1406291853198S04154946WA0099101096
B1406331853198S04154946WA0099101096
B1406371853198S04154946WA0099101096
B1406411853198S04154946WA0099101096
B1406451853198S04154945WA0099101096
B1406491853198S04154946WA0099101096
B1406531853198S04154946WA0099101096
B1406571853198S04154946WA0099101096
B1407011853198S04154946WA0099101096
B1407051853198S04154946WA0099101095
B1407091853198S04154946WA0099101096
B1407131853198S04154946WA0099101096
B1407171853198S04154946WA0099101096
B1407211853198S04154946WA0099101097
B1407251853198S04154946WA0099101097
B1407291853198S04154946WA0099101097
B1407331853198S04154946WA0099101096
B1407371853198S04154946WA0099101097
B1407411853198S04154946WA0099101096
B1407451853198S04154946WA0099101096
B1407491853199S04154946WA0099101096
B1407531853199S04154945WA0099101095
B1407571853199S04154945WA0099101095
B1408011853199S04154945WA0099101094
B1408051853199S04154945WA0099101094
B1408091853199S04154945WA0099101094
B1408131853199S04154945WA0099101094
B1408171853199S04154945WA0099101094
B1408211853199S04154945WA0099101094
B1408251853199S04154945WA0099101094
B1408291853199S04154945WA0099101094
B1408331853199S04154945WA0099101094
B1408371853199S04154945WA0099101094
B1408411853199S04154945WA0099101094
B1408451853199S04154945WA0099101094
B1408491853199S04154945WA0099101094
B1408531853199S04154945WA0099101094
B1408571853199S04154945WA0099101094
B1409011853199S04154945WA0099101093
B1409051853199S04154945WA0099101093
B1409091853199S04154945WA0099101093
B1409131853199S04154946WA0099101092
B1409171853199S04154946WA0099101092
B1409211853199S04154946WA0099101092
B1409251853198S04154946WA0099101092
B1409291853198S04154946WA0099101092
B1409331853199S04154946WA0099101092
B1409371853198S04154945WA0099101092
B1409411853198S04154945WA0099101093
B1409451853198S04154945WA0099101093
B1409491853198S04154945WA0099101093
B1409531853198S04154945WA0099101092
B1409571853199S04154945WA0099101092
B1410011853199S04154945WA0099101091
B1410051853199S04154946WA0099101091
B1410091853199S04154946WA0099101090
B1410131853199S04154946WA0099101090
B1410171853199S04154946WA0099101090
B1410211853199S04154946WA0099101090
B1410251853198S04154946WA0099101090
B1410291853198S04154946WA0099101090
B1410331853198S04154946WA0099101090
B1410371853198S04154946WA0099101090
B1410411853199S04154946WA0099101090
B1410451853199S04154945WA0099101090
B1410491853198S04154945WA0099101091
B1410531853198S04154945WA0099101091
B1410571853198S04154945WA0099101091
B1411011853198S04154945WA0099201091
B1411051853198S04154945WA0099201090
B1411091853199S04154945WA0099101090
B1411131853199S04154945WA0099201090
B1411171853199S04154945WA0099101090
B1411211853199S04154945WA0099101090
B1411251853199S04154945WA0099201090
B1411291853199S04154945WA0099101090
B1411331853199S04154945WA0099101090
B1411371853199S04154945WA0099101090
B1411411853198S04154945WA0099101091
B1411451853199S04154945WA0099201091
B1411491853199S04154945WA0099201091
B1411531853199S04154945WA0099101091
B1411571853199S04154945WA0099201091
B1412011853199S04154946WA0099101091
B1412051853199S04154946WA0099101091
B1412091853199S04154946WA0099201091
B1412131853199S04154946WA0099201090
B1412171853199S04154946WA0099201090
B1412211853199S04154946WA0099201090
B1412251853199S04154946WA0099201090
B1412291853199S04154946WA0099101091
B1412331853199S04154946WA0099201091
B1412371853200S04154946WA0099201091
B1412411853199S04154946WA0099201091
B1412451853199S04154946WA0099201091
B1412491853199S04154946WA0099201091
B1412531853199S04154946WA0099201091
B1412571853198S04154946WA0099201091
B1413011853198S04154946WA0099201091
B1413051853198S04154946WA0099201091
B1413091853198S04154946WA0099201091
B1413131853198S04154946WA0099201091
B1413171853198S04154946WA0099201091
B1413211853198S04154945WA0099101091
B1413251853198S04154945WA0099101092
B1413291853198S04154945WA0099201091
B1413331853198S04154945WA0099201091
B1413371853198S04154945WA0099201092
B1413411853198S04154945WA0099201092
B1413451853198S04154945WA0099201091
B1413491853198S04154946WA0099201091
B1413531853198S04154946WA0099201090
B1413571853198S04154946WA0099101089
B1414011853198S04154946WA0099201089
B1414051853198S04154946WA0099201089
B1414091853198S04154946WA0099201089
B1414131853198S04154946WA0099201089
B1414171853198S04154946WA0099201089
B1414211853198S04154946WA0099201089
B1414251853198S04154946WA0099101089
B1414291853198S04154946WA0099201089
B1414331853198S04154946WA0099201090
B1414371853198S04154946WA0099201090
B1414411853198S04154946WA0099201090
B1414451853199S04154946WA0099201090
B1414491853199S04154946WA0099201091
B1414531853199S04154946WA0099201091
B1414571853199S04154946WA0099201092
B1415011853199S04154946WA0099201092
B1415051853198S04154946WA0099101093
B1415091853198S04154946WA0099101093
B1415131853198S04154946WA0099201093
B1415171853198S04154946WA0099201093
B1415211853198S04154946WA0099201094
B1415251853198S04154946WA0099201094
B1415291853198S04154946WA0099201094
B1415331853198S04154946WA0099201094
B1415371853199S04154946WA0099201094
B1415411853199S04154946WA0099201093
B1415451853199S04154946WA0099201093
B1415491853199S04154946WA0099201093
B1415531853199S04154946WA0099201093
B1415571853199S04154946WA0099201092
B1416011853199S04154946WA0099201092
B1416051853199S04154946WA0099201092
B1416091853199S04154947WA0099201092
B1416131853199S04154947WA0099201092
B1416171853199S04154947WA0099201092
B1416211853199S04154947WA0099201092
B1416251853199S04154947WA0099201092
B1416291853199S04154947WA0099201091
B1416331853199S04154947WA0099201092
B1416371853199S04154946WA0099201092
B1416411853199S04154946WA0099201091
B1416451853199S04154946WA0099201091
B1416491853199S04154946WA0099201091
B1416531853199S04154946WA0099201091
B1416571853199S04154947WA0099201091
B1417011853199S04154947WA0099201090
B1417051853199S04154947WA0099201090
B1417091853200S04154947WA0099201090
B1417131853199S04154947WA0099201090
B1417171853199S04154947WA0099201089
B1417211853199S04154947WA0099201089
B1417251853199S04154947WA0099201088
B1417291853199S04154947WA0099201088
B1417331853199S04154947WA0099201088
B1417371853199S04154947WA0099201087
B1417411853199S04154947WA0099201088
B1417451853199S04154947WA0099201088
B1417491853199S04154947WA0099201088
B1417531853199S04154947WA0099201088
B1417571853199S04154947WA0099201088
B1418011853199S04154947WA0099201088
B1418051853199S04154946WA0099201088
B1418091853199S04154946WA0099201088
B1418131853200S04154946WA0099201088
B1418171853200S04154946WA0099201088
B1418211853200S04154946WA0099201088
B1418251853200S04154946WA0099201088
B1418291853200S04154946WA0099201088
B1418331853200S04154946WA0099201089
B1418371853199S04154946WA0099201089
B1418411853199S04154946WA0099201091
B1418451853199S04154946WA0099201091
B1418491853199S04154946WA0099201092
B1418531853199S04154945WA0099201093
B1418571853199S04154945WA0099201093
B1419011853198S04154945WA0099201094
B1419051853198S04154946WA0099201093
B1419091853198S04154945WA0099301093
B1419131853198S04154946WA0099201094
B1419171853198S04154945WA0099201094
B1419211853198S04154945WA0099201095
B1419251853199S04154945WA0099201095
B1419291853199S04154945WA0099201095
B1419331853198S04154946WA0099201095
B1419371853199S04154946WA0099201094
B1419411853199S04154946WA0099201094
B1419451853199S04154946WA0099201094
B1419491853199S04154946WA0099301094
B1419531853199S04154946WA0099201093
B1419571853199S04154946WA0099201094
B1420011853199S04154946WA0099301094
B1420051853199S04154946WA0099201093
B1420091853199S04154946WA0099301093
B1420131853199S04154946WA0099301094
B1420171853199S04154946WA0099301095
B1420211853200S04154946WA0099301095
B1420251853200S04154946WA0099301094
B1420291853200S04154946WA0099301094
B1420331853200S04154946WA0099301094
B1420371853200S04154946WA0099301093
B1420411853200S04154947WA0099301093
B1420451853200S04154947WA0099301092
B1420491853200S04154947WA0099301092
B1420531853200S04154946WA0099301093
B1420571853200S04154946WA0099301094
B1421011853200S04154947WA0099301094
B1421051853200S04154947WA0099301092
B1421091853200S04154947WA0099301092
B1421131853200S04154947WA0099301092
B1421171853200S04154947WA0099301092
B1421211853200S04154947WA0099301092
B1421251853200S04154947WA0099301093
B1421291853200S04154947WA0099301092
B1421331853200S04154947WA0099301090
B1421371853200S04154948WA0099301090
B1421411853200S04154948WA0099301090
B1421451853200S04154948WA0099301090
B1421491853200S04154948WA0099301090
B1421531853199S04154947WA0099301091
B1421571853199S04154947WA0099301091
B1422011853199S04154947WA0099301091
B1422051853199S04154947WA0099301091
B1422091853199S04154947WA0099301091
B1422131853198S04154946WA0099301092
B1422171853198S04154946WA0099301092
B1422211853198S04154946WA0099301092
B1422251853198S04154946WA0099301092
B1422291853199S04154946WA0099301092
B1422331853199S04154946WA0099301092
B1422371853199S04154946WA0099301093
B1422411853199S04154946WA0099301093
B1422451853199S04154946WA0099301093
B1422491853198S04154946WA0099301092
B1422531853199S04154946WA0099301092
B1422571853199S04154946WA0099301091
B1423011853199S04154946WA0099301091
B1423051853199S04154946WA0099301090
B1423091853198S04154946WA0099301090
B1423131853198S04154946WA0099301090
B1423171853198S04154946WA0099301090
B1423211853198S04154946WA0099301090
B1423251853198S04154946WA0099301090
B1423291853198S04154946WA0099301090
B1423331853198S04154946WA0099301090
B1423371853199S04154946WA0099301089
B1423411853199S04154946WA0099301090
B1423451853199S04154946WA0099301090
B1423491853199S04154946WA0099301090
B1423531853199S04154946WA0099301089
B1423571853199S04154946WA0099301089
B1424011853199S04154946WA0099301088
B1424051853199S04154946WA0099301088
B1424091853199S04154946WA0099301088
B1424131853199S04154946WA0099301088
B1424171853199S04154946WA0099301089
B1424211853199S04154946WA0099301088
B1424251853199S04154946WA0099301088
B1424291853199S04154946WA0099301088
B1424331853198S04154946WA0099301088
B1424371853198S04154946WA0099301089
B1424411853198S04154946WA0099301089
B1424451853198S04154946WA0099301090
B1424491853198S04154946WA0099301091
B1424531853198S04154946WA0099301092
B1424571853198S04154946WA0099301092
B1425011853198S04154946WA0099301092
B1425051853198S04154946WA0099301092
B1425091853198S04154946WA0099301093
B1425131853198S04154946WA0099301093
B1425171853198S04154946WA0099301094
B1425211853198S04154946WA0099301095
B1425251853198S04154946WA0099301095
B1425291853198S04154946WA0099301095
B1425331853199S04154946WA0099301097
B1425371853199S04154946WA0099301096
B1425411853199S04154945WA0099301097
B1425451853200S04154945WA0099301098
B1425491853199S04154945WA0099301097
B1425531853199S04154945WA0099301097
B1425571853199S04154946WA0099301097
B1426011853199S04154946WA0099301097
B1426051853199S04154946WA0099301096
B1426091853199S04154946WA0099301096
B1426131853198S04154947WA0099301096
B1426171853198S04154947WA0099301095
B1426211853198S04154947WA0099301094
B1426251853198S04154947WA0099401094
B1426291853198S04154947WA0099301094
B1426331853198S04154947WA0099301094
B1426371853198S04154947WA0099301094
B1426411853197S04154948WA0099301094
B1426451853198S04154948WA0099301094
B1426491853198S04154948WA0099301093
B1426531853198S04154948WA0099301094
B1426571853197S04154948WA0099301093
B1427011853197S04154948WA0099301092
B1427051853198S04154948WA0099301092
B1427091853198S04154948WA0099301093
B1427131853198S04154948WA0099301093
B1427171853198S04154947WA0099301093
B1427211853198S04154947WA0099301094
B1427251853198S04154948WA0099301093
B1427291853198S04154948WA0099301091
B1427331853198S04154948WA0099301091
B1427371853198S04154948WA0099301090
B1427411853198S04154948WA0099401091
B1427451853198S04154948WA0099301091
B1427491853198S04154948WA0099301091
B1427531853198S04154948WA0099401091
B1427571853198S04154948WA0099301092
B1428011853198S04154948WA0099301092
B1428051853198S04154948WA0099301092
B1428091853198S04154948WA0099301092
B1428131853199S04154948WA0099301093
B1428171853199S04154948WA0099301094
B1428211853199S04154948WA0099301094
B1428251853199S04154947WA0099301095
B1428291853200S04154948WA0099301094
B1428331853200S04154948WA0099301094
B1428371853200S04154948WA0099301093
B1428411853200S04154948WA0099301093
B1428451853200S04154947WA0099301093
B1428491853200S04154948WA0099301094
B1428531853200S04154948WA0099301094
B1428571853200S04154948WA0099301094
B1429011853200S04154948WA0099401094
B1429051853200S04154948WA0099301094
B1429091853200S04154948WA0099301093
B1429131853201S04154948WA0099301092
B1429171853201S04154948WA0099301092
B1429211853201S04154948WA0099301091
B1429251853201S04154948WA0099301090
B1429291853201S04154948WA0099301090
B1429331853201S04154948WA0099301090
B1429371853201S04154948WA0099301089
B1429411853201S04154948WA0099301089
B1429451853201S04154948WA0099301089
B1429491853201S04154948WA0099301089
B1429531853200S04154948WA0099301090
B1429571853200S04154948WA0099301090
B1430011853200S04154948WA0099301089
B1430051853200S04154948WA0099301089
B1430091853200S04154948WA0099301089
B1430131853200S04154948WA0099301089
B1430171853200S04154948WA0099401089
B1430211853200S04154948WA0099301088
B1430251853200S04154948WA0099401089
B1430291853199S04154948WA0099301090
B1430331853199S04154948WA0099301090
B1430371853199S04154948WA0099301090
B1430411853199S04154947WA0099301091
B1430451853199S04154947WA0099401091
B1430491853199S04154947WA0099301091
B1430531853199S04154947WA0099301090
B1430571853199S04154947WA0099301090
B1431011853199S04154947WA0099301089
B1431051853199S04154947WA0099301089
B1431091853200S04154947WA0099401088
B1431131853200S04154947WA0099401087
B1431171853200S04154947WA0099401087
B1431211853200S04154947WA0099401087
B1431251853200S04154947WA0099401088
B1431291853200S04154947WA0099401088
B1431331853199S04154947WA0099301088
B1431371853199S04154946WA0099401088
B1431411853199S04154946WA0099401088
B1431451853198S04154946WA0099401088
B1431491853198S04154946WA0099401087
B1431531853198S04154945WA0099401088
B1431571853197S04154945WA0099401088
B1432011853197S04154945WA0099401089
B1432051853197S04154944WA0099401090
B1432091853197S04154944WA0099401090
B1432131853197S04154944WA0099301091
B1432171853197S04154944WA0099401091
B1432211853197S04154944WA0099401092
B1432251853197S04154944WA0099401093
B1432291853197S04154944WA0099401093
B1432331853197S04154944WA0099401093
B1432371853197S04154944WA0099401093
B1432411853198S04154944WA0099401093
B1432451853198S04154944WA0099301093
B1432491853198S04154944WA0099301093
B1432531853198S04154944WA0099401093
B1432571853198S04154945WA0099401093
B1433011853198S04154945WA0099401093
B1433051853198S04154945WA0099401093
B1433091853198S04154945WA0099401093
B1433131853198S04154945WA0099401093
B1433171853198S04154945WA0099401093
B1433211853198S04154945WA0099401093
B1433251853198S04154945WA0099401094
B1433291853198S04154944WA0099401094
B1433331853198S04154945WA0099401093
B1433371853198S04154944WA0099401093
B1433411853198S04154945WA0099401093
B1433451853198S04154945WA0099401091
B1433491853198S04154945WA0099401091
B1433531853198S04154945WA0099401091
B1433571853198S04154945WA0099401092
B1434011853198S04154945WA0099401092
B1434051853198S04154945WA0099401092
B1434091853199S04154945WA0099401093
B1434131853199S04154945WA0099401092
B1434171853199S04154945WA0099401092
B1434211853199S04154945WA0099401091
B1434251853198S04154946WA0099401091
B1434291853198S04154946WA0099401091
B1434331853198S04154946WA0099401091
B1434371853198S04154946WA0099401092
B1434411853198S04154946WA0099401092
B1434451853199S04154946WA0099401092
B1434491853198S04154946WA0099401092
B1434531853198S04154946WA0099401091
B1434571853198S04154946WA0099401091
B1435011853198S04154946WA0099401091
B1435051853198S04154946WA0099401091
B1435091853198S04154946WA0099401092
B1435131853198S04154946WA0099401092
B1435171853198S04154946WA0099401092
B1435211853198S04154946WA0099401093
B1435251853198S04154946WA0099401093
B1435291853199S04154946WA0099401093
B1435331853198S04154946WA0099401093
B1435371853198S04154946WA0099401094
B1435411853198S04154946WA0099401094
B1435451853198S04154945WA0099401095
B1435491853198S04154945WA0099401095
B1435531853198S04154945WA0099401095
B1435571853198S04154945WA0099401096
B1436011853198S04154945WA0099401095
B1436051853198S04154946WA0099401095
B1436091853198S04154946WA0099401094
B1436131853199S04154946WA0099401094
B1436171853199S04154946WA0099401094
B1436211853199S04154946WA0099401093
B1436251853199S04154945WA0099401093
B1436291853199S04154945WA0099401093
B1436331853199S04154945WA0099401093
B1436371853199S04154945WA0099401092
B1436411853199S04154945WA0099501092
B1436451853199S04154945WA0099401091
B1436491853199S04154945WA0099401092
B1436531853199S04154945WA0099401092
B1436571853199S04154945WA0099401092
B1437011853199S04154945WA0099401093
B1437051853199S04154945WA0099401094
B1437091853199S04154945WA0099401094
B1437131853199S04154944WA0099401094
B1437171853199S04154945WA0099401094
B1437211853199S04154944WA0099401094
B1437251853199S04154945WA0099401094
B1437291853199S04154945WA0099401093
B1437331853199S04154945WA0099401093
B1437371853199S04154945WA0099401093
B1437411853199S04154945WA0099501092
B1437451853199S04154945WA0099401093
B1437491853199S04154945WA0099401092
B1437531853199S04154946WA0099401092
B1437571853199S04154946WA0099401092
B1438011853199S04154945WA0099401092
B1438051853198S04154945WA0099501093
B1438091853198S04154945WA0099501093
B1438131853198S04154945WA0099501093
B1438171853198S04154945WA0099501093
B1438211853198S04154945WA0099401093
B1438251853198S04154945WA0099401093
B1438291853198S04154945WA0099401093
B1438331853198S04154945WA0099501093
B1438371853198S04154944WA0099401093
B1438411853198S04154944WA0099501093
B1438451853198S04154944WA0099501092
B1438491853198S04154944WA0099501092
B1438531853198S04154944WA0099401092
B1438571853198S04154944WA0099401093
B1439011853198S04154943WA0099501092
B1439051853197S04154943WA0099501093
B1439091853198S04154943WA0099501093
B1439131853198S04154943WA0099501092
B1439171853198S04154943WA0099501092
B1439211853198S04154943WA0099501092
B1439251853198S04154943WA0099401092
B1439291853198S04154944WA0099401092
B1439331853198S04154944WA0099501092
B1439371853198S04154944WA0099501092
B1439411853199S04154945WA0099501091
B1439451853199S04154945WA0099501091
B1439491853199S04154945WA0099501090
B1439531853199S04154945WA0099501090
B1439571853199S04154945WA0099501089
B1440011853199S04154945WA0099501089
B1440051853199S04154945WA0099501089
B1440091853199S04154945WA0099501089
B1440131853199S04154945WA0099401090
B1440171853199S04154945WA0099501091
B1440211853198S04154945WA0099501092
B1440251853198S04154945WA0099501093
B1440291853198S04154945WA0099401094
B1440331853198S04154945WA0099501095
B1440371853198S04154945WA0099501096
B1440411853198S04154945WA0099501096
B1440451853198S04154945WA0099501097
B1440491853198S04154945WA0099501097
B1440531853198S04154945WA0099501098
B1440571853198S04154945WA0099501099
B1441011853198S04154945WA0099501099
B1441051853198S04154945WA0099501099
B1441091853198S04154945WA0099501099
B1441131853198S04154945WA0099501099
B1441171853198S04154945WA0099501099
B1441211853198S04154945WA0099501099
B1441251853198S04154945WA0099501098
B1441291853198S04154946WA0099501098
B1441331853198S04154946WA0099401098
B1441371853198S04154946WA0099401098
B1441411853198S04154946WA0099401097
B1441451853198S04154946WA0099401097
B1441491853198S04154946WA0099401096
B1441531853198S04154946WA0099401096
B1441571853198S04154946WA0099401095
B1442011853198S04154946WA0099501096
B1442051853198S04154946WA0099501096
B1442091853198S04154946WA0099501096
B1442131853199S04154946WA0099401096
B1442171853199S04154946WA0099501096
B1442211853198S04154946WA0099501097
B1442251853198S04154946WA0099501096
B1442291853198S04154946WA0099501097
B1442331853198S04154946WA0099501096
B1442371853198S04154946WA0099501096
B1442411853198S04154946WA0099501095
B1442451853198S04154946WA0099501094
B1442491853198S04154946WA0099401094
B1442531853198S04154946WA0099501094
B1442571853198S04154946WA0099501095
B1443011853198S04154946WA0099501096
B1443051853198S04154946WA0099501097
B1443091853198S04154946WA0099501097
B1443131853198S04154946WA0099501097
B1443171853198S04154946WA0099501097
B1443211853198S04154946WA0099501097
B1443251853198S04154946WA0099501097
B1443291853198S04154945WA0099501096
B1443331853198S04154945WA0099501096
B1443371853198S04154945WA0099501096
B1443411853198S04154945WA0099501096
B1443451853198S04154945WA0099501097
B1443491853198S04154945WA0099501097
B1443531853198S04154945WA0099501097
B1443571853198S04154945WA0099501097
B1444011853198S04154945WA0099501097
B1444051853198S04154945WA0099501097
B1444091853197S04154946WA0099501098
B1444131853197S04154945WA0099501099
B1444171853197S04154945WA0099501099
B1444211853197S04154945WA0099501099
B1444251853197S04154945WA0099501099
B1444291853197S04154945WA0099501100
B1444331853197S04154945WA0099401100
B1444371853197S04154946WA0099501100
B1444411853197S04154945WA0099501100
B1444451853197S04154945WA0099501101
B1444491853197S04154946WA0099501101
B1444531853197S04154946WA0099501101
B1444571853197S04154945WA0099501101
B1445011853197S04154945WA0099501100
B1445051853197S04154945WA0099501100
B1445091853197S04154945WA0099501099
B1445131853197S04154945WA0099501099
B1445171853198S04154945WA0099501098
B1445211853198S04154945WA0099501098
B1445251853198S04154945WA0099501099
B1445291853198S04154945WA0099501099
B1445331853198S04154945WA0099501099
B1445371853198S04154945WA0099501098
B1445411853198S04154945WA0099501099
B1445451853198S04154945WA0099501099
B1445491853198S04154945WA0099501098
B1445531853198S04154946WA0099501098
B1445571853198S04154945WA0099501098
B1446011853198S04154945WA0099501099
B1446051853198S04154945WA0099501099
B1446091853198S04154945WA0099501099
B1446131853198S04154944WA0099501098
B1446171853198S04154944WA0099501097
B1446211853198S04154944WA0099501097
B1446251853198S04154944WA0099501098
B1446291853198S04154944WA0099501097
B1446331853198S04154944WA0099501096
B1446371853198S04154944WA0099601096
B1446411853198S04154944WA0099501095
B1446451853198S04154944WA0099501096
B1446491853198S04154944WA0099501096
B1446531853198S04154944WA0099501096
B1446571853198S04154944WA0099501096
B1447011853198S04154944WA0099501096
B1447051853198S04154944WA0099501096
B1447091853198S04154944WA0099501096
B1447131853198S04154944WA0099601096
B1447171853198S04154944WA0099501096
B1447211853198S04154944WA0099501096
B1447251853198S04154944WA0099501096
B1447291853198S04154944WA0099501096
B1447331853198S04154944WA0099501096
B1447371853198S04154944WA0099501095
B1447411853198S04154944WA0099501095
B1447451853198S04154944WA0099501095
B1447491853198S04154944WA0099501094
B1447531853198S04154944WA0099501094
B1447571853198S04154944WA0099501093
B1448011853198S04154944WA0099501093
B1448051853198S04154944WA0099501092
B1448091853198S04154944WA0099601092
B1448131853197S04154944WA0099601092
B1448171853197S04154944WA0099501092
B1448211853197S04154944WA0099601092
B1448251853197S04154944WA0099501093
B1448291853197S04154944WA0099601093
B1448331853197S04154944WA0099501093
B1448371853197S04154944WA0099501093
B1448411853198S04154944WA0099501093
B1448451853198S04154944WA0099501093
B1448491853198S04154944WA0099601092
B1448531853198S04154944WA0099601093
B1448571853198S04154945WA0099601094
B1449011853198S04154945WA0099601095
B1449051853197S04154945WA0099501096
B1449091853197S04154945WA0099601097
B1449131853197S04154946WA0099601098
B1449171853195S04154947WA0099601099
B1449211853194S04154949WA0099601100
B1449251853194S04154951WA0099701100
B1449291853193S04154952WA0099601101
B1449331853192S04154952WA0099701102
B1449371853192S04154952WA0099701100
B1449411853192S04154953WA0099701100
B1449451853191S04154952WA0099701099
B1449491853191S04154952WA0099701099
B1449531853190S04154951WA0099601100
B1449571853190S04154949WA0099701099
B1450011853190S04154947WA0099601100
B1450051853190S04154945WA0099601101
B1450091853190S04154943WA0099601100
B1450131853191S04154940WA0099601099
B1450171853192S04154939WA0099501099
B1450211853192S04154938WA0099501095
B1450251853192S04154936WA0099401094
B1450291853192S04154934WA0099401093
B1450331853193S04154932WA0099301093
B1450371853193S04154930WA0099201091
B1450411853193S04154928WA0099201090
B1450451853194S04154925WA0099101090
B1450491853194S04154924WA0099101089
B1450531853194S04154924WA0099101090
B1450571853194S04154924WA0099101090
B1451011853194S04154921WA0099101090
B1451051853195S04154919WA0099001088
B1451091853195S04154916WA0099101090
B1451131853195S04154915WA0099001091
B1451171853195S04154915WA0099001091
B1451211853195S04154913WA0099001091
B1451251853195S04154910WA0099001092
B1451291853195S04154909WA0099001091
B1451331853194S04154908WA0099001091
B1451371853193S04154907WA0099001091
B1451411853192S04154907WA0099001090
B1451451853192S04154907WA0099001089
B1451491853191S04154908WA0099001088
B1451531853190S04154908WA0099001089
B1451571853190S04154908WA0098901089
B1452011853190S04154908WA0098901089
B1452051853191S04154908WA0098901088
B1452091853191S04154907WA0098901087
B1452131853191S04154907WA0098901087
B1452171853190S04154907WA0099001087
B1452211853190S04154906WA0098901088
B1452251853191S04154906WA0098901086
B1452291853191S04154906WA0098901085
B1452331853190S04154906WA0098901085
B1452371853190S04154906WA0098901085
B1452411853190S04154906WA0098901086
B1452451853190S04154906WA0098901087
B1452491853190S04154906WA0098901087
B1452531853191S04154906WA0098901086
B1452571853191S04154906WA0098901087
B1453011853190S04154906WA0098901088
B1453051853190S04154906WA0098901088
B1453091853190S04154906WA0098901089
B1453131853190S04154906WA0098901089
B1453171853190S04154906WA0098901088
B1453211853191S04154906WA0098901087
B1453251853191S04154906WA0098901087
B1453291853191S04154906WA0098901088
B1453331853191S04154906WA0098901088
B1453371853191S04154906WA0098901088
B1453411853191S04154906WA0098901088
B1453451853190S04154906WA0098901089
B1453491853190S04154906WA0098901089
B1453531853190S04154906WA0098901089
B1453571853190S04154906WA0098901089
B1454011853190S04154906WA0098901089
B1454051853190S04154907WA0098901088
B1454091853190S04154907WA0098901088
B1454131853190S04154907WA0098901088
B1454171853190S04154907WA0098901088
B1454211853190S04154907WA0098901088
B1454251853191S04154907WA0098901088
B1454291853191S04154907WA0098901087
B1454331853191S04154907WA0098901087
B1454371853191S04154907WA0098901088
B1454411853191S04154907WA0098901087
B1454451853191S04154907WA0098901087
B1454491853191S04154906WA0098901086
B1454531853191S04154906WA0099001086
B1454571853191S04154906WA0099001086
B1455011853191S04154906WA0098901085
B1455051853191S04154906WA0099001085
B1455091853191S04154906WA0099001085
B1455131853191S04154906WA0099001085
B1455171853190S04154906WA0098901084
B1455211853189S04154905WA0098901084
B1455251853190S04154904WA0098901084
B1455291853190S04154904WA0098901084
B1455331853190S04154905WA0098901084
B1455371853190S04154905WA0098901084
B1455411853190S04154905WA0098901086
B1455451853190S04154905WA0098901086
B1455491853190S04154905WA0099001086
B1455531853190S04154905WA0098901085
B1455571853190S04154905WA0098901085
B1456011853190S04154905WA0098901084
B1456051853190S04154905WA0098901083
B1456091853191S04154905WA0098901083
B1456131853191S04154905WA0098901082
B1456171853191S04154905WA0098901082
B1456211853191S04154905WA0098901082
B1456251853191S04154905WA0098901082
B1456291853190S04154905WA0098901083
B1456331853190S04154905WA0098901083
B1456371853190S04154905WA0098901083
B1456411853190S04154905WA0098901083
B1456451853190S04154905WA0098901084
B1456491853190S04154905WA0098901084
B1456531853190S04154905WA0098901084
B1456571853190S04154905WA0099001084
B1457011853190S04154905WA0098901083
B1457051853190S04154905WA0099001083
B1457091853191S04154905WA0098901082
B1457131853191S04154905WA0098901083
B1457171853190S04154905WA0098901083
B1457211853190S04154905WA0099001084
B1457251853191S04154905WA0098901085
B1457291853191S04154905WA0098901085
B1457331853191S04154905WA0098901085
B1457371853191S04154905WA0098901086
B1457411853191S04154905WA0098901086
B1457451853191S04154905WA0099001086
B1457491853190S04154903WA0098901086
B1457531853182S04154898WA0098501082
B1457571853160S04154891WA0097901074
B1458011853141S04154886WA0097701075
B1458051853119S04154879WA0097201068
B1458091853100S04154871WA0096801064
B1458131853080S04154862WA0096301059
B1458171853061S04154853WA0095801054
B1458211853037S04154845WA0095301048
B1458251853015S04154839WA0094901043
B1458291852994S04154830WA0094501039
B1458331852973S04154823WA0094001034
B1458371852955S04154813WA0093701032
B1458411852934S04154803WA0093201025
B1458451852915S04154793WA0092701021
B1458491852896S04154782WA0092201016
B1458531852876S04154772WA0091801011
B1458571852853S04154764WA0091301007
B1459011852830S04154756WA0090901002
B1459051852807S04154750WA0090600999
B1459091852782S04154746WA0090200994
B1459131852759S04154744WA0090000993
B1459171852736S04154743WA0089700989
B1459211852714S04154740WA0089600989
B1459251852693S04154737WA0089200983
B1459291852670S04154736WA0088800980
B1459331852649S04154733WA0088700979
B1459371852627S04154733WA0088300974
B1459411852603S04154733WA0088000972
B1459451852582S04154732WA0088000973
B1459491852557S04154738WA0087800970
B1459531852530S04154749WA0088200974
B1459571852512S04154770WA0088900981
B1500011852516S04154798WA0089500989
B1500051852537S04154812WA0089900992
B1500091852562S04154814WA0090801002
B1500131852585S04154814WA0091401009
B1500171852604S04154805WA0092001015
B1500211852609S04154790WA0092301017
B1500251852601S04154774WA0092201017
B1500291852582S04154767WA0092001015
B1500331852557S04154761WA0091701012
B1500371852531S04154755WA0092001015
B1500411852506S04154750WA0092301018
B1500451852481S04154749WA0093001026
B1500491852460S04154761WA0093601031
B1500531852440S04154779WA0094301040
B1500571852430S04154808WA0094801044
B1501011852447S04154834WA0094901046
B1501051852472S04154838WA0095001046
B1501091852489S04154829WA0095401050
B1501131852500S04154815WA0095701053
B1501171852508S04154799WA0096301060
B1501211852513S04154781WA0096401061
B1501251852518S04154762WA0096701064
B1501291852510S04154746WA0097401071
B1501331852492S04154746WA0097801076
B1501371852478S04154769WA0098101079
B1501411852481S04154798WA0098601083
B1501451852497S04154820WA0098801086
B1501491852517S04154828WA0099101088
B1501531852534S04154821WA0099201090
B1501571852546S04154807WA0099401092
B1502011852555S04154789WA0099501093
B1502051852558S04154772WA0100101099
B1502091852556S04154753WA0100601104
B1502131852539S04154758WA0101401113
B1502171852535S04154788WA0101901118
B1502211852558S04154807WA0102501125
B1502251852575S04154800WA0103001130
B1502291852581S04154783WA0102801128
B1502331852565S04154768WA0102701125
B1502371852547S04154765WA0103601137
B1502411852532S04154777WA0104101142
B1502451852536S04154811WA0104401145
B1502491852561S04154825WA0104901150
B1502531852577S04154816WA0105601159
B1502571852576S04154796WA0106001162
B1503011852570S04154777WA0106501167
B1503051852560S04154762WA0106701168
B1503091852551S04154749WA0107001171
B1503131852546S04154733WA0107801179
B1503171852544S04154716WA0108501186
B1503211852537S04154698WA0109501197
B1503251852523S04154696WA0110501208
B1503291852519S04154721WA0111301216
B1503331852544S04154735WA0112701231
B1503371852566S04154726WA0113501237
B1503411852575S04154710WA0114301247
B1503451852566S04154697WA0115301257
B1503491852547S04154701WA0116101266
B1503531852534S04154723WA0116901275
B1503571852531S04154752WA0118101287
B1504011852537S04154781WA0118901295
B1504051852553S04154809WA0120201309
B1504091852572S04154827WA0121401322
B1504131852597S04154822WA0122201329
B1504171852604S04154805WA0122801336
B1504211852603S04154790WA0123601344
B1504251852600S04154773WA0124501354
B1504291852603S04154757WA0125501365
B1504331852604S04154738WA0126701377
B1504371852594S04154723WA0127701386
B1504411852574S04154723WA0128701397
B1504451852557S04154744WA0129401405
B1504491852559S04154773WA0130401416
B1504531852576S04154798WA0131801430
B1504571852602S04154796WA0133101444
B1505011852621S04154780WA0134401457
B1505051852628S04154761WA0135401466
B1505091852617S04154748WA0135301466
B1505131852597S04154756WA0135901472
B1505171852581S04154777WA0136501479
B1505211852578S04154807WA0137301487
B1505251852598S04154830WA0138401498
B1505291852620S04154823WA0139901514
B1505331852617S04154806WA0141301528
B1505371852608S04154792WA0142201537
B1505411852595S04154780WA0142701544
B1505451852585S04154763WA0143501551
B1505491852572S04154747WA0143801553
B1505531852560S04154733WA0143801554
B1505571852551S04154716WA0142901544
B1506011852547S04154696WA0142401539
B1506051852548S04154678WA0141901534
B1506091852553S04154659WA0141401528
B1506131852554S04154638WA0140901523
B1506171852554S04154618WA0140601519
B1506211852551S04154598WA0140201515
B1506251852550S04154578WA0139601510
B1506291852551S04154558WA0138901502
B1506331852550S04154536WA0138301495
B1506371852546S04154517WA0138001493
B1506411852548S04154495WA0137201484
B1506451852552S04154477WA0136701479
B1506491852551S04154459WA0136201475
B1506531852545S04154440WA0135601467
B1506571852540S04154420WA0135101462
B1507011852539S04154400WA0134601456
B1507051852543S04154378WA0133901448
B1507091852547S04154357WA0133501445
B1507131852551S04154336WA0132901438
B1507171852555S04154318WA0132201430
B1507211852557S04154298WA0131301421
B1507251852552S04154276WA0130601414
B1507291852542S04154256WA0129901406
B1507331852531S04154234WA0129101398
B1507371852520S04154214WA0128501392
B1507411852508S04154195WA0128301390
B1507451852499S04154176WA0127901386
B1507491852489S04154156WA0127401381
B1507531852487S04154132WA0127501380
B1507571852488S04154117WA0127601383
B1508011852487S04154101WA0126901375
B1508051852488S04154079WA0126401370
B1508091852487S04154063WA0126801375
B1508131852488S04154047WA0127201379
B1508171852489S04154032WA0128001387
B1508211852491S04154020WA0128701395
B1508251852490S04154008WA0129501402
B1508291852489S04153998WA0129901407
B1508331852488S04153984WA0129901407
B1508371852494S04153973WA0130201410
B1508411852491S04153959WA0129801404
B1508451852489S04153942WA0130201409
B1508491852488S04153926WA0130101409
B1508531852489S04153905WA0129701403
B1508571852489S04153883WA0129201398
B1509011852492S04153859WA0129201399
B1509051852492S04153839WA0129401400
B1509091852495S04153817WA0129601402
B1509131852498S04153795WA0129901404
B1509171852502S04153777WA0131001419
B1509211852501S04153761WA0131701427
B1509251852501S04153742WA0132701436
B1509291852497S04153730WA0133901449
B1509331852490S04153718WA0134501455
B1509371852484S04153704WA0134901459
B1509411852478S04153690WA0135401465
B1509451852476S04153674WA0135501465
B1509491852473S04153656WA0134901458
B1509531852471S04153636WA0133701446
B1509571852471S04153613WA0133101441
B1510011852470S04153597WA0132401434
B1510051852474S04153577WA0131701426
B1510091852479S04153559WA0131701426
B1510131852484S04153544WA0131301422
B1510171852494S04153529WA0130701415
B1510211852508S04153513WA0129901407
B1510251852523S04153499WA0129001397
B1510291852535S04153480WA0128101388
B1510331852547S04153460WA0127501382
B1510371852559S04153440WA0126801374
B1510411852573S04153418WA0126001366
B1510451852586S04153396WA0125501360
B1510491852607S04153376WA0125001355
B1510531852631S04153360WA0125301359
B1510571852656S04153343WA0125601361
B1511011852681S04153328WA0126801373
B1511051852703S04153324WA0127701383
B1511091852729S04153316WA0127901385
B1511131852748S04153308WA0127701383
B1511171852770S04153296WA0127501380
B1511211852782S04153281WA0127801384
B1511251852793S04153263WA0128101388
B1511291852803S04153244WA0128401390
B1511331852810S04153225WA0128401391
B1511371852817S04153206WA0128501391
B1511411852825S04153191WA0128901396
B1511451852833S04153176WA0130001408
B1511491852842S04153157WA0130501412
B1511531852830S04153145WA0131501422
B1511571852808S04153159WA0132201432
B1512011852814S04153191WA0133001438
B1512051852840S04153195WA0134001450
B1512091852857S04153180WA0135101460
B1512131852875S04153168WA0135901468
B1512171852889S04153160WA0135701467
B1512211852907S04153152WA0135101461
B1512251852930S04153154WA0134701457
B1512291852953S04153170WA0134301452
B1512331852976S04153193WA0133601446
B1512371853001S04153212WA0133401443
B1512411853024S04153229WA0133701446
B1512451853047S04153246WA0133601445
B1512491853073S04153261WA0133501443
B1512531853099S04153273WA0133501444
B1512571853124S04153284WA0133601446
B1513011853149S04153288WA0134401452
B1513051853176S04153292WA0134801456
B1513091853200S04153294WA0135301462
B1513131853221S04153285WA0135601464
B1513171853233S04153269WA0135601465
B1513211853236S04153250WA0135601463
B1513251853227S04153237WA0135201460
B1513291853209S04153234WA0134701455
B1513331853190S04153236WA0134201450
B1513371853166S04153246WA0133801446
B1513411853148S04153263WA0133901448
B1513451853132S04153285WA0133701446
B1513491853113S04153310WA0133501444
B1513531853096S04153333WA0133301444
B1513571853077S04153351WA0133301444
B1514011853056S04153370WA0133201442
B1514051853036S04153390WA0133201443
B1514091853019S04153416WA0133401445
B1514131853013S04153446WA0133501446
B1514171853018S04153478WA0133501446
B1514211853030S04153508WA0133501447
B1514251853054S04153534WA0133301444
B1514291853081S04153549WA0133201443
B1514331853105S04153559WA0133401445
B1514371853131S04153557WA0133001439
B1514411853157S04153547WA0132301431
B1514451853178S04153531WA0131801427
B1514491853196S04153509WA0131601424
B1514531853212S04153488WA0131701425
B1514571853216S04153465WA0131601424
B1515011853207S04153445WA0131601424
B1515051853196S04153433WA0131701426
B1515091853177S04153432WA0131501423
B1515131853157S04153439WA0131301423
B1515171853136S04153448WA0131201421
B1515211853119S04153467WA0130801417
B1515251853100S04153493WA0130401412
B1515291853089S04153522WA0130401414
B1515331853086S04153555WA0130301413
B1515371853091S04153586WA0130501415
B1515411853103S04153614WA0130401414
B1515451853126S04153635WA0130401414
B1515491853151S04153640WA0130501415
B1515531853175S04153632WA0130401413
B1515571853194S04153618WA0130001409
B1516011853211S04153599WA0129401402
B1516051853222S04153578WA0129301402
B1516091853229S04153557WA0129001399
B1516131853233S04153536WA0128901397
B1516171853226S04153516WA0128601394
B1516211853213S04153501WA0128401392
B1516251853196S04153485WA0128001388
B1516291853180S04153475WA0128001388
B1516331853163S04153466WA0127801386
B1516371853147S04153457WA0127401381
B1516411853130S04153445WA0126901376
B1516451853116S04153430WA0126501372
B1516491853106S04153412WA0126101368
B1516531853093S04153396WA0126001367
B1516571853078S04153386WA0126101368
B1517011853059S04153384WA0126101368
B1517051853039S04153392WA0126401371
B1517091853027S04153416WA0126501373
B1517131853023S04153444WA0126301371
B1517171853026S04153476WA0126101369
B1517211853038S04153503WA0126201370
B1517251853061S04153525WA0126101368
B1517291853084S04153543WA0126201370
B1517331853108S04153553WA0126301370
B1517371853131S04153548WA0126501372
B1517411853144S04153532WA0126601373
B1517451853156S04153514WA0126601373
B1517491853165S04153495WA0126401371
B1517531853170S04153475WA0126101368
B1517571853169S04153454WA0125901366
B1518011853161S04153436WA0125801364
B1518051853147S04153418WA0125601361
B1518091853134S04153403WA0125601361
B1518131853119S04153390WA0125401360
B1518171853100S04153378WA0125201357
B1518211853083S04153367WA0125401359
B1518251853071S04153354WA0125401360
B1518291853053S04153348WA0125101356
B1518331853035S04153345WA0124901355
B1518371853015S04153341WA0124801353
B1518411852995S04153340WA0125201358
B1518451852976S04153355WA0125701363
B1518491852979S04153384WA0125701364
B1518531853005S04153403WA0125601362
B1518571853025S04153395WA0125601363
B1519011853030S04153375WA0125901365
B1519051853023S04153362WA0126301369
B1519091853008S04153355WA0126201368
B1519131852988S04153357WA0126601373
B1519171852972S04153377WA0126601373
B1519211852959S04153406WA0126601373
B1519251852963S04153438WA0126501372
B1519291852984S04153462WA0126401371
B1519331853013S04153477WA0126001367
B1519371853040S04153480WA0126001367
B1519411853061S04153473WA0126001367
B1519451853073S04153459WA0125701364
B1519491853069S04153443WA0124901354
B1519531853060S04153426WA0124601351
B1519571853051S04153412WA0124701351
B1520011853044S04153399WA0124501350
B1520051853034S04153383WA0124101345
B1520091853027S04153366WA0124101345
B1520131853020S04153348WA0124101347
B1520171853013S04153333WA0123901343
B1520211853005S04153314WA0123501340
B1520251852999S04153298WA0123501339
B1520291852992S04153280WA0123001334
B1520331852982S04153263WA0122801331
B1520371852970S04153251WA0122901334
B1520411852955S04153239WA0122501328
B1520451852939S04153230WA0122101326
B1520491852919S04153221WA0121501319
B1520531852900S04153215WA0121201315
B1520571852883S04153209WA0120801313
B1521011852869S04153200WA0120601311
B1521051852855S04153193WA0121101314
B1521091852841S04153194WA0121901324
B1521131852831S04153188WA0122501331
B1521171852821S04153182WA0123201338
B1521211852809S04153177WA0124401350
B1521251852793S04153181WA0125501363
B1521291852785S04153205WA0126201370
B1521331852806S04153225WA0126401372
B1521371852832S04153221WA0126601374
B1521411852848S04153209WA0127901388
B1521451852863S04153195WA0128801397
B1521491852875S04153181WA0129601406
B1521531852881S04153164WA0130501414
B1521571852882S04153146WA0131001418
B1522011852873S04153129WA0131101419
B1522051852858S04153119WA0131401422
B1522091852840S04153128WA0131701426
B1522131852829S04153152WA0132301433
B1522171852826S04153185WA0132701437
B1522211852833S04153218WA0133301444
B1522251852850S04153249WA0134001452
B1522291852872S04153273WA0134701459
B1522331852901S04153289WA0135401466
B1522371852932S04153295WA0135901470
B1522411852962S04153293WA0136401476
B1522451852986S04153279WA0136601477
B1522491852991S04153260WA0136501477
B1522531852986S04153245WA0135701468
B1522571852970S04153244WA0134601457
B1523011852950S04153245WA0134001450
B1523051852931S04153245WA0133701448
B1523091852911S04153238WA0133601447
B1523131852893S04153231WA0133801448
B1523171852873S04153229WA0134101453
B1523211852850S04153238WA0134401455
B1523251852842S04153262WA0135001463
B1523291852851S04153291WA0135201464
B1523331852876S04153301WA0135601467
B1523371852893S04153293WA0135801469
B1523411852902S04153275WA0136201473
B1523451852906S04153259WA0136701478
B1523491852899S04153246WA0137101482
B1523531852887S04153236WA0137001480
B1523571852869S04153229WA0137301483
B1524011852846S04153237WA0137601486
B1524051852832S04153262WA0138001490
B1524091852836S04153293WA0138101491
B1524131852855S04153316WA0138001491
B1524171852880S04153323WA0138101491
B1524211852900S04153316WA0138501496
B1524251852907S04153301WA0139001501
B1524291852904S04153290WA0139401505
B1524331852891S04153280WA0139001500
B1524371852870S04153279WA0138901499
B1524411852849S04153296WA0138901500
B1524451852844S04153327WA0139101501
B1524491852852S04153357WA0139101502
B1524531852870S04153384WA0139001500
B1524571852894S04153405WA0138701496
B1525011852920S04153422WA0138601496
B1525051852947S04153433WA0138701497
B1525091852972S04153432WA0139001500
B1525131852985S04153419WA0138801498
B1525171852984S04153403WA0138401495
B1525211852973S04153390WA0138101491
B1525251852966S04153377WA0137901489
B1525291852958S04153364WA0137601485
B1525331852942S04153355WA0137501484
B1525371852921S04153360WA0137201481
B1525411852902S04153376WA0137001480
B1525451852889S04153403WA0136501473
B1525491852870S04153425WA0136201471
B1525531852850S04153434WA0136001468
B1525571852837S04153426WA0135701466
B1526011852835S04153411WA0135201461
B1526051852839S04153394WA0134801457
B1526091852842S04153376WA0134401451
B1526131852847S04153356WA0134001448
B1526171852853S04153339WA0133801445
B1526211852863S04153321WA0134101449
B1526251852857S04153310WA0134401451
B1526291852839S04153309WA0134701455
B1526331852817S04153320WA0135101459
B1526371852800S04153341WA0135501464
B1526411852802S04153375WA0135801468
B1526451852817S04153404WA0135601466
B1526491852841S04153418WA0135001459
B1526531852869S04153420WA0134201451
B1526571852896S04153422WA0133801446
B1527011852920S04153427WA0133701446
B1527051852942S04153424WA0133201441
B1527091852952S04153409WA0133001438
B1527131852960S04153391WA0133101439
B1527171852965S04153372WA0133101438
B1527211852955S04153358WA0132801435
B1527251852941S04153341WA0132001426
B1527291852929S04153326WA0131801425
B1527331852914S04153314WA0131501422
B1527371852897S04153300WA0130601412
B1527411852883S04153285WA0130501411
B1527451852871S04153271WA0130401410
B1527491852861S04153253WA0130901414
B1527531852854S04153238WA0131401421
B1527571852841S04153222WA0131101417
B1528011852822S04153214WA0130601412
B1528051852795S04153221WA0129801403
B1528091852773S04153230WA0130601413
B1528131852756S04153241WA0131501422
B1528171852744S04153271WA0132301430
B1528211852757S04153302WA0133001438
B1528251852780S04153324WA0133501443
B1528291852806S04153334WA0133901447
B1528331852829S04153323WA0134401451
B1528371852844S04153305WA0135001458
B1528411852844S04153287WA0135101459
B1528451852830S04153274WA0134601454
B1528491852805S04153269WA0133901446
B1528531852784S04153272WA0134401452
B1528571852766S04153280WA0134701456
B1529011852749S04153307WA0134501452
B1529051852746S04153341WA0134601454
B1529091852755S04153377WA0134601453
B1529131852775S04153402WA0134901457
B1529171852796S04153414WA0135001457
B1529211852821S04153422WA0135001458
B1529251852841S04153411WA0134901456
B1529291852854S04153393WA0135001458
B1529331852856S04153374WA0135101459
B1529371852856S04153355WA0134801455
B1529411852853S04153339WA0134401452
B1529451852851S04153321WA0134001447
B1529491852849S04153301WA0133701444
B1529531852848S04153281WA0133401441
B1529571852849S04153262WA0133301439
B1530011852857S04153240WA0133101437
B1530051852863S04153218WA0133501442
B1530091852865S04153196WA0134001447
B1530131852861S04153175WA0134901457
B1530171852848S04153162WA0135601465
B1530211852829S04153170WA0136101470
B1530251852817S04153195WA0136501474
B1530291852817S04153228WA0137101481
B1530331852837S04153255WA0138001492
B1530371852867S04153266WA0139301505
B1530411852897S04153263WA0140001511
B1530451852923S04153252WA0140301515
B1530491852945S04153236WA0140501516
B1530531852964S04153224WA0140601518
B1530571852978S04153204WA0140501515
B1531011852979S04153185WA0139801508
B1531051852974S04153163WA0139401503
B1531091852956S04153154WA0138901499
B1531131852935S04153159WA0138201491
B1531171852917S04153178WA0137701486
B1531211852904S04153206WA0137101480
B1531251852901S04153239WA0136801477
B1531291852907S04153273WA0136601475
B1531331852925S04153302WA0136901477
B1531371852945S04153323WA0137601486
B1531411852972S04153335WA0138101491
B1531451852999S04153346WA0138201492
B1531491853025S04153344WA0138301492
B1531531853044S04153330WA0138201492
B1531571853050S04153310WA0138001489
B1532011853048S04153292WA0137501484
B1532051853030S04153285WA0136601474
B1532091853012S04153284WA0135801468
B1532131852990S04153283WA0135501463
B1532171852970S04153281WA0135401462
B1532211852951S04153279WA0135001459
B1532251852934S04153267WA0134801455
B1532291852920S04153256WA0134101449
B1532331852910S04153238WA0133301440
B1532371852903S04153218WA0132601433
B1532411852901S04153197WA0132201427
B1532451852901S04153178WA0132701434
B1532491852908S04153159WA0133301440
B1532531852905S04153141WA0134101449
B1532571852892S04153135WA0134401451
B1533011852877S04153153WA0134601453
B1533051852886S04153182WA0134601455
B1533091852911S04153203WA0134701456
B1533131852942S04153217WA0135101460
B1533171852971S04153221WA0135501465
B1533211852984S04153207WA0135601466
B1533251852986S04153193WA0135401462
B1533291852979S04153180WA0135301460
B1533331852970S04153169WA0134801456
B1533371852956S04153158WA0134001448
B1533411852942S04153146WA0133501442
B1533451852924S04153138WA0133101438
B1533491852907S04153127WA0132601433
B1533531852888S04153118WA0131901425
B1533571852870S04153105WA0131301420
B1534011852853S04153094WA0130901415
B1534051852838S04153078WA0130701413
B1534091852826S04153064WA0130401411
B1534131852819S04153046WA0129501401
B1534171852814S04153027WA0129001396
B1534211852812S04153006WA0128101384
B1534251852813S04152985WA0127301377
B1534291852823S04152964WA0126301365
B1534331852837S04152945WA0126201365
B1534371852854S04152929WA0126201365
B1534411852870S04152914WA0125901362
B1534451852888S04152897WA0125101352
B1534491852902S04152884WA0124401346
B1534531852922S04152871WA0124001341
B1534571852937S04152861WA0123601337
B1535011852954S04152846WA0123101332
B1535051852968S04152832WA0122501326
B1535091852984S04152819WA0122101322
B1535131852998S04152803WA0121601316
B1535171853015S04152791WA0121301314
B1535211853034S04152778WA0120901309
B1535251853047S04152762WA0120801307
B1535291853062S04152749WA0120701307
B1535331853078S04152734WA0120501304
B1535371853096S04152719WA0120401304
B1535411853114S04152703WA0120301302
B1535451853131S04152688WA0120201302
B1535491853148S04152672WA0120201301
B1535531853164S04152656WA0120201301
B1535571853179S04152640WA0120101300
B1536011853194S04152624WA0120001299
B1536051853209S04152609WA0119801297
B1536091853224S04152591WA0119701295
B1536131853240S04152571WA0119301291
B1536171853256S04152552WA0118801286
B1536211853271S04152531WA0118301281
B1536251853286S04152511WA0118201280
B1536291853303S04152492WA0117801276
B1536331853320S04152471WA0117501272
B1536371853339S04152450WA0117001267
B1536411853356S04152431WA0116701264
B1536451853374S04152413WA0116101259
B1536491853392S04152395WA0115601253
B1536531853409S04152377WA0115201249
B1536571853427S04152360WA0114701243
B1537011853446S04152343WA0114101237
B1537051853466S04152326WA0113601232
B1537091853484S04152307WA0112901225
B1537131853503S04152287WA0112401220
B1537171853522S04152267WA0112001215
B1537211853540S04152246WA0111601211
B1537251853560S04152226WA0111101206
B1537291853579S04152206WA0110601201
B1537331853597S04152188WA0110301198
B1537371853614S04152169WA0109701192
B1537411853631S04152150WA0109201187
B1537451853647S04152130WA0108701181
B1537491853663S04152112WA0108101176
B1537531853676S04152087WA0107301166
B1537571853689S04152066WA0107001164
B1538011853706S04152043WA0106101152
B1538051853721S04152023WA0105501148
B1538091853737S04152003WA0104601138
B1538131853752S04151981WA0104001132
B1538171853767S04151959WA0103301125
B1538211853781S04151937WA0102801120
B1538251853796S04151916WA0102101112
B1538291853809S04151894WA0101401106
B1538331853824S04151874WA0100901100
B1538371853839S04151853WA0100501095
B1538411853854S04151834WA0099801088
B1538451853869S04151811WA0099001079
B1538491853882S04151787WA0098001069
B1538531853899S04151765WA0097401062
B1538571853915S04151741WA0096601053
B1539011853933S04151717WA0095801046
B1539051853955S04151693WA0095101037
B1539091853975S04151669WA0094301030
B1539131853995S04151643WA0093501021
B1539171854014S04151618WA0092701013
B1539211854035S04151595WA0091901003
B1539251854057S04151573WA0091200996
B1539291854074S04151549WA0090800991
B1539331854092S04151523WA0090200985
B1539371854105S04151497WA0089800980
B1539411854116S04151469WA0089400976
B1539451854125S04151442WA0089200976
B1539491854135S04151412WA0088800970
B1539531854145S04151384WA0088300964
B1539571854156S04151361WA0088100964
B1540011854169S04151341WA0087500956
B1540051854180S04151315WA0086600946
B1540091854191S04151289WA0086000941
B1540131854201S04151266WA0085300933
B1540171854211S04151243WA0084600926
B1540211854216S04151220WA0084300922
B1540251854218S04151201WA0084100922
B1540291854221S04151184WA0084400924
B1540331854230S04151170WA0084900932
B1540371854242S04151153WA0085000932
B1540411854250S04151140WA0085000933
B1540451854258S04151126WA0084700929
B1540491854265S04151113WA0085000932
B1540531854263S04151099WA0085600939
B1540571854239S04151097WA0086500949
B1541011854218S04151117WA0086600951
B1541051854214S04151147WA0086500950
B1541091854231S04151170WA0086200947
B1541131854252S04151176WA0086300949
B1541171854273S04151178WA0086500949
B1541211854295S04151183WA0086900955
B1541251854317S04151188WA0087300957
B1541291854340S04151193WA0088000965
B1541331854361S04151185WA0088900975
B1541371854363S04151166WA0089600983
B1541411854340S04151158WA0090200988
B1541451854321S04151172WA0091301000
B1541491854317S04151198WA0092601014
B1541531854332S04151215WA0093801026
B1541571854346S04151232WA0094701036
B1542011854361S04151245WA0095601045
B1542051854380S04151235WA0096501054
B1542091854372S04151216WA0097101060
B1542131854355S04151211WA0097601066
B1542171854333S04151220WA0098001070
B1542211854331S04151245WA0098701078
B1542251854349S04151256WA0099601087
B1542291854368S04151250WA0100501096
B1542331854384S04151240WA0100801099
B1542371854390S04151225WA0101101103
B1542411854398S04151211WA0101501107
B1542451854403S04151193WA0102301116
B1542491854390S04151181WA0103101123
B1542531854383S04151164WA0103701129
B1542571854385S04151147WA0104101135
B1543011854395S04151128WA0104501137
B1543051854403S04151109WA0104701140
B1543091854414S04151091WA0104701139
B1543131854424S04151073WA0104601138
B1543171854433S04151055WA0104501138
B1543211854439S04151036WA0104301135
B1543251854447S04151019WA0104101134
B1543291854457S04151001WA0103701128
B1543331854464S04150977WA0103301124
B1543371854472S04150952WA0102701117
B1543411854483S04150929WA0102501116
B1543451854494S04150905WA0102001109
B1543491854503S04150880WA0101701107
B1543531854512S04150855WA0100801097
B1543571854518S04150829WA0100101091
B1544011854524S04150802WA0099201080
B1544051854530S04150772WA0098101068
B1544091854536S04150740WA0096901055
B1544131854542S04150709WA0095701043
B1544171854550S04150678WA0094301029
B1544211854560S04150646WA0093301017
B1544251854570S04150616WA0091801002
B1544291854578S04150585WA0090200984
B1544331854585S04150555WA0088800970
B1544371854591S04150524WA0087700957
B1544411854600S04150495WA0086600947
B1544451854604S04150467WA0085100930
B1544491854611S04150436WA0083700916
B1544531854618S04150406WA0082400901
B1544571854622S04150374WA0080900886
B1545011854626S04150342WA0079500871
B1545051854627S04150310WA0078000855
B1545091854631S04150278WA0076600841
B1545131854637S04150248WA0075500829
B1545171854641S04150217WA0074200815
B1545211854645S04150185WA0073100804
B1545251854646S04150154WA0071700790
B1545291854649S04150118WA0070100773
B1545331854650S04150084WA0069000762
B1545371854653S04150049WA0067800748
B1545411854656S04150016WA0067000740
B1545451854662S04149985WA0066300732
B1545491854668S04149954WA0065100720
B1545531854669S04149920WA0063900707
B1545571854670S04149887WA0062700695
B1546011854671S04149854WA0061300681
B1546051854674S04149823WA0060200669
B1546091854672S04149791WA0059100658
B1546131854671S04149760WA0058300651
B1546171854673S04149730WA0057600643
B1546211854672S04149700WA0056800635
B1546251854669S04149667WA0056000625
B1546291854666S04149636WA0055600621
B1546331854658S04149607WA0055000615
B1546371854646S04149580WA0054400610
B1546411854634S04149552WA0054100606
B1546451854625S04149529WA0053700602
B1546491854617S04149501WA0052900593
B1546531854615S04149474WA0052700592
B1546571854614S04149444WA0052000583
B1547011854615S04149416WA0051700582
B1547051854617S04149389WA0051600580
B1547091854622S04149363WA0051100575
B1547131854629S04149337WA0050700571
B1547171854634S04149313WA0050000563
B1547211854639S04149285WA0049800561
B1547251854642S04149263WA0049600561
B1547291854647S04149235WA0049200555
B1547331854653S04149212WA0048800551
B1547371854650S04149184WA0048200545
B1547411854643S04149158WA0048000542
B1547451854635S04149135WA0048000544
B1547491854624S04149111WA0047700539
B1547531854611S04149091WA0047900541
B1547571854594S04149075WA0048100544
B1548011854571S04149066WA0048500548
B1548051854549S04149063WA0048800552
B1548091854526S04149062WA0048800551
B1548131854500S04149062WA0049000553
B1548171854474S04149068WA0049000553
B1548211854447S04149076WA0049300555
B1548251854424S04149082WA0049900564
B1548291854411S04149101WA0050200566
B1548331854425S04149116WA0050700572
B1548371854443S04149112WA0051300578
B1548411854447S04149092WA0051900584
B1548451854432S04149071WA0052300588
B1548491854409S04149065WA0053000596
B1548531854389S04149074WA0053300599
B1548571854381S04149097WA0053600602
B1549011854384S04149117WA0054100607
B1549051854397S04149134WA0054700614
B1549091854417S04149134WA0055700624
B1549131854428S04149121WA0056500633
B1549171854424S04149097WA0056800635
B1549211854405S04149081WA0057400642
B1549251854381S04149084WA0057900647
B1549291854375S04149105WA0058400654
B1549331854391S04149123WA0059000659
B1549371854410S04149118WA0060100672
B1549411854422S04149106WA0060800679
B1549451854414S04149087WA0061200682
B1549491854389S04149089WA0061700687
B1549531854370S04149099WA0062500697
B1549571854357S04149118WA0063400705
B1550011854358S04149139WA0064300715
B1550051854375S04149142WA0065100723
B1550091854381S04149123WA0066200735
B1550131854372S04149104WA0067200745
B1550171854349S04149101WA0068100755
B1550211854341S04149122WA0069100766
B1550251854357S04149133WA0070200777
B1550291854369S04149118WA0071300789
B1550331854361S04149097WA0072200798
B1550371854339S04149096WA0073100808
B1550411854323S04149117WA0073900815
B1550451854318S04149141WA0075300831
B1550491854322S04149162WA0076600845
B1550531854341S04149165WA0077700855
B1550571854354S04149148WA0078800866
B1551011854352S04149127WA0080000879
B1551051854335S04149117WA0081200892
B1551091854315S04149128WA0082200903
B1551131854308S04149153WA0083400915
B1551171854309S04149178WA0084600928
B1551211854322S04149197WA0085800940
B1551251854341S04149201WA0087200955
B1551291854356S04149189WA0088300966
B1551331854352S04149169WA0089200975
B1551371854334S04149154WA0089900982
B1551411854313S04149148WA0091100995
B1551451854291S04149149WA0092301008
B1551491854272S04149163WA0093301019
B1551531854271S04149188WA0094401031
B1551571854290S04149194WA0095601043
B1552011854298S04149178WA0097001058
B1552051854286S04149162WA0098101070
B1552091854262S04149166WA0099101080
B1552131854252S04149190WA0100001089
B1552171854261S04149209WA0101201103
B1552211854280S04149211WA0102701118
B1552251854294S04149195WA0104001130
B1552291854288S04149175WA0105201144
B1552331854265S04149172WA0106201155
B1552371854245S04149189WA0106901163
B1552411854237S04149218WA0107901172
B1552451854243S04149245WA0109201186
B1552491854262S04149256WA0110501200
B1552531854280S04149251WA0111501210
B1552571854285S04149231WA0112701222
B1553011854270S04149217WA0114101237
B1553051854247S04149220WA0115101247
B1553091854229S04149240WA0116201258
B1553131854223S04149268WA0117201269
B1553171854227S04149298WA0118401281
B1553211854237S04149326WA0119701295
B1553251854252S04149345WA0120801307
B1553291854272S04149341WA0121201310
B1553331854274S04149321WA0121701315
B1553371854266S04149304WA0122201320
B1553411854246S04149294WA0123301333
B1553451854235S04149324WA0124201341
B1553491854246S04149349WA0125501356
B1553531854266S04149361WA0126201361
B1553571854286S04149361WA0126401364
B1554011854309S04149355WA0126701366
B1554051854331S04149348WA0127301373
B1554091854356S04149338WA0127401373
B1554131854384S04149327WA0127301371
B1554171854412S04149320WA0127601375
B1554211854440S04149308WA0127601372
B1554251854465S04149297WA0127801377
B1554291854491S04149287WA0127701375
B1554331854516S04149271WA0127401372
B1554371854543S04149254WA0127301371
B1554411854570S04149240WA0126801366
B1554451854599S04149221WA0126501362
B1554491854623S04149205WA0126201360
B1554531854652S04149186WA0125301347
B1554571854680S04149162WA0123901333
B1555011854710S04149138WA0122701319
B1555051854743S04149118WA0121601308
B1555091854774S04149101WA0120701300
B1555131854801S04149081WA0120001290
B1555171854827S04149058WA0118901281
B1555211854853S04149037WA0118201273
B1555251854885S04149020WA0117501265
B1555291854913S04149007WA0117501266
B1555331854941S04148990WA0117601266
B1555371854969S04148974WA0117601266
B1555411854985S04148961WA0117601271
B1555451855005S04148951WA0116701260
B1555491855026S04148936WA0115401246
B1555531855049S04148920WA0113701229
B1555571855073S04148902WA0112601217
B1556011855096S04148884WA0111701208
B1556051855121S04148868WA0110701198
B1556091855145S04148851WA0109801188
B1556131855175S04148833WA0109101177
B1556171855208S04148813WA0108301169
B1556211855240S04148793WA0107401160
B1556251855270S04148773WA0106801154
B1556291855299S04148755WA0105601141
B1556331855330S04148733WA0104301125
B1556371855364S04148715WA0103201115
B1556411855397S04148698WA0101901101
B1556451855430S04148679WA0100501085
B1556491855464S04148661WA0099201071
B1556531855497S04148647WA0098101060
B1556571855531S04148635WA0097001047
B1557011855565S04148623WA0095701033
B1557051855598S04148611WA0094201018
B1557091855631S04148599WA0092901004
B1557131855663S04148585WA0091700991
B1557171855696S04148574WA0090500980
B1557211855728S04148561WA0089300966
B1557251855761S04148547WA0088300956
B1557291855792S04148533WA0087500948
B1557331855824S04148520WA0086500937
B1557371855856S04148506WA0085400927
B1557411855886S04148491WA0084400915
B1557451855916S04148474WA0083400904
B1557491855944S04148459WA0082300894
B1557531855974S04148442WA0081200881
B1557571856003S04148425WA0080000869
B1558011856030S04148406WA0078600855
B1558051856057S04148387WA0077300841
B1558091856085S04148367WA0076000827
B1558131856114S04148350WA0074600813
B1558171856138S04148338WA0073100801
B1558211856154S04148328WA0072100790
B1558251856175S04148313WA0071300781
B1558291856192S04148301WA0070700776
B1558331856211S04148287WA0069800767
B1558371856232S04148272WA0069000757
B1558411856255S04148254WA0068400750
B1558451856272S04148236WA0067700744
B1558491856292S04148218WA0067200739
B1558531856309S04148204WA0067200739
B1558571856328S04148188WA0067100738
B1559011856346S04148175WA0066800736
B1559051856366S04148162WA0066500733
B1559091856386S04148146WA0066400730
B1559131856402S04148132WA0066100728
B1559171856425S04148124WA0066200728
B1559211856447S04148129WA0065900725
B1559251856475S04148134WA0065400720
B1559291856498S04148136WA0065800725
B1559331856521S04148144WA0066400731
B1559371856542S04148157WA0066900736
B1559411856566S04148168WA0067200738
B1559451856589S04148175WA0067500742
B1559491856607S04148179WA0068400752
B1559531856618S04148163WA0068600753
B1559571856602S04148147WA0069100759
B1600011856583S04148154WA0069800766
B1600051856578S04148173WA0069800767
B1600091856592S04148194WA0069800766
B1600131856611S04148208WA0070300773
B1600171856632S04148214WA0071000780
B1600211856654S04148212WA0071800789
B1600251856668S04148192WA0072700799
B1600291856654S04148177WA0073200804
B1600331856636S04148190WA0073700810
B1600371856644S04148206WA0074500818
B1600411856664S04148204WA0075300827
B1600451856673S04148182WA0076300837
B1600491856666S04148162WA0076900843
B1600531856647S04148155WA0077600851
B1600571856635S04148171WA0078400860
B1601011856634S04148192WA0078600862
B1601051856642S04148213WA0079300869
B1601091856656S04148226WA0080100879
B1601131856676S04148231WA0081100889
B1601171856689S04148211WA0082100899
B1601211856675S04148192WA0083000909
B1601251856652S04148198WA0083600915
B1601291856652S04148223WA0084200921
B1601331856673S04148232WA0085100931
B1601371856690S04148215WA0086100942
B1601411856685S04148192WA0087000950
B1601451856662S04148197WA0087500957
B1601491856654S04148219WA0088200963
B1601531856655S04148246WA0089000972
B1601571856662S04148268WA0090000983
B1602011856684S04148266WA0090900991
B1602051856681S04148241WA0091801002
B1602091856659S04148241WA0092601010
B1602131856651S04148265WA0093301017
B1602171856664S04148283WA0094401028
B1602211856685S04148285WA0095601040
B1602251856700S04148270WA0096601051
B1602291856702S04148248WA0097001054
B1602331856696S04148225WA0097701063
B1602371856673S04148220WA0098101067
B1602411856656S04148236WA0098901076
B1602451856655S04148261WA0099401080
B1602491856673S04148279WA0100101087
B1602531856690S04148289WA0101101099
B1602571856712S04148285WA0101701104
B1603011856724S04148267WA0102401112
B1603051856733S04148248WA0102901116
B1603091856740S04148230WA0103401123
B1603131856743S04148207WA0103401123
B1603171856743S04148179WA0103101118
B1603211856742S04148155WA0103701125
B1603251856740S04148133WA0103401120
B1603291856736S04148108WA0102901116
B1603331856736S04148085WA0102401110
B1603371856738S04148063WA0101801104
B1603411856744S04148042WA0101001095
B1603451856749S04148020WA0099901084
B1603491856754S04147998WA0098701072
B1603531856754S04147977WA0097501058
B1603571856757S04147953WA0096501049
B1604011856760S04147929WA0095701040
B1604051856762S04147901WA0094601028
B1604091856766S04147874WA0093601018
B1604131856764S04147847WA0093101013
B1604171856761S04147822WA0092701008
B1604211856758S04147799WA0092301005
B1604251856755S04147771WA0091600995
B1604291856750S04147738WA0091000990
B1604331856745S04147708WA0090900989
B1604371856741S04147677WA0090800988
B1604411856739S04147645WA0090900989
B1604451856738S04147619WA0091700998
B1604491856741S04147597WA0092101002
B1604531856743S04147573WA0092601008
B1604571856746S04147550WA0093101014
B1605011856751S04147525WA0093301016
B1605051856757S04147501WA0093901022
B1605091856764S04147477WA0094601027
B1605131856769S04147455WA0095001033
B1605171856772S04147431WA0095101033
B1605211856774S04147410WA0095201035
B1605251856779S04147388WA0095101033
B1605291856782S04147367WA0095201034
B1605331856783S04147344WA0095101032
B1605371856786S04147325WA0094301024
B1605411856786S04147302WA0093301014
B1605451856781S04147284WA0092401004
B1605491856775S04147260WA0091400994
B1605531856767S04147239WA0090800988
B1605571856754S04147219WA0090400985
B1606011856736S04147208WA0090200981
B1606051856715S04147203WA0089900980
B1606091856693S04147201WA0089800977
B1606131856673S04147200WA0090400985
B1606171856655S04147200WA0089600978
B1606211856635S04147190WA0089100971
B1606251856630S04147168WA0089400977
B1606291856630S04147146WA0089300975
B1606331856637S04147128WA0089300975
B1606371856653S04147114WA0089100971
B1606411856674S04147113WA0088800968
B1606451856695S04147124WA0088200962
B1606491856709S04147143WA0087900958
B1606531856712S04147169WA0088100960
B1606571856713S04147191WA0088500964
B1607011856703S04147208WA0088300962
B1607051856686S04147204WA0088200961
B1607091856670S04147192WA0087700955
B1607131856665S04147171WA0087500952
B1607171856663S04147146WA0087000947
B1607211856663S04147125WA0086600944
B1607251856663S04147102WA0085800935
B1607291856662S04147079WA0085100928
B1607331856659S04147059WA0084600923
B1607371856651S04147035WA0083900915
B1607411856640S04147015WA0083400911
B1607451856628S04146995WA0082800904
B1607491856620S04146975WA0082200898
B1607531856610S04146951WA0082300898
B1607571856604S04146932WA0082700902
B1608011856596S04146910WA0082700902
B1608051856592S04146888WA0082700902
B1608091856588S04146862WA0082500901
B1608131856582S04146838WA0082300898
B1608171856572S04146818WA0082300899
B1608211856565S04146796WA0081500891
B1608251856556S04146770WA0081600891
B1608291856550S04146751WA0082500902
B1608331856536S04146736WA0082900906
B1608371856524S04146751WA0083100908
B1608411856538S04146771WA0083200909
B1608451856563S04146771WA0084000917
B1608491856587S04146765WA0084500922
B1608531856602S04146752WA0084600923
B1608571856603S04146732WA0083900916
B1609011856593S04146714WA0083300909
B1609051856577S04146697WA0082600902
B1609091856561S04146680WA0081900894
B1609131856545S04146661WA0081000885
B1609171856527S04146646WA0080400880
B1609211856506S04146630WA0079600870
B1609251856486S04146616WA0079200868
B1609291856468S04146598WA0078700862
B1609331856453S04146578WA0078500860
B1609371856440S04146556WA0078400860
B1609411856428S04146536WA0078300858
B1609451856411S04146518WA0078000855
B1609491856389S04146508WA0077800853
B1609531856364S04146503WA0077200847
B1609571856338S04146502WA0076800842
B1610011856310S04146504WA0076300836
B1610051856278S04146507WA0075700827
B1610091856250S04146509WA0075800830
B1610131856224S04146509WA0075600826
B1610171856197S04146509WA0075800829
B1610211856175S04146510WA0076100833
B1610251856150S04146510WA0076300836
B1610291856125S04146510WA0076500837
B1610331856100S04146515WA0076100831
B1610371856074S04146527WA0075800829
B1610411856052S04146541WA0076000830
B1610451856033S04146557WA0076900840
B1610491856019S04146569WA0077000842
B1610531856001S04146586WA0077000842
B1610571855986S04146600WA0077300845
B1611011855977S04146620WA0077100844
B1611051855995S04146631WA0077200845
B1611091856014S04146616WA0077200845
B1611131856017S04146590WA0077200845
B1611171856011S04146564WA0077200844
B1611211856001S04146540WA0077800851
B1611251855994S04146520WA0078600860
B1611291855983S04146502WA0079500870
B1611331855965S04146488WA0080000874
B1611371855953S04146469WA0080300879
B1611411855939S04146453WA0081100886
B1611451855927S04146436WA0081900895
B1611491855924S04146416WA0082600903
B1611531855940S04146405WA0083000906
B1611571855955S04146404WA0083400911
B1612011855965S04146420WA0083400910
B1612051855953S04146438WA0083800915
B1612091855931S04146444WA0084100918
B1612131855907S04146447WA0084900927
B1612171855887S04146448WA0085500933
B1612211855869S04146435WA0085900935
B1612251855855S04146417WA0086900948
B1612291855832S04146415WA0087600953
B1612331855815S04146434WA0088700967
B1612371855818S04146460WA0089700978
B1612411855832S04146480WA0090500986
B1612451855853S04146477WA0090900989
B1612491855868S04146461WA0091200992
B1612531855868S04146439WA0091900997
B1612571855854S04146419WA0092601006
B1613011855831S04146429WA0093301013
B1613051855839S04146453WA0093901020
B1613091855857S04146447WA0094501026
B1613131855868S04146429WA0095501036
B1613171855862S04146408WA0096501046
B1613211855837S04146399WA0097001052
B1613251855823S04146420WA0097801061
B1613291855828S04146447WA0098401067
B1613331855838S04146467WA0099401078
B1613371855857S04146475WA0100001083
B1613411855873S04146461WA0100701089
B1613451855874S04146442WA0101401097
B1613491855860S04146421WA0102001102
B1613531855832S04146424WA0102901113
B1613571855814S04146441WA0104001125
B1614011855804S04146468WA0104901134
B1614051855816S04146491WA0105801144
B1614091855836S04146503WA0106701153
B1614131855857S04146507WA0107501163
B1614171855876S04146494WA0108001166
B1614211855878S04146470WA0108501171
B1614251855859S04146453WA0108501171
B1614291855832S04146453WA0108701173
B1614331855812S04146473WA0109601183
B1614371855807S04146496WA0110801197
B1614411855824S04146510WA0111801206
B1614451855836S04146494WA0113101220
B1614491855825S04146475WA0113801228
B1614531855800S04146479WA0114601235
B1614571855792S04146503WA0115501247
B1615011855807S04146526WA0116501255
B1615051855828S04146520WA0117601267
B1615091855836S04146501WA0118601277
B1615131855824S04146481WA0119201284
B1615171855804S04146469WA0120101293
B1615211855784S04146475WA0121101304
B1615251855780S04146500WA0121701311
B1615291855798S04146522WA0122501317
B1615331855816S04146535WA0123501331
B1615371855835S04146536WA0124301339
B1615411855846S04146519WA0124601342
B1615451855852S04146497WA0124701342
B1615491855861S04146472WA0124601341
B1615531855868S04146448WA0124601340
B1615571855879S04146422WA0124601339
B1616011855891S04146397WA0124801339
B1616051855904S04146375WA0125401348
B1616091855918S04146351WA0126001352
B1616131855931S04146330WA0126801361
B1616171855942S04146319WA0127301366
B1616211855954S04146304WA0126901362
B1616251855967S04146286WA0126201354
B1616291855980S04146271WA0126101354
B1616331855992S04146255WA0125601348
B1616371856004S04146239WA0125501347
B1616411856014S04146220WA0125101342
B1616451856024S04146202WA0125101344
B1616491856035S04146181WA0124901340
B1616531856048S04146161WA0124501336
B1616571856061S04146140WA0124301335
B1617011856074S04146119WA0123701326
B1617051856087S04146100WA0122901319
B1617091856102S04146078WA0121701305
B1617131856118S04146057WA0120301291
B1617171856133S04146035WA0119001276
B1617211856157S04146013WA0117601260
B1617251856178S04145995WA0116501250
B1617291856202S04145975WA0115401237
B1617331856226S04145958WA0114501229
B1617371856250S04145939WA0113501217
B1617411856272S04145916WA0112501207
B1617451856293S04145897WA0111801201
B1617491856314S04145878WA0110801189
B1617531856333S04145860WA0110001181
B1617571856352S04145838WA0108801168
B1618011856369S04145817WA0108001160
B1618051856387S04145796WA0107001149
B1618091856403S04145775WA0106101141
B1618131856416S04145753WA0105101129
B1618171856431S04145729WA0103901117
B1618211856445S04145704WA0102901106
B1618251856460S04145674WA0101701090
B1618291856473S04145648WA0100401079
B1618331856488S04145620WA0099001062
B1618371856503S04145592WA0097701050
B1618411856519S04145565WA0096401035
B1618451856536S04145536WA0095101021
B1618491856551S04145510WA0094101012
B1618531856568S04145481WA0092700997
B1618571856581S04145452WA0091600985
B1619011856595S04145424WA0090500975
B1619051856609S04145392WA0089600962
B1619091856621S04145361WA0088900958
B1619131856632S04145330WA0088100947
B1619171856646S04145297WA0087200939
B1619211856655S04145269WA0087200940
B1619251856663S04145243WA0086500933
B1619291856672S04145212WA0085600922
B1619331856681S04145185WA0085600923
B1619371856692S04145160WA0085600923
B1619411856697S04145136WA0085600925
B1619451856706S04145114WA0085700926
B1619491856714S04145090WA0085800927
B1619531856722S04145068WA0086300933
B1619571856733S04145047WA0086500933
B1620011856745S04145021WA0086600933
B1620051856753S04144994WA0087000937
B1620091856762S04144969WA0087600944
B1620131856769S04144947WA0088000949
B1620171856761S04144930WA0088400955
B1620211856745S04144942WA0089000963
B1620251856761S04144960WA0089600970
B1620291856782S04144945WA0089900972
B1620331856794S04144920WA0090100974
B1620371856804S04144896WA0090800983
B1620411856816S04144871WA0091000984
B1620451856826S04144844WA0091500990
B1620491856834S04144815WA0091800991
B1620531856841S04144791WA0091700992
B1620571856848S04144766WA0090900983
B1621011856857S04144740WA0090000972
B1621051856868S04144711WA0089400967
B1621091856877S04144684WA0088500956
B1621131856886S04144651WA0087600947
B1621171856895S04144621WA0086900940
B1621211856904S04144592WA0086600937
B1621251856910S04144563WA0086500936
B1621291856916S04144536WA0086400936
B1621331856923S04144509WA0086400935
B1621371856929S04144482WA0086500936
B1621411856930S04144455WA0086400934
B1621451856933S04144434WA0086300934
B1621491856936S04144412WA0085900930
B1621531856921S04144397WA0085600927
B1621571856894S04144394WA0085200923
B1622011856869S04144401WA0085000922
B1622051856852S04144419WA0084700919
B1622091856842S04144445WA0084500918
B1622131856836S04144473WA0084600921
B1622171856842S04144500WA0084600920
B1622211856856S04144524WA0084500919
B1622251856874S04144548WA0084400918
B1622291856897S04144565WA0084800922
B1622331856920S04144583WA0085100925
B1622371856944S04144585WA0085300928
B1622411856960S04144569WA0085300928
B1622451856957S04144549WA0085100925
B1622491856936S04144538WA0084900923
B1622531856913S04144543WA0085300928
B1622571856891S04144552WA0085600930
B1623011856871S04144566WA0085800933
B1623051856850S04144581WA0085700932
B1623091856827S04144595WA0085800933
B1623131856806S04144608WA0086000935
B1623171856786S04144624WA0086300939
B1623211856774S04144646WA0086400941
B1623251856779S04144672WA0086400941
B1623291856799S04144689WA0086200938
B1623331856820S04144709WA0085400930
B1623371856836S04144733WA0085000926
B1623411856854S04144754WA0084500920
B1623451856877S04144774WA0083900914
B1623491856898S04144792WA0083400907
B1623531856918S04144807WA0083000903
B1623571856939S04144823WA0082200893
B1624011856961S04144836WA0081600889
B1624051856982S04144852WA0080100872
B1624091857002S04144873WA0078800858
B1624131857023S04144892WA0078000850
B1624171857045S04144910WA0077400845
B1624211857066S04144926WA0076800838
B1624251857088S04144942WA0076100831
B1624291857110S04144958WA0075500824
B1624331857131S04144973WA0074800817
B1624371857153S04144989WA0074000808
B1624411857174S04145005WA0073100799
B1624451857197S04145023WA0072000786
B1624491857219S04145041WA0071500782
B1624531857241S04145059WA0070800774
B1624571857259S04145082WA0070200769
B1625011857276S04145108WA0069600761
B1625051857290S04145134WA0069000756
B1625091857304S04145161WA0068200747
B1625131857319S04145189WA0067300737
B1625171857331S04145217WA0066800732
B1625211857340S04145247WA0065700720
B1625251857350S04145275WA0064900712
B1625291857360S04145304WA0064200703
B1625331857369S04145332WA0063500696
B1625371857379S04145361WA0062800689
B1625411857386S04145391WA0062300683
B1625451857389S04145422WA0061700678
B1625491857391S04145453WA0061000671
B1625531857394S04145482WA0060300664
B1625571857403S04145512WA0059600656
B1626011857412S04145537WA0059200653
B1626051857421S04145565WA0058900650
B1626091857427S04145592WA0059100653
B1626131857435S04145617WA0058700649
B1626171857450S04145635WA0058700649
B1626211857468S04145648WA0059000653
B1626251857486S04145660WA0059000652
B1626291857509S04145671WA0058900650
B1626331857531S04145679WA0059100654
B1626371857556S04145688WA0059200653
B1626411857579S04145698WA0059500657
B1626451857605S04145707WA0059700659
B1626491857629S04145719WA0059900660
B1626531857652S04145731WA0060200664
B1626571857679S04145740WA0060500666
B1627011857703S04145746WA0061100673
B1627051857728S04145753WA0061600678
B1627091857753S04145763WA0062100684
B1627131857778S04145770WA0062300685
B1627171857807S04145777WA0062400687
B1627211857832S04145784WA0062700689
B1627251857858S04145797WA0062500687
B1627291857882S04145812WA0063000692
B1627331857904S04145826WA0063300695
B1627371857926S04145850WA0063300696
B1627411857944S04145873WA0063400697
B1627451857964S04145895WA0063400696
B1627491857984S04145915WA0063400696
B1627531858006S04145937WA0063300695
B1627571858029S04145957WA0063000693
B1628011858053S04145977WA0062500687
B1628051858078S04145994WA0062400686
B1628091858100S04146009WA0062400686
B1628131858123S04146020WA0062300685
B1628171858144S04146030WA0061900680
B1628211858163S04146044WA0061600679
B1628251858181S04146060WA0061300675
B1628291858197S04146079WA0061600677
B1628331858211S04146095WA0061500675
B1628371858230S04146109WA0061300674
B1628411858248S04146127WA0061100672
B1628451858268S04146142WA0061100671
B1628491858289S04146156WA0061100672
B1628531858309S04146171WA0061000670
B1628571858331S04146183WA0060700667
B1629011858355S04146191WA0060600666
B1629051858378S04146198WA0060500665
B1629091858401S04146206WA0060900669
B1629131858422S04146213WA0061600676
B1629171858438S04146207WA0061700677
B1629211858447S04146193WA0061700677
B1629251858449S04146171WA0061900679
B1629291858453S04146149WA0062000680
B1629331858442S04146130WA0062100680
B1629371858421S04146129WA0062900688
B1629411858419S04146150WA0063600696
B1629451858431S04146163WA0064100703
B1629491858450S04146167WA0064400705
B1629531858464S04146156WA0064900712
B1629571858465S04146134WA0064900711
B1630011858444S04146125WA0064800710
B1630051858423S04146133WA0065400717
B1630091858408S04146145WA0065900723
B1630131858404S04146167WA0066000724
B1630171858414S04146189WA0066500730
B1630211858428S04146204WA0067400738
B1630251858444S04146199WA0068300748
B1630291858445S04146177WA0068700751
B1630331858423S04146165WA0068900753
B1630371858400S04146168WA0069500761
B1630411858388S04146188WA0070100767
B1630451858399S04146208WA0070600773
B1630491858417S04146212WA0071600784
B1630531858431S04146203WA0072500793
B1630571858429S04146179WA0073000797
B1631011858408S04146167WA0073300800
B1631051858386S04146176WA0074000807
B1631091858378S04146197WA0074800817
B1631131858386S04146217WA0075500825
B1631171858405S04146228WA0076300831
B1631211858413S04146245WA0077500844
B1631251858402S04146268WA0078300853
B1631291858380S04146280WA0079500865
B1631331858361S04146268WA0079900869
B1631371858361S04146249WA0080200872
B1631411858377S04146236WA0080400873
B1631451858396S04146244WA0081800887
B1631491858408S04146258WA0082900898
B1631531858396S04146284WA0083500906
B1631571858374S04146296WA0084700921
B1632011858354S04146288WA0085300927
B1632051858348S04146270WA0085900934
B1632091858360S04146254WA0086200935
B1632131858379S04146250WA0087200946
B1632171858394S04146260WA0088000953
B1632211858397S04146285WA0089600968
B1632251858392S04146305WA0091300987
B1632291858374S04146320WA0092401000
B1632331858356S04146313WA0093101006
B1632371858342S04146294WA0093701012
B1632411858341S04146274WA0094201018
B1632451858351S04146259WA0095001026
B1632491858369S04146254WA0096001035
B1632531858384S04146253WA0097201048
B1632571858400S04146268WA0098101055
B1633011858398S04146293WA0098601062
B1633051858403S04146317WA0099701073
B1633091858415S04146336WA0101301092
B1633131858434S04146351WA0103101110
B1633171858454S04146340WA0104101120
B1633211858448S04146320WA0105001129
B1633251858429S04146325WA0106001140
B1633291858423S04146346WA0107601158
B1633331858431S04146367WA0109201176
B1633371858455S04146374WA0110501188
B1633411858471S04146358WA0111001195
B1633451858463S04146339WA0111201195
B1633491858444S04146327WA0111401198
B1633531858424S04146327WA0112001204
B1633571858411S04146345WA0112901215
B1634011858402S04146367WA0113801224
B1634051858407S04146391WA0115001237
B1634091858430S04146396WA0116301252
B1634131858435S04146373WA0117001257
B1634171858420S04146359WA0118001269
B1634211858398S04146357WA0118701276
B1634251858381S04146368WA0119401285
B1634291858376S04146393WA0120601298
B1634331858388S04146414WA0122001313
B1634371858410S04146411WA0123301325
B1634411858423S04146395WA0124301335
B1634451858417S04146376WA0125101343
B1634491858396S04146378WA0125601349
B1634531858383S04146399WA0126301356
B1634571858381S04146422WA0127301367
B1635011858397S04146438WA0128201377
B1635051858412S04146424WA0128601380
B1635091858400S04146403WA0129101385
B1635131858377S04146401WA0129801393
B1635171858360S04146419WA0130501401
B1635211858367S04146446WA0131301409
B1635251858391S04146449WA0132101417
B1635291858398S04146428WA0132501420
B1635331858381S04146409WA0132601422
B1635371858357S04146415WA0133401429
B1635411858347S04146435WA0134301440
B1635451858346S04146462WA0134801446
B1635491858351S04146493WA0135801456
B1635531858356S04146521WA0136701467
B1635571858372S04146539WA0137001470
B1636011858396S04146526WA0137101469
B1636051858398S04146502WA0137101470
B1636091858381S04146490WA0137301472
B1636131858360S04146494WA0137701476
B1636171858346S04146515WA0138201482
B1636211858344S04146539WA0138501486
B1636251858345S04146567WA0138301483
B1636291858354S04146591WA0138701488
B1636331858363S04146616WA0138901489
B1636371858374S04146641WA0139401495
B1636411858382S04146666WA0139501494
B1636451858394S04146688WA0139801499
B1636491858403S04146710WA0139401491
B1636531858415S04146733WA0139001488
B1636571858427S04146756WA0138401480
B1637011858439S04146776WA0138001478
B1637051858451S04146798WA0137701473
B1637091858461S04146818WA0137201467
B1637131858478S04146842WA0136401458
B1637171858494S04146862WA0136001453
B1637211858510S04146884WA0135401446
B1637251858527S04146910WA0134201432
B1637291858542S04146939WA0133101421
B1637331858558S04146966WA0132001409
B1637371858572S04146996WA0130701396
B1637411858581S04147026WA0129601386
B1637451858589S04147056WA0128301371
B1637491858592S04147086WA0127701363
B1637531858587S04147110WA0126901357
B1637571858587S04147139WA0126001346
B1638011858590S04147170WA0125601342
B1638051858591S04147199WA0124601332
B1638091858599S04147230WA0124101327
B1638131858603S04147259WA0124501333
B1638171858603S04147291WA0124701334
B1638211858604S04147324WA0125101339
B1638251858603S04147358WA0125701344
B1638291858602S04147385WA0126801358
B1638331858603S04147410WA0127901370
B1638371858604S04147434WA0128901381
B1638411858604S04147461WA0129601388
B1638451858606S04147488WA0130701401
B1638491858606S04147513WA0131501410
B1638531858599S04147540WA0132201417
B1638571858593S04147565WA0132401419
B1639011858593S04147592WA0132501420
B1639051858597S04147616WA0132801424
B1639091858599S04147642WA0133001426
B1639131858600S04147671WA0132901422
B1639171858601S04147702WA0132701421
B1639211858606S04147734WA0132201415
B1639251858614S04147763WA0131501408
B1639291858625S04147791WA0130601399
B1639331858639S04147817WA0129901390
B1639371858658S04147838WA0128901379
B1639411858680S04147860WA0127801367
B1639451858702S04147879WA0126601354
B1639491858724S04147897WA0125901349
B1639531858747S04147915WA0125101338
B1639571858771S04147935WA0124201330
B1640011858797S04147953WA0123101319
B1640051858827S04147973WA0122101308
B1640091858855S04147994WA0123001318
B1640131858875S04148011WA0123801326
B1640171858903S04148029WA0124301331
B1640211858927S04148045WA0124701334
B1640251858953S04148062WA0124401332
B1640291858977S04148081WA0123801325
B1640331858998S04148105WA0123101318
B1640371859020S04148130WA0122301309
B1640411859045S04148158WA0121401298
B1640451859068S04148184WA0120801292
B1640491859092S04148211WA0120201286
B1640531859117S04148234WA0119401278
B1640571859143S04148258WA0118301267
B1641011859165S04148285WA0117601258
B1641051859185S04148311WA0116901251
B1641091859206S04148337WA0116101244
B1641131859227S04148363WA0115201233
B1641171859251S04148388WA0114501227
B1641211859274S04148412WA0113701216
B1641251859298S04148437WA0113001211
B1641291859321S04148464WA0112201202
B1641331859343S04148490WA0111401194
B1641371859365S04148514WA0110701188
B1641411859389S04148534WA0110101180
B1641451859416S04148556WA0109101167
B1641491859444S04148584WA0107901154
B1641531859468S04148614WA0106701141
B1641571859491S04148650WA0105401129
B1642011859511S04148681WA0104501121
B1642051859534S04148711WA0103401108
B1642091859558S04148741WA0102401097
B1642131859582S04148769WA0101301085
B1642171859610S04148794WA0100101072
B1642211859635S04148819WA0098901062
B1642251859659S04148843WA0097801049
B1642291859685S04148869WA0096301033
B1642331859712S04148893WA0094801018
B1642371859741S04148915WA0093401002
B1642411859770S04148938WA0092100989
B1642451859798S04148963WA0090800976
B1642491859826S04148988WA0089900965
B1642531859850S04149011WA0088600954
B1642571859877S04149030WA0087700943
B1643011859901S04149050WA0087000936
B1643051859927S04149069WA0086400931
B1643091859951S04149086WA0086900939
B1643131859972S04149102WA0087300944
B1643171859994S04149118WA0088000952
B1643211900017S04149135WA0088600956
B1643251900041S04149154WA0089100963
B1643291900066S04149175WA0089200962
B1643331900090S04149193WA0089200963
B1643371900116S04149213WA0089200963
B1643411900139S04149230WA0089500967
B1643451900161S04149251WA0089400966
B1643491900181S04149274WA0088900960
B1643531900202S04149294WA0088600958
B1643571900224S04149312WA0088300954
B1644011900246S04149332WA0088300955
B1644051900269S04149353WA0087500946
B1644091900300S04149375WA0087100941
B1644131900326S04149395WA0087000938
B1644171900349S04149421WA0086200932
B1644211900375S04149447WA0085300922
B1644251900397S04149473WA0084100910
B1644291900422S04149503WA0082800894
B1644331900440S04149531WA0082100888
B1644371900457S04149556WA0081300880
B1644411900475S04149583WA0080100866
B1644451900490S04149610WA0079500861
B1644491900507S04149638WA0078800853
B1644531900523S04149665WA0078200848
B1644571900539S04149693WA0077400838
B1645011900557S04149718WA0076600831
B1645051900575S04149748WA0075700820
B1645091900592S04149774WA0075100815
B1645131900610S04149801WA0074000803
B1645171900626S04149829WA0073600798
B1645211900641S04149855WA0073200794
B1645251900653S04149881WA0073300794
B1645291900661S04149907WA0073600798
B1645331900673S04149932WA0073800799
B1645371900687S04149961WA0073900800
B1645411900702S04149986WA0073900800
B1645451900712S04150009WA0073100791
B1645491900723S04150034WA0072300782
B1645531900730S04150061WA0070900767
B1645571900742S04150086WA0069800757
B1646011900752S04150107WA0068400741
B1646051900764S04150135WA0067000726
B1646091900778S04150157WA0065900714
B1646131900794S04150179WA0064200697
B1646171900807S04150205WA0062800682
B1646211900816S04150229WA0061500671
B1646251900829S04150255WA0060600661
B1646291900842S04150279WA0060100657
B1646331900858S04150304WA0059700652
B1646371900871S04150328WA0059600651
B1646411900884S04150351WA0059400650
B1646451900898S04150373WA0059000647
B1646491900916S04150399WA0058500640
B1646531900931S04150420WA0058400639
B1646571900947S04150442WA0057900635
B1647011900968S04150462WA0057600631
B1647051900985S04150483WA0057700633
B1647091901005S04150503WA0057700633
B1647131901027S04150519WA0057700633
B1647171901049S04150534WA0057500631
B1647211901069S04150553WA0057100627
B1647251901088S04150573WA0056900625
B1647291901108S04150596WA0056700622
B1647331901130S04150614WA0056700622
B1647371901147S04150637WA0056700622
B1647411901151S04150661WA0057400629
B1647451901155S04150687WA0057800634
B1647491901159S04150711WA0058300641
B1647531901176S04150729WA0058700645
B1647571901196S04150718WA0059000646
B1648011901187S04150700WA0059600653
B1648051901168S04150706WA0060300661
B1648091901165S04150728WA0060700666
B1648131901182S04150745WA0061200670
B1648171901200S04150736WA0062000679
B1648211901199S04150718WA0062500684
B1648251901185S04150705WA0063000689
B1648291901169S04150713WA0063400694
B1648331901157S04150730WA0063900701
B1648371901151S04150751WA0064300705
B1648411901165S04150769WA0064700708
B1648451901187S04150771WA0065000710
B1648491901209S04150772WA0065400714
B1648531901228S04150777WA0065300714
B1648571901251S04150774WA0065000709
B1649011901271S04150772WA0065100711
B1649051901288S04150761WA0065600715
B1649091901299S04150745WA0066200720
B1649131901304S04150726WA0066800727
B1649171901308S04150704WA0067000728
B1649211901310S04150685WA0067300732
B1649251901311S04150663WA0067600735
B1649291901307S04150643WA0067400733
B1649331901304S04150618WA0067100728
B1649371901307S04150594WA0066900727
B1649411901307S04150569WA0066900727
B1649451901301S04150546WA0067300731
B1649491901292S04150528WA0067800736
B1649531901277S04150512WA0068000738
B1649571901255S04150521WA0068700744
B1650011901258S04150543WA0069700755
B1650051901276S04150553WA0070600766
B1650091901289S04150541WA0071500775
B1650131901280S04150523WA0071600776
B1650171901258S04150513WA0072000781
B1650211901239S04150519WA0072800790
B1650251901232S04150538WA0073500798
B1650291901249S04150552WA0074500808
B1650331901265S04150543WA0075400819
B1650371901266S04150521WA0075800822
B1650411901251S04150502WA0076300827
B1650451901229S04150493WA0076900834
B1650491901206S04150498WA0077900845
B1650531901186S04150507WA0079300860
B1650571901177S04150528WA0080500874
B1651011901190S04150545WA0081500885
B1651051901205S04150534WA0082700898
B1651091901195S04150514WA0083800907
B1651131901173S04150514WA0085200923
B1651171901160S04150533WA0086200934
B1651211901163S04150554WA0087100943
B1651251901184S04150565WA0087900952
B1651291901201S04150549WA0088800961
B1651331901195S04150527WA0089800973
B1651371901172S04150520WA0090900984
B1651411901154S04150528WA0092200998
B1651451901150S04150550WA0093001006
B1651491901173S04150555WA0093901016
B1651531901181S04150534WA0094801024
B1651571901166S04150517WA0095801035
B1652011901143S04150522WA0096801046
B1652051901135S04150541WA0097601054
B1652091901144S04150562WA0098501063
B1652131901169S04150562WA0099201070
B1652171901184S04150545WA0100201081
B1652211901180S04150520WA0100901088
B1652251901163S04150504WA0101701097
B1652291901141S04150505WA0102401105
B1652331901127S04150523WA0103201113
B1652371901118S04150540WA0104101124
B1652411901108S04150559WA0105401137
B1652451901104S04150584WA0106601148
B1652491901109S04150605WA0108401169
B1652531901126S04150619WA0109501179
B1652571901141S04150602WA0109801183
B1653011901131S04150579WA0110401188
B1653051901111S04150568WA0111901205
B1653091901092S04150572WA0112901216
B1653131901074S04150588WA0114001228
B1653171901059S04150606WA0115201240
B1653211901048S04150632WA0116301251
B1653251901038S04150658WA0118101271
B1653291901033S04150681WA0120001291
B1653331901045S04150697WA0121001302
B1653371901055S04150676WA0121401305
B1653411901036S04150660WA0123001323
B1653451901013S04150658WA0124801342
B1653491900988S04150670WA0126301357
B1653531900975S04150693WA0127601371
B1653571900978S04150719WA0129001384
B1654011900994S04150728WA0130601401
B1654051901003S04150711WA0132001414
B1654091900991S04150691WA0133701432
B1654131900969S04150685WA0135301449
B1654171900949S04150702WA0136601465
B1654211900942S04150730WA0138101480
B1654251900949S04150754WA0139601495
B1654291900965S04150762WA0141201512
B1654331900971S04150746WA0142501524
B1654371900955S04150732WA0144401545
B1654411900933S04150748WA0146001561
B1654451900922S04150773WA0147501578
B1654491900922S04150801WA0148601589
B1654531900935S04150813WA0148801591
B1654571900954S04150811WA0148701590
B1655011900966S04150796WA0148701590
B1655051900961S04150772WA0149001591
B1655091900942S04150756WA0150301607
B1655131900923S04150743WA0152101625
B1655171900905S04150735WA0153801644
B1655211900883S04150740WA0155101657
B1655251900879S04150769WA0156601673
B1655291900897S04150769WA0158101687
B1655331900882S04150759WA0159401700
B1655371900865S04150782WA0160801717
B1655411900878S04150806WA0162301732
B1655451900889S04150796WA0163901749
B1655491900871S04150789WA0165201764
B1655531900851S04150809WA0166701779
B1655571900846S04150842WA0168101794
B1656011900845S04150876WA0169701809
B1656051900844S04150912WA0170901823
B1656091900844S04150944WA0171801831
B1656131900854S04150969WA0171801829
B1656171900864S04150997WA0172201833
B1656211900871S04151018WA0172801840
B1656251900878S04151048WA0173301843
B1656291900884S04151072WA0173501845
B1656331900893S04151109WA0172601833
B1656371900903S04151141WA0172101829
B1656411900919S04151171WA0171001815
B1656451900937S04151198WA0170401811
B1656491900951S04151226WA0169701804
B1656531900968S04151257WA0169101794
B1656571900985S04151290WA0168201785
B1657011901003S04151321WA0167701781
B1657051901021S04151352WA0167001775
B1657091901039S04151382WA0166201765
B1657131901057S04151414WA0165301756
B1657171901074S04151443WA0164401748
B1657211901083S04151473WA0163901744
B1657251901100S04151499WA0163301736
B1657291901112S04151523WA0162901734
B1657331901127S04151550WA0161901721
B1657371901143S04151584WA0161101712
B1657411901159S04151615WA0160501707
B1657451901178S04151643WA0160201705
B1657491901196S04151668WA0160201705
B1657531901212S04151693WA0160201705
B1657571901226S04151720WA0160501711
B1658011901244S04151744WA0160501709
B1658051901261S04151769WA0160701712
B1658091901281S04151796WA0160501709
B1658131901301S04151825WA0160901715
B1658171901319S04151854WA0161301719
B1658211901336S04151884WA0161601720
B1658251901348S04151913WA0161201715
B1658291901365S04151945WA0159901702
B1658331901384S04151977WA0158801690
B1658371901401S04152006WA0157901680
B1658411901416S04152034WA0157201673
B1658451901436S04152062WA0156501665
B1658491901456S04152095WA0156401664
B1658531901470S04152124WA0155601654
B1658571901490S04152159WA0154401643
B1659011901508S04152192WA0153801634
B1659051901525S04152223WA0152901626
B1659091901540S04152252WA0151601612
B1659131901556S04152278WA0150501603
B1659171901574S04152307WA0149501592
B1659211901592S04152338WA0149001586
B1659251901609S04152371WA0148701585
B1659291901624S04152403WA0148401581
B1659331901639S04152437WA0147901575
B1659371901654S04152469WA0147301571
B1659411901671S04152501WA0146701563
B1659451901688S04152534WA0146501561
B1659491901706S04152563WA0146601563
B1659531901726S04152597WA0146001556
B1659571901740S04152632WA0146201560
B1700011901755S04152664WA0146301561
B1700051901772S04152697WA0146701566
B1700091901785S04152730WA0147001569
B1700131901799S04152764WA0146801565
B1700171901812S04152803WA0146501560
B1700211901822S04152839WA0146001558
B1700251901832S04152876WA0145201547
B1700291901843S04152914WA0144201538
B1700331901857S04152948WA0143201528
B1700371901870S04152988WA0141801510
B1700411901883S04153028WA0140701500
B1700451901902S04153063WA0139701489
B1700491901922S04153101WA0138601476
B1700531901941S04153137WA0137901472
B1700571901961S04153172WA0137201465
B1701011901978S04153211WA0136201453
B1701051901991S04153250WA0135301445
B1701091901997S04153286WA0134401436
B1701131902001S04153307WA0133701429
B1701171902009S04153335WA0132301414
B1701211902019S04153358WA0131301404
B1701251902040S04153387WA0130101389
B1701291902062S04153414WA0130801397
B1701331902083S04153441WA0131501404
B1701371902108S04153466WA0132001407
B1701411902127S04153489WA0131501405
B1701451902149S04153515WA0130701395
B1701491902172S04153540WA0129701385
B1701531902193S04153567WA0129301381
B1701571902214S04153591WA0128801375
B1702011902239S04153614WA0128401371
B1702051902258S04153633WA0128901377
B1702091902271S04153651WA0129801387
B1702131902286S04153673WA0130701397
B1702171902301S04153690WA0131701407
B1702211902319S04153711WA0132401415
B1702251902340S04153727WA0132901419
B1702291902364S04153743WA0132901420
B1702331902387S04153759WA0132901419
B1702371902407S04153775WA0132701417
B1702411902430S04153798WA0132601416
B1702451902452S04153822WA0132801418
B1702491902478S04153845WA0133901429
B1702531902496S04153870WA0135201444
B1702571902517S04153895WA0136301453
B1703011902530S04153916WA0137301466
B1703051902542S04153937WA0137901471
B1703091902556S04153957WA0138301476
B1703131902577S04153973WA0138401476
B1703171902597S04153987WA0139201485
B1703211902615S04154006WA0139701489
B1703251902637S04154026WA0140201493
B1703291902657S04154047WA0140001491
B1703331902674S04154072WA0139401486
B1703371902689S04154101WA0138701479
B1703411902711S04154127WA0138101473
B1703451902733S04154149WA0137201464
B1703491902760S04154176WA0135901448
B1703531902787S04154208WA0135101435
B1703571902803S04154236WA0135001441
B1704011902821S04154267WA0134101427
B1704051902842S04154294WA0132601415
B1704091902863S04154325WA0131001396
B1704131902885S04154357WA0129401381
B1704171902902S04154391WA0128201369
B1704211902918S04154424WA0127201357
B1704251902938S04154462WA0125901342
B1704291902948S04154500WA0125001335
B1704331902967S04154534WA0123801321
B1704371902994S04154563WA0122801311
B1704411903017S04154590WA0122101304
B1704451903031S04154623WA0121001292
B1704491903042S04154645WA0120401289
B1704531903063S04154665WA0119501278
B1704571903082S04154683WA0119201275
B1705011903101S04154706WA0118701269
B1705051903123S04154728WA0118101263
B1705091903148S04154747WA0117601259
B1705131903175S04154758WA0117001252
B1705171903206S04154772WA0115901241
B1705211903236S04154785WA0115201234
B1705251903266S04154796WA0114301224
B1705291903299S04154809WA0113701218
B1705331903329S04154822WA0112801209
B1705371903357S04154839WA0111901200
B1705411903385S04154856WA0111001190
B1705451903411S04154877WA0110401185
B1705491903438S04154893WA0109701177
B1705531903468S04154908WA0109001170
B1705571903498S04154925WA0108301162
B1706011903523S04154936WA0108001159
B1706051903543S04154932WA0107201151
B1706091903555S04154917WA0106401143
B1706131903554S04154898WA0105501133
B1706171903543S04154885WA0104701126
B1706211903529S04154871WA0103701115
B1706251903511S04154857WA0102601101
B1706291903491S04154840WA0101501090
B1706331903474S04154827WA0100601081
B1706371903458S04154811WA0099701072
B1706411903440S04154793WA0098501059
B1706451903420S04154775WA0097601051
B1706491903399S04154760WA0096601040
B1706531903379S04154740WA0095701030
B1706571903361S04154724WA0095001022
B1707011903342S04154708WA0094101013
B1707051903321S04154693WA0093301004
B1707091903299S04154679WA0092300994
B1707131903276S04154668WA0091500987
B1707171903255S04154655WA0090600977
B1707211903232S04154639WA0089600967
B1707251903210S04154628WA0088900960
B1707291903181S04154622WA0088000949
B1707331903146S04154619WA0086900935
B1707371903112S04154616WA0085900926
B1707411903078S04154610WA0084600913
B1707451903045S04154605WA0083500900
B1707491903012S04154599WA0082300887
B1707531902977S04154592WA0080900872
B1707571902942S04154588WA0079500858
B1708011902906S04154583WA0078100844
B1708051902869S04154577WA0076800829
B1708091902833S04154577WA0075700819
B1708131902796S04154576WA0074600806
B1708171902757S04154578WA0073700797
B1708211902722S04154580WA0073000790
B1708251902686S04154578WA0072200782
B1708291902651S04154573WA0071800779
B1708331902619S04154568WA0071500774
B1708371902587S04154558WA0071000769
B1708411902558S04154546WA0070700767
B1708451902533S04154539WA0070700769
B1708491902506S04154526WA0070400764
B1708531902478S04154515WA0070200762
B1708571902451S04154500WA0070000761
B1709011902427S04154482WA0070100762
B1709051902404S04154468WA0070200763
B1709091902382S04154452WA0070000761
B1709131902358S04154439WA0069500756
B1709171902334S04154422WA0069000752
B1709211902313S04154404WA0068700748
B1709251902292S04154385WA0068400744
B1709291902270S04154368WA0069100751
B1709331902255S04154357WA0068900752
B1709371902236S04154341WA0068400745
B1709411902216S04154324WA0068400745
B1709451902197S04154305WA0068300743
B1709491902178S04154285WA0068200742
B1709531902164S04154264WA0068200741
B1709571902152S04154244WA0068500745
B1710011902140S04154222WA0068800747
B1710051902129S04154201WA0069100750
B1710091902115S04154178WA0068900746
B1710131902102S04154152WA0069000747
B1710171902090S04154130WA0069600754
B1710211902074S04154112WA0070300764
B1710251902057S04154095WA0070800770
B1710291902044S04154078WA0071300774
B1710331902031S04154063WA0071600777
B1710371902019S04154050WA0071800778
B1710411902009S04154037WA0072300786
B1710451901998S04154020WA0072600788
B1710491901985S04154008WA0073000793
B1710531901974S04153990WA0073700799
B1710571901965S04153973WA0074600809
B1711011901956S04153955WA0075600820
B1711051901945S04153942WA0076700832
B1711091901924S04153937WA0077500841
B1711131901905S04153956WA0078500852
B1711171901916S04153982WA0079100858
B1711211901938S04153985WA0080200869
B1711251901954S04153980WA0081100879
B1711291901963S04153964WA0081800885
B1711331901960S04153943WA0082900897
B1711371901949S04153926WA0083500903
B1711411901939S04153905WA0084200911
B1711451901929S04153886WA0085100920
B1711491901914S04153874WA0086000929
B1711531901892S04153880WA0086300932
B1711571901877S04153901WA0087000941
B1712011901878S04153928WA0087700947
B1712051901897S04153945WA0088600958
B1712091901919S04153944WA0089100963
B1712131901933S04153929WA0089700969
B1712171901931S04153905WA0090400976
B1712211901923S04153887WA0091200984
B1712251901904S04153875WA0091400986
B1712291901880S04153887WA0091200984
B1712331901868S04153914WA0091700990
B1712371901867S04153944WA0092200996
B1712411901868S04153976WA0093101005
B1712451901871S04154006WA0093801012
B1712491901876S04154038WA0094301018
B1712531901884S04154070WA0094801023
B1712571901893S04154099WA0095701033
B1713011901903S04154128WA0096301039
B1713051901916S04154160WA0097001046
B1713091901928S04154189WA0098201059
B1713131901950S04154196WA0099301071
B1713171901956S04154174WA0100101079
B1713211901939S04154163WA0101401093
B1713251901916S04154166WA0102601106
B1713291901896S04154184WA0103901120
B1713331901889S04154213WA0105001132
B1713371901894S04154238WA0106101143
B1713411901905S04154262WA0106701149
B1713451901924S04154280WA0107101153
B1713491901946S04154290WA0107701160
B1713531901962S04154280WA0108501168
B1713571901961S04154262WA0109401177
B1714011901941S04154262WA0110301187
B1714051901929S04154285WA0111001196
B1714091901939S04154312WA0111601201
B1714131901962S04154321WA0112501211
B1714171901979S04154312WA0114001227
B1714211901971S04154299WA0115201240
B1714251901951S04154303WA0116101250
B1714291901943S04154330WA0116801257
B1714331901962S04154350WA0117901269
B1714371901981S04154347WA0119301283
B1714411901975S04154332WA0120401294
B1714451901957S04154333WA0121601307
B1714491901940S04154354WA0122401315
B1714531901950S04154384WA0123301324
B1714571901971S04154396WA0124701340
B1715011901986S04154389WA0125801350
B1715051901985S04154373WA0126901362
B1715091901970S04154366WA0127901373
B1715131901948S04154381WA0128701381
B1715171901948S04154412WA0129701391
B1715211901968S04154426WA0130801404
B1715251901980S04154414WA0131901414
B1715291901972S04154400WA0132801423
B1715331901952S04154396WA0133501432
B1715371901931S04154415WA0134601443
B1715411901935S04154446WA0135601454
B1715451901956S04154459WA0136701465
B1715491901971S04154451WA0137801477
B1715531901971S04154436WA0138601485
B1715571901965S04154420WA0139201490
B1716011901954S04154404WA0139901498
B1716051901934S04154397WA0140601505
B1716091901914S04154415WA0141701517
B1716131901920S04154443WA0142901531
B1716171901940S04154457WA0144101543
B1716211901955S04154447WA0144901552
B1716251901947S04154431WA0145701558
B1716291901937S04154413WA0146401566
B1716331901930S04154393WA0147301575
B1716371901923S04154375WA0148501587
B1716411901905S04154372WA0149301596
B1716451901889S04154397WA0149901603
B1716491901902S04154423WA0150701613
B1716531901926S04154423WA0151601620
B1716571901943S04154411WA0152601632
B1717011901956S04154394WA0153401640
B1717051901943S04154382WA0154301649
B1717091901923S04154397WA0154801655
B1717131901926S04154428WA0155501663
B1717171901949S04154443WA0156401672
B1717211901967S04154437WA0157201680
B1717251901968S04154419WA0157801686
B1717291901948S04154416WA0158601695
B1717331901932S04154437WA0159101700
B1717371901938S04154467WA0159701706
B1717411901961S04154481WA0160301713
B1717451901986S04154481WA0161001720
B1717491902001S04154470WA0161501726
B1717531902003S04154446WA0161801728
B1717571901998S04154426WA0162401734
B1718011901982S04154415WA0162601736
B1718051901967S04154435WA0162901740
B1718091901982S04154461WA0163401745
B1718131902007S04154466WA0164201753
B1718171902021S04154452WA0164401755
B1718211902017S04154428WA0164201752
B1718251902006S04154411WA0164601757
B1718291901992S04154394WA0164501754
B1718331901980S04154371WA0164701756
B1718371901966S04154353WA0165001758
B1718411901951S04154332WA0165201760
B1718451901937S04154313WA0165201762
B1718491901921S04154293WA0164901758
B1718531901909S04154268WA0164101748
B1718571901899S04154243WA0163101738
B1719011901880S04154223WA0161701723
B1719051901859S04154202WA0160501711
B1719091901835S04154183WA0159801703
B1719131901812S04154167WA0158901695
B1719171901786S04154150WA0158101685
B1719211901763S04154135WA0157101676
B1719251901737S04154115WA0155901660
B1719291901708S04154093WA0154901649
B1719331901686S04154071WA0154201644
B1719371901660S04154048WA0153201631
B1719411901634S04154027WA0152301623
B1719451901610S04154008WA0151301614
B1719491901584S04153989WA0150201601
B1719531901559S04153970WA0149101589
B1719571901533S04153948WA0147901576
B1720011901506S04153923WA0147101565
B1720051901483S04153897WA0147201568
B1720091901461S04153874WA0146801564
B1720131901435S04153852WA0146001553
B1720171901408S04153832WA0145301547
B1720211901381S04153814WA0144401537
B1720251901356S04153793WA0143101524
B1720291901332S04153770WA0142101514
B1720331901306S04153750WA0141601508
B1720371901280S04153733WA0141501509
B1720411901260S04153713WA0141701511
B1720451901241S04153692WA0141601509
B1720491901223S04153669WA0141601510
B1720531901206S04153647WA0141401508
B1720571901188S04153627WA0141101503
B1721011901173S04153611WA0141401508
B1721051901158S04153597WA0141501511
B1721091901140S04153586WA0141701513
B1721131901126S04153573WA0141701513
B1721171901111S04153558WA0141701513
B1721211901100S04153543WA0142101516
B1721251901088S04153526WA0142201519
B1721291901079S04153509WA0142601523
B1721331901072S04153490WA0142901526
B1721371901057S04153475WA0143001528
B1721411901041S04153458WA0142901525
B1721451901024S04153443WA0142901527
B1721491901005S04153425WA0142801525
B1721531900988S04153413WA0142701525
B1721571900968S04153394WA0142401521
B1722011900949S04153378WA0142401522
B1722051900929S04153360WA0142701525
B1722091900911S04153343WA0142901527
B1722131900893S04153325WA0143101530
B1722171900876S04153304WA0143401532
B1722211900861S04153284WA0143801538
B1722251900845S04153267WA0143601536
B1722291900829S04153249WA0142901528
B1722331900815S04153229WA0142001519
B1722371900802S04153209WA0141301511
B1722411900790S04153188WA0140301501
B1722451900779S04153167WA0139301490
B1722491900765S04153146WA0138701484
B1722531900745S04153130WA0138201479
B1722571900724S04153117WA0137701473
B1723011900703S04153105WA0137301470
B1723051900678S04153093WA0136801464
B1723091900656S04153084WA0136601463
B1723131900633S04153076WA0136101458
B1723171900611S04153065WA0135601452
B1723211900593S04153050WA0135401450
B1723251900575S04153035WA0135201448
B1723291900552S04153025WA0135501452
B1723331900530S04153013WA0135601453
B1723371900508S04152996WA0135801455
B1723411900489S04152981WA0136301460
B1723451900473S04152965WA0136601464
B1723491900453S04152952WA0136901467
B1723531900433S04152941WA0137601475
B1723571900411S04152934WA0138001479
B1724011900388S04152930WA0138201481
B1724051900366S04152925WA0138401485
B1724091900342S04152929WA0138501484
B1724131900321S04152946WA0138701488
B1724171900315S04152972WA0138701487
B1724211900328S04152989WA0138601486
B1724251900346S04152984WA0138701487
B1724291900358S04152966WA0139001490
B1724331900357S04152946WA0139701497
B1724371900351S04152927WA0139901499
B1724411900338S04152911WA0139901499
B1724451900315S04152900WA0139801498
B1724491900288S04152893WA0140101500
B1724531900259S04152888WA0141001509
B1724571900231S04152888WA0142101520
B1725011900207S04152906WA0143101533
B1725051900211S04152930WA0143401536
B1725091900224S04152926WA0143801539
B1725131900220S04152909WA0144601547
B1725171900202S04152900WA0145701559
B1725211900181S04152893WA0146001564
B1725251900152S04152906WA0146101563
B1725291900127S04152926WA0147001573
B1725331900110S04152947WA0147601580
B1725371900116S04152973WA0147901582
B1725411900129S04152969WA0148301587
B1725451900113S04152951WA0148701591
B1725491900084S04152946WA0149201596
B1725531900058S04152953WA0149801602
B1725571900028S04152958WA0149801602
B1726011859998S04152956WA0150101606
B1726051859970S04152952WA0150101606
B1726091859940S04152947WA0150001602
B1726131859906S04152943WA0149901604
B1726171859874S04152940WA0149701600
B1726211859840S04152936WA0149201595
B1726251859806S04152931WA0148601586
B1726291859773S04152924WA0147801580
B1726331859742S04152913WA0147101571
B1726371859710S04152904WA0146301565
B1726411859679S04152895WA0146001562
B1726451859647S04152890WA0145901560
B1726491859614S04152883WA0145101550
B1726531859579S04152875WA0144101541
B1726571859548S04152861WA0143101532
B1727011859517S04152851WA0142301522
B1727051859484S04152843WA0141201511
B1727091859453S04152834WA0140401504
B1727131859420S04152832WA0139401493
B1727171859385S04152829WA0138801487
B1727211859354S04152831WA0138501485
B1727251859321S04152829WA0137901478
B1727291859288S04152829WA0137501475
B1727331859255S04152832WA0136901467
B1727371859223S04152832WA0136401463
B1727411859192S04152830WA0135801456
B1727451859161S04152827WA0135101449
B1727491859132S04152821WA0134501442
B1727531859104S04152816WA0133801434
B1727571859079S04152810WA0133101428
B1728011859057S04152807WA0132701424
B1728051859037S04152802WA0132201420
B1728091859018S04152800WA0131701413
B1728131858999S04152797WA0131001407
B1728171858980S04152795WA0130401400
B1728211858959S04152794WA0129501389
B1728251858937S04152794WA0128701382
B1728291858918S04152797WA0127901374
B1728331858898S04152793WA0126801363
B1728371858879S04152792WA0125801352
B1728411858858S04152787WA0124701339
B1728451858842S04152780WA0124001333
B1728491858824S04152771WA0122801321
B1728531858807S04152764WA0121801310
B1728571858789S04152755WA0121001302
B1729011858770S04152747WA0120701298
B1729051858755S04152742WA0120701298
B1729091858737S04152736WA0120201293
B1729131858719S04152733WA0119501286
B1729171858699S04152727WA0118701277
B1729211858683S04152719WA0117901269
B1729251858669S04152711WA0117201261
B1729291858654S04152700WA0116501254
B1729331858643S04152688WA0115901246
B1729371858631S04152675WA0115101238
B1729411858619S04152665WA0114401231
B1729451858605S04152655WA0113501221
B1729491858588S04152645WA0112701211
B1729531858575S04152636WA0111901204
B1729571858559S04152627WA0110901193
B1730011858546S04152615WA0109901182
B1730051858534S04152600WA0109001172
B1730091858524S04152583WA0108101162
B1730131858512S04152566WA0107301153
B1730171858502S04152551WA0106401146
B1730211858491S04152535WA0105601136
B1730251858481S04152521WA0104901130
B1730291858475S04152504WA0104101121
B1730331858464S04152490WA0103601116
B1730371858454S04152474WA0103001109
B1730411858444S04152459WA0102601105
B1730451858439S04152442WA0101601095
B1730491858435S04152423WA0100901087
B1730531858431S04152403WA0099901077
B1730571858423S04152382WA0099001067
B1731011858415S04152361WA0098301060
B1731051858411S04152341WA0097601052
B1731091858411S04152318WA0096801042
B1731131858414S04152300WA0096301038
B1731171858415S04152283WA0095701031
B1731211858416S04152264WA0095401029
B1731251858417S04152244WA0095101025
B1731291858420S04152226WA0095101025
B1731331858424S04152207WA0094701021
B1731371858429S04152191WA0094801022
B1731411858434S04152172WA0094601020
B1731451858439S04152157WA0094701021
B1731491858449S04152141WA0095101025
B1731531858464S04152130WA0095501030
B1731571858477S04152115WA0095401028
B1732011858493S04152102WA0095401029
B1732051858505S04152088WA0095101025
B1732091858515S04152070WA0094601019
B1732131858521S04152051WA0094201016
B1732171858528S04152029WA0093801011
B1732211858536S04152008WA0093601009
B1732251858540S04151987WA0093101005
B1732291858541S04151967WA0092600999
B1732331858550S04151948WA0091800991
B1732371858566S04151937WA0091400987
B1732411858582S04151923WA0090800979
B1732451858589S04151904WA0089900971
B1732491858592S04151882WA0089100962
B1732531858597S04151862WA0088600956
B1732571858599S04151839WA0087900949
B1733011858599S04151817WA0087400945
B1733051858601S04151795WA0086500934
B1733091858608S04151772WA0086000929
B1733131858618S04151751WA0085500923
B1733171858630S04151734WA0085900929
B1733211858648S04151721WA0086600936
B1733251858661S04151709WA0087300945
B1733291858668S04151692WA0088100951
B1733331858654S04151684WA0088400955
B1733371858639S04151699WA0088900960
B1733411858646S04151725WA0089200964
B1733451858669S04151738WA0089900970
B1733491858687S04151738WA0090500977
B1733531858704S04151730WA0090900981
B1733571858707S04151714WA0091000983
B1734011858692S04151700WA0091000982
B1734051858680S04151683WA0091200985
B1734091858672S04151670WA0092000992
B1734131858659S04151659WA0091900990
B1734171858650S04151644WA0092901003
B1734211858639S04151639WA0094301018
B1734251858626S04151649WA0095201029
B1734291858639S04151673WA0096001035
B1734331858664S04151675WA0097001046
B1734371858674S04151663WA0098101058
B1734411858662S04151658WA0099001067
B1734451858656S04151681WA0099901077
B1734491858681S04151697WA0100701085
B1734531858697S04151687WA0101901098
B1734571858693S04151673WA0102601105
B1735011858676S04151682WA0103301112
B1735051858679S04151708WA0104101122
B1735091858705S04151722WA0104901129
B1735131858727S04151716WA0106001142
B1735171858727S04151699WA0106601147
B1735211858710S04151704WA0107201154
B1735251858717S04151732WA0107801161
B1735291858745S04151739WA0108501168
B1735331858763S04151728WA0109201175
B1735371858764S04151710WA0109101174
B1735411858748S04151695WA0109201174
B1735451858731S04151689WA0109701179
B1735491858718S04151674WA0109901182
B1735531858703S04151660WA0110501189
B1735571858684S04151646WA0110701190
B1736011858670S04151632WA0111401200
B1736051858657S04151619WA0112101206
B1736091858646S04151603WA0113201219
B1736131858637S04151588WA0114001227
B1736171858619S04151594WA0114701235
B1736211858628S04151622WA0115301240
B1736251858656S04151625WA0116001248
B1736291858663S04151605WA0116801255
B1736331858646S04151594WA0117201260
B1736371858625S04151591WA0118101270
B1736411858608S04151603WA0118901279
B1736451858619S04151627WA0119501285
B1736491858643S04151626WA0120401293
B1736531858644S04151605WA0121101301
B1736571858623S04151603WA0121701308
B1737011858608S04151624WA0122501316
B1737051858623S04151646WA0123201323
B1737091858643S04151638WA0123701329
B1737131858637S04151617WA0124201334
B1737171858615S04151614WA0125001342
B1737211858597S04151631WA0125801352
B1737251858599S04151660WA0126801361
B1737291858609S04151684WA0127401369
B1737331858636S04151690WA0127801371
B1737371858647S04151675WA0128701382
B1737411858638S04151659WA0128701381
B1737451858615S04151653WA0129101387
B1737491858594S04151666WA0129901394
B1737531858577S04151689WA0130601401
B1737571858576S04151718WA0131401410
B1738011858584S04151745WA0132101418
B1738051858586S04151771WA0132401421
B1738091858596S04151800WA0132901426
B1738131858612S04151825WA0133401430
B1738171858633S04151845WA0133801434
B1738211858657S04151852WA0134301440
B1738251858670S04151839WA0134801445
B1738291858661S04151827WA0135401453
B1738331858642S04151838WA0135701455
B1738371858638S04151866WA0136001458
B1738411858647S04151895WA0136301462
B1738451858650S04151925WA0136701466
B1738491858646S04151954WA0137201471
B1738531858644S04151988WA0137801476
B1738571858652S04152017WA0138401483
B1739011858670S04152045WA0138801485
B1739051858696S04152062WA0139501494
B1739091858723S04152076WA0140401503
B1739131858750S04152085WA0141601516
B1739171858774S04152079WA0142601526
B1739211858768S04152068WA0143501536
B1739251858752S04152090WA0144401547
B1739291858759S04152125WA0145301556
B1739331858774S04152158WA0146501568
B1739371858798S04152180WA0147601579
B1739411858822S04152197WA0148501589
B1739451858846S04152193WA0149001593
B1739491858850S04152180WA0149401599
B1739531858834S04152173WA0149601600
B1739571858815S04152177WA0150301608
B1740011858797S04152184WA0151001616
B1740051858777S04152194WA0151601622
B1740091858756S04152203WA0152501632
B1740131858737S04152211WA0153401641
B1740171858723S04152230WA0154001648
B1740211858741S04152253WA0154701654
B1740251858760S04152244WA0155601663
B1740291858749S04152234WA0156501674
B1740331858731S04152252WA0157101681
B1740371858744S04152281WA0157901688
B1740411858770S04152282WA0159001701
B1740451858779S04152266WA0160001711
B1740491858763S04152262WA0160601716
B1740531858745S04152278WA0161201723
B1740571858746S04152310WA0161901731
B1741011858767S04152336WA0163001741
B1741051858792S04152359WA0164101753
B1741091858813S04152383WA0165101764
B1741131858837S04152403WA0165701769
B1741171858864S04152413WA0166201774
B1741211858883S04152404WA0166501777
B1741251858880S04152395WA0166601779
B1741291858868S04152389WA0166701780
B1741331858854S04152383WA0167001782
B1741371858839S04152385WA0167901792
B1741411858826S04152400WA0168901802
B1741451858841S04152430WA0169701810
B1741491858861S04152419WA0170501820
B1741531858859S04152408WA0171401830
B1741571858849S04152396WA0171801833
B1742011858835S04152389WA0172101837
B1742051858817S04152383WA0172101836
B1742091858797S04152381WA0172501840
B1742131858777S04152372WA0173601851
B1742171858765S04152357WA0173701853
B1742211858743S04152342WA0173901855
B1742251858730S04152323WA0173901855
B1742291858709S04152304WA0173901853
B1742331858685S04152288WA0173701852
B1742371858660S04152276WA0173801851
B1742411858638S04152262WA0173801851
B1742451858617S04152245WA0173901851
B1742491858595S04152231WA0174701859
B1742531858570S04152220WA0175001862
B1742571858545S04152208WA0175501867
B1743011858525S04152196WA0176101875
B1743051858502S04152184WA0176501878
B1743091858476S04152173WA0176701880
B1743131858450S04152162WA0176401878
B1743171858423S04152150WA0175901873
B1743211858398S04152133WA0175501869
B1743251858369S04152117WA0175201865
B1743291858339S04152101WA0174901863
B1743331858307S04152087WA0174601861
B1743371858274S04152075WA0174301855
B1743411858246S04152064WA0174301857
B1743451858217S04152052WA0173101844
B1743491858182S04152033WA0171901830
B1743531858152S04152013WA0171101824
B1743571858119S04151994WA0170101811
B1744011858087S04151979WA0169501807
B1744051858056S04151967WA0168601797
B1744091858022S04151956WA0167201783
B1744131857985S04151949WA0165801769
B1744171857946S04151940WA0164401754
B1744211857909S04151931WA0163301743
B1744251857869S04151923WA0162001729
B1744291857832S04151915WA0161201719
B1744331857797S04151906WA0160301711
B1744371857758S04151900WA0159601703
B1744411857720S04151892WA0159001698
B1744451857683S04151884WA0158201687
B1744491857645S04151876WA0157401678
B1744531857608S04151867WA0156701672
B1744571857572S04151858WA0155901663
B1745011857539S04151852WA0154801653
B1745051857501S04151843WA0153501638
B1745091857467S04151836WA0152901634
B1745131857432S04151828WA0151501620
B1745171857393S04151817WA0150201604
B1745211857356S04151805WA0149101592
B1745251857319S04151794WA0148001581
B1745291857283S04151782WA0146901571
B1745331857247S04151768WA0145801558
B1745371857213S04151759WA0144901550
B1745411857177S04151749WA0143701536
B1745451857140S04151741WA0142601525
B1745491857103S04151732WA0141801515
B1745531857068S04151724WA0141101509
B1745571857033S04151716WA0140201500
B1746011856997S04151707WA0139301490
B1746051856963S04151693WA0138501482
B1746091856930S04151679WA0137601473
B1746131856896S04151669WA0136901465
B1746171856860S04151660WA0136101456
B1746211856825S04151649WA0135301449
B1746251856791S04151639WA0134501440
B1746291856756S04151630WA0133501431
B1746331856721S04151619WA0132601421
B1746371856686S04151607WA0131701412
B1746411856651S04151596WA0130901402
B1746451856616S04151585WA0129801391
B1746491856580S04151575WA0128801381
B1746531856546S04151564WA0127901370
B1746571856512S04151555WA0126701358
B1747011856477S04151544WA0125501346
B1747051856440S04151535WA0124601336
B1747091856402S04151527WA0123801327
B1747131856365S04151517WA0122801317
B1747171856328S04151509WA0121901308
B1747211856293S04151500WA0120901298
B1747251856258S04151489WA0119701285
B1747291856224S04151478WA0118501272
B1747331856190S04151467WA0117501261
B1747371856156S04151456WA0116501250
B1747411856124S04151444WA0115401238
B1747451856095S04151437WA0114301227
B1747491856068S04151430WA0112601210
B1747531856038S04151424WA0111201195
B1747571856005S04151418WA0110401184
B1748011855974S04151411WA0110201185
B1748051855945S04151403WA0110301185
B1748091855917S04151395WA0110301187
B1748131855891S04151380WA0110201186
B1748171855865S04151364WA0110401188
B1748211855839S04151350WA0110801192
B1748251855814S04151338WA0110901194
B1748291855791S04151330WA0110901195
B1748331855763S04151323WA0111101197
B1748371855740S04151317WA0111601202
B1748411855714S04151311WA0111901206
B1748451855691S04151302WA0112501213
B1748491855671S04151290WA0113101219
B1748531855651S04151282WA0113601225
B1748571855628S04151290WA0113801226
B1749011855629S04151314WA0113901226
B1749051855648S04151322WA0114201232
B1749091855664S04151311WA0114801236
B1749131855679S04151297WA0115801246
B1749171855690S04151282WA0116601254
B1749211855675S04151269WA0117501264
B1749251855667S04151296WA0118001269
B1749291855690S04151307WA0118801278
B1749331855702S04151291WA0120001291
B1749371855697S04151273WA0120701299
B1749411855676S04151272WA0122201313
B1749451855667S04151295WA0123101323
B1749491855686S04151316WA0123401326
B1749531855706S04151315WA0124701341
B1749571855713S04151298WA0125501348
B1750011855697S04151284WA0126101354
B1750051855679S04151294WA0127401368
B1750091855676S04151318WA0128201377
B1750131855699S04151334WA0128601379
B1750171855720S04151324WA0129801393
B1750211855715S04151305WA0130601400
B1750251855697S04151314WA0131501410
B1750291855713S04151337WA0132401420
B1750331855731S04151321WA0133301429
B1750371855716S04151308WA0134201439
B1750411855700S04151323WA0135201449
B1750451855715S04151347WA0136001457
B1750491855737S04151337WA0136901467
B1750531855732S04151316WA0137701476
B1750571855713S04151322WA0138501484
B1751011855719S04151349WA0139201493
B1751051855744S04151357WA0140001502
B1751091855764S04151343WA0140701508
B1751131855762S04151322WA0141201513
B1751171855741S04151321WA0142001521
B1751211855730S04151339WA0142501527
B1751251855736S04151369WA0142701528
B1751291855755S04151389WA0143501538
B1751331855775S04151403WA0143801541
B1751371855797S04151418WA0144001542
B1751411855819S04151430WA0144101543
B1751451855838S04151443WA0144501550
B1751491855857S04151460WA0144501547
B1751531855880S04151473WA0145601556
B1751571855899S04151485WA0147101575
B1752011855920S04151487WA0148401589
B1752051855923S04151471WA0148701591
B1752091855908S04151462WA0148601591
B1752131855884S04151465WA0148901593
B1752171855865S04151476WA0149801604
B1752211855847S04151488WA0150201608
B1752251855821S04151498WA0150301608
B1752291855795S04151506WA0150901613
B1752331855777S04151499WA0150601611
B1752371855756S04151500WA0150801613
B1752411855731S04151500WA0150801612
B1752451855713S04151498WA0151301619
B1752491855690S04151496WA0151501622
B1752531855670S04151495WA0152001628
B1752571855648S04151497WA0152301631
B1753011855626S04151500WA0152601633
B1753051855601S04151499WA0152701635
B1753091855577S04151500WA0152701635
B1753131855553S04151499WA0153401643
B1753171855527S04151497WA0153701646
B1753211855502S04151495WA0154301653
B1753251855472S04151496WA0153801645
B1753291855436S04151494WA0153501641
B1753331855409S04151493WA0153501642
B1753371855378S04151488WA0152501630
B1753411855347S04151481WA0152001625
B1753451855316S04151476WA0151501621
B1753491855279S04151474WA0150601608
B1753531855242S04151469WA0149501598
B1753571855205S04151460WA0148301585
B1754011855167S04151451WA0147201574
B1754051855132S04151441WA0146501567
B1754091855097S04151431WA0145701560
B1754131855060S04151421WA0144701548
B1754171855023S04151410WA0143901538
B1754211854988S04151401WA0143301532
B1754251854955S04151392WA0142301521
B1754291854920S04151383WA0141501513
B1754331854885S04151376WA0140901506
B1754371854847S04151366WA0139601495
B1754411854807S04151352WA0138601485
B1754451854768S04151340WA0138001478
B1754491854733S04151324WA0137101469
B1754531854695S04151311WA0136501459
B1754571854659S04151297WA0135901452
B1755011854623S04151280WA0135201444
B1755051854590S04151263WA0134401436
B1755091854554S04151246WA0133501426
B1755131854519S04151232WA0132501417
B1755171854484S04151219WA0131501405
B1755211854448S04151205WA0130401394
B1755251854411S04151193WA0129301383
B1755291854375S04151178WA0128201371
B1755331854340S04151162WA0127101360
B1755371854305S04151148WA0126201350
B1755411854271S04151137WA0125001338
B1755451854236S04151125WA0123701325
B1755491854203S04151113WA0123001318
B1755531854170S04151104WA0122501313
B1755571854138S04151093WA0121701304
B1756011854103S04151082WA0121101296
B1756051854070S04151071WA0120301289
B1756091854035S04151061WA0119601281
B1756131854004S04151052WA0118901275
B1756171853971S04151041WA0117801261
B1756211853938S04151029WA0116501249
B1756251853905S04151018WA0115301235
B1756291853872S04151008WA0114001223
B1756331853840S04150995WA0112601207
B1756371853809S04150981WA0111401195
B1756411853779S04150968WA0110101181
B1756451853747S04150954WA0108901168
B1756491853716S04150943WA0107701159
B1756531853686S04150931WA0106501146
B1756571853656S04150918WA0105201132
B1757011853627S04150906WA0104101121
B1757051853598S04150893WA0102801107
B1757091853569S04150879WA0101701096
B1757131853540S04150864WA0100901087
B1757171853511S04150852WA0100401083
B1757211853484S04150838WA0099701076
B1757251853457S04150827WA0099201070
B1757291853431S04150816WA0098601066
B1757331853411S04150803WA0098401065
B1757371853387S04150790WA0098101060
B1757411853366S04150780WA0098501067
B1757451853340S04150772WA0098801068
B1757491853318S04150764WA0099201074
B1757531853292S04150756WA0099401075
B1757571853268S04150748WA0099801080
B1758011853245S04150739WA0100001083
B1758051853219S04150730WA0100101082
B1758091853196S04150720WA0099901081
B1758131853168S04150708WA0099201073
B1758171853137S04150696WA0098601066
B1758211853111S04150683WA0098001061
B1758251853082S04150673WA0097001047
B1758291853054S04150662WA0096001038
B1758331853021S04150650WA0094601020
B1758371852988S04150636WA0093701009
B1758411852957S04150622WA0092600997
B1758451852925S04150609WA0091500987
B1758491852894S04150597WA0090700978
B1758531852862S04150583WA0089900970
B1758571852832S04150568WA0089200962
B1759011852801S04150553WA0088500955
B1759051852772S04150537WA0087800948
B1759091852743S04150521WA0086900939
B1759131852714S04150505WA0086400934
B1759171852689S04150492WA0086100931
B1759211852665S04150480WA0085900930
B1759251852645S04150471WA0086100934
B1759291852629S04150460WA0086200936
B1759331852612S04150447WA0086200934
B1759371852597S04150437WA0085700930
B1759411852576S04150426WA0084800919
B1759451852557S04150422WA0085000923
B1759491852539S04150416WA0085200923
B1759531852520S04150409WA0085100922
B1759571852503S04150397WA0085600929
B1800011852483S04150384WA0086100934
B1800051852462S04150371WA0086900943
B1800091852442S04150364WA0087500949
B1800131852419S04150364WA0088200957
B1800171852396S04150361WA0088600961
B1800211852371S04150357WA0088800963
B1800251852346S04150350WA0088300958
B1800291852319S04150343WA0087800953
B1800331852289S04150339WA0087200945
B1800371852254S04150334WA0086600938
B1800411852222S04150328WA0086200935
B1800451852189S04150321WA0085900931
B1800491852160S04150306WA0085700930
B1800531852131S04150292WA0085500928
B1800571852099S04150284WA0085400927
B1801011852073S04150267WA0085000921
B1801051852054S04150251WA0084400916
B1801091852049S04150234WA0083600907
B1801131852068S04150235WA0082600898
B1801171852083S04150248WA0081900889
B1801211852097S04150268WA0081100883
B1801251852116S04150285WA0080900878
B1801291852135S04150305WA0080900879
B1801331852153S04150326WA0081000879
B1801371852172S04150345WA0080900880
B1801411852193S04150363WA0080800878
B1801451852215S04150376WA0080800878
B1801491852233S04150390WA0081000881
B1801531852252S04150401WA0080700877
B1801571852271S04150410WA0080600878
B1802011852292S04150422WA0080100872
B1802051852314S04150434WA0080000870
B1802091852333S04150449WA0079800869
B1802131852351S04150467WA0079600867
B1802171852371S04150479WA0079200862
B1802211852393S04150487WA0079200862
B1802251852412S04150493WA0079900870
B1802291852430S04150498WA0080400875
B1802331852445S04150492WA0080700878
B1802371852437S04150475WA0081100882
B1802411852413S04150482WA0081300884
B1802451852405S04150512WA0081700889
B1802491852422S04150524WA0082000891
B1802531852433S04150512WA0082200895
B1802571852428S04150496WA0082600899
B1803011852414S04150483WA0082800900
B1803051852392S04150477WA0083800910
B1803091852370S04150494WA0084400917
B1803131852381S04150519WA0085100923
B1803171852389S04150506WA0085900933
B1803211852369S04150499WA0086800944
B1803251852349S04150521WA0087700951
B1803291852362S04150541WA0088500960
B1803331852374S04150531WA0089300969
B1803371852366S04150513WA0090100978
B1803411852344S04150507WA0090500982
B1803451852319S04150520WA0090800985
B1803491852303S04150548WA0090800986
B1803531852301S04150579WA0091500993
B1803571852298S04150607WA0092301001
B1804011852304S04150629WA0092901008
B1804051852320S04150624WA0093201011
B1804091852306S04150609WA0094101020
B1804131852280S04150619WA0094701027
B1804171852261S04150644WA0095101030
B1804211852246S04150675WA0095101031
B1804251852229S04150705WA0095101030
B1804291852209S04150735WA0095101030
B1804331852190S04150761WA0095501035
B1804371852174S04150784WA0095801038
B1804411852160S04150812WA0095701036
B1804451852144S04150835WA0096001040
B1804491852131S04150856WA0095901039
B1804531852118S04150882WA0095801037
B1804571852108S04150907WA0096001039
B1805011852096S04150936WA0096101039
B1805051852084S04150962WA0096301042
B1805091852065S04150990WA0096301040
B1805131852043S04151020WA0096001037
B1805171852022S04151048WA0095701034
B1805211852000S04151078WA0094901025
B1805251851977S04151108WA0094601022
B1805291851955S04151137WA0094301019
B1805331851933S04151167WA0094001016
B1805371851914S04151197WA0093601011
B1805411851895S04151234WA0092701000
B1805451851873S04151271WA0091700989
B1805491851852S04151307WA0091000983
B1805531851831S04151343WA0090200973
B1805571851808S04151380WA0088900960
B1806011851786S04151416WA0088000950
B1806051851765S04151453WA0087100941
B1806091851743S04151488WA0086100931
B1806131851720S04151524WA0085400923
B1806171851698S04151560WA0084600914
B1806211851675S04151596WA0083800904
B1806251851651S04151633WA0083100897
B1806291851626S04151669WA0082600892
B1806331851604S04151703WA0082300891
B1806371851593S04151740WA0082000886
B1806411851585S04151774WA0082100890
B1806451851575S04151803WA0082100889
B1806491851569S04151833WA0082300892
B1806531851565S04151864WA0082400892
B1806571851558S04151893WA0082700897
B1807011851551S04151923WA0083100900
B1807051851545S04151950WA0083800907
B1807091851535S04151980WA0084100909
B1807131851525S04152008WA0084500913
B1807171851514S04152040WA0084300912
B1807211851503S04152071WA0084500914
B1807251851492S04152103WA0084400914
B1807291851482S04152132WA0084500916
B1807331851475S04152162WA0084600915
B1807371851469S04152194WA0084000907
B1807411851469S04152223WA0083700904
B1807451851463S04152253WA0082600891
B1807491851455S04152286WA0081900884
B1807531851449S04152319WA0081400878
B1807571851444S04152352WA0080800873
B1808011851444S04152386WA0080300868
B1808051851445S04152421WA0079600861
B1808091851445S04152456WA0079000854
B1808131851440S04152491WA0078200845
B1808171851436S04152521WA0077400838
B1808211851437S04152551WA0076300825
B1808251851438S04152583WA0075200815
B1808291851440S04152616WA0074000802
B1808331851438S04152647WA0073500797
B1808371851436S04152677WA0072700788
B1808411851436S04152707WA0071800779
B1808451851438S04152739WA0071000770
B1808491851436S04152772WA0070100761
B1808531851430S04152805WA0069500754
B1808571851424S04152836WA0068700746
B1809011851419S04152869WA0068100740
B1809051851417S04152901WA0067500734
B1809091851414S04152935WA0067200730
B1809131851412S04152966WA0067100729
B1809171851412S04153001WA0066800726
B1809211851410S04153034WA0066800726
B1809251851410S04153073WA0066000716
B1809291851411S04153120WA0064900703
B1809331851408S04153164WA0064400698
B1809371851404S04153207WA0063800692
B1809411851399S04153252WA0063200685
B1809451851397S04153298WA0062600679
B1809491851398S04153345WA0061900671
B1809531851402S04153392WA0061400667
B1809571851405S04153438WA0061000662
B1810011851409S04153485WA0060600657
B1810051851411S04153530WA0060200654
B1810091851410S04153572WA0059500647
B1810131851407S04153617WA0058600636
B1810171851406S04153659WA0057600626
B1810211851404S04153702WA0056400614
B1810251851402S04153745WA0055300602
B1810291851398S04153789WA0054300591
B1810331851391S04153832WA0053600583
B1810371851382S04153876WA0052900573
B1810411851367S04153913WA0052500572
B1810451851356S04153947WA0051900564
B1810491851351S04153985WA0051500559
B1810531851343S04154013WA0051400560
B1810571851334S04154045WA0050500550
B1811011851328S04154084WA0049200535
B1811051851323S04154122WA0048100523
B1811091851316S04154158WA0046800510
B1811131851312S04154196WA0045500496
B1811171851308S04154222WA0044800491
B1811211851304S04154255WA0043600477
B1811251851301S04154285WA0043000471
B1811291851302S04154315WA0042200463
B1811331851300S04154342WA0041400455
B1811371851299S04154370WA0040700448
B1811411851298S04154398WA0040300445
B1811451851296S04154425WA0039900440
B1811491851296S04154453WA0039800439
B1811531851296S04154479WA0039400435
B1811571851296S04154505WA0039000432
B1812011851295S04154535WA0038800429
B1812051851298S04154563WA0038900431
B1812091851303S04154595WA0038600428
B1812131851310S04154627WA0038100421
B1812171851318S04154656WA0037700419
B1812211851324S04154690WA0037900420
B1812251851331S04154722WA0038300425
B1812291851340S04154754WA0038300424
B1812331851357S04154783WA0038200423
B1812371851377S04154808WA0038100423
B1812411851398S04154829WA0038000422
B1812451851410S04154857WA0037600417
B1812491851404S04154882WA0037400416
B1812531851391S04154908WA0036800408
B1812571851377S04154931WA0036200402
B1813011851360S04154953WA0035300394
B1813051851347S04154975WA0034900389
B1813091851332S04154999WA0033700376
B1813131851320S04155024WA0033200372
B1813171851309S04155052WA0032700365
B1813211851298S04155077WA0032600365
B1813251851283S04155097WA0032300362
B1813291851270S04155119WA0031700355
B1813331851257S04155140WA0031200351
B1813371851243S04155162WA0030900347
B1813411851230S04155182WA0030700346
B1813451851217S04155203WA0030100339
B1813491851205S04155224WA0029700336
B1813531851192S04155244WA0029300332
B1813571851178S04155264WA0029000330
B1814011851173S04155287WA0028900329
B1814051851194S04155311WA0028500322
B1814091851218S04155329WA0028200321
B1814131851246S04155335WA0027800314
B1814171851271S04155332WA0027300309
B1814211851293S04155322WA0026700303
B1814251851298S04155306WA0026100296
B1814291851301S04155287WA0025500288
B1814331851309S04155270WA0024800282
B1814371851294S04155276WA0023800270
B1814411851317S04155292WA0022700259
B1814451851308S04155278WA0021500246
B1814491851296S04155301WA0021000244
B1814531851281S04155299WA0020500237
B1814571851291S04155280WA0019700227
B1815011851303S04155264WA0019400226
B1815051851296S04155247WA0018700217
B1815091851290S04155234WA0018500215
B1815131851279S04155245WA0017600205
B1815171851281S04155272WA0017100200
B1815211851268S04155266WA0016200189
B1815251851266S04155249WA0015800187
B1815291851259S04155235WA0015300181
B1815331851252S04155223WA0014900177
B1815371851244S04155215WA0014500172
B1815411851231S04155227WA0013800164
B1815451851217S04155239WA0013400159
B1815491851205S04155238WA0013100156
B1815531851202S04155236WA0012900154
B1815571851201S04155236WA0012900154
B1816011851201S04155236WA0012800154
B1816051851201S04155236WA0012800155
B1816091851202S04155236WA0012800155
B1816131851202S04155236WA0012800155
B1816171851202S04155236WA0012800155
B1816211851202S04155236WA0012800155
B1816251851202S04155237WA0012900155
B1816291851202S04155237WA0012800155
B1816331851202S04155237WA0012800155
B1816371851202S04155237WA0012800156
B1816411851202S04155238WA0012800156
B1816451851201S04155238WA0012800156
B1816491851201S04155239WA0012800156
B1816531851201S04155239WA0012800156
B1816571851201S04155239WA0012800156
B1817011851201S04155239WA0012800156
B1817051851201S04155239WA0012800156
B1817091851201S04155239WA0012800155
B1817131851201S04155239WA0012900155
B1817171851202S04155239WA0012800155
B1817211851202S04155239WA0012800155
B1817251851202S04155239WA0012800155
B1817291851202S04155239WA0012800155
B1817331851202S04155239WA0012800155
B1817371851202S04155239WA0012800155
B1817411851202S04155239WA0012800155
B1817451851201S04155239WA0012800155
B1817491851201S04155239WA0012800155
B1817531851201S04155239WA0012800154
B1817571851201S04155239WA0012800154
B1818011851201S04155239WA0012800153
B1818051851201S04155239WA0012800153
B1818091851201S04155239WA0012800153
B1818131851201S04155239WA0012800153
B1818171851201S04155239WA0012700152
B1818211851201S04155239WA0012800151
B1818251851201S04155239WA0012800152
B1818291851201S04155238WA0012800152
B1818331851201S04155238WA0012800152
B1818371851200S04155238WA0012800152
B1818411851200S04155238WA0012800152
B1818451851201S04155238WA0012800152
B1818491851201S04155238WA0012800152
B1818531851201S04155238WA0012800152
B1818571851201S04155238WA0012800152
B1819011851201S04155238WA0012800152
B1819051851201S04155238WA0012800152
B1819091851201S04155238WA0012800152
B1819131851201S04155238WA0012800152
B1819171851201S04155238WA0012800152
B1819211851201S04155238WA0012800152
B1819251851201S04155238WA0012800151
B1819291851201S04155238WA0012800152
B1819331851201S04155238WA0012800152
B1819371851201S04155238WA0012800152
B1819411851201S04155238WA0012800153
B1819451851201S04155238WA0012800153
B1819491851201S04155238WA0012800153
B1819531851201S04155238WA0012800153
B1819571851201S04155238WA0012800154
B1820011851201S04155238WA0012800154
B1820051851201S04155238WA0012800154
B1820091851201S04155238WA0012800154
B1820131851201S04155238WA0012800154
B1820171851201S04155238WA0012800154
B1820211851201S04155238WA0012800154
B1820251851201S04155238WA0012800153
B1820291851201S04155238WA0012800153
B1820331851201S04155238WA0012800152
B1820371851201S04155238WA0012800152
B1820411851201S04155238WA0012800152
B1820451851201S04155238WA0012800151
B1820491851201S04155238WA0012800151
B1820531851201S04155238WA0012800152
B1820571851201S04155238WA0012800151
B1821011851201S04155238WA0012800151
B1821051851201S04155238WA0012800152
B1821091851201S04155238WA0012800152
B1821131851201S04155238WA0012800152
B1821171851201S04155238WA0012800152
B1821211851201S04155238WA0012800152
B1821251851201S04155238WA0012800152
B1821291851201S04155238WA0012800151
B1821331851201S04155238WA0012800151
B1821371851201S04155238WA0012800151
B1821411851201S04155238WA0012800151
B1821451851201S04155238WA0012800151
B1821491851201S04155238WA0012800151
B1821531851200S04155238WA0012800151
B1821571851200S04155238WA0012800151
B1822011851200S04155238WA0012800151
B1822051851200S04155238WA0012800151
B1822091851200S04155238WA0012800152
B1822131851200S04155238WA0012800152
B1822171851200S04155238WA0012800152
B1822211851200S04155238WA0012800152
B1822251851200S04155238WA0012800151
B1822291851201S04155238WA0012800151
B1822331851201S04155238WA0012800151
B1822371851201S04155238WA0012800151
B1822411851201S04155238WA0012800151
B1822451851201S04155238WA0012800151
B1822491851201S04155238WA0012800151
B1822531851201S04155238WA0012800150
B1822571851201S04155238WA0012800150
B1823011851201S04155238WA0012800150
B1823051851201S04155238WA0012800150
B1823091851201S04155238WA0012800150
B1823131851201S04155238WA0012800150
B1823171851201S04155238WA0012800151
B1823211851201S04155238WA0012800150
B1823251851201S04155238WA0012800150
B1823291851201S04155238WA0012700150
B1823331851201S04155238WA0012800151
B1823371851201S04155238WA0012800151
B1823411851201S04155238WA0012800151
B1823451851201S04155237WA0012800151
B1823491851201S04155237WA0012800150
B1823531851201S04155238WA0012800150
B1823571851201S04155238WA0012700150
B1824011851201S04155238WA0012800150
B1824051851201S04155237WA0012800150
B1824091851201S04155238WA0012800150
B1824131851201S04155238WA0012800150
B1824171851201S04155237WA0012800150
B1824211851201S04155237WA0012800150
B1824251851201S04155237WA0012800150
B1824291851201S04155237WA0012800151
B1824331851201S04155237WA0012800150
B1824371851201S04155238WA0012800151
B1824411851201S04155238WA0012800151
B1824451851201S04155238WA0012800150
B1824491851201S04155238WA0012800150
B1824531851201S04155238WA0012800150
B1824571851201S04155238WA0012800150
B1825011851201S04155238WA0012800151
B1825051851201S04155238WA0012800151
B1825091851201S04155238WA0012800151
B1825131851201S04155238WA0012800151
B1825171851201S04155238WA0012800151
B1825211851201S04155238WA0012800151
B1825251851201S04155238WA0012800151
B1825291851201S04155238WA0012800151
B1825331851201S04155238WA0012800151
B1825371851201S04155238WA0012800151
B1825411851201S04155238WA0012800151
B1825451851201S04155238WA0012800151
B1825491851201S04155238WA0012800151
B1825531851201S04155238WA0012800151
B1825571851200S04155238WA0012800151
B1826011851200S04155238WA0012800151
B1826051851200S04155238WA0012800152
B1826091851200S04155238WA0012800152
B1826131851200S04155238WA0012800152
B1826171851200S04155238WA0012800152
B1826211851200S04155238WA0012800152
B1826251851200S04155238WA0012800152
B1826291851200S04155238WA0012800153
B1826331851200S04155238WA0012800152
B1826371851200S04155238WA0012800152
B1826411851200S04155238WA0012800152
B1826451851199S04155238WA0012800152
B1826491851199S04155238WA0012800152
B1826531851199S04155239WA0012800152
B1826571851199S04155239WA0012800152
B1827011851200S04155239WA0012800152
B1827051851200S04155239WA0012800152
B1827091851200S04155239WA0012800152
B1827131851200S04155239WA0012800152
B1827171851200S04155239WA0012800152
B1827211851200S04155239WA0012800152
B1827251851200S04155239WA0012800152
B1827291851200S04155239WA0012800152
B1827331851200S04155239WA0012800152
B1827371851200S04155239WA0012800151
B1827411851200S04155239WA0012800151
B1827451851200S04155239WA0012800151
B1827491851200S04155239WA0012800151
B1827531851200S04155238WA0012800151
B1827571851200S04155238WA0012800151
B1828011851200S04155238WA0012800151
B1828051851200S04155238WA0012800151
B1828091851200S04155238WA0012800151
B1828131851200S04155238WA0012800151
B1828171851200S04155238WA0012800151
B1828211851200S04155238WA0012800151
B1828251851200S04155238WA0012800151
B1828291851200S04155238WA0012800151
B1828331851200S04155238WA0012800151
B1828371851200S04155238WA0012800151
B1828411851200S04155238WA0012800151
B1828451851200S04155238WA0012800151
B1828491851200S04155238WA0012800151
B1828531851200S04155238WA0012800151
B1828571851200S04155238WA0012800151
B1829011851200S04155238WA0012800151
B1829051851200S04155238WA0012800151
B1829091851200S04155238WA0012800151
B1829131851200S04155238WA0012800151
B1829171851200S04155238WA0012800152
B1829211851200S04155238WA0012800152
B1829251851200S04155238WA0012800152
B1829291851200S04155238WA0012800152
B1829331851200S04155238WA0012800151
B1829371851200S04155238WA0012900151
B1829411851200S04155238WA0012800151
B1829451851200S04155238WA0012800151
B1829491851200S04155238WA0012800151
B1829531851200S04155238WA0012800151
B1829571851200S04155238WA0012800151
B1830011851200S04155238WA0012800151
B1830051851200S04155238WA0012800151
B1830091851200S04155238WA0012800151
B1830131851200S04155238WA0012800151
B1830171851200S04155238WA0012800151
B1830211851200S04155238WA0012800151
B1830251851200S04155238WA0012800151
B1830291851200S04155238WA0012800151
B1830331851200S04155238WA0012800151
B1830371851200S04155238WA0012800151
B1830411851200S04155238WA0012800152
B1830451851200S04155238WA0012800152
B1830491851200S04155238WA0012800152
B1830531851200S04155238WA0012900152
B1830571851200S04155238WA0012800151
B1831011851200S04155238WA0012800151
B1831051851200S04155238WA0012900151
B1831091851200S04155238WA0012800151
B1831131851200S04155238WA0012900151
B1831171851200S04155238WA0012900152
B1831211851201S04155238WA0012900152
B1831251851201S04155238WA0012900152
B1831291851201S04155238WA0012900152
B1831331851201S04155238WA0012900152
B1831371851201S04155238WA0012900152
B1831411851201S04155238WA0012800152
B1831451851201S04155237WA0012800152
B1831491851201S04155237WA0012900152
B1831531851200S04155237WA0012900152
B1831571851200S04155237WA0012900152
B1832011851200S04155237WA0012900152
B1832051851200S04155237WA0012900152
B1832091851200S04155237WA0012800152
B1832131851200S04155237WA0012800152
B1832171851201S04155237WA0012900152
B1832211851201S04155238WA0012900152
B1832251851201S04155238WA0012900152
B1832291851201S04155238WA0012900153
B1832331851200S04155238WA0012900153
B1832371851200S04155237WA0012900153
B1832411851201S04155237WA0012800153
B1832451851201S04155237WA0012900153
B1832491851201S04155237WA0012900153
B1832531851201S04155238WA0012900153
B1832571851200S04155238WA0012800153
B1833011851200S04155238WA0012800153
B1833051851200S04155238WA0012900153
B1833091851200S04155238WA0012800153
B1833131851201S04155238WA0012900153
B1833171851201S04155237WA0012800153
B1833211851201S04155238WA0012800153
B1833251851201S04155238WA0012800153
B1833291851201S04155238WA0012900153
B1833331851201S04155238WA0012900152
B1833371851201S04155238WA0012900152
B1833411851201S04155238WA0012900152
B1833451851201S04155238WA0012900152
B1833491851201S04155238WA0012900152
B1833531851200S04155238WA0012900151
B1833571851201S04155238WA0012900151
B1834011851201S04155238WA0012900151
B1834051851201S04155238WA0012900151
B1834091851201S04155238WA0012800151
B1834131851201S04155238WA0012800150
B1834171851200S04155238WA0012900150
B1834211851200S04155238WA0012900149
B1834251851200S04155238WA0012900148
B1834291851200S04155238WA0012900148
B1834331851200S04155238WA0012900148
B1834371851200S04155238WA0012900148
B1834411851200S04155238WA0012900148
B1834451851200S04155238WA0012900149
B1834491851200S04155238WA0012900149
B1834531851200S04155238WA0012900148
B1834571851200S04155238WA0012900148
B1835011851200S04155238WA0012900149
B1835051851200S04155238WA0012900149
B1835091851200S04155238WA0012900149
B1835131851200S04155238WA0012900149
B1835171851200S04155238WA0012900150
B1835211851200S04155238WA0012900150
B1835251851200S04155238WA0012900151
B1835291851200S04155238WA0012900151
B1835331851200S04155237WA0012900152
B1835371851201S04155237WA0012900153
B1835411851201S04155237WA0012900154
B1835451851201S04155237WA0012900154
B1835491851201S04155237WA0012900154
B1835531851201S04155236WA0012900154
B1835571851201S04155236WA0012900153
B1836011851201S04155236WA0012900153
B1836051851201S04155237WA0012900153
B1836091851201S04155237WA0012900153
B1836131851201S04155237WA0012900153
B1836171851201S04155237WA0012800153
B1836211851201S04155237WA0012800153
B1836251851201S04155237WA0012800154
B1836291851201S04155238WA0012900155
B1836331851201S04155238WA0012900154
B1836371851201S04155238WA0012900153
B1836411851201S04155238WA0012900153
B1836451851201S04155238WA0012900153
B1836491851200S04155238WA0012800153
B1836531851200S04155238WA0012900153
B1836571851200S04155238WA0012800153
B1837011851201S04155238WA0012900153
B1837051851201S04155238WA0012900153
B1837091851201S04155238WA0012900152
B1837131851201S04155238WA0012900152
B1837171851201S04155238WA0012900152
B1837211851201S04155238WA0012900152
B1837251851201S04155238WA0012900152
B1837291851201S04155238WA0012900153
B1837331851201S04155238WA0012900153
B1837371851201S04155238WA0012900153
B1837411851201S04155238WA0012900153
B1837451851201S04155238WA0012900152
B1837491851201S04155238WA0012900152
B1837531851201S04155238WA0012900152
B1837571851201S04155238WA0012900152
B1838011851201S04155238WA0012900153
B1838051851200S04155238WA0012900153
B1838091851200S04155238WA0012900152
B1838131851201S04155238WA0012900152
B1838171851200S04155238WA0012900152
B1838211851200S04155238WA0012900153
B1838251851200S04155238WA0012900153
B1838291851200S04155238WA0012900153
B1838331851200S04155238WA0012900152
B1838371851200S04155238WA0012900153
B1838411851200S04155238WA0012900153
B1838451851200S04155238WA0012900153
B1838491851200S04155238WA0012900153
B1838531851200S04155238WA0012900153
B1838571851200S04155238WA0012900153
B1839011851200S04155238WA0012900153
B1839051851200S04155238WA0012900153
B1839091851200S04155238WA0012900153
B1839131851201S04155238WA0012900153
B1839171851200S04155238WA0012900153
B1839211851200S04155238WA0012900153
B1839251851200S04155238WA0012900153
B1839291851203S04155237WA0012900152
B1839331851205S04155235WA0012900153
B1839371851206S04155233WA0013000152
B1839411851209S04155231WA0013000152
B1839451851212S04155230WA0013000152
B1839491851214S04155229WA0013000153
B1839531851216S04155229WA0013000153
B1839571851219S04155230WA0013000153
B1840011851220S04155232WA0013000154
B1840051851222S04155234WA0013000155
B1840091851225S04155236WA0013100155
B1840131851228S04155236WA0013100154
B1840171851230S04155236WA0013100154
B1840211851232S04155238WA0013100154
B1840251851234S04155238WA0013100154
B1840291851236S04155238WA0013100155
B1840331851239S04155239WA0013100154
B1840371851242S04155240WA0013100154
B1840411851244S04155241WA0013200154
B1840451851247S04155242WA0013100154
B1840491851249S04155242WA0013100154
B1840531851252S04155241WA0013200154
B1840571851255S04155241WA0013200156
B1841011851258S04155241WA0013200156
B1841051851260S04155240WA0013300156
B1841091851262S04155239WA0013300156
B1841131851263S04155238WA0013300156
B1841171851263S04155238WA0013400156
B1841211851262S04155238WA0013400156
B1841251851262S04155238WA0013300156
B1841291851262S04155238WA0013300156
B1841331851262S04155238WA0013300156
B1841371851262S04155238WA0013300156
B1841411851262S04155238WA0013300155
B1841451851262S04155238WA0013300156
B1841491851262S04155238WA0013300156
B1841531851262S04155238WA0013300156
B1841571851262S04155238WA0013300156
B1842011851262S04155238WA0013300156
B1842051851262S04155238WA0013300156
B1842091851262S04155238WA0013300156
B1842131851262S04155238WA0013300156
B1842171851262S04155238WA0013300156
B1842211851262S04155238WA0013300156
B1842251851262S04155238WA0013300156
B1842291851262S04155238WA0013300156
B1842331851262S04155238WA0013300156
B1842371851262S04155238WA0013300156
B1842411851262S04155238WA0013300156
B1842451851262S04155238WA0013300156
B1842491851262S04155238WA0013300156
B1842531851262S04155238WA0013300157
B1842571851263S04155238WA0013500157
B1843011851262S04155238WA0013400157
B1843051851263S04155237WA0013400157
B1843091851263S04155237WA0013500156
B1843131851263S04155237WA0013500156
B1843171851263S04155238WA0013500157
B1843211851264S04155238WA0013500158
B1843251851264S04155238WA0013500157
B1843291851264S04155238WA0013500156
B1843331851264S04155238WA0013500154
B1843371851264S04155238WA0013500155
B1843411851264S04155239WA0013500155
B1843451851265S04155239WA0013500156
B1843491851265S04155239WA0013500159
B1843531851265S04155239WA0013500157
B1843571851265S04155239WA0013500157
B1844011851265S04155240WA0013500158
B1844051851265S04155239WA0013500156
B1844091851265S04155239WA0013500154
B1844131851265S04155239WA0013500156
B1844171851265S04155239WA0013500157
B1844211851265S04155240WA0013500156
B1844251851265S04155239WA0013500156
B1844291851265S04155239WA0013500156
B1844331851264S04155240WA0013500158
B1844371851264S04155240WA0013500161
B1844411851264S04155239WA0013500160
B1844451851264S04155239WA0013500159
B1844491851264S04155239WA0013500159
B1844531851264S04155240WA0013500160
B1844571851264S04155240WA0013500159
B1845011851264S04155240WA0013500159
B1845051851264S04155240WA0013500159
B1845091851264S04155241WA0013500159
B1845131851264S04155241WA0013500159
B1845171851264S04155241WA0013500157
B1845211851264S04155241WA0013500158
B1845251851264S04155240WA0013500156
B1845291851264S04155240WA0013500156
B1845331851264S04155241WA0013500156
B1845371851264S04155241WA0013500156
B1845411851263S04155240WA0013500155
B1845451851264S04155240WA0013500154
B1845491851264S04155240WA0013500154
B1845531851264S04155241WA0013500154
B1845571851264S04155241WA0013500154
B1846011851264S04155241WA0013500154
B1846051851264S04155241WA0013400154
B1846091851264S04155241WA0013400153
B1846131851264S04155240WA0013500153
B1846171851264S04155240WA0013500152
B1846211851264S04155239WA0013500152
B1846251851264S04155239WA0013500152
B1846291851264S04155238WA0013500151
B1846331851264S04155238WA0013500150
B1846371851264S04155238WA0013500150
B1846411851264S04155238WA0013500151
B1846451851264S04155238WA0013500151
B1846491851263S04155238WA0013500151
B1846531851263S04155238WA0013500151
B1846571851263S04155238WA0013500152
B1847011851263S04155238WA0013500152
B1847051851263S04155238WA0013500152
B1847091851263S04155238WA0013500152
B1847131851263S04155238WA0013500151
B1847171851263S04155238WA0013500151
B1847211851263S04155238WA0013500151
B1847251851263S04155238WA0013500152
B1847291851263S04155238WA0013500151
B1847331851263S04155238WA0013500151
B1847371851263S04155238WA0013400151
B1847411851263S04155237WA0013500150
B1847451851263S04155237WA0013500150
B1847491851263S04155238WA0013500151
B1847531851263S04155238WA0013500150
B1847571851263S04155239WA0013500151
B1848011851264S04155239WA0013500151
B1848051851264S04155239WA0013400151
B1848091851264S04155239WA0013400152
B1848131851264S04155239WA0013500151
B1848171851264S04155239WA0013500152
B1848211851264S04155239WA0013400151
B1848251851264S04155240WA0013500152
B1848291851264S04155240WA0013400152
B1848331851264S04155240WA0013400152
B1848371851264S04155240WA0013400152
B1848411851265S04155240WA0013400153
B1848451851265S04155240WA0013400152
B1848491851265S04155240WA0013400153
B1848531851265S04155240WA0013400153
B1848571851264S04155240WA0013400154
B1849011851265S04155240WA0013400154
B1849051851265S04155240WA0013400154
B1849091851265S04155240WA0013400155
B1849131851265S04155240WA0013400155
B1849171851265S04155240WA0013400153
B1849211851265S04155240WA0013400152
B1849251851265S04155239WA0013400151
B1849291851265S04155239WA0013400150
B1849331851265S04155239WA0013400150
B1849371851265S04155239WA0013400151
B1849411851265S04155239WA0013400151
B1849451851265S04155239WA0013400150
B1849491851265S04155238WA0013400149
B1849531851265S04155239WA0013400148
B1849571851265S04155238WA0013400148
B1850011851264S04155238WA0013400150
B1850051851264S04155238WA0013400151
B1850091851264S04155238WA0013400151
B1850131851264S04155238WA0013500151
B1850171851264S04155238WA0013400149
B1850211851265S04155237WA0013400147
B1850251851265S04155238WA0013400148
B1850291851265S04155238WA0013400148
B1850331851265S04155239WA0013400149
B1850371851265S04155239WA0013400149
B1850411851265S04155239WA0013400149
B1850451851265S04155239WA0013400150
B1850491851265S04155239WA0013400149
B1850531851265S04155238WA0013400147
B1850571851265S04155237WA0013400146
B1851011851265S04155237WA0013400146
B1851051851265S04155237WA0013400145
B1851091851265S04155237WA0013400145
B1851131851265S04155237WA0013400145
B1851171851265S04155237WA0013400145
B1851211851265S04155237WA0013400145
B1851251851265S04155237WA0013400145
B1851291851265S04155237WA0013400145
B1851331851266S04155237WA0013400145
B1851371851265S04155237WA0013400145
B1851411851265S04155236WA0013400145
B1851451851265S04155236WA0013400146
B1851491851265S04155237WA0013400147
B1851531851265S04155236WA0013400146
B1851571851265S04155236WA0013400146
B1852011851265S04155236WA0013400146
B1852051851265S04155236WA0013400147
B1852091851265S04155236WA0013400147
B1852131851265S04155237WA0013400149
B1852171851264S04155238WA0013400152
B1852211851264S04155238WA0013400153
B1852251851264S04155238WA0013400154
B1852291851264S04155238WA0013400154
B1852331851264S04155239WA0013400155
B1852371851264S04155240WA0013400156
B1852411851264S04155240WA0013400156
B1852451851264S04155240WA0013400157
B1852491851264S04155241WA0013400158
B1852531851264S04155240WA0013400158
B1852571851264S04155240WA0013400158
B1853011851264S04155240WA0013400158
B1853051851264S04155240WA0013400157
B1853091851264S04155239WA0013400156
B1853131851264S04155239WA0013400155
B1853171851264S04155239WA0013400154
B1853211851264S04155239WA0013400153
B1853251851265S04155238WA0013400152
B1853291851265S04155237WA0013400149
B1853331851265S04155237WA0013400148
B1853371851265S04155237WA0013400146
B1853411851265S04155237WA0013400146
B1853451851265S04155237WA0013400145
B1853491851265S04155237WA0013400145
B1853531851265S04155237WA0013400145
B1853571851265S04155237WA0013400145
B1854011851265S04155237WA0013400145
B1854051851265S04155238WA0013400145
B1854091851265S04155239WA0013400148
B1854131851265S04155239WA0013400150
B1854171851264S04155239WA0013400150
B1854211851264S04155239WA0013400149
B1854251851264S04155239WA0013400149
B1854291851264S04155239WA0013400149
B1854331851264S04155239WA0013400149
B1854371851264S04155239WA0013400150
B1854411851264S04155240WA0013400150
B1854451851264S04155240WA0013400150
B1854491851264S04155240WA0013400150
B1854531851264S04155240WA0013400150
B1854571851264S04155240WA0013400150
B1855011851264S04155240WA0013400150
B1855051851264S04155240WA0013400150
B1855091851264S04155241WA0013400151
B1855131851265S04155240WA0013400150
B1855171851265S04155240WA0013400149
B1855211851265S04155240WA0013400148
B1855251851265S04155239WA0013400148
B1855291851265S04155239WA0013400147
B1855331851265S04155239WA0013400147
B1855371851265S04155239WA0013400147
B1855411851266S04155237WA0013400146
B1855451851266S04155238WA0013400146
B1855491851266S04155238WA0013400146
B1855531851266S04155238WA0013400146
B1855571851266S04155238WA0013400148
B1856011851266S04155238WA0013400148
B1856051851266S04155238WA0013400148
B1856091851266S04155238WA0013400148
B1856131851266S04155238WA0013400148
B1856171851266S04155238WA0013400148
B1856211851267S04155239WA0013400148
B1856251851267S04155239WA0013400148
B1856291851266S04155239WA0013400149
B1856331851266S04155240WA0013400150
B1856371851266S04155240WA0013400151
B1856411851266S04155240WA0013400152
B1856451851267S04155240WA0013400151
B1856491851267S04155240WA0013400152
B1856531851266S04155240WA0013400152
B1856571851266S04155240WA0013400154
B1857011851266S04155240WA0013400153
B1857051851266S04155240WA0013400154
B1857091851266S04155240WA0013400153
B1857131851266S04155240WA0013400153
B1857171851266S04155240WA0013400153
B1857211851266S04155239WA0013400152
B1857251851266S04155239WA0013400151
B1857291851266S04155238WA0013400150
B1857331851266S04155238WA0013400149
B1857371851266S04155237WA0013300147
B1857411851266S04155238WA0013400148
B1857451851265S04155238WA0013300148
B1857491851266S04155237WA0013300148
B1857531851266S04155237WA0013300147
B1857571851266S04155236WA0013300146
B1858011851266S04155236WA0013400145
B1858051851267S04155236WA0013400144
B1858091851266S04155236WA0013300144
B1858131851267S04155236WA0013400144
B1858171851267S04155236WA0013400144
B1858211851267S04155237WA0013400143
B1858251851267S04155237WA0013400143
B1858291851267S04155237WA0013400142
B1858331851267S04155237WA0013400142
B1858371851266S04155237WA0013400142
B1858411851266S04155236WA0013400141
B1858451851266S04155236WA0013400140
B1858491851266S04155236WA0013400140
B1858531851266S04155236WA0013400139
B1858571851266S04155237WA0013400139
B1859011851266S04155236WA0013400139
B1859051851266S04155236WA0013400139
B1859091851267S04155236WA0013400138
B1859131851267S04155236WA0013400138
B1859171851266S04155236WA0013300139
B1859211851266S04155236WA0013400138
B1859251851266S04155236WA0013400138
B1859291851267S04155236WA0013400139
B1859331851266S04155236WA0013400139
B1859371851266S04155236WA0013400139
B1859411851266S04155236WA0013400139
B1859451851266S04155237WA0013400140
B1859491851266S04155237WA0013400140
B1859531851266S04155237WA0013400141
B1859571851266S04155237WA0013400141
B1900011851265S04155238WA0013400142
B1900051851265S04155238WA0013400142
B1900091851265S04155239WA0013400143
B1900131851265S04155239WA0013300143
B1900171851266S04155239WA0013400144
B1900211851266S04155239WA0013400145
B1900251851266S04155239WA0013400145
B1900291851266S04155239WA0013400145
B1900331851266S04155239WA0013400146
B1900371851265S04155240WA0013400146
B1900411851265S04155240WA0013400146
B1900451851264S04155240WA0013300146
B1900491851264S04155239WA0013300146
B1900531851264S04155239WA0013400145
B1900571851265S04155239WA0013300145
B1901011851265S04155239WA0013300144
B1901051851265S04155239WA0013300144
B1901091851265S04155238WA0013300144
B1901131851265S04155239WA0013300145
B1901171851266S04155238WA0013300144
B1901211851266S04155237WA0013300143
B1901251851267S04155237WA0013300142
B1901291851266S04155237WA0013300141
B1901331851266S04155236WA0013300141
B1901371851267S04155236WA0013300141
B1901411851266S04155237WA0013300141
B1901451851265S04155237WA0013300141
B1901491851265S04155238WA0013300143
B1901531851264S04155239WA0013300143
B1901571851264S04155239WA0013300144
B1902011851264S04155239WA0013400145
B1902051851263S04155239WA0013300145
B1902091851264S04155239WA0013300144
B1902131851263S04155239WA0013300144
B1902171851263S04155238WA0013300144
B1902211851263S04155238WA0013300143
B1902251851263S04155238WA0013300143
B1902291851263S04155237WA0013300142
B1902331851263S04155237WA0013300142
B1902371851263S04155237WA0013300142
B1902411851263S04155238WA0013300143
B1902451851263S04155238WA0013300143
B1902491851263S04155239WA0013300144
B1902531851263S04155240WA0013300145
B1902571851263S04155241WA0013300146
B1903011851262S04155241WA0013300147
B1903051851262S04155241WA0013300148
B1903091851262S04155242WA0013300148
B1903131851262S04155242WA0013300148
B1903171851262S04155242WA0013300148
B1903211851262S04155242WA0013300148
B1903251851262S04155242WA0013300149
B1903291851263S04155241WA0013300149
B1903331851263S04155241WA0013300149
B1903371851263S04155241WA0013300150
B1903411851263S04155240WA0013300149
B1903451851263S04155240WA0013300149
B1903491851263S04155239WA0013300150
B1903531851263S04155240WA0013300151
B1903571851263S04155240WA0013300151
B1904011851264S04155239WA0013300149
B1904051851264S04155239WA0013300150
B1904091851264S04155239WA0013300150
B1904131851264S04155240WA0013300151
B1904171851264S04155240WA0013300152
B1904211851264S04155239WA0013300151
B1904251851264S04155239WA0013300151
B1904291851264S04155239WA0013300150
B1904331851264S04155239WA0013300151
B1904371851264S04155239WA0013300151
B1904411851264S04155240WA0013300151
B1904451851264S04155240WA0013300150
B1904491851264S04155240WA0013300150
B1904531851265S04155240WA0013300149
B1904571851265S04155240WA0013300148
B1905011851265S04155239WA0013300148
B1905051851264S04155239WA0013300147
B1905091851264S04155240WA0013300146
B1905131851265S04155240WA0013300147
B1905171851265S04155240WA0013300147
B1905211851265S04155240WA0013300146
B1905251851265S04155239WA0013300145
B1905291851265S04155239WA0013300145
B1905331851265S04155239WA0013300144
B1905371851265S04155238WA0013300144
B1905411851265S04155238WA0013300143
B1905451851265S04155238WA0013300142
B1905491851265S04155237WA0013300141
B1905531851265S04155236WA0013300140
B1905571851265S04155236WA0013200140
B1906011851265S04155237WA0013300140
B1906051851265S04155237WA0013300141
B1906091851265S04155237WA0013300141
B1906131851266S04155237WA0013300143
B1906171851266S04155238WA0013300143
B1906211851266S04155237WA0013300142
B1906251851266S04155237WA0013300142
B1906291851266S04155236WA0013300142
B1906331851266S04155235WA0013300141
B1906371851266S04155234WA0013300140
B1906411851266S04155234WA0013300139
B1906451851266S04155236WA0013300139
B1906491851266S04155237WA0013300139
B1906531851266S04155237WA0013300139
B1906571851266S04155238WA0013300139
B1907011851267S04155238WA0013300139
B1907051851267S04155237WA0013300138
B1907091851267S04155237WA0013300138
B1907131851267S04155236WA0013300138
B1907171851266S04155236WA0013300138
B1907211851266S04155235WA0013300137
B1907251851266S04155235WA0013300136
B1907291851265S04155235WA0013300136
B1907331851265S04155234WA0013300136
B1907371851265S04155234WA0013300136
B1907411851265S04155234WA0013300136
B1907451851265S04155233WA0013300135
B1907491851265S04155232WA0013300134
B1907531851265S04155232WA0013300134
B1907571851265S04155231WA0013300133
B1908011851265S04155231WA0013300133
B1908051851265S04155231WA0013300133
B1908091851265S04155233WA0013300133
B1908131851265S04155233WA0013300133
B1908171851266S04155232WA0013200133
B1908211851266S04155232WA0013200132
B1908251851266S04155232WA0013200132
B1908291851266S04155232WA0013300132
B1908331851266S04155231WA0013300132
B1908371851266S04155231WA0013300131
B1908411851266S04155232WA0013300130
B1908451851265S04155233WA0013300130
B1908491851265S04155232WA0013200130
B1908531851265S04155232WA0013300130
B1908571851265S04155232WA0013300129
B1909011851265S04155233WA0013200129
B1909051851264S04155233WA0013200128
B1909091851264S04155233WA0013200128
B1909131851264S04155233WA0013200128
B1909171851264S04155233WA0013200128
B1909211851264S04155234WA0013300127
B1909251851264S04155234WA0013300127
B1909291851264S04155234WA0013300127
B1909331851265S04155235WA0013300129
B1909371851265S04155237WA0013300130
B1909411851265S04155237WA0013300131
B1909451851264S04155238WA0013200131
B1909491851264S04155238WA0013200132
B1909531851264S04155238WA0013200132
B1909571851265S04155239WA0013200134
B1910011851265S04155239WA0013200135
B1910051851265S04155239WA0013200136
B1910091851266S04155239WA0013200137
B1910131851266S04155240WA0013200137
B1910171851266S04155239WA0013200137
B1910211851267S04155239WA0013200138
B1910251851266S04155239WA0013200138
B1910291851266S04155239WA0013200138
B1910331851266S04155240WA0013200137
B1910371851266S04155240WA0013200137
B1910411851266S04155240WA0013200137
B1910451851266S04155240WA0013200138
B1910491851266S04155241WA0013200139
B1910531851266S04155242WA0013200140
B1910571851266S04155242WA0013200141
B1911011851266S04155243WA0013200141
B1911051851267S04155243WA0013200141
B1911091851266S04155243WA0013200142
B1911131851266S04155244WA0013200142
B1911171851266S04155243WA0013200142
B1911211851266S04155243WA0013200142
B1911251851266S04155242WA0013200142
B1911291851266S04155241WA0013200142
B1911331851266S04155241WA0013200142
B1911371851267S04155241WA0013200142
B1911411851266S04155240WA0013200141
B1911451851266S04155240WA0013200141
B1911491851266S04155239WA0013200140
B1911531851266S04155239WA0013200141
B1911571851266S04155239WA0013200140
B1912011851266S04155239WA0013200141
B1912051851266S04155239WA0013200142
B1912091851266S04155240WA0013300143
B1912131851266S04155240WA0013300143
B1912171851266S04155241WA0013200144
B1912211851266S04155241WA0013300144
B1912251851266S04155241WA0013200144
B1912291851266S04155240WA0013200144
B1912331851267S04155240WA0013200144
B1912371851267S04155241WA0013200145
B1912411851267S04155241WA0013200145
B1912451851267S04155241WA0013200145
B1912491851267S04155240WA0013200144
B1912531851267S04155239WA0013200144
B1912571851267S04155239WA0013200144
B1913011851267S04155240WA0013200144
B1913051851267S04155239WA0013200144
B1913091851267S04155239WA0013200144
B1913131851267S04155238WA0013200143
B1913171851267S04155238WA0013200143
B1913211851267S04155237WA0013300142
B1913251851267S04155237WA0013200142
B1913291851267S04155237WA0013200142
B1913331851267S04155237WA0013200142
B1913371851267S04155237WA0013200142
B1913411851267S04155237WA0013200142
B1913451851267S04155236WA0013200142
B1913491851267S04155235WA0013200141
B1913531851266S04155234WA0013200141
B1913571851266S04155235WA0013200142
B1914011851266S04155235WA0013200142
B1914051851266S04155236WA0013200142
B1914091851267S04155237WA0013200142
B1914131851267S04155237WA0013200142
B1914171851266S04155237WA0013200142
B1914211851267S04155237WA0013200142
B1914251851266S04155236WA0013200141
B1914291851267S04155237WA0013200141
B1914331851267S04155237WA0013200141
B1914371851267S04155237WA0013200140
B1914411851267S04155237WA0013200140
B1914451851266S04155236WA0013200140
B1914491851267S04155236WA0013200138
B1914531851267S04155236WA0013200139
B1914571851267S04155235WA0013200138
B1915011851267S04155235WA0013200136
B1915051851267S04155235WA0013200136
B1915091851267S04155235WA0013200135
B1915131851266S04155236WA0013200135
B1915171851266S04155236WA0013200136
B1915211851265S04155237WA0013200138
B1915251851265S04155237WA0013200138
B1915291851263S04155238WA0013200136
B1915331851261S04155238WA0013200136
B1915371851261S04155238WA0013200137
B1915411851261S04155238WA0013200137
B1915451851261S04155238WA0013200137
B1915491851261S04155238WA0013200138
B1915531851261S04155238WA0013200137
B1915571851261S04155238WA0013200136
B1916011851261S04155238WA0013200136
B1916051851262S04155238WA0013200136
B1916091851262S04155238WA0013200136
B1916131851262S04155238WA0013200135
B1916171851262S04155237WA0013200136
B1916211851263S04155237WA0013200136
B1916251851263S04155237WA0013200136
B1916291851264S04155237WA0013200137
B1916331851264S04155237WA0013200135
B1916371851264S04155237WA0013200134
B1916411851265S04155237WA0013200133
B1916451851265S04155237WA0013200132
B1916491851265S04155237WA0013200132
B1916531851265S04155237WA0013200133
B1916571851265S04155237WA0013200133
B1917011851265S04155237WA0013200135
B1917051851265S04155237WA0013200136
B1917091851265S04155237WA0013200138
B1917131851265S04155238WA0013200139
B1917171851265S04155238WA0013200140
B1917211851265S04155238WA0013200141
B1917251851265S04155239WA0013200142
B1917291851265S04155239WA0013200142
B1917331851266S04155239WA0013200143
B1917371851266S04155240WA0013200144
B1917411851266S04155240WA0013200145
B1917451851266S04155240WA0013200145
B1917491851266S04155239WA0013200144
B1917531851265S04155239WA0013200143
B1917571851264S04155239WA0013200142
B1918011851264S04155239WA0013200142
B1918051851264S04155239WA0013200142
B1918091851264S04155239WA0013200145
B1918131851264S04155239WA0013200146
B1918171851264S04155239WA0013200143
B1918211851264S04155238WA0013200142
B1918251851264S04155238WA0013200141
B1918291851264S04155239WA0013200142
B1918331851263S04155239WA0013200142
B1918371851263S04155239WA0013200143
B1918411851264S04155239WA0013200145
B1918451851264S04155239WA0013200145
B1918491851264S04155239WA0013200144
B1918531851264S04155239WA0013200143
B1918571851263S04155239WA0013200143
B1919011851263S04155239WA0013200142
B1919051851263S04155239WA0013200142
B1919091851263S04155239WA0013200143
B1919131851263S04155239WA0013200142
B1919171851263S04155238WA0013200143
B1919211851262S04155238WA0013200142
B1919251851262S04155238WA0013200143
B1919291851262S04155238WA0013200141
B1919331851262S04155237WA0013200141
B1919371851262S04155237WA0013200141
B1919411851263S04155237WA0013200141
B1919451851263S04155237WA0013200140
B1919491851263S04155237WA0013200140
B1919531851263S04155237WA0013200140
B1919571851263S04155237WA0013200140
B1920011851263S04155237WA0013200140
B1920051851264S04155237WA0013200139
B1920091851264S04155237WA0013200138
B1920131851264S04155237WA0013200138
B1920171851263S04155237WA0013200138
B1920211851263S04155236WA0013200139
B1920251851264S04155236WA0013200139
B1920291851264S04155237WA0013200140
B1920331851264S04155237WA0013200140
B1920371851264S04155237WA0013200140
B1920411851264S04155236WA0013200140
B1920451851264S04155236WA0013200140
B1920491851264S04155236WA0013200140
B1920531851264S04155236WA0013200139
B1920571851264S04155236WA0013200138
B1921011851264S04155236WA0013200137
B1921051851265S04155236WA0013200136
B1921091851265S04155236WA0013200135
B1921131851265S04155236WA0013200134
B1921171851264S04155236WA0013200134
B1921211851264S04155236WA0013200133
B1921251851265S04155235WA0013200134
B1921291851265S04155236WA0013200133
B1921331851265S04155237WA0013200132
B1921371851265S04155237WA0013200131
B1921411851265S04155236WA0013200132
B1921451851266S04155236WA0013200134
B1921491851266S04155235WA0013200135
B1921531851266S04155235WA0013200136
B1921571851265S04155236WA0013200136
B1922011851265S04155235WA0013200135
B1922051851265S04155235WA0013200136
B1922091851265S04155234WA0013200136
B1922131851265S04155235WA0013200137
B1922171851265S04155236WA0013200138
B1922211851266S04155234WA0013200139
B1922251851266S04155234WA0013200139
B1922291851266S04155233WA0013200138
B1922331851265S04155234WA0013200140
B1922371851265S04155235WA0013200138
B1922411851265S04155235WA0013200138
B1922451851265S04155235WA0013200139
B1922491851265S04155236WA0013200138
B1922531851265S04155236WA0013200139
B1922571851266S04155235WA0013200140
B1923011851266S04155237WA0013200142
B1923051851266S04155238WA0013200142
B1923091851266S04155239WA0013200143
B1923131851266S04155239WA0013200143
B1923171851266S04155238WA0013200146
B1923211851267S04155238WA0013200147
B1923251851267S04155238WA0013200147
B1923291851266S04155237WA0013200147
B1923331851266S04155238WA0013100145
B1923371851266S04155237WA0013200144
B1923411851266S04155236WA0013200144
B1923451851266S04155238WA0013200145
B1923491851266S04155239WA0013200146
B1923531851266S04155239WA0013200146
B1923571851266S04155240WA0013200147
B1924011851266S04155239WA0013200147
B1924051851266S04155239WA0013100149
B1924091851266S04155239WA0013200150
B1924131851266S04155240WA0013200150
B1924171851266S04155240WA0013200149
B1924211851266S04155241WA0013200149
B1924251851266S04155241WA0013200148
B1924291851266S04155241WA0013200147
B1924331851266S04155242WA0013200147
B1924371851266S04155243WA0013200146
B1924411851267S04155244WA0013200146
B1924451851267S04155244WA0013200146
B1924491851266S04155242WA0013200146
B1924531851265S04155239WA0013200145
B1924571851265S04155239WA0013200144
B1925011851265S04155237WA0013200144
B1925051851264S04155235WA0013200144
B1925091851264S04155235WA0013200142
B1925131851265S04155238WA0013200143
B1925171851265S04155241WA0013100143
B1925211851264S04155243WA0013200142
B1925251851263S04155245WA0013200141
B1925291851264S04155247WA0013200141
B1925331851265S04155248WA0013200141
B1925371851265S04155250WA0013200141
B1925411851264S04155251WA0013100142
B1925451851262S04155250WA0013200142
B1925491851261S04155249WA0013200142
B1925531851261S04155248WA0013100142
B1925571851262S04155247WA0013100142
B1926011851261S04155245WA0013100141
B1926051851263S04155244WA0013100141
B1926091851264S04155246WA0013100141
B1926131851263S04155243WA0013200141
B1926171851263S04155242WA0013200142
B1926211851263S04155244WA0013200143
B1926251851264S04155243WA0013200144
B1926291851266S04155243WA0013200144
B1926331851267S04155243WA0013200144
B1926371851267S04155244WA0013200144
B1926411851266S04155243WA0013200142
B1926451851267S04155243WA0013200142
B1926491851264S04155244WA0013200141
B1926531851264S04155242WA0013200140
B1926571851265S04155243WA0013200141
B1927011851263S04155242WA0013200141
B1927051851262S04155243WA0013100139
B1927091851262S04155244WA0013100138
B1927131851261S04155243WA0013100138
B1927171851263S04155244WA0013200138
B1927211851261S04155243WA0013200140
B1927251851259S04155241WA0013100138
B1927291851257S04155239WA0013100136
B1927331851257S04155239WA0013100134
B1927371851257S04155240WA0013100132
B1927411851257S04155239WA0013100129
B1927451851259S04155239WA0013200129
B1927491851263S04155242WA0013200128
B1927531851265S04155250WA0013200128
B1927571851268S04155260WA0013200127
B1928011851272S04155273WA0013300127
B1928051851277S04155289WA0013400132
B1928091851283S04155304WA0013500133
B1928131851294S04155318WA0013600134
B1928171851305S04155326WA0013700135
B1928211851319S04155333WA0013700136
B1928251851336S04155340WA0013800136
B1928291851356S04155349WA0013900138
B1928331851376S04155357WA0014000139
B1928371851395S04155364WA0014000140
B1928411851414S04155372WA0014000139
B1928451851432S04155380WA0014100141
B1928491851453S04155389WA0014100144
B1928531851472S04155392WA0014200146
B1928571851489S04155395WA0014100149
B1929011851509S04155397WA0013900150
B1929051851530S04155400WA0013800151
B1929091851549S04155401WA0013800151
B1929131851570S04155402WA0013800153
B1929171851593S04155403WA0013800154
B1929211851614S04155406WA0013900156
B1929251851635S04155411WA0013900157
B1929291851651S04155423WA0014000156
B1929331851665S04155438WA0014100154
B1929371851674S04155457WA0014200152
B1929411851682S04155476WA0014200151
B1929451851689S04155494WA0014200152
B1929491851695S04155513WA0014200154
B1929531851702S04155533WA0014200155
B1929571851711S04155551WA0014200157
B1930001851717S04155564WA0014200158
