AXFMSFP Flymaster Live, V1.0, S/N 210215
HFDTE210426
HFPLTPILOTINCHARGE:Marcelo Sanchez Vilchez
B1303101853192S04154928WA0100101093
B1303141853193S04154922WA0100001093
B1303181853194S04154915WA0099901092
B1303221853195S04154909WA0099901090
B1303261853195S04154902WA0099901092
B1303301853195S04154896WA0099801091
B1303341853197S04154892WA0099701090
B1303381853198S04154889WA0099701089
B1303421853200S04154886WA0099701088
B1303461853201S04154885WA0099601088
B1303501853202S04154884WA0099601088
B1303541853202S04154884WA0099601089
B1303581853201S04154884WA0099601089
B1304021853201S04154883WA0099501086
B1304061853201S04154883WA0099501085
B1304101853201S04154883WA0099501084
B1304141853201S04154882WA0099501084
B1304181853200S04154882WA0099601084
B1304221853200S04154882WA0099601084
B1304261853200S04154882WA0099601084
B1304301853200S04154882WA0099601084
B1304341853200S04154882WA0099601084
B1304381853200S04154882WA0099601084
B1304421853200S04154882WA0099601083
B1304461853200S04154882WA0099601083
B1304501853200S04154882WA0099601083
B1304541853200S04154882WA0099601083
B1304581853200S04154882WA0099601083
B1305021853200S04154882WA0099601083
B1305061853200S04154882WA0099601083
B1305101853200S04154882WA0099601083
B1305141853200S04154882WA0099601083
B1305181853200S04154882WA0099601083
B1305221853200S04154882WA0099601084
B1305261853200S04154882WA0099601084
B1305301853200S04154882WA0099601084
B1305341853200S04154882WA0099601084
B1305381853200S04154882WA0099601084
B1305421853200S04154882WA0099601084
B1305461853200S04154882WA0099601083
B1305501853200S04154882WA0099601083
B1305541853200S04154882WA0099601083
B1305581853200S04154882WA0099601083
B1306021853200S04154882WA0099601084
B1306061853199S04154885WA0099701083
B1306101853198S04154887WA0099701083
B1306141853197S04154889WA0099701085
B1306181853196S04154891WA0099801086
B1306221853195S04154894WA0099701087
B1306261853196S04154896WA0099801086
B1306301853196S04154901WA0099801087
B1306341853197S04154902WA0099801089
B1306381853196S04154906WA0099801087
B1306421853196S04154911WA0099801086
B1306461853196S04154912WA0099901085
B1306501853196S04154914WA0099901086
B1306541853195S04154920WA0099901087
B1306581853196S04154923WA0099901089
B1307021853196S04154925WA0100001089
B1307061853196S04154929WA0100101089
B1307101853197S04154931WA0100101089
B1307141853198S04154936WA0100201091
B1307181853199S04154938WA0100301093
B1307221853200S04154942WA0100301094
B1307261853199S04154943WA0100301092
B1307301853197S04154946WA0100301093
B1307341853197S04154947WA0100401094
B1307381853197S04154947WA0100401093
B1307421853197S04154947WA0100401093
B1307461853197S04154948WA0100401092
B1307501853197S04154948WA0100401092
B1307541853197S04154948WA0100401092
B1307581853197S04154948WA0100401094
B1308021853197S04154949WA0100401093
B1308061853197S04154949WA0100401093
B1308101853197S04154949WA0100401093
B1308141853197S04154949WA0100401093
B1308181853197S04154949WA0100401093
B1308221853197S04154949WA0100401093
B1308261853197S04154949WA0100401093
B1308301853197S04154949WA0100401093
B1308341853197S04154949WA0100401093
B1308381853197S04154949WA0100401092
B1308421853197S04154949WA0100301093
B1308461853197S04154949WA0100301094
B1308501853197S04154949WA0100301094
B1308541853197S04154949WA0100301094
B1308581853197S04154949WA0100301094
B1309021853197S04154949WA0100301094
B1309061853197S04154949WA0100301094
B1309101853197S04154949WA0100301095
B1309141853197S04154949WA0100301094
B1309181853197S04154949WA0100301094
B1309221853197S04154949WA0100401094
B1309261853197S04154949WA0100401094
B1309301853197S04154949WA0100401095
B1309341853197S04154949WA0100301095
B1309381853197S04154949WA0100301095
B1309421853197S04154949WA0100301096
B1309461853198S04154949WA0100301096
B1309501853198S04154950WA0100301096
B1309541853198S04154949WA0100301095
B1309581853198S04154948WA0100301095
B1310021853198S04154947WA0100301093
B1310061853197S04154946WA0100301092
B1310101853196S04154947WA0100301092
B1310141853194S04154946WA0100401091
B1310181853193S04154944WA0100401089
B1310221853192S04154944WA0100401091
B1310261853191S04154943WA0100401095
B1310301853191S04154943WA0100401095
B1310341853191S04154943WA0100401094
B1310381853191S04154943WA0100401095
B1310421853191S04154942WA0100401096
B1310461853190S04154942WA0100401095
B1310501853190S04154942WA0100401096
B1310541853190S04154942WA0100401096
B1310581853191S04154942WA0100401097
B1311021853191S04154942WA0100401097
B1311061853191S04154942WA0100401097
B1311101853191S04154942WA0100401097
B1311141853191S04154942WA0100401098
B1311181853191S04154942WA0100401099
B1311221853191S04154942WA0100401098
B1311261853191S04154942WA0100401097
B1311301853191S04154942WA0100401097
B1311341853191S04154943WA0100401096
B1311381853191S04154942WA0100401096
B1311421853192S04154942WA0100401096
B1311461853191S04154943WA0100401095
B1311501853190S04154942WA0100401093
B1311541853190S04154942WA0100401092
B1311581853191S04154943WA0100401093
B1312021853191S04154943WA0100401094
B1312061853191S04154943WA0100401094
B1312101853191S04154943WA0100401094
B1312141853191S04154943WA0100401095
B1312181853191S04154942WA0100401095
B1312221853190S04154943WA0100401095
B1312261853190S04154942WA0100401096
B1312301853191S04154942WA0100401097
B1312341853191S04154942WA0100401097
B1312381853190S04154942WA0100401099
B1312421853190S04154942WA0100401099
B1312461853190S04154942WA0100401098
B1312501853190S04154942WA0100401097
B1312541853190S04154942WA0100401098
B1312581853190S04154942WA0100401100
B1313021853190S04154942WA0100401100
B1313061853191S04154942WA0100401100
B1313101853191S04154942WA0100401099
B1313141853191S04154942WA0100401099
B1313181853191S04154941WA0100401099
B1313221853191S04154942WA0100401099
B1313261853191S04154942WA0100401098
B1313301853191S04154941WA0100401097
B1313341853191S04154941WA0100401097
B1313381853191S04154941WA0100401096
B1313421853191S04154941WA0100401096
B1313461853191S04154940WA0100401095
B1313501853192S04154940WA0100401095
B1313541853192S04154941WA0100401096
B1313581853191S04154941WA0100401095
B1314021853191S04154941WA0100401094
B1314061853191S04154941WA0100401095
B1314101853191S04154941WA0100401095
B1314141853191S04154941WA0100401094
B1314181853191S04154942WA0100401092
B1314221853191S04154943WA0100401093
B1314261853191S04154944WA0100501094
B1314301853190S04154944WA0100501095
B1314341853190S04154944WA0100501095
B1314381853190S04154943WA0100401095
B1314421853190S04154943WA0100501095
B1314461853190S04154943WA0100401095
B1314501853190S04154942WA0100401095
B1314541853190S04154941WA0100401095
B1314581853190S04154941WA0100401094
B1315021853190S04154941WA0100401095
B1315061853190S04154941WA0100401096
B1315101853190S04154942WA0100401095
B1315141853190S04154942WA0100401095
B1315181853190S04154943WA0100401096
B1315221853190S04154943WA0100401095
B1315261853189S04154943WA0100401095
B1315301853189S04154943WA0100401095
B1315341853189S04154943WA0100501096
B1315381853189S04154943WA0100501096
B1315421853189S04154943WA0100501096
B1315461853189S04154943WA0100501096
B1315501853189S04154943WA0100501095
B1315541853189S04154943WA0100501096
B1315581853189S04154943WA0100501096
B1316021853189S04154943WA0100501095
B1316061853189S04154943WA0100401095
B1316101853189S04154942WA0100401095
B1316141853189S04154942WA0100501096
B1316181853189S04154943WA0100501096
B1316221853189S04154943WA0100501097
B1316261853189S04154942WA0100401097
B1316301853189S04154942WA0100401097
B1316341853189S04154942WA0100401097
B1316381853189S04154942WA0100401097
B1316421853189S04154942WA0100401097
B1316461853189S04154942WA0100401097
B1316501853189S04154942WA0100401097
B1316541853190S04154942WA0100401096
B1316581853190S04154943WA0100401096
B1317021853190S04154942WA0100401096
B1317061853190S04154942WA0100401096
B1317101853190S04154942WA0100401096
B1317141853190S04154942WA0100401096
B1317181853190S04154942WA0100401096
B1317221853190S04154942WA0100401096
B1317261853191S04154942WA0100401095
B1317301853192S04154943WA0100401096
B1317341853193S04154945WA0100401096
B1317381853194S04154947WA0100401095
B1317421853194S04154948WA0100401096
B1317461853194S04154949WA0100401096
B1317501853195S04154950WA0100401098
B1317541853196S04154950WA0100401097
B1317581853196S04154950WA0100401097
B1318021853196S04154949WA0100301096
B1318061853196S04154949WA0100301096
B1318101853196S04154948WA0100301095
B1318141853194S04154946WA0100401094
B1318181853193S04154947WA0100401094
B1318221853192S04154946WA0100401094
B1318261853192S04154946WA0100401095
B1318301853192S04154946WA0100401095
B1318341853192S04154946WA0100401095
B1318381853192S04154946WA0100401095
B1318421853192S04154946WA0100401095
B1318461853191S04154947WA0100401097
B1318501853191S04154948WA0100501098
B1318541853191S04154950WA0100501099
B1318581853191S04154950WA0100501100
B1319021853191S04154951WA0100501101
B1319061853191S04154951WA0100501101
B1319101853191S04154951WA0100501102
B1319141853190S04154951WA0100501102
B1319181853190S04154951WA0100501102
B1319221853191S04154951WA0100501101
B1319261853191S04154949WA0100501100
B1319301853190S04154947WA0100501099
B1319341853189S04154946WA0100501100
B1319381853189S04154944WA0100401099
B1319421853190S04154942WA0100401098
B1319461853191S04154939WA0100401097
B1319501853192S04154935WA0100301094
B1319541853192S04154933WA0100201094
B1319581853191S04154931WA0100201091
B1320021853190S04154929WA0100101090
B1320061853190S04154926WA0100101087
B1320101853189S04154924WA0100001087
B1320141853189S04154921WA0100001088
B1320181853190S04154918WA0099901087
B1320221853190S04154915WA0099901086
B1320261853190S04154912WA0099901088
B1320301853191S04154910WA0099901090
B1320341853191S04154905WA0099801091
B1320381853192S04154902WA0099801091
B1320421853191S04154900WA0099801091
B1320461853192S04154896WA0099801089
B1320501853192S04154892WA0099701090
B1320541853193S04154889WA0099701089
B1320581853195S04154887WA0099701088
B1321021853197S04154883WA0099701089
B1321061853197S04154882WA0099601091
B1321101853198S04154882WA0099601091
B1321141853199S04154882WA0099601091
B1321181853199S04154882WA0099601089
B1321221853200S04154882WA0099601089
B1321261853200S04154882WA0099601089
B1321301853200S04154882WA0099601088
B1321341853200S04154882WA0099601088
B1321381853199S04154882WA0099601088
B1321421853200S04154882WA0099601088
B1321461853200S04154882WA0099601087
B1321501853200S04154881WA0099601087
B1321541853200S04154882WA0099601088
B1321581853200S04154881WA0099601089
B1322021853200S04154882WA0099601088
B1322061853200S04154882WA0099601088
B1322101853200S04154882WA0099601087
B1322141853200S04154882WA0099601087
B1322181853200S04154882WA0099601087
B1322221853200S04154882WA0099601087
B1322261853199S04154882WA0099601087
B1322301853199S04154882WA0099601087
B1322341853199S04154882WA0099601086
B1322381853199S04154882WA0099601086
B1322421853199S04154881WA0099601086
B1322461853199S04154881WA0099601086
B1322501853200S04154881WA0099601087
B1322541853200S04154882WA0099601088
B1322581853200S04154883WA0099601089
B1323021853200S04154882WA0099601089
B1323061853200S04154882WA0099601089
B1323101853200S04154882WA0099601089
B1323141853200S04154883WA0099601089
B1323181853200S04154883WA0099601091
B1323221853200S04154883WA0099601090
B1323261853200S04154884WA0099601091
B1323301853200S04154883WA0099601090
B1323341853199S04154883WA0099601089
B1323381853199S04154883WA0099601088
B1323421853199S04154883WA0099601089
B1323461853199S04154883WA0099601089
B1323501853199S04154883WA0099601089
B1323541853199S04154884WA0099601089
B1323581853200S04154884WA0099601090
B1324021853200S04154884WA0099601090
B1324061853200S04154884WA0099601090
B1324101853200S04154884WA0099601091
B1324141853200S04154884WA0099601090
B1324181853200S04154884WA0099601090
B1324221853200S04154883WA0099601090
B1324261853200S04154883WA0099601090
B1324301853200S04154883WA0099601090
B1324341853200S04154883WA0099601090
B1324381853200S04154884WA0099601089
B1324421853200S04154884WA0099601090
B1324461853200S04154884WA0099601090
B1324501853200S04154884WA0099601090
B1324541853200S04154884WA0099601090
B1324581853200S04154884WA0099601090
B1325021853200S04154884WA0099601090
B1325061853200S04154884WA0099601091
B1325101853200S04154884WA0099601091
B1325141853200S04154884WA0099601091
B1325181853200S04154884WA0099601091
B1325221853199S04154884WA0099601091
B1325261853199S04154884WA0099601091
B1325301853199S04154884WA0099601091
B1325341853199S04154883WA0099601091
B1325381853199S04154883WA0099601092
B1325421853199S04154883WA0099601092
B1325461853200S04154883WA0099601092
B1325501853200S04154883WA0099601092
B1325541853200S04154883WA0099601092
B1325581853200S04154883WA0099601092
B1326021853200S04154883WA0099601092
B1326061853200S04154883WA0099601092
B1326101853200S04154883WA0099601092
B1326141853199S04154883WA0099601092
B1326181853199S04154883WA0099601091
B1326221853199S04154883WA0099601091
B1326261853200S04154883WA0099601091
B1326301853200S04154883WA0099601091
B1326341853200S04154883WA0099601091
B1326381853200S04154883WA0099601091
B1326421853200S04154883WA0099601091
B1326461853200S04154883WA0099601092
B1326501853200S04154883WA0099601092
B1326541853200S04154884WA0099601093
B1326581853200S04154884WA0099601093
B1327021853200S04154884WA0099601093
B1327061853200S04154884WA0099601093
B1327101853200S04154884WA0099601094
B1327141853200S04154884WA0099601094
B1327181853200S04154884WA0099601094
B1327221853200S04154884WA0099601093
B1327261853200S04154884WA0099601093
B1327301853200S04154884WA0099601093
B1327341853200S04154884WA0099601093
B1327381853200S04154884WA0099601093
B1327421853200S04154884WA0099601093
B1327461853200S04154884WA0099601094
B1327501853200S04154884WA0099601094
B1327541853200S04154884WA0099601094
B1327581853200S04154884WA0099601094
B1328021853200S04154884WA0099601094
B1328061853200S04154884WA0099601094
B1328101853200S04154884WA0099601094
B1328141853200S04154884WA0099601094
B1328181853200S04154883WA0099601094
B1328221853200S04154884WA0099601094
B1328261853200S04154884WA0099601093
B1328301853200S04154883WA0099601092
B1328341853200S04154883WA0099601091
B1328381853200S04154883WA0099601091
B1328421853200S04154883WA0099601091
B1328461853199S04154883WA0099601091
B1328501853200S04154883WA0099601091
B1328541853199S04154883WA0099601092
B1328581853200S04154883WA0099601093
B1329021853200S04154883WA0099601091
B1329061853199S04154883WA0099601091
B1329101853200S04154883WA0099601091
B1329141853200S04154883WA0099601091
B1329181853200S04154883WA0099601091
B1329221853200S04154883WA0099601091
B1329261853200S04154883WA0099601092
B1329301853200S04154883WA0099601092
B1329341853200S04154883WA0099601091
B1329381853200S04154883WA0099601091
B1329421853200S04154883WA0099601092
B1329461853200S04154882WA0099601092
B1329501853200S04154882WA0099601092
B1329541853200S04154882WA0099601092
B1329581853200S04154882WA0099601091
B1330021853200S04154882WA0099601091
B1330061853200S04154882WA0099601091
B1330101853200S04154882WA0099601091
B1330141853200S04154882WA0099601091
B1330181853200S04154882WA0099601092
B1330221853200S04154882WA0099601092
B1330261853200S04154882WA0099601091
B1330301853200S04154882WA0099601091
B1330341853200S04154882WA0099601091
B1330381853200S04154882WA0099601091
B1330421853200S04154882WA0099601091
B1330461853200S04154882WA0099601091
B1330501853200S04154882WA0099601091
B1330541853200S04154882WA0099601092
B1330581853200S04154883WA0099601093
B1331021853200S04154883WA0099601093
B1331061853200S04154883WA0099601094
B1331101853201S04154883WA0099601094
B1331141853200S04154883WA0099601094
B1331181853200S04154883WA0099601094
B1331221853200S04154883WA0099601093
B1331261853200S04154883WA0099601093
B1331301853200S04154883WA0099601093
B1331341853200S04154883WA0099601093
B1331381853199S04154883WA0099701093
B1331421853199S04154884WA0099701093
B1331461853199S04154884WA0099701094
B1331501853199S04154884WA0099701095
B1331541853199S04154884WA0099701094
B1331581853199S04154884WA0099701094
B1332021853199S04154884WA0099701093
B1332061853198S04154883WA0099701092
B1332101853199S04154882WA0099701091
B1332141853199S04154882WA0099701091
B1332181853199S04154881WA0099701090
B1332221853199S04154881WA0099701090
B1332261853199S04154881WA0099701090
B1332301853200S04154881WA0099601090
B1332341853201S04154881WA0099601090
B1332381853201S04154881WA0099601090
B1332421853201S04154881WA0099601090
B1332461853200S04154881WA0099601090
B1332501853200S04154881WA0099701091
B1332541853200S04154882WA0099701092
B1332581853200S04154882WA0099601093
B1333021853200S04154882WA0099601093
B1333061853201S04154882WA0099601093
B1333101853201S04154882WA0099601093
B1333141853201S04154882WA0099701093
B1333181853201S04154883WA0099701092
B1333221853200S04154882WA0099701093
B1333261853200S04154882WA0099701092
B1333301853201S04154882WA0099701092
B1333341853201S04154882WA0099701092
B1333381853201S04154882WA0099701092
B1333421853201S04154882WA0099701092
B1333461853200S04154882WA0099701091
B1333501853200S04154882WA0099701091
B1333541853200S04154882WA0099701090
B1333581853200S04154882WA0099701089
B1334021853200S04154882WA0099701089
B1334061853200S04154882WA0099701088
B1334101853200S04154882WA0099701088
B1334141853200S04154882WA0099701088
B1334181853200S04154882WA0099701088
B1334221853200S04154882WA0099701088
B1334261853200S04154882WA0099701088
B1334301853201S04154882WA0099701088
B1334341853201S04154882WA0099701088
B1334381853201S04154882WA0099701088
B1334421853201S04154882WA0099701089
B1334461853201S04154881WA0099701089
B1334501853200S04154881WA0099701089
B1334541853200S04154881WA0099701089
B1334581853200S04154881WA0099701089
B1335021853200S04154881WA0099701089
B1335061853200S04154881WA0099701089
B1335101853200S04154881WA0099701090
B1335141853200S04154881WA0099701089
B1335181853200S04154881WA0099701089
B1335221853200S04154881WA0099701089
B1335261853200S04154881WA0099701089
B1335301853200S04154881WA0099701089
B1335341853200S04154881WA0099701089
B1335381853200S04154881WA0099701089
B1335421853200S04154881WA0099701088
B1335461853200S04154881WA0099701088
B1335501853200S04154881WA0099701088
B1335541853199S04154881WA0099701089
B1335581853200S04154882WA0099701089
B1336021853200S04154882WA0099701089
B1336061853200S04154882WA0099701088
B1336101853200S04154882WA0099701089
B1336141853200S04154882WA0099701088
B1336181853200S04154882WA0099701089
B1336221853200S04154882WA0099701089
B1336261853199S04154882WA0099701089
B1336301853199S04154881WA0099701088
B1336341853198S04154881WA0099701088
B1336381853199S04154881WA0099701088
B1336421853199S04154881WA0099701088
B1336461853198S04154881WA0099701089
B1336501853198S04154881WA0099701089
B1336541853198S04154881WA0099701088
B1336581853198S04154881WA0099701088
B1337021853198S04154881WA0099701087
B1337061853198S04154881WA0099701087
B1337101853198S04154881WA0099701087
B1337141853198S04154881WA0099701087
B1337181853198S04154881WA0099701087
B1337221853199S04154882WA0099701087
B1337261853200S04154882WA0099701089
B1337301853200S04154882WA0099701088
B1337341853200S04154882WA0099701089
B1337381853200S04154882WA0099701088
B1337421853199S04154882WA0099701088
B1337461853199S04154882WA0099701087
B1337501853199S04154882WA0099701088
B1337541853199S04154882WA0099701087
B1337581853199S04154882WA0099701087
B1338021853199S04154882WA0099701087
B1338061853199S04154882WA0099701087
B1338101853199S04154882WA0099701086
B1338141853199S04154883WA0099701085
B1338181853199S04154883WA0099701085
B1338221853199S04154883WA0099701085
B1338261853199S04154883WA0099701085
B1338301853199S04154883WA0099701086
B1338341853199S04154883WA0099701086
B1338381853199S04154883WA0099701086
B1338421853199S04154883WA0099701086
B1338461853199S04154883WA0099701086
B1338501853199S04154883WA0099701085
B1338541853199S04154882WA0099701085
B1338581853199S04154882WA0099801084
B1339021853199S04154883WA0099801083
B1339061853199S04154883WA0099801083
B1339101853199S04154883WA0099801083
B1339141853199S04154883WA0099801083
B1339181853199S04154883WA0099801083
B1339221853199S04154883WA0099801084
B1339261853199S04154883WA0099701085
B1339301853200S04154883WA0099701086
B1339341853200S04154883WA0099701086
B1339381853200S04154882WA0099701087
B1339421853200S04154882WA0099701088
B1339461853200S04154882WA0099701088
B1339501853200S04154882WA0099701089
B1339541853200S04154882WA0099701090
B1339581853200S04154882WA0099701090
B1340021853200S04154882WA0099701091
B1340061853200S04154882WA0099701091
B1340101853200S04154882WA0099701090
B1340141853200S04154882WA0099701090
B1340181853200S04154882WA0099701090
B1340221853200S04154882WA0099701090
B1340261853200S04154882WA0099701089
B1340301853200S04154882WA0099701089
B1340341853200S04154882WA0099701089
B1340381853200S04154882WA0099701089
B1340421853200S04154882WA0099701089
B1340461853200S04154882WA0099701089
B1340501853200S04154882WA0099701089
B1340541853200S04154882WA0099701089
B1340581853200S04154882WA0099701089
B1341021853200S04154882WA0099701090
B1341061853200S04154882WA0099701090
B1341101853200S04154882WA0099701090
B1341141853200S04154882WA0099701090
B1341181853200S04154882WA0099701090
B1341221853200S04154882WA0099701091
B1341261853200S04154882WA0099701091
B1341301853200S04154882WA0099701091
B1341341853200S04154882WA0099701091
B1341381853200S04154882WA0099701090
B1341421853200S04154882WA0099701090
B1341461853200S04154882WA0099701090
B1341501853200S04154881WA0099701090
B1341541853200S04154881WA0099701090
B1341581853200S04154881WA0099701090
B1342021853200S04154881WA0099701090
B1342061853200S04154881WA0099701090
B1342101853200S04154881WA0099701090
B1342141853200S04154881WA0099701090
B1342181853200S04154881WA0099701090
B1342221853200S04154881WA0099701090
B1342261853200S04154881WA0099701090
B1342301853200S04154881WA0099701090
B1342341853199S04154881WA0099701090
B1342381853199S04154881WA0099701091
B1342421853199S04154881WA0099701091
B1342461853199S04154881WA0099701091
B1342501853199S04154881WA0099701091
B1342541853199S04154881WA0099701091
B1342581853199S04154881WA0099701091
B1343021853199S04154881WA0099701091
B1343061853199S04154881WA0099701091
B1343101853199S04154881WA0099701091
B1343141853199S04154881WA0099701092
B1343181853199S04154881WA0099701092
B1343221853199S04154881WA0099701092
B1343261853199S04154881WA0099701092
B1343301853199S04154881WA0099701092
B1343341853199S04154881WA0099701092
B1343381853199S04154881WA0099701092
B1343421853199S04154881WA0099701092
B1343461853199S04154881WA0099701092
B1343501853199S04154881WA0099701092
B1343541853199S04154881WA0099701092
B1343581853199S04154881WA0099701092
B1344021853199S04154881WA0099701092
B1344061853199S04154881WA0099701092
B1344101853199S04154881WA0099701092
B1344141853199S04154881WA0099701092
B1344181853199S04154881WA0099701092
B1344221853199S04154881WA0099701092
B1344261853199S04154881WA0099701092
B1344301853199S04154881WA0099701092
B1344341853199S04154881WA0099701092
B1344381853199S04154881WA0099701092
B1344421853199S04154881WA0099701092
B1344461853199S04154881WA0099701092
B1344501853199S04154881WA0099701092
B1344541853199S04154882WA0099701092
B1344581853199S04154882WA0099701092
B1345021853199S04154882WA0099701092
B1345061853199S04154882WA0099701092
B1345101853199S04154882WA0099701092
B1345141853200S04154882WA0099701092
B1345181853200S04154882WA0099701091
B1345221853200S04154883WA0099701091
B1345261853200S04154883WA0099701091
B1345301853200S04154883WA0099701090
B1345341853200S04154883WA0099701090
B1345381853200S04154883WA0099701090
B1345421853200S04154883WA0099701090
B1345461853200S04154883WA0099701089
B1345501853200S04154883WA0099701089
B1345541853200S04154883WA0099701089
B1345581853200S04154883WA0099701089
B1346021853200S04154883WA0099701088
B1346061853200S04154883WA0099701088
B1346101853200S04154883WA0099701088
B1346141853200S04154883WA0099701088
B1346181853200S04154883WA0099701088
B1346221853200S04154884WA0099701088
B1346261853200S04154884WA0099701087
B1346301853200S04154884WA0099701087
B1346341853201S04154884WA0099701088
B1346381853200S04154884WA0099801088
B1346421853200S04154883WA0099701088
B1346461853200S04154884WA0099701088
B1346501853200S04154884WA0099701088
B1346541853200S04154884WA0099701088
B1346581853200S04154884WA0099701088
B1347021853200S04154884WA0099701088
B1347061853200S04154884WA0099701088
B1347101853200S04154884WA0099701089
B1347141853200S04154884WA0099801089
B1347181853200S04154884WA0099801089
B1347221853200S04154884WA0099801089
B1347261853201S04154884WA0099801089
B1347301853200S04154884WA0099801089
B1347341853200S04154884WA0099801089
B1347381853200S04154884WA0099801089
B1347421853200S04154884WA0099801089
B1347461853200S04154884WA0099801089
B1347501853200S04154884WA0099801089
B1347541853200S04154884WA0099801089
B1347581853200S04154884WA0099801089
B1348021853200S04154884WA0099801089
B1348061853200S04154884WA0099801089
B1348101853200S04154884WA0099801089
B1348141853200S04154884WA0099801089
B1348181853200S04154884WA0099801089
B1348221853200S04154884WA0099801089
B1348261853200S04154884WA0099801089
B1348301853200S04154884WA0099801089
B1348341853200S04154884WA0099801089
B1348381853200S04154884WA0099801090
B1348421853200S04154884WA0099801090
B1348461853200S04154884WA0099801090
B1348501853200S04154884WA0099801089
B1348541853200S04154884WA0099801089
B1348581853200S04154884WA0099801089
B1349021853200S04154884WA0099801089
B1349061853200S04154884WA0099801089
B1349101853200S04154884WA0099801089
B1349141853200S04154884WA0099801089
B1349181853200S04154884WA0099801089
B1349221853200S04154884WA0099801089
B1349261853200S04154884WA0099801089
B1349301853200S04154884WA0099801089
B1349341853200S04154884WA0099801089
B1349381853200S04154884WA0099801089
B1349421853200S04154884WA0099801089
B1349461853200S04154884WA0099801090
B1349501853200S04154884WA0099801090
B1349541853200S04154884WA0099801090
B1349581853200S04154884WA0099801090
B1350021853201S04154884WA0099801090
B1350061853201S04154884WA0099801090
B1350101853201S04154884WA0099801090
B1350141853201S04154884WA0099801090
B1350181853201S04154884WA0099801090
B1350221853201S04154884WA0099801090
B1350261853201S04154884WA0099801091
B1350301853201S04154884WA0099801091
B1350341853201S04154884WA0099801091
B1350381853201S04154884WA0099801091
B1350421853201S04154884WA0099801091
B1350461853201S04154884WA0099801091
B1350501853201S04154884WA0099801091
B1350541853201S04154884WA0099801091
B1350581853201S04154884WA0099801091
B1351021853201S04154884WA0099801091
B1351061853201S04154884WA0099801091
B1351101853201S04154884WA0099801091
B1351141853201S04154884WA0099801091
B1351181853201S04154884WA0099801091
B1351221853201S04154884WA0099801091
B1351261853201S04154884WA0099801091
B1351301853201S04154884WA0099801091
B1351341853201S04154884WA0099801091
B1351381853201S04154884WA0099801091
B1351421853201S04154884WA0099801091
B1351461853201S04154884WA0099801091
B1351501853201S04154884WA0099701091
B1351541853201S04154884WA0099701091
B1351581853201S04154884WA0099801091
B1352021853201S04154884WA0099801091
B1352061853201S04154884WA0099801091
B1352101853201S04154884WA0099801091
B1352141853201S04154884WA0099801091
B1352181853201S04154884WA0099801091
B1352221853201S04154884WA0099801091
B1352261853201S04154884WA0099801091
B1352301853201S04154884WA0099801091
B1352341853201S04154884WA0099801091
B1352381853201S04154884WA0099801091
B1352421853201S04154884WA0099801091
B1352461853200S04154884WA0099801091
B1352501853200S04154884WA0099801090
B1352541853200S04154883WA0099801090
B1352581853200S04154883WA0099801090
B1353021853200S04154883WA0099801090
B1353061853200S04154883WA0099801090
B1353101853200S04154883WA0099801090
B1353141853200S04154883WA0099801090
B1353181853200S04154883WA0099801090
B1353221853200S04154883WA0099801090
B1353261853200S04154883WA0099801090
B1353301853200S04154883WA0099801090
B1353341853200S04154883WA0099801090
B1353381853200S04154883WA0099801089
B1353421853200S04154883WA0099801089
B1353461853200S04154883WA0099801090
B1353501853200S04154883WA0099801090
B1353541853200S04154883WA0099801090
B1353581853200S04154883WA0099801090
B1354021853200S04154883WA0099801090
B1354061853200S04154883WA0099801090
B1354101853200S04154883WA0099801090
B1354141853200S04154883WA0099801090
B1354181853200S04154883WA0099801090
B1354221853200S04154883WA0099801090
B1354261853200S04154883WA0099801090
B1354301853200S04154883WA0099801090
B1354341853200S04154883WA0099801090
B1354381853200S04154883WA0099801090
B1354421853200S04154883WA0099801090
B1354461853200S04154883WA0099801090
B1354501853200S04154883WA0099801090
B1354541853200S04154883WA0099801090
B1354581853200S04154883WA0099801090
B1355021853200S04154883WA0099801090
B1355061853200S04154883WA0099801090
B1355101853200S04154883WA0099801090
B1355141853200S04154883WA0099801090
B1355181853200S04154883WA0099801090
B1355221853200S04154883WA0099801090
B1355261853200S04154883WA0099801091
B1355301853200S04154883WA0099801091
B1355341853200S04154883WA0099801091
B1355381853200S04154883WA0099801091
B1355421853200S04154883WA0099801091
B1355461853200S04154883WA0099801091
B1355501853200S04154883WA0099801091
B1355541853200S04154883WA0099801091
B1355581853200S04154883WA0099801091
B1356021853200S04154883WA0099801091
B1356061853200S04154883WA0099801091
B1356101853200S04154883WA0099801091
B1356141853200S04154883WA0099801091
B1356181853200S04154883WA0099801091
B1356221853200S04154883WA0099801091
B1356261853200S04154883WA0099801091
B1356301853200S04154883WA0099801091
B1356341853200S04154883WA0099801091
B1356381853200S04154883WA0099801091
B1356421853200S04154883WA0099801091
B1356461853200S04154883WA0099801091
B1356501853200S04154883WA0099801091
B1356541853200S04154883WA0099801091
B1356581853200S04154883WA0099801091
B1357021853200S04154883WA0099801091
B1357061853200S04154883WA0099801091
B1357101853200S04154883WA0099801091
B1357141853200S04154883WA0099801091
B1357181853200S04154883WA0099801091
B1357221853200S04154883WA0099801091
B1357261853200S04154883WA0099801091
B1357301853200S04154883WA0099801091
B1357341853200S04154883WA0099801091
B1357381853200S04154883WA0099801090
B1357421853200S04154883WA0099801090
B1357461853200S04154883WA0099801090
B1357501853200S04154883WA0099801090
B1357541853200S04154883WA0099801090
B1357581853200S04154883WA0099801090
B1358021853200S04154883WA0099801090
B1358061853200S04154883WA0099801090
B1358101853200S04154883WA0099801090
B1358141853200S04154883WA0099801090
B1358181853200S04154883WA0099801090
B1358221853200S04154883WA0099801090
B1358261853200S04154883WA0099801090
B1358301853200S04154883WA0099801090
B1358341853200S04154883WA0099801089
B1358381853200S04154883WA0099801089
B1358421853200S04154883WA0099801089
B1358461853200S04154883WA0099801089
B1358501853200S04154883WA0099801089
B1358541853200S04154883WA0099801089
B1358581853200S04154883WA0099801089
B1359021853200S04154883WA0099801089
B1359061853200S04154883WA0099801089
B1359101853200S04154883WA0099801089
B1359141853200S04154883WA0099801089
B1359181853200S04154883WA0099801089
B1359221853200S04154883WA0099801089
B1359261853200S04154883WA0099801089
B1359301853200S04154883WA0099801089
B1359341853200S04154883WA0099801089
B1359381853200S04154883WA0099801089
B1359421853200S04154883WA0099801089
B1359461853200S04154883WA0099801089
B1359501853200S04154883WA0099801089
B1359541853200S04154883WA0099801089
B1359581853200S04154883WA0099801089
B1400021853200S04154883WA0099801089
B1400061853200S04154883WA0099801089
B1400101853200S04154883WA0099801089
B1400141853200S04154883WA0099801089
B1400181853200S04154883WA0099801089
B1400221853200S04154883WA0099801089
B1400261853200S04154883WA0099801089
B1400301853200S04154883WA0099801089
B1400341853200S04154883WA0099801089
B1400381853200S04154883WA0099801088
B1400421853200S04154883WA0099801088
B1400461853200S04154883WA0099801088
B1400501853200S04154883WA0099801088
B1400541853200S04154883WA0099801088
B1400581853200S04154883WA0099801088
B1401021853200S04154883WA0099801088
B1401061853200S04154883WA0099801088
B1401101853200S04154883WA0099801088
B1401141853200S04154883WA0099801088
B1401181853200S04154883WA0099801088
B1401221853200S04154883WA0099801088
B1401261853200S04154883WA0099801088
B1401301853200S04154883WA0099801088
B1401341853200S04154883WA0099801088
B1401381853200S04154883WA0099801088
B1401421853200S04154884WA0099801089
B1401461853200S04154884WA0099801089
B1401501853200S04154884WA0099801090
B1401541853200S04154884WA0099801090
B1401581853200S04154884WA0099801090
B1402021853200S04154884WA0099801090
B1402061853200S04154884WA0099801090
B1402101853200S04154884WA0099801090
B1402141853200S04154884WA0099801090
B1402181853200S04154884WA0099801090
B1402221853200S04154884WA0099801090
B1402261853200S04154884WA0099801091
B1402301853201S04154884WA0099801091
B1402341853201S04154884WA0099801090
B1402381853200S04154884WA0099801090
B1402421853200S04154884WA0099801090
B1402461853200S04154884WA0099801089
B1402501853200S04154884WA0099801089
B1402541853200S04154884WA0099801089
B1402581853200S04154884WA0099801089
B1403021853200S04154884WA0099801089
B1403061853200S04154884WA0099801089
B1403101853200S04154884WA0099801089
B1403141853201S04154884WA0099801089
B1403181853201S04154884WA0099801089
B1403221853201S04154884WA0099801089
B1403261853201S04154884WA0099801089
B1403301853201S04154884WA0099801089
B1403341853201S04154884WA0099801089
B1403381853201S04154884WA0099801089
B1403421853201S04154884WA0099801089
B1403461853201S04154884WA0099801089
B1403501853201S04154884WA0099801089
B1403541853201S04154884WA0099801089
B1403581853201S04154884WA0099801089
B1404021853201S04154884WA0099801089
B1404061853201S04154884WA0099801089
B1404101853201S04154884WA0099801089
B1404141853201S04154884WA0099801088
B1404181853201S04154884WA0099801088
B1404221853201S04154884WA0099901089
B1404261853200S04154884WA0099901088
B1404301853200S04154884WA0099901088
B1404341853200S04154884WA0099901088
B1404381853200S04154884WA0099901088
B1404421853200S04154884WA0099901088
B1404461853200S04154884WA0099901088
B1404501853200S04154884WA0099901088
B1404541853200S04154884WA0099901088
B1404581853200S04154883WA0099901088
B1405021853200S04154883WA0099901088
B1405061853200S04154883WA0099901088
B1405101853200S04154883WA0099901088
B1405141853200S04154884WA0099901088
B1405181853200S04154884WA0099901088
B1405221853200S04154884WA0099901088
B1405261853200S04154884WA0099901088
B1405301853200S04154884WA0099901088
B1405341853200S04154884WA0099901088
B1405381853200S04154884WA0099901088
B1405421853200S04154884WA0099901088
B1405461853200S04154884WA0099901088
B1405501853200S04154884WA0099901088
B1405541853200S04154884WA0099901088
B1405581853200S04154884WA0099901088
B1406021853200S04154884WA0099901088
B1406061853200S04154884WA0099901088
B1406101853200S04154884WA0099901088
B1406141853200S04154884WA0099901088
B1406181853200S04154884WA0099901088
B1406221853200S04154884WA0099901088
B1406261853200S04154884WA0099901088
B1406301853200S04154884WA0099901088
B1406341853200S04154884WA0099901088
B1406381853200S04154884WA0099901087
B1406421853200S04154883WA0099901087
B1406461853200S04154883WA0099901087
B1406501853200S04154883WA0099901087
B1406541853200S04154883WA0099901087
B1406581853201S04154883WA0099901087
B1407021853200S04154883WA0099901087
B1407061853200S04154883WA0099901087
B1407101853200S04154883WA0099901087
B1407141853200S04154883WA0099901086
B1407181853201S04154883WA0099901086
B1407221853201S04154883WA0099901086
B1407261853201S04154884WA0099901087
B1407301853201S04154884WA0099901087
B1407341853201S04154884WA0099901087
B1407381853201S04154884WA0099901087
B1407421853201S04154884WA0099901087
B1407461853201S04154884WA0099901087
B1407501853201S04154884WA0099901087
B1407541853201S04154884WA0099901087
B1407581853201S04154884WA0099901087
B1408021853201S04154884WA0099901087
B1408061853201S04154884WA0099901087
B1408101853201S04154884WA0099901087
B1408141853201S04154884WA0099901087
B1408181853201S04154884WA0099901087
B1408221853201S04154884WA0099901086
B1408261853201S04154884WA0099901086
B1408301853201S04154884WA0099901086
B1408341853201S04154884WA0099901086
B1408381853201S04154884WA0099901086
B1408421853201S04154884WA0099901086
B1408461853201S04154884WA0099901086
B1408501853201S04154884WA0099901086
B1408541853201S04154884WA0099901086
B1408581853201S04154884WA0099901086
B1409021853201S04154884WA0099901086
B1409061853201S04154884WA0099901086
B1409101853201S04154884WA0099901086
B1409141853201S04154884WA0099901085
B1409181853201S04154884WA0099901085
B1409221853201S04154884WA0099901085
B1409261853201S04154884WA0099901085
B1409301853201S04154884WA0099901085
B1409341853201S04154884WA0099901086
B1409381853201S04154884WA0099901086
B1409421853201S04154884WA0099901086
B1409461853201S04154884WA0099901086
B1409501853201S04154884WA0099901085
B1409541853201S04154884WA0099901085
B1409581853201S04154884WA0099901085
B1410021853201S04154884WA0099901085
B1410061853201S04154884WA0099901085
B1410101853201S04154884WA0099901085
B1410141853201S04154884WA0099901085
B1410181853201S04154884WA0100001085
B1410221853201S04154884WA0100001085
B1410261853201S04154884WA0100001085
B1410301853201S04154884WA0099901085
B1410341853201S04154884WA0100001085
B1410381853201S04154884WA0100001085
B1410421853201S04154884WA0099901085
B1410461853201S04154884WA0099901085
B1410501853201S04154884WA0099901085
B1410541853201S04154884WA0099901085
B1410581853201S04154884WA0100001085
B1411021853201S04154884WA0100001085
B1411061853201S04154884WA0100001085
B1411101853201S04154883WA0100001085
B1411141853201S04154883WA0100001085
B1411181853201S04154883WA0100001085
B1411221853201S04154883WA0100001085
B1411261853201S04154883WA0100001085
B1411301853201S04154883WA0100001085
B1411341853201S04154883WA0100001085
B1411381853201S04154883WA0100001085
B1411421853201S04154884WA0100001085
B1411461853201S04154884WA0100001085
B1411501853201S04154884WA0100001085
B1411541853201S04154884WA0100001086
B1411581853201S04154884WA0100001086
B1412021853201S04154884WA0100001086
B1412061853201S04154884WA0100001087
B1412101853201S04154884WA0100001086
B1412141853201S04154884WA0100001086
B1412181853201S04154884WA0100001087
B1412221853201S04154884WA0100001087
B1412261853201S04154884WA0100001087
B1412301853201S04154884WA0100001087
B1412341853201S04154884WA0100001087
B1412381853201S04154884WA0100001087
B1412421853201S04154884WA0100001088
B1412461853201S04154884WA0100001088
B1412501853201S04154884WA0100001088
B1412541853201S04154884WA0100001088
B1412581853201S04154884WA0100001088
B1413021853201S04154884WA0100001088
B1413061853201S04154884WA0100001089
B1413101853201S04154884WA0100001089
B1413141853201S04154884WA0100001089
B1413181853201S04154884WA0100001089
B1413221853201S04154884WA0100001089
B1413261853201S04154884WA0100001089
B1413301853201S04154884WA0100001089
B1413341853201S04154884WA0100001089
B1413381853201S04154884WA0100001089
B1413421853201S04154884WA0100001089
B1413461853201S04154884WA0100001089
B1413501853201S04154884WA0100001089
B1413541853201S04154884WA0100001089
B1413581853201S04154884WA0100001089
B1414021853201S04154884WA0100001089
B1414061853201S04154884WA0100001089
B1414101853201S04154884WA0100001089
B1414141853201S04154884WA0100001089
B1414181853201S04154884WA0100001089
B1414221853201S04154884WA0100001089
B1414261853201S04154884WA0100001089
B1414301853201S04154884WA0100001089
B1414341853201S04154884WA0100001089
B1414381853201S04154884WA0100001090
B1414421853201S04154884WA0100001090
B1414461853201S04154884WA0100001090
B1414501853201S04154884WA0100001090
B1414541853201S04154884WA0100001090
B1414581853201S04154884WA0100001090
B1415021853200S04154884WA0100001090
B1415061853200S04154884WA0100001090
B1415101853200S04154884WA0100001090
B1415141853200S04154884WA0100001090
B1415181853200S04154884WA0100001090
B1415221853200S04154884WA0100001090
B1415261853200S04154884WA0100001090
B1415301853200S04154884WA0100001090
B1415341853200S04154884WA0100001090
B1415381853200S04154884WA0100001090
B1415421853200S04154884WA0100001090
B1415461853200S04154884WA0100001090
B1415501853200S04154884WA0100001090
B1415541853200S04154884WA0100001090
B1415581853200S04154883WA0100001090
B1416021853200S04154883WA0100001090
B1416061853200S04154883WA0100001090
B1416101853200S04154883WA0100001090
B1416141853200S04154883WA0100001090
B1416181853200S04154883WA0100001090
B1416221853200S04154883WA0100001090
B1416261853200S04154883WA0100001090
B1416301853199S04154883WA0100001090
B1416341853199S04154883WA0100001090
B1416381853199S04154883WA0100001090
B1416421853199S04154883WA0100001090
B1416461853199S04154883WA0100001090
B1416501853199S04154883WA0100001090
B1416541853199S04154883WA0100001090
B1416581853199S04154883WA0100001090
B1417021853199S04154883WA0100001090
B1417061853199S04154883WA0100001091
B1417101853199S04154883WA0100001091
B1417141853199S04154883WA0100001091
B1417181853199S04154883WA0100001091
B1417221853199S04154883WA0100001091
B1417261853199S04154883WA0100001091
B1417301853199S04154883WA0100001090
B1417341853199S04154883WA0100001090
B1417381853199S04154883WA0100001090
B1417421853199S04154883WA0100001090
B1417461853200S04154883WA0100001090
B1417501853199S04154883WA0100001089
B1417541853199S04154883WA0100001089
B1417581853199S04154883WA0100001089
B1418021853200S04154883WA0100001090
B1418061853200S04154883WA0100001090
B1418101853200S04154883WA0100101090
B1418141853200S04154883WA0100101090
B1418181853200S04154883WA0100101090
B1418221853200S04154883WA0100101090
B1418261853200S04154883WA0100101090
B1418301853200S04154883WA0100101090
B1418341853200S04154883WA0100101090
B1418381853200S04154883WA0100101090
B1418421853200S04154883WA0100101090
B1418461853200S04154883WA0100101090
B1418501853200S04154883WA0100101090
B1418541853200S04154883WA0100101090
B1418581853200S04154883WA0100101090
B1419021853200S04154883WA0100101091
B1419061853200S04154883WA0100101091
B1419101853200S04154883WA0100101091
B1419141853200S04154883WA0100101091
B1419181853200S04154883WA0100101091
B1419221853200S04154883WA0100101091
B1419261853200S04154883WA0100101090
B1419301853200S04154883WA0100101090
B1419341853200S04154883WA0100101090
B1419381853200S04154883WA0100101090
B1419421853200S04154883WA0100101090
B1419461853200S04154883WA0100101090
B1419501853200S04154883WA0100101090
B1419541853200S04154883WA0100101090
B1419581853200S04154883WA0100101090
B1420021853200S04154883WA0100101090
B1420061853200S04154883WA0100101091
B1420101853200S04154883WA0100101090
B1420141853200S04154883WA0100101090
B1420181853200S04154883WA0100101090
B1420221853200S04154883WA0100101090
B1420261853200S04154883WA0100101090
B1420301853200S04154883WA0100101090
B1420341853200S04154883WA0100101090
B1420381853200S04154883WA0100101090
B1420421853200S04154883WA0100101090
B1420461853200S04154883WA0100101090
B1420501853199S04154883WA0100101090
B1420541853199S04154883WA0100101090
B1420581853199S04154883WA0100101090
B1421021853199S04154883WA0100101090
B1421061853199S04154883WA0100101090
B1421101853199S04154883WA0100101090
B1421141853199S04154883WA0100101090
B1421181853199S04154883WA0100101090
B1421221853199S04154883WA0100101090
B1421261853199S04154883WA0100101090
B1421301853199S04154883WA0100101090
B1421341853199S04154883WA0100101090
B1421381853199S04154883WA0100101090
B1421421853199S04154883WA0100101090
B1421461853199S04154883WA0100101090
B1421501853199S04154883WA0100101090
B1421541853199S04154883WA0100101090
B1421581853199S04154883WA0100101090
B1422021853199S04154883WA0100101090
B1422061853199S04154883WA0100101090
B1422101853199S04154883WA0100101090
B1422141853199S04154883WA0100101090
B1422181853199S04154883WA0100101090
B1422221853199S04154883WA0100101089
B1422261853199S04154883WA0100101089
B1422301853199S04154883WA0100101089
B1422341853199S04154883WA0100101089
B1422381853199S04154883WA0100101089
B1422421853199S04154883WA0100101089
B1422461853199S04154883WA0100101089
B1422501853199S04154883WA0100101089
B1422541853199S04154883WA0100101089
B1422581853199S04154883WA0100101089
B1423021853199S04154883WA0100101089
B1423061853199S04154883WA0100101089
B1423101853199S04154883WA0100101089
B1423141853199S04154883WA0100101089
B1423181853199S04154883WA0100101089
B1423221853199S04154883WA0100101089
B1423261853199S04154883WA0100101089
B1423301853199S04154883WA0100101089
B1423341853199S04154883WA0100101089
B1423381853199S04154883WA0100101089
B1423421853199S04154883WA0100101089
B1423461853199S04154883WA0100101089
B1423501853199S04154883WA0100101089
B1423541853199S04154883WA0100101089
B1423581853199S04154883WA0100101089
B1424021853199S04154883WA0100101089
B1424061853199S04154883WA0100101088
B1424101853199S04154883WA0100101088
B1424141853199S04154882WA0100101088
B1424181853199S04154882WA0100101088
B1424221853199S04154882WA0100101088
B1424261853199S04154882WA0100101088
B1424301853199S04154882WA0100101088
B1424341853199S04154882WA0100101088
B1424381853199S04154882WA0100101088
B1424421853199S04154882WA0100101088
B1424461853199S04154882WA0100101088
B1424501853199S04154882WA0100101088
B1424541853199S04154882WA0100101088
B1424581853199S04154882WA0100101088
B1425021853199S04154882WA0100101087
B1425061853199S04154882WA0100101087
B1425101853199S04154882WA0100101087
B1425141853199S04154882WA0100101087
B1425181853199S04154882WA0100101087
B1425221853199S04154882WA0100101087
B1425261853199S04154882WA0100101087
B1425301853199S04154882WA0100101087
B1425341853200S04154882WA0100101087
B1425381853200S04154883WA0100101086
B1425421853200S04154883WA0100101086
B1425461853200S04154883WA0100101086
B1425501853200S04154883WA0100101087
B1425541853200S04154883WA0100101087
B1425581853200S04154883WA0100101087
B1426021853200S04154883WA0100101087
B1426061853200S04154883WA0100101087
B1426101853200S04154883WA0100101087
B1426141853200S04154883WA0100101087
B1426181853200S04154883WA0100101087
B1426221853200S04154883WA0100101087
B1426261853200S04154883WA0100101087
B1426301853200S04154883WA0100101088
B1426341853200S04154883WA0100101088
B1426381853200S04154883WA0100101088
B1426421853200S04154883WA0100101089
B1426461853200S04154883WA0100101089
B1426501853201S04154883WA0100101089
B1426541853201S04154883WA0100101089
B1426581853201S04154883WA0100101089
B1427021853201S04154883WA0100101089
B1427061853201S04154883WA0100101089
B1427101853201S04154883WA0100101089
B1427141853201S04154883WA0100201089
B1427181853201S04154883WA0100201090
B1427221853201S04154883WA0100101090
B1427261853201S04154883WA0100101090
B1427301853201S04154883WA0100201090
B1427341853201S04154883WA0100201090
B1427381853201S04154883WA0100201090
B1427421853201S04154883WA0100201091
B1427461853201S04154883WA0100201091
B1427501853200S04154883WA0100201091
B1427541853200S04154883WA0100201091
B1427581853200S04154883WA0100101091
B1428021853200S04154883WA0100101091
B1428061853200S04154883WA0100201091
B1428101853200S04154883WA0100201091
B1428141853200S04154883WA0100201091
B1428181853200S04154883WA0100201091
B1428221853200S04154883WA0100201091
B1428261853200S04154883WA0100201091
B1428301853200S04154883WA0100201092
B1428341853200S04154883WA0100201092
B1428381853200S04154883WA0100201092
B1428421853200S04154883WA0100201092
B1428461853200S04154883WA0100201092
B1428501853200S04154883WA0100201092
B1428541853200S04154883WA0100201092
B1428581853200S04154883WA0100201092
B1429021853200S04154883WA0100201092
B1429061853200S04154883WA0100201092
B1429101853200S04154883WA0100201092
B1429141853200S04154883WA0100201092
B1429181853200S04154883WA0100201092
B1429221853200S04154883WA0100201092
B1429261853200S04154883WA0100201092
B1429301853200S04154883WA0100201092
B1429341853200S04154883WA0100201092
B1429381853200S04154883WA0100201092
B1429421853200S04154883WA0100201093
B1429461853200S04154883WA0100201093
B1429501853200S04154883WA0100201093
B1429541853200S04154883WA0100201093
B1429581853200S04154883WA0100201093
B1430021853200S04154883WA0100201093
B1430061853200S04154883WA0100201092
B1430101853200S04154883WA0100201092
B1430141853200S04154883WA0100201092
B1430181853200S04154883WA0100201092
B1430221853200S04154883WA0100201092
B1430261853200S04154883WA0100201092
B1430301853200S04154883WA0100201092
B1430341853200S04154883WA0100201092
B1430381853200S04154883WA0100201092
B1430421853200S04154883WA0100201092
B1430461853200S04154883WA0100201092
B1430501853200S04154883WA0100201092
B1430541853200S04154883WA0100201092
B1430581853199S04154883WA0100201091
B1431021853199S04154883WA0100201091
B1431061853199S04154883WA0100201091
B1431101853199S04154883WA0100201091
B1431141853199S04154883WA0100201091
B1431181853199S04154883WA0100201091
B1431221853199S04154883WA0100201091
B1431261853199S04154882WA0100201090
B1431301853199S04154882WA0100201090
B1431341853199S04154882WA0100201090
B1431381853199S04154882WA0100201090
B1431421853199S04154882WA0100201090
B1431461853199S04154882WA0100201090
B1431501853199S04154882WA0100201090
B1431541853199S04154882WA0100201089
B1431581853199S04154882WA0100201090
B1432021853199S04154882WA0100201090
B1432061853199S04154882WA0100201090
B1432101853199S04154883WA0100201090
B1432141853199S04154883WA0100201090
B1432181853199S04154883WA0100201090
B1432221853199S04154883WA0100201090
B1432261853200S04154883WA0100201089
B1432301853200S04154883WA0100201090
B1432341853200S04154883WA0100201089
B1432381853200S04154883WA0100201089
B1432421853200S04154883WA0100201089
B1432461853200S04154883WA0100201089
B1432501853200S04154883WA0100201089
B1432541853200S04154883WA0100201089
B1432581853200S04154883WA0100201089
B1433021853200S04154883WA0100201090
B1433061853200S04154883WA0100201090
B1433101853200S04154883WA0100201090
B1433141853200S04154883WA0100201090
B1433181853200S04154883WA0100201090
B1433221853200S04154883WA0100201090
B1433261853200S04154883WA0100201090
B1433301853200S04154883WA0100201090
B1433341853200S04154883WA0100201090
B1433381853201S04154883WA0100201090
B1433421853201S04154883WA0100201090
B1433461853201S04154883WA0100201090
B1433501853201S04154883WA0100201090
B1433541853201S04154883WA0100201090
B1433581853201S04154883WA0100201090
B1434021853201S04154883WA0100201090
B1434061853201S04154883WA0100201090
B1434101853201S04154883WA0100201090
B1434141853201S04154883WA0100201089
B1434181853201S04154883WA0100201089
B1434221853201S04154883WA0100201089
B1434261853201S04154883WA0100201089
B1434301853201S04154883WA0100201089
B1434341853201S04154883WA0100201089
B1434381853201S04154883WA0100201089
B1434421853201S04154883WA0100201089
B1434461853201S04154883WA0100201089
B1434501853201S04154883WA0100201089
B1434541853201S04154883WA0100201089
B1434581853201S04154883WA0100201089
B1435021853201S04154883WA0100201089
B1435061853200S04154883WA0100201089
B1435101853200S04154883WA0100201089
B1435141853200S04154883WA0100201089
B1435181853200S04154883WA0100201089
B1435221853200S04154882WA0100201089
B1435261853200S04154882WA0100201089
B1435301853200S04154882WA0100201089
B1435341853200S04154882WA0100201089
B1435381853200S04154882WA0100201089
B1435421853200S04154882WA0100201089
B1435461853200S04154882WA0100201089
B1435501853200S04154882WA0100201089
B1435541853200S04154882WA0100201089
B1435581853199S04154882WA0100201089
B1436021853199S04154882WA0100201089
B1436061853199S04154882WA0100201089
B1436101853199S04154882WA0100201089
B1436141853199S04154882WA0100201089
B1436181853199S04154882WA0100201089
B1436221853199S04154882WA0100201089
B1436261853199S04154882WA0100201089
B1436301853199S04154882WA0100201089
B1436341853199S04154882WA0100201089
B1436381853199S04154882WA0100201089
B1436421853199S04154882WA0100201089
B1436461853199S04154882WA0100201089
B1436501853199S04154882WA0100201089
B1436541853199S04154882WA0100201089
B1436581853199S04154882WA0100201089
B1437021853199S04154882WA0100201089
B1437061853199S04154882WA0100201089
B1437101853199S04154882WA0100201089
B1437141853199S04154882WA0100201089
B1437181853199S04154882WA0100201089
B1437221853199S04154882WA0100201089
B1437261853199S04154882WA0100201089
B1437301853199S04154882WA0100201089
B1437341853199S04154882WA0100201089
B1437381853199S04154882WA0100201088
B1437421853199S04154882WA0100201088
B1437461853199S04154882WA0100201088
B1437501853199S04154882WA0100201088
B1437541853199S04154882WA0100201088
B1437581853199S04154882WA0100201088
B1438021853200S04154882WA0100201088
B1438061853200S04154883WA0100201088
B1438101853200S04154883WA0100201088
B1438141853200S04154883WA0100201088
B1438181853200S04154882WA0100201087
B1438221853200S04154882WA0100201087
B1438261853200S04154882WA0100201087
B1438301853200S04154882WA0100201087
B1438341853200S04154882WA0100201087
B1438381853200S04154882WA0100201087
B1438421853200S04154882WA0100201087
B1438461853200S04154882WA0100201087
B1438501853200S04154883WA0100201087
B1438541853200S04154883WA0100201087
B1438581853200S04154883WA0100201087
B1439021853200S04154883WA0100201087
B1439061853200S04154882WA0100201087
B1439101853200S04154882WA0100201087
B1439141853200S04154882WA0100201087
B1439181853200S04154882WA0100201087
B1439221853200S04154882WA0100201087
B1439261853200S04154882WA0100201087
B1439301853200S04154882WA0100201087
B1439341853200S04154882WA0100201087
B1439381853200S04154882WA0100201087
B1439421853200S04154882WA0100201087
B1439461853199S04154882WA0100201087
B1439501853199S04154882WA0100201087
B1439541853199S04154882WA0100201087
B1439581853199S04154882WA0100201087
B1440021853199S04154882WA0100201087
B1440061853199S04154882WA0100201087
B1440101853199S04154882WA0100201087
B1440141853199S04154882WA0100201087
B1440181853199S04154882WA0100201087
B1440221853199S04154882WA0100201087
B1440261853199S04154882WA0100201086
B1440301853199S04154882WA0100201086
B1440341853199S04154882WA0100201086
B1440381853199S04154882WA0100201086
B1440421853199S04154882WA0100201086
B1440461853199S04154882WA0100201086
B1440501853199S04154882WA0100201086
B1440541853199S04154882WA0100201086
B1440581853199S04154882WA0100201086
B1441021853199S04154882WA0100201086
B1441061853199S04154882WA0100201086
B1441101853199S04154882WA0100201086
B1441141853199S04154882WA0100201086
B1441181853199S04154882WA0100201086
B1441221853199S04154882WA0100201086
B1441261853199S04154882WA0100201086
B1441301853199S04154882WA0100201086
B1441341853199S04154882WA0100201086
B1441381853199S04154882WA0100201086
B1441421853199S04154882WA0100201086
B1441461853199S04154882WA0100201086
B1441501853199S04154882WA0100201086
B1441541853199S04154882WA0100201086
B1441581853199S04154882WA0100201087
B1442021853199S04154882WA0100201087
B1442061853199S04154882WA0100201087
B1442101853199S04154882WA0100201087
B1442141853199S04154882WA0100201087
B1442181853199S04154882WA0100201087
B1442221853199S04154882WA0100201087
B1442261853199S04154882WA0100201087
B1442301853199S04154882WA0100201087
B1442341853199S04154882WA0100201087
B1442381853199S04154882WA0100201087
B1442421853199S04154882WA0100201087
B1442461853199S04154882WA0100201088
B1442501853199S04154882WA0100201088
B1442541853199S04154882WA0100201088
B1442581853199S04154882WA0100201088
B1443021853199S04154883WA0100201088
B1443061853199S04154883WA0100301089
B1443101853199S04154883WA0100301089
B1443141853199S04154883WA0100201089
B1443181853199S04154883WA0100301090
B1443221853199S04154883WA0100301090
B1443261853199S04154883WA0100301091
B1443301853199S04154883WA0100301091
B1443341853199S04154883WA0100301091
B1443381853199S04154883WA0100301091
B1443421853199S04154883WA0100301091
B1443461853199S04154883WA0100301091
B1443501853199S04154883WA0100301091
B1443541853200S04154883WA0100301091
B1443581853200S04154883WA0100301091
B1444021853200S04154883WA0100301090
B1444061853200S04154883WA0100301091
B1444101853200S04154883WA0100301091
B1444141853200S04154883WA0100301091
B1444181853200S04154883WA0100301091
B1444221853200S04154883WA0100301091
B1444261853200S04154883WA0100301091
B1444301853200S04154883WA0100301091
B1444341853200S04154883WA0100301091
B1444381853200S04154883WA0100301091
B1444421853200S04154883WA0100301091
B1444461853200S04154883WA0100301091
B1444501853200S04154883WA0100301091
B1444541853200S04154883WA0100301091
B1444581853200S04154883WA0100301091
B1445021853200S04154883WA0100301091
B1445061853200S04154883WA0100301091
B1445101853200S04154883WA0100301091
B1445141853200S04154883WA0100301091
B1445181853200S04154883WA0100301091
B1445221853200S04154883WA0100301091
B1445261853200S04154883WA0100301092
B1445301853200S04154883WA0100301092
B1445341853199S04154883WA0100301092
B1445381853199S04154883WA0100301093
B1445421853199S04154883WA0100301093
B1445461853199S04154883WA0100301094
B1445501853199S04154883WA0100301094
B1445541853199S04154883WA0100301094
B1445581853199S04154883WA0100301095
B1446021853199S04154883WA0100301095
B1446061853199S04154883WA0100201095
B1446101853199S04154883WA0100201095
B1446141853199S04154883WA0100301095
B1446181853199S04154883WA0100201096
B1446221853199S04154883WA0100201096
B1446261853199S04154883WA0100301095
B1446301853199S04154883WA0100301095
B1446341853199S04154883WA0100301095
B1446381853199S04154883WA0100301095
B1446421853199S04154883WA0100301095
B1446461853199S04154883WA0100301095
B1446501853199S04154883WA0100301095
B1446541853199S04154884WA0100301095
B1446581853199S04154884WA0100301096
B1447021853199S04154884WA0100301096
B1447061853199S04154884WA0100301096
B1447101853199S04154884WA0100301096
B1447141853199S04154883WA0100301096
B1447181853199S04154883WA0100301096
B1447221853199S04154883WA0100301096
B1447261853199S04154884WA0100301096
B1447301853199S04154884WA0100301096
B1447341853199S04154884WA0100301096
B1447381853199S04154884WA0100301096
B1447421853199S04154884WA0100301097
B1447461853199S04154884WA0100301097
B1447501853199S04154884WA0100301097
B1447541853199S04154884WA0100301097
B1447581853199S04154884WA0100301097
B1448021853199S04154884WA0100301097
B1448061853199S04154884WA0100301096
B1448101853199S04154883WA0100301096
B1448141853199S04154883WA0100301095
B1448181853199S04154883WA0100301095
B1448221853199S04154883WA0100301095
B1448261853199S04154883WA0100301095
B1448301853199S04154883WA0100301094
B1448341853199S04154883WA0100301094
B1448381853199S04154883WA0100301094
B1448421853199S04154884WA0100301094
B1448461853199S04154883WA0100301094
B1448501853199S04154883WA0100301094
B1448541853199S04154883WA0100301093
B1448581853199S04154883WA0100301093
B1449021853199S04154884WA0100301093
B1449061853199S04154884WA0100301093
B1449101853199S04154883WA0100301092
B1449141853199S04154883WA0100301092
B1449181853199S04154883WA0100301093
B1449221853199S04154883WA0100301093
B1449261853199S04154883WA0100301093
B1449301853199S04154883WA0100301093
B1449341853199S04154883WA0100301093
B1449381853199S04154883WA0100301093
B1449421853199S04154883WA0100301093
B1449461853199S04154883WA0100201093
B1449501853199S04154883WA0100301093
B1449541853199S04154883WA0100201093
B1449581853199S04154883WA0100201093
B1450021853199S04154883WA0100301093
B1450061853198S04154883WA0100301093
B1450101853199S04154883WA0100301093
B1450141853198S04154883WA0100201094
B1450181853198S04154883WA0100201094
B1450221853198S04154883WA0100201094
B1450261853198S04154883WA0100201094
B1450301853198S04154883WA0100201094
B1450341853198S04154883WA0100201095
B1450381853198S04154883WA0100301095
B1450421853198S04154883WA0100301095
B1450461853198S04154883WA0100301095
B1450501853198S04154883WA0100301096
B1450541853198S04154883WA0100201096
B1450581853199S04154883WA0100201096
B1451021853199S04154883WA0100201096
B1451061853199S04154883WA0100201096
B1451101853199S04154883WA0100201096
B1451141853198S04154883WA0100201096
B1451181853198S04154883WA0100201096
B1451221853198S04154883WA0100201096
B1451261853198S04154883WA0100201096
B1451301853198S04154883WA0100201095
B1451341853198S04154883WA0100301095
B1451381853198S04154883WA0100301095
B1451421853198S04154883WA0100301095
B1451461853198S04154883WA0100201095
B1451501853198S04154883WA0100301095
B1451541853198S04154883WA0100301095
B1451581853198S04154882WA0100301095
B1452021853198S04154882WA0100301095
B1452061853198S04154882WA0100301093
B1452101853198S04154882WA0100301093
B1452141853198S04154882WA0100401093
B1452181853198S04154882WA0100401093
B1452221853198S04154882WA0100301093
B1452261853199S04154882WA0100401092
B1452301853199S04154883WA0100301091
B1452341853199S04154883WA0100301090
B1452381853199S04154883WA0100301089
B1452421853199S04154883WA0100301089
B1452461853199S04154883WA0100301086
B1452501853199S04154883WA0100301087
B1452541853199S04154883WA0100301087
B1452581853199S04154883WA0100301087
B1453021853199S04154883WA0100401087
B1453061853199S04154883WA0100401087
B1453101853200S04154883WA0100401088
B1453141853200S04154883WA0100401088
B1453181853200S04154883WA0100401089
B1453221853200S04154883WA0100401088
B1453261853200S04154883WA0100301088
B1453301853200S04154883WA0100401087
B1453341853200S04154883WA0100401087
B1453381853200S04154883WA0100401087
B1453421853200S04154883WA0100401087
B1453461853200S04154883WA0100401087
B1453501853199S04154883WA0100401086
B1453541853199S04154883WA0100401087
B1453581853199S04154883WA0100401086
B1454021853199S04154883WA0100401086
B1454061853199S04154883WA0100401086
B1454101853199S04154883WA0100401087
B1454141853199S04154883WA0100401086
B1454181853199S04154883WA0100401086
B1454221853199S04154883WA0100401086
B1454261853199S04154882WA0100401085
B1454301853200S04154882WA0100401085
B1454341853199S04154882WA0100401085
B1454381853199S04154882WA0100401086
B1454421853199S04154882WA0100401087
B1454461853199S04154882WA0100401087
B1454501853199S04154882WA0100401087
B1454541853199S04154883WA0100401086
B1454581853199S04154883WA0100401086
B1455021853199S04154883WA0100401086
B1455061853199S04154883WA0100401086
B1455101853199S04154883WA0100401086
B1455141853199S04154883WA0100401086
B1455181853199S04154883WA0100401087
B1455221853199S04154883WA0100401086
B1455261853199S04154883WA0100401085
B1455301853199S04154883WA0100401086
B1455341853199S04154883WA0100401087
B1455381853199S04154883WA0100401087
B1455421853199S04154882WA0100401087
B1455461853199S04154882WA0100401088
B1455501853199S04154882WA0100401088
B1455541853199S04154882WA0100401087
B1455581853199S04154882WA0100401087
B1456021853199S04154882WA0100401087
B1456061853199S04154882WA0100401087
B1456101853200S04154883WA0100401087
B1456141853200S04154883WA0100401087
B1456181853200S04154883WA0100301088
B1456221853199S04154883WA0100401089
B1456261853198S04154884WA0100401090
B1456301853196S04154885WA0100501088
B1456341853194S04154886WA0100501089
B1456381853194S04154886WA0100501089
B1456421853194S04154887WA0100501090
B1456461853193S04154887WA0100401089
B1456501853193S04154887WA0100501089
B1456541853193S04154887WA0100501088
B1456581853193S04154888WA0100501087
B1457021853193S04154888WA0100501088
B1457061853193S04154888WA0100501088
B1457101853193S04154888WA0100501088
B1457141853193S04154888WA0100501088
B1457181853193S04154888WA0100501088
B1457221853193S04154888WA0100501088
B1457261853193S04154888WA0100501089
B1457301853192S04154888WA0100501089
B1457341853192S04154888WA0100501089
B1457381853192S04154888WA0100501090
B1457421853192S04154888WA0100501090
B1457461853192S04154888WA0100501091
B1457501853192S04154888WA0100501091
B1457541853192S04154888WA0100501091
B1457581853192S04154888WA0100501092
B1458021853192S04154888WA0100501091
B1458061853192S04154888WA0100501091
B1458101853192S04154888WA0100501091
B1458141853192S04154888WA0100501092
B1458181853192S04154888WA0100501092
B1458221853192S04154888WA0100501093
B1458261853192S04154888WA0100501093
B1458301853192S04154888WA0100501093
B1458341853192S04154888WA0100501093
B1458381853192S04154888WA0100501093
B1458421853192S04154888WA0100501093
B1458461853192S04154888WA0100501094
B1458501853191S04154888WA0100501094
B1458541853189S04154889WA0100501093
B1458581853187S04154889WA0100401092
B1459021853187S04154888WA0100301090
B1459061853187S04154888WA0100301089
B1459101853187S04154888WA0100301088
B1459141853187S04154888WA0100301088
B1459181853187S04154888WA0100301087
B1459221853187S04154888WA0100301087
B1459261853187S04154888WA0100301086
B1459301853187S04154888WA0100301086
B1459341853187S04154888WA0100301086
B1459381853187S04154888WA0100301085
B1459421853187S04154888WA0100301085
B1459461853187S04154888WA0100301085
B1459501853187S04154888WA0100301086
B1459541853184S04154888WA0100201084
B1459581853176S04154887WA0099901083
B1500021853158S04154888WA0099601081
B1500061853140S04154888WA0099301078
B1500101853118S04154887WA0099101077
B1500141853100S04154889WA0099401079
B1500181853084S04154890WA0099801084
B1500221853068S04154885WA0099801082
B1500261853050S04154884WA0099901083
B1500301853035S04154886WA0100401086
B1500341853024S04154891WA0100801091
B1500381853012S04154895WA0100901093
B1500421853000S04154903WA0101301099
B1500461852984S04154905WA0101801105
B1500501852976S04154906WA0102501114
B1500541852970S04154929WA0102501115
B1500581852998S04154932WA0103201123
B1501021853008S04154913WA0104001129
B1501061852992S04154910WA0104501135
B1501101852994S04154932WA0105501146
B1501141853020S04154940WA0106301153
B1501181853033S04154920WA0106901158
B1501221853019S04154916WA0107601165
B1501261853011S04154939WA0108401174
B1501301853020S04154959WA0109601186
B1501341853052S04154963WA0109901189
B1501381853056S04154942WA0110601196
B1501421853044S04154946WA0111501206
B1501461853048S04154969WA0112501217
B1501501853077S04154971WA0113501224
B1501541853089S04154950WA0114101230
B1501581853077S04154940WA0114801239
B1502021853068S04154952WA0116101255
B1502061853085S04154973WA0117001263
B1502101853109S04154957WA0117901272
B1502141853107S04154938WA0119001284
B1502181853092S04154943WA0119801292
B1502221853096S04154964WA0121001305
B1502261853120S04154978WA0122101315
B1502301853143S04154962WA0122801323
B1502341853135S04154946WA0123701331
B1502381853121S04154953WA0124701344
B1502421853126S04154976WA0125701355
B1502461853155S04154980WA0126501361
B1502501853158S04154956WA0127201370
B1502541853146S04154959WA0128501384
B1502581853142S04154981WA0129301392
B1503021853160S04154998WA0130601407
B1503061853190S04155003WA0131301413
B1503101853205S04154983WA0131901419
B1503141853195S04154968WA0132601427
B1503181853183S04154974WA0133701439
B1503221853171S04154986WA0134401447
B1503261853170S04155008WA0135201456
B1503301853198S04155021WA0136301469
B1503341853228S04155019WA0137101471
B1503381853256S04155013WA0137801481
B1503421853280S04155007WA0138201484
B1503461853304S04154999WA0139201495
B1503501853330S04154989WA0139801500
B1503541853353S04154981WA0140701510
B1503581853374S04154975WA0141501519
B1504021853397S04154971WA0142401527
B1504061853420S04154970WA0142601528
B1504101853444S04154966WA0142401525
B1504141853467S04154962WA0142201524
B1504181853490S04154957WA0141901520
B1504221853511S04154954WA0141501516
B1504261853536S04154949WA0140901509
B1504301853561S04154946WA0140501507
B1504341853582S04154939WA0139801497
B1504381853608S04154929WA0138701487
B1504421853629S04154919WA0137901477
B1504461853649S04154904WA0137001468
B1504501853669S04154892WA0136601464
B1504541853691S04154881WA0136201460
B1504581853710S04154868WA0135601453
B1505021853730S04154855WA0134601442
B1505061853750S04154840WA0133601432
B1505101853770S04154823WA0132901424
B1505141853789S04154806WA0132401419
B1505181853808S04154790WA0131901413
B1505221853825S04154776WA0131501409
B1505261853844S04154763WA0131501409
B1505301853864S04154751WA0131401409
B1505341853888S04154744WA0131401410
B1505381853908S04154731WA0131201407
B1505421853918S04154708WA0131001406
B1505461853926S04154684WA0130901403
B1505501853931S04154660WA0130601401
B1505541853938S04154632WA0130101395
B1505581853946S04154608WA0130001397
B1506021853954S04154581WA0129801394
B1506061853969S04154561WA0129901398
B1506101853984S04154545WA0130401401
B1506141854002S04154526WA0130501404
B1506181854007S04154508WA0131301413
B1506221854009S04154487WA0131901417
B1506261854024S04154472WA0132101418
B1506301854041S04154462WA0132101418
B1506341854062S04154455WA0131901416
B1506381854079S04154448WA0132001417
B1506421854094S04154436WA0132501424
B1506461854112S04154429WA0133201432
B1506501854126S04154420WA0133501435
B1506541854111S04154403WA0133601437
B1506581854086S04154411WA0133701436
B1507021854078S04154433WA0134301442
B1507061854091S04154447WA0134701445
B1507101854106S04154435WA0135201453
B1507141854097S04154420WA0135701458
B1507181854069S04154426WA0135801458
B1507221854072S04154449WA0136201462
B1507261854089S04154455WA0136601464
B1507301854094S04154435WA0136601463
B1507341854071S04154426WA0136701465
B1507381854053S04154442WA0137201469
B1507421854065S04154464WA0136901464
B1507461854084S04154463WA0137001465
B1507501854102S04154454WA0137001465
B1507541854122S04154454WA0136601462
B1507581854141S04154458WA0136401459
B1508021854164S04154459WA0136301460
B1508061854188S04154461WA0136801465
B1508101854212S04154468WA0137201470
B1508141854238S04154473WA0137801478
B1508181854262S04154460WA0138201482
B1508221854255S04154437WA0138601486
B1508261854239S04154447WA0139201491
B1508301854242S04154471WA0139801499
B1508341854269S04154480WA0140601506
B1508381854291S04154496WA0141201512
B1508421854313S04154512WA0141901522
B1508461854331S04154531WA0142301525
B1508501854346S04154548WA0142601529
B1508541854374S04154541WA0142101523
B1508581854395S04154554WA0141801517
B1509021854414S04154573WA0141401509
B1509061854447S04154575WA0141301510
B1509101854429S04154589WA0141201505
B1509141854418S04154573WA0142301520
B1509181854418S04154601WA0141901516
B1509221854434S04154607WA0143701537
B1509261854432S04154635WA0144101534
B1509301854434S04154655WA0145501550
B1509341854436S04154686WA0146101553
B1509381854447S04154710WA0146301556
B1509421854459S04154736WA0146301559
B1509461854471S04154719WA0145701552
B1509501854455S04154734WA0144501536
B1509541854472S04154725WA0144701536
B1509581854462S04154739WA0143401521
B1510021854478S04154726WA0143301532
B1510061854470S04154749WA0141801515
B1510101854469S04154731WA0141301514
B1510141854476S04154744WA0140001503
B1510181854456S04154738WA0138801478
B1510221854449S04154744WA0138601438
B1510261854437S04154761WA0138301412
B1510301854451S04154761WA0139501407
B1510341854472S04154764WA0139801420
B1510381854475S04154782WA0140401477
B1510421854484S04154805WA0140401480
B1510461854502S04154823WA0140701490
B1510501854518S04154844WA0140601493
B1510541854540S04154854WA0140501488
B1510581854555S04154835WA0140201489
B1511021854547S04154818WA0140001486
B1511061854534S04154797WA0139801488
B1511101854519S04154781WA0140001490
B1511141854500S04154767WA0140401495
B1511181854479S04154756WA0140701498
B1511221854453S04154748WA0140801500
B1511261854423S04154751WA0141101503
B1511301854394S04154754WA0141601508
B1511341854365S04154782WA0140801506
B1511381854328S04154777WA0141101507
B1511421854327S04154811WA0140601504
B1511461854351S04154825WA0142201518
B1511501854338S04154853WA0142001505
B1511541854315S04154871WA0143201518
B1511581854306S04154901WA0144201525
B1512021854295S04154920WA0145501538
B1512061854285S04154942WA0146201543
B1512101854283S04154961WA0146601547
B1512141854305S04154958WA0146001545
B1512181854290S04154961WA0145101546
B1512221854305S04154973WA0145801546
B1512261854296S04154998WA0145201532
B1512301854290S04155009WA0146101539
B1512341854281S04155030WA0145201530
B1512381854283S04155052WA0144401526
B1512421854307S04155073WA0143901524
B1512461854328S04155085WA0143701523
B1512501854354S04155097WA0143201525
B1512541854381S04155106WA0142601521
B1512581854405S04155119WA0142501523
B1513021854429S04155134WA0142101518
B1513061854452S04155141WA0142001518
B1513101854481S04155144WA0141501512
B1513141854507S04155146WA0141301511
B1513181854535S04155150WA0141001507
B1513221854561S04155152WA0140801505
B1513261854586S04155158WA0140701506
B1513301854612S04155163WA0140301502
B1513341854640S04155168WA0140101501
B1513381854668S04155177WA0140101500
B1513421854695S04155186WA0139801498
B1513461854721S04155190WA0139701496
B1513501854741S04155180WA0139601497
B1513541854755S04155165WA0139501493
B1513581854772S04155150WA0139501495
B1514021854788S04155138WA0139401492
B1514061854806S04155128WA0139201489
B1514101854826S04155116WA0138801485
B1514141854847S04155102WA0138501482
B1514181854869S04155090WA0138301480
B1514221854891S04155079WA0138001478
B1514261854912S04155065WA0137701473
B1514301854932S04155049WA0137401471
B1514341854947S04155033WA0137301470
B1514381854957S04155012WA0137201469
B1514421854962S04154990WA0137101467
B1514461854966S04154968WA0137201469
B1514501854958S04154948WA0136901464
B1514541854947S04154935WA0137001465
B1514581854930S04154921WA0136601460
B1515021854913S04154910WA0136501459
B1515061854895S04154900WA0136101456
B1515101854876S04154893WA0136001456
B1515141854857S04154889WA0135801455
B1515181854838S04154885WA0135401451
B1515221854817S04154886WA0135001447
B1515261854799S04154886WA0134901448
B1515301854779S04154884WA0134701445
B1515341854762S04154883WA0134701445
B1515381854742S04154875WA0134501444
B1515421854722S04154872WA0134401443
B1515461854702S04154863WA0134401444
B1515501854683S04154851WA0134301443
B1515541854664S04154841WA0134401443
B1515581854638S04154838WA0134301443
B1516021854615S04154845WA0134501445
B1516061854590S04154857WA0134801448
B1516101854575S04154875WA0135101452
B1516141854574S04154902WA0134901448
B1516181854593S04154918WA0134301442
B1516221854615S04154919WA0134401446
B1516261854631S04154908WA0134601446
B1516301854639S04154888WA0134501444
B1516341854634S04154868WA0134501444
B1516381854613S04154851WA0134501444
B1516421854591S04154858WA0134801448
B1516461854581S04154884WA0134601443
B1516501854583S04154903WA0134901446
B1516541854599S04154921WA0134501441
B1516581854610S04154940WA0134401441
B1517021854608S04154965WA0134301440
B1517061854604S04154988WA0134401440
B1517101854595S04155008WA0134701445
B1517141854589S04155024WA0135101447
B1517181854574S04155036WA0134801443
B1517221854559S04155044WA0134901445
B1517261854549S04155065WA0134801443
B1517301854549S04155087WA0135101447
B1517341854552S04155107WA0135401452
B1517381854561S04155131WA0135501453
B1517421854584S04155144WA0135701455
B1517461854611S04155145WA0136101459
B1517501854630S04155132WA0136301459
B1517541854635S04155109WA0136101458
B1517581854622S04155095WA0136101458
B1518021854605S04155095WA0136401461
B1518061854594S04155111WA0136301461
B1518101854596S04155133WA0136701465
B1518141854614S04155152WA0136601464
B1518181854637S04155166WA0136501464
B1518221854662S04155174WA0136701466
B1518261854689S04155172WA0136601463
B1518301854707S04155156WA0136301459
B1518341854719S04155134WA0136401460
B1518381854719S04155111WA0136801465
B1518421854711S04155090WA0137001466
B1518461854699S04155069WA0137201470
B1518501854688S04155049WA0137401471
B1518541854673S04155032WA0137301470
B1518581854663S04155013WA0137001466
B1519021854655S04154990WA0136601461
B1519061854651S04154968WA0136001454
B1519101854653S04154945WA0135101444
B1519141854658S04154923WA0134801442
B1519181854664S04154905WA0134701441
B1519221854672S04154886WA0134701440
B1519261854682S04154868WA0134401439
B1519301854688S04154850WA0134301437
B1519341854667S04154838WA0133301426
B1519381854649S04154846WA0132901423
B1519421854643S04154874WA0131901411
B1519461854643S04154902WA0131901413
B1519501854646S04154930WA0131601409
B1519541854658S04154953WA0131301405
B1519581854678S04154970WA0130801400
B1520021854696S04154988WA0130201393
B1520061854715S04155002WA0129801390
B1520101854734S04155015WA0129301385
B1520141854754S04155027WA0129001385
B1520181854774S04155042WA0128801383
B1520221854796S04155054WA0128701381
B1520261854820S04155064WA0128501379
B1520301854840S04155075WA0128501381
B1520341854856S04155089WA0128901385
B1520381854878S04155101WA0128901384
B1520421854902S04155105WA0129301389
B1520461854925S04155089WA0129301389
B1520501854920S04155068WA0129501390
B1520541854902S04155071WA0129601390
B1520581854902S04155092WA0129801393
B1521021854925S04155102WA0130101396
B1521061854952S04155091WA0130601400
B1521101854954S04155069WA0130701398
B1521141854936S04155059WA0130701398
B1521181854920S04155061WA0131001403
B1521221854912S04155081WA0130801398
B1521261854924S04155102WA0131001404
B1521301854948S04155117WA0131201407
B1521341854974S04155117WA0132101417
B1521381854973S04155097WA0132401418
B1521421854956S04155100WA0133201428
B1521461854956S04155123WA0133801436
B1521501854980S04155139WA0134301440
B1521541854998S04155126WA0134701443
B1521581854983S04155114WA0135001444
B1522021854974S04155133WA0135901454
B1522061854993S04155152WA0136101454
B1522101855013S04155142WA0136201455
B1522141855012S04155124WA0136401458
B1522181854995S04155119WA0136801462
B1522221854991S04155142WA0137401471
B1522261855009S04155156WA0137701472
B1522301855031S04155158WA0137801473
B1522341855043S04155139WA0138001473
B1522381855039S04155119WA0137901472
B1522421855031S04155101WA0137701470
B1522461855011S04155092WA0137501467
B1522501854992S04155105WA0137201465
B1522541854986S04155130WA0137301467
B1522581854987S04155155WA0137301468
B1523021855007S04155173WA0137201468
B1523061855031S04155175WA0137701475
B1523101855052S04155165WA0137601470
B1523141855073S04155153WA0138001476
B1523181855083S04155136WA0137901473
B1523221855090S04155113WA0137601470
B1523261855102S04155095WA0137201465
B1523301855115S04155079WA0136801460
B1523341855124S04155059WA0136201453
B1523381855139S04155041WA0136001453
B1523421855157S04155026WA0135801450
B1523461855175S04155014WA0135801452
B1523501855191S04154999WA0136001453
B1523541855185S04154983WA0136101455
B1523581855170S04154998WA0136301457
B1524021855184S04155015WA0136901463
B1524061855206S04155011WA0136901461
B1524101855214S04154990WA0137001462
B1524141855196S04154981WA0137201464
B1524181855182S04155001WA0137301466
B1524221855188S04155027WA0137501468
B1524261855209S04155033WA0137601469
B1524301855226S04155016WA0137601472
B1524341855219S04155002WA0137801472
B1524381855199S04154997WA0137801474
B1524421855188S04155018WA0137901475
B1524461855185S04155040WA0137901474
B1524501855200S04155064WA0137601471
B1524541855223S04155067WA0137401469
B1524581855236S04155055WA0137401467
B1525021855238S04155034WA0136901462
B1525061855228S04155017WA0136601460
B1525101855215S04155004WA0136801463
B1525141855197S04154995WA0136601460
B1525181855179S04154992WA0136401459
B1525221855160S04155004WA0136001454
B1525261855156S04155029WA0135501450
B1525301855175S04155048WA0135001445
B1525341855196S04155040WA0134601440
B1525381855203S04155018WA0134201435
B1525421855201S04154998WA0134301436
B1525461855206S04154977WA0134001433
B1525501855220S04154961WA0134101436
B1525541855227S04154941WA0134201436
B1525581855207S04154933WA0133901432
B1526021855199S04154949WA0134101434
B1526061855216S04154969WA0133501427
B1526101855236S04154964WA0133601429
B1526141855246S04154942WA0133601430
B1526181855230S04154931WA0133601429
B1526221855213S04154942WA0133501429
B1526261855223S04154967WA0133001422
B1526301855245S04154962WA0132601419
B1526341855246S04154943WA0132801420
B1526381855246S04154922WA0132501414
B1526421855246S04154898WA0132501415
B1526461855243S04154877WA0132801417
B1526501855240S04154858WA0133301423
B1526541855231S04154842WA0133301424
B1526581855212S04154854WA0132901420
B1527021855224S04154877WA0132201412
B1527061855248S04154872WA0132101412
B1527101855259S04154850WA0132201414
B1527141855261S04154828WA0132501418
B1527181855244S04154818WA0132401414
B1527221855222S04154820WA0132101412
B1527261855203S04154807WA0131501405
B1527301855189S04154793WA0131001401
B1527341855180S04154772WA0131201404
B1527381855169S04154756WA0131501407
B1527421855151S04154742WA0131301406
B1527461855136S04154729WA0131401407
B1527501855114S04154729WA0131201406
B1527541855100S04154743WA0131401410
B1527581855093S04154765WA0131501412
B1528021855099S04154787WA0132001420
B1528061855112S04154803WA0132201420
B1528101855139S04154801WA0131901417
B1528141855151S04154779WA0132401423
B1528181855146S04154760WA0132901428
B1528221855128S04154750WA0133101428
B1528261855112S04154767WA0133301432
B1528301855123S04154788WA0133501434
B1528341855144S04154793WA0133801435
B1528381855168S04154783WA0133701435
B1528421855168S04154762WA0133901436
B1528461855149S04154756WA0133801434
B1528501855133S04154771WA0133901437
B1528541855143S04154794WA0133701434
B1528581855168S04154795WA0133701434
B1529021855182S04154776WA0133601433
B1529061855182S04154756WA0133601431
B1529101855179S04154733WA0133201426
B1529141855190S04154715WA0133201425
B1529181855213S04154715WA0133001422
B1529221855237S04154725WA0133001424
B1529261855261S04154737WA0133201427
B1529301855286S04154746WA0133001425
B1529341855310S04154758WA0132901423
B1529381855335S04154772WA0132301416
B1529421855357S04154787WA0132201416
B1529461855381S04154797WA0132001415
B1529501855399S04154811WA0132101416
B1529541855419S04154827WA0132001414
B1529581855445S04154835WA0132101417
B1530021855469S04154827WA0132301419
B1530061855483S04154806WA0132601423
B1530101855482S04154783WA0132801425
B1530141855466S04154773WA0133001428
B1530181855449S04154787WA0133001427
B1530221855446S04154809WA0133101429
B1530261855460S04154830WA0133301433
B1530301855482S04154834WA0133601434
B1530341855501S04154820WA0133501434
B1530381855504S04154794WA0133601435
B1530421855505S04154770WA0133701435
B1530461855491S04154756WA0133801437
B1530501855476S04154770WA0133901437
B1530541855478S04154794WA0134101440
B1530581855492S04154814WA0134001439
B1531021855517S04154820WA0133901439
B1531061855526S04154798WA0133801435
B1531101855514S04154783WA0133901437
B1531141855497S04154774WA0133701432
B1531181855479S04154765WA0133701435
B1531221855455S04154755WA0133301430
B1531261855432S04154747WA0133201429
B1531301855410S04154738WA0133201429
B1531341855386S04154730WA0133001426
B1531381855365S04154722WA0132901424
B1531421855340S04154713WA0132301418
B1531461855318S04154703WA0132301420
B1531501855294S04154688WA0132101417
B1531541855276S04154672WA0132501424
B1531581855255S04154659WA0132501422
B1532021855233S04154649WA0132701424
B1532061855207S04154649WA0132601423
B1532101855183S04154650WA0132901427
B1532141855163S04154661WA0133201431
B1532181855158S04154684WA0133601435
B1532221855175S04154703WA0133701435
B1532261855194S04154692WA0134001436
B1532301855183S04154673WA0133901434
B1532341855163S04154684WA0134101438
B1532381855155S04154706WA0134401442
B1532421855159S04154732WA0134501444
B1532461855171S04154751WA0134701446
B1532501855196S04154758WA0134401442
B1532541855212S04154745WA0134401442
B1532581855222S04154729WA0134401443
B1533021855219S04154711WA0134401442
B1533061855207S04154697WA0134301441
B1533101855189S04154689WA0134101439
B1533141855166S04154696WA0134101440
B1533181855152S04154713WA0134001438
B1533221855144S04154736WA0133801437
B1533261855153S04154760WA0133501432
B1533301855169S04154775WA0133001426
B1533341855194S04154776WA0132001413
B1533381855217S04154774WA0131501409
B1533421855234S04154758WA0130901401
B1533461855250S04154742WA0130601398
B1533501855266S04154722WA0130001392
B1533541855282S04154700WA0129901392
B1533581855298S04154683WA0130101394
B1534021855314S04154668WA0130101394
B1534061855323S04154645WA0130001395
B1534101855324S04154625WA0130301397
B1534141855311S04154608WA0130201398
B1534181855293S04154597WA0130001396
B1534221855269S04154592WA0129901395
B1534261855249S04154588WA0130301400
B1534301855227S04154583WA0130401400
B1534341855203S04154578WA0130401401
B1534381855181S04154576WA0130401400
B1534421855154S04154576WA0130601407
B1534461855134S04154578WA0131701419
B1534501855113S04154590WA0132101422
B1534541855121S04154610WA0132501425
B1534581855137S04154602WA0132801427
B1535021855141S04154578WA0133401436
B1535061855149S04154555WA0133901436
B1535101855161S04154529WA0134901448
B1535141855182S04154514WA0135701454
B1535181855207S04154511WA0136101458
B1535221855237S04154513WA0135701451
B1535261855270S04154511WA0135501452
B1535301855301S04154509WA0135501451
B1535341855335S04154505WA0135201449
B1535381855364S04154502WA0135501451
B1535421855397S04154500WA0134701440
B1535461855435S04154500WA0133801432
B1535501855469S04154505WA0133301426
B1535541855505S04154509WA0132601420
B1535581855540S04154514WA0131801415
B1536021855575S04154517WA0131801415
B1536061855607S04154523WA0132201421
B1536101855635S04154525WA0132401421
B1536141855667S04154528WA0132601424
B1536181855699S04154529WA0132401421
B1536221855733S04154534WA0132001417
B1536261855764S04154540WA0131801413
B1536301855797S04154548WA0131101406
B1536341855830S04154551WA0130301397
B1536381855863S04154562WA0129601390
B1536421855898S04154564WA0129601392
B1536461855930S04154566WA0130401399
B1536501855965S04154567WA0130801404
B1536541856000S04154569WA0131101407
B1536581856037S04154568WA0131001406
B1537021856074S04154568WA0130801405
B1537061856112S04154561WA0130401401
B1537101856147S04154552WA0130201398
B1537141856184S04154543WA0129801393
B1537181856222S04154531WA0129501391
B1537221856247S04154510WA0130101396
B1537261856264S04154486WA0131401412
B1537301856279S04154465WA0132501422
B1537341856306S04154446WA0132701424
B1537381856332S04154431WA0133701435
B1537421856351S04154417WA0134901446
B1537461856378S04154399WA0134701444
B1537501856409S04154384WA0134901449
B1537541856437S04154373WA0135601453
B1537581856469S04154362WA0135001446
B1538021856504S04154350WA0134601444
B1538061856537S04154339WA0134201438
B1538101856574S04154329WA0133401430
B1538141856610S04154323WA0132801425
B1538181856642S04154316WA0132601422
B1538221856675S04154300WA0132101417
B1538261856703S04154279WA0131901415
B1538301856734S04154261WA0131601412
B1538341856766S04154243WA0131101407
B1538381856798S04154221WA0131101408
B1538421856827S04154199WA0130901402
B1538461856869S04154189WA0129901395
B1538501856902S04154185WA0130501401
B1538541856940S04154178WA0129801391
B1538581856980S04154174WA0129301389
B1539021857016S04154168WA0129201387
B1539061857056S04154161WA0128401378
B1539101857091S04154151WA0127801370
B1539141857130S04154144WA0126501355
B1539181857169S04154137WA0125401345
B1539221857205S04154133WA0124501335
B1539261857245S04154129WA0122901318
B1539301857281S04154125WA0122101311
B1539341857317S04154123WA0121001297
B1539381857355S04154121WA0120001288
B1539421857391S04154116WA0119001278
B1539461857428S04154114WA0118301270
B1539501857464S04154112WA0117701265
B1539541857500S04154112WA0116801255
B1539581857534S04154111WA0116201248
B1540021857569S04154113WA0114901234
B1540061857605S04154116WA0113901223
B1540101857641S04154118WA0112901214
B1540141857676S04154122WA0112101205
B1540181857712S04154125WA0111201196
B1540221857748S04154123WA0110401189
B1540261857784S04154126WA0109701181
B1540301857822S04154121WA0108701172
B1540341857858S04154117WA0108401168
B1540381857896S04154112WA0107801162
B1540421857927S04154110WA0108301168
B1540461857957S04154102WA0108501168
B1540501857992S04154095WA0108101164
B1540541858026S04154093WA0108101166
B1540581858059S04154089WA0108201165
B1541021858093S04154097WA0108001164
B1541061858124S04154109WA0108201166
B1541101858162S04154112WA0108101166
B1541141858194S04154102WA0108701171
B1541181858221S04154085WA0109301178
B1541221858241S04154068WA0110101185
B1541261858230S04154047WA0110001185
B1541301858221S04154060WA0110601192
B1541341858226S04154078WA0110901192
B1541381858247S04154093WA0111201197
B1541421858266S04154100WA0112001203
B1541461858291S04154107WA0111901202
B1541501858312S04154106WA0112201204
B1541541858340S04154100WA0111901201
B1541581858368S04154095WA0111801202
B1542021858399S04154091WA0111301196
B1542061858428S04154094WA0111301196
B1542101858461S04154099WA0110501189
B1542141858492S04154098WA0110601191
B1542181858521S04154094WA0110401187
B1542221858551S04154081WA0110201186
B1542261858579S04154066WA0110001182
B1542301858608S04154042WA0109401178
B1542341858634S04154024WA0109601179
B1542381858664S04154001WA0108501169
B1542421858690S04153982WA0108401168
B1542461858720S04153961WA0107401158
B1542501858751S04153945WA0107501161
B1542541858776S04153931WA0108901175
B1542581858796S04153922WA0109601180
B1543021858828S04153910WA0108901172
B1543061858866S04153904WA0108401169
B1543101858903S04153903WA0108401169
B1543141858939S04153906WA0108101163
B1543181858975S04153911WA0107401157
B1543221859011S04153913WA0106801149
B1543261859050S04153913WA0105801139
B1543301859088S04153914WA0105401137
B1543341859125S04153921WA0105201131
B1543381859164S04153928WA0104801128
B1543421859201S04153932WA0104901129
B1543461859237S04153944WA0104401123
B1543501859273S04153960WA0104201122
B1543541859307S04153972WA0104201121
B1543581859341S04153986WA0104001120
B1544021859379S04153995WA0103901118
B1544061859411S04154003WA0104501125
B1544101859441S04154010WA0104601123
B1544141859477S04154022WA0104301122
B1544181859507S04154037WA0104601126
B1544221859538S04154056WA0104601127
B1544261859569S04154073WA0105401138
B1544301859599S04154089WA0106201146
B1544341859627S04154107WA0106901154
B1544381859657S04154120WA0107201157
B1544421859689S04154135WA0107401159
B1544461859719S04154143WA0108301169
B1544501859752S04154146WA0108801174
B1544541859783S04154146WA0110001188
B1544581859808S04154143WA0111101198
B1545021859835S04154141WA0111801204
B1545061859860S04154139WA0112801216
B1545101859882S04154131WA0113801225
B1545141859904S04154122WA0114601232
B1545181859928S04154118WA0115301240
B1545221859949S04154107WA0116301251
B1545261859968S04154114WA0116601253
B1545301859953S04154123WA0116801257
B1545341859937S04154114WA0117801269
B1545381859940S04154136WA0118301272
B1545421859962S04154120WA0119001278
B1545461859948S04154105WA0120101288
B1545501859941S04154123WA0121101299
B1545541859963S04154133WA0122001307
B1545581859977S04154109WA0122801314
B1546021859960S04154100WA0123601322
B1546061859957S04154119WA0124501332
B1546101859983S04154121WA0125101339
B1546141859985S04154095WA0126001348
B1546181859967S04154090WA0126901358
B1546221859963S04154115WA0127401364
B1546261859983S04154123WA0128401373
B1546301900003S04154101WA0128701379
B1546341859992S04154080WA0129401384
B1546381859975S04154092WA0129901392
B1546421859977S04154116WA0130801402
B1546461859978S04154141WA0131401408
B1546501859984S04154164WA0132001416
B1546541859997S04154186WA0132601422
B1546581900020S04154200WA0133101427
B1547021900046S04154211WA0133801435
B1547061900069S04154208WA0134601442
B1547101900061S04154184WA0133901435
B1547141900048S04154188WA0135001448
B1547181900041S04154207WA0135501452
B1547221900062S04154229WA0136001457
B1547261900084S04154239WA0136801464
B1547301900116S04154256WA0136201458
B1547341900144S04154268WA0136601465
B1547381900175S04154284WA0136101460
B1547421900208S04154298WA0135601454
B1547461900244S04154306WA0135001448
B1547501900279S04154321WA0134701444
B1547541900315S04154334WA0134301440
B1547581900353S04154346WA0133801434
B1548021900392S04154360WA0133001426
B1548061900425S04154375WA0133001427
B1548101900460S04154384WA0132601420
B1548141900496S04154392WA0132201417
B1548181900530S04154398WA0132301417
B1548221900565S04154400WA0132101414
B1548261900598S04154396WA0131801411
B1548301900634S04154391WA0131301405
B1548341900667S04154383WA0130901401
B1548381900700S04154373WA0130501398
B1548421900729S04154361WA0130201392
B1548461900762S04154349WA0129601387
B1548501900796S04154340WA0129301385
B1548541900826S04154330WA0128901379
B1548581900858S04154318WA0128201372
B1549021900885S04154297WA0127801367
B1549061900914S04154278WA0127401364
B1549101900948S04154264WA0126901358
B1549141900984S04154257WA0126801360
B1549181901016S04154255WA0127101363
B1549221901051S04154256WA0127301366
B1549261901084S04154254WA0128001373
B1549301901117S04154257WA0127801370
B1549341901148S04154266WA0127701369
B1549381901181S04154276WA0127301364
B1549421901213S04154285WA0127301365
B1549461901246S04154292WA0126901360
B1549501901278S04154302WA0126601357
B1549541901307S04154314WA0126001350
B1549581901339S04154331WA0125301344
B1550021901368S04154343WA0124901340
B1550061901400S04154358WA0124201334
B1550101901427S04154378WA0123601326
B1550141901457S04154398WA0123101321
B1550181901485S04154420WA0122401314
B1550221901517S04154440WA0121601307
B1550261901553S04154459WA0120901301
B1550301901588S04154474WA0120701299
B1550341901627S04154483WA0120501297
B1550381901664S04154489WA0120701299
B1550421901698S04154497WA0121101303
B1550461901733S04154504WA0120901299
B1550501901766S04154511WA0120401292
B1550541901801S04154518WA0119401281
B1550581901834S04154527WA0118601273
B1551021901868S04154538WA0117801264
B1551061901900S04154554WA0117301259
B1551101901932S04154566WA0116501252
B1551141901964S04154586WA0115601243
B1551181901993S04154607WA0115001238
B1551221902023S04154628WA0114401231
B1551261902051S04154651WA0113801225
B1551301902080S04154677WA0112901218
B1551341902111S04154695WA0113001221
B1551381902144S04154709WA0112901217
B1551421902182S04154731WA0112501219
B1551461902213S04154742WA0114001234
B1551501902246S04154753WA0114101233
B1551541902277S04154765WA0114101233
B1551581902305S04154781WA0113501224
B1552021902340S04154794WA0112901221
B1552061902373S04154807WA0112901219
B1552101902406S04154823WA0112501215
B1552141902439S04154836WA0112001210
B1552181902468S04154849WA0112501218
B1552221902494S04154859WA0113201225
B1552261902525S04154867WA0113401227
B1552301902548S04154870WA0114201234
B1552341902580S04154876WA0113501225
B1552381902609S04154877WA0113901230
B1552421902642S04154878WA0113501224
B1552461902673S04154877WA0113601225
B1552501902709S04154873WA0112701216
B1552541902739S04154868WA0112401211
B1552581902772S04154863WA0111101196
B1553021902802S04154856WA0110501190
B1553061902833S04154849WA0110001185
B1553101902868S04154839WA0109701184
B1553141902902S04154830WA0109501182
B1553181902936S04154820WA0109301179
B1553221902972S04154810WA0108601170
B1553261903010S04154798WA0107801163
B1553301903047S04154787WA0107101157
B1553341903084S04154773WA0106801154
B1553381903118S04154758WA0106501150
B1553421903153S04154744WA0105901143
B1553461903188S04154729WA0105201136
B1553501903225S04154717WA0104501128
B1553541903260S04154705WA0104101125
B1553581903292S04154692WA0103801121
B1554021903327S04154678WA0102901111
B1554061903361S04154663WA0102101103
B1554101903399S04154651WA0101101092
B1554141903435S04154639WA0100301083
B1554181903470S04154628WA0099501075
B1554221903504S04154614WA0098501064
B1554261903538S04154600WA0097501053
B1554301903572S04154589WA0096401043
B1554341903606S04154579WA0095701036
B1554381903641S04154567WA0095001028
B1554421903671S04154551WA0094301020
B1554461903704S04154538WA0093101007
B1554501903736S04154524WA0092200997
B1554541903770S04154513WA0091000983
B1554581903807S04154512WA0090000975
B1555021903836S04154516WA0090200977
B1555061903868S04154520WA0090200979
B1555101903901S04154516WA0090700985
B1555141903930S04154516WA0091100987
B1555181903962S04154521WA0091100987
B1555221903991S04154522WA0091200988
B1555261904022S04154520WA0090900985
B1555301904053S04154522WA0090600982
B1555341904085S04154517WA0090600983
B1555381904113S04154508WA0091300991
B1555421904142S04154488WA0091600992
B1555461904175S04154474WA0091500990
B1555501904209S04154460WA0090900984
B1555541904243S04154450WA0090200977
B1555581904278S04154437WA0089100966
B1556021904311S04154425WA0088500959
B1556061904345S04154413WA0087300947
B1556101904381S04154406WA0086600941
B1556141904414S04154399WA0086000933
B1556181904451S04154387WA0085200926
B1556221904486S04154372WA0085000923
B1556261904519S04154353WA0084600920
B1556301904551S04154332WA0084600921
B1556341904585S04154315WA0084500920
B1556381904620S04154303WA0084200916
B1556421904655S04154308WA0083500908
B1556461904683S04154326WA0083100906
B1556501904711S04154347WA0082600899
B1556541904737S04154371WA0082400900
B1556581904758S04154398WA0082200896
B1557021904779S04154425WA0082500900
B1557061904806S04154447WA0082500900
B1557101904832S04154467WA0083100907
B1557141904863S04154486WA0082900905
B1557181904891S04154508WA0083100907
B1557221904920S04154531WA0082900905
B1557261904949S04154547WA0082900904
B1557301904980S04154561WA0082300897
B1557341905011S04154570WA0081600889
B1557381905046S04154582WA0080900884
B1557421905079S04154583WA0080800881
B1557461905113S04154582WA0080300875
B1557501905144S04154589WA0079600868
B1557541905167S04154596WA0079600868
B1557581905195S04154602WA0078500856
B1558021905220S04154607WA0078300855
B1558061905244S04154611WA0077600844
B1558101905268S04154616WA0077100841
B1558141905296S04154621WA0076200831
B1558181905325S04154624WA0076000831
B1558221905355S04154621WA0076400837
B1558261905383S04154608WA0077000843
B1558301905409S04154596WA0077400847
B1558341905432S04154583WA0077600847
B1558381905451S04154563WA0078000852
B1558421905462S04154535WA0078100851
B1558461905478S04154509WA0078200851
B1558501905500S04154491WA0078300852
B1558541905519S04154472WA0078500853
B1558581905531S04154443WA0078400852
B1559021905542S04154414WA0078700855
B1559061905556S04154388WA0078700856
B1559101905568S04154367WA0078800856
B1559141905583S04154345WA0078200848
B1559181905596S04154323WA0077400839
B1559221905612S04154299WA0076400830
B1559261905633S04154284WA0075900823
B1559301905662S04154277WA0074900813
B1559341905690S04154274WA0074300807
B1559381905720S04154275WA0073500799
B1559421905747S04154275WA0073100796
B1559461905778S04154273WA0072500789
B1559501905808S04154268WA0072300788
B1559541905841S04154254WA0071900784
B1559581905868S04154242WA0072700795
B1600021905886S04154250WA0073300800
B1600061905874S04154262WA0073500804
B1600101905867S04154242WA0074300811
B1600141905876S04154220WA0075000818
B1600181905898S04154222WA0075200820
B1600221905893S04154241WA0075400823
B1600261905878S04154236WA0076000829
B1600301905870S04154217WA0076500832
B1600341905882S04154195WA0076800836
B1600381905902S04154202WA0077500844
B1600421905907S04154220WA0078100849
B1600461905891S04154226WA0078200850
B1600501905886S04154206WA0078400851
B1600541905897S04154179WA0078400852
B1600581905920S04154167WA0078900857
B1601021905941S04154176WA0079700866
B1601061905956S04154191WA0080500875
B1601101905952S04154210WA0080900880
B1601141905939S04154197WA0081400886
B1601181905949S04154177WA0082500896
B1601221905972S04154173WA0083200904
B1601261905983S04154190WA0083600906
B1601301905973S04154205WA0083900911
B1601341905959S04154193WA0084700920
B1601381905957S04154172WA0085300926
B1601421905960S04154148WA0086000933
B1601461905980S04154132WA0086600937
B1601501906002S04154128WA0087500948
B1601541906020S04154136WA0088200955
B1601581906014S04154155WA0088600959
B1602021905997S04154149WA0089500968
B1602061905993S04154127WA0090100974
B1602101906007S04154109WA0091000983
B1602141906028S04154110WA0091500988
B1602181906033S04154127WA0092000995
B1602221906017S04154135WA0092500999
B1602261906000S04154130WA0093301008
B1602301905989S04154112WA0093801012
B1602341905985S04154090WA0094801024
B1602381906003S04154076WA0095101026
B1602421906018S04154088WA0095801035
B1602461906015S04154106WA0096601043
B1602501905997S04154110WA0097201050
B1602541905988S04154089WA0097601054
B1602581906000S04154069WA0098301061
B1603021906021S04154066WA0098901066
B1603061906029S04154086WA0099401073
B1603101906012S04154096WA0100301082
B1603141905998S04154082WA0101001088
B1603181906002S04154059WA0101501094
B1603221906020S04154046WA0102201099
B1603261906042S04154050WA0102901108
B1603301906051S04154063WA0103901119
B1603341906042S04154080WA0104201122
B1603381906028S04154087WA0104901130
B1603421906013S04154073WA0105301135
B1603461906010S04154051WA0106101144
B1603501906021S04154032WA0106801149
B1603541906043S04154032WA0107301153
B1603581906054S04154046WA0108101163
B1604021906045S04154062WA0108201163
B1604061906026S04154057WA0108601168
B1604101906019S04154035WA0109201176
B1604141906036S04154021WA0109901182
B1604181906057S04154032WA0110601190
B1604221906071S04154047WA0111401198
B1604261906064S04154066WA0111701202
B1604301906050S04154049WA0111901203
B1604341906069S04154035WA0112501211
B1604381906089S04154042WA0113301219
B1604421906104S04154058WA0114001225
B1604461906108S04154079WA0114401231
B1604501906096S04154085WA0115001236
B1604541906094S04154062WA0115301241
B1604581906117S04154061WA0115901247
B1605021906128S04154080WA0116401252
B1605061906124S04154098WA0116701254
B1605101906110S04154105WA0117001258
B1605141906095S04154092WA0117401263
B1605181906098S04154069WA0117901268
B1605221906119S04154058WA0118401271
B1605261906140S04154062WA0118601274
B1605301906164S04154074WA0118301271
B1605341906189S04154082WA0118601275
B1605381906217S04154088WA0118501275
B1605421906248S04154092WA0118801280
B1605461906276S04154097WA0119301284
B1605501906305S04154109WA0118801279
B1605541906338S04154121WA0117701266
B1605581906371S04154129WA0116801258
B1606021906403S04154139WA0116001249
B1606061906436S04154148WA0115101240
B1606101906465S04154158WA0114501233
B1606141906498S04154165WA0113401220
B1606181906532S04154174WA0112601212
B1606221906563S04154184WA0111901205
B1606261906597S04154195WA0110801193
B1606301906627S04154207WA0110001186
B1606341906659S04154216WA0109001174
B1606381906693S04154223WA0108001163
B1606421906728S04154231WA0107101154
B1606461906760S04154238WA0106401146
B1606501906794S04154246WA0105301136
B1606541906824S04154254WA0104801130
B1606581906857S04154266WA0103801120
B1607021906888S04154278WA0103601119
B1607061906915S04154290WA0103501118
B1607101906939S04154301WA0103501116
B1607141906965S04154314WA0103101112
B1607181906987S04154330WA0102801109
B1607221907009S04154352WA0102301105
B1607261907032S04154369WA0102201103
B1607301907055S04154389WA0102001101
B1607341907079S04154409WA0101801099
B1607381907104S04154426WA0101401094
B1607421907127S04154445WA0101301095
B1607461907151S04154462WA0101201093
B1607501907175S04154481WA0101001092
B1607541907198S04154502WA0100801089
B1607581907226S04154519WA0100401085
B1608021907256S04154532WA0100201083
B1608061907284S04154544WA0100101081
B1608101907312S04154557WA0099601075
B1608141907340S04154571WA0099101071
B1608181907368S04154586WA0098701065
B1608221907398S04154596WA0098201059
B1608261907429S04154591WA0097601054
B1608301907460S04154588WA0096901045
B1608341907488S04154571WA0096101038
B1608381907512S04154553WA0095501030
B1608421907536S04154532WA0094401018
B1608461907555S04154508WA0093601009
B1608501907574S04154482WA0092701001
B1608541907587S04154457WA0092600999
B1608581907592S04154431WA0092600998
B1609021907588S04154407WA0092801001
B1609061907572S04154397WA0093301004
B1609101907565S04154416WA0093701010
B1609141907588S04154424WA0094401017
B1609181907596S04154402WA0094701016
B1609221907587S04154382WA0095001021
B1609261907571S04154384WA0095201024
B1609301907562S04154399WA0095701030
B1609341907563S04154422WA0095901032
B1609381907580S04154439WA0096401037
B1609421907608S04154436WA0096401036
B1609461907626S04154422WA0096801041
B1609501907620S04154401WA0097001042
B1609541907601S04154394WA0097601051
B1609581907584S04154397WA0098301058
B1610021907566S04154402WA0098901065
B1610061907551S04154415WA0099301069
B1610101907563S04154440WA0099601074
B1610141907586S04154442WA0099901073
B1610181907613S04154439WA0099601072
B1610221907639S04154428WA0099101065
B1610261907656S04154407WA0099401070
B1610301907665S04154383WA0099801072
B1610341907662S04154360WA0100101076
B1610381907642S04154347WA0100201076
B1610421907627S04154353WA0100501078
B1610461907624S04154377WA0100501080
B1610501907648S04154387WA0100801080
B1610541907673S04154384WA0101601091
B1610581907697S04154376WA0102001092
B1611021907723S04154373WA0102601100
B1611061907745S04154370WA0102801101
B1611101907774S04154362WA0102501099
B1611141907803S04154354WA0102301096
B1611181907838S04154344WA0102001094
B1611221907869S04154334WA0102401099
B1611261907898S04154323WA0102101094
B1611301907932S04154308WA0101801092
B1611341907963S04154295WA0101801093
B1611381907994S04154295WA0102001098
B1611421908022S04154297WA0102601104
B1611461908047S04154300WA0103301111
B1611501908068S04154297WA0104001118
B1611541908087S04154290WA0105001129
B1611581908106S04154282WA0105301131
B1612021908129S04154270WA0105901137
B1612061908145S04154252WA0106401143
B1612101908153S04154228WA0106901149
B1612141908157S04154204WA0107601157
B1612181908147S04154180WA0108001161
B1612221908129S04154175WA0108801168
B1612261908117S04154194WA0109101171
B1612301908130S04154214WA0109801178
B1612341908153S04154214WA0110501184
B1612381908166S04154192WA0111101192
B1612421908157S04154173WA0111901199
B1612461908140S04154164WA0112101200
B1612501908121S04154179WA0111901199
B1612541908120S04154203WA0112401205
B1612581908132S04154227WA0113101213
B1613021908154S04154235WA0113701218
B1613061908174S04154223WA0114201225
B1613101908173S04154200WA0114601227
B1613141908157S04154192WA0114901229
B1613181908154S04154215WA0115101235
B1613221908180S04154218WA0115101234
B1613261908194S04154203WA0115501237
B1613301908192S04154180WA0115201233
B1613341908173S04154171WA0115301235
B1613381908154S04154171WA0115401234
B1613421908137S04154175WA0115901241
B1613461908120S04154179WA0116301246
B1613501908108S04154193WA0116601249
B1613541908101S04154213WA0117001255
B1613581908099S04154233WA0117501260
B1614021908096S04154254WA0117901265
B1614061908108S04154274WA0118301270
B1614101908125S04154286WA0118801273
B1614141908151S04154288WA0118801275
B1614181908163S04154271WA0118901274
B1614221908167S04154247WA0118701272
B1614261908162S04154229WA0119101275
B1614301908145S04154223WA0119001275
B1614341908132S04154237WA0119401280
B1614381908134S04154260WA0120001287
B1614421908150S04154277WA0120201287
B1614461908173S04154279WA0120201284
B1614501908193S04154269WA0120301288
B1614541908198S04154249WA0120401288
B1614581908202S04154231WA0120501289
B1615021908188S04154215WA0120301289
B1615061908174S04154217WA0120801294
B1615101908173S04154195WA0120501289
B1615141908200S04154191WA0120601293
B1615181908223S04154201WA0121201299
B1615221908252S04154215WA0121001298
B1615261908275S04154226WA0121401303
B1615301908305S04154241WA0120901298
B1615341908336S04154259WA0120301293
B1615381908366S04154276WA0119901289
B1615421908396S04154297WA0119101280
B1615461908429S04154318WA0118401273
B1615501908459S04154337WA0117701264
B1615541908490S04154355WA0116601251
B1615581908522S04154374WA0115501240
B1616021908553S04154391WA0114501230
B1616061908583S04154408WA0113801223
B1616101908613S04154423WA0113101215
B1616141908645S04154439WA0111901202
B1616181908677S04154452WA0111301196
B1616221908707S04154470WA0110201185
B1616261908736S04154490WA0109301176
B1616301908761S04154513WA0108401167
B1616341908778S04154539WA0107901161
B1616381908779S04154570WA0106701149
B1616421908758S04154586WA0105701137
B1616461908729S04154584WA0104501126
B1616501908701S04154577WA0103701115
B1616541908670S04154571WA0102401102
B1616581908636S04154567WA0101101089
B1617021908602S04154565WA0100201080
B1617061908570S04154564WA0099501074
B1617101908536S04154560WA0098801065
B1617141908500S04154556WA0098001057
B1617181908466S04154552WA0097401048
B1617221908430S04154544WA0096501039
B1617261908394S04154538WA0096001034
B1617301908360S04154532WA0095201025
B1617341908329S04154526WA0094901022
B1617381908297S04154513WA0094001010
B1617421908266S04154495WA0093301004
B1617461908238S04154476WA0093101001
B1617501908210S04154454WA0092700997
B1617541908184S04154431WA0092800998
B1617581908159S04154406WA0092900998
B1618021908138S04154376WA0092800997
B1618061908111S04154348WA0092700996
B1618101908092S04154320WA0093201001
B1618141908069S04154293WA0092900997
B1618181908044S04154274WA0093101000
B1618221908014S04154264WA0092900998
B1618261907987S04154264WA0093401006
B1618301907961S04154270WA0093801012
B1618341907935S04154272WA0094501019
B1618381907920S04154258WA0094901021
B1618421907937S04154241WA0094801020
B1618461907952S04154257WA0094901019
B1618501907955S04154278WA0095101023
B1618541907949S04154297WA0095301023
B1618581907936S04154314WA0095201023
B1619021907921S04154327WA0095001019
B1619061907910S04154343WA0094701017
B1619101907896S04154362WA0094501018
B1619141907891S04154386WA0094701019
B1619181907884S04154409WA0094501017
B1619221907877S04154432WA0094301014
B1619261907872S04154456WA0093701007
B1619301907866S04154480WA0093101001
B1619341907866S04154505WA0092500994
B1619381907864S04154531WA0091800987
B1619421907867S04154561WA0090900979
B1619461907874S04154586WA0091100983
B1619501907884S04154612WA0091100983
B1619541907892S04154643WA0090900982
B1619581907900S04154668WA0091600988
B1620021907909S04154695WA0091400986
B1620061907905S04154722WA0091600988
B1620101907894S04154748WA0091400987
B1620141907884S04154771WA0091600988
B1620181907869S04154787WA0092000993
B1620221907855S04154788WA0092701000
B1620261907852S04154762WA0092801000
B1620301907875S04154754WA0093301006
B1620341907884S04154772WA0093701009
B1620381907868S04154776WA0093901011
B1620421907854S04154764WA0094401016
B1620461907839S04154748WA0094701019
B1620501907819S04154736WA0095201026
B1620541907810S04154718WA0095901034
B1620581907830S04154707WA0096101036
B1621021907845S04154723WA0096801044
B1621061907852S04154740WA0097201047
B1621101907836S04154745WA0097401050
B1621141907824S04154728WA0098201059
B1621181907828S04154705WA0098601063
B1621221907850S04154710WA0098901066
B1621261907849S04154730WA0099501072
B1621301907835S04154733WA0100301081
B1621341907835S04154710WA0100901087
B1621381907858S04154706WA0101501094
B1621421907864S04154725WA0101901097
B1621461907851S04154736WA0102401103
B1621501907834S04154736WA0103101110
B1621541907826S04154717WA0103601114
B1621581907844S04154699WA0104001119
B1622021907866S04154707WA0104601125
B1622061907867S04154725WA0105101130
B1622101907848S04154727WA0105401133
B1622141907826S04154720WA0105801139
B1622181907798S04154711WA0106301145
B1622221907770S04154716WA0107001152
B1622261907742S04154731WA0107401156
B1622301907716S04154740WA0107901160
B1622341907686S04154747WA0108101164
B1622381907663S04154756WA0108801169
B1622421907631S04154754WA0108301162
B1622461907607S04154752WA0108701166
B1622501907585S04154747WA0108201160
B1622541907561S04154736WA0107601153
B1622581907531S04154724WA0106301141
B1623021907502S04154711WA0105501133
B1623061907471S04154696WA0104401122
B1623101907442S04154681WA0103801115
B1623141907410S04154665WA0103101108
B1623181907377S04154653WA0102901106
B1623221907343S04154643WA0102501101
B1623261907309S04154631WA0101901095
B1623301907276S04154617WA0100901086
B1623341907244S04154602WA0100101077
B1623381907211S04154587WA0099101068
B1623421907178S04154571WA0098501062
B1623461907146S04154560WA0097601052
B1623501907113S04154551WA0096501040
B1623541907081S04154545WA0095801033
B1623581907047S04154539WA0094601022
B1624021907014S04154532WA0093901015
B1624061906983S04154529WA0093101006
B1624101906949S04154527WA0092100996
B1624141906918S04154525WA0091600992
B1624181906885S04154520WA0090800984
B1624221906854S04154515WA0090300977
B1624261906821S04154510WA0089400969
B1624301906789S04154506WA0089000965
B1624341906755S04154503WA0088200957
B1624381906722S04154498WA0087900955
B1624421906688S04154492WA0087400949
B1624461906653S04154487WA0086900945
B1624501906618S04154483WA0086600942
B1624541906584S04154480WA0086200936
B1624581906552S04154482WA0086100939
B1625021906529S04154485WA0087000947
B1625061906513S04154493WA0087900953
B1625101906493S04154504WA0088200956
B1625141906476S04154506WA0089100968
B1625181906468S04154488WA0089600973
B1625221906493S04154487WA0090100980
B1625261906488S04154509WA0091100988
B1625301906470S04154508WA0092100997
B1625341906476S04154485WA0092601003
B1625381906497S04154493WA0093501013
B1625421906491S04154516WA0094301021
B1625461906472S04154521WA0095301030
B1625501906470S04154499WA0095901037
B1625541906495S04154503WA0096501042
B1625581906494S04154525WA0097501053
B1626021906485S04154538WA0098501062
B1626061906471S04154523WA0098801064
B1626101906487S04154506WA0099701076
B1626141906507S04154520WA0100301081
B1626181906503S04154539WA0101101090
B1626221906487S04154531WA0101801095
B1626261906497S04154508WA0102401102
B1626301906520S04154515WA0103201111
B1626341906518S04154536WA0103901117
B1626381906503S04154547WA0104801128
B1626421906490S04154530WA0105201130
B1626461906505S04154510WA0105901139
B1626501906527S04154516WA0106501146
B1626541906524S04154539WA0107001151
B1626581906507S04154540WA0108001161
B1627021906502S04154518WA0108201162
B1627061906526S04154511WA0108801171
B1627101906529S04154535WA0109501177
B1627141906508S04154540WA0110101182
B1627181906485S04154537WA0110501185
B1627221906459S04154529WA0111001193
B1627261906436S04154522WA0112001203
B1627301906424S04154506WA0113101214
B1627341906446S04154493WA0113201217
B1627381906461S04154508WA0114001225
B1627421906459S04154528WA0114701232
B1627461906438S04154528WA0115201237
B1627501906417S04154523WA0115701242
B1627541906398S04154516WA0116201247
B1627581906376S04154510WA0116501251
B1628021906353S04154505WA0116301247
B1628061906322S04154498WA0115301237
B1628101906289S04154489WA0114801233
B1628141906256S04154480WA0114201227
B1628181906226S04154469WA0113901223
B1628221906195S04154457WA0113301216
B1628261906165S04154446WA0112701210
B1628301906135S04154434WA0112101204
B1628341906105S04154426WA0111401197
B1628381906075S04154416WA0110401186
B1628421906042S04154406WA0109601179
B1628461906012S04154398WA0109301175
B1628501905981S04154390WA0108601167
B1628541905950S04154381WA0107801159
B1628581905919S04154375WA0107301154
B1629021905886S04154368WA0106501145
B1629061905854S04154361WA0106001141
B1629101905820S04154353WA0105201132
B1629141905786S04154344WA0104501125
B1629181905753S04154338WA0103701117
B1629221905718S04154331WA0102901107
B1629261905682S04154325WA0102001099
B1629301905647S04154320WA0101401093
B1629341905613S04154313WA0100601086
B1629381905580S04154308WA0099901080
B1629421905549S04154302WA0099601075
B1629461905516S04154297WA0098901068
B1629501905484S04154292WA0098501064
B1629541905450S04154286WA0097801057
B1629581905418S04154279WA0097601056
B1630021905387S04154272WA0097401054
B1630061905356S04154266WA0096701045
B1630101905322S04154262WA0095801035
B1630141905288S04154257WA0095001027
B1630181905255S04154249WA0094301020
B1630221905221S04154243WA0093801013
B1630261905188S04154239WA0093101005
B1630301905153S04154231WA0092400999
B1630341905121S04154226WA0091800994
B1630381905089S04154220WA0091100985
B1630421905056S04154217WA0090000973
B1630461905022S04154214WA0088800961
B1630501904989S04154209WA0087600948
B1630541904956S04154203WA0086400935
B1630581904921S04154198WA0085300924
B1631021904888S04154192WA0084100910
B1631061904851S04154187WA0083300906
B1631101904833S04154185WA0084800921
B1631141904813S04154184WA0085500925
B1631181904801S04154170WA0086100930
B1631221904812S04154146WA0086500935
B1631261904833S04154144WA0087800950
B1631301904844S04154161WA0088900961
B1631341904826S04154168WA0089400964
B1631381904821S04154146WA0090300975
B1631421904841S04154135WA0091300985
B1631461904852S04154154WA0092200993
B1631501904834S04154166WA0092801000
B1631541904822S04154151WA0093601007
B1631581904832S04154128WA0094101014
B1632021904850S04154125WA0095701032
B1632061904852S04154146WA0095901034
B1632101904835S04154149WA0096901044
B1632141904817S04154142WA0097101045
B1632181904794S04154135WA0097201047
B1632221904766S04154131WA0097301049
B1632261904737S04154125WA0097501049
B1632301904705S04154116WA0097401047
B1632341904676S04154110WA0097501048
B1632381904645S04154098WA0097301046
B1632421904620S04154091WA0097201043
B1632461904591S04154076WA0096201031
B1632501904566S04154061WA0096601036
B1632541904536S04154049WA0096201030
B1632581904511S04154038WA0096601036
B1633021904485S04154030WA0095801025
B1633061904458S04154026WA0095701027
B1633101904434S04154020WA0095401022
B1633141904407S04154020WA0094601015
B1633181904379S04154027WA0093701007
B1633221904351S04154032WA0093101000
B1633261904322S04154037WA0091900988
B1633301904291S04154042WA0091300985
B1633341904268S04154046WA0092100995
B1633381904243S04154047WA0092500999
B1633421904218S04154049WA0093301008
B1633461904191S04154050WA0093801013
B1633501904163S04154052WA0094501020
B1633541904140S04154057WA0095701031
B1633581904118S04154064WA0096501039
B1634021904095S04154073WA0097001043
B1634061904077S04154077WA0097801050
B1634101904065S04154058WA0097501045
B1634141904084S04154040WA0098001053
B1634181904105S04154034WA0098601057
B1634221904129S04154021WA0098901061
B1634261904151S04154016WA0099601069
B1634301904169S04154022WA0100401078
B1634341904167S04154038WA0100701081
B1634381904154S04154013WA0100801082
B1634421904173S04153994WA0101601090
B1634461904196S04153991WA0102201097
B1634501904210S04154008WA0102701102
B1634541904205S04154024WA0103201106
B1634581904187S04154027WA0103901114
B1635021904171S04154008WA0104401119
B1635061904176S04153980WA0104801122
B1635101904198S04153961WA0105301128
B1635141904221S04153958WA0105901134
B1635181904232S04153975WA0106301139
B1635221904222S04153989WA0106901145
B1635261904203S04153976WA0107301150
B1635301904194S04153952WA0108001158
B1635341904174S04153936WA0108201160
B1635381904148S04153926WA0108301162
B1635421904120S04153917WA0108401162
B1635461904092S04153911WA0108701164
B1635501904061S04153903WA0108601164
B1635541904035S04153895WA0108601163
B1635581904005S04153885WA0108001157
B1636021903977S04153876WA0107901156
B1636061903946S04153865WA0107301149
B1636101903917S04153855WA0106901146
B1636141903888S04153844WA0106401141
B1636181903859S04153834WA0105701132
B1636221903829S04153823WA0104801122
B1636261903800S04153812WA0104201116
B1636301903771S04153800WA0103601109
B1636341903742S04153792WA0103001103
B1636381903714S04153786WA0102701100
B1636421903683S04153780WA0102001092
B1636461903652S04153774WA0101301086
B1636501903623S04153767WA0100701077
B1636541903592S04153762WA0099801068
B1636581903560S04153758WA0098801058
B1637021903526S04153752WA0097801048
B1637061903494S04153745WA0097201043
B1637101903461S04153737WA0096501034
B1637141903429S04153728WA0095701026
B1637181903399S04153721WA0095201020
B1637221903366S04153709WA0094201009
B1637261903337S04153697WA0093801004
B1637301903307S04153679WA0092700992
B1637341903285S04153659WA0092700994
B1637381903263S04153642WA0092400988
B1637421903240S04153622WA0092400990
B1637461903221S04153606WA0092500990
B1637501903193S04153593WA0091600983
B1637541903168S04153582WA0091600983
B1637581903138S04153570WA0090900978
B1638021903116S04153558WA0091700987
B1638061903090S04153540WA0091700986
B1638101903065S04153531WA0092100989
B1638141903040S04153525WA0091800985
B1638181903015S04153515WA0091700985
B1638221902990S04153506WA0092000988
B1638261902967S04153497WA0092200989
B1638301902940S04153487WA0092100987
B1638341902912S04153481WA0092100989
B1638381902891S04153469WA0092200989
B1638421902864S04153457WA0091300980
B1638461902834S04153448WA0090600974
B1638501902804S04153432WA0090200969
B1638541902772S04153410WA0089800965
B1638581902741S04153391WA0089800965
B1639021902709S04153374WA0089500961
B1639061902686S04153357WA0090200969
B1639101902658S04153339WA0090100967
B1639141902630S04153319WA0090200971
B1639181902604S04153301WA0090400972
B1639221902575S04153282WA0090500973
B1639261902550S04153262WA0091200981
B1639301902523S04153244WA0091300981
B1639341902500S04153230WA0091900989
B1639381902475S04153210WA0091300980
B1639421902448S04153188WA0091300981
B1639461902421S04153171WA0091400981
B1639501902397S04153157WA0091500983
B1639541902372S04153141WA0091200979
B1639581902348S04153127WA0090500970
B1640021902320S04153114WA0089400959
B1640061902293S04153100WA0088700952
B1640101902265S04153087WA0088100946
B1640141902237S04153074WA0087900946
B1640181902211S04153066WA0088300950
B1640221902184S04153055WA0088100947
B1640261902160S04153043WA0088300949
B1640301902136S04153029WA0088100946
B1640341902118S04153002WA0087900945
B1640381902112S04152969WA0087900946
B1640421902097S04152945WA0087900946
B1640461902075S04152929WA0088100946
B1640501902050S04152919WA0088100947
B1640541902027S04152902WA0088100947
B1640581902006S04152883WA0088200947
B1641021901982S04152869WA0088400950
B1641061901959S04152848WA0088300949
B1641101901941S04152830WA0089300961
B1641141901918S04152817WA0089400961
B1641181901896S04152804WA0089900968
B1641221901874S04152783WA0090400973
B1641261901854S04152764WA0090400972
B1641301901833S04152747WA0089600961
B1641341901808S04152731WA0088400947
B1641381901779S04152719WA0087200935
B1641421901748S04152711WA0086400928
B1641461901717S04152704WA0085500918
B1641501901686S04152693WA0085100916
B1641541901657S04152683WA0084400906
B1641581901625S04152669WA0083500898
B1642021901593S04152655WA0082800891
B1642061901561S04152641WA0082100882
B1642101901534S04152620WA0081200871
B1642141901504S04152595WA0079900860
B1642181901478S04152570WA0080000864
B1642221901453S04152547WA0080300865
B1642261901429S04152521WA0080100862
B1642301901404S04152497WA0079800859
B1642341901379S04152471WA0078900849
B1642381901356S04152447WA0078300842
B1642421901334S04152427WA0078100840
B1642461901312S04152407WA0078100841
B1642501901290S04152385WA0077800836
B1642541901267S04152357WA0077100830
B1642581901248S04152331WA0077400834
B1643021901233S04152309WA0078700850
B1643061901211S04152291WA0079400857
B1643101901191S04152272WA0080500870
B1643141901171S04152260WA0082000885
B1643181901159S04152246WA0083300898
B1643221901180S04152237WA0084000904
B1643261901184S04152261WA0084800911
B1643301901171S04152279WA0085900924
B1643341901152S04152278WA0086400928
B1643381901168S04152262WA0086800936
B1643421901185S04152269WA0088600956
B1643461901203S04152280WA0089400963
B1643501901189S04152294WA0090000969
B1643541901186S04152273WA0091100981
B1643581901194S04152259WA0092000988
B1644021901214S04152259WA0092800998
B1644061901230S04152280WA0093801008
B1644101901218S04152300WA0094601016
B1644141901201S04152285WA0095601027
B1644181901198S04152265WA0096601036
B1644221901194S04152243WA0097701049
B1644261901199S04152227WA0099001062
B1644301901221S04152234WA0099401066
B1644341901209S04152250WA0100301076
B1644381901194S04152247WA0101501089
B1644421901198S04152226WA0102501101
B1644461901219S04152233WA0103401110
B1644501901208S04152252WA0104301118
B1644541901194S04152251WA0105301128
B1644581901184S04152227WA0105801133
B1645021901185S04152206WA0106901145
B1645061901189S04152187WA0108101157
B1645101901204S04152169WA0109101169
B1645141901217S04152189WA0110001178
B1645181901195S04152192WA0111201190
B1645221901188S04152170WA0112501203
B1645261901201S04152149WA0113601215
B1645301901218S04152163WA0114701227
B1645341901197S04152172WA0115801239
B1645381901192S04152152WA0117201253
B1645421901215S04152146WA0118301266
B1645461901216S04152168WA0119601278
B1645501901195S04152164WA0120501288
B1645541901195S04152141WA0121401295
B1645581901205S04152120WA0122601309
B1646021901225S04152123WA0123401317
B1646061901221S04152145WA0124501332
B1646101901203S04152133WA0125801344
B1646141901216S04152112WA0126901357
B1646181901233S04152128WA0127801364
B1646221901221S04152144WA0129201380
B1646261901203S04152130WA0130401390
B1646301901212S04152110WA0131501403
B1646341901231S04152122WA0132301409
B1646381901216S04152137WA0133301421
B1646421901199S04152124WA0134301431
B1646461901200S04152103WA0135301441
B1646501901222S04152099WA0136101448
B1646541901222S04152122WA0137101460
B1646581901203S04152127WA0138301473
B1647021901190S04152110WA0139101480
B1647061901196S04152086WA0139701486
B1647101901220S04152079WA0140401494
B1647141901239S04152089WA0141501507
B1647181901245S04152108WA0142501516
B1647221901220S04152111WA0143201525
B1647261901203S04152093WA0144201536
B1647301901184S04152079WA0144901544
B1647341901161S04152061WA0144601539
B1647381901132S04152041WA0143901534
B1647421901103S04152020WA0143601531
B1647461901070S04152001WA0143101524
B1647501901035S04151984WA0142401517
B1647541901001S04151968WA0141901513
B1647581900971S04151950WA0141601508
B1648021900938S04151932WA0140801500
B1648061900904S04151914WA0140401495
B1648101900869S04151898WA0140001491
B1648141900836S04151885WA0139401484
B1648181900802S04151872WA0138401472
B1648221900768S04151859WA0137501461
B1648261900733S04151845WA0136501452
B1648301900698S04151832WA0135801445
B1648341900663S04151818WA0135201439
B1648381900632S04151801WA0134701435
B1648421900600S04151786WA0134101428
B1648461900566S04151772WA0133601422
B1648501900534S04151758WA0133201418
B1648541900499S04151746WA0132201407
B1648581900464S04151735WA0131601401
B1649021900429S04151721WA0130601392
B1649061900394S04151711WA0129901384
B1649101900360S04151698WA0129001373
B1649141900325S04151684WA0127801361
B1649181900290S04151670WA0126801351
B1649221900254S04151659WA0125701339
B1649261900218S04151647WA0124801329
B1649301900183S04151636WA0123801318
B1649341900149S04151619WA0122801308
B1649381900115S04151607WA0121801298
B1649421900080S04151594WA0120901288
B1649461900045S04151582WA0120101280
B1649501900011S04151569WA0119401272
B1649541859974S04151559WA0118601264
B1649581859939S04151548WA0118001257
B1650021859903S04151536WA0117301251
B1650061859869S04151524WA0116701245
B1650101859834S04151511WA0116001237
B1650141859798S04151501WA0115401231
B1650181859762S04151490WA0114701223
B1650221859727S04151481WA0114101217
B1650261859692S04151467WA0113401210
B1650301859658S04151453WA0112701203
B1650341859624S04151437WA0112001196
B1650381859591S04151423WA0111401190
B1650421859558S04151412WA0110901184
B1650461859523S04151400WA0110201176
B1650501859487S04151391WA0109501170
B1650541859452S04151381WA0109001164
B1650581859417S04151373WA0108301157
B1651021859381S04151366WA0107501148
B1651061859348S04151356WA0107001143
B1651101859314S04151349WA0106401137
B1651141859281S04151342WA0105801130
B1651181859247S04151337WA0105101123
B1651221859213S04151328WA0104301115
B1651261859180S04151322WA0103801110
B1651301859150S04151317WA0103401105
B1651341859119S04151312WA0102701098
B1651381859087S04151301WA0102201094
B1651421859057S04151290WA0101801089
B1651461859025S04151281WA0101101082
B1651501858994S04151274WA0100301073
B1651541858965S04151265WA0099601065
B1651581858934S04151253WA0098601055
B1652021858904S04151241WA0097801047
B1652061858874S04151230WA0096701034
B1652101858843S04151221WA0095401021
B1652141858812S04151211WA0094301009
B1652181858780S04151198WA0093200998
B1652221858752S04151185WA0092300988
B1652261858724S04151171WA0091200976
B1652301858695S04151157WA0090600972
B1652341858668S04151141WA0090400970
B1652381858641S04151130WA0090600973
B1652421858619S04151119WA0091400982
B1652461858592S04151107WA0090800974
B1652501858562S04151094WA0090500971
B1652541858542S04151088WA0091500982
B1652581858521S04151084WA0091500979
B1653021858489S04151084WA0090800973
B1653061858457S04151082WA0090500972
B1653101858425S04151082WA0090100967
B1653141858393S04151081WA0089800962
B1653181858359S04151079WA0089000955
B1653221858328S04151075WA0088500949
B1653261858295S04151071WA0087500939
B1653301858262S04151067WA0086800931
B1653341858228S04151061WA0085900921
B1653381858193S04151054WA0085100913
B1653421858160S04151051WA0084500907
B1653461858125S04151052WA0084100902
B1653501858091S04151058WA0083900902
B1653541858064S04151061WA0084500908
B1653581858039S04151057WA0085100915
B1654021858017S04151045WA0085600919
B1654061857993S04151031WA0085700920
B1654101857966S04151026WA0085700919
B1654141857936S04151018WA0085500918
B1654181857910S04151009WA0085700920
B1654221857879S04151002WA0085300915
B1654261857849S04150990WA0085300915
B1654301857823S04150972WA0085200916
B1654341857803S04150961WA0086400929
B1654381857784S04150948WA0086700928
B1654421857764S04150933WA0087000934
B1654461857755S04150920WA0088600949
B1654501857758S04150900WA0089400956
B1654541857790S04150897WA0089700960
B1654581857810S04150915WA0090700970
B1655021857804S04150932WA0091200976
B1655061857790S04150918WA0092100985
B1655101857781S04150908WA0093300999
B1655141857768S04150916WA0094201010
B1655181857761S04150899WA0094801017
B1655221857786S04150883WA0095001020
B1655261857813S04150894WA0095501025
B1655301857824S04150914WA0096401035
B1655341857813S04150914WA0097201044
B1655381857823S04150892WA0097901051
B1655421857851S04150897WA0098701059
B1655461857866S04150918WA0099401067
B1655501857860S04150931WA0100001072
B1655541857844S04150922WA0100101073
B1655581857840S04150900WA0100501077
B1656021857840S04150880WA0101501086
B1656061857870S04150871WA0101301084
B1656101857880S04150894WA0101801090
B1656141857869S04150896WA0102501098
B1656181857871S04150877WA0103101103
B1656221857877S04150854WA0103501106
B1656261857876S04150832WA0103601108
B1656301857863S04150819WA0103801109
B1656341857849S04150804WA0104001113
B1656381857837S04150789WA0104301115
B1656421857823S04150778WA0104401116
B1656461857806S04150773WA0104301114
B1656501857789S04150769WA0104401116
B1656541857775S04150767WA0105001123
B1656581857759S04150763WA0105401126
B1657021857742S04150760WA0105801131
B1657061857727S04150758WA0106201135
B1657101857708S04150754WA0105901128
B1657141857689S04150749WA0105201123
B1657181857668S04150749WA0104501116
B1657221857650S04150752WA0104201112
B1657261857627S04150759WA0103401105
B1657301857608S04150773WA0102801098
B1657341857590S04150794WA0102301092
B1657381857573S04150817WA0102101091
B1657421857558S04150842WA0101401084
B1657461857540S04150866WA0100501073
B1657501857526S04150894WA0100001069
B1657541857515S04150924WA0099201060
B1657581857509S04150956WA0099401064
B1658021857510S04150985WA0100001071
B1658061857509S04151019WA0100201074
B1658101857516S04151047WA0101501088
B1658141857530S04151068WA0102601097
B1658181857549S04151087WA0103001100
B1658221857564S04151101WA0104201113
B1658261857580S04151104WA0105101122
B1658301857592S04151083WA0105801130
B1658341857589S04151065WA0107001144
B1658381857571S04151081WA0107501148
B1658421857584S04151098WA0108601158
B1658461857604S04151094WA0109701170
B1658501857603S04151073WA0110401174
B1658541857585S04151083WA0111401184
B1658581857595S04151103WA0112401193
B1659021857616S04151113WA0113301203
B1659061857635S04151114WA0114101211
B1659101857656S04151112WA0114501216
B1659141857678S04151111WA0114901221
B1659181857699S04151102WA0115201226
B1659221857716S04151093WA0116101236
B1659261857733S04151085WA0116501238
B1659301857749S04151071WA0116601239
B1659341857760S04151050WA0116901244
B1659381857774S04151031WA0117301249
B1659421857792S04151021WA0118201258
B1659461857817S04151020WA0118801266
B1659501857835S04151009WA0119201269
B1659541857824S04150988WA0119101268
B1659581857804S04151000WA0119201270
B1700021857792S04151015WA0120101280
B1700061857782S04151032WA0120801288
B1700101857771S04151047WA0121401294
B1700141857782S04151067WA0121601296
B1700181857801S04151050WA0121901299
B1700221857787S04151041WA0122801309
B1700261857781S04151060WA0123401315
B1700301857804S04151070WA0123601317
B1700341857818S04151051WA0124101322
B1700381857804S04151042WA0124701326
B1700421857782S04151043WA0124801327
B1700461857755S04151047WA0125001331
B1700501857727S04151054WA0125701339
B1700541857708S04151056WA0127301356
B1700581857702S04151043WA0128001361
B1701021857724S04151030WA0128401368
B1701061857745S04151042WA0129101375
B1701101857753S04151067WA0130001385
B1701141857736S04151079WA0130501390
B1701181857717S04151072WA0131301401
B1701221857698S04151068WA0131901406
B1701261857670S04151064WA0132101408
B1701301857640S04151057WA0131801405
B1701341857609S04151051WA0131501403
B1701381857579S04151046WA0130801392
B1701421857547S04151046WA0130101385
B1701461857519S04151048WA0129301377
B1701501857485S04151046WA0129001377
B1701541857461S04151046WA0130001386
B1701581857430S04151045WA0128801368
B1702021857395S04151038WA0127501358
B1702061857362S04151030WA0126401344
B1702101857325S04151023WA0125101331
B1702141857290S04151018WA0124301323
B1702181857254S04151017WA0123101309
B1702221857218S04151018WA0122101298
B1702261857182S04151019WA0120801282
B1702301857143S04151016WA0119401268
B1702341857108S04151013WA0118301256
B1702381857071S04151008WA0117201246
B1702421857033S04151000WA0116601241
B1702461856997S04150995WA0115901232
B1702501856963S04150988WA0114901220
B1702541856927S04150981WA0113501206
B1702581856890S04150975WA0112401194
B1703021856852S04150974WA0111401184
B1703061856816S04150973WA0110601176
B1703101856780S04150970WA0109801168
B1703141856744S04150968WA0109101163
B1703181856713S04150966WA0108801160
B1703221856681S04150964WA0108301155
B1703261856653S04150958WA0108701159
B1703301856624S04150959WA0108501155
B1703341856593S04150958WA0108001151
B1703381856565S04150957WA0107801149
B1703421856532S04150953WA0107501147
B1703461856501S04150950WA0107801152
B1703501856469S04150949WA0108101154
B1703541856438S04150945WA0108401158
B1703581856411S04150942WA0109201166
B1704021856378S04150936WA0109201166
B1704061856348S04150931WA0109901174
B1704101856318S04150928WA0110501179
B1704141856287S04150916WA0110101173
B1704181856256S04150900WA0109901175
B1704221856231S04150883WA0110801184
B1704261856211S04150868WA0111701192
B1704301856198S04150850WA0112201197
B1704341856196S04150828WA0113201208
B1704381856200S04150808WA0114101216
B1704421856224S04150799WA0114501222
B1704461856228S04150820WA0115201229
B1704501856210S04150826WA0116201239
B1704541856199S04150807WA0116901247
B1704581856223S04150797WA0117601255
B1705021856236S04150816WA0118401264
B1705061856217S04150827WA0119201272
B1705101856214S04150806WA0120001281
B1705141856241S04150811WA0120701288
B1705181856247S04150833WA0121901301
B1705221856232S04150846WA0122801311
B1705261856217S04150829WA0123301315
B1705301856234S04150814WA0124101324
B1705341856254S04150829WA0125001335
B1705381856242S04150846WA0125901343
B1705421856226S04150835WA0126601350
B1705461856232S04150815WA0127401359
B1705501856258S04150811WA0128101367
B1705541856277S04150823WA0129101377
B1705581856272S04150846WA0129701382
B1706021856251S04150847WA0130601393
B1706061856238S04150835WA0131401401
B1706101856260S04150826WA0131901407
B1706141856261S04150849WA0132701416
B1706181856241S04150854WA0133501424
B1706221856221S04150850WA0134301432
B1706261856231S04150826WA0134501435
B1706301856252S04150828WA0135501447
B1706341856262S04150849WA0136201453
B1706381856241S04150856WA0136601457
B1706421856226S04150842WA0137701470
B1706461856235S04150821WA0138101472
B1706501856256S04150825WA0138701480
B1706541856262S04150848WA0139101484
B1706581856240S04150859WA0139501489
B1707021856216S04150860WA0140401499
B1707061856191S04150855WA0140801501
B1707101856163S04150847WA0140201494
B1707141856132S04150839WA0139201483
B1707181856100S04150836WA0138601479
B1707221856069S04150828WA0137801468
B1707261856036S04150821WA0137001461
B1707301856005S04150811WA0136401456
B1707341855973S04150803WA0135501444
B1707381855941S04150796WA0134401432
B1707421855909S04150793WA0133501422
B1707461855876S04150790WA0132501413
B1707501855843S04150784WA0131801404
B1707541855809S04150783WA0131101399
B1707581855776S04150784WA0130801395
B1708021855742S04150781WA0129901385
B1708061855706S04150776WA0128801373
B1708101855673S04150773WA0128201368
B1708141855639S04150769WA0127401357
B1708181855606S04150770WA0127101357
B1708221855588S04150775WA0128501370
B1708261855562S04150772WA0128401369
B1708301855533S04150764WA0128701374
B1708341855502S04150760WA0128901376
B1708381855472S04150756WA0129301382
B1708421855448S04150752WA0130401392
B1708461855420S04150749WA0130501392
B1708501855386S04150740WA0130501393
B1708541855354S04150732WA0131001399
B1708581855322S04150728WA0131201399
B1709021855288S04150722WA0130801396
B1709061855259S04150718WA0131301401
B1709101855223S04150713WA0130501390
B1709141855188S04150706WA0130801395
B1709181855156S04150705WA0130701391
B1709221855118S04150705WA0129701381
B1709261855082S04150706WA0129401378
B1709301855040S04150706WA0128801372
B1709341855006S04150704WA0128901375
B1709381854972S04150698WA0127801361
B1709421854938S04150686WA0126801352
B1709461854906S04150671WA0125701340
B1709501854872S04150654WA0124901335
B1709541854841S04150638WA0124501329
B1709581854809S04150622WA0123801321
B1710021854777S04150604WA0123101315
B1710061854745S04150588WA0122601310
B1710101854716S04150571WA0122001303
B1710141854685S04150553WA0121001294
B1710181854656S04150535WA0120401287
B1710221854629S04150515WA0119601278
B1710261854604S04150492WA0119001273
B1710301854577S04150468WA0118301266
B1710341854550S04150445WA0117901262
B1710381854523S04150423WA0117301258
B1710421854497S04150400WA0117201257
B1710461854472S04150380WA0117001254
B1710501854446S04150357WA0116201246
B1710541854419S04150337WA0115501239
B1710581854390S04150317WA0114801231
B1711021854364S04150294WA0114101223
B1711061854334S04150274WA0113301215
B1711101854308S04150255WA0112801209
B1711141854277S04150238WA0111701197
B1711181854249S04150221WA0111101191
B1711221854221S04150199WA0109701174
B1711261854191S04150183WA0108501163
B1711301854160S04150167WA0107001147
B1711341854134S04150144WA0106101139
B1711381854109S04150122WA0105501134
B1711421854085S04150099WA0105201131
B1711461854060S04150076WA0104601124
B1711501854036S04150051WA0104001119
B1711541854015S04150028WA0103701115
B1711581853993S04150004WA0102901106
B1712021853971S04149977WA0102401101
B1712061853950S04149949WA0101901097
B1712101853932S04149922WA0101301089
B1712141853909S04149896WA0100401080
B1712181853889S04149872WA0099801073
B1712221853866S04149844WA0098601060
B1712261853841S04149817WA0098201058
B1712301853819S04149793WA0098001055
B1712341853796S04149766WA0097301048
B1712381853774S04149740WA0097301049
B1712421853749S04149718WA0096901044
B1712461853722S04149695WA0096301036
B1712501853696S04149672WA0095501028
B1712541853672S04149647WA0094701020
B1712581853649S04149623WA0094201015
B1713021853628S04149598WA0093501007
B1713061853608S04149571WA0092700998
B1713101853588S04149544WA0091600986
B1713141853568S04149517WA0090600977
B1713181853550S04149491WA0089700967
B1713221853534S04149461WA0088800958
B1713261853521S04149430WA0088400952
B1713301853507S04149397WA0088000949
B1713341853493S04149366WA0088100949
B1713381853477S04149332WA0087500943
B1713421853468S04149299WA0087700945
B1713461853456S04149266WA0087000936
B1713501853442S04149232WA0086300929
B1713541853428S04149199WA0085700922
B1713581853413S04149166WA0084900914
B1714021853400S04149134WA0084800914
B1714061853390S04149101WA0084300907
B1714101853377S04149066WA0083500899
B1714141853363S04149031WA0083100895
B1714181853348S04148996WA0082500889
B1714221853335S04148963WA0082100884
B1714261853323S04148925WA0081400877
B1714301853313S04148889WA0081100874
B1714341853302S04148853WA0080400865
B1714381853292S04148814WA0079300855
B1714421853282S04148777WA0078700850
B1714461853270S04148739WA0077900839
B1714501853259S04148701WA0077200832
B1714541853246S04148664WA0076300823
B1714581853233S04148624WA0075500814
B1715021853223S04148583WA0074600804
B1715061853213S04148542WA0073600794
B1715101853205S04148503WA0072700784
B1715141853196S04148463WA0071500772
B1715181853186S04148423WA0070500763
B1715221853178S04148386WA0069800754
B1715261853169S04148347WA0068500740
B1715301853160S04148310WA0067300728
B1715341853150S04148272WA0065700710
B1715381853131S04148247WA0064500698
B1715421853110S04148272WA0062200677
B1715461853107S04148299WA0062000673
B1715501853108S04148333WA0060000649
B1715541853104S04148364WA0059100642
B1715581853103S04148395WA0058100630
B1716021853103S04148429WA0057100621
B1716061853106S04148460WA0056500616
B1716101853103S04148492WA0055500604
B1716141853102S04148523WA0054500594
B1716181853102S04148553WA0053800587
B1716221853102S04148582WA0053100578
B1716261853110S04148613WA0052900578
B1716301853125S04148638WA0053500585
B1716341853136S04148671WA0052500572
B1716381853126S04148700WA0051900566
B1716421853118S04148732WA0050700550
B1716461853106S04148765WA0049800543
B1716501853096S04148794WA0049200532
B1716541853085S04148830WA0047700521
B1716581853070S04148859WA0047000515
B1717021853051S04148888WA0045900503
B1717061853030S04148905WA0045700501
B1717101853005S04148922WA0044600490
B1717141852994S04148952WA0044700491
B1717181853000S04148980WA0045600499
B1717221853006S04149012WA0045800501
B1717261853014S04149038WA0046600509
B1717301853013S04149058WA0046900511
B1717341852998S04149059WA0047400518
B1717381852997S04149039WA0047700520
B1717421853021S04149030WA0048200524
B1717461853043S04149041WA0048700530
B1717501853053S04149063WA0048800530
B1717541853045S04149073WA0049100534
B1717581853036S04149057WA0049200535
B1718021853036S04149035WA0049300536
B1718061853037S04149013WA0049600540
B1718101853047S04148991WA0049700543
B1718141853063S04148975WA0050300550
B1718181853071S04148958WA0050800556
B1718221853072S04148935WA0051000557
B1718261853096S04148944WA0051200558
B1718301853086S04148961WA0051800564
B1718341853073S04148952WA0052400571
B1718381853081S04148927WA0052800575
B1718421853105S04148929WA0053500583
B1718461853114S04148950WA0053900586
B1718501853112S04148969WA0054400592
B1718541853105S04148987WA0055000598
B1718581853090S04148973WA0055100597
B1719021853111S04148962WA0055600605
B1719061853127S04148977WA0056300611
B1719101853126S04148999WA0056800616
B1719141853115S04149013WA0057200621
B1719181853104S04149000WA0057300621
B1719221853123S04148984WA0057600624
B1719261853139S04148998WA0058000629
B1719301853137S04149019WA0058200631
B1719341853123S04149023WA0058300632
B1719381853130S04148999WA0058300632
B1719421853154S04149001WA0058700637
B1719461853169S04149019WA0058700637
B1719501853173S04149043WA0058800638
B1719541853163S04149054WA0058900640
B1719581853160S04149034WA0058900639
B1720021853185S04149026WA0059000639
B1720061853201S04149043WA0059000639
B1720101853200S04149067WA0058900637
B1720141853195S04149089WA0058800638
B1720181853192S04149117WA0058300631
B1720221853182S04149144WA0057700624
B1720261853171S04149172WA0056800619
B1720301853166S04149200WA0056400615
B1720341853160S04149228WA0055900609
B1720381853152S04149254WA0055200601
B1720421853139S04149279WA0054200590
B1720461853123S04149303WA0053400582
B1720501853110S04149328WA0052500572
B1720541853096S04149353WA0051800565
B1720581853084S04149376WA0050800553
B1721021853069S04149400WA0049500539
B1721061853057S04149428WA0048600531
B1721101853051S04149455WA0048400529
B1721141853045S04149487WA0047800522
B1721181853037S04149517WA0047900524
B1721221853030S04149539WA0048100525
B1721261853015S04149536WA0048000521
B1721301853024S04149516WA0048000523
B1721341853046S04149508WA0048300527
B1721381853067S04149519WA0048300525
B1721421853071S04149545WA0048000522
B1721461853069S04149571WA0047900520
B1721501853072S04149597WA0047900521
B1721541853083S04149623WA0047600517
B1721581853095S04149650WA0047200515
B1722021853099S04149678WA0046700509
B1722061853100S04149706WA0046100503
B1722101853097S04149733WA0045600497
B1722141853094S04149761WA0045000491
B1722181853091S04149788WA0044700488
B1722221853087S04149815WA0044100482
B1722261853082S04149839WA0043600476
B1722301853078S04149865WA0043000470
B1722341853071S04149892WA0042400463
B1722381853064S04149917WA0042000459
B1722421853056S04149938WA0041300453
B1722461853046S04149958WA0041000449
B1722501853036S04149979WA0040400443
B1722541853025S04150000WA0040100440
B1722581853014S04150019WA0039800438
B1723021853003S04150038WA0039700437
B1723061852992S04150057WA0039400433
B1723101852987S04150079WA0039200432
B1723141852986S04150105WA0039000429
B1723181852989S04150126WA0039000429
B1723221852989S04150151WA0038500424
B1723261852986S04150172WA0038300421
B1723301852987S04150196WA0037700414
B1723341852991S04150219WA0037000406
B1723381852993S04150244WA0036200398
B1723421852994S04150268WA0035500390
B1723461852995S04150289WA0035100386
B1723501853001S04150312WA0034400378
B1723541853009S04150333WA0034400380
B1723581853017S04150353WA0034200377
B1724021853027S04150377WA0033900375
B1724061853038S04150398WA0033800374
B1724101853046S04150420WA0033500370
B1724141853054S04150444WA0033500371
B1724181853063S04150463WA0034100378
B1724221853048S04150473WA0034300378
B1724261853036S04150452WA0034500379
B1724301853052S04150438WA0034800382
B1724341853075S04150446WA0035000383
B1724381853072S04150466WA0035200383
B1724421853054S04150478WA0035500388
B1724461853040S04150461WA0035400386
B1724501853057S04150449WA0035700391
B1724541853072S04150465WA0036000393
B1724581853063S04150482WA0036300397
B1725021853040S04150479WA0036200395
B1725061853033S04150460WA0036700401
B1725101853052S04150449WA0036800401
B1725141853059S04150469WA0037000404
B1725181853040S04150479WA0037300407
B1725221853028S04150462WA0037600410
B1725261853041S04150446WA0037900414
B1725301853059S04150459WA0038200416
B1725341853047S04150478WA0038500420
B1725381853028S04150471WA0038700422
B1725421853033S04150451WA0038900425
B1725461853056S04150451WA0039200428
B1725501853062S04150474WA0039600432
B1725541853043S04150484WA0039700433
B1725581853033S04150466WA0039900435
B1726021853047S04150454WA0040100437
B1726061853071S04150453WA0040200438
B1726101853091S04150457WA0040500442
B1726141853096S04150477WA0040500441
B1726181853078S04150477WA0040500441
B1726221853075S04150459WA0040700444
B1726261853093S04150448WA0040800444
B1726301853114S04150451WA0041000448
B1726341853132S04150456WA0041700455
B1726381853152S04150457WA0041900457
B1726421853147S04150474WA0041700454
B1726461853132S04150464WA0041700455
B1726501853125S04150439WA0041700454
B1726541853130S04150420WA0042100461
B1726581853152S04150417WA0042000456
B1727021853153S04150438WA0042200461
B1727061853133S04150433WA0042400463
B1727101853122S04150414WA0042400463
B1727141853120S04150390WA0042600466
B1727181853133S04150371WA0042700467
B1727221853151S04150379WA0042900469
B1727261853142S04150396WA0043300473
B1727301853127S04150382WA0043700477
B1727341853142S04150362WA0044000481
B1727381853159S04150373WA0044400484
B1727421853152S04150390WA0045000490
B1727461853133S04150392WA0045600498
B1727501853128S04150368WA0045700497
B1727541853149S04150356WA0046100502
B1727581853164S04150367WA0046700509
B1728021853151S04150381WA0047000512
B1728061853131S04150376WA0047700522
B1728101853113S04150365WA0048100524
B1728141853095S04150349WA0048300526
B1728181853073S04150334WA0048500528
B1728221853053S04150323WA0049100535
B1728261853029S04150314WA0048900530
B1728301853005S04150305WA0048300524
B1728341852982S04150302WA0048000522
B1728381852960S04150303WA0047600517
B1728421852938S04150298WA0047600520
B1728461852919S04150295WA0048000524
B1728501852907S04150282WA0048200526
B1728541852929S04150268WA0048500528
B1728581852939S04150287WA0048900533
B1729021852930S04150302WA0049000534
B1729061852913S04150307WA0048800530
B1729101852893S04150303WA0048800531
B1729141852877S04150310WA0049200535
B1729181852865S04150331WA0049600539
B1729221852853S04150346WA0049800541
B1729261852847S04150328WA0049700540
B1729301852871S04150326WA0050000542
B1729341852877S04150351WA0050000542
B1729381852862S04150363WA0050100543
B1729421852842S04150367WA0049900540
B1729461852817S04150364WA0049500537
B1729501852794S04150364WA0049600539
B1729541852770S04150371WA0049600538
B1729581852748S04150381WA0049600537
B1730021852728S04150391WA0049400534
B1730061852712S04150398WA0049300534
B1730101852691S04150393WA0048200519
B1730141852674S04150377WA0047400513
B1730181852651S04150361WA0046100498
B1730221852626S04150344WA0045400491
B1730261852605S04150331WA0045400493
B1730301852585S04150328WA0045900499
B1730341852564S04150324WA0046200501
B1730381852546S04150314WA0046700507
B1730421852530S04150301WA0047100513
B1730461852520S04150285WA0048000521
B1730501852534S04150269WA0048500526
B1730541852552S04150284WA0049400537
B1730581852552S04150305WA0050400547
B1731021852534S04150306WA0050900552
B1731061852525S04150293WA0051800563
B1731101852539S04150275WA0052100566
B1731141852558S04150273WA0053100579
B1731181852572S04150294WA0053600583
B1731221852554S04150303WA0054600593
B1731261852554S04150285WA0055400601
B1731301852576S04150291WA0056100609
B1731341852570S04150313WA0056900618
B1731381852552S04150310WA0057600624
B1731421852558S04150291WA0058200630
B1731461852578S04150300WA0058900637
B1731501852580S04150323WA0059600646
B1731541852562S04150330WA0060300653
B1731581852557S04150310WA0060700656
B1732021852575S04150306WA0061400664
B1732061852585S04150326WA0061900669
B1732101852572S04150345WA0062500676
B1732141852558S04150336WA0063100681
B1732181852573S04150323WA0063300684
B1732221852594S04150335WA0063900692
B1732261852610S04150351WA0064500697
B1732301852596S04150363WA0064800700
B1732341852588S04150345WA0065200704
B1732381852590S04150327WA0065800712
B1732421852612S04150326WA0065900709
B1732461852619S04150349WA0066300716
B1732501852604S04150358WA0066800720
B1732541852596S04150339WA0067100723
B1732581852617S04150339WA0067500725
B1733021852636S04150352WA0067900731
B1733061852657S04150365WA0068200734
B1733101852675S04150381WA0068600739
B1733141852670S04150400WA0068700738
B1733181852661S04150381WA0068600738
B1733221852677S04150365WA0069200746
B1733261852699S04150359WA0069500748
B1733301852719S04150376WA0069300747
B1733341852714S04150399WA0069300747
B1733381852706S04150426WA0069100742
B1733421852705S04150456WA0068900742
B1733461852705S04150493WA0068300734
B1733501852703S04150528WA0068200734
B1733541852698S04150560WA0067800734
B1733581852694S04150589WA0067200726
B1734021852691S04150623WA0066500721
B1734061852685S04150658WA0065900713
B1734101852680S04150692WA0065400709
B1734141852673S04150725WA0065000705
B1734181852669S04150758WA0064100692
B1734221852664S04150794WA0062800679
B1734261852659S04150833WA0061100662
B1734301852649S04150871WA0060100652
B1734341852639S04150909WA0059000642
B1734381852633S04150943WA0059100644
B1734421852629S04150974WA0058900641
B1734461852621S04151007WA0058600638
B1734501852613S04151040WA0058400636
B1734541852606S04151069WA0058300636
B1734581852601S04151098WA0057800629
B1735021852599S04151129WA0057300625
B1735061852597S04151159WA0056800618
B1735101852591S04151190WA0056200612
B1735141852588S04151222WA0055600605
B1735181852583S04151256WA0054900599
B1735221852580S04151287WA0054200589
B1735261852575S04151319WA0052900576
B1735301852568S04151347WA0052000567
B1735341852558S04151377WA0050800554
B1735381852550S04151406WA0050000546
B1735421852538S04151438WA0049100537
B1735461852529S04151464WA0049100537
B1735501852516S04151494WA0048100524
B1735541852505S04151526WA0047800524
B1735581852497S04151556WA0048000527
B1736021852494S04151584WA0048400529
B1736061852492S04151618WA0048300528
B1736101852491S04151646WA0048500529
B1736141852484S04151680WA0047700522
B1736181852477S04151710WA0047300517
B1736221852462S04151742WA0046200507
B1736261852446S04151765WA0046100506
B1736301852423S04151788WA0045400498
B1736341852403S04151808WA0045200495
B1736381852382S04151825WA0045500500
B1736421852364S04151837WA0046300505
B1736461852350S04151853WA0046700509
B1736501852337S04151839WA0046300503
B1736541852349S04151829WA0047000509
B1736581852373S04151831WA0046900505
B1737021852385S04151855WA0047400513
B1737061852375S04151874WA0047800516
B1737101852361S04151866WA0047500512
B1737141852367S04151848WA0047800517
B1737181852368S04151833WA0048300522
B1737221852384S04151823WA0048300520
B1737261852404S04151840WA0048400523
B1737301852401S04151862WA0049000531
B1737341852387S04151856WA0049400534
B1737381852406S04151848WA0049600535
B1737421852429S04151864WA0050300545
B1737461852440S04151885WA0051000552
B1737501852424S04151897WA0051200555
B1737541852425S04151879WA0051600559
B1737581852441S04151863WA0052300568
B1738021852460S04151857WA0053100577
B1738061852471S04151881WA0053700582
B1738101852453S04151887WA0054300588
B1738141852459S04151869WA0055000596
B1738181852479S04151878WA0055900605
B1738221852481S04151903WA0056500611
B1738261852462S04151912WA0056900614
B1738301852455S04151895WA0057600623
B1738341852461S04151884WA0058700636
B1738381852484S04151895WA0059200637
B1738421852477S04151919WA0059900646
B1738461852462S04151910WA0060500652
B1738501852475S04151901WA0061300661
B1738541852493S04151920WA0061800665
B1738581852484S04151943WA0062400672
B1739021852464S04151939WA0062800675
B1739061852467S04151925WA0063600685
B1739101852487S04151932WA0064200689
B1739141852490S04151959WA0064500693
B1739181852474S04151976WA0065100699
B1739221852462S04151992WA0065700707
B1739261852455S04151985WA0065600702
B1739301852476S04151979WA0065300701
B1739341852492S04151977WA0065800709
B1739381852515S04151982WA0065900708
B1739421852531S04151997WA0066500716
B1739461852530S04152023WA0066300712
B1739501852512S04152022WA0066400716
B1739541852521S04152009WA0066800720
B1739581852542S04152006WA0066700719
B1740021852563S04152014WA0066900721
B1740061852584S04152020WA0067100723
B1740101852606S04152023WA0067400725
B1740141852629S04152031WA0067400725
B1740181852652S04152038WA0067400725
B1740221852677S04152045WA0067600729
B1740261852699S04152053WA0068400738
B1740301852707S04152075WA0068900742
B1740341852689S04152086WA0069100745
B1740381852681S04152074WA0069500749
B1740421852700S04152065WA0069800751
B1740461852717S04152083WA0070300759
B1740501852717S04152105WA0070900764
B1740541852705S04152123WA0071100764
B1740581852689S04152136WA0071300767
B1741021852669S04152157WA0071100767
B1741061852655S04152183WA0071200767
B1741101852636S04152212WA0070900762
B1741141852622S04152235WA0070900764
B1741181852606S04152262WA0070000752
B1741221852592S04152288WA0069600749
B1741261852578S04152318WA0069000741
B1741301852560S04152347WA0068400736
B1741341852545S04152378WA0068200736
B1741381852531S04152411WA0068100735
B1741421852519S04152441WA0068200741
B1741461852506S04152467WA0068300742
B1741501852492S04152495WA0068200741
B1741541852481S04152523WA0068600744
B1741581852464S04152552WA0068300741
B1742021852444S04152584WA0068000738
B1742061852420S04152617WA0068000740
B1742101852402S04152646WA0068400743
B1742141852385S04152679WA0067900737
B1742181852369S04152708WA0067900737
B1742221852353S04152739WA0067200727
B1742261852334S04152768WA0066600724
B1742301852316S04152797WA0066300719
B1742341852296S04152826WA0065700713
B1742381852277S04152855WA0065300707
B1742421852252S04152879WA0064500697
B1742461852227S04152905WA0063700690
B1742501852199S04152927WA0063200685
B1742541852174S04152948WA0063400687
B1742581852150S04152973WA0063300686
B1743021852131S04152994WA0064000693
B1743061852118S04153021WA0064100693
B1743101852109S04153054WA0063800690
B1743141852102S04153085WA0063600687
B1743181852098S04153123WA0062700677
B1743221852098S04153161WA0062300674
B1743261852100S04153197WA0061900669
B1743301852099S04153236WA0061400667
B1743341852096S04153271WA0061300663
B1743381852093S04153310WA0060300655
B1743421852087S04153342WA0060900661
B1743461852084S04153376WA0060500654
B1743501852078S04153413WA0060000652
B1743541852073S04153447WA0059800648
B1743581852065S04153483WA0059500647
B1744021852056S04153518WA0059600648
B1744061852049S04153554WA0059500646
B1744101852045S04153585WA0060000653
B1744141852036S04153621WA0059400643
B1744181852029S04153657WA0059200643
B1744221852028S04153693WA0059100643
B1744261852018S04153728WA0059000644
B1744301852011S04153757WA0059800651
B1744341851996S04153785WA0059800651
B1744381851990S04153820WA0059500648
B1744421851988S04153857WA0059000644
B1744461851995S04153895WA0059000644
B1744501851999S04153935WA0059400649
B1744541852009S04153969WA0060200657
B1744581852012S04154002WA0059700648
B1745021852010S04154038WA0058500639
B1745061852010S04154069WA0058100634
B1745101852010S04154104WA0057000620
B1745141852010S04154140WA0056100612
B1745181852009S04154173WA0055700608
B1745221852008S04154210WA0054700596
B1745261852006S04154247WA0053900589
B1745301852007S04154283WA0053100580
B1745341852005S04154319WA0052300573
B1745381851999S04154352WA0051800566
B1745421851991S04154380WA0051500563
B1745461851980S04154409WA0050800556
B1745501851967S04154435WA0050900557
B1745541851958S04154462WA0050700553
B1745581851944S04154491WA0050500554
B1746021851929S04154513WA0050500553
B1746061851915S04154540WA0049800543
B1746101851904S04154570WA0049300538
B1746141851891S04154601WA0049200539
B1746181851877S04154627WA0049600544
B1746221851863S04154649WA0050300552
B1746261851852S04154674WA0050600554
B1746301851838S04154700WA0051000560
B1746341851821S04154720WA0051900570
B1746381851810S04154739WA0052300571
B1746421851790S04154761WA0051500562
B1746461851773S04154781WA0051300560
B1746501851752S04154803WA0050500552
B1746541851735S04154820WA0050200548
B1746581851717S04154843WA0049600542
B1747021851700S04154864WA0049400539
B1747061851681S04154885WA0048900534
B1747101851663S04154902WA0048400527
B1747141851642S04154921WA0047300517
B1747181851622S04154936WA0046600508
B1747221851602S04154954WA0045800499
B1747261851583S04154970WA0045100492
B1747301851561S04154988WA0044800491
B1747341851541S04155005WA0044500485
B1747381851517S04155023WA0043900479
B1747421851494S04155040WA0043200471
B1747461851468S04155057WA0042500463
B1747501851444S04155076WA0042000458
B1747541851421S04155094WA0041500454
B1747581851401S04155110WA0041600455
B1748021851382S04155128WA0041300453
B1748061851362S04155144WA0041000448
B1748101851340S04155162WA0040200440
B1748141851320S04155178WA0039800435
B1748181851297S04155193WA0039000426
B1748221851276S04155207WA0038300419
B1748261851254S04155222WA0037600412
B1748301851234S04155240WA0036900406
B1748341851226S04155265WA0036600401
B1748381851226S04155291WA0036000394
B1748421851232S04155318WA0035700392
B1748461851245S04155343WA0035300387
B1748501851255S04155371WA0035000385
B1748541851264S04155398WA0034600381
B1748581851273S04155424WA0034200378
B1749021851283S04155451WA0033800374
B1749061851293S04155476WA0033500370
B1749101851306S04155502WA0033000364
B1749141851318S04155527WA0032600359
B1749181851332S04155554WA0032100355
B1749221851342S04155582WA0031900354
B1749261851351S04155609WA0032000354
B1749301851361S04155637WA0031700350
B1749341851370S04155664WA0031400347
B1749381851380S04155691WA0031000343
B1749421851387S04155717WA0030700340
B1749461851396S04155744WA0030300336
B1749501851406S04155769WA0030100334
B1749541851416S04155796WA0029700330
B1749581851425S04155822WA0029300325
B1750021851433S04155851WA0028700319
B1750061851442S04155879WA0028200314
B1750101851450S04155906WA0027800310
B1750141851460S04155935WA0027100303
B1750181851469S04155962WA0026800300
B1750221851477S04155989WA0026400296
B1750261851486S04156017WA0025900290
B1750301851493S04156045WA0025500286
B1750341851502S04156074WA0025000281
B1750381851511S04156100WA0024700277
B1750421851520S04156128WA0024200272
B1750461851531S04156154WA0023700267
B1750501851540S04156183WA0023300264
B1750541851547S04156212WA0023000259
B1750581851556S04156241WA0022800257
B1751021851568S04156268WA0022500253
B1751061851580S04156297WA0022200251
B1751101851592S04156324WA0021900247
B1751141851601S04156353WA0021500244
B1751181851613S04156381WA0021200240
B1751221851630S04156405WA0020900236
B1751261851646S04156429WA0020600232
B1751301851662S04156454WA0020300229
B1751341851679S04156476WA0020100228
B1751381851697S04156494WA0019800224
B1751421851708S04156519WA0019500221
B1751461851703S04156542WA0019500221
B1751501851691S04156559WA0019300218
B1751541851676S04156576WA0018800212
B1751581851666S04156594WA0018400209
B1752021851656S04156617WA0017900204
B1752061851641S04156629WA0017500198
B1752101851627S04156626WA0017100194
B1752141851618S04156616WA0016900191
B1752181851607S04156610WA0016700189
B1752221851595S04156602WA0016300184
B1752261851586S04156593WA0015900180
B1752301851577S04156584WA0015700177
B1752341851568S04156575WA0015200170
B1752381851560S04156563WA0014700165
B1752421851552S04156548WA0014200162
B1752461851541S04156532WA0013800159
B1752501851534S04156524WA0013700158
B1752541851534S04156523WA0013700160
B1752581851534S04156524WA0013700159
B1753021851535S04156524WA0013700158
B1753061851535S04156524WA0013700157
B1753101851535S04156524WA0013700156
B1753141851535S04156524WA0013700155
B1753181851536S04156525WA0013700155
B1753221851536S04156526WA0013700154
B1753261851537S04156527WA0013700152
B1753301851536S04156526WA0013700153
B1753341851535S04156526WA0013700154
B1753381851533S04156525WA0013800154
B1753421851531S04156523WA0013800155
B1753461851529S04156521WA0013800155
B1753501851526S04156520WA0013800155
B1753541851524S04156519WA0013800157
B1753581851522S04156517WA0013800157
B1754021851520S04156516WA0013800156
B1754061851517S04156515WA0013800156
B1754101851515S04156515WA0013800155
B1754141851513S04156514WA0013800155
B1754181851510S04156514WA0013800154
B1754221851509S04156514WA0013800153
B1754261851508S04156514WA0013800155
B1754301851509S04156514WA0013800154
B1754341851509S04156514WA0013800154
B1754381851509S04156514WA0013800155
B1754421851510S04156514WA0013800155
B1754461851509S04156514WA0013800154
B1754501851509S04156514WA0013800153
B1754541851510S04156514WA0013800152
B1754581851510S04156514WA0013800153
B1755021851510S04156514WA0013800152
B1755061851510S04156514WA0013800153
B1755101851510S04156514WA0013800153
B1755141851510S04156514WA0013800154
B1755181851510S04156514WA0013800155
B1755221851510S04156515WA0013800155
B1755261851510S04156515WA0013800155
B1755301851510S04156515WA0013800155
B1755341851510S04156515WA0013800156
B1755381851510S04156515WA0013800156
B1755421851510S04156515WA0013800155
B1755461851510S04156515WA0013800155
B1755501851509S04156516WA0013800155
B1755541851510S04156515WA0013800155
B1755581851510S04156514WA0013700155
B1756021851510S04156514WA0013700156
B1756061851510S04156515WA0013700157
B1756101851510S04156514WA0013700158
B1756141851510S04156514WA0013700159
B1756181851510S04156514WA0013700159
B1756221851510S04156514WA0013700158
B1756261851510S04156514WA0013700158
B1756301851509S04156514WA0013700157
B1756341851509S04156514WA0013700157
B1756381851509S04156514WA0013700156
B1756421851510S04156514WA0013700156
B1756461851510S04156514WA0013700155
B1756501851510S04156514WA0013700155
B1756541851510S04156514WA0013700155
B1756581851510S04156514WA0013700155
B1757021851510S04156514WA0013700154
B1757061851510S04156514WA0013700154
B1757101851511S04156514WA0013700154
B1757141851511S04156514WA0013700154
B1757181851511S04156514WA0013700154
B1757221851511S04156514WA0013700155
B1757261851510S04156514WA0013700155
B1757301851511S04156514WA0013700155
B1757341851511S04156514WA0013700155
B1757381851511S04156514WA0013700155
B1757421851511S04156514WA0013700155
B1757461851511S04156514WA0013700155
B1757501851511S04156514WA0013700155
B1757541851511S04156514WA0013700155
B1757581851511S04156514WA0013800156
B1758021851511S04156514WA0013700156
B1758061851511S04156514WA0013700157
B1758101851511S04156514WA0013700157
B1758141851511S04156514WA0013800157
B1758181851511S04156514WA0013800157
B1758221851511S04156514WA0013800157
B1758261851511S04156514WA0013800157
B1758301851510S04156514WA0013800156
B1758341851510S04156514WA0013800156
B1758381851510S04156514WA0013800156
B1758421851510S04156514WA0013800156
B1758461851511S04156514WA0013800157
B1758501851510S04156514WA0013800157
B1758541851510S04156514WA0013800156
B1758581851510S04156514WA0013800156
B1759021851510S04156514WA0013800155
B1759061851510S04156514WA0013800155
B1759101851510S04156514WA0013800156
B1759141851510S04156514WA0013800156
B1759181851510S04156514WA0013800156
B1759221851510S04156514WA0013800157
B1759261851510S04156514WA0013800158
B1759301851510S04156514WA0013800159
B1759341851510S04156514WA0013800160
B1759381851510S04156514WA0013800160
B1759421851509S04156514WA0013800161
B1759461851509S04156514WA0013800161
B1759501851509S04156514WA0013800161
B1759541851509S04156514WA0013800160
B1759581851509S04156514WA0013800159
B1800021851509S04156514WA0013800159
B1800061851509S04156514WA0013800159
B1800101851509S04156514WA0013800159
B1800141851509S04156515WA0013800159
B1800181851509S04156515WA0013800159
B1800221851509S04156515WA0013800159
B1800261851509S04156515WA0013800159
B1800301851509S04156515WA0013800159
B1800341851509S04156515WA0013800160
B1800381851509S04156515WA0013800161
B1800421851509S04156515WA0013800162
B1800461851509S04156515WA0013800162
B1800501851509S04156515WA0013800163
B1800541851509S04156515WA0013800163
B1800581851509S04156516WA0013800163
B1801021851509S04156516WA0013800164
B1801061851509S04156516WA0013800164
B1801101851509S04156516WA0013800164
B1801141851510S04156516WA0013800163
B1801181851509S04156516WA0013800163
B1801221851510S04156516WA0013800162
B1801261851510S04156515WA0013800162
B1801301851510S04156515WA0013800162
B1801341851509S04156515WA0013800161
B1801381851510S04156515WA0013800161
B1801421851509S04156515WA0013800160
B1801461851510S04156515WA0013800159
B1801501851510S04156515WA0013800159
B1801541851510S04156515WA0013800158
B1801581851510S04156515WA0013800158
B1802021851510S04156515WA0013800158
B1802061851510S04156515WA0013800158
B1802101851510S04156515WA0013800159
B1802141851510S04156515WA0013800159
B1802181851510S04156515WA0013800159
B1802221851510S04156515WA0013800159
B1802261851510S04156515WA0013800159
B1802301851510S04156515WA0013800159
B1802341851510S04156515WA0013800159
B1802381851510S04156515WA0013800160
B1802421851510S04156515WA0013800160
B1802461851510S04156515WA0013800160
B1802501851510S04156515WA0013800160
B1802541851510S04156515WA0013800160
B1802581851510S04156515WA0013800160
B1803021851510S04156515WA0013800160
B1803061851511S04156515WA0013800160
B1803101851511S04156515WA0013800160
B1803141851511S04156515WA0013800159
B1803181851511S04156514WA0013800159
B1803221851511S04156514WA0013800159
B1803261851511S04156515WA0013800159
B1803301851511S04156515WA0013800159
B1803341851511S04156515WA0013800159
B1803381851511S04156515WA0013800160
B1803421851511S04156515WA0013800160
B1803461851511S04156515WA0013800160
B1803501851511S04156515WA0013800160
B1803541851511S04156515WA0013800159
B1803581851511S04156515WA0013800159
B1804021851511S04156515WA0013800159
B1804061851511S04156515WA0013800159
B1804101851511S04156515WA0013800159
B1804141851511S04156514WA0013800159
B1804181851511S04156514WA0013800159
B1804221851511S04156514WA0013800159
B1804261851511S04156514WA0013800159
B1804301851511S04156514WA0013800159
B1804341851511S04156514WA0013800159
B1804381851511S04156514WA0013800159
B1804421851511S04156514WA0013800159
B1804461851511S04156514WA0013800159
B1804501851510S04156514WA0013800159
B1804541851510S04156514WA0013800159
B1804581851510S04156514WA0013800159
B1805021851510S04156514WA0013800160
B1805061851511S04156514WA0013800160
B1805101851511S04156514WA0013800160
B1805141851511S04156514WA0013800160
B1805181851511S04156514WA0013800160
B1805221851510S04156514WA0013800161
B1805261851510S04156515WA0013800161
B1805301851510S04156515WA0013800161
B1805341851510S04156515WA0013800161
B1805381851511S04156515WA0013800161
B1805421851511S04156515WA0013800162
B1805461851510S04156515WA0013800162
B1805501851510S04156515WA0013800163
B1805541851510S04156515WA0013800163
B1805581851510S04156515WA0013800163
B1806021851510S04156515WA0013800163
B1806061851510S04156515WA0013800163
B1806101851510S04156515WA0013800162
B1806141851510S04156515WA0013800162
B1806181851510S04156515WA0013800161
B1806221851510S04156515WA0013800162
B1806261851510S04156515WA0013800162
B1806301851510S04156515WA0013800162
B1806341851510S04156515WA0013800162
B1806381851510S04156515WA0013800162
B1806421851510S04156515WA0013800162
B1806461851510S04156515WA0013800161
B1806501851510S04156515WA0013800162
B1806541851510S04156515WA0013800161
B1806581851510S04156515WA0013800161
B1807021851510S04156515WA0013800161
B1807061851510S04156515WA0013800161
B1807101851510S04156515WA0013800161
B1807141851510S04156515WA0013800161
B1807181851510S04156515WA0013800161
B1807221851510S04156515WA0013800160
B1807261851510S04156515WA0013800160
B1807301851510S04156515WA0013800160
B1807341851511S04156515WA0013800159
B1807381851511S04156515WA0013800160
B1807421851511S04156515WA0013800160
B1807461851511S04156515WA0013800159
B1807501851511S04156515WA0013800159
B1807541851511S04156515WA0013800159
B1807581851511S04156515WA0013800160
B1808021851510S04156515WA0013800160
B1808061851510S04156515WA0013800160
B1808101851510S04156516WA0013800160
B1808141851510S04156516WA0013800161
B1808181851510S04156515WA0013800160
B1808221851511S04156515WA0013800160
B1808261851511S04156515WA0013800160
B1808301851511S04156515WA0013800161
B1808341851510S04156515WA0013800160
B1808381851510S04156515WA0013800160
B1808421851510S04156515WA0013800160
B1808461851510S04156515WA0013800160
B1808501851510S04156515WA0013800160
B1808541851511S04156515WA0013800160
B1808581851511S04156515WA0013800160
B1809021851511S04156515WA0013800161
B1809061851511S04156515WA0013800161
B1809101851511S04156515WA0013800161
B1809141851511S04156515WA0013800161
B1809181851511S04156515WA0013800161
B1809221851511S04156515WA0013800161
B1809261851511S04156515WA0013800161
B1809301851511S04156515WA0013800161
B1809341851511S04156514WA0013800161
B1809381851511S04156514WA0013800160
B1809421851511S04156514WA0013800160
B1809461851511S04156514WA0013800161
B1809501851511S04156515WA0013800161
B1809541851511S04156515WA0013800161
B1809581851511S04156515WA0013800162
B1810021851511S04156515WA0013800162
B1810061851511S04156515WA0013800162
B1810101851510S04156515WA0013800162
B1810141851510S04156515WA0013800161
B1810181851510S04156515WA0013800161
B1810221851510S04156515WA0013800160
B1810261851510S04156515WA0013800160
B1810301851510S04156515WA0013800160
B1810341851510S04156515WA0013800159
B1810381851510S04156515WA0013800159
B1810421851510S04156515WA0013800159
B1810461851510S04156515WA0013800159
B1810501851510S04156515WA0013800159
B1810541851510S04156515WA0013800159
B1810581851510S04156515WA0013800159
B1811021851510S04156515WA0013800159
B1811061851510S04156515WA0013800159
B1811101851510S04156515WA0013800159
B1811141851510S04156515WA0013800159
B1811181851510S04156515WA0013800159
B1811221851510S04156515WA0013800160
B1811261851510S04156515WA0013800160
B1811301851510S04156515WA0013800160
B1811341851511S04156515WA0013800161
B1811381851511S04156515WA0013800161
B1811421851511S04156515WA0013800161
B1811461851511S04156515WA0013800161
B1811501851511S04156515WA0013800162
B1811541851511S04156515WA0013800162
B1811581851511S04156515WA0013800161
B1812021851511S04156515WA0013800161
B1812061851511S04156515WA0013800161
B1812101851511S04156515WA0013800161
B1812141851511S04156515WA0013800161
B1812181851511S04156515WA0013800161
B1812221851511S04156515WA0013800160
B1812261851511S04156515WA0013800160
B1812301851511S04156515WA0013800160
B1812341851511S04156515WA0013800160
B1812381851511S04156515WA0013800160
B1812421851511S04156515WA0013800160
B1812461851511S04156515WA0013800161
B1812501851510S04156515WA0013800161
B1812541851510S04156515WA0013800161
B1812581851510S04156515WA0013800161
B1813021851511S04156515WA0013800161
B1813061851511S04156515WA0013800160
B1813101851511S04156514WA0013800160
B1813141851511S04156514WA0013800160
B1813181851511S04156514WA0013900160
B1813221851511S04156514WA0013900160
B1813261851511S04156514WA0013800160
B1813301851510S04156514WA0013800160
B1813341851510S04156514WA0013800159
B1813381851510S04156514WA0013800159
B1813421851510S04156514WA0013800159
B1813461851510S04156514WA0013800159
B1813501851510S04156514WA0013800158
B1813541851510S04156514WA0013800158
B1813581851510S04156514WA0013800158
B1814021851510S04156514WA0013800158
B1814061851510S04156514WA0013800159
B1814101851510S04156514WA0013800160
B1814141851510S04156514WA0013800160
B1814181851510S04156514WA0013800160
B1814221851510S04156514WA0013800160
B1814261851510S04156514WA0013800160
B1814301851510S04156514WA0013800160
B1814341851510S04156514WA0013800160
B1814381851510S04156514WA0013700160
B1814421851510S04156514WA0013900160
B1814461851510S04156514WA0013800161
B1814501851510S04156514WA0013800161
B1814541851510S04156514WA0013800160
B1814581851510S04156514WA0013800160
B1815021851510S04156514WA0013800159
B1815061851510S04156514WA0013800159
B1815101851510S04156514WA0013800159
B1815141851510S04156514WA0013800159
B1815181851510S04156514WA0013800159
B1815221851510S04156514WA0013900159
B1815261851510S04156514WA0013800159
B1815301851510S04156514WA0013800159
B1815341851510S04156514WA0013800160
B1815381851509S04156514WA0013800159
B1815421851509S04156514WA0013800160
B1815461851509S04156514WA0013800159
B1815501851509S04156514WA0013800158
B1815541851509S04156514WA0013800158
B1815581851509S04156514WA0013800158
B1816021851509S04156514WA0013800158
B1816061851509S04156514WA0013800158
B1816101851509S04156514WA0013800158
B1816141851509S04156514WA0013800158
B1816181851509S04156514WA0013800158
B1816221851509S04156514WA0013800158
B1816261851509S04156514WA0013800158
B1816301851509S04156514WA0013800158
B1816341851509S04156514WA0013800158
B1816381851510S04156514WA0013800158
B1816421851510S04156514WA0013800157
B1816461851510S04156514WA0013800157
B1816501851510S04156514WA0013800157
B1816541851510S04156514WA0013800156
B1816581851510S04156514WA0013800156
B1817021851510S04156514WA0013800156
B1817061851510S04156514WA0013800157
B1817101851510S04156514WA0013800157
B1817141851510S04156514WA0013800157
B1817181851510S04156514WA0013800157
B1817221851510S04156514WA0013800157
B1817261851510S04156514WA0013900156
B1817301851510S04156514WA0013900156
B1817341851510S04156514WA0013900156
B1817381851510S04156514WA0013900156
B1817421851510S04156514WA0013800157
B1817461851510S04156514WA0013800158
B1817501851510S04156514WA0013800158
B1817541851510S04156514WA0013800157
B1817581851510S04156514WA0013800157
B1818021851510S04156514WA0013800157
B1818061851510S04156514WA0013800157
B1818101851510S04156513WA0013800157
B1818141851510S04156513WA0013800157
B1818181851510S04156513WA0013800157
B1818221851510S04156513WA0013800156
B1818261851510S04156514WA0013900156
B1818301851510S04156514WA0013900155
B1818341851510S04156514WA0013900155
B1818381851510S04156514WA0013900155
B1818421851510S04156514WA0013900155
B1818461851510S04156514WA0013900154
B1818501851510S04156514WA0013900154
B1818541851509S04156514WA0013900154
B1818581851509S04156514WA0013900154
B1819021851509S04156514WA0013900154
B1819061851509S04156514WA0013900154
B1819101851509S04156514WA0013900154
B1819141851509S04156514WA0013900154
B1819181851509S04156514WA0013900154
B1819221851509S04156514WA0013900154
B1819261851509S04156514WA0013900153
B1819301851510S04156514WA0013900154
B1819341851510S04156514WA0013900154
B1819381851510S04156514WA0013900155
B1819421851510S04156515WA0013900155
B1819461851510S04156515WA0013900156
B1819501851510S04156515WA0013900156
B1819541851510S04156514WA0013900156
B1819581851510S04156514WA0013900156
B1820021851510S04156515WA0013900156
B1820061851510S04156515WA0013900156
B1820101851510S04156515WA0013900156
B1820141851510S04156515WA0013900156
B1820181851510S04156515WA0013900156
B1820221851510S04156515WA0013900156
B1820261851510S04156515WA0013900156
B1820301851510S04156514WA0013900156
B1820341851510S04156514WA0013900156
B1820381851510S04156514WA0013900156
B1820421851510S04156514WA0013900157
B1820461851510S04156514WA0013900157
B1820501851510S04156514WA0013900157
B1820541851510S04156514WA0013900157
B1820581851510S04156514WA0013900157
B1821021851510S04156514WA0013900157
B1821061851510S04156514WA0013900157
B1821101851510S04156514WA0013900157
B1821141851510S04156514WA0013900157
B1821181851510S04156514WA0013900157
B1821221851510S04156514WA0013900157
B1821261851510S04156514WA0013900157
B1821301851510S04156514WA0013900157
B1821341851510S04156514WA0013900157
B1821381851510S04156514WA0013900157
B1821421851510S04156514WA0013900157
B1821461851510S04156514WA0013900156
B1821501851510S04156514WA0013900156
B1821541851510S04156514WA0013900156
B1821581851510S04156514WA0013900156
B1822021851510S04156514WA0013900156
B1822061851510S04156514WA0013900157
B1822101851510S04156514WA0013900157
B1822141851510S04156514WA0013900156
B1822181851510S04156514WA0013900156
B1822221851510S04156514WA0013900156
B1822261851510S04156514WA0013900156
B1822301851510S04156514WA0013900156
B1822341851510S04156514WA0013900157
B1822381851510S04156514WA0013900157
B1822421851510S04156514WA0013900157
B1822461851510S04156514WA0013900157
B1822501851509S04156514WA0013900157
B1822541851509S04156514WA0013900157
B1822581851509S04156514WA0013900157
B1823021851509S04156514WA0013900157
B1823061851509S04156514WA0013900158
B1823101851509S04156514WA0013900158
B1823141851509S04156514WA0013900158
B1823181851509S04156514WA0013900158
B1823221851509S04156514WA0013900157
B1823261851509S04156514WA0013900157
B1823301851510S04156514WA0013900157
B1823341851510S04156514WA0013900157
B1823381851510S04156514WA0013900157
B1823421851510S04156514WA0013900157
B1823461851510S04156514WA0013900157
B1823501851510S04156514WA0013900157
B1823541851510S04156514WA0013900157
B1823581851510S04156514WA0013900157
B1824021851510S04156514WA0013900156
B1824061851510S04156514WA0013900156
B1824101851510S04156514WA0013900156
B1824141851510S04156514WA0013900156
B1824181851510S04156514WA0013900156
B1824221851510S04156514WA0013900156
B1824261851510S04156514WA0013900157
B1824301851510S04156514WA0013900157
B1824341851510S04156514WA0013900157
B1824381851510S04156514WA0013900157
B1824421851510S04156514WA0013900157
B1824461851510S04156514WA0013900157
B1824501851510S04156514WA0013900157
B1824541851510S04156514WA0013900157
B1824581851510S04156514WA0013800157
B1825021851510S04156514WA0013800157
B1825061851510S04156514WA0013800157
B1825101851510S04156514WA0013800158
B1825141851510S04156513WA0013800159
B1825181851509S04156513WA0013900159
B1825221851509S04156514WA0013900159
B1825261851509S04156513WA0013900158
B1825301851510S04156513WA0013900159
B1825341851510S04156513WA0013900158
B1825381851510S04156513WA0013900159
B1825421851510S04156513WA0013800159
B1825461851510S04156513WA0013900159
B1825501851510S04156513WA0013900159
B1825541851510S04156513WA0013900159
B1825581851509S04156513WA0013900159
B1826021851510S04156514WA0013900160
B1826061851510S04156514WA0013900160
B1826101851510S04156515WA0013900160
B1826141851510S04156516WA0014000161
B1826181851510S04156515WA0013900160
B1826221851509S04156516WA0014000161
B1826261851509S04156516WA0014000161
B1826301851509S04156516WA0014000161
B1826341851509S04156516WA0014000161
B1826381851509S04156516WA0014000160
B1826421851509S04156515WA0014000161
B1826461851509S04156515WA0014000161
B1826501851509S04156515WA0014000161
B1826541851509S04156515WA0014000161
B1826581851509S04156515WA0014000161
B1827021851509S04156515WA0014000161
B1827061851509S04156515WA0014000161
B1827101851509S04156515WA0014000161
B1827141851509S04156515WA0014000162
B1827181851509S04156515WA0014000163
B1827221851510S04156515WA0014000164
B1827261851511S04156517WA0014000161
B1827301851511S04156518WA0013900159
B1827341851511S04156518WA0013900159
B1827381851511S04156518WA0013900159
B1827421851512S04156518WA0013900159
B1827461851512S04156518WA0013900159
B1827501851512S04156518WA0013900160
B1827541851512S04156518WA0013900160
B1827581851512S04156518WA0013900160
B1828021851512S04156518WA0013900159
B1828061851512S04156518WA0013900159
B1828101851512S04156518WA0013900160
B1828141851512S04156518WA0013900160
B1828181851512S04156517WA0013900160
B1828221851512S04156517WA0013900161
B1828261851511S04156517WA0013900160
B1828301851511S04156517WA0013800161
B1828341851512S04156517WA0013800162
B1828381851512S04156517WA0013800162
B1828421851512S04156517WA0013900162
B1828461851512S04156517WA0013900162
B1828501851512S04156517WA0013900161
B1828541851512S04156517WA0013900161
B1828581851512S04156517WA0013900161
B1829021851512S04156517WA0013900161
B1829061851512S04156517WA0013800161
B1829101851511S04156517WA0013800161
B1829141851511S04156517WA0013800162
B1829181851511S04156517WA0013800162
B1829221851511S04156517WA0013800162
B1829261851511S04156517WA0013900163
B1829301851511S04156517WA0013900163
B1829341851511S04156517WA0013900162
B1829381851511S04156517WA0013800162
B1829421851511S04156517WA0013800162
B1829461851511S04156517WA0013800161
B1829501851511S04156518WA0013900161
B1829541851511S04156518WA0013900161
B1829581851511S04156518WA0013900161
B1830021851511S04156518WA0013900162
B1830061851511S04156518WA0013900162
B1830101851511S04156518WA0013900162
B1830141851511S04156518WA0013900161
B1830181851511S04156518WA0013900161
B1830221851511S04156518WA0013900162
B1830261851511S04156518WA0013900161
B1830301851512S04156518WA0013800160
B1830341851512S04156518WA0013800159
B1830381851512S04156518WA0013800158
B1830421851511S04156518WA0013800157
B1830461851511S04156518WA0013800157
B1830501851511S04156518WA0013800156
B1830541851511S04156518WA0013800155
B1830581851511S04156518WA0013900155
B1831021851511S04156518WA0013900155
B1831061851511S04156518WA0013900155
B1831101851511S04156518WA0013800154
B1831141851511S04156518WA0013800154
B1831181851511S04156518WA0013800154
B1831221851511S04156518WA0013900155
B1831261851511S04156518WA0013900155
B1831301851511S04156518WA0013900155
B1831341851511S04156518WA0013900155
B1831381851511S04156518WA0013900155
B1831421851511S04156518WA0013900155
B1831461851511S04156518WA0013900155
B1831501851511S04156518WA0013900155
B1831541851511S04156518WA0013800156
B1831581851511S04156518WA0013800156
B1832021851511S04156518WA0013900157
B1832061851511S04156518WA0013900157
B1832101851511S04156518WA0013900156
B1832141851511S04156518WA0013900156
B1832181851511S04156518WA0013900156
B1832221851511S04156518WA0013900156
B1832261851511S04156518WA0013900155
B1832301851511S04156518WA0013900155
B1832341851511S04156518WA0013900156
B1832381851511S04156518WA0013900156
B1832421851511S04156518WA0013900156
B1832461851511S04156518WA0013900157
B1832501851511S04156518WA0013900157
B1832541851511S04156518WA0013900157
B1832581851511S04156518WA0013900156
B1833021851511S04156518WA0013900156
B1833061851511S04156518WA0013900156
B1833101851511S04156518WA0013900155
B1833141851511S04156518WA0013900155
B1833181851511S04156518WA0013900155
B1833221851511S04156518WA0013900155
B1833261851511S04156518WA0013900156
B1833301851511S04156518WA0013900157
B1833341851511S04156517WA0013900157
B1833381851511S04156517WA0013900158
B1833421851511S04156517WA0013900158
B1833461851511S04156517WA0013900159
B1833501851511S04156517WA0013900159
B1833541851511S04156517WA0013900160
B1833581851511S04156517WA0013900160
B1834021851511S04156517WA0013900160
B1834061851511S04156517WA0013900161
B1834101851511S04156517WA0013900161
B1834141851511S04156517WA0013900162
B1834181851511S04156517WA0013900162
B1834221851511S04156518WA0013900162
B1834261851511S04156518WA0013900163
B1834301851511S04156518WA0013900163
B1834341851511S04156518WA0013900164
B1834381851511S04156518WA0013900164
B1834421851511S04156518WA0013900164
B1834461851512S04156517WA0013900166
B1834501851512S04156517WA0013900167
B1834541851512S04156517WA0013900166
B1834581851512S04156517WA0013900165
B1835021851512S04156517WA0013900165
B1835061851512S04156517WA0013900165
B1835101851512S04156517WA0013900164
B1835141851512S04156517WA0013900164
B1835181851512S04156517WA0013900163
B1835221851512S04156518WA0013900162
B1835261851512S04156518WA0013900162
B1835301851512S04156518WA0013900161
B1835341851512S04156518WA0013900161
B1835381851512S04156518WA0013900161
B1835421851512S04156518WA0013900161
B1835461851511S04156518WA0013900161
B1835501851512S04156518WA0013900161
B1835541851512S04156518WA0013900161
B1835581851511S04156518WA0013900160
B1836021851511S04156518WA0013900160
B1836061851511S04156518WA0013900160
B1836101851511S04156518WA0013900159
B1836141851511S04156518WA0013900159
B1836181851511S04156518WA0013900159
B1836221851511S04156518WA0013900159
B1836261851511S04156518WA0013900159
B1836301851511S04156518WA0013900159
B1836341851509S04156517WA0013900160
B1836381851507S04156516WA0014000159
B1836421851504S04156517WA0014000159
B1836461851503S04156517WA0014000159
B1836501851503S04156517WA0014000159
B1836541851503S04156517WA0014000158
B1836581851503S04156517WA0014000158
B1837021851503S04156517WA0014000158
B1837061851503S04156517WA0014000158
B1837101851503S04156517WA0014000157
B1837141851503S04156517WA0014000157
B1837181851503S04156517WA0014000158
B1837221851503S04156517WA0014000159
B1837261851503S04156517WA0014000159
B1837301851503S04156517WA0014000159
B1837341851503S04156517WA0014000158
B1837381851503S04156517WA0014000157
B1837421851503S04156517WA0014000157
B1837461851503S04156517WA0014000156
B1837501851503S04156517WA0014000156
B1837541851503S04156518WA0014000155
B1837581851503S04156517WA0014000155
B1838021851502S04156517WA0014000156
B1838061851502S04156517WA0014000156
B1838101851502S04156517WA0014000157
B1838141851502S04156517WA0014000156
B1838181851503S04156517WA0014000156
B1838221851503S04156517WA0014000155
B1838261851503S04156517WA0014000155
B1838301851503S04156517WA0014000155
B1838341851503S04156517WA0014000156
B1838381851503S04156517WA0014000156
B1838421851503S04156517WA0014000156
B1838461851503S04156517WA0014000156
B1838501851503S04156517WA0014000157
B1838541851503S04156517WA0014000157
B1838581851502S04156516WA0014000157
B1839021851502S04156516WA0014000157
B1839061851502S04156516WA0014000158
B1839101851502S04156516WA0014000158
B1839141851502S04156515WA0014000158
B1839181851501S04156516WA0014000158
B1839221851501S04156516WA0014000158
B1839261851501S04156516WA0014000158
B1839301851502S04156516WA0014000158
B1839341851503S04156514WA0014000160
B1839381851505S04156514WA0014000161
B1839421851506S04156515WA0014000158
B1839461851507S04156515WA0014000157
B1839501851508S04156516WA0014000157
B1839541851508S04156517WA0014000156
B1839581851510S04156519WA0013900158
B1840021851513S04156521WA0013900160
B1840061851516S04156523WA0013900162
B1840101851518S04156524WA0013900163
B1840141851519S04156525WA0013900164
B1840181851520S04156527WA0013900165
B1840221851522S04156529WA0013900166
B1840261851524S04156531WA0013900166
B1840301851525S04156533WA0013900167
B1840341851527S04156533WA0013900167
B1840381851529S04156533WA0013900166
B1840421851532S04156535WA0013900165
B1840461851533S04156537WA0013900163
B1840501851535S04156537WA0013900162
B1840541851535S04156537WA0013800162
B1840581851535S04156537WA0013800161
B1841021851535S04156537WA0013800159
B1841061851535S04156537WA0013800159
B1841101851536S04156536WA0013900158
B1841141851536S04156536WA0013900159
B1841181851536S04156536WA0013900158
B1841221851535S04156536WA0013900157
B1841261851535S04156536WA0013900157
B1841301851535S04156536WA0013900156
B1841341851535S04156536WA0013900156
B1841381851535S04156536WA0013900156
B1841421851535S04156536WA0013900156
B1841461851535S04156537WA0013900156
B1841501851536S04156537WA0013900156
B1841541851535S04156537WA0013900156
B1841581851535S04156537WA0013900155
B1842021851535S04156536WA0013900155
B1842061851535S04156536WA0013900154
B1842101851536S04156536WA0013900155
B1842141851536S04156536WA0013900156
B1842181851536S04156536WA0013900157
B1842221851536S04156537WA0013900156
B1842261851535S04156537WA0013900157
B1842301851535S04156536WA0013900156
B1842341851536S04156536WA0013900156
B1842381851535S04156536WA0013900157
B1842421851534S04156537WA0013900157
B1842461851533S04156536WA0013900158
B1842501851532S04156536WA0013900154
B1842541851532S04156535WA0013900152
B1842581851530S04156534WA0013900149
B1843021851527S04156532WA0013900147
B1843061851525S04156527WA0013900150
B1843101851523S04156527WA0013900147
B1843141851522S04156527WA0013900144
B1843181851521S04156528WA0014000143
B1843221851520S04156530WA0014000147
B1843261851519S04156530WA0014000145
B1843301851519S04156533WA0014000145
B1843341851520S04156543WA0014100143
B1843381851522S04156552WA0014400143
B1843421851523S04156557WA0014600139
B1843461851524S04156559WA0014600139
B1843501851525S04156563WA0014700141
B1843541851524S04156567WA0014700136
B1843581851519S04156569WA0014700134
B1844021851512S04156571WA0014700135
B1844061851505S04156576WA0014800136
B1844101851499S04156581WA0014800137
B1844141851494S04156585WA0014800140
B1844181851492S04156585WA0014800139
B1844221851494S04156584WA0014800141
B1844261851495S04156583WA0014800146
B1844301851496S04156582WA0014800147
B1844341851497S04156584WA0014800152
B1844381851496S04156585WA0014800152
B1844421851496S04156586WA0014800152
B1844461851497S04156586WA0014800151
B1844501851498S04156586WA0014800152
B1844541851494S04156587WA0014800152
B1844581851486S04156599WA0014900151
B1845021851475S04156609WA0014900149
B1845061851459S04156618WA0015000149
B1845101851441S04156628WA0015000149
B1845141851422S04156641WA0015100148
B1845181851401S04156654WA0015100147
B1845221851380S04156670WA0015200147
B1845261851363S04156684WA0015200148
B1845301851351S04156690WA0015100148
B1845341851341S04156691WA0015100146
B1845381851334S04156687WA0015100147
B1845421851326S04156679WA0015100150
B1845461851319S04156666WA0015100150
B1845501851309S04156656WA0015100148
B1845541851298S04156640WA0015200149
B1845581851283S04156619WA0015300149
B1846021851269S04156597WA0015300146
B1846061851255S04156569WA0015300143
B1846101851240S04156543WA0015300141
B1846141851225S04156517WA0015400143
B1846181851210S04156493WA0015200145
B1846221851199S04156470WA0015100146
B1846261851184S04156451WA0015100145
B1846301851172S04156432WA0015100145
B1846341851159S04156417WA0015100144
B1846381851148S04156396WA0015000147
B1846421851135S04156379WA0014900145
B1846461851133S04156369WA0015000143
B1846501851131S04156353WA0015000142
B1846541851118S04156355WA0015100138
B1846581851111S04156350WA0015000136
B1847021851102S04156349WA0015000133
B1847061851096S04156356WA0015000131
B1847101851091S04156372WA0014900132
B1847141851091S04156381WA0014900135
B1847181851089S04156390WA0014900133
B1847221851087S04156400WA0014900135
B1847261851083S04156406WA0014900130
B1847301851080S04156408WA0014900129
B1847341851076S04156413WA0014900127
B1847381851075S04156419WA0014900131
B1847421851070S04156424WA0014900133
B1847461851067S04156432WA0015000133
B1847501851070S04156442WA0015000135
B1847541851075S04156455WA0015000140
B1847581851079S04156463WA0015000144
B1848021851078S04156466WA0014900152
B1848061851076S04156468WA0014900158
B1848101851072S04156471WA0014900158
B1848141851070S04156470WA0014900164
B1848181851071S04156470WA0014900174
B1848221851071S04156469WA0014900180
B1848261851070S04156469WA0014900181
B1848301851070S04156469WA0014900183
B1848341851069S04156468WA0014900183
B1848381851068S04156468WA0014900184
B1848421851068S04156468WA0014900186
B1848461851069S04156468WA0014900190
B1848501851069S04156470WA0014900191
B1848541851070S04156472WA0014900193
B1848581851069S04156474WA0015000192
B1849021851069S04156475WA0015000193
B1849061851068S04156476WA0015000194
B1849101851068S04156476WA0015000194
B1849141851067S04156475WA0015000194
B1849181851067S04156476WA0015000194
B1849221851066S04156474WA0015000194
B1849261851067S04156473WA0015000195
B1849301851068S04156472WA0015000195
B1849341851069S04156472WA0015000196
B1849381851071S04156473WA0015000198
B1849421851070S04156476WA0015000198
B1849461851071S04156479WA0015000198
B1849501851072S04156481WA0015000197
B1849541851071S04156482WA0015000196
B1849581851073S04156481WA0015000195
B1850021851073S04156478WA0015000194
B1850061851074S04156478WA0015000196
B1850101851075S04156477WA0015000197
B1850141851071S04156473WA0015000198
B1850181851071S04156472WA0015000199
B1850221851071S04156470WA0015000200
B1850261851069S04156471WA0015000201
B1850301851066S04156467WA0015000203
B1850341851065S04156468WA0015000204
B1850381851064S04156467WA0015000201
B1850421851064S04156468WA0015000201
B1850461851065S04156469WA0015000198
B1850501851065S04156468WA0015000197
B1850541851064S04156471WA0015000197
B1850581851064S04156473WA0015000196
B1851021851062S04156475WA0015000195
B1851061851061S04156475WA0015000188
B1851101851060S04156478WA0015000187
B1851141851059S04156479WA0015000186
B1851181851058S04156478WA0015000181
B1851221851058S04156476WA0015000179
B1851261851056S04156479WA0015000178
B1851301851052S04156481WA0015000170
B1851341851052S04156485WA0015000165
B1851381851053S04156487WA0015000165
B1851421851054S04156491WA0015000159
B1851461851053S04156491WA0015000158
B1851501851051S04156489WA0015000155
B1851541851055S04156487WA0015000159
B1851581851055S04156488WA0015000158
B1852021851053S04156487WA0015000159
B1852061851052S04156489WA0015000150
B1852101851052S04156491WA0015000144
B1852141851054S04156494WA0015100142
B1852181851055S04156494WA0015100138
B1852221851055S04156491WA0015100135
B1852261851056S04156491WA0015100134
B1852301851056S04156493WA0015200136
B1852341851057S04156495WA0015300136
B1852381851057S04156492WA0015400138
B1852421851057S04156488WA0015400139
B1852461851057S04156486WA0015300140
B1852501851056S04156485WA0015300141
B1852541851057S04156483WA0015300141
B1852581851058S04156483WA0015300140
B1853021851057S04156484WA0015300139
B1853061851058S04156484WA0015300135
B1853101851059S04156484WA0015300136
B1853141851059S04156483WA0015300139
B1853181851059S04156482WA0015300144
B1853221851059S04156481WA0015300149
B1853261851060S04156481WA0015300153
B1853301851059S04156480WA0015300154
B1853341851059S04156480WA0015300155
B1853381851060S04156480WA0015300156
B1853421851060S04156480WA0015300156
B1853461851059S04156481WA0015300157
B1853501851059S04156481WA0015300159
B1853541851059S04156481WA0015300161
B1853581851059S04156480WA0015300163
B1854021851059S04156482WA0015300165
B1854061851059S04156482WA0015300165
B1854101851059S04156482WA0015300165
B1854141851058S04156483WA0015300163
B1854181851059S04156486WA0015300163
B1854221851058S04156488WA0015300163
B1854261851059S04156488WA0015300161
B1854301851059S04156488WA0015300161
B1854341851059S04156488WA0015300161
B1854381851058S04156487WA0015300162
B1854421851058S04156486WA0015300160
B1854461851058S04156486WA0015300162
B1854501851058S04156488WA0015300164
B1854541851058S04156488WA0015300164
B1854581851057S04156485WA0015300163
B1855021851056S04156483WA0015300162
B1855061851056S04156481WA0015300164
B1855101851056S04156480WA0015300164
B1855141851057S04156480WA0015300166
B1855181851057S04156480WA0015300166
B1855221851057S04156480WA0015300165
B1855261851057S04156481WA0015300163
B1855301851058S04156481WA0015300161
B1855341851058S04156482WA0015300161
B1855381851058S04156483WA0015300160
B1855421851059S04156483WA0015300161
B1855461851059S04156483WA0015300161
B1855501851059S04156483WA0015300161
B1855541851059S04156483WA0015300161
B1855581851058S04156483WA0015300161
B1856021851059S04156484WA0015300161
B1856061851059S04156485WA0015300161
B1856101851059S04156484WA0015300161
B1856141851060S04156484WA0015300163
B1856181851060S04156483WA0015300165
B1856221851060S04156483WA0015300166
B1856261851059S04156482WA0015300167
B1856301851058S04156483WA0015300165
B1856341851058S04156483WA0015300165
B1856381851056S04156484WA0015300165
B1856421851056S04156484WA0015300165
B1856461851056S04156484WA0015300166
B1856501851057S04156483WA0015300168
B1856541851058S04156483WA0015300168
B1856581851058S04156483WA0015300168
B1857021851058S04156483WA0015300167
B1857061851058S04156482WA0015300166
B1857101851059S04156482WA0015300166
B1857141851059S04156482WA0015300167
B1857181851059S04156482WA0015300167
B1857221851059S04156482WA0015300167
B1857261851059S04156482WA0015300165
B1857301851059S04156483WA0015300162
B1857341851059S04156483WA0015300161
B1857381851059S04156484WA0015300161
B1857421851059S04156484WA0015300162
B1857461851059S04156484WA0015300163
B1857501851060S04156485WA0015300164
B1857541851060S04156485WA0015300162
B1857581851060S04156484WA0015300161
B1858021851060S04156484WA0015300160
B1858061851059S04156483WA0015300159
B1858101851060S04156483WA0015300161
B1858141851060S04156484WA0015300161
B1858181851060S04156483WA0015300161
B1858221851061S04156482WA0015300161
B1858261851061S04156483WA0015300161
B1858301851060S04156482WA0015300158
B1858341851060S04156482WA0015300158
B1858381851061S04156483WA0015300159
B1858421851060S04156483WA0015300160
B1858461851060S04156484WA0015300159
B1858501851061S04156485WA0015300158
B1858541851062S04156485WA0015300159
B1858581851063S04156484WA0015300159
B1859021851066S04156484WA0015300159
B1859061851066S04156483WA0015300158
B1859101851067S04156482WA0015300157
B1859141851066S04156482WA0015300158
B1859181851066S04156482WA0015300159
B1859221851066S04156481WA0015300158
B1859261851065S04156481WA0015300159
B1859301851065S04156482WA0015300160
B1859341851064S04156481WA0015300160
B1859381851065S04156480WA0015300156
B1859421851065S04156480WA0015300155
B1859461851065S04156479WA0015300156
B1859501851063S04156478WA0015300154
B1859541851063S04156478WA0015300154
B1859581851063S04156477WA0015300153
B1900021851064S04156477WA0015300152
B1900061851064S04156477WA0015300154
B1900101851065S04156476WA0015300154
B1900141851065S04156475WA0015300154
B1900181851064S04156474WA0015300154
B1900221851064S04156474WA0015300150
B1900261851065S04156474WA0015300148
B1900301851065S04156473WA0015300148
B1900341851065S04156473WA0015300147
B1900381851066S04156474WA0015300145
B1900421851066S04156473WA0015300147
B1900461851066S04156473WA0015300145
B1900501851064S04156473WA0015300145
B1900541851063S04156473WA0015300144
B1900581851063S04156473WA0015300143
B1901021851063S04156473WA0015300143
B1901061851062S04156473WA0015300142
B1901101851062S04156474WA0015300141
B1901141851061S04156475WA0015300141
B1901181851060S04156475WA0015300141
B1901221851059S04156476WA0015300141
B1901261851059S04156477WA0015300142
B1901301851059S04156477WA0015300142
B1901341851060S04156478WA0015300144
B1901381851059S04156479WA0015300144
B1901421851059S04156479WA0015300143
B1901461851059S04156479WA0015300143
B1901501851059S04156480WA0015300142
B1901541851059S04156480WA0015300143
B1901581851059S04156481WA0015300145
B1902021851058S04156481WA0015300148
B1902061851058S04156481WA0015300149
B1902101851058S04156482WA0015300152
B1902141851057S04156482WA0015300154
B1902181851057S04156483WA0015300155
B1902221851057S04156483WA0015300156
B1902261851057S04156483WA0015400157
B1902301851057S04156484WA0015300156
B1902341851056S04156484WA0015400156
B1902381851057S04156484WA0015400158
B1902421851057S04156484WA0015400158
B1902461851058S04156483WA0015400159
B1902501851058S04156483WA0015400160
B1902541851058S04156483WA0015400162
B1902581851059S04156483WA0015400162
B1903021851058S04156483WA0015400163
B1903061851058S04156484WA0015400162
B1903101851059S04156484WA0015400163
B1903141851059S04156484WA0015400162
B1903181851060S04156484WA0015400160
B1903221851061S04156484WA0015400160
B1903261851061S04156484WA0015400161
B1903301851061S04156484WA0015400163
B1903341851061S04156484WA0015400164
B1903381851060S04156484WA0015400165
B1903421851060S04156484WA0015400166
B1903461851060S04156484WA0015400168
B1903501851060S04156484WA0015400169
B1903541851060S04156484WA0015400169
B1903581851062S04156484WA0015400171
B1904021851063S04156483WA0015400172
B1904061851065S04156483WA0015400173
B1904101851064S04156483WA0015400174
B1904141851063S04156482WA0015400176
B1904181851063S04156482WA0015400174
B1904221851063S04156483WA0015400174
B1904261851064S04156483WA0015400173
B1904301851065S04156483WA0015400174
B1904341851064S04156483WA0015400174
B1904381851063S04156483WA0015400172
B1904421851062S04156483WA0015400170
B1904461851061S04156483WA0015400168
B1904501851061S04156483WA0015400168
B1904541851062S04156482WA0015400169
B1904581851062S04156483WA0015400169
B1905021851062S04156483WA0015400171
B1905061851062S04156484WA0015400172
B1905101851063S04156484WA0015400172
B1905141851063S04156485WA0015400172
B1905181851062S04156485WA0015400171
B1905221851061S04156484WA0015400172
B1905261851060S04156485WA0015400171
B1905301851059S04156485WA0015400172
B1905341851059S04156485WA0015400171
B1905381851059S04156484WA0015400172
B1905421851059S04156484WA0015400171
B1905461851059S04156484WA0015400170
B1905501851058S04156484WA0015400171
B1905541851059S04156483WA0015400171
B1905581851059S04156483WA0015400172
B1906021851058S04156483WA0015300172
B1906061851057S04156484WA0015400173
B1906101851058S04156484WA0015300171
B1906141851059S04156483WA0015400171
B1906181851061S04156483WA0015300171
B1906221851061S04156484WA0015400170
B1906261851060S04156485WA0015300170
B1906301851058S04156486WA0015300170
B1906341851058S04156485WA0015300171
B1906381851058S04156485WA0015300171
B1906421851058S04156485WA0015300171
B1906461851058S04156485WA0015300171
B1906501851058S04156485WA0015300172
B1906541851057S04156484WA0015300171
B1906581851057S04156483WA0015300170
B1907021851055S04156483WA0015300170
B1907061851054S04156484WA0015300170
B1907101851054S04156485WA0015300171
B1907141851053S04156487WA0015300172
B1907181851054S04156486WA0015300174
B1907221851054S04156486WA0015300174
B1907261851055S04156486WA0015300175
B1907301851055S04156486WA0015300174
B1907341851056S04156485WA0015300173
B1907381851057S04156485WA0015300172
B1907421851058S04156484WA0015300172
B1907461851059S04156482WA0015300168
B1907501851059S04156481WA0015300164
B1907541851058S04156481WA0015300163
B1907581851059S04156481WA0015300163
B1908021851059S04156481WA0015300163
B1908061851058S04156480WA0015300163
B1908101851058S04156479WA0015300163
B1908141851059S04156479WA0015300164
B1908181851061S04156479WA0015300166
B1908221851061S04156478WA0015300165
B1908261851062S04156477WA0015300165
B1908301851063S04156476WA0015300167
B1908341851064S04156475WA0015300168
B1908381851064S04156476WA0015300169
B1908421851063S04156477WA0015300170
B1908461851062S04156478WA0015300171
B1908501851061S04156479WA0015300172
B1908541851062S04156479WA0015300174
B1908581851061S04156480WA0015300175
B1909021851061S04156479WA0015300174
B1909061851061S04156479WA0015300174
B1909101851060S04156479WA0015300175
B1909141851060S04156479WA0015300174
B1909181851058S04156481WA0015300176
B1909221851058S04156480WA0015300176
B1909261851060S04156479WA0015300175
B1909301851061S04156479WA0015300174
B1909341851061S04156479WA0015300175
B1909381851063S04156477WA0015300175
B1909421851064S04156477WA0015300176
B1909461851064S04156477WA0015300177
B1909501851065S04156477WA0015300179
B1909541851066S04156477WA0015300179
B1909581851066S04156477WA0015300180
B1910021851066S04156477WA0015300181
B1910061851066S04156478WA0015300182
B1910101851065S04156479WA0015300182
B1910141851065S04156479WA0015300183
B1910181851064S04156479WA0015300182
B1910221851064S04156479WA0015300182
B1910261851064S04156480WA0015300183
B1910301851064S04156480WA0015300184
B1910341851064S04156480WA0015300185
B1910381851063S04156480WA0015300186
B1910421851063S04156480WA0015300186
B1910461851063S04156479WA0015300185
B1910501851063S04156479WA0015300185
B1910541851063S04156479WA0015300185
B1910581851062S04156480WA0015300187
B1911021851062S04156480WA0015300187
B1911061851061S04156480WA0015300187
B1911101851062S04156480WA0015300188
B1911141851061S04156481WA0015300189
B1911181851061S04156481WA0015300189
B1911221851061S04156480WA0015300191
B1911261851060S04156481WA0015300189
B1911301851060S04156482WA0015300188
B1911341851060S04156482WA0015300187
B1911381851059S04156482WA0015300188
B1911421851058S04156482WA0015300189
B1911461851059S04156481WA0015300188
B1911501851058S04156482WA0015300188
B1911541851058S04156482WA0015300188
B1911581851058S04156482WA0015300187
B1912021851058S04156482WA0015300188
B1912061851059S04156483WA0015300187
B1912101851059S04156483WA0015300186
B1912141851060S04156482WA0015300183
B1912181851060S04156482WA0015300183
B1912221851060S04156482WA0015300181
B1912261851059S04156481WA0015300181
B1912301851060S04156481WA0015300182
B1912341851059S04156480WA0015300182
B1912381851059S04156479WA0015300181
B1912421851060S04156479WA0015300180
B1912461851060S04156479WA0015300179
B1912501851060S04156479WA0015300177
B1912541851060S04156479WA0015300176
B1912581851059S04156479WA0015300175
B1913021851059S04156479WA0015300173
B1913061851059S04156480WA0015300172
B1913101851059S04156480WA0015300171
B1913141851059S04156480WA0015300173
B1913181851059S04156481WA0015300174
B1913221851059S04156482WA0015300174
B1913261851058S04156482WA0015300175
B1913301851060S04156482WA0015300175
B1913341851059S04156482WA0015300175
B1913381851059S04156482WA0015300176
B1913421851060S04156482WA0015300176
B1913461851060S04156482WA0015300177
B1913501851062S04156481WA0015300178
B1913541851061S04156481WA0015300179
B1913581851061S04156481WA0015300179
B1914021851062S04156481WA0015300181
B1914061851062S04156481WA0015300182
B1914101851060S04156482WA0015300183
B1914141851059S04156482WA0015300183
B1914181851059S04156482WA0015300185
B1914221851058S04156482WA0015300185
B1914261851059S04156482WA0015300187
B1914301851059S04156482WA0015300188
B1914341851058S04156483WA0015300189
B1914381851057S04156483WA0015300188
B1914421851055S04156482WA0015300190
B1914461851051S04156482WA0015300190
B1914501851054S04156482WA0015300192
B1914541851054S04156482WA0015300191
B1914581851055S04156482WA0015300193
B1915021851055S04156483WA0015300193
B1915061851055S04156483WA0015300194
B1915101851055S04156483WA0015300196
B1915141851054S04156484WA0015300194
B1915181851054S04156484WA0015300195
B1915221851055S04156484WA0015300194
B1915261851056S04156484WA0015300194
B1915301851057S04156485WA0015300196
B1915341851058S04156485WA0015300198
B1915381851059S04156484WA0015300201
B1915421851061S04156484WA0015300204
B1915461851062S04156485WA0015300206
B1915501851062S04156485WA0015300207
B1915541851062S04156486WA0015300210
B1915581851062S04156486WA0015300211
B1916021851061S04156486WA0015300211
B1916061851062S04156486WA0015300211
B1916101851062S04156485WA0015300210
B1916141851063S04156485WA0015300210
B1916181851063S04156485WA0015300208
B1916221851063S04156485WA0015300206
B1916261851063S04156486WA0015300204
B1916301851063S04156486WA0015300201
B1916341851064S04156485WA0015300198
B1916381851065S04156485WA0015300196
B1916421851065S04156484WA0015300194
B1916461851065S04156484WA0015300194
B1916501851065S04156483WA0015300193
B1916541851065S04156483WA0015300193
B1916581851065S04156483WA0015300192
B1917021851065S04156483WA0015300190
B1917061851065S04156483WA0015300189
B1917101851065S04156483WA0015300187
B1917141851066S04156482WA0015300187
B1917181851066S04156482WA0015300188
B1917221851066S04156482WA0015300186
B1917261851066S04156482WA0015300185
B1917301851066S04156482WA0015300185
B1917341851065S04156482WA0015300184
B1917381851065S04156482WA0015300182
B1917421851065S04156483WA0015300179
B1917461851064S04156483WA0015300176
B1917501851064S04156483WA0015300175
B1917541851064S04156483WA0015300174
B1917581851064S04156482WA0015300174
B1918021851064S04156483WA0015300173
B1918061851064S04156483WA0015300175
B1918101851064S04156483WA0015300177
B1918141851065S04156483WA0015300179
B1918181851065S04156483WA0015300180
B1918221851065S04156483WA0015300179
B1918261851065S04156483WA0015300179
B1918301851065S04156483WA0015300179
B1918341851065S04156483WA0015300178
B1918381851065S04156482WA0015300179
B1918421851065S04156482WA0015300177
B1918461851065S04156482WA0015300174
B1918501851065S04156482WA0015300174
B1918541851064S04156482WA0015300174
B1918581851064S04156483WA0015300174
B1919021851063S04156483WA0015300173
B1919061851067S04156482WA0015300185
B1919101851070S04156481WA0015300198
B1919141851072S04156480WA0015300206
B1919181851072S04156480WA0015300211
B1919221851074S04156480WA0015300217
B1919261851076S04156480WA0015300226
B1919301851078S04156479WA0015300231
B1919341851076S04156478WA0015300230
B1919381851076S04156478WA0015300226
B1919421851076S04156478WA0015300224
B1919461851076S04156476WA0015300222
B1919501851077S04156475WA0015300219
B1919541851077S04156474WA0015300216
B1919581851081S04156472WA0015300214
B1920021851084S04156471WA0015300213
B1920061851087S04156472WA0015300215
B1920101851090S04156472WA0015300218
B1920141851092S04156473WA0015300222
B1920181851093S04156474WA0015300226
B1920221851093S04156475WA0015300229
B1920261851094S04156476WA0015300233
B1920301851095S04156479WA0015300238
B1920341851096S04156480WA0015300244
B1920381851096S04156481WA0015300249
B1920421851097S04156482WA0015300254
B1920461851098S04156483WA0015300259
B1920501851098S04156485WA0015300264
B1920541851098S04156485WA0015300269
B1920581851097S04156486WA0015300274
B1921021851097S04156487WA0015300279
B1921061851097S04156489WA0015300286
B1921101851097S04156490WA0015300290
B1921141851097S04156491WA0015300294
B1921181851098S04156492WA0015300297
B1921221851098S04156492WA0015300300
B1921261851098S04156493WA0015300303
B1921301851098S04156494WA0015300306
B1921341851097S04156494WA0015300308
B1921381851097S04156495WA0015300311
B1921421851097S04156495WA0015300314
B1921461851098S04156495WA0015300316
B1921501851098S04156494WA0015300317
B1921541851099S04156494WA0015300317
B1921581851099S04156494WA0015300319
B1922021851099S04156495WA0015300320
B1922061851099S04156494WA0015300322
B1922101851099S04156494WA0015300323
B1922141851098S04156490WA0015300316
B1922181851097S04156486WA0015300307
B1922221851097S04156486WA0015300306
B1922261851097S04156487WA0015300307
B1922301851098S04156487WA0015300309
B1922341851098S04156487WA0015300310
B1922381851098S04156488WA0015300310
B1922421851098S04156488WA0015300309
B1922461851098S04156487WA0015300307
B1922501851098S04156488WA0015300305
B1922541851098S04156489WA0015300305
B1922581851097S04156490WA0015300303
B1923021851097S04156491WA0015300301
B1923061851097S04156493WA0015300301
B1923101851098S04156491WA0015300301
B1923141851099S04156491WA0015300302
B1923181851100S04156491WA0015300302
B1923221851099S04156491WA0015300302
B1923261851099S04156490WA0015300302
B1923301851099S04156491WA0015300301
B1923341851099S04156491WA0015300301
B1923381851100S04156492WA0015300303
B1923421851101S04156494WA0015300304
B1923461851101S04156498WA0015300305
B1923501851101S04156498WA0015300305
B1923541851102S04156499WA0015300306
B1923581851102S04156498WA0015300308
B1924021851101S04156497WA0015300310
B1924061851100S04156497WA0015300311
B1924101851100S04156496WA0015300312
B1924141851099S04156496WA0015300314
B1924181851098S04156495WA0015300315
B1924221851098S04156495WA0015300314
B1924261851098S04156495WA0015300312
B1924301851098S04156493WA0015300311
B1924341851097S04156494WA0015300312
B1924381851097S04156495WA0015300312
B1924421851097S04156494WA0015300310
B1924461851097S04156495WA0015300310
B1924501851097S04156497WA0015300311
B1924541851097S04156498WA0015300313
B1924581851098S04156499WA0015300314
B1925021851098S04156499WA0015300314
B1925061851100S04156499WA0015300315
B1925101851100S04156498WA0015300317
B1925141851100S04156499WA0015300318
B1925181851100S04156497WA0015300320
B1925221851100S04156497WA0015300321
B1925261851101S04156496WA0015300322
B1925301851101S04156495WA0015300322
B1925341851100S04156497WA0015300321
B1925381851099S04156497WA0015300320
B1925421851099S04156497WA0015300319
B1925461851099S04156497WA0015300319
B1925501851099S04156498WA0015300316
B1925541851098S04156498WA0015300314
B1925581851097S04156498WA0015300311
B1926021851097S04156497WA0015300308
B1926061851095S04156495WA0015300307
B1926101851094S04156495WA0015300305
B1926141851093S04156495WA0015300301
B1926181851092S04156493WA0015300299
B1926221851091S04156493WA0015300296
B1926261851091S04156492WA0015300293
B1926301851090S04156490WA0015300292
B1926341851089S04156489WA0015300290
B1926381851088S04156489WA0015300287
B1926421851087S04156487WA0015300286
B1926461851086S04156487WA0015300284
B1926501851085S04156488WA0015300281
B1926541851084S04156488WA0015300279
B1926581851082S04156490WA0015300274
B1927021851082S04156490WA0015300271
B1927061851081S04156489WA0015300270
B1927101851079S04156487WA0015300266
B1927141851079S04156487WA0015300260
B1927181851078S04156484WA0015300257
B1927221851077S04156482WA0015300255
B1927261851076S04156480WA0015300254
B1927301851076S04156478WA0015300251
B1927341851076S04156477WA0015300249
B1927381851077S04156478WA0015300247
B1927421851077S04156478WA0015300248
B1927461851075S04156478WA0015300247
B1927501851075S04156477WA0015300249
B1927541851072S04156479WA0015300246
B1927581851070S04156477WA0015300245
B1928021851069S04156479WA0015300242
B1928061851067S04156479WA0015300237
B1928101851065S04156480WA0015300233
B1928141851064S04156481WA0015300231
B1928181851064S04156484WA0015300223
B1928221851065S04156485WA0015300220
B1928261851066S04156484WA0015300218
B1928301851066S04156486WA0015300214
B1928341851065S04156485WA0015300213
B1928381851064S04156485WA0015300211
B1928421851062S04156486WA0015300207
B1928461851060S04156486WA0015300204
B1928501851057S04156488WA0015300200
B1928541851056S04156488WA0015300194
B1928581851056S04156489WA0015400190
B1929021851055S04156487WA0015300189
B1929061851055S04156488WA0015300186
B1929101851054S04156488WA0015300184
B1929141851055S04156489WA0015400181
B1929181851055S04156490WA0015300184
B1929221851055S04156489WA0015300183
B1929261851055S04156488WA0015400184
B1929301851054S04156488WA0015400180
B1929341851053S04156487WA0015400176
B1929381851053S04156487WA0015400172
B1929421851053S04156488WA0015400173
B1929461851051S04156488WA0015400169
B1929501851052S04156488WA0015400167
B1929541851055S04156486WA0015400163
B1929581851058S04156484WA0015400163
B1930001851058S04156485WA0015400163
