AXFMSFP Flymaster Live, V1.0, S/N 315718
HFDTE210426
HFPLTPILOTINCHARGE:Raul Guerra
B1317341853199S04154948WA0100001098
B1317381853200S04154947WA0099901096
B1317421853199S04154946WA0099901094
B1317461853199S04154946WA0099901094
B1317501853200S04154947WA0099901094
B1317541853200S04154947WA0099901095
B1317581853200S04154947WA0099901097
B1318021853200S04154947WA0099901097
B1318061853200S04154948WA0099901097
B1318101853200S04154948WA0099901098
B1318141853200S04154948WA0099901098
B1318181853199S04154948WA0099901099
B1318221853197S04154947WA0099901098
B1318261853196S04154948WA0100001098
B1318301853196S04154947WA0100001097
B1318341853195S04154947WA0100001096
B1318381853194S04154946WA0100001096
B1318421853193S04154946WA0100001097
B1318461853194S04154946WA0100001098
B1318501853193S04154945WA0100001097
B1318541853192S04154945WA0100101097
B1318581853191S04154945WA0100101097
B1319021853191S04154947WA0100101098
B1319061853191S04154949WA0100101098
B1319101853190S04154948WA0100101101
B1319141853189S04154949WA0100101102
B1319181853189S04154951WA0100101100
B1319221853189S04154952WA0100201099
B1319261853189S04154953WA0100101099
B1319301853188S04154955WA0100201100
B1319341853186S04154957WA0100101100
B1319381853186S04154959WA0100201098
B1319421853187S04154961WA0100201098
B1319461853191S04154965WA0100101097
B1319501853195S04154967WA0100201096
B1319541853196S04154966WA0100201094
B1319581853196S04154963WA0100201088
B1320021853194S04154959WA0100201091
B1320061853190S04154959WA0100201085
B1320101853186S04154957WA0100201079
B1320141853184S04154955WA0100201072
B1320181853182S04154957WA0100201066
B1320221853178S04154951WA0100201061
B1320261853173S04154946WA0100201058
B1320301853178S04154946WA0100201050
B1320341853180S04154947WA0100201045
B1320381853179S04154945WA0100201039
B1320421853179S04154948WA0100201040
B1320461853177S04154953WA0100201052
B1320501853178S04154955WA0100201052
B1320541853179S04154954WA0100201052
B1320581853181S04154954WA0100201051
B1321021853183S04154955WA0100201052
B1321061853184S04154955WA0100201054
B1321101853185S04154954WA0100201060
B1321141853185S04154953WA0100201060
B1321181853185S04154952WA0100201062
B1321221853184S04154951WA0100201062
B1321261853184S04154950WA0100201063
B1321301853185S04154950WA0100201065
B1321341853187S04154951WA0100101068
B1321381853187S04154951WA0100101072
B1321421853187S04154951WA0100101076
B1321461853188S04154951WA0100101078
B1321501853188S04154950WA0100101079
B1321541853189S04154951WA0100101080
B1321581853190S04154952WA0100101081
B1322021853190S04154953WA0100101082
B1322061853191S04154953WA0100101084
B1322101853191S04154953WA0100101085
B1322141853191S04154953WA0100101087
B1322181853193S04154953WA0100101088
B1322221853193S04154954WA0100101089
B1322261853195S04154954WA0100101091
B1322301853195S04154954WA0100101092
B1322341853196S04154954WA0100101092
B1322381853196S04154954WA0100101093
B1322421853196S04154953WA0100101093
B1322461853196S04154954WA0100101093
B1322501853196S04154954WA0100101095
B1322541853196S04154954WA0100101096
B1322581853195S04154955WA0100101097
B1323021853194S04154954WA0100101098
B1323061853194S04154954WA0100101101
B1323101853193S04154954WA0100101103
B1323141853193S04154953WA0100101100
B1323181853193S04154953WA0100101096
B1323221853192S04154952WA0100101097
B1323261853192S04154951WA0100101097
B1323301853192S04154951WA0100001095
B1323341853193S04154951WA0100001096
B1323381853192S04154951WA0100101097
B1323421853192S04154951WA0100001097
B1323461853192S04154951WA0100001096
B1323501853192S04154951WA0100101097
B1323541853193S04154951WA0100101097
B1323581853193S04154950WA0100101096
B1324021853193S04154949WA0100101096
B1324061853191S04154949WA0100101094
B1324101853191S04154949WA0100101095
B1324141853191S04154948WA0100101094
B1324181853190S04154948WA0100101094
B1324221853190S04154948WA0100101092
B1324261853190S04154949WA0100101092
B1324301853191S04154949WA0100001093
B1324341853191S04154949WA0100101092
B1324381853191S04154948WA0100101092
B1324421853191S04154949WA0100101094
B1324461853191S04154949WA0100101097
B1324501853191S04154950WA0100101099
B1324541853192S04154950WA0100101100
B1324581853191S04154950WA0100101100
B1325021853191S04154949WA0100101099
B1325061853190S04154949WA0100101098
B1325101853190S04154949WA0100101099
B1325141853191S04154949WA0100101100
B1325181853191S04154948WA0100101102
B1325221853192S04154949WA0100001102
B1325261853192S04154949WA0100101103
B1325301853191S04154948WA0100101102
B1325341853191S04154948WA0100101102
B1325381853190S04154947WA0100101102
B1325421853190S04154946WA0100101103
B1325461853189S04154945WA0100001103
B1325501853190S04154945WA0100001101
B1325541853191S04154945WA0100001096
B1325581853191S04154945WA0100001094
B1326021853192S04154944WA0100001095
B1326061853192S04154944WA0100001094
B1326101853193S04154943WA0100001093
B1326141853193S04154943WA0100001093
B1326181853193S04154943WA0100001093
B1326221853193S04154944WA0100001094
B1326261853193S04154943WA0100001093
B1326301853193S04154943WA0100001092
B1326341853193S04154943WA0100001091
B1326381853193S04154943WA0100001091
B1326421853193S04154943WA0100001091
B1326461853193S04154943WA0100001091
B1326501853192S04154942WA0100001091
B1326541853192S04154943WA0100001091
B1326581853192S04154943WA0100001090
B1327021853192S04154943WA0100001091
B1327061853192S04154943WA0100001091
B1327101853193S04154943WA0100001090
B1327141853193S04154943WA0100001089
B1327181853193S04154943WA0100001090
B1327221853193S04154943WA0100001091
B1327261853194S04154943WA0100001094
B1327301853193S04154943WA0100001095
B1327341853193S04154943WA0100001095
B1327381853194S04154942WA0100001095
B1327421853193S04154941WA0100001095
B1327461853192S04154940WA0100001095
B1327501853192S04154940WA0100001094
B1327541853191S04154941WA0100001093
B1327581853189S04154940WA0100001093
B1328021853190S04154941WA0100001092
B1328061853190S04154943WA0100101089
B1328101853191S04154944WA0100101089
B1328141853191S04154944WA0100101088
B1328181853190S04154945WA0100101088
B1328221853190S04154946WA0100101084
B1328261853191S04154947WA0100101084
B1328301853191S04154948WA0100101085
B1328341853192S04154949WA0100101085
B1328381853194S04154949WA0100101084
B1328421853195S04154950WA0100101086
B1328461853195S04154952WA0100101080
B1328501853195S04154952WA0100101077
B1328541853195S04154953WA0100101077
B1328581853196S04154954WA0100101079
B1329021853196S04154955WA0100101081
B1329061853197S04154956WA0100101083
B1329101853196S04154956WA0100101087
B1329141853196S04154956WA0100201086
B1329181853196S04154956WA0100201085
B1329221853195S04154955WA0100201084
B1329261853195S04154956WA0100201083
B1329301853195S04154957WA0100201079
B1329341853195S04154957WA0100201077
B1329381853196S04154957WA0100201074
B1329421853197S04154957WA0100201075
B1329461853195S04154957WA0100201073
B1329501853195S04154957WA0100101075
B1329541853194S04154957WA0100201076
B1329581853194S04154958WA0100201076
B1330021853194S04154958WA0100201079
B1330061853194S04154958WA0100201081
B1330101853193S04154958WA0100101082
B1330141853193S04154959WA0100201083
B1330181853192S04154959WA0100101084
B1330221853192S04154960WA0100201085
B1330261853191S04154959WA0100101088
B1330301853191S04154959WA0100201089
B1330341853191S04154959WA0100201089
B1330381853190S04154959WA0100201089
B1330421853190S04154960WA0100201089
B1330461853191S04154960WA0100201088
B1330501853190S04154960WA0100201088
B1330541853190S04154960WA0100201088
B1330581853190S04154960WA0100201087
B1331021853189S04154960WA0100201088
B1331061853190S04154960WA0100201088
B1331101853190S04154960WA0100201089
B1331141853189S04154959WA0100201090
B1331181853189S04154959WA0100201091
B1331221853189S04154959WA0100201091
B1331261853189S04154961WA0100201092
B1331301853190S04154962WA0100201091
B1331341853190S04154963WA0100201092
B1331381853190S04154963WA0100201092
B1331421853190S04154962WA0100201093
B1331461853190S04154963WA0100201094
B1331501853189S04154964WA0100201095
B1331541853188S04154963WA0100201100
B1331581853187S04154963WA0100201101
B1332021853186S04154963WA0100101101
B1332061853188S04154961WA0100101103
B1332101853187S04154960WA0100101105
B1332141853187S04154960WA0100201108
B1332181853188S04154963WA0100201109
B1332221853187S04154964WA0100101107
B1332261853185S04154964WA0100201106
B1332301853185S04154965WA0100201106
B1332341853184S04154963WA0100201106
B1332381853183S04154963WA0100201105
B1332421853183S04154963WA0100201102
B1332461853184S04154963WA0100201102
B1332501853184S04154963WA0100201101
B1332541853184S04154963WA0100201100
B1332581853185S04154964WA0100201099
B1333021853186S04154965WA0100201098
B1333061853188S04154965WA0100201098
B1333101853189S04154968WA0100201093
B1333141853191S04154967WA0100201091
B1333181853191S04154965WA0100201090
B1333221853191S04154964WA0100201091
B1333261853190S04154961WA0100201088
B1333301853190S04154961WA0100201089
B1333341853189S04154961WA0100201091
B1333381853188S04154960WA0100201094
B1333421853187S04154960WA0100201095
B1333461853189S04154960WA0100201095
B1333501853188S04154960WA0100201094
B1333541853189S04154959WA0100201093
B1333581853188S04154958WA0100201091
B1334021853188S04154957WA0100201090
B1334061853188S04154957WA0100201089
B1334101853187S04154957WA0100201088
B1334141853187S04154957WA0100201089
B1334181853188S04154958WA0100201090
B1334221853188S04154958WA0100201090
B1334261853190S04154959WA0100201090
B1334301853191S04154958WA0100201090
B1334341853191S04154958WA0100201091
B1334381853193S04154957WA0100201091
B1334421853193S04154957WA0100101091
B1334461853195S04154956WA0100101090
B1334501853195S04154957WA0100101089
B1334541853196S04154956WA0100101090
B1334581853197S04154958WA0100101088
B1335021853199S04154959WA0100101088
B1335061853200S04154959WA0100101088
B1335101853201S04154960WA0100001087
B1335141853201S04154959WA0100001086
B1335181853200S04154960WA0100001085
B1335221853200S04154963WA0100001084
B1335261853200S04154962WA0100001083
B1335301853199S04154962WA0100001083
B1335341853200S04154960WA0100001083
B1335381853201S04154959WA0100101083
B1335421853202S04154958WA0100101083
B1335461853202S04154958WA0100101085
B1335501853203S04154958WA0100001086
B1335541853202S04154959WA0100101086
B1335581853201S04154959WA0100101085
B1336021853201S04154960WA0100101086
B1336061853200S04154960WA0100101087
B1336101853198S04154959WA0100101087
B1336141853198S04154959WA0100101087
B1336181853197S04154959WA0100101087
B1336221853197S04154960WA0100101088
B1336261853197S04154960WA0100101090
B1336301853197S04154960WA0100101091
B1336341853196S04154959WA0100101090
B1336381853196S04154960WA0100101090
B1336421853197S04154959WA0100101090
B1336461853197S04154960WA0100101091
B1336501853197S04154959WA0100101091
B1336541853196S04154959WA0100101091
B1336581853196S04154958WA0100101090
B1337021853196S04154958WA0100101089
B1337061853196S04154959WA0100101088
B1337101853196S04154959WA0100101088
B1337141853196S04154959WA0100201089
B1337181853195S04154958WA0100101089
B1337221853194S04154957WA0100101088
B1337261853195S04154957WA0100101089
B1337301853195S04154958WA0100101089
B1337341853195S04154959WA0100101088
B1337381853195S04154959WA0100101088
B1337421853197S04154959WA0100101088
B1337461853196S04154959WA0100201088
B1337501853196S04154959WA0100101087
B1337541853196S04154958WA0100101087
B1337581853196S04154957WA0100101086
B1338021853197S04154957WA0100201086
B1338061853197S04154958WA0100201085
B1338101853198S04154958WA0100201085
B1338141853199S04154959WA0100201087
B1338181853200S04154959WA0100201087
B1338221853201S04154957WA0100201088
B1338261853200S04154955WA0100201088
B1338301853199S04154953WA0100201089
B1338341853199S04154954WA0100201089
B1338381853200S04154954WA0100201090
B1338421853200S04154956WA0100201090
B1338461853201S04154957WA0100201089
B1338501853201S04154957WA0100201090
B1338541853201S04154956WA0100201092
B1338581853200S04154957WA0100201092
B1339021853199S04154958WA0100101091
B1339061853199S04154958WA0100101089
B1339101853198S04154959WA0100101086
B1339141853198S04154960WA0100101084
B1339181853197S04154962WA0100101080
B1339221853197S04154961WA0100101076
B1339261853196S04154961WA0100101074
B1339301853196S04154960WA0100101070
B1339341853196S04154961WA0100101068
B1339381853196S04154961WA0100101067
B1339421853196S04154960WA0100101066
B1339461853196S04154960WA0100101068
B1339501853197S04154959WA0100101067
B1339541853198S04154958WA0100101067
B1339581853198S04154958WA0100101067
B1340021853198S04154959WA0100101067
B1340061853198S04154958WA0100101068
B1340101853198S04154958WA0100101069
B1340141853198S04154958WA0100101068
B1340181853199S04154959WA0100101066
B1340221853199S04154959WA0100101063
B1340261853201S04154958WA0100101061
B1340301853201S04154957WA0100101059
B1340341853200S04154955WA0100101056
B1340381853203S04154956WA0100101054
B1340421853203S04154957WA0100101055
B1340461853202S04154957WA0100101056
B1340501853200S04154956WA0100101057
B1340541853197S04154956WA0100101059
B1340581853197S04154956WA0100101060
B1341021853197S04154957WA0100101062
B1341061853197S04154956WA0100201064
B1341101853197S04154958WA0100101065
B1341141853198S04154959WA0100201066
B1341181853199S04154959WA0100201066
B1341221853198S04154960WA0100201067
B1341261853199S04154961WA0100101067
B1341301853200S04154962WA0100101067
B1341341853200S04154961WA0100101068
B1341381853200S04154960WA0100101068
B1341421853199S04154960WA0100101070
B1341461853199S04154960WA0100101070
B1341501853198S04154960WA0100101071
B1341541853198S04154960WA0100101072
B1341581853198S04154960WA0100101072
B1342021853198S04154960WA0100101073
B1342061853199S04154961WA0100101073
B1342101853199S04154962WA0100101072
B1342141853197S04154962WA0100101071
B1342181853198S04154962WA0100101071
B1342221853198S04154962WA0100101072
B1342261853197S04154962WA0100101070
B1342301853197S04154962WA0100101071
B1342341853197S04154961WA0100101071
B1342381853196S04154961WA0100101071
B1342421853195S04154961WA0100101073
B1342461853194S04154961WA0100101073
B1342501853194S04154961WA0100101073
B1342541853195S04154962WA0100201075
B1342581853195S04154961WA0100101076
B1343021853195S04154960WA0100101076
B1343061853197S04154959WA0100101079
B1343101853197S04154958WA0100101080
B1343141853198S04154959WA0100101083
B1343181853199S04154961WA0100101084
B1343221853199S04154960WA0100101086
B1343261853199S04154961WA0100101084
B1343301853199S04154961WA0100101083
B1343341853199S04154961WA0100101081
B1343381853200S04154960WA0100101080
B1343421853200S04154960WA0100101081
B1343461853200S04154960WA0100101081
B1343501853199S04154960WA0100201082
B1343541853199S04154960WA0100101083
B1343581853199S04154961WA0100101083
B1344021853198S04154961WA0100101082
B1344061853196S04154963WA0100101080
B1344101853195S04154964WA0100101079
B1344141853196S04154964WA0100101080
B1344181853196S04154963WA0100101079
B1344221853196S04154962WA0100101081
B1344261853196S04154962WA0100101079
B1344301853195S04154963WA0100101078
B1344341853195S04154963WA0100101077
B1344381853194S04154964WA0100101075
B1344421853194S04154963WA0100101076
B1344461853195S04154963WA0100101076
B1344501853194S04154963WA0100101075
B1344541853195S04154963WA0100101076
B1344581853194S04154964WA0100101075
B1345021853193S04154965WA0100101074
B1345061853193S04154965WA0100101074
B1345101853193S04154965WA0100101075
B1345141853192S04154964WA0100101075
B1345181853191S04154963WA0100101075
B1345221853191S04154963WA0100101074
B1345261853192S04154962WA0100101074
B1345301853191S04154963WA0100101074
B1345341853191S04154963WA0100101072
B1345381853191S04154963WA0100101071
B1345421853192S04154963WA0100101071
B1345461853191S04154963WA0100101071
B1345501853192S04154963WA0100101071
B1345541853193S04154963WA0100101071
B1345581853194S04154962WA0100101071
B1346021853196S04154961WA0100101072
B1346061853196S04154959WA0100001074
B1346101853196S04154958WA0100001076
B1346141853195S04154958WA0100001076
B1346181853195S04154959WA0100101077
B1346221853194S04154960WA0100101077
B1346261853194S04154960WA0100101076
B1346301853194S04154959WA0100101077
B1346341853194S04154959WA0100101078
B1346381853195S04154961WA0100101079
B1346421853195S04154963WA0100101078
B1346461853195S04154963WA0100101078
B1346501853195S04154962WA0100101079
B1346541853196S04154962WA0100101079
B1346581853196S04154962WA0100101079
B1347021853196S04154960WA0100101080
B1347061853195S04154957WA0100101081
B1347101853195S04154956WA0100101080
B1347141853193S04154954WA0100101081
B1347181853194S04154955WA0100101081
B1347221853194S04154956WA0100101079
B1347261853194S04154956WA0100101080
B1347301853194S04154955WA0100101081
B1347341853193S04154955WA0100101080
B1347381853194S04154954WA0100101083
B1347421853195S04154952WA0100101085
B1347461853195S04154953WA0100101086
B1347501853195S04154952WA0100101086
B1347541853196S04154950WA0100101087
B1347581853197S04154950WA0100101089
B1348021853196S04154949WA0100101090
B1348061853196S04154948WA0100101089
B1348101853196S04154948WA0100101089
B1348141853197S04154949WA0100101088
B1348181853198S04154951WA0100101090
B1348221853198S04154950WA0100101090
B1348261853198S04154952WA0100101090
B1348301853200S04154953WA0100101092
B1348341853199S04154955WA0100101095
B1348381853198S04154955WA0100101096
B1348421853200S04154953WA0100101095
B1348461853200S04154953WA0100101094
B1348501853200S04154954WA0100101095
B1348541853199S04154955WA0100101094
B1348581853200S04154956WA0100101095
B1349021853199S04154958WA0100101096
B1349061853199S04154959WA0100101096
B1349101853198S04154959WA0100101095
B1349141853198S04154959WA0100101095
B1349181853200S04154959WA0100101093
B1349221853201S04154956WA0100101091
B1349261853201S04154958WA0100101089
B1349301853201S04154958WA0100101087
B1349341853200S04154957WA0100101087
B1349381853201S04154957WA0100101087
B1349421853201S04154955WA0100101087
B1349461853201S04154956WA0100101087
B1349501853200S04154955WA0100101087
B1349541853198S04154957WA0100101083
B1349581853199S04154957WA0100101078
B1350021853198S04154958WA0100101076
B1350061853198S04154958WA0100101075
B1350101853197S04154958WA0100101076
B1350141853197S04154959WA0100101075
B1350181853196S04154960WA0100101075
B1350221853196S04154961WA0100101074
B1350261853196S04154962WA0100201073
B1350301853197S04154962WA0100101071
B1350341853198S04154962WA0100201068
B1350381853196S04154963WA0100101066
B1350421853198S04154963WA0100201066
B1350461853198S04154962WA0100201066
B1350501853199S04154961WA0100101067
B1350541853199S04154961WA0100101067
B1350581853199S04154961WA0100101068
B1351021853198S04154962WA0100101070
B1351061853198S04154962WA0100201071
B1351101853198S04154963WA0100201072
B1351141853198S04154963WA0100101072
B1351181853197S04154966WA0100201070
B1351221853197S04154968WA0100201069
B1351261853197S04154968WA0100201068
B1351301853198S04154967WA0100201070
B1351341853197S04154966WA0100201071
B1351381853196S04154967WA0100101071
B1351421853195S04154965WA0100201072
B1351461853195S04154964WA0100201074
B1351501853196S04154963WA0100101076
B1351541853196S04154963WA0100101077
B1351581853197S04154966WA0100101078
B1352021853198S04154967WA0100201080
B1352061853198S04154968WA0100201081
B1352101853197S04154968WA0100101082
B1352141853197S04154968WA0100101082
B1352181853197S04154969WA0100101082
B1352221853196S04154968WA0100101081
B1352261853193S04154968WA0100201080
B1352301853194S04154967WA0100201082
B1352341853194S04154967WA0100201084
B1352381853195S04154967WA0100101085
B1352421853195S04154967WA0100201086
B1352461853195S04154967WA0100201085
B1352501853195S04154966WA0100201085
B1352541853195S04154965WA0100201082
B1352581853195S04154963WA0100201081
B1353021853194S04154961WA0100201082
B1353061853195S04154962WA0100101082
B1353101853194S04154962WA0100101083
B1353141853196S04154962WA0100101086
B1353181853197S04154963WA0100201085
B1353221853196S04154962WA0100201083
B1353261853196S04154962WA0100201084
B1353301853195S04154961WA0100201082
B1353341853195S04154960WA0100201085
B1353381853195S04154961WA0100101085
B1353421853195S04154962WA0100101086
B1353461853196S04154962WA0100101087
B1353501853197S04154961WA0100201085
B1353541853202S04154957WA0100101091
B1353581853203S04154956WA0100201093
B1354021853203S04154955WA0100101094
B1354061853203S04154954WA0100201094
B1354101853203S04154954WA0100201094
B1354141853203S04154954WA0100201093
B1354181853203S04154954WA0100201093
B1354221853201S04154954WA0100201090
B1354261853202S04154955WA0100201089
B1354301853202S04154954WA0100201088
B1354341853202S04154954WA0100201085
B1354381853202S04154955WA0100201085
B1354421853202S04154955WA0100201084
B1354461853202S04154956WA0100201082
B1354501853201S04154956WA0100201081
B1354541853201S04154956WA0100201082
B1354581853200S04154957WA0100201082
B1355021853197S04154958WA0100301080
B1355061853195S04154958WA0100301079
B1355101853194S04154959WA0100301078
B1355141853193S04154959WA0100301077
B1355181853193S04154958WA0100301078
B1355221853193S04154957WA0100301078
B1355261853194S04154957WA0100301076
B1355301853194S04154957WA0100301076
B1355341853193S04154956WA0100301076
B1355381853192S04154956WA0100301074
B1355421853192S04154955WA0100301074
B1355461853192S04154955WA0100301073
B1355501853192S04154955WA0100301074
B1355541853191S04154955WA0100301074
B1355581853190S04154955WA0100301076
B1356021853191S04154955WA0100301074
B1356061853192S04154956WA0100301074
B1356101853192S04154956WA0100401075
B1356141853192S04154957WA0100301073
B1356181853192S04154958WA0100301073
B1356221853193S04154958WA0100301072
B1356261853194S04154958WA0100301073
B1356301853194S04154958WA0100301073
B1356341853194S04154958WA0100301075
B1356381853194S04154957WA0100301077
B1356421853193S04154957WA0100301081
B1356461853193S04154956WA0100301082
B1356501853193S04154956WA0100301083
B1356541853192S04154956WA0100301085
B1356581853192S04154956WA0100301086
B1357021853192S04154956WA0100301087
B1357061853192S04154956WA0100301089
B1357101853193S04154955WA0100301090
B1357141853193S04154955WA0100401092
B1357181853193S04154956WA0100401093
B1357221853193S04154956WA0100401094
B1357261853194S04154956WA0100301095
B1357301853193S04154955WA0100301097
B1357341853193S04154955WA0100301102
B1357381853193S04154955WA0100301104
B1357421853192S04154956WA0100301104
B1357461853193S04154955WA0100301106
B1357501853193S04154955WA0100301107
B1357541853193S04154956WA0100301108
B1357581853193S04154957WA0100301107
B1358021853193S04154956WA0100301105
B1358061853192S04154955WA0100301105
B1358101853192S04154954WA0100301106
B1358141853193S04154955WA0100301106
B1358181853193S04154955WA0100301110
B1358221853192S04154955WA0100401107
B1358261853191S04154954WA0100301105
B1358301853192S04154954WA0100301105
B1358341853192S04154954WA0100301105
B1358381853191S04154954WA0100301105
B1358421853191S04154955WA0100301106
B1358461853191S04154955WA0100301103
B1358501853191S04154954WA0100301103
B1358541853191S04154955WA0100301102
B1358581853192S04154954WA0100301100
B1359021853192S04154954WA0100301100
B1359061853192S04154953WA0100301098
B1359101853193S04154954WA0100301097
B1359141853194S04154954WA0100301094
B1359181853195S04154954WA0100301092
B1359221853195S04154953WA0100301092
B1359261853193S04154952WA0100301095
B1359301853194S04154953WA0100301098
B1359341853193S04154955WA0100301098
B1359381853193S04154955WA0100301100
B1359421853193S04154956WA0100301100
B1359461853193S04154957WA0100301100
B1359501853193S04154956WA0100401101
B1359541853193S04154957WA0100301102
B1359581853193S04154956WA0100301102
B1400021853193S04154956WA0100301101
B1400061853193S04154955WA0100301101
B1400101853192S04154955WA0100301099
B1400141853193S04154955WA0100401098
B1400181853193S04154954WA0100401097
B1400221853193S04154954WA0100301096
B1400261853193S04154953WA0100301096
B1400301853193S04154952WA0100301095
B1400341853193S04154952WA0100301095
B1400381853193S04154953WA0100301096
B1400421853193S04154952WA0100401096
B1400461853191S04154952WA0100301096
B1400501853191S04154952WA0100301097
B1400541853192S04154952WA0100301098
B1400581853192S04154951WA0100401099
B1401021853192S04154952WA0100401100
B1401061853190S04154953WA0100401098
B1401101853190S04154953WA0100401099
B1401141853190S04154952WA0100401098
B1401181853189S04154952WA0100401099
B1401221853188S04154951WA0100401100
B1401261853188S04154952WA0100301099
B1401301853188S04154954WA0100301099
B1401341853188S04154955WA0100401097
B1401381853188S04154955WA0100401099
B1401421853189S04154955WA0100401099
B1401461853188S04154955WA0100401098
B1401501853188S04154954WA0100401096
B1401541853188S04154954WA0100401096
B1401581853189S04154954WA0100401094
B1402021853188S04154953WA0100401094
B1402061853189S04154954WA0100401093
B1402101853189S04154955WA0100401093
B1402141853190S04154955WA0100401093
B1402181853190S04154954WA0100401093
B1402221853190S04154953WA0100401091
B1402261853191S04154953WA0100401089
B1402301853190S04154954WA0100401090
B1402341853190S04154955WA0100401089
B1402381853190S04154956WA0100401089
B1402421853191S04154956WA0100401089
B1402461853191S04154956WA0100401090
B1402501853192S04154957WA0100401090
B1402541853192S04154956WA0100401090
B1402581853193S04154956WA0100401091
B1403021853193S04154956WA0100401092
B1403061853193S04154957WA0100401093
B1403101853194S04154956WA0100401094
B1403141853194S04154956WA0100401094
B1403181853194S04154957WA0100401091
B1403221853194S04154957WA0100401089
B1403261853194S04154958WA0100401088
B1403301853194S04154957WA0100401086
B1403341853193S04154958WA0100401085
B1403381853193S04154958WA0100401084
B1403421853193S04154958WA0100401083
B1403461853193S04154957WA0100401083
B1403501853193S04154957WA0100501083
B1403541853193S04154957WA0100501083
B1403581853193S04154957WA0100401083
B1404021853194S04154957WA0100501084
B1404061853194S04154956WA0100401085
B1404101853193S04154956WA0100401085
B1404141853193S04154956WA0100401086
B1404181853192S04154956WA0100401086
B1404221853192S04154956WA0100501087
B1404261853192S04154953WA0100401087
B1404301853191S04154951WA0100401088
B1404341853191S04154948WA0100401088
B1404381853192S04154944WA0100301088
B1404421853191S04154940WA0100301087
B1404461853191S04154937WA0100201088
B1404501853191S04154934WA0100101089
B1404541853190S04154933WA0100101088
B1404581853190S04154931WA0100001088
B1405021853189S04154929WA0100001088
B1405061853191S04154925WA0099901087
B1405101853191S04154922WA0099901089
B1405141853192S04154918WA0099901088
B1405181853193S04154916WA0099801087
B1405221853193S04154913WA0099801087
B1405261853193S04154911WA0099801088
B1405301853193S04154909WA0099801088
B1405341853193S04154907WA0099801088
B1405381853193S04154902WA0099801088
B1405421853194S04154898WA0099701088
B1405461853193S04154896WA0099701088
B1405501853192S04154893WA0099701088
B1405541853192S04154891WA0099601087
B1405581853192S04154889WA0099601087
B1406021853192S04154888WA0099601087
B1406061853191S04154887WA0099601088
B1406101853192S04154888WA0099501088
B1406141853191S04154888WA0099501090
B1406181853191S04154887WA0099501090
B1406221853190S04154887WA0099501090
B1406261853190S04154886WA0099501090
B1406301853189S04154886WA0099501091
B1406341853190S04154887WA0099501092
B1406381853190S04154887WA0099501093
B1406421853190S04154886WA0099501093
B1406461853190S04154886WA0099501093
B1406501853190S04154887WA0099501093
B1406541853190S04154886WA0099501093
B1406581853190S04154886WA0099501093
B1407021853190S04154886WA0099501093
B1407061853189S04154886WA0099501092
B1407101853189S04154886WA0099501092
B1407141853189S04154886WA0099501091
B1407181853189S04154885WA0099501090
B1407221853189S04154885WA0099501089
B1407261853189S04154885WA0099501088
B1407301853188S04154885WA0099601089
B1407341853188S04154884WA0099601091
B1407381853188S04154884WA0099601090
B1407421853187S04154885WA0099601091
B1407461853187S04154885WA0099601091
B1407501853188S04154886WA0099601091
B1407541853189S04154887WA0099601091
B1407581853190S04154887WA0099601092
B1408021853190S04154887WA0099601091
B1408061853190S04154886WA0099601089
B1408101853190S04154887WA0099601089
B1408141853190S04154886WA0099601091
B1408181853190S04154886WA0099501091
B1408221853190S04154885WA0099601092
B1408261853190S04154885WA0099501091
B1408301853190S04154885WA0099501092
B1408341853189S04154885WA0099501091
B1408381853189S04154884WA0099501090
B1408421853189S04154884WA0099501090
B1408461853189S04154884WA0099501090
B1408501853190S04154884WA0099601091
B1408541853190S04154884WA0099601089
B1408581853191S04154884WA0099601089
B1409021853191S04154885WA0099601089
B1409061853191S04154885WA0099601090
B1409101853191S04154885WA0099601090
B1409141853191S04154885WA0099601090
B1409181853191S04154885WA0099601090
B1409221853191S04154885WA0099601090
B1409261853191S04154885WA0099601090
B1409301853191S04154885WA0099601091
B1409341853191S04154885WA0099601091
B1409381853191S04154885WA0099601091
B1409421853191S04154885WA0099601091
B1409461853192S04154885WA0099601091
B1409501853192S04154885WA0099601091
B1409541853192S04154885WA0099601091
B1409581853192S04154885WA0099601091
B1410021853192S04154885WA0099601092
B1410061853192S04154885WA0099601092
B1410101853192S04154886WA0099601092
B1410141853191S04154886WA0099601092
B1410181853191S04154886WA0099601092
B1410221853191S04154886WA0099601092
B1410261853191S04154886WA0099601092
B1410301853191S04154886WA0099601092
B1410341853191S04154886WA0099601092
B1410381853192S04154886WA0099601092
B1410421853192S04154886WA0099601092
B1410461853192S04154885WA0099601092
B1410501853192S04154886WA0099701092
B1410541853192S04154886WA0099701092
B1410581853192S04154886WA0099701092
B1411021853192S04154886WA0099601092
B1411061853192S04154885WA0099601092
B1411101853192S04154885WA0099601092
B1411141853192S04154886WA0099601092
B1411181853192S04154885WA0099701091
B1411221853192S04154885WA0099701091
B1411261853192S04154885WA0099701091
B1411301853192S04154885WA0099601091
B1411341853192S04154885WA0099601091
B1411381853192S04154885WA0099701091
B1411421853192S04154886WA0099701091
B1411461853192S04154886WA0099701091
B1411501853192S04154886WA0099701091
B1411541853192S04154886WA0099701091
B1411581853192S04154886WA0099601091
B1412021853192S04154886WA0099701091
B1412061853192S04154886WA0099701091
B1412101853192S04154886WA0099701091
B1412141853191S04154886WA0099601091
B1412181853191S04154886WA0099701092
B1412221853191S04154886WA0099701092
B1412261853191S04154886WA0099701092
B1412301853191S04154886WA0099701093
B1412341853191S04154886WA0099701093
B1412381853191S04154886WA0099701093
B1412421853191S04154886WA0099701093
B1412461853191S04154886WA0099701093
B1412501853190S04154885WA0099701093
B1412541853189S04154887WA0099701093
B1412581853190S04154886WA0099701093
B1413021853191S04154886WA0099701094
B1413061853191S04154886WA0099701094
B1413101853191S04154886WA0099701094
B1413141853191S04154886WA0099701094
B1413181853191S04154886WA0099701094
B1413221853191S04154886WA0099701094
B1413261853191S04154886WA0099701094
B1413301853191S04154886WA0099701094
B1413341853191S04154886WA0099701094
B1413381853191S04154886WA0099701094
B1413421853191S04154886WA0099701094
B1413461853192S04154886WA0099701094
B1413501853192S04154886WA0099701094
B1413541853192S04154886WA0099701093
B1413581853192S04154886WA0099701093
B1414021853192S04154885WA0099701093
B1414061853192S04154885WA0099701093
B1414101853192S04154885WA0099701093
B1414141853192S04154885WA0099701093
B1414181853192S04154885WA0099701092
B1414221853192S04154886WA0099701092
B1414261853192S04154886WA0099701092
B1414301853192S04154886WA0099701092
B1414341853192S04154886WA0099701093
B1414381853192S04154886WA0099701093
B1414421853192S04154886WA0099701093
B1414461853192S04154886WA0099701093
B1414501853192S04154886WA0099701093
B1414541853192S04154886WA0099701093
B1414581853192S04154886WA0099701093
B1415021853192S04154886WA0099701093
B1415061853192S04154886WA0099701093
B1415101853192S04154886WA0099701092
B1415141853192S04154886WA0099701092
B1415181853192S04154886WA0099701093
B1415221853192S04154886WA0099701093
B1415261853192S04154886WA0099701093
B1415301853192S04154886WA0099701094
B1415341853192S04154886WA0099701094
B1415381853192S04154886WA0099701095
B1415421853192S04154886WA0099701094
B1415461853192S04154886WA0099701094
B1415501853192S04154886WA0099701095
B1415541853192S04154886WA0099701095
B1415581853191S04154886WA0099701096
B1416021853191S04154886WA0099701096
B1416061853191S04154886WA0099701096
B1416101853191S04154886WA0099701096
B1416141853191S04154886WA0099701096
B1416181853191S04154886WA0099701095
B1416221853191S04154886WA0099701095
B1416261853192S04154886WA0099701094
B1416301853191S04154886WA0099701094
B1416341853191S04154885WA0099701094
B1416381853191S04154886WA0099701094
B1416421853191S04154886WA0099701093
B1416461853191S04154885WA0099701093
B1416501853191S04154885WA0099701092
B1416541853192S04154885WA0099701092
B1416581853192S04154885WA0099701091
B1417021853192S04154885WA0099701091
B1417061853192S04154885WA0099701090
B1417101853192S04154885WA0099701090
B1417141853192S04154885WA0099701089
B1417181853192S04154885WA0099701088
B1417221853192S04154885WA0099701088
B1417261853192S04154885WA0099701088
B1417301853192S04154885WA0099701088
B1417341853193S04154885WA0099701087
B1417381853193S04154885WA0099701086
B1417421853193S04154885WA0099701085
B1417461853193S04154885WA0099701084
B1417501853193S04154885WA0099701084
B1417541853193S04154885WA0099701084
B1417581853193S04154885WA0099701083
B1418021853193S04154885WA0099701083
B1418061853193S04154885WA0099701082
B1418101853193S04154885WA0099701082
B1418141853193S04154885WA0099701081
B1418181853193S04154885WA0099801081
B1418221853193S04154885WA0099701081
B1418261853193S04154885WA0099801081
B1418301853193S04154885WA0099801081
B1418341853193S04154885WA0099801081
B1418381853193S04154885WA0099801080
B1418421853193S04154885WA0099801081
B1418461853193S04154885WA0099801081
B1418501853193S04154885WA0099801081
B1418541853193S04154885WA0099801081
B1418581853193S04154885WA0099801080
B1419021853193S04154885WA0099801081
B1419061853193S04154885WA0099801081
B1419101853193S04154885WA0099801081
B1419141853193S04154885WA0099801081
B1419181853193S04154885WA0099801081
B1419221853193S04154885WA0099801081
B1419261853193S04154885WA0099801081
B1419301853193S04154885WA0099801081
B1419341853193S04154885WA0099801081
B1419381853193S04154885WA0099801081
B1419421853193S04154885WA0099801081
B1419461853193S04154885WA0099801081
B1419501853193S04154885WA0099801081
B1419541853193S04154885WA0099801080
B1419581853193S04154885WA0099801081
B1420021853194S04154885WA0099801080
B1420061853194S04154885WA0099801079
B1420101853194S04154885WA0099801079
B1420141853194S04154885WA0099801079
B1420181853194S04154885WA0099801079
B1420221853193S04154885WA0099801080
B1420261853193S04154885WA0099801080
B1420301853193S04154885WA0099801080
B1420341853193S04154885WA0099801080
B1420381853193S04154885WA0099801081
B1420421853193S04154885WA0099801081
B1420461853193S04154885WA0099801081
B1420501853193S04154885WA0099801082
B1420541853193S04154885WA0099801082
B1420581853193S04154885WA0099801082
B1421021853193S04154885WA0099801083
B1421061853193S04154885WA0099801083
B1421101853193S04154885WA0099801083
B1421141853193S04154885WA0099801084
B1421181853193S04154885WA0099801084
B1421221853193S04154885WA0099801084
B1421261853193S04154885WA0099801084
B1421301853193S04154885WA0099801084
B1421341853193S04154885WA0099801084
B1421381853193S04154885WA0099801085
B1421421853193S04154885WA0099801085
B1421461853193S04154885WA0099801085
B1421501853193S04154885WA0099801085
B1421541853192S04154884WA0099801085
B1421581853192S04154884WA0099801085
B1422021853193S04154884WA0099801085
B1422061853193S04154884WA0099801085
B1422101853193S04154885WA0099801085
B1422141853193S04154885WA0099801085
B1422181853193S04154885WA0099801084
B1422221853193S04154885WA0099801084
B1422261853193S04154885WA0099801084
B1422301853193S04154885WA0099801084
B1422341853193S04154885WA0099801084
B1422381853193S04154885WA0099801084
B1422421853193S04154885WA0099801085
B1422461853193S04154885WA0099801085
B1422501853193S04154885WA0099801085
B1422541853193S04154885WA0099801085
B1422581853193S04154885WA0099801086
B1423021853193S04154885WA0099801087
B1423061853193S04154886WA0099801088
B1423101853193S04154885WA0099801088
B1423141853193S04154885WA0099801088
B1423181853192S04154885WA0099801088
B1423221853192S04154885WA0099801088
B1423261853192S04154885WA0099801088
B1423301853192S04154885WA0099801088
B1423341853192S04154885WA0099801087
B1423381853192S04154885WA0099801088
B1423421853192S04154885WA0099801087
B1423461853192S04154885WA0099801087
B1423501853191S04154885WA0099801087
B1423541853191S04154885WA0099801087
B1423581853191S04154885WA0099801087
B1424021853191S04154885WA0099801088
B1424061853191S04154885WA0099801088
B1424101853191S04154885WA0099801088
B1424141853191S04154885WA0099801087
B1424181853191S04154885WA0099801087
B1424221853191S04154885WA0099801088
B1424261853191S04154885WA0099801088
B1424301853191S04154885WA0099801088
B1424341853191S04154884WA0099801088
B1424381853191S04154885WA0099801088
B1424421853191S04154885WA0099801089
B1424461853191S04154885WA0099901089
B1424501853191S04154885WA0099801089
B1424541853191S04154885WA0099801088
B1424581853191S04154885WA0099801088
B1425021853191S04154885WA0099801088
B1425061853191S04154885WA0099901088
B1425101853191S04154885WA0099901088
B1425141853191S04154885WA0099901088
B1425181853191S04154885WA0099901088
B1425221853191S04154885WA0099801088
B1425261853191S04154885WA0099801088
B1425301853191S04154885WA0099901088
B1425341853191S04154885WA0099801089
B1425381853191S04154885WA0099801089
B1425421853191S04154885WA0099801089
B1425461853191S04154885WA0099801089
B1425501853191S04154885WA0099901089
B1425541853191S04154885WA0099801090
B1425581853191S04154885WA0099801090
B1426021853191S04154885WA0099801090
B1426061853191S04154885WA0099801090
B1426101853191S04154885WA0099801090
B1426141853191S04154885WA0099901090
B1426181853191S04154885WA0099801091
B1426221853191S04154885WA0099901093
B1426261853191S04154885WA0099901092
B1426301853190S04154885WA0099901093
B1426341853190S04154885WA0099901093
B1426381853191S04154885WA0099901093
B1426421853191S04154885WA0099901093
B1426461853191S04154885WA0099901093
B1426501853191S04154886WA0099901093
B1426541853192S04154886WA0099901092
B1426581853192S04154886WA0099901092
B1427021853192S04154886WA0099901092
B1427061853192S04154886WA0099901092
B1427101853192S04154886WA0099901093
B1427141853192S04154886WA0099901093
B1427181853192S04154886WA0100001093
B1427221853192S04154886WA0099901092
B1427261853192S04154886WA0099901092
B1427301853192S04154886WA0099901092
B1427341853192S04154886WA0099901091
B1427381853192S04154886WA0099901091
B1427421853192S04154885WA0099901091
B1427461853192S04154885WA0099901091
B1427501853193S04154885WA0099901091
B1427541853193S04154885WA0099901091
B1427581853193S04154885WA0099901091
B1428021853192S04154885WA0099901091
B1428061853192S04154885WA0099901091
B1428101853192S04154885WA0099901091
B1428141853192S04154885WA0099901091
B1428181853193S04154885WA0099901091
B1428221853193S04154885WA0099901089
B1428261853193S04154885WA0099901086
B1428301853194S04154885WA0099901084
B1428341853194S04154885WA0099901086
B1428381853194S04154885WA0099901086
B1428421853194S04154885WA0099901088
B1428461853194S04154885WA0100001089
B1428501853193S04154884WA0100001091
B1428541853192S04154884WA0099901091
B1428581853192S04154884WA0099901090
B1429021853192S04154884WA0099901091
B1429061853192S04154885WA0099901090
B1429101853192S04154885WA0099901091
B1429141853192S04154885WA0099901091
B1429181853193S04154885WA0099901090
B1429221853193S04154885WA0099901089
B1429261853193S04154885WA0099901089
B1429301853193S04154885WA0100001089
B1429341853193S04154884WA0099901087
B1429381853193S04154884WA0099901089
B1429421853193S04154883WA0099901089
B1429461853193S04154883WA0099901089
B1429501853193S04154884WA0099901087
B1429541853193S04154884WA0099901088
B1429581853193S04154885WA0099901089
B1430021853194S04154886WA0099901088
B1430061853194S04154887WA0099901087
B1430101853194S04154886WA0099901087
B1430141853195S04154887WA0099901088
B1430181853194S04154887WA0099901089
B1430221853193S04154887WA0099901090
B1430261853193S04154887WA0099901089
B1430301853193S04154887WA0099901088
B1430341853193S04154887WA0099901088
B1430381853193S04154887WA0099901090
B1430421853192S04154887WA0099901092
B1430461853192S04154887WA0099901093
B1430501853191S04154887WA0099901093
B1430541853191S04154887WA0099901093
B1430581853191S04154886WA0099901092
B1431021853189S04154887WA0100001089
B1431061853190S04154887WA0099901087
B1431101853191S04154886WA0099901085
B1431141853192S04154886WA0099901087
B1431181853194S04154887WA0099901087
B1431221853195S04154887WA0099901086
B1431261853195S04154886WA0099901087
B1431301853195S04154886WA0099901087
B1431341853195S04154886WA0099901084
B1431381853195S04154887WA0099901083
B1431421853195S04154887WA0099901082
B1431461853194S04154887WA0099901079
B1431501853194S04154888WA0100001079
B1431541853195S04154887WA0099901079
B1431581853195S04154887WA0099901077
B1432021853196S04154887WA0099901076
B1432061853196S04154887WA0100001076
B1432101853196S04154887WA0099901075
B1432141853195S04154887WA0099901077
B1432181853195S04154887WA0100001077
B1432221853194S04154887WA0100001076
B1432261853193S04154886WA0100001077
B1432301853193S04154885WA0099901076
B1432341853193S04154883WA0099901074
B1432381853193S04154883WA0100001075
B1432421853194S04154883WA0099901077
B1432461853194S04154883WA0099901077
B1432501853194S04154883WA0099901078
B1432541853194S04154883WA0099901079
B1432581853194S04154883WA0100001079
B1433021853195S04154883WA0099901081
B1433061853194S04154883WA0099901082
B1433101853193S04154884WA0100001083
B1433141853194S04154885WA0100001085
B1433181853194S04154885WA0100001086
B1433221853195S04154884WA0099901086
B1433261853195S04154885WA0100001087
B1433301853195S04154884WA0100001087
B1433341853195S04154885WA0100001088
B1433381853196S04154885WA0100001089
B1433421853195S04154887WA0099901089
B1433461853194S04154887WA0099901090
B1433501853193S04154887WA0099901091
B1433541853193S04154888WA0099901091
B1433581853192S04154888WA0100001092
B1434021853192S04154887WA0100001093
B1434061853192S04154887WA0099901094
B1434101853193S04154886WA0099901093
B1434141853193S04154887WA0099901093
B1434181853193S04154886WA0099901093
B1434221853193S04154887WA0099901093
B1434261853193S04154887WA0099901092
B1434301853192S04154889WA0099901090
B1434341853192S04154888WA0100001088
B1434381853190S04154887WA0100001084
B1434421853189S04154887WA0099901083
B1434461853189S04154887WA0099901083
B1434501853189S04154887WA0099901082
B1434541853189S04154887WA0099901083
B1434581853189S04154887WA0099801084
B1435021853189S04154888WA0099801085
B1435061853189S04154888WA0099801085
B1435101853189S04154888WA0099801086
B1435141853189S04154888WA0099801086
B1435181853188S04154888WA0099901086
B1435221853187S04154888WA0099701085
B1435261853182S04154884WA0099401085
B1435301853166S04154875WA0099001086
B1435341853152S04154883WA0099401088
B1435381853144S04154896WA0100501099
B1435421853139S04154916WA0100301094
B1435461853128S04154924WA0100501096
B1435501853112S04154930WA0100401095
B1435541853099S04154932WA0100101091
B1435581853083S04154928WA0099701088
B1436021853070S04154935WA0100001094
B1436061853068S04154955WA0100501096
B1436101853084S04154979WA0100601098
B1436141853111S04154978WA0101301103
B1436181853114S04154960WA0101601107
B1436221853101S04154961WA0102001109
B1436261853100S04154979WA0103101120
B1436301853114S04154999WA0103301124
B1436341853139S04154994WA0103801129
B1436381853138S04154981WA0104601139
B1436421853131S04154984WA0105501148
B1436461853131S04155002WA0105801151
B1436501853138S04155023WA0106301156
B1436541853128S04155035WA0107101163
B1436581853119S04155042WA0107801172
B1437021853106S04155041WA0108501180
B1437061853096S04155040WA0108801183
B1437101853086S04155036WA0109101187
B1437141853069S04155028WA0108501184
B1437181853056S04155029WA0109501196
B1437221853040S04155027WA0109701201
B1437261853030S04155019WA0110101204
B1437301853016S04155006WA0110201206
B1437341853010S04154988WA0110901212
B1437381853004S04154969WA0112201223
B1437421852988S04154962WA0113001232
B1437461852977S04154966WA0113301233
B1437501852974S04154989WA0112701227
B1437541852991S04155006WA0113201232
B1437581853014S04155006WA0114101239
B1438021853032S04154988WA0114801245
B1438061853043S04154971WA0115901258
B1438101853050S04154953WA0116601266
B1438141853045S04154938WA0116601266
B1438181853037S04154927WA0116301262
B1438221853030S04154909WA0115201253
B1438261853026S04154892WA0115501257
B1438301853021S04154872WA0115601257
B1438341853016S04154854WA0115401254
B1438381853013S04154833WA0114801248
B1438421853015S04154810WA0114401243
B1438461853018S04154789WA0114201239
B1438501853018S04154766WA0113501232
B1438541853017S04154746WA0113801234
B1438581853015S04154725WA0114101237
B1439021853012S04154707WA0114101237
B1439061853002S04154690WA0114201238
B1439101852989S04154689WA0114301239
B1439141852979S04154699WA0114301239
B1439181852977S04154721WA0113701234
B1439221852979S04154744WA0113401231
B1439261852983S04154770WA0112901226
B1439301852986S04154793WA0112801224
B1439341852990S04154820WA0112301219
B1439381852996S04154844WA0112101217
B1439421852998S04154869WA0111801214
B1439461852998S04154895WA0111401211
B1439501852999S04154918WA0111501212
B1439541853000S04154943WA0111101209
B1439581853003S04154967WA0110901206
B1440021853006S04154992WA0110301201
B1440061853006S04155017WA0110001197
B1440101853009S04155042WA0109701195
B1440141853012S04155069WA0109101190
B1440181853016S04155096WA0108901188
B1440221853022S04155122WA0108801187
B1440261853027S04155149WA0109301190
B1440301853033S04155178WA0109501192
B1440341853042S04155204WA0109201189
B1440381853051S04155234WA0108601183
B1440421853060S04155264WA0108201179
B1440461853069S04155295WA0107901175
B1440501853080S04155327WA0107501170
B1440541853090S04155357WA0107301170
B1440581853103S04155386WA0107201166
B1441021853112S04155415WA0107101166
B1441061853120S04155439WA0107701172
B1441101853131S04155470WA0107401169
B1441141853148S04155494WA0107801173
B1441181853173S04155511WA0107301168
B1441221853198S04155508WA0106501160
B1441261853205S04155495WA0105601150
B1441301853201S04155485WA0105501148
B1441341853195S04155480WA0105301146
B1441381853187S04155475WA0105501148
B1441421853183S04155472WA0105201147
B1441461853171S04155464WA0104201139
B1441501853162S04155454WA0103801136
B1441541853152S04155443WA0103101128
B1441581853142S04155434WA0102101117
B1442021853128S04155425WA0101201108
B1442061853116S04155415WA0100501100
B1442101853106S04155403WA0099401087
B1442141853098S04155391WA0098301077
B1442181853087S04155381WA0097401067
B1442221853079S04155374WA0097501067
B1442261853068S04155366WA0096001054
B1442301853059S04155356WA0096101053
B1442341853048S04155345WA0095501046
B1442381853039S04155333WA0095401045
B1442421853029S04155324WA0094201032
B1442461853018S04155314WA0093701026
B1442501853006S04155311WA0093401022
B1442541852994S04155299WA0092501012
B1442581852985S04155286WA0091000997
B1443021852974S04155271WA0089900986
B1443061852967S04155260WA0089800984
B1443101852958S04155246WA0089000976
B1443141852951S04155238WA0088600971
B1443181852944S04155226WA0088200967
B1443221852935S04155217WA0088100966
B1443261852925S04155207WA0087700962
B1443301852916S04155199WA0087000955
B1443341852907S04155187WA0086700951
B1443381852901S04155175WA0086100946
B1443421852890S04155162WA0085100935
B1443461852879S04155153WA0084500929
B1443501852866S04155141WA0083600920
B1443541852852S04155130WA0083000914
B1443581852838S04155119WA0082600911
B1444021852824S04155107WA0082600910
B1444061852809S04155103WA0082800913
B1444101852793S04155103WA0082900914
B1444141852780S04155107WA0084400927
B1444181852766S04155119WA0085400938
B1444221852752S04155138WA0086300948
B1444261852735S04155160WA0085600943
B1444301852723S04155177WA0085400943
B1444341852707S04155173WA0084900938
B1444381852698S04155162WA0084600933
B1444421852697S04155142WA0084900937
B1444461852705S04155129WA0085800946
B1444501852710S04155109WA0086400951
B1444541852713S04155096WA0087200959
B1444581852704S04155099WA0087400959
B1445021852706S04155121WA0087800964
B1445061852707S04155142WA0088200968
B1445101852713S04155165WA0088400969
B1445141852719S04155188WA0087600962
B1445181852707S04155199WA0087300958
B1445221852696S04155190WA0086800956
B1445261852689S04155176WA0086600954
B1445301852686S04155156WA0086400954
B1445341852683S04155142WA0086900959
B1445381852675S04155129WA0087100961
B1445421852669S04155124WA0087400964
B1445461852661S04155107WA0086800958
B1445501852658S04155091WA0088000970
B1445541852654S04155079WA0088400974
B1445581852644S04155066WA0088500976
B1446021852636S04155066WA0090400993
B1446061852632S04155061WA0090800997
B1446101852634S04155048WA0090900998
B1446141852630S04155042WA0090600994
B1446181852622S04155053WA0090000987
B1446221852630S04155076WA0089400981
B1446261852653S04155094WA0089200979
B1446301852684S04155091WA0088800973
B1446341852701S04155078WA0089200975
B1446381852707S04155063WA0089100973
B1446421852706S04155049WA0089500978
B1446461852702S04155037WA0089400976
B1446501852699S04155026WA0089100975
B1446541852698S04155011WA0088600970
B1446581852696S04154994WA0088100966
B1447021852697S04154977WA0087900962
B1447061852698S04154956WA0087100955
B1447101852697S04154934WA0086500949
B1447141852695S04154913WA0086300947
B1447181852694S04154894WA0086700950
B1447221852693S04154869WA0086300947
B1447261852693S04154849WA0087000953
B1447301852694S04154825WA0086700950
B1447341852696S04154804WA0086800950
B1447381852693S04154780WA0086400944
B1447421852690S04154759WA0086400944
B1447461852689S04154736WA0086400944
B1447501852686S04154712WA0085300935
B1447541852679S04154687WA0084900931
B1447581852671S04154662WA0084400926
B1448021852664S04154637WA0084200925
B1448061852657S04154608WA0084100923
B1448101852650S04154580WA0084600928
B1448141852644S04154556WA0085000932
B1448181852632S04154533WA0085400938
B1448221852616S04154519WA0086500949
B1448261852601S04154508WA0087500960
B1448301852588S04154517WA0088100966
B1448341852590S04154534WA0089400980
B1448381852612S04154541WA0090500991
B1448421852631S04154531WA0091401000
B1448461852640S04154510WA0091801003
B1448501852633S04154491WA0092901013
B1448541852620S04154486WA0093201017
B1448581852609S04154500WA0093101016
B1449021852618S04154518WA0093401020
B1449061852640S04154523WA0094001026
B1449101852664S04154515WA0094901038
B1449141852684S04154503WA0095901050
B1449181852698S04154482WA0096601059
B1449221852691S04154463WA0097601068
B1449261852678S04154458WA0097701070
B1449301852669S04154472WA0097401066
B1449341852678S04154492WA0097501069
B1449381852698S04154497WA0098901084
B1449421852722S04154487WA0099701094
B1449461852734S04154465WA0101001106
B1449501852731S04154443WA0101601112
B1449541852718S04154436WA0101901116
B1449581852711S04154447WA0101401110
B1450021852720S04154467WA0101201108
B1450061852742S04154474WA0102401121
B1450101852765S04154477WA0103401131
B1450141852788S04154469WA0104201142
B1450181852801S04154454WA0105301153
B1450221852804S04154432WA0105701157
B1450261852793S04154421WA0106301162
B1450301852778S04154420WA0106701164
B1450341852766S04154422WA0106701166
B1450381852751S04154424WA0106201164
B1450421852736S04154426WA0106201164
B1450461852718S04154427WA0105801160
B1450501852703S04154428WA0106101163
B1450541852688S04154429WA0106901171
B1450581852679S04154423WA0108101182
B1451021852674S04154417WA0109301194
B1451061852665S04154415WA0109901199
B1451101852654S04154411WA0110501205
B1451141852638S04154417WA0111501216
B1451181852627S04154431WA0112701229
B1451221852630S04154457WA0114001242
B1451261852649S04154475WA0114601248
B1451301852676S04154483WA0114801252
B1451341852700S04154476WA0114801251
B1451381852711S04154455WA0115001250
B1451421852712S04154443WA0115701254
B1451461852706S04154433WA0116601259
B1451501852693S04154428WA0117301267
B1451541852679S04154426WA0118701282
B1451581852664S04154434WA0119501291
B1452021852656S04154451WA0120901304
B1452061852662S04154476WA0121401311
B1452101852686S04154484WA0122001318
B1452141852710S04154475WA0122401323
B1452181852718S04154452WA0123101330
B1452221852710S04154441WA0124101338
B1452261852695S04154437WA0124901347
B1452301852680S04154442WA0125501354
B1452341852671S04154460WA0126201361
B1452381852680S04154484WA0126901369
B1452421852700S04154503WA0127201374
B1452461852726S04154503WA0127801381
B1452501852745S04154489WA0128701389
B1452541852749S04154467WA0129301394
B1452581852739S04154454WA0129701399
B1453021852723S04154439WA0130001405
B1453061852711S04154428WA0130601409
B1453101852697S04154412WA0130601410
B1453141852683S04154399WA0130401409
B1453181852667S04154386WA0130601412
B1453221852651S04154375WA0130401410
B1453261852636S04154360WA0130901416
B1453301852626S04154348WA0131701422
B1453341852609S04154338WA0131401420
B1453381852594S04154330WA0132201428
B1453421852580S04154322WA0132101427
B1453461852566S04154321WA0132201429
B1453501852551S04154323WA0132201429
B1453541852537S04154322WA0132501432
B1453581852521S04154318WA0132301429
B1454021852509S04154308WA0132301430
B1454061852497S04154296WA0132101428
B1454101852487S04154281WA0131701424
B1454141852477S04154266WA0131301420
B1454181852469S04154249WA0130801414
B1454221852466S04154229WA0130601411
B1454261852468S04154209WA0130101405
B1454301852473S04154187WA0129901401
B1454341852481S04154164WA0129601398
B1454381852485S04154143WA0129501397
B1454421852489S04154120WA0129101393
B1454461852490S04154097WA0128901389
B1454501852490S04154072WA0128201383
B1454541852491S04154050WA0127801378
B1454581852491S04154026WA0127101370
B1455021852504S04154004WA0126401363
B1455061852530S04153993WA0125801358
B1455101852555S04154002WA0125401354
B1455141852578S04154019WA0124901349
B1455181852596S04154039WA0124201342
B1455221852611S04154061WA0123501336
B1455261852624S04154083WA0123001330
B1455301852638S04154107WA0122101321
B1455341852651S04154130WA0121501315
B1455381852665S04154152WA0120801308
B1455421852683S04154172WA0120101302
B1455461852701S04154195WA0119301294
B1455501852719S04154217WA0118701288
B1455541852740S04154240WA0118301284
B1455581852760S04154263WA0117901281
B1456021852781S04154284WA0117701279
B1456061852801S04154306WA0117401276
B1456101852822S04154327WA0117401276
B1456141852843S04154348WA0117001272
B1456181852865S04154368WA0116801270
B1456221852886S04154389WA0116901271
B1456261852906S04154410WA0116901270
B1456301852931S04154431WA0116801270
B1456341852950S04154456WA0116801270
B1456381852964S04154485WA0116501267
B1456421852972S04154513WA0116601266
B1456461852971S04154539WA0115901260
B1456501852960S04154557WA0115801258
B1456541852946S04154574WA0115501254
B1456581852930S04154590WA0115401253
B1457021852913S04154601WA0115901259
B1457061852898S04154611WA0116601266
B1457101852883S04154620WA0117401273
B1457141852871S04154630WA0118701286
B1457181852865S04154648WA0120101300
B1457221852860S04154672WA0120901307
B1457261852868S04154695WA0121801317
B1457301852888S04154713WA0122801329
B1457341852912S04154717WA0123701340
B1457381852931S04154707WA0124501347
B1457421852942S04154689WA0125201355
B1457461852944S04154669WA0126701370
B1457501852933S04154657WA0127501378
B1457541852916S04154659WA0128301387
B1457581852909S04154672WA0129501399
B1458021852908S04154695WA0130001405
B1458061852921S04154713WA0130901415
B1458101852944S04154722WA0132001426
B1458141852972S04154725WA0132401432
B1458181852998S04154727WA0133301441
B1458221853024S04154734WA0134201449
B1458261853045S04154747WA0135101457
B1458301853066S04154766WA0136101466
B1458341853086S04154788WA0136601471
B1458381853106S04154813WA0137501480
B1458421853122S04154839WA0138101488
B1458461853139S04154863WA0138801494
B1458501853156S04154885WA0139701503
B1458541853171S04154904WA0139801503
B1458581853185S04154928WA0139901505
B1459021853201S04154947WA0140001506
B1459061853222S04154962WA0139801505
B1459101853244S04154970WA0139101499
B1459141853270S04154971WA0139001500
B1459181853296S04154968WA0139401505
B1459221853321S04154961WA0139901511
B1459261853345S04154954WA0140201513
B1459301853367S04154947WA0139901509
B1459341853392S04154935WA0138801497
B1459381853413S04154924WA0138101488
B1459421853436S04154913WA0137401480
B1459461853459S04154903WA0136501471
B1459501853482S04154895WA0135801464
B1459541853505S04154888WA0134601450
B1459581853527S04154881WA0133701440
B1500021853553S04154878WA0132801432
B1500061853578S04154881WA0132301427
B1500101853604S04154883WA0131901423
B1500141853629S04154876WA0131101415
B1500181853651S04154867WA0130901413
B1500221853673S04154852WA0130201404
B1500261853688S04154839WA0130101401
B1500301853698S04154819WA0129901397
B1500341853692S04154804WA0130001396
B1500381853677S04154795WA0129801395
B1500421853660S04154792WA0129801394
B1500461853644S04154791WA0129701394
B1500501853633S04154782WA0129801395
B1500541853621S04154776WA0129301391
B1500581853604S04154774WA0127901376
B1501021853589S04154790WA0127001366
B1501061853575S04154806WA0126101357
B1501101853556S04154812WA0125301349
B1501141853534S04154813WA0124401340
B1501181853512S04154814WA0123901335
B1501221853492S04154812WA0123101328
B1501261853471S04154812WA0122201318
B1501301853453S04154808WA0121301310
B1501341853430S04154802WA0120201300
B1501381853411S04154800WA0120801308
B1501421853390S04154801WA0119901298
B1501461853372S04154806WA0119601295
B1501501853354S04154808WA0119001289
B1501541853338S04154809WA0119701295
B1501581853326S04154815WA0119601294
B1502021853309S04154818WA0120001298
B1502061853290S04154820WA0120601303
B1502101853271S04154822WA0120701306
B1502141853250S04154821WA0121601316
B1502181853229S04154819WA0122001321
B1502221853209S04154816WA0122901330
B1502261853189S04154820WA0123401335
B1502301853174S04154819WA0123901338
B1502341853164S04154804WA0123801338
B1502381853155S04154791WA0123701336
B1502421853142S04154789WA0124401342
B1502461853130S04154800WA0124401342
B1502501853124S04154817WA0124701345
B1502541853117S04154838WA0124801346
B1502581853111S04154860WA0125101350
B1503021853105S04154879WA0125701355
B1503061853102S04154900WA0125301352
B1503101853097S04154921WA0125301352
B1503141853096S04154943WA0125101350
B1503181853105S04154968WA0124501345
B1503221853123S04154989WA0124201343
B1503261853148S04155002WA0124101344
B1503301853175S04154997WA0124401347
B1503341853196S04154980WA0125301356
B1503381853206S04154959WA0126501366
B1503421853210S04154936WA0127201372
B1503461853204S04154923WA0127701376
B1503501853187S04154917WA0127701379
B1503541853174S04154926WA0127901382
B1503581853169S04154947WA0128101382
B1504021853177S04154970WA0128101382
B1504061853198S04154986WA0128201383
B1504101853226S04154991WA0128601388
B1504141853253S04154983WA0129401397
B1504181853268S04154966WA0130101403
B1504221853271S04154945WA0130501406
B1504261853264S04154930WA0130701409
B1504301853248S04154924WA0130901410
B1504341853236S04154926WA0131301413
B1504381853225S04154940WA0131301413
B1504421853221S04154961WA0131201412
B1504461853224S04154985WA0131201411
B1504501853231S04155009WA0131101410
B1504541853241S04155031WA0131201411
B1504581853253S04155049WA0132201421
B1505021853270S04155065WA0132801428
B1505061853288S04155077WA0133601435
B1505101853311S04155087WA0134401444
B1505141853336S04155089WA0134901450
B1505181853358S04155088WA0135601458
B1505221853380S04155082WA0135501458
B1505261853401S04155074WA0135601460
B1505301853426S04155066WA0135901463
B1505341853445S04155054WA0136301467
B1505381853463S04155043WA0136301466
B1505421853480S04155032WA0136301466
B1505461853497S04155019WA0136501467
B1505501853514S04155007WA0136301466
B1505541853531S04154992WA0136001463
B1505581853551S04154976WA0135701458
B1506021853570S04154965WA0135301456
B1506061853588S04154956WA0135101453
B1506101853606S04154947WA0133901440
B1506141853624S04154936WA0133101431
B1506181853643S04154925WA0131701417
B1506221853660S04154913WA0130801407
B1506261853672S04154897WA0129901399
B1506301853688S04154878WA0128401384
B1506341853708S04154861WA0127501375
B1506381853730S04154847WA0126601365
B1506421853752S04154830WA0125601355
B1506461853772S04154813WA0125001348
B1506501853793S04154796WA0124301342
B1506541853814S04154780WA0123301332
B1506581853840S04154767WA0122101320
B1507021853865S04154761WA0122001319
B1507061853887S04154756WA0121901319
B1507101853910S04154750WA0121601316
B1507141853930S04154740WA0120901309
B1507181853950S04154729WA0120601305
B1507221853970S04154716WA0120201301
B1507261853988S04154701WA0120101300
B1507301854006S04154688WA0119901298
B1507341854022S04154676WA0120101300
B1507381854035S04154660WA0120101300
B1507421854048S04154641WA0120101300
B1507461854059S04154620WA0120101299
B1507501854078S04154606WA0119901298
B1507541854100S04154609WA0120701304
B1507581854120S04154624WA0120901307
B1508021854139S04154642WA0122201320
B1508061854154S04154662WA0123501332
B1508101854173S04154666WA0125001348
B1508141854191S04154653WA0126501364
B1508181854191S04154640WA0128201381
B1508221854178S04154633WA0129801397
B1508261854161S04154642WA0131301413
B1508301854151S04154656WA0132801429
B1508341854145S04154681WA0133201434
B1508381854152S04154700WA0134801451
B1508421854165S04154723WA0135701461
B1508461854176S04154745WA0136601471
B1508501854185S04154772WA0137101478
B1508541854189S04154798WA0138501491
B1508581854195S04154829WA0138601492
B1509021854200S04154860WA0138601492
B1509061854205S04154889WA0138801494
B1509101854205S04154917WA0139001496
B1509141854203S04154940WA0138601491
B1509181854203S04154965WA0137701481
B1509221854208S04154989WA0136701471
B1509261854224S04155009WA0136001465
B1509301854242S04155028WA0135501460
B1509341854256S04155051WA0135001455
B1509381854272S04155071WA0134501449
B1509421854295S04155078WA0133901444
B1509461854316S04155069WA0133001434
B1509501854328S04155050WA0132501428
B1509541854336S04155026WA0132101423
B1509581854336S04155003WA0131901422
B1510021854334S04154978WA0132001421
B1510061854327S04154955WA0131701418
B1510101854320S04154934WA0132001420
B1510141854314S04154911WA0131801419
B1510181854313S04154893WA0133101430
B1510221854309S04154871WA0133201431
B1510261854302S04154860WA0134801446
B1510301854284S04154851WA0135001451
B1510341854273S04154856WA0137001471
B1510381854253S04154872WA0137401473
B1510421854245S04154891WA0138401482
B1510461854241S04154920WA0138501485
B1510501854246S04154944WA0138801489
B1510541854261S04154966WA0138801490
B1510581854280S04154981WA0138101484
B1511021854302S04154996WA0137901482
B1511061854326S04155007WA0137301476
B1511101854351S04155016WA0137101473
B1511141854377S04155022WA0136901471
B1511181854402S04155026WA0137001472
B1511221854427S04155033WA0137101473
B1511261854453S04155044WA0137101473
B1511301854478S04155049WA0137401476
B1511341854503S04155053WA0137101473
B1511381854531S04155059WA0136701469
B1511421854558S04155064WA0136601469
B1511461854583S04155070WA0136701468
B1511501854608S04155069WA0136301465
B1511541854632S04155066WA0136601468
B1511581854655S04155062WA0136601468
B1512021854674S04155057WA0136501466
B1512061854693S04155049WA0136301464
B1512101854711S04155040WA0136001461
B1512141854728S04155025WA0135901461
B1512181854745S04155012WA0135801461
B1512221854766S04155000WA0135601460
B1512261854789S04154989WA0135501460
B1512301854812S04154984WA0135501462
B1512341854837S04154981WA0135201458
B1512381854860S04154979WA0135101458
B1512421854884S04154976WA0135301459
B1512461854907S04154972WA0135201459
B1512501854931S04154968WA0135301460
B1512541854955S04154966WA0135201460
B1512581854979S04154967WA0135101458
B1513021855002S04154970WA0134901457
B1513061855026S04154973WA0134601454
B1513101855047S04154972WA0134601453
B1513141855065S04154957WA0134401451
B1513181855071S04154936WA0134201449
B1513221855069S04154916WA0134201447
B1513261855061S04154898WA0134001444
B1513301855048S04154882WA0133801442
B1513341855034S04154867WA0133801442
B1513381855019S04154855WA0133901443
B1513421855002S04154847WA0133801441
B1513461854984S04154839WA0133601439
B1513501854966S04154832WA0133601439
B1513541854948S04154822WA0133401436
B1513581854931S04154817WA0133101434
B1514021854910S04154817WA0132801431
B1514061854891S04154821WA0132801432
B1514101854873S04154827WA0132701430
B1514141854853S04154833WA0132301427
B1514181854832S04154839WA0132201425
B1514221854814S04154843WA0132401428
B1514261854795S04154846WA0132301427
B1514301854778S04154846WA0132501428
B1514341854759S04154851WA0132301427
B1514381854743S04154859WA0132301428
B1514421854727S04154873WA0132101427
B1514461854716S04154889WA0132401428
B1514501854708S04154910WA0132201426
B1514541854695S04154925WA0132301426
B1514581854680S04154933WA0133001433
B1515021854662S04154937WA0133301437
B1515061854644S04154938WA0133901443
B1515101854627S04154942WA0134201446
B1515141854613S04154951WA0134301446
B1515181854603S04154967WA0134701450
B1515221854609S04154987WA0134801452
B1515261854627S04155002WA0134901454
B1515301854655S04155006WA0134701453
B1515341854678S04154997WA0135101458
B1515381854694S04154980WA0135701463
B1515421854705S04154960WA0135701460
B1515461854704S04154938WA0136101464
B1515501854697S04154915WA0136301464
B1515541854688S04154895WA0136801469
B1515581854677S04154877WA0137201472
B1516021854666S04154856WA0137401475
B1516061854659S04154833WA0137601477
B1516101854649S04154813WA0137501476
B1516141854632S04154800WA0137401475
B1516181854610S04154797WA0137201471
B1516221854590S04154802WA0136901469
B1516261854570S04154816WA0136301464
B1516301854554S04154832WA0135601458
B1516341854542S04154853WA0135101453
B1516381854536S04154877WA0134601449
B1516421854532S04154902WA0134201445
B1516461854532S04154929WA0133201437
B1516501854531S04154958WA0132501430
B1516541854531S04154986WA0132001425
B1516581854528S04155011WA0132001425
B1517021854522S04155034WA0131601420
B1517061854516S04155057WA0131801422
B1517101854518S04155081WA0131901423
B1517141854533S04155102WA0132301426
B1517181854546S04155125WA0132501430
B1517221854561S04155148WA0133101436
B1517261854581S04155166WA0133601441
B1517301854605S04155181WA0133201436
B1517341854634S04155190WA0133101432
B1517381854662S04155194WA0132501424
B1517421854689S04155188WA0131801418
B1517461854713S04155173WA0131101410
B1517501854735S04155157WA0130601404
B1517541854756S04155144WA0130401402
B1517581854776S04155128WA0130401402
B1518021854797S04155113WA0130601404
B1518061854819S04155105WA0130901406
B1518101854846S04155099WA0131101408
B1518141854873S04155096WA0130901407
B1518181854896S04155097WA0131601413
B1518221854922S04155102WA0131101408
B1518261854945S04155110WA0130701404
B1518301854971S04155116WA0130101398
B1518341854993S04155124WA0129401391
B1518381855018S04155131WA0128801385
B1518421855042S04155139WA0128301380
B1518461855067S04155146WA0127701373
B1518501855092S04155151WA0127101367
B1518541855117S04155156WA0126501361
B1518581855142S04155162WA0125801353
B1519021855166S04155168WA0125101346
B1519061855194S04155175WA0124101335
B1519101855223S04155176WA0123701331
B1519141855248S04155182WA0123601330
B1519181855273S04155182WA0123501328
B1519221855298S04155176WA0123201326
B1519261855318S04155167WA0124301337
B1519301855335S04155153WA0124701342
B1519341855338S04155133WA0125501349
B1519381855329S04155118WA0125701351
B1519421855309S04155114WA0126101355
B1519461855291S04155125WA0126401359
B1519501855286S04155149WA0126701362
B1519541855299S04155165WA0127401370
B1519581855322S04155171WA0127501370
B1520021855342S04155165WA0127901376
B1520061855357S04155151WA0128401381
B1520101855356S04155134WA0129101386
B1520141855342S04155119WA0129601391
B1520181855322S04155116WA0130001397
B1520221855303S04155127WA0130301401
B1520261855291S04155148WA0130401401
B1520301855290S04155170WA0130701404
B1520341855304S04155186WA0130301401
B1520381855325S04155196WA0130301400
B1520421855349S04155199WA0130001397
B1520461855373S04155202WA0130301400
B1520501855395S04155198WA0130601403
B1520541855414S04155188WA0131201412
B1520581855430S04155172WA0131901419
B1521021855434S04155151WA0132301423
B1521061855429S04155131WA0132801427
B1521101855413S04155114WA0132501425
B1521141855394S04155108WA0132601425
B1521181855370S04155113WA0132401424
B1521221855351S04155125WA0132701429
B1521261855340S04155143WA0133301434
B1521301855338S04155165WA0133101432
B1521341855341S04155186WA0133201434
B1521381855351S04155208WA0132801432
B1521421855363S04155226WA0133001435
B1521461855382S04155240WA0132901435
B1521501855402S04155249WA0132901435
B1521541855425S04155254WA0132601431
B1521581855447S04155256WA0132701432
B1522021855472S04155259WA0132701431
B1522061855497S04155264WA0133101434
B1522101855523S04155264WA0133301437
B1522141855546S04155255WA0133601440
B1522181855558S04155238WA0134301445
B1522221855561S04155220WA0134801450
B1522261855554S04155202WA0135101452
B1522301855535S04155192WA0135101453
B1522341855516S04155186WA0135501456
B1522381855495S04155184WA0135901459
B1522421855476S04155186WA0135901459
B1522461855459S04155193WA0136301464
B1522501855441S04155206WA0136101463
B1522541855429S04155222WA0136301465
B1522581855423S04155243WA0136301465
B1523021855428S04155264WA0136201465
B1523061855441S04155280WA0135801462
B1523101855461S04155287WA0135401458
B1523141855484S04155284WA0134901453
B1523181855509S04155278WA0134801451
B1523221855530S04155269WA0134901453
B1523261855544S04155257WA0135601458
B1523301855554S04155238WA0135301456
B1523341855554S04155219WA0135601458
B1523381855550S04155196WA0135501457
B1523421855541S04155180WA0135601458
B1523461855529S04155164WA0135901459
B1523501855515S04155147WA0135601457
B1523541855500S04155131WA0135601457
B1523581855483S04155114WA0135501456
B1524021855471S04155096WA0135801459
B1524061855458S04155076WA0135301454
B1524101855437S04155063WA0135201452
B1524141855412S04155055WA0135001451
B1524181855388S04155051WA0135001451
B1524221855363S04155046WA0134701447
B1524261855341S04155043WA0134001439
B1524301855317S04155034WA0133301431
B1524341855297S04155024WA0132701425
B1524381855279S04155009WA0132301421
B1524421855265S04154993WA0131801417
B1524461855251S04154975WA0131701415
B1524501855235S04154959WA0131501412
B1524541855221S04154946WA0131501411
B1524581855202S04154931WA0131701412
B1525021855185S04154918WA0131701413
B1525061855168S04154906WA0131501412
B1525101855151S04154895WA0131501410
B1525141855133S04154883WA0130801404
B1525181855116S04154869WA0130201398
B1525221855099S04154853WA0129801392
B1525261855084S04154840WA0129301387
B1525301855069S04154825WA0129201385
B1525341855055S04154809WA0128701381
B1525381855044S04154789WA0128801383
B1525421855033S04154768WA0129201387
B1525461855020S04154749WA0129701391
B1525501855004S04154735WA0129601391
B1525541854987S04154721WA0130101395
B1525581854966S04154712WA0130601400
B1526021854948S04154713WA0130901403
B1526061854938S04154732WA0130901404
B1526101854940S04154753WA0131201409
B1526141854947S04154773WA0131501413
B1526181854962S04154788WA0131601415
B1526221854985S04154794WA0131501414
B1526261855004S04154787WA0131501413
B1526301855024S04154776WA0131701416
B1526341855036S04154758WA0131901419
B1526381855041S04154736WA0132001420
B1526421855038S04154712WA0131801417
B1526461855022S04154699WA0132001418
B1526501855002S04154692WA0132001419
B1526541854983S04154689WA0132201420
B1526581854968S04154703WA0132201421
B1527021854963S04154724WA0132301423
B1527061854974S04154742WA0132201422
B1527101854990S04154757WA0132201420
B1527141855012S04154763WA0132001418
B1527181855032S04154754WA0132301422
B1527221855045S04154736WA0132701425
B1527261855051S04154713WA0132901428
B1527301855051S04154690WA0132701425
B1527341855042S04154669WA0132701424
B1527381855025S04154655WA0132901426
B1527421855004S04154652WA0133301431
B1527461854985S04154660WA0133501434
B1527501854977S04154677WA0133801437
B1527541854979S04154698WA0133701436
B1527581854995S04154712WA0133701436
B1528021855015S04154714WA0133501434
B1528061855036S04154706WA0133601435
B1528101855055S04154699WA0133601435
B1528141855074S04154691WA0133601435
B1528181855094S04154690WA0133801437
B1528221855115S04154688WA0133801438
B1528261855133S04154679WA0133801438
B1528301855146S04154660WA0133801437
B1528341855141S04154636WA0133901439
B1528381855126S04154625WA0134001439
B1528421855106S04154626WA0133201433
B1528461855093S04154641WA0133401436
B1528501855078S04154657WA0133301436
B1528541855065S04154672WA0133901442
B1528581855054S04154691WA0133601439
B1529021855054S04154711WA0133501438
B1529061855070S04154726WA0133201435
B1529101855089S04154718WA0133601440
B1529141855098S04154700WA0133901442
B1529181855100S04154679WA0133901442
B1529221855097S04154656WA0134101444
B1529261855086S04154636WA0134401446
B1529301855067S04154625WA0134901450
B1529341855045S04154627WA0134701448
B1529381855034S04154644WA0134801448
B1529421855035S04154664WA0134501445
B1529461855042S04154684WA0134301444
B1529501855059S04154696WA0133701437
B1529541855081S04154704WA0133401434
B1529581855103S04154698WA0133501435
B1530021855123S04154687WA0133601436
B1530061855138S04154666WA0133701437
B1530101855141S04154641WA0134201442
B1530141855132S04154619WA0134401445
B1530181855117S04154608WA0134601447
B1530221855094S04154614WA0133801441
B1530261855082S04154629WA0133901443
B1530301855079S04154651WA0133701441
B1530341855087S04154671WA0133601440
B1530381855100S04154688WA0133701441
B1530421855118S04154700WA0133501437
B1530461855129S04154717WA0133701440
B1530501855140S04154735WA0133601441
B1530541855151S04154753WA0133701441
B1530581855164S04154773WA0133701442
B1531021855175S04154792WA0134001447
B1531061855192S04154808WA0134301449
B1531101855215S04154815WA0134401449
B1531141855234S04154810WA0134601451
B1531181855249S04154793WA0134701451
B1531221855258S04154776WA0134501448
B1531261855260S04154754WA0134801451
B1531301855266S04154732WA0134801450
B1531341855271S04154710WA0135201454
B1531381855273S04154689WA0135401455
B1531421855279S04154667WA0135601457
B1531461855268S04154649WA0136101461
B1531501855252S04154641WA0135901462
B1531541855234S04154640WA0135901461
B1531581855215S04154638WA0136001463
B1532021855197S04154639WA0136201465
B1532061855182S04154643WA0136701469
B1532101855164S04154650WA0136701469
B1532141855153S04154666WA0136601468
B1532181855146S04154688WA0136701469
B1532221855144S04154711WA0136901473
B1532261855147S04154733WA0137301477
B1532301855155S04154755WA0137501479
B1532341855168S04154774WA0137201477
B1532381855185S04154789WA0137001475
B1532421855209S04154796WA0136601469
B1532461855231S04154791WA0136401466
B1532501855248S04154780WA0136301465
B1532541855257S04154762WA0136101462
B1532581855264S04154743WA0135901460
B1533021855264S04154724WA0135601457
B1533061855258S04154705WA0135501455
B1533101855246S04154690WA0135501454
B1533141855232S04154677WA0135701457
B1533181855215S04154665WA0136101461
B1533221855196S04154657WA0136301462
B1533261855174S04154656WA0136301464
B1533301855151S04154663WA0136701468
B1533341855135S04154678WA0136901471
B1533381855126S04154695WA0136901471
B1533421855120S04154716WA0136301466
B1533461855119S04154735WA0135901462
B1533501855128S04154753WA0134901453
B1533541855146S04154760WA0134301445
B1533581855168S04154755WA0133501436
B1534021855186S04154752WA0133101431
B1534061855205S04154743WA0132701426
B1534101855222S04154735WA0132401422
B1534141855240S04154723WA0132201419
B1534181855257S04154709WA0131901417
B1534221855271S04154691WA0132501425
B1534261855282S04154674WA0132901428
B1534301855284S04154652WA0132901429
B1534341855279S04154631WA0132901429
B1534381855267S04154616WA0133001431
B1534421855251S04154607WA0133201433
B1534461855232S04154611WA0133301435
B1534501855218S04154622WA0133401436
B1534541855210S04154642WA0133201434
B1534581855206S04154666WA0132901432
B1535021855209S04154689WA0132901432
B1535061855227S04154707WA0132201426
B1535101855246S04154715WA0132401426
B1535141855270S04154715WA0131601418
B1535181855295S04154716WA0131201414
B1535221855320S04154716WA0131101412
B1535261855346S04154715WA0131001410
B1535301855371S04154714WA0130701407
B1535341855400S04154710WA0130201402
B1535381855428S04154707WA0129501394
B1535421855459S04154703WA0128701387
B1535461855486S04154700WA0128701386
B1535501855516S04154695WA0128001379
B1535541855545S04154690WA0127701375
B1535581855575S04154685WA0126901368
B1536021855604S04154681WA0126701364
B1536061855634S04154677WA0125801355
B1536101855661S04154674WA0126001355
B1536141855688S04154670WA0126101357
B1536181855719S04154665WA0126001357
B1536221855746S04154661WA0126501360
B1536261855777S04154658WA0126601362
B1536301855801S04154655WA0127401369
B1536341855832S04154658WA0126701364
B1536381855864S04154660WA0128001375
B1536421855886S04154663WA0128601379
B1536461855918S04154668WA0128801382
B1536501855941S04154669WA0129201385
B1536541855973S04154668WA0129601389
B1536581855997S04154669WA0130601399
B1537021856028S04154667WA0130301396
B1537061856057S04154666WA0131301406
B1537101856088S04154666WA0131201406
B1537141856122S04154662WA0131101406
B1537181856152S04154656WA0130801401
B1537221856183S04154643WA0130001395
B1537261856210S04154629WA0129801392
B1537301856237S04154609WA0129201386
B1537341856258S04154589WA0129001384
B1537381856278S04154563WA0128301378
B1537421856298S04154537WA0128401379
B1537461856315S04154511WA0128701382
B1537501856335S04154487WA0129001386
B1537541856353S04154468WA0130101398
B1537581856374S04154451WA0130401400
B1538021856396S04154433WA0130801405
B1538061856418S04154419WA0131401410
B1538101856442S04154405WA0131801415
B1538141856464S04154392WA0132601422
B1538181856489S04154377WA0132301420
B1538221856510S04154365WA0132601423
B1538261856539S04154352WA0131601415
B1538301856568S04154339WA0131201410
B1538341856596S04154323WA0130201402
B1538381856622S04154312WA0130201400
B1538421856649S04154299WA0129401392
B1538461856676S04154286WA0128901388
B1538501856705S04154269WA0128001380
B1538541856737S04154250WA0127301373
B1538581856767S04154238WA0127001368
B1539021856801S04154228WA0126301363
B1539061856834S04154217WA0125801357
B1539101856871S04154208WA0124901348
B1539141856907S04154202WA0124801346
B1539181856940S04154191WA0124401341
B1539221856975S04154185WA0124101338
B1539261857010S04154179WA0123401332
B1539301857045S04154176WA0123001327
B1539341857080S04154173WA0122401320
B1539381857117S04154169WA0121201310
B1539421857154S04154166WA0120401300
B1539461857190S04154163WA0119201287
B1539501857224S04154162WA0118401278
B1539541857256S04154162WA0117501269
B1539581857291S04154161WA0116001255
B1540021857326S04154161WA0115101246
B1540061857360S04154161WA0114301236
B1540101857396S04154158WA0113201225
B1540141857431S04154156WA0112201215
B1540181857466S04154154WA0111501207
B1540221857499S04154154WA0110801200
B1540261857533S04154153WA0109501187
B1540301857566S04154150WA0108701178
B1540341857598S04154147WA0107301163
B1540381857634S04154142WA0105701146
B1540421857668S04154138WA0104901137
B1540461857701S04154134WA0103801126
B1540501857736S04154129WA0103201119
B1540541857772S04154125WA0102501112
B1540581857808S04154121WA0101901106
B1541021857843S04154116WA0101101097
B1541061857878S04154112WA0100701093
B1541101857908S04154111WA0101001095
B1541141857942S04154106WA0100801093
B1541181857972S04154103WA0101701101
B1541221858001S04154102WA0103201115
B1541261858025S04154100WA0103901123
B1541301858057S04154101WA0104701136
B1541341858084S04154101WA0106001148
B1541381858113S04154098WA0107101160
B1541421858143S04154095WA0107701167
B1541461858173S04154091WA0108401174
B1541501858203S04154087WA0108501175
B1541541858236S04154088WA0108101171
B1541581858263S04154087WA0108801177
B1542021858291S04154087WA0108101171
B1542061858320S04154086WA0108701176
B1542101858348S04154086WA0108401174
B1542141858379S04154087WA0108301171
B1542181858405S04154086WA0107901166
B1542221858434S04154081WA0107401163
B1542261858457S04154076WA0107601163
B1542301858485S04154064WA0106501154
B1542341858515S04154052WA0106401153
B1542381858543S04154040WA0106301151
B1542421858575S04154025WA0105601145
B1542461858606S04154013WA0105201141
B1542501858637S04154000WA0104701135
B1542541858668S04153985WA0104001128
B1542581858699S04153970WA0103501123
B1543021858727S04153956WA0103401121
B1543061858752S04153942WA0104401129
B1543101858781S04153930WA0104401131
B1543141858809S04153919WA0105401140
B1543181858838S04153913WA0105301140
B1543221858868S04153909WA0105701143
B1543261858902S04153907WA0104801135
B1543301858938S04153905WA0104301131
B1543341858971S04153905WA0103501123
B1543381859006S04153907WA0102901117
B1543421859040S04153908WA0102101108
B1543461859077S04153912WA0101201099
B1543501859111S04153917WA0101201097
B1543541859145S04153928WA0101101098
B1543581859178S04153939WA0101101096
B1544021859215S04153952WA0100901095
B1544061859241S04153963WA0102101103
B1544101859274S04153976WA0102001102
B1544141859301S04153985WA0102601108
B1544181859336S04153995WA0101901103
B1544221859366S04154010WA0102401108
B1544261859389S04154021WA0103001114
B1544301859420S04154039WA0102001105
B1544341859450S04154054WA0102501107
B1544381859477S04154069WA0102201105
B1544421859504S04154084WA0102701109
B1544461859534S04154096WA0102801112
B1544501859565S04154112WA0102801113
B1544541859596S04154123WA0103201116
B1544581859629S04154134WA0103301117
B1545021859660S04154143WA0103701121
B1545061859688S04154148WA0104501129
B1545101859720S04154148WA0104301128
B1545141859751S04154148WA0105801142
B1545181859777S04154146WA0106601149
B1545221859806S04154144WA0107301157
B1545261859835S04154137WA0107901164
B1545301859861S04154130WA0108901173
B1545341859885S04154132WA0110001184
B1545381859909S04154139WA0110601192
B1545421859936S04154144WA0111301199
B1545461859961S04154134WA0112301210
B1545501859976S04154113WA0113301221
B1545541859976S04154089WA0114001228
B1545581859964S04154070WA0114901237
B1546021859944S04154068WA0115501245
B1546061859933S04154084WA0116101250
B1546101859931S04154103WA0116801258
B1546141859942S04154123WA0117201262
B1546181859963S04154138WA0117601267
B1546221859988S04154140WA0118701278
B1546261900010S04154127WA0119201284
B1546301900019S04154103WA0120301295
B1546341900014S04154081WA0120701299
B1546381859997S04154073WA0121201305
B1546421859982S04154079WA0122201315
B1546461859979S04154095WA0122801321
B1546501859978S04154117WA0122601321
B1546541859975S04154135WA0123501329
B1546581859971S04154152WA0124201336
B1547021859965S04154169WA0125001344
B1547061859959S04154189WA0125301348
B1547101859953S04154210WA0126401361
B1547141859956S04154232WA0127401372
B1547181859967S04154251WA0128001378
B1547221859990S04154265WA0128001378
B1547261900013S04154270WA0128801386
B1547301900038S04154278WA0128701386
B1547341900064S04154284WA0128801387
B1547381900095S04154289WA0128501384
B1547421900123S04154294WA0128701384
B1547461900153S04154301WA0128501382
B1547501900182S04154310WA0128801385
B1547541900208S04154321WA0128601384
B1547581900241S04154334WA0128201381
B1548021900273S04154349WA0128401383
B1548061900295S04154363WA0129501393
B1548101900322S04154377WA0128601384
B1548141900350S04154387WA0128901386
B1548181900379S04154396WA0128301380
B1548221900408S04154404WA0128401380
B1548261900439S04154410WA0127401373
B1548301900476S04154412WA0126601366
B1548341900508S04154411WA0127001367
B1548381900539S04154403WA0126701364
B1548421900574S04154395WA0126001358
B1548461900607S04154388WA0125901355
B1548501900639S04154377WA0125401351
B1548541900672S04154365WA0125101347
B1548581900704S04154354WA0124601342
B1549021900739S04154343WA0123801333
B1549061900773S04154329WA0123401328
B1549101900804S04154315WA0123001324
B1549141900836S04154302WA0122501318
B1549181900870S04154293WA0121701310
B1549221900904S04154288WA0121201305
B1549261900937S04154285WA0120801301
B1549301900973S04154284WA0120001294
B1549341901006S04154286WA0120301294
B1549381901039S04154287WA0119701290
B1549421901072S04154291WA0119601289
B1549461901107S04154296WA0119701289
B1549501901141S04154302WA0120201293
B1549541901176S04154311WA0119701288
B1549581901209S04154324WA0119801290
B1550021901244S04154335WA0119301287
B1550061901278S04154351WA0119301286
B1550101901306S04154366WA0119601287
B1550141901335S04154385WA0118301276
B1550181901365S04154406WA0117801270
B1550221901394S04154424WA0117201263
B1550261901425S04154445WA0116201253
B1550301901457S04154463WA0115901249
B1550341901488S04154480WA0115101241
B1550381901523S04154497WA0114801239
B1550421901557S04154513WA0114401234
B1550461901594S04154527WA0114101231
B1550501901628S04154537WA0114601236
B1550541901660S04154542WA0114501236
B1550581901694S04154549WA0114201233
B1551021901729S04154556WA0113801228
B1551061901763S04154567WA0113201222
B1551101901795S04154581WA0112301212
B1551141901831S04154595WA0111301202
B1551181901864S04154610WA0110601196
B1551221901894S04154626WA0110101191
B1551261901924S04154646WA0109201182
B1551301901953S04154666WA0108601175
B1551341901982S04154687WA0107601164
B1551381902013S04154705WA0106801156
B1551421902043S04154719WA0106801153
B1551461902075S04154734WA0106401150
B1551501902111S04154753WA0106801153
B1551541902138S04154767WA0108001162
B1551581902167S04154780WA0108101164
B1552021902191S04154792WA0108601169
B1552061902218S04154806WA0108101166
B1552101902251S04154817WA0107301159
B1552141902282S04154827WA0107001156
B1552181902311S04154835WA0107101158
B1552221902337S04154844WA0107401160
B1552261902372S04154855WA0106401153
B1552301902400S04154865WA0107301160
B1552341902430S04154874WA0107501163
B1552381902459S04154881WA0108001169
B1552421902487S04154888WA0108201170
B1552461902515S04154892WA0108501173
B1552501902544S04154896WA0108701175
B1552541902573S04154899WA0108701174
B1552581902603S04154900WA0108801176
B1553021902631S04154901WA0109001177
B1553061902663S04154901WA0108401171
B1553101902694S04154894WA0107601162
B1553141902724S04154889WA0106601152
B1553181902754S04154877WA0105601141
B1553221902785S04154864WA0104201128
B1553261902817S04154850WA0103201118
B1553301902850S04154841WA0103201116
B1553341902880S04154831WA0103401118
B1553381902912S04154818WA0102801112
B1553421902945S04154807WA0102501108
B1553461902977S04154794WA0102001103
B1553501903010S04154781WA0101501098
B1553541903045S04154768WA0100901092
B1553581903080S04154753WA0100301085
B1554021903113S04154737WA0099801080
B1554061903145S04154721WA0099101072
B1554101903179S04154705WA0098401066
B1554141903213S04154693WA0097901060
B1554181903248S04154682WA0097201053
B1554221903283S04154671WA0096501047
B1554261903317S04154661WA0096301043
B1554301903350S04154646WA0095501034
B1554341903389S04154634WA0094601025
B1554381903423S04154622WA0094301021
B1554421903458S04154609WA0093101010
B1554461903493S04154596WA0092301001
B1554501903527S04154582WA0090700985
B1554541903565S04154569WA0089400972
B1554581903600S04154555WA0088400961
B1555021903637S04154545WA0087200949
B1555061903670S04154539WA0086600941
B1555101903704S04154536WA0085300928
B1555141903740S04154531WA0084100915
B1555181903774S04154526WA0083400907
B1555221903811S04154521WA0082200894
B1555261903848S04154517WA0082100891
B1555301903874S04154511WA0082800898
B1555341903911S04154507WA0081900891
B1555381903942S04154509WA0082800899
B1555421903965S04154508WA0082900901
B1555461903995S04154506WA0082400897
B1555501904019S04154501WA0082500898
B1555541904055S04154492WA0081100886
B1555581904087S04154484WA0081600888
B1556021904119S04154474WA0081600888
B1556061904143S04154463WA0082400897
B1556101904160S04154458WA0083300905
B1556141904183S04154451WA0082800900
B1556181904204S04154444WA0082500897
B1556221904223S04154436WA0082200893
B1556261904249S04154427WA0080800880
B1556301904277S04154421WA0080600877
B1556341904310S04154414WA0079000863
B1556381904346S04154406WA0078400857
B1556421904379S04154397WA0077500848
B1556461904414S04154388WA0077000841
B1556501904448S04154379WA0076500836
B1556541904485S04154369WA0075900829
B1556581904516S04154360WA0075700826
B1557021904550S04154353WA0075400824
B1557061904573S04154351WA0076200831
B1557101904604S04154356WA0075200823
B1557141904632S04154368WA0074500816
B1557181904663S04154385WA0074100812
B1557221904689S04154395WA0075300822
B1557261904718S04154406WA0075100822
B1557301904739S04154423WA0076100832
B1557341904763S04154441WA0076000832
B1557381904785S04154458WA0077200844
B1557421904808S04154474WA0077700850
B1557461904831S04154487WA0078700860
B1557501904861S04154496WA0079000863
B1557541904887S04154503WA0079200866
B1557581904917S04154509WA0079100865
B1558021904945S04154510WA0079100864
B1558061904969S04154498WA0078800860
B1558101904982S04154479WA0078700859
B1558141904991S04154453WA0078600858
B1558181904997S04154433WA0078700859
B1558221904998S04154409WA0078700860
B1558261904995S04154386WA0078500859
B1558301904991S04154363WA0079000863
B1558341904986S04154339WA0079500868
B1558381904988S04154322WA0080400877
B1558421904992S04154295WA0080900881
B1558461904985S04154276WA0081900892
B1558501904971S04154266WA0082800902
B1558541904957S04154269WA0084000912
B1558581904939S04154280WA0084400917
B1559021904938S04154305WA0085200925
B1559061904957S04154323WA0085500928
B1559101904986S04154328WA0086400937
B1559141905010S04154320WA0087100944
B1559181905028S04154301WA0088100954
B1559221905035S04154274WA0088700959
B1559261905025S04154255WA0089900971
B1559301905006S04154246WA0090400977
B1559341904991S04154254WA0092000992
B1559381904992S04154277WA0092801001
B1559421905004S04154297WA0093701012
B1559461905027S04154304WA0094201018
B1559501905046S04154291WA0094801023
B1559541905047S04154268WA0095501031
B1559581905031S04154261WA0096601043
B1600021905015S04154271WA0097501051
B1600061905015S04154293WA0098601063
B1600101905026S04154317WA0098801067
B1600141905049S04154326WA0099601073
B1600181905072S04154315WA0099501073
B1600221905083S04154293WA0100401081
B1600261905077S04154272WA0100701086
B1600301905062S04154267WA0102101098
B1600341905045S04154279WA0102801106
B1600381905043S04154299WA0104101119
B1600421905060S04154321WA0104301123
B1600461905084S04154327WA0105001130
B1600501905110S04154317WA0105101131
B1600541905122S04154294WA0105601136
B1600581905120S04154273WA0106201143
B1601021905108S04154255WA0107001154
B1601061905089S04154255WA0107901162
B1601101905077S04154274WA0108701171
B1601141905084S04154296WA0109401179
B1601181905106S04154311WA0109801183
B1601221905130S04154309WA0110701192
B1601261905154S04154298WA0111301199
B1601301905182S04154288WA0111601203
B1601341905208S04154277WA0112601213
B1601381905235S04154264WA0112801215
B1601421905260S04154253WA0113301221
B1601461905285S04154244WA0113401222
B1601501905310S04154238WA0113601223
B1601541905341S04154232WA0112301212
B1601581905379S04154226WA0111701208
B1602021905414S04154221WA0111601206
B1602061905451S04154216WA0110901200
B1602101905485S04154211WA0110601196
B1602141905522S04154204WA0109601186
B1602181905556S04154197WA0109401182
B1602221905592S04154187WA0108601175
B1602261905624S04154176WA0109501181
B1602301905653S04154165WA0109401181
B1602341905692S04154154WA0108701175
B1602381905725S04154143WA0108901176
B1602421905758S04154136WA0108201168
B1602461905793S04154127WA0107401160
B1602501905828S04154119WA0107201157
B1602541905863S04154109WA0106801154
B1602581905896S04154098WA0107001156
B1603021905926S04154088WA0107201156
B1603061905955S04154076WA0107401157
B1603101905977S04154058WA0107801160
B1603141905995S04154041WA0109301175
B1603181906012S04154024WA0110001182
B1603221906030S04154017WA0110401185
B1603261906047S04154018WA0110901193
B1603301906053S04154034WA0111301198
B1603341906040S04154047WA0111701203
B1603381906021S04154048WA0112301210
B1603421906004S04154034WA0112901218
B1603461905999S04154012WA0113301222
B1603501906010S04153992WA0113301222
B1603541906029S04153983WA0113701225
B1603581906050S04153982WA0114001228
B1604021906069S04153983WA0114601236
B1604061906089S04153986WA0115001241
B1604101906114S04153988WA0115101242
B1604141906145S04153989WA0114601238
B1604181906174S04153992WA0114601237
B1604221906206S04153993WA0114101230
B1604261906236S04153994WA0114201231
B1604301906264S04153997WA0113601225
B1604341906293S04154000WA0112901218
B1604381906321S04154002WA0111901207
B1604421906351S04154001WA0111101198
B1604461906381S04154003WA0110101188
B1604501906410S04154007WA0109401179
B1604541906441S04154010WA0108101165
B1604581906471S04154011WA0106901152
B1605021906503S04154015WA0105501139
B1605061906539S04154020WA0104001123
B1605101906573S04154027WA0102901112
B1605141906607S04154034WA0101701100
B1605181906641S04154042WA0100901091
B1605221906673S04154051WA0100001082
B1605261906706S04154057WA0099601076
B1605301906739S04154062WA0098701067
B1605341906775S04154066WA0098001059
B1605381906792S04154060WA0098901064
B1605421906822S04154061WA0096801047
B1605461906856S04154066WA0096001040
B1605501906886S04154070WA0095101031
B1605541906920S04154075WA0093901017
B1605581906953S04154082WA0093401011
B1606021906990S04154088WA0092401002
B1606061907021S04154090WA0092901003
B1606101907051S04154092WA0092701002
B1606141907085S04154098WA0092501000
B1606181907106S04154101WA0093301004
B1606221907138S04154110WA0091700989
B1606261907165S04154119WA0091300986
B1606301907197S04154124WA0090000972
B1606341907226S04154128WA0089500966
B1606381907257S04154133WA0088300954
B1606421907286S04154140WA0087800948
B1606461907317S04154146WA0086800938
B1606501907346S04154153WA0086100932
B1606541907377S04154161WA0085200922
B1606581907405S04154170WA0084600916
B1607021907434S04154180WA0084000910
B1607061907460S04154193WA0083600906
B1607101907485S04154209WA0083500905
B1607141907509S04154227WA0083300904
B1607181907528S04154250WA0082900901
B1607221907545S04154273WA0082300894
B1607261907561S04154297WA0081500887
B1607301907575S04154321WA0081000880
B1607341907583S04154346WA0080700877
B1607381907588S04154373WA0080100873
B1607421907591S04154399WA0080800879
B1607461907595S04154422WA0081300884
B1607501907604S04154440WA0082000889
B1607541907619S04154458WA0081900888
B1607581907628S04154473WA0082300891
B1608021907632S04154492WA0082200890
B1608061907622S04154502WA0082000890
B1608101907606S04154497WA0081900888
B1608141907596S04154478WA0081600886
B1608181907592S04154458WA0082200893
B1608221907589S04154440WA0082700898
B1608261907583S04154424WA0083500906
B1608301907564S04154425WA0083900911
B1608341907562S04154444WA0084500917
B1608381907581S04154457WA0084300915
B1608421907604S04154452WA0084600918
B1608461907622S04154437WA0084900921
B1608501907624S04154418WA0085700928
B1608541907610S04154405WA0085800929
B1608581907594S04154414WA0086700939
B1609021907596S04154432WA0087400946
B1609061907620S04154442WA0087400948
B1609101907639S04154428WA0087900951
B1609141907635S04154406WA0088200954
B1609181907621S04154394WA0088500957
B1609221907601S04154391WA0089000961
B1609261907590S04154401WA0089700967
B1609301907593S04154422WA0090600977
B1609341907614S04154431WA0090700978
B1609381907639S04154423WA0091000981
B1609421907647S04154404WA0091800989
B1609461907639S04154382WA0091900989
B1609501907622S04154373WA0092200994
B1609541907605S04154372WA0093101002
B1609581907592S04154386WA0093201004
B1610021907605S04154403WA0093801011
B1610061907630S04154404WA0094401017
B1610101907650S04154392WA0095001022
B1610141907659S04154371WA0095101024
B1610181907646S04154353WA0095301025
B1610221907628S04154346WA0095701028
B1610261907611S04154341WA0095901029
B1610301907595S04154335WA0096101033
B1610341907579S04154338WA0096101034
B1610381907577S04154356WA0096301038
B1610421907589S04154369WA0097101046
B1610461907613S04154378WA0097401050
B1610501907636S04154377WA0097801056
B1610541907658S04154362WA0098201059
B1610581907669S04154342WA0098601063
B1611021907665S04154318WA0098501062
B1611061907648S04154314WA0098701063
B1611101907641S04154330WA0098401060
B1611141907658S04154346WA0098501061
B1611181907680S04154353WA0098801065
B1611221907701S04154365WA0099301072
B1611261907725S04154369WA0099701076
B1611301907751S04154366WA0100001079
B1611341907774S04154353WA0100401083
B1611381907800S04154345WA0100101081
B1611421907827S04154338WA0100601084
B1611461907855S04154331WA0100401082
B1611501907880S04154324WA0101001089
B1611541907906S04154315WA0101101089
B1611581907934S04154305WA0100501082
B1612021907967S04154294WA0100001078
B1612061907995S04154286WA0100301080
B1612101908025S04154281WA0100401083
B1612141908052S04154275WA0100901088
B1612181908082S04154269WA0100901088
B1612221908107S04154267WA0102401103
B1612261908127S04154263WA0102801108
B1612301908145S04154251WA0103501114
B1612341908157S04154232WA0103701116
B1612381908159S04154210WA0104301120
B1612421908151S04154190WA0104201120
B1612461908135S04154184WA0104901127
B1612501908119S04154193WA0105401131
B1612541908113S04154209WA0106201138
B1612581908116S04154231WA0106601144
B1613021908131S04154248WA0107201151
B1613061908151S04154252WA0107601156
B1613101908168S04154240WA0107801158
B1613141908174S04154220WA0108401162
B1613181908169S04154199WA0108601165
B1613221908151S04154198WA0109101169
B1613261908137S04154211WA0109401172
B1613301908129S04154229WA0110001179
B1613341908132S04154251WA0110501185
B1613381908147S04154267WA0110901190
B1613421908166S04154258WA0111001191
B1613461908169S04154238WA0111601195
B1613501908162S04154222WA0112001199
B1613541908145S04154219WA0112301203
B1613581908131S04154227WA0112901209
B1614021908128S04154247WA0113301214
B1614061908138S04154268WA0113901221
B1614101908155S04154274WA0114001223
B1614141908171S04154260WA0113501217
B1614181908173S04154241WA0113701217
B1614221908167S04154223WA0114001221
B1614261908154S04154212WA0114201223
B1614301908137S04154213WA0114601228
B1614341908122S04154223WA0115001232
B1614381908115S04154239WA0115701239
B1614421908121S04154262WA0116001244
B1614461908137S04154273WA0116701250
B1614501908156S04154278WA0116501248
B1614541908183S04154283WA0115501240
B1614581908211S04154285WA0116101246
B1615021908241S04154289WA0115301240
B1615061908269S04154297WA0115801242
B1615101908294S04154310WA0115201237
B1615141908321S04154322WA0115301237
B1615181908350S04154333WA0114601230
B1615221908378S04154345WA0114001226
B1615261908406S04154359WA0112601212
B1615301908440S04154376WA0111401201
B1615341908469S04154389WA0110701191
B1615381908503S04154402WA0109101177
B1615421908537S04154416WA0108501170
B1615461908570S04154425WA0107901164
B1615501908604S04154435WA0106901153
B1615541908638S04154446WA0106201145
B1615581908668S04154453WA0105701138
B1616021908703S04154466WA0103901123
B1616061908735S04154480WA0103201114
B1616101908765S04154497WA0102301105
B1616141908767S04154527WA0101101094
B1616181908748S04154546WA0100301085
B1616221908725S04154561WA0099101073
B1616261908698S04154569WA0098001061
B1616301908666S04154575WA0096901050
B1616341908636S04154580WA0096201043
B1616381908605S04154586WA0095401035
B1616421908574S04154593WA0094601027
B1616461908544S04154598WA0094101021
B1616501908513S04154606WA0093401013
B1616541908483S04154615WA0093101010
B1616581908453S04154621WA0092401004
B1617021908421S04154625WA0092000998
B1617061908394S04154626WA0091400992
B1617101908364S04154632WA0089900978
B1617141908337S04154638WA0089800976
B1617181908315S04154645WA0089100968
B1617221908287S04154652WA0087900956
B1617261908259S04154657WA0087400949
B1617301908232S04154665WA0086400940
B1617341908202S04154671WA0085400930
B1617381908173S04154675WA0085000924
B1617421908145S04154683WA0084400919
B1617461908116S04154688WA0083800913
B1617501908087S04154694WA0083400910
B1617541908060S04154703WA0083000906
B1617581908031S04154714WA0082400899
B1618021908002S04154724WA0082000895
B1618061907972S04154736WA0081300888
B1618101907944S04154748WA0081100884
B1618141907917S04154760WA0080900882
B1618181907889S04154774WA0080600880
B1618221907864S04154788WA0080800881
B1618261907838S04154799WA0080200875
B1618301907810S04154809WA0079900871
B1618341907788S04154819WA0080500874
B1618381907771S04154826WA0081500883
B1618421907758S04154830WA0082300892
B1618461907743S04154821WA0082700896
B1618501907730S04154807WA0082600895
B1618541907731S04154785WA0082600896
B1618581907748S04154777WA0083200901
B1619021907767S04154785WA0083300903
B1619061907785S04154797WA0083800908
B1619101907795S04154811WA0084700917
B1619141907808S04154831WA0085000919
B1619181907818S04154848WA0085900927
B1619221907811S04154865WA0085900928
B1619261907798S04154857WA0086600935
B1619301907795S04154836WA0086800937
B1619341907798S04154812WA0087000939
B1619381907805S04154787WA0087300942
B1619421907819S04154771WA0088000950
B1619461907841S04154767WA0088400954
B1619501907858S04154771WA0088300954
B1619541907863S04154790WA0088300954
B1619581907851S04154799WA0088700959
B1620021907837S04154796WA0089400965
B1620061907827S04154777WA0089500967
B1620101907832S04154754WA0090300975
B1620141907850S04154739WA0090600978
B1620181907869S04154743WA0090500976
B1620221907877S04154758WA0090600977
B1620261907874S04154774WA0090900980
B1620301907862S04154784WA0091100984
B1620341907846S04154776WA0091500988
B1620381907832S04154762WA0091700991
B1620421907820S04154743WA0092100994
B1620461907807S04154725WA0092801002
B1620501907810S04154703WA0093201006
B1620541907828S04154694WA0093401008
B1620581907847S04154704WA0093501009
B1621021907861S04154718WA0093901013
B1621061907868S04154738WA0094001014
B1621101907863S04154752WA0094401019
B1621141907846S04154750WA0094401019
B1621181907834S04154734WA0095001025
B1621221907826S04154712WA0095501031
B1621261907839S04154696WA0096101036
B1621301907861S04154699WA0096101038
B1621341907867S04154720WA0096301039
B1621381907854S04154734WA0096401041
B1621421907838S04154730WA0097301049
B1621461907833S04154708WA0097701053
B1621501907853S04154694WA0098101057
B1621541907871S04154708WA0098601062
B1621581907863S04154726WA0099001067
B1622021907849S04154717WA0099501072
B1622061907852S04154692WA0099501072
B1622101907875S04154692WA0099901077
B1622141907877S04154713WA0099901078
B1622181907862S04154720WA0100501084
B1622221907845S04154715WA0100901088
B1622261907849S04154692WA0101001090
B1622301907873S04154693WA0101301092
B1622341907882S04154711WA0101901098
B1622381907869S04154727WA0102101101
B1622421907857S04154730WA0102901110
B1622461907836S04154733WA0103001110
B1622501907815S04154739WA0103301114
B1622541907796S04154746WA0103901120
B1622581907775S04154754WA0104201122
B1623021907758S04154765WA0105201132
B1623061907746S04154775WA0106001139
B1623101907729S04154783WA0106101141
B1623141907712S04154773WA0106301145
B1623181907713S04154753WA0106801150
B1623221907727S04154737WA0107401157
B1623261907745S04154731WA0107701160
B1623301907759S04154747WA0108001163
B1623341907752S04154768WA0108901171
B1623381907737S04154778WA0109501179
B1623421907716S04154775WA0109601181
B1623461907697S04154766WA0109901184
B1623501907671S04154756WA0109401180
B1623541907649S04154747WA0109401179
B1623581907626S04154736WA0108901174
B1624021907605S04154728WA0108601170
B1624061907575S04154719WA0106501152
B1624101907544S04154710WA0106201148
B1624141907516S04154699WA0105101136
B1624181907485S04154688WA0104401128
B1624221907456S04154678WA0103601119
B1624261907422S04154670WA0102601110
B1624301907391S04154664WA0102001103
B1624341907357S04154660WA0100901092
B1624381907324S04154657WA0100101083
B1624421907289S04154653WA0099001073
B1624461907256S04154646WA0098201064
B1624501907223S04154639WA0097301054
B1624541907191S04154633WA0096701048
B1624581907160S04154627WA0095701038
B1625021907124S04154621WA0094401024
B1625061907091S04154611WA0094001019
B1625101907059S04154602WA0093201012
B1625141907028S04154593WA0092501004
B1625181906995S04154585WA0091300991
B1625221906964S04154578WA0090800986
B1625261906935S04154571WA0089900977
B1625301906902S04154566WA0088800966
B1625341906871S04154561WA0088300961
B1625381906841S04154556WA0087700954
B1625421906810S04154553WA0087200948
B1625461906779S04154550WA0086400939
B1625501906748S04154547WA0085600932
B1625541906716S04154546WA0084600921
B1625581906682S04154546WA0084300917
B1626021906653S04154549WA0083700911
B1626061906622S04154554WA0082900904
B1626101906592S04154557WA0082900903
B1626141906561S04154558WA0082900903
B1626181906533S04154562WA0083600910
B1626221906519S04154568WA0085500926
B1626261906501S04154571WA0085800930
B1626301906484S04154574WA0086300935
B1626341906463S04154579WA0086600940
B1626381906448S04154584WA0087600949
B1626421906431S04154589WA0088200955
B1626461906414S04154586WA0088800961
B1626501906395S04154592WA0089100965
B1626541906378S04154599WA0090000975
B1626581906359S04154597WA0090700982
B1627021906344S04154581WA0091500990
B1627061906345S04154558WA0091600991
B1627101906357S04154539WA0092100996
B1627141906375S04154521WA0092200996
B1627181906392S04154507WA0092801002
B1627221906411S04154497WA0093201007
B1627261906433S04154497WA0093901015
B1627301906447S04154511WA0094801025
B1627341906449S04154532WA0095201030
B1627381906438S04154549WA0096001037
B1627421906419S04154555WA0096601045
B1627461906400S04154546WA0097501054
B1627501906390S04154524WA0098101060
B1627541906398S04154501WA0098601065
B1627581906416S04154488WA0099101070
B1628021906435S04154494WA0099501073
B1628061906448S04154509WA0099901077
B1628101906445S04154529WA0100201082
B1628141906429S04154540WA0100501084
B1628181906410S04154545WA0101101090
B1628221906387S04154541WA0101401094
B1628261906368S04154534WA0102401104
B1628301906350S04154537WA0102601108
B1628341906344S04154555WA0103001112
B1628381906356S04154569WA0103601118
B1628421906375S04154562WA0104201123
B1628461906380S04154541WA0104601127
B1628501906363S04154527WA0105001130
B1628541906345S04154532WA0105601136
B1628581906338S04154549WA0106101141
B1629021906349S04154563WA0106701146
B1629061906370S04154562WA0107001152
B1629101906377S04154540WA0107201153
B1629141906363S04154525WA0107601158
B1629181906341S04154522WA0107901161
B1629221906313S04154523WA0107401158
B1629261906279S04154523WA0106501152
B1629301906249S04154520WA0106201148
B1629341906216S04154519WA0105301139
B1629381906184S04154521WA0104801134
B1629421906153S04154524WA0104401128
B1629461906122S04154525WA0103401119
B1629501906089S04154528WA0102301108
B1629541906056S04154531WA0101601100
B1629581906023S04154534WA0100701090
B1630021905990S04154541WA0099701080
B1630061905956S04154549WA0099001073
B1630101905923S04154556WA0098901070
B1630141905892S04154562WA0099601076
B1630181905871S04154570WA0100501084
B1630221905839S04154577WA0099701078
B1630261905808S04154584WA0100301085
B1630301905781S04154589WA0100001081
B1630341905748S04154591WA0099401075
B1630381905716S04154591WA0099101072
B1630421905686S04154590WA0099801079
B1630461905661S04154586WA0100101082
B1630501905634S04154579WA0099801079
B1630541905605S04154573WA0099201072
B1630581905579S04154562WA0099101070
B1631021905557S04154558WA0100101079
B1631061905539S04154558WA0100701086
B1631101905517S04154563WA0101601094
B1631141905502S04154573WA0102501102
B1631181905489S04154583WA0103501111
B1631221905475S04154595WA0104401122
B1631261905463S04154605WA0105401133
B1631301905446S04154607WA0106201142
B1631341905431S04154590WA0107101151
B1631381905439S04154568WA0108301163
B1631421905461S04154568WA0109601176
B1631461905470S04154583WA0110501186
B1631501905460S04154596WA0111301193
B1631541905444S04154594WA0112201203
B1631581905431S04154576WA0112801209
B1632021905434S04154554WA0113901221
B1632061905455S04154541WA0114201224
B1632101905476S04154546WA0114901232
B1632141905488S04154565WA0115401237
B1632181905478S04154581WA0116201245
B1632221905459S04154586WA0116501249
B1632261905438S04154588WA0117401258
B1632301905418S04154577WA0118101266
B1632341905408S04154565WA0119301278
B1632381905387S04154554WA0119001277
B1632421905369S04154544WA0119301281
B1632461905346S04154540WA0119301281
B1632501905321S04154534WA0119001278
B1632541905294S04154527WA0119201280
B1632581905267S04154522WA0118901277
B1633021905240S04154514WA0119301280
B1633061905213S04154510WA0118501274
B1633101905185S04154499WA0118001269
B1633141905159S04154486WA0117001259
B1633181905136S04154465WA0116401251
B1633221905113S04154442WA0115201241
B1633261905088S04154418WA0114401234
B1633301905064S04154395WA0113801227
B1633341905036S04154373WA0112701216
B1633381905010S04154349WA0112001210
B1633421904985S04154326WA0111201202
B1633461904958S04154303WA0110101191
B1633501904931S04154284WA0108901180
B1633541904902S04154266WA0107801168
B1633581904874S04154249WA0106901158
B1634021904845S04154231WA0106201151
B1634061904822S04154220WA0107301158
B1634101904797S04154203WA0106201150
B1634141904766S04154185WA0105201141
B1634181904737S04154174WA0105201139
B1634221904704S04154165WA0104301131
B1634261904674S04154152WA0104001128
B1634301904644S04154141WA0103401123
B1634341904613S04154131WA0103201120
B1634381904586S04154123WA0103101118
B1634421904558S04154113WA0102201110
B1634461904532S04154104WA0101701104
B1634501904504S04154093WA0100801093
B1634541904475S04154084WA0100501089
B1634581904446S04154073WA0099701082
B1635021904413S04154062WA0098901075
B1635061904383S04154053WA0098401068
B1635101904352S04154045WA0097401058
B1635141904322S04154036WA0096701050
B1635181904289S04154024WA0096401047
B1635221904262S04154016WA0096701049
B1635261904232S04154010WA0095801040
B1635301904202S04154007WA0096301044
B1635341904182S04154008WA0097601054
B1635381904165S04153998WA0097701056
B1635421904154S04153977WA0097801057
B1635461904159S04153951WA0097901059
B1635501904176S04153934WA0098301061
B1635541904199S04153929WA0098201060
B1635581904221S04153932WA0098701065
B1636021904234S04153940WA0099001069
B1636061904244S04153954WA0098701065
B1636101904243S04153967WA0098501063
B1636141904231S04153971WA0098701065
B1636181904210S04153970WA0098501063
B1636221904188S04153962WA0098601065
B1636261904164S04153954WA0098901068
B1636301904143S04153944WA0098501065
B1636341904121S04153934WA0098501064
B1636381904100S04153924WA0097901059
B1636421904075S04153916WA0097401055
B1636461904055S04153913WA0097501054
B1636501904030S04153907WA0096901048
B1636541904008S04153900WA0097001048
B1636581903984S04153887WA0096301042
B1637021903963S04153870WA0096201040
B1637061903940S04153847WA0094501026
B1637101903917S04153822WA0094001020
B1637141903897S04153794WA0092901009
B1637181903874S04153767WA0092301003
B1637221903854S04153741WA0091600996
B1637261903833S04153712WA0090700987
B1637301903815S04153684WA0090300981
B1637341903795S04153657WA0089800975
B1637381903773S04153632WA0088900967
B1637421903750S04153605WA0087700955
B1637461903732S04153581WA0086900944
B1637501903716S04153556WA0086100935
B1637541903699S04153523WA0085200927
B1637581903686S04153497WA0085800930
B1638021903669S04153471WA0085800930
B1638061903659S04153453WA0086800938
B1638101903649S04153428WA0086700939
B1638141903643S04153412WA0087800948
B1638181903642S04153389WA0088100953
B1638221903660S04153378WA0088600957
B1638261903681S04153384WA0088700957
B1638301903694S04153403WA0088800959
B1638341903690S04153426WA0089400965
B1638381903681S04153439WA0090000970
B1638421903662S04153436WA0090400975
B1638461903652S04153420WA0090800979
B1638501903656S04153400WA0091200984
B1638541903674S04153390WA0091700989
B1638581903696S04153400WA0091700989
B1639021903703S04153420WA0092400995
B1639061903693S04153439WA0092700999
B1639101903675S04153437WA0093201004
B1639141903663S04153423WA0093501007
B1639181903664S04153401WA0093701010
B1639221903677S04153388WA0094301015
B1639261903694S04153380WA0093801010
B1639301903714S04153375WA0093701008
B1639341903733S04153372WA0093301004
B1639381903755S04153368WA0092901001
B1639421903778S04153365WA0093001002
B1639461903802S04153367WA0093601008
B1639501903823S04153364WA0094201014
B1639541903844S04153358WA0094601018
B1639581903864S04153350WA0095101023
B1640021903884S04153337WA0095601028
B1640061903897S04153319WA0096401036
B1640101903897S04153297WA0096901041
B1640141903886S04153280WA0097701050
B1640181903869S04153273WA0098701060
B1640221903852S04153278WA0099701070
B1640261903836S04153284WA0100301078
B1640301903815S04153282WA0100501080
B1640341903791S04153280WA0100101077
B1640381903762S04153276WA0099001068
B1640421903735S04153272WA0098801065
B1640461903707S04153265WA0098201061
B1640501903681S04153260WA0097901056
B1640541903647S04153257WA0096501044
B1640581903615S04153253WA0096301042
B1641021903581S04153251WA0095801038
B1641061903549S04153249WA0096101041
B1641101903518S04153247WA0095601038
B1641141903488S04153246WA0095201033
B1641181903459S04153242WA0094401025
B1641221903428S04153237WA0093901019
B1641261903401S04153232WA0093401013
B1641301903370S04153228WA0092601006
B1641341903343S04153224WA0093401012
B1641381903316S04153222WA0093201010
B1641421903286S04153219WA0093401012
B1641461903260S04153216WA0093601014
B1641501903231S04153211WA0093301012
B1641541903204S04153207WA0093401013
B1641581903174S04153205WA0093001009
B1642021903147S04153201WA0092901009
B1642061903117S04153196WA0092101000
B1642101903086S04153192WA0091600994
B1642141903058S04153189WA0091300989
B1642181903030S04153187WA0091100989
B1642221903004S04153182WA0091000987
B1642261902976S04153177WA0090800985
B1642301902949S04153173WA0091100988
B1642341902918S04153168WA0090700985
B1642381902892S04153164WA0091100988
B1642421902868S04153167WA0091200989
B1642461902842S04153167WA0091100990
B1642501902814S04153169WA0091400991
B1642541902788S04153176WA0091000988
B1642581902765S04153192WA0091100987
B1643021902751S04153203WA0091900992
B1643061902731S04153207WA0092300995
B1643101902723S04153184WA0092801000
B1643141902737S04153163WA0092901001
B1643181902763S04153165WA0093001003
B1643221902783S04153176WA0093001002
B1643261902789S04153196WA0093601009
B1643301902776S04153207WA0093801011
B1643341902750S04153207WA0093601011
B1643381902728S04153200WA0093801011
B1643421902703S04153184WA0093201007
B1643461902688S04153170WA0093401007
B1643501902667S04153154WA0092601001
B1643541902648S04153147WA0092901002
B1643581902625S04153138WA0092000993
B1644021902606S04153130WA0092300995
B1644061902582S04153120WA0091300988
B1644101902555S04153106WA0090800984
B1644141902529S04153094WA0090400980
B1644181902501S04153081WA0089800974
B1644221902472S04153069WA0089300968
B1644261902445S04153055WA0088500961
B1644301902418S04153039WA0087600952
B1644341902390S04153022WA0086600942
B1644381902363S04153005WA0085700933
B1644421902334S04152986WA0084900924
B1644461902307S04152968WA0084500919
B1644501902279S04152956WA0084300916
B1644541902250S04152942WA0083600909
B1644581902221S04152926WA0083600909
B1645021902193S04152913WA0083100904
B1645061902164S04152900WA0083000902
B1645101902135S04152886WA0082600898
B1645141902105S04152873WA0082500896
B1645181902074S04152863WA0082200894
B1645221902046S04152852WA0082100891
B1645261902021S04152842WA0082800897
B1645301901996S04152837WA0084000907
B1645341901979S04152838WA0085600924
B1645381901956S04152839WA0086900939
B1645421901944S04152834WA0088700957
B1645461901942S04152810WA0088700959
B1645501901961S04152791WA0089100962
B1645541901988S04152779WA0089500967
B1645581902011S04152786WA0090500977
B1646021902025S04152799WA0091300983
B1646061902028S04152820WA0092300994
B1646101902016S04152833WA0093101001
B1646141901996S04152833WA0093801010
B1646181901981S04152826WA0094901020
B1646221901966S04152816WA0095701030
B1646261901957S04152799WA0095901031
B1646301901947S04152780WA0096001032
B1646341901938S04152758WA0096301034
B1646381901928S04152737WA0096601036
B1646421901915S04152716WA0097101041
B1646461901899S04152699WA0098001051
B1646501901882S04152684WA0099201063
B1646541901864S04152673WA0099501067
B1646581901847S04152657WA0100001073
B1647021901828S04152646WA0100301077
B1647061901809S04152632WA0101001085
B1647101901790S04152616WA0101001086
B1647141901769S04152605WA0101401089
B1647181901746S04152596WA0100401081
B1647221901724S04152587WA0099901074
B1647261901700S04152576WA0098101059
B1647301901671S04152564WA0097901055
B1647341901643S04152553WA0097401050
B1647381901612S04152544WA0098201058
B1647421901589S04152537WA0099201067
B1647461901566S04152526WA0099101067
B1647501901544S04152510WA0099801074
B1647541901526S04152493WA0100001077
B1647581901510S04152473WA0099901076
B1648021901495S04152450WA0099701075
B1648061901479S04152428WA0099901078
B1648101901462S04152406WA0100401083
B1648141901444S04152385WA0100901088
B1648181901428S04152365WA0102001098
B1648221901415S04152348WA0102701105
B1648261901397S04152329WA0103401111
B1648301901379S04152308WA0103701115
B1648341901367S04152287WA0104601124
B1648381901353S04152266WA0104801127
B1648421901341S04152248WA0105901138
B1648461901324S04152231WA0106501143
B1648501901307S04152214WA0106701145
B1648541901285S04152209WA0106901147
B1648581901265S04152209WA0107001149
B1649021901255S04152189WA0106801147
B1649061901271S04152174WA0106801147
B1649101901292S04152175WA0106801147
B1649141901310S04152184WA0106901148
B1649181901328S04152194WA0107501154
B1649221901343S04152208WA0108101160
B1649261901351S04152224WA0108501164
B1649301901360S04152241WA0108701167
B1649341901374S04152249WA0109601177
B1649381901390S04152254WA0110701187
B1649421901396S04152271WA0111001191
B1649461901386S04152285WA0112201204
B1649501901369S04152287WA0112701209
B1649541901350S04152276WA0112701210
B1649581901328S04152262WA0112301206
B1650021901306S04152253WA0112601210
B1650061901286S04152244WA0112501209
B1650101901263S04152232WA0112201207
B1650141901237S04152221WA0111601201
B1650181901207S04152209WA0111701202
B1650221901181S04152196WA0111701201
B1650261901154S04152182WA0111401199
B1650301901124S04152168WA0110301189
B1650341901092S04152152WA0109501180
B1650381901061S04152137WA0108801172
B1650421901030S04152122WA0108001163
B1650461900998S04152106WA0107401158
B1650501900968S04152092WA0106801151
B1650541900935S04152078WA0105901141
B1650581900903S04152064WA0105401136
B1651021900872S04152049WA0104701129
B1651061900841S04152036WA0104201124
B1651101900810S04152023WA0103501114
B1651141900780S04152011WA0102601105
B1651181900750S04151996WA0101601096
B1651221900719S04151982WA0100901089
B1651261900688S04151969WA0100101081
B1651301900656S04151955WA0099201071
B1651341900625S04151941WA0098601065
B1651381900596S04151929WA0097801057
B1651421900566S04151918WA0097001047
B1651461900534S04151908WA0096101038
B1651501900504S04151897WA0095901034
B1651541900475S04151886WA0094801024
B1651581900446S04151875WA0094101016
B1652021900418S04151862WA0093201007
B1652061900387S04151849WA0092300997
B1652101900356S04151838WA0091600990
B1652141900326S04151827WA0091400987
B1652181900294S04151818WA0090600980
B1652221900261S04151806WA0090500978
B1652261900230S04151799WA0090300976
B1652301900199S04151789WA0089800971
B1652341900166S04151779WA0089100964
B1652381900134S04151770WA0088500959
B1652421900101S04151761WA0087900951
B1652461900069S04151750WA0087300945
B1652501900037S04151740WA0086500937
B1652541900004S04151731WA0085600926
B1652581859972S04151721WA0084900917
B1653021859940S04151711WA0083800907
B1653061859909S04151701WA0083200901
B1653101859879S04151691WA0082200892
B1653141859848S04151680WA0081500884
B1653181859818S04151668WA0080900877
B1653221859788S04151658WA0080300871
B1653261859760S04151649WA0079900866
B1653301859730S04151642WA0079200859
B1653341859700S04151633WA0078600853
B1653381859671S04151625WA0078100848
B1653421859642S04151617WA0077600843
B1653461859613S04151605WA0077100837
B1653501859584S04151592WA0076500831
B1653541859555S04151582WA0075800824
B1653581859526S04151568WA0075200818
B1654021859497S04151563WA0074700811
B1654061859468S04151561WA0073700802
B1654101859439S04151562WA0073200795
B1654141859409S04151566WA0072400787
B1654181859378S04151569WA0071800781
B1654221859346S04151567WA0071400777
B1654261859315S04151563WA0070700770
B1654301859285S04151561WA0069900763
B1654341859255S04151560WA0069300756
B1654381859225S04151559WA0068500748
B1654421859195S04151560WA0067600739
B1654461859165S04151561WA0067100731
B1654501859137S04151562WA0066100721
B1654541859107S04151559WA0064900709
B1654581859081S04151554WA0064000700
B1655021859052S04151545WA0062400683
B1655061859025S04151536WA0061500673
B1655101858997S04151527WA0060400660
B1655141858969S04151517WA0059200648
B1655181858944S04151505WA0057900634
B1655221858915S04151492WA0056500619
B1655261858888S04151479WA0055300606
B1655301858858S04151464WA0054300596
B1655341858830S04151450WA0053700589
B1655381858799S04151438WA0052800579
B1655421858770S04151431WA0053800586
B1655461858751S04151432WA0054300590
B1655501858733S04151433WA0054900598
B1655541858712S04151435WA0054800597
B1655581858694S04151438WA0055400603
B1656021858671S04151443WA0055700606
B1656061858655S04151450WA0056600616
B1656101858640S04151461WA0057100621
B1656141858627S04151476WA0057200623
B1656181858614S04151492WA0057900629
B1656221858605S04151515WA0058600637
B1656261858599S04151539WA0059700649
B1656301858588S04151559WA0060800661
B1656341858568S04151562WA0061700671
B1656381858559S04151551WA0062600681
B1656421858573S04151540WA0063100684
B1656461858595S04151553WA0063500688
B1656501858604S04151581WA0064200695
B1656541858600S04151607WA0065500708
B1656581858588S04151628WA0066600721
B1657021858568S04151632WA0067900734
B1657061858559S04151621WA0068800744
B1657101858571S04151611WA0069300749
B1657141858592S04151624WA0070000757
B1657181858595S04151651WA0071500773
B1657221858583S04151672WA0072700787
B1657261858565S04151669WA0073700797
B1657301858561S04151654WA0074900809
B1657341858577S04151645WA0075600816
B1657381858596S04151659WA0076700827
B1657421858601S04151686WA0077900840
B1657461858587S04151707WA0079100852
B1657501858570S04151703WA0080000863
B1657541858568S04151688WA0081300876
B1657581858584S04151681WA0082200885
B1658021858602S04151699WA0083200895
B1658061858602S04151725WA0084500909
B1658101858585S04151738WA0085300918
B1658141858572S04151727WA0086100926
B1658181858558S04151715WA0087300938
B1658221858543S04151704WA0088200948
B1658261858529S04151695WA0089000956
B1658301858514S04151687WA0090300970
B1658341858496S04151678WA0090700974
B1658381858479S04151667WA0091600984
B1658421858461S04151652WA0091900987
B1658461858443S04151629WA0093201003
B1658501858431S04151610WA0094801020
B1658541858420S04151590WA0096301036
B1658581858409S04151569WA0097801050
B1659021858409S04151551WA0099701071
B1659061858423S04151535WA0100701082
B1659101858443S04151535WA0101901094
B1659141858457S04151555WA0103001106
B1659181858450S04151579WA0105101128
B1659221858437S04151591WA0106401142
B1659261858419S04151586WA0108101159
B1659301858419S04151566WA0109201173
B1659341858434S04151553WA0110601185
B1659381858457S04151553WA0111401194
B1659421858465S04151571WA0113801218
B1659461858474S04151595WA0115301234
B1659501858476S04151617WA0117201255
B1659541858469S04151641WA0118601271
B1659581858450S04151642WA0120501290
B1700021858442S04151628WA0122801314
B1700061858446S04151607WA0124201330
B1700101858467S04151603WA0126001348
B1700141858482S04151620WA0127901367
B1700181858482S04151644WA0129601384
B1700221858466S04151658WA0130901396
B1700261858447S04151658WA0132401412
B1700301858433S04151648WA0134001430
B1700341858418S04151638WA0135901450
B1700381858408S04151622WA0137001463
B1700421858424S04151607WA0138301476
B1700461858443S04151611WA0139601490
B1700501858459S04151625WA0140801503
B1700541858459S04151646WA0142201518
B1700581858438S04151652WA0143301530
B1701021858415S04151647WA0144701548
B1701061858384S04151640WA0145401556
B1701101858356S04151634WA0146701566
B1701141858331S04151625WA0146701565
B1701181858306S04151612WA0146601566
B1701221858286S04151595WA0146901569
B1701261858264S04151579WA0146601566
B1701301858240S04151564WA0146201561
B1701341858215S04151550WA0145401553
B1701381858186S04151535WA0144301543
B1701421858159S04151516WA0143701536
B1701461858134S04151495WA0142801527
B1701501858106S04151472WA0142201522
B1701541858081S04151450WA0141901518
B1701581858052S04151430WA0141201511
B1702021858022S04151413WA0140701505
B1702061857990S04151398WA0140101500
B1702101857960S04151384WA0139701495
B1702141857932S04151372WA0138801486
B1702181857905S04151360WA0137701474
B1702221857876S04151348WA0136601462
B1702261857849S04151338WA0135901454
B1702301857822S04151325WA0134901443
B1702341857796S04151308WA0134001434
B1702381857769S04151290WA0133101424
B1702421857741S04151277WA0132201414
B1702461857711S04151265WA0131501407
B1702501857681S04151251WA0130501398
B1702541857651S04151238WA0129401387
B1702581857622S04151225WA0128801379
B1703021857594S04151211WA0127701368
B1703061857567S04151198WA0126701358
B1703101857540S04151185WA0125801348
B1703141857513S04151174WA0124801338
B1703181857486S04151164WA0123701327
B1703221857457S04151152WA0122601314
B1703261857429S04151140WA0121701304
B1703301857398S04151128WA0120901296
B1703341857368S04151119WA0120401290
B1703381857334S04151106WA0119301280
B1703421857301S04151097WA0118901274
B1703461857266S04151088WA0117801263
B1703501857230S04151078WA0116801254
B1703541857198S04151069WA0116601250
B1703581857167S04151059WA0115701242
B1704021857135S04151048WA0114901233
B1704061857104S04151039WA0113901224
B1704101857073S04151025WA0113501218
B1704141857042S04151013WA0113101215
B1704181857011S04151001WA0112301208
B1704221856980S04150991WA0111901201
B1704261856948S04150981WA0110701189
B1704301856913S04150971WA0109501178
B1704341856884S04150962WA0109301173
B1704381856851S04150955WA0108101162
B1704421856819S04150949WA0107801159
B1704461856790S04150943WA0107201153
B1704501856762S04150936WA0106801149
B1704541856736S04150928WA0106701148
B1704581856710S04150924WA0106201143
B1705021856684S04150919WA0105601135
B1705061856659S04150911WA0105201129
B1705101856631S04150905WA0104001119
B1705141856603S04150901WA0103401113
B1705181856572S04150898WA0102601104
B1705221856542S04150896WA0102201099
B1705261856512S04150892WA0101301091
B1705301856479S04150887WA0100901087
B1705341856449S04150882WA0101501092
B1705381856423S04150878WA0102601102
B1705421856405S04150874WA0104001115
B1705461856383S04150864WA0104101116
B1705501856367S04150853WA0104401119
B1705541856344S04150838WA0103601113
B1705581856321S04150819WA0103901116
B1706021856300S04150801WA0104001118
B1706061856281S04150781WA0103801116
B1706101856263S04150760WA0103601115
B1706141856251S04150740WA0104501122
B1706181856245S04150717WA0105101128
B1706221856248S04150691WA0106001138
B1706261856260S04150668WA0107001149
B1706301856279S04150656WA0108101161
B1706341856302S04150651WA0109001170
B1706381856321S04150661WA0110001182
B1706421856330S04150676WA0111001192
B1706461856326S04150692WA0111901202
B1706501856314S04150700WA0112701210
B1706541856299S04150693WA0113301216
B1706581856289S04150673WA0113801221
B1707021856283S04150649WA0114501228
B1707061856275S04150629WA0115501238
B1707101856276S04150605WA0116201245
B1707141856292S04150587WA0117101253
B1707181856312S04150584WA0117501258
B1707221856325S04150599WA0118001263
B1707261856325S04150614WA0118701268
B1707301856313S04150624WA0119501278
B1707341856293S04150627WA0119801281
B1707381856268S04150629WA0120401288
B1707421856247S04150624WA0121301298
B1707461856227S04150618WA0121501299
B1707501856209S04150610WA0121501300
B1707541856187S04150607WA0121201297
B1707581856170S04150602WA0121501300
B1708021856148S04150602WA0121101297
B1708061856135S04150604WA0122401310
B1708101856116S04150606WA0122101307
B1708141856096S04150605WA0122101308
B1708181856074S04150604WA0121101298
B1708221856053S04150602WA0120601293
B1708261856029S04150601WA0119501282
B1708301856010S04150594WA0118901274
B1708341855985S04150578WA0117601262
B1708381855969S04150564WA0117401259
B1708421855945S04150545WA0115901245
B1708461855923S04150530WA0115801241
B1708501855896S04150522WA0114501228
B1708541855870S04150519WA0114301226
B1708581855844S04150515WA0113901222
B1709021855819S04150518WA0113901222
B1709061855794S04150515WA0113201216
B1709101855768S04150520WA0112701210
B1709141855746S04150523WA0112001202
B1709181855719S04150533WA0110801192
B1709221855694S04150539WA0110801191
B1709261855668S04150547WA0110201186
B1709301855641S04150554WA0109501179
B1709341855612S04150562WA0108801172
B1709381855585S04150570WA0109001174
B1709421855559S04150577WA0109001173
B1709461855530S04150586WA0108301168
B1709501855500S04150591WA0107901164
B1709541855475S04150583WA0108201165
B1709581855449S04150570WA0107101154
B1710021855422S04150551WA0106101144
B1710061855397S04150530WA0105301136
B1710101855376S04150506WA0104401128
B1710141855357S04150484WA0103801121
B1710181855339S04150461WA0102901111
B1710221855320S04150437WA0102601108
B1710261855301S04150414WA0102201105
B1710301855280S04150392WA0102101103
B1710341855258S04150371WA0102001102
B1710381855235S04150350WA0101901101
B1710421855214S04150332WA0102201103
B1710461855195S04150312WA0101101092
B1710501855170S04150293WA0100001080
B1710541855148S04150272WA0099101071
B1710581855127S04150250WA0098201061
B1711021855106S04150228WA0097501053
B1711061855085S04150211WA0096701045
B1711101855061S04150194WA0095201030
B1711141855037S04150174WA0094401021
B1711181855011S04150156WA0093501013
B1711221854985S04150142WA0093001007
B1711261854961S04150124WA0091400991
B1711301854938S04150100WA0090400977
B1711341854916S04150075WA0089400967
B1711381854894S04150049WA0088700959
B1711421854874S04150026WA0087900950
B1711461854850S04149999WA0086600938
B1711501854830S04149974WA0086300934
B1711541854812S04149950WA0085400926
B1711581854792S04149923WA0084500916
B1712021854777S04149895WA0083800908
B1712061854756S04149867WA0082300894
B1712101854736S04149840WA0082100889
B1712141854717S04149814WA0081300883
B1712181854697S04149785WA0081100879
B1712221854689S04149762WA0081600883
B1712261854673S04149734WA0079900870
B1712301854659S04149709WA0079800866
B1712341854640S04149686WA0078100849
B1712381854619S04149663WA0077300840
B1712421854597S04149640WA0075900826
B1712461854574S04149613WA0075000815
B1712501854552S04149587WA0074300809
B1712541854528S04149564WA0073700803
B1712581854505S04149541WA0073200797
B1713021854483S04149517WA0072400789
B1713061854461S04149493WA0071600781
B1713101854440S04149468WA0070800774
B1713141854421S04149444WA0070400767
B1713181854400S04149421WA0069500760
B1713221854381S04149396WA0069100756
B1713261854363S04149369WA0068700751
B1713301854342S04149340WA0068200747
B1713341854321S04149314WA0067900742
B1713381854297S04149287WA0067500738
B1713421854274S04149262WA0067400738
B1713461854254S04149237WA0067800740
B1713501854241S04149220WA0068200743
B1713541854220S04149196WA0066900732
B1713581854202S04149177WA0067100731
B1714021854180S04149154WA0066100722
B1714061854163S04149129WA0066300723
B1714101854145S04149101WA0065100712
B1714141854125S04149071WA0064500706
B1714181854107S04149045WA0063900698
B1714221854088S04149018WA0062800689
B1714261854071S04148996WA0062700684
B1714301854056S04148972WA0061800676
B1714341854044S04148946WA0061600673
B1714381854031S04148921WA0061100668
B1714421854017S04148894WA0060500662
B1714461854001S04148867WA0060400661
B1714501853984S04148838WA0060200659
B1714541853972S04148810WA0060600662
B1714581853961S04148785WA0060200659
B1715021853946S04148758WA0059500652
B1715061853932S04148733WA0059400650
B1715101853919S04148707WA0059400650
B1715141853902S04148679WA0058800646
B1715181853885S04148658WA0059800653
B1715221853870S04148642WA0060700664
B1715261853854S04148625WA0061400671
B1715301853837S04148622WA0062000676
B1715341853824S04148636WA0062300678
B1715381853829S04148655WA0062800683
B1715421853847S04148659WA0063000686
B1715461853863S04148651WA0063800694
B1715501853880S04148635WA0063800695
B1715541853886S04148616WA0064600704
B1715581853874S04148598WA0065100708
B1716021853856S04148590WA0065000708
B1716061853840S04148602WA0065500711
B1716101853846S04148620WA0065700713
B1716141853867S04148625WA0065600713
B1716181853885S04148614WA0066300719
B1716221853891S04148592WA0066800724
B1716261853878S04148574WA0066900725
B1716301853859S04148574WA0066900726
B1716341853857S04148594WA0066800725
B1716381853875S04148604WA0067400732
B1716421853901S04148605WA0067500734
B1716461853925S04148604WA0068600746
B1716501853946S04148593WA0069200753
B1716541853955S04148572WA0069900761
B1716581853947S04148552WA0069500757
B1717021853927S04148553WA0069900761
B1717061853927S04148569WA0070500767
B1717101853946S04148578WA0071300776
B1717141853966S04148563WA0071700779
B1717181853966S04148540WA0071600779
B1717221853950S04148526WA0071600778
B1717261853931S04148524WA0072200784
B1717301853921S04148537WA0072700790
B1717341853929S04148553WA0073300796
B1717381853951S04148546WA0073600800
B1717421853955S04148523WA0074400807
B1717461853945S04148502WA0075000814
B1717501853926S04148500WA0075700821
B1717541853923S04148517WA0076000823
B1717581853941S04148522WA0076500827
B1718021853956S04148499WA0076800830
B1718061853949S04148478WA0078000842
B1718101853930S04148476WA0078000843
B1718141853930S04148493WA0078900850
B1718181853949S04148498WA0079200854
B1718221853967S04148478WA0079900860
B1718261853959S04148454WA0080400865
B1718301853941S04148439WA0080800869
B1718341853920S04148420WA0080500866
B1718381853900S04148400WA0080500869
B1718421853880S04148376WA0080400868
B1718461853862S04148354WA0080400868
B1718501853844S04148330WA0079900864
B1718541853829S04148305WA0079300858
B1718581853817S04148279WA0078100844
B1719021853797S04148250WA0076200826
B1719061853776S04148221WA0075300816
B1719101853755S04148192WA0074200804
B1719141853733S04148160WA0073100793
B1719181853714S04148128WA0072700789
B1719221853699S04148096WA0072300785
B1719261853687S04148066WA0071700779
B1719301853676S04148032WA0070800770
B1719341853667S04147997WA0070700769
B1719381853661S04147965WA0071200773
B1719421853663S04147934WA0071400775
B1719461853694S04147919WA0071300774
B1719501853720S04147935WA0071500777
B1719541853733S04147962WA0071700780
B1719581853742S04147991WA0071400777
B1720021853748S04148021WA0071000773
B1720061853753S04148054WA0070300765
B1720101853761S04148085WA0070000761
B1720141853768S04148120WA0069400755
B1720181853774S04148143WA0070600766
B1720221853777S04148165WA0071000769
B1720261853775S04148190WA0070600765
B1720301853773S04148207WA0070300762
B1720341853786S04148222WA0069300754
B1720381853800S04148215WA0068600744
B1720421853815S04148195WA0067300734
B1720461853823S04148184WA0067500735
B1720501853837S04148161WA0065800721
B1720541853847S04148145WA0066000718
B1720581853862S04148127WA0065500712
B1721021853883S04148111WA0065800713
B1721061853903S04148093WA0065500710
B1721101853926S04148074WA0065900714
B1721141853949S04148072WA0067100728
B1721181853973S04148070WA0067700735
B1721221853990S04148058WA0068300741
B1721261854000S04148041WA0068700746
B1721301853999S04148023WA0069200750
B1721341853996S04148003WA0069300752
B1721381853999S04147984WA0070300763
B1721421853993S04147969WA0070200761
B1721461853979S04147971WA0070400763
B1721501853971S04147988WA0070600765
B1721541853977S04148009WA0071300772
B1721581853993S04148028WA0071600775
B1722021854018S04148032WA0072000778
B1722061854030S04148017WA0072500783
B1722101854026S04147997WA0072700785
B1722141854016S04147987WA0073300791
B1722181854001S04147984WA0073300791
B1722221853988S04147992WA0073700796
B1722261853977S04148012WA0073900799
B1722301853972S04148032WA0074400805
B1722341853971S04148053WA0075000810
B1722381853988S04148068WA0075700817
B1722421854009S04148066WA0076300823
B1722461854023S04148053WA0076700828
B1722501854023S04148035WA0077100832
B1722541854014S04148022WA0077700838
B1722581853999S04148022WA0077700837
B1723021853987S04148039WA0078100841
B1723061853986S04148061WA0078600847
B1723101853987S04148083WA0079200854
B1723141853999S04148102WA0079600858
B1723181854015S04148118WA0079400857
B1723221854031S04148139WA0079300856
B1723261854045S04148162WA0079200855
B1723301854053S04148188WA0078900852
B1723341854059S04148216WA0078900851
B1723381854063S04148241WA0079000852
B1723421854064S04148267WA0079100853
B1723461854060S04148292WA0079400858
B1723501854056S04148315WA0079700861
B1723541854049S04148340WA0079400858
B1723581854044S04148364WA0079300856
B1724021854045S04148389WA0078600847
B1724061854040S04148415WA0078300846
B1724101854034S04148430WA0078900853
B1724141854035S04148450WA0078800852
B1724181854037S04148469WA0079000854
B1724221854040S04148490WA0079100854
B1724261854047S04148510WA0079700861
B1724301854053S04148530WA0080300868
B1724341854058S04148548WA0081400880
B1724381854064S04148569WA0082100888
B1724421854063S04148587WA0082600893
B1724461854056S04148604WA0083200899
B1724501854040S04148609WA0083800904
B1724541854028S04148596WA0084000907
B1724581854027S04148579WA0084700915
B1725021854038S04148559WA0085300921
B1725061854050S04148542WA0086200930
B1725101854073S04148537WA0086300932
B1725141854088S04148551WA0087300941
B1725181854087S04148571WA0087600944
B1725221854071S04148576WA0088300951
B1725261854060S04148564WA0088700955
B1725301854061S04148549WA0089700965
B1725341854079S04148533WA0089800966
B1725381854099S04148542WA0090700975
B1725421854110S04148560WA0090900978
B1725461854100S04148575WA0090900977
B1725501854086S04148572WA0091200982
B1725541854081S04148554WA0091500986
B1725581854101S04148543WA0091700988
B1726021854120S04148555WA0092300994
B1726061854118S04148576WA0092400996
B1726101854108S04148599WA0092701000
B1726141854101S04148620WA0093501007
B1726181854093S04148643WA0093601010
B1726221854085S04148659WA0093901013
B1726261854075S04148685WA0093801011
B1726301854067S04148708WA0094001012
B1726341854058S04148734WA0094601018
B1726381854048S04148760WA0095001022
B1726421854039S04148785WA0095601028
B1726461854030S04148808WA0095301025
B1726501854018S04148837WA0094601019
B1726541854007S04148866WA0093801011
B1726581853995S04148896WA0092701000
B1727021853986S04148926WA0091900990
B1727061853977S04148956WA0091200983
B1727101853968S04148987WA0090000972
B1727141853959S04149018WA0089300963
B1727181853952S04149051WA0087900950
B1727221853944S04149083WA0087000940
B1727261853935S04149115WA0085900929
B1727301853928S04149148WA0085000919
B1727341853923S04149181WA0084100909
B1727381853916S04149216WA0082900897
B1727421853907S04149247WA0082300890
B1727461853898S04149278WA0081300880
B1727501853888S04149303WA0081100878
B1727541853877S04149332WA0080000867
B1727581853864S04149359WA0079500861
B1728021853850S04149386WA0078500852
B1728061853830S04149410WA0077500842
B1728101853808S04149434WA0076700835
B1728141853791S04149462WA0076500832
B1728181853778S04149486WA0077500839
B1728221853767S04149501WA0077500837
B1728261853754S04149514WA0077700840
B1728301853738S04149519WA0077900842
B1728341853724S04149514WA0078000842
B1728381853719S04149498WA0078000842
B1728421853737S04149490WA0077500837
B1728461853755S04149506WA0077400835
B1728501853751S04149527WA0077200833
B1728541853735S04149546WA0076900831
B1728581853716S04149563WA0076300826
B1729021853694S04149580WA0076300827
B1729061853673S04149597WA0075800823
B1729101853651S04149614WA0076100825
B1729141853638S04149629WA0075800825
B1729181853614S04149651WA0075300824
B1729221853600S04149666WA0075600824
B1729261853581S04149690WA0073500804
B1729301853560S04149712WA0072600795
B1729341853539S04149735WA0071300781
B1729381853518S04149760WA0070900777
B1729421853495S04149783WA0070300770
B1729461853470S04149808WA0069700764
B1729501853446S04149833WA0069100757
B1729541853420S04149860WA0068500750
B1729581853396S04149886WA0068300748
B1730021853379S04149906WA0068200745
B1730061853359S04149929WA0067100735
B1730101853341S04149950WA0066400727
B1730141853320S04149972WA0065100713
B1730181853297S04149994WA0064000701
B1730221853276S04150015WA0062900689
B1730261853254S04150038WA0061600675
B1730301853234S04150060WA0060800665
B1730341853212S04150084WA0059800656
B1730381853191S04150105WA0059500652
B1730421853168S04150126WA0058900646
B1730461853145S04150147WA0058400640
B1730501853123S04150168WA0058000636
B1730541853101S04150185WA0058500638
B1730581853085S04150199WA0059100645
B1731021853065S04150215WA0059700652
B1731061853046S04150232WA0060400659
B1731101853035S04150244WA0061800673
B1731141853019S04150259WA0061800674
B1731181853007S04150276WA0062400680
B1731221852992S04150297WA0062900685
B1731261852979S04150305WA0063900693
B1731301852963S04150301WA0064100696
B1731341852962S04150280WA0065000704
B1731381852980S04150264WA0065500710
B1731421853001S04150267WA0066000715
B1731461853014S04150287WA0066100716
B1731501853006S04150304WA0066600721
B1731541852992S04150304WA0067300730
B1731581852987S04150285WA0068000736
B1732021853004S04150268WA0068400740
B1732061853027S04150267WA0068800745
B1732101853044S04150282WA0069000748
B1732141853054S04150304WA0069300750
B1732181853046S04150323WA0069600753
B1732221853032S04150331WA0070200760
B1732261853017S04150331WA0070300761
B1732301853006S04150316WA0070700766
B1732341853012S04150297WA0071100770
B1732381853033S04150280WA0071200770
B1732421853056S04150281WA0071500774
B1732461853073S04150296WA0071500775
B1732501853068S04150317WA0071600777
B1732541853055S04150324WA0072200782
B1732581853041S04150327WA0072300783
B1733021853029S04150339WA0072600787
B1733061853020S04150348WA0073200793
B1733101853006S04150351WA0073400794
B1733141852995S04150342WA0073600796
B1733181852979S04150334WA0074400805
B1733221852963S04150322WA0074200804
B1733261852948S04150316WA0074600808
B1733301852930S04150315WA0074200805
B1733341852913S04150315WA0074300805
B1733381852896S04150324WA0074400806
B1733421852883S04150336WA0074500806
B1733461852872S04150352WA0074600806
B1733501852866S04150371WA0074700807
B1733541852867S04150396WA0074300802
B1733581852866S04150422WA0073800798
B1734021852862S04150449WA0073800798
B1734061852861S04150474WA0073400794
B1734101852859S04150502WA0072600787
B1734141852855S04150532WA0072100782
B1734181852853S04150560WA0072000780
B1734221852860S04150589WA0071800778
B1734261852871S04150619WA0071400774
B1734301852882S04150650WA0071100772
B1734341852891S04150675WA0072300783
B1734381852902S04150697WA0072900790
B1734421852910S04150717WA0073500797
B1734461852918S04150739WA0073800799
B1734501852920S04150760WA0073900802
B1734541852921S04150784WA0073600799
B1734581852919S04150812WA0073600799
B1735021852917S04150837WA0073500798
B1735061852915S04150865WA0073200796
B1735101852910S04150897WA0072400788
B1735141852906S04150925WA0072600790
B1735181852901S04150955WA0072500788
B1735221852896S04150985WA0072000783
B1735261852891S04151015WA0072100785
B1735301852887S04151040WA0071800781
B1735341852883S04151067WA0071700778
B1735381852879S04151094WA0071300774
B1735421852876S04151121WA0071300773
B1735461852873S04151150WA0071200772
B1735501852870S04151175WA0071600775
B1735541852867S04151205WA0071300774
B1735581852862S04151232WA0071600777
B1736021852855S04151263WA0071500775
B1736061852849S04151290WA0071700777
B1736101852839S04151322WA0071600775
B1736141852831S04151347WA0072600784
B1736181852825S04151378WA0072400784
B1736221852818S04151406WA0072600786
B1736261852812S04151437WA0071900778
B1736301852804S04151468WA0071000771
B1736341852796S04151495WA0070400763
B1736381852787S04151528WA0068600746
B1736421852778S04151565WA0067400736
B1736461852768S04151600WA0066400725
B1736501852759S04151636WA0065100710
B1736541852751S04151671WA0064400703
B1736581852743S04151707WA0063200690
B1737021852737S04151743WA0062600685
B1737061852731S04151774WA0062200681
B1737101852725S04151811WA0061400673
B1737141852723S04151845WA0062000677
B1737181852721S04151879WA0061900676
B1737221852715S04151911WA0062300679
B1737261852709S04151941WA0061300669
B1737301852704S04151971WA0061400669
B1737341852698S04151990WA0061600671
B1737381852691S04152011WA0062200677
B1737421852685S04152036WA0062400682
B1737461852680S04152057WA0064300701
B1737501852676S04152079WA0065000710
B1737541852674S04152098WA0066100721
B1737581852670S04152116WA0066300723
B1738021852668S04152136WA0066500725
B1738061852666S04152158WA0066900729
B1738101852664S04152178WA0067300733
B1738141852660S04152200WA0067900739
B1738181852656S04152220WA0068400744
B1738221852654S04152243WA0069100750
B1738261852652S04152262WA0069000750
B1738301852647S04152284WA0068900748
B1738341852642S04152306WA0067600737
B1738381852633S04152332WA0067500736
B1738421852624S04152352WA0066700727
B1738461852612S04152380WA0066300723
B1738501852599S04152403WA0066000721
B1738541852589S04152426WA0066400723
B1738581852577S04152446WA0065900719
B1739021852562S04152466WA0065300712
B1739061852546S04152485WA0064900707
B1739101852528S04152507WA0065000709
B1739141852514S04152523WA0065900717
B1739181852496S04152542WA0066100722
B1739221852480S04152555WA0067000730
B1739261852457S04152574WA0067000731
B1739301852436S04152592WA0067200733
B1739341852411S04152612WA0066500727
B1739381852388S04152631WA0066700728
B1739421852368S04152652WA0066600727
B1739461852350S04152670WA0067500736
B1739501852337S04152690WA0067500737
B1739541852319S04152710WA0067300736
B1739581852302S04152728WA0067900741
B1740021852286S04152749WA0067900742
B1740061852268S04152770WA0067500738
B1740101852253S04152795WA0067500736
B1740141852234S04152821WA0066800729
B1740181852219S04152843WA0066800728
B1740221852203S04152869WA0065800718
B1740261852185S04152897WA0065500713
B1740301852171S04152924WA0065600714
B1740341852156S04152948WA0066000719
B1740381852138S04152972WA0066500725
B1740421852121S04152996WA0067500735
B1740461852109S04153020WA0067600734
B1740501852098S04153047WA0068100739
B1740541852091S04153073WA0068100738
B1740581852087S04153105WA0067800735
B1741021852085S04153139WA0068000737
B1741061852083S04153178WA0067800737
B1741101852081S04153207WA0068500742
B1741141852080S04153242WA0067500733
B1741181852079S04153278WA0067200730
B1741221852078S04153313WA0066600725
B1741261852077S04153350WA0066100718
B1741301852076S04153386WA0065500714
B1741341852074S04153422WA0065300712
B1741381852074S04153457WA0065100708
B1741421852072S04153493WA0064500703
B1741461852067S04153526WA0064400702
B1741501852063S04153557WA0064000697
B1741541852056S04153590WA0063100688
B1741581852050S04153624WA0062300680
B1742021852043S04153661WA0061700673
B1742061852037S04153695WA0061600673
B1742101852030S04153730WA0061300670
B1742141852022S04153766WA0060900665
B1742181852015S04153801WA0060800664
B1742221852014S04153833WA0061300667
B1742261852012S04153865WA0060800664
B1742301852012S04153895WA0061000665
B1742341852012S04153931WA0060500662
B1742381852010S04153964WA0062000674
B1742421852011S04153995WA0062500680
B1742461852011S04154032WA0062400681
B1742501852013S04154067WA0062800683
B1742541852016S04154103WA0062300679
B1742581852017S04154138WA0062200678
B1743021852018S04154169WA0061800674
B1743061852020S04154202WA0061000667
B1743101852020S04154233WA0060500662
B1743141852021S04154266WA0059800655
B1743181852021S04154297WA0059600652
B1743221852017S04154327WA0059000646
B1743261852007S04154355WA0058400638
B1743301851994S04154377WA0058500639
B1743341851984S04154397WA0057700632
B1743381851972S04154417WA0057300628
B1743421851960S04154437WA0056900622
B1743461851945S04154459WA0056400619
B1743501851933S04154480WA0056500620
B1743541851918S04154502WA0056000615
B1743581851906S04154522WA0055800612
B1744021851891S04154547WA0054900604
B1744061851877S04154570WA0054900604
B1744101851865S04154592WA0055200606
B1744141851856S04154612WA0055600610
B1744181851849S04154631WA0056000612
B1744221851843S04154654WA0056200614
B1744261851835S04154678WA0056600618
B1744301851825S04154697WA0057500627
B1744341851819S04154719WA0058300636
B1744381851812S04154742WA0057700630
B1744421851799S04154760WA0057500626
B1744461851788S04154780WA0057100622
B1744501851776S04154798WA0057300624
B1744541851762S04154811WA0057000620
B1744581851746S04154824WA0056300613
B1745021851729S04154836WA0055900608
B1745061851710S04154853WA0055500605
B1745101851696S04154865WA0055400602
B1745141851677S04154879WA0054700596
B1745181851660S04154888WA0054100590
B1745221851644S04154899WA0053800585
B1745261851630S04154912WA0053300580
B1745301851616S04154923WA0052700574
B1745341851602S04154934WA0052000566
B1745381851587S04154946WA0051000556
B1745421851571S04154958WA0050500553
B1745461851559S04154971WA0050800555
B1745501851544S04154985WA0050000547
B1745541851529S04154997WA0049800545
B1745581851513S04155009WA0049100537
B1746021851494S04155021WA0048100527
B1746061851476S04155034WA0047900525
B1746101851457S04155047WA0047200517
B1746141851440S04155062WA0046900514
B1746181851421S04155076WA0046400509
B1746221851404S04155089WA0046000505
B1746261851387S04155102WA0045600500
B1746301851371S04155116WA0045100495
B1746341851355S04155129WA0044800492
B1746381851338S04155142WA0044100486
B1746421851323S04155154WA0044000484
B1746461851306S04155168WA0043700481
B1746501851288S04155181WA0043600480
B1746541851269S04155194WA0042900473
B1746581851253S04155204WA0042500468
B1747021851233S04155216WA0041700460
B1747061851218S04155229WA0041200455
B1747101851206S04155251WA0040600448
B1747141851201S04155276WA0039900442
B1747181851197S04155303WA0039300435
B1747221851196S04155332WA0038500427
B1747261851197S04155360WA0038400425
B1747301851203S04155388WA0037800419
B1747341851212S04155415WA0037500417
B1747381851225S04155440WA0036700410
B1747421851239S04155466WA0036500408
B1747461851254S04155491WA0036100404
B1747501851270S04155516WA0035800401
B1747541851286S04155541WA0035500398
B1747581851303S04155565WA0035300395
B1748021851319S04155593WA0034800389
B1748061851335S04155618WA0034600388
B1748101851351S04155643WA0034200383
B1748141851367S04155668WA0034000381
B1748181851384S04155692WA0033400375
B1748221851400S04155716WA0033300372
B1748261851416S04155742WA0032700367
B1748301851432S04155765WA0032600365
B1748341851447S04155792WA0032000360
B1748381851460S04155818WA0031900359
B1748421851472S04155846WA0031500355
B1748461851484S04155871WA0031500354
B1748501851496S04155898WA0030900348
B1748541851506S04155926WA0030600346
B1748581851516S04155955WA0030000340
B1749021851525S04155983WA0029600336
B1749061851534S04156014WA0029200332
B1749101851541S04156042WA0028700327
B1749141851548S04156071WA0028300323
B1749181851553S04156101WA0027900320
B1749221851558S04156129WA0027600316
B1749261851564S04156158WA0027100312
B1749301851570S04156188WA0026800308
B1749341851575S04156217WA0026400304
B1749381851581S04156247WA0026100301
B1749421851589S04156277WA0025800297
B1749461851595S04156305WA0025600295
B1749501851600S04156333WA0025300290
B1749541851603S04156361WA0025200288
B1749581851609S04156388WA0025000285
B1750021851616S04156416WA0024800283
B1750061851620S04156443WA0024600281
B1750101851614S04156467WA0024400278
B1750141851599S04156468WA0023900274
B1750181851606S04156454WA0023500271
B1750221851628S04156455WA0023300267
B1750261851646S04156476WA0023000263
B1750301851640S04156501WA0022500258
B1750341851624S04156507WA0022200255
B1750381851624S04156494WA0021700250
B1750421851645S04156497WA0021300247
B1750461851657S04156522WA0021000244
B1750501851658S04156548WA0020600240
B1750541851659S04156573WA0020300237
B1750581851655S04156599WA0019800232
B1751021851639S04156611WA0019300227
B1751061851628S04156603WA0018800222
B1751101851634S04156590WA0018500218
B1751141851641S04156577WA0018100213
B1751181851635S04156567WA0017600206
B1751221851619S04156570WA0017100203
B1751261851603S04156575WA0016700198
B1751301851588S04156572WA0016200191
B1751341851578S04156564WA0015900190
B1751381851565S04156554WA0015300184
B1751421851555S04156544WA0015000180
B1751461851545S04156533WA0014500173
B1751501851533S04156524WA0014000167
B1751541851524S04156511WA0013500159
B1751581851519S04156499WA0013300156
B1752021851517S04156497WA0013300151
B1752061851517S04156497WA0013300151
B1752101851517S04156496WA0013400151
B1752141851517S04156496WA0013300149
B1752181851516S04156497WA0013300151
B1752221851516S04156496WA0013400155
B1752261851515S04156496WA0013400156
B1752301851514S04156496WA0013400156
B1752341851514S04156497WA0013300156
B1752381851512S04156499WA0013400156
B1752421851512S04156500WA0013400157
B1752461851511S04156501WA0013400158
B1752501851511S04156501WA0013400158
B1752541851511S04156501WA0013400159
B1752581851511S04156501WA0013400159
B1753021851511S04156502WA0013400159
B1753061851511S04156501WA0013400162
B1753101851511S04156501WA0013400162
B1753141851511S04156501WA0013400163
B1753181851510S04156501WA0013400162
B1753221851508S04156501WA0013400162
B1753261851506S04156501WA0013400161
B1753301851504S04156501WA0013400160
B1753341851503S04156501WA0013400161
B1753381851502S04156501WA0013400160
B1753421851502S04156502WA0013400160
B1753461851502S04156502WA0013400159
B1753501851502S04156502WA0013400159
B1753541851503S04156502WA0013400157
B1753581851502S04156502WA0013400156
B1754021851502S04156502WA0013400156
B1754061851503S04156502WA0013400153
B1754101851504S04156502WA0013400151
B1754141851503S04156502WA0013400151
B1754181851503S04156502WA0013400151
B1754221851503S04156502WA0013400151
B1754261851503S04156502WA0013400154
B1754301851502S04156502WA0013400153
B1754341851502S04156502WA0013400152
B1754381851503S04156502WA0013400152
B1754421851503S04156502WA0013400150
B1754461851504S04156501WA0013400149
B1754501851504S04156502WA0013400149
B1754541851504S04156502WA0013400151
B1754581851504S04156502WA0013400152
B1755021851504S04156502WA0013400151
B1755061851503S04156503WA0013400152
B1755101851503S04156503WA0013400152
B1755141851503S04156503WA0013400151
B1755181851503S04156502WA0013400152
B1755221851502S04156502WA0013400153
B1755261851502S04156502WA0013400154
B1755301851502S04156502WA0013400157
B1755341851502S04156502WA0013400161
B1755381851501S04156502WA0013400161
B1755421851501S04156501WA0013400160
B1755461851501S04156502WA0013400160
B1755501851501S04156502WA0013300159
B1755541851501S04156502WA0013300159
B1755581851501S04156502WA0013300159
B1756021851501S04156502WA0013400159
B1756061851501S04156502WA0013300159
B1756101851501S04156502WA0013300159
B1756141851501S04156502WA0013300159
B1756181851501S04156502WA0013300159
B1756221851501S04156502WA0013300160
B1756261851501S04156502WA0013300159
B1756301851501S04156502WA0013400158
B1756341851501S04156502WA0013300158
B1756381851501S04156502WA0013300158
B1756421851501S04156502WA0013300158
B1756461851501S04156502WA0013300158
B1756501851501S04156502WA0013300157
B1756541851501S04156502WA0013300158
B1756581851501S04156502WA0013400158
B1757021851502S04156502WA0013400158
B1757061851502S04156502WA0013400158
B1757101851502S04156502WA0013400158
B1757141851502S04156502WA0013400158
B1757181851502S04156502WA0013300157
B1757221851502S04156502WA0013300157
B1757261851502S04156502WA0013300157
B1757301851502S04156502WA0013300157
B1757341851502S04156502WA0013300157
B1757381851502S04156502WA0013300157
B1757421851502S04156502WA0013300157
B1757461851502S04156503WA0013300157
B1757501851502S04156503WA0013300156
B1757541851502S04156503WA0013400156
B1757581851502S04156503WA0013300156
B1758021851502S04156503WA0013300156
B1758061851501S04156503WA0013300156
B1758101851501S04156503WA0013300157
B1758141851501S04156503WA0013300157
B1758181851501S04156502WA0013300156
B1758221851501S04156502WA0013300157
B1758261851501S04156502WA0013300157
B1758301851501S04156502WA0013400157
B1758341851501S04156502WA0013300157
B1758381851501S04156502WA0013300157
B1758421851500S04156502WA0013300156
B1758461851500S04156502WA0013300156
B1758501851501S04156502WA0013400156
B1758541851501S04156502WA0013300156
B1758581851501S04156502WA0013400156
B1759021851501S04156502WA0013400156
B1759061851501S04156502WA0013400156
B1759101851501S04156502WA0013300156
B1759141851501S04156502WA0013400157
B1759181851501S04156502WA0013400157
B1759221851501S04156502WA0013400157
B1759261851501S04156502WA0013400157
B1759301851501S04156501WA0013400157
B1759341851501S04156502WA0013400157
B1759381851501S04156502WA0013400158
B1759421851501S04156502WA0013400158
B1759461851501S04156502WA0013400158
B1759501851501S04156502WA0013400158
B1759541851501S04156502WA0013400157
B1759581851501S04156502WA0013400156
B1800021851501S04156502WA0013400156
B1800061851501S04156502WA0013400156
B1800101851501S04156502WA0013400156
B1800141851501S04156502WA0013400156
B1800181851501S04156502WA0013400157
B1800221851501S04156502WA0013400157
B1800261851501S04156502WA0013400157
B1800301851501S04156503WA0013400157
B1800341851501S04156503WA0013400157
B1800381851502S04156503WA0013400158
B1800421851502S04156503WA0013400159
B1800461851502S04156503WA0013400159
B1800501851502S04156503WA0013400160
B1800541851502S04156503WA0013400160
B1800581851502S04156503WA0013400160
B1801021851502S04156503WA0013400160
B1801061851502S04156503WA0013400161
B1801101851502S04156503WA0013400160
B1801141851502S04156503WA0013400160
B1801181851502S04156503WA0013400160
B1801221851502S04156503WA0013400160
B1801261851502S04156503WA0013400160
B1801301851502S04156503WA0013400160
B1801341851502S04156503WA0013400160
B1801381851502S04156503WA0013400160
B1801421851502S04156503WA0013400159
B1801461851502S04156503WA0013400159
B1801501851502S04156503WA0013400158
B1801541851502S04156503WA0013400157
B1801581851502S04156503WA0013400156
B1802021851502S04156503WA0013400157
B1802061851502S04156503WA0013400156
B1802101851502S04156502WA0013400156
B1802141851502S04156502WA0013400157
B1802181851502S04156501WA0013400157
B1802221851501S04156502WA0013400157
B1802261851501S04156501WA0013400156
B1802301851502S04156501WA0013400156
B1802341851502S04156501WA0013400155
B1802381851502S04156501WA0013400156
B1802421851502S04156501WA0013400156
B1802461851502S04156501WA0013400156
B1802501851502S04156501WA0013400156
B1802541851502S04156501WA0013400156
B1802581851502S04156501WA0013400155
B1803021851502S04156501WA0013400155
B1803061851502S04156501WA0013400156
B1803101851502S04156501WA0013400156
B1803141851501S04156501WA0013400155
B1803181851501S04156502WA0013400156
B1803221851501S04156502WA0013400156
B1803261851501S04156502WA0013400156
B1803301851501S04156502WA0013400156
B1803341851501S04156502WA0013300157
B1803381851501S04156502WA0013400157
B1803421851501S04156502WA0013400157
B1803461851502S04156502WA0013400157
B1803501851502S04156502WA0013400156
B1803541851502S04156502WA0013400156
B1803581851502S04156502WA0013400155
B1804021851503S04156502WA0013400155
B1804061851503S04156502WA0013400155
B1804101851503S04156502WA0013400155
B1804141851503S04156502WA0013400156
B1804181851503S04156502WA0013400157
B1804221851503S04156501WA0013400158
B1804261851503S04156501WA0013400158
B1804301851504S04156501WA0013400159
B1804341851504S04156501WA0013300160
B1804381851504S04156501WA0013400160
B1804421851504S04156501WA0013400161
B1804461851504S04156501WA0013300161
B1804501851505S04156501WA0013400161
B1804541851505S04156501WA0013400161
B1804581851505S04156501WA0013400161
B1805021851505S04156501WA0013400161
B1805061851505S04156501WA0013400160
B1805101851505S04156501WA0013400161
B1805141851505S04156502WA0013400161
B1805181851505S04156502WA0013400163
B1805221851505S04156502WA0013400165
B1805261851505S04156502WA0013400167
B1805301851505S04156501WA0013400167
B1805341851505S04156501WA0013400167
B1805381851504S04156501WA0013400167
B1805421851504S04156502WA0013400166
B1805461851504S04156501WA0013400165
B1805501851504S04156502WA0013400164
B1805541851504S04156501WA0013400163
B1805581851504S04156501WA0013400163
B1806021851504S04156501WA0013400162
B1806061851504S04156501WA0013400162
B1806101851504S04156501WA0013400162
B1806141851504S04156501WA0013400162
B1806181851504S04156501WA0013400162
B1806221851504S04156501WA0013400161
B1806261851504S04156501WA0013400161
B1806301851503S04156501WA0013400162
B1806341851503S04156501WA0013400162
B1806381851503S04156501WA0013400163
B1806421851503S04156501WA0013400164
B1806461851503S04156501WA0013400164
B1806501851503S04156501WA0013400163
B1806541851502S04156500WA0013400161
B1806581851502S04156500WA0013400159
B1807021851502S04156500WA0013400159
B1807061851502S04156500WA0013400158
B1807101851502S04156500WA0013400158
B1807141851502S04156500WA0013400156
B1807181851502S04156500WA0013400156
B1807221851502S04156500WA0013400157
B1807261851503S04156500WA0013400158
B1807301851503S04156500WA0013400159
B1807341851503S04156500WA0013400160
B1807381851503S04156500WA0013400161
B1807421851503S04156500WA0013400163
B1807461851503S04156501WA0013400164
B1807501851503S04156500WA0013400163
B1807541851503S04156500WA0013400163
B1807581851504S04156500WA0013400162
B1808021851504S04156500WA0013400162
B1808061851504S04156500WA0013400162
B1808101851505S04156500WA0013400160
B1808141851505S04156500WA0013400160
B1808181851504S04156500WA0013400160
B1808221851505S04156500WA0013400159
B1808261851504S04156500WA0013400161
B1808301851504S04156500WA0013400162
B1808341851504S04156500WA0013400162
B1808381851504S04156500WA0013400162
B1808421851504S04156500WA0013400162
B1808461851504S04156500WA0013400161
B1808501851504S04156500WA0013400160
B1808541851504S04156500WA0013400160
B1808581851504S04156500WA0013400160
B1809021851503S04156500WA0013400160
B1809061851503S04156500WA0013400161
B1809101851503S04156500WA0013400162
B1809141851502S04156500WA0013400162
B1809181851502S04156500WA0013400162
B1809221851502S04156500WA0013400161
B1809261851502S04156500WA0013400161
B1809301851502S04156500WA0013400161
B1809341851502S04156500WA0013400161
B1809381851502S04156500WA0013400161
B1809421851502S04156500WA0013400160
B1809461851502S04156500WA0013400160
B1809501851502S04156500WA0013400160
B1809541851502S04156500WA0013400160
B1809581851502S04156500WA0013400160
B1810021851502S04156500WA0013400160
B1810061851502S04156500WA0013400159
B1810101851502S04156500WA0013400160
B1810141851502S04156500WA0013400159
B1810181851502S04156500WA0013400159
B1810221851502S04156500WA0013400158
B1810261851502S04156500WA0013400158
B1810301851502S04156500WA0013400159
B1810341851503S04156500WA0013400159
B1810381851503S04156500WA0013400159
B1810421851503S04156500WA0013400159
B1810461851503S04156500WA0013400158
B1810501851503S04156500WA0013400158
B1810541851503S04156500WA0013400158
B1810581851504S04156500WA0013400159
B1811021851503S04156501WA0013400160
B1811061851503S04156501WA0013400160
B1811101851502S04156501WA0013400161
B1811141851502S04156501WA0013400161
B1811181851502S04156500WA0013400163
B1811221851502S04156500WA0013400162
B1811261851502S04156500WA0013400162
B1811301851502S04156500WA0013400160
B1811341851502S04156500WA0013400160
B1811381851502S04156500WA0013400160
B1811421851502S04156500WA0013400160
B1811461851502S04156500WA0013400159
B1811501851502S04156500WA0013400159
B1811541851502S04156500WA0013400160
B1811581851502S04156500WA0013400160
B1812021851502S04156500WA0013400159
B1812061851502S04156500WA0013400159
B1812101851502S04156500WA0013400159
B1812141851502S04156500WA0013400159
B1812181851503S04156500WA0013400159
B1812221851503S04156500WA0013400160
B1812261851503S04156500WA0013300160
B1812301851504S04156500WA0013300161
B1812341851504S04156500WA0013400161
B1812381851504S04156500WA0013400161
B1812421851504S04156500WA0013300162
B1812461851504S04156500WA0013400162
B1812501851504S04156500WA0013400162
B1812541851504S04156500WA0013400162
B1812581851504S04156500WA0013300162
B1813021851504S04156500WA0013400161
B1813061851504S04156500WA0013400161
B1813101851504S04156500WA0013300160
B1813141851504S04156500WA0013300160
B1813181851504S04156500WA0013400160
B1813221851504S04156499WA0013400159
B1813261851504S04156499WA0013400160
B1813301851503S04156499WA0013400160
B1813341851503S04156499WA0013400159
B1813381851503S04156499WA0013400159
B1813421851503S04156499WA0013400160
B1813461851503S04156499WA0013400161
B1813501851503S04156499WA0013400160
B1813541851503S04156499WA0013400160
B1813581851503S04156499WA0013400160
B1814021851503S04156499WA0013400159
B1814061851503S04156499WA0013400160
B1814101851503S04156499WA0013400160
B1814141851503S04156499WA0013400160
B1814181851503S04156499WA0013400159
B1814221851503S04156499WA0013400159
B1814261851503S04156499WA0013400158
B1814301851503S04156499WA0013400158
B1814341851503S04156499WA0013400158
B1814381851503S04156499WA0013400159
B1814421851502S04156499WA0013400159
B1814461851502S04156499WA0013400159
B1814501851502S04156500WA0013400160
B1814541851502S04156500WA0013400160
B1814581851502S04156500WA0013400160
B1815021851502S04156500WA0013400160
B1815061851502S04156499WA0013400159
B1815101851502S04156499WA0013400159
B1815141851503S04156499WA0013400159
B1815181851503S04156499WA0013400159
B1815221851502S04156499WA0013400159
B1815261851503S04156499WA0013400159
B1815301851502S04156499WA0013400160
B1815341851502S04156499WA0013300160
B1815381851502S04156499WA0013400160
B1815421851502S04156499WA0013400161
B1815461851502S04156499WA0013400161
B1815501851502S04156500WA0013400161
B1815541851502S04156499WA0013400160
B1815581851502S04156499WA0013400159
B1816021851503S04156499WA0013400159
B1816061851503S04156499WA0013400158
B1816101851503S04156499WA0013400158
B1816141851503S04156500WA0013400157
B1816181851503S04156500WA0013400156
B1816221851503S04156500WA0013400155
B1816261851503S04156499WA0013400155
B1816301851503S04156499WA0013400156
B1816341851503S04156499WA0013400155
B1816381851503S04156499WA0013400156
B1816421851503S04156499WA0013400156
B1816461851503S04156499WA0013400156
B1816501851503S04156499WA0013400157
B1816541851503S04156499WA0013400157
B1816581851503S04156499WA0013400157
B1817021851503S04156500WA0013400156
B1817061851503S04156500WA0013400157
B1817101851503S04156500WA0013400156
B1817141851503S04156500WA0013400156
B1817181851503S04156500WA0013400156
B1817221851503S04156500WA0013400156
B1817261851503S04156499WA0013400156
B1817301851503S04156500WA0013400155
B1817341851503S04156499WA0013400156
B1817381851503S04156499WA0013400157
B1817421851503S04156499WA0013400157
B1817461851503S04156499WA0013400158
B1817501851503S04156498WA0013400159
B1817541851503S04156498WA0013400160
B1817581851502S04156498WA0013400160
B1818021851502S04156498WA0013400160
B1818061851503S04156498WA0013400159
B1818101851502S04156498WA0013400160
B1818141851502S04156498WA0013400159
B1818181851502S04156499WA0013400160
B1818221851502S04156499WA0013400160
B1818261851502S04156499WA0013400160
B1818301851502S04156499WA0013400159
B1818341851503S04156499WA0013400158
B1818381851503S04156499WA0013400157
B1818421851503S04156499WA0013400158
B1818461851503S04156499WA0013400159
B1818501851503S04156499WA0013400160
B1818541851503S04156499WA0013400161
B1818581851503S04156499WA0013400162
B1819021851502S04156499WA0013400162
B1819061851502S04156499WA0013400164
B1819101851502S04156499WA0013400165
B1819141851502S04156499WA0013400165
B1819181851502S04156499WA0013400165
B1819221851502S04156499WA0013400165
B1819261851502S04156499WA0013400164
B1819301851502S04156499WA0013400164
B1819341851503S04156499WA0013400163
B1819381851503S04156500WA0013400163
B1819421851503S04156500WA0013400163
B1819461851503S04156500WA0013400163
B1819501851503S04156500WA0013400162
B1819541851503S04156500WA0013400162
B1819581851503S04156500WA0013400161
B1820021851503S04156500WA0013400161
B1820061851503S04156500WA0013400161
B1820101851503S04156500WA0013400161
B1820141851503S04156500WA0013400162
B1820181851503S04156500WA0013400162
B1820221851503S04156500WA0013400163
B1820261851503S04156500WA0013400165
B1820301851503S04156500WA0013400164
B1820341851503S04156500WA0013400165
B1820381851503S04156500WA0013400165
B1820421851503S04156500WA0013400164
B1820461851503S04156500WA0013400163
B1820501851503S04156500WA0013400163
B1820541851503S04156499WA0013400163
B1820581851503S04156499WA0013400162
B1821021851504S04156499WA0013400162
B1821061851504S04156499WA0013400162
B1821101851504S04156499WA0013400162
B1821141851504S04156499WA0013400161
B1821181851504S04156499WA0013400161
B1821221851503S04156499WA0013400161
B1821261851503S04156499WA0013400161
B1821301851503S04156499WA0013400161
B1821341851503S04156499WA0013400161
B1821381851503S04156499WA0013400161
B1821421851503S04156499WA0013400161
B1821461851503S04156499WA0013400161
B1821501851504S04156499WA0013400160
B1821541851504S04156499WA0013400160
B1821581851504S04156499WA0013400160
B1822021851503S04156499WA0013400160
B1822061851503S04156499WA0013400160
B1822101851503S04156499WA0013400160
B1822141851503S04156499WA0013400160
B1822181851503S04156499WA0013400160
B1822221851503S04156499WA0013400160
B1822261851503S04156499WA0013400160
B1822301851503S04156499WA0013400161
B1822341851503S04156499WA0013400160
B1822381851503S04156499WA0013400160
B1822421851503S04156499WA0013400161
B1822461851503S04156499WA0013400160
B1822501851503S04156499WA0013400160
B1822541851503S04156499WA0013400160
B1822581851503S04156499WA0013400160
B1823021851503S04156499WA0013400160
B1823061851502S04156499WA0013400160
B1823101851502S04156499WA0013400160
B1823141851502S04156499WA0013400161
B1823181851502S04156499WA0013400161
B1823221851502S04156499WA0013400161
B1823261851502S04156499WA0013400161
B1823301851502S04156499WA0013400162
B1823341851502S04156499WA0013400162
B1823381851502S04156499WA0013400163
B1823421851502S04156499WA0013400163
B1823461851502S04156499WA0013400163
B1823501851502S04156499WA0013400163
B1823541851502S04156499WA0013400162
B1823581851502S04156499WA0013400162
B1824021851502S04156499WA0013400161
B1824061851502S04156499WA0013400161
B1824101851502S04156499WA0013400161
B1824141851503S04156499WA0013400161
B1824181851503S04156499WA0013400161
B1824221851503S04156499WA0013400160
B1824261851503S04156499WA0013400161
B1824301851503S04156499WA0013400161
B1824341851503S04156499WA0013400161
B1824381851503S04156499WA0013400161
B1824421851503S04156498WA0013400160
B1824461851503S04156498WA0013400160
B1824501851503S04156498WA0013400159
B1824541851503S04156498WA0013400159
B1824581851503S04156498WA0013400158
B1825021851503S04156498WA0013400158
B1825061851503S04156498WA0013400158
B1825101851503S04156498WA0013400158
B1825141851503S04156498WA0013400159
B1825181851503S04156498WA0013400159
B1825221851503S04156498WA0013400159
B1825261851503S04156498WA0013400160
B1825301851503S04156498WA0013400160
B1825341851503S04156498WA0013400160
B1825381851503S04156498WA0013400160
B1825421851503S04156499WA0013400161
B1825461851503S04156499WA0013400160
B1825501851503S04156499WA0013400160
B1825541851503S04156498WA0013400159
B1825581851503S04156498WA0013400159
B1826021851503S04156498WA0013400158
B1826061851503S04156498WA0013400157
B1826101851503S04156498WA0013400157
B1826141851503S04156498WA0013400157
B1826181851503S04156498WA0013400157
B1826221851503S04156498WA0013400158
B1826261851503S04156498WA0013400158
B1826301851502S04156498WA0013400158
B1826341851502S04156498WA0013400159
B1826381851502S04156498WA0013400159
B1826421851502S04156498WA0013400159
B1826461851502S04156498WA0013400160
B1826501851502S04156498WA0013400159
B1826541851502S04156498WA0013400158
B1826581851502S04156499WA0013400158
B1827021851502S04156499WA0013400158
B1827061851503S04156499WA0013400158
B1827101851503S04156499WA0013400159
B1827141851503S04156499WA0013400159
B1827181851503S04156499WA0013400160
B1827221851503S04156498WA0013400160
B1827261851503S04156498WA0013400159
B1827301851503S04156498WA0013400159
B1827341851503S04156498WA0013400159
B1827381851503S04156498WA0013400158
B1827421851503S04156498WA0013400158
B1827461851503S04156498WA0013400158
B1827501851503S04156498WA0013400158
B1827541851503S04156498WA0013400157
B1827581851503S04156498WA0013400158
B1828021851502S04156498WA0013400158
B1828061851502S04156498WA0013400158
B1828101851502S04156498WA0013400158
B1828141851502S04156497WA0013400158
B1828181851502S04156497WA0013400158
B1828221851502S04156497WA0013400158
B1828261851502S04156497WA0013400158
B1828301851502S04156497WA0013400157
B1828341851502S04156497WA0013400158
B1828381851502S04156497WA0013400158
B1828421851502S04156498WA0013400158
B1828461851502S04156498WA0013400159
B1828501851502S04156498WA0013400158
B1828541851502S04156497WA0013400159
B1828581851502S04156497WA0013400160
B1829021851502S04156497WA0013400160
B1829061851502S04156497WA0013400161
B1829101851502S04156497WA0013400162
B1829141851501S04156498WA0013400163
B1829181851501S04156498WA0013400164
B1829221851501S04156498WA0013400164
B1829261851501S04156498WA0013400165
B1829301851501S04156498WA0013400166
B1829341851501S04156498WA0013400166
B1829381851501S04156498WA0013400167
B1829421851501S04156498WA0013400168
B1829461851502S04156498WA0013400167
B1829501851502S04156498WA0013400167
B1829541851502S04156498WA0013400167
B1829581851502S04156499WA0013400166
B1830021851502S04156499WA0013400167
B1830061851502S04156499WA0013400166
B1830101851502S04156500WA0013400166
B1830141851503S04156502WA0013400164
B1830181851505S04156504WA0013400163
B1830221851506S04156506WA0013400162
B1830261851508S04156508WA0013400160
B1830301851509S04156510WA0013400159
B1830341851509S04156512WA0013400159
B1830381851509S04156514WA0013400159
B1830421851509S04156515WA0013400159
B1830461851509S04156515WA0013400158
B1830501851509S04156516WA0013400159
B1830541851510S04156517WA0013400158
B1830581851511S04156518WA0013400158
B1831021851511S04156519WA0013400158
B1831061851512S04156520WA0013400158
B1831101851514S04156522WA0013400158
B1831141851514S04156522WA0013400158
B1831181851514S04156522WA0013400158
B1831221851515S04156524WA0013400159
B1831261851517S04156524WA0013400159
B1831301851519S04156525WA0013400159
B1831341851520S04156525WA0013400160
B1831381851522S04156525WA0013400159
B1831421851524S04156526WA0013400159
B1831461851527S04156527WA0013400159
B1831501851528S04156528WA0013400159
B1831541851529S04156530WA0013400159
B1831581851530S04156531WA0013400160
B1832021851530S04156532WA0013400159
B1832061851532S04156534WA0013400159
B1832101851533S04156535WA0013400157
B1832141851534S04156536WA0013500157
B1832181851534S04156536WA0013500157
B1832221851534S04156537WA0013500157
B1832261851534S04156536WA0013500158
B1832301851534S04156536WA0013500158
B1832341851534S04156536WA0013500158
B1832381851534S04156536WA0013500159
B1832421851534S04156536WA0013500160
B1832461851534S04156536WA0013500160
B1832501851534S04156536WA0013500160
B1832541851534S04156536WA0013500160
B1832581851534S04156536WA0013500161
B1833021851534S04156537WA0013500161
B1833061851534S04156536WA0013500161
B1833101851533S04156535WA0013500162
B1833141851533S04156536WA0013500160
B1833181851533S04156536WA0013500161
B1833221851532S04156536WA0013500162
B1833261851531S04156534WA0013500165
B1833301851530S04156533WA0013500165
B1833341851529S04156532WA0013500165
B1833381851529S04156532WA0013500166
B1833421851528S04156532WA0013500167
B1833461851528S04156532WA0013500166
B1833501851528S04156532WA0013400165
B1833541851528S04156532WA0013400164
B1833581851528S04156533WA0013400165
B1834021851528S04156533WA0013400165
B1834061851528S04156533WA0013400165
B1834101851528S04156533WA0013400165
B1834141851528S04156532WA0013400165
B1834181851528S04156532WA0013400165
B1834221851528S04156532WA0013400165
B1834261851528S04156532WA0013400165
B1834301851528S04156532WA0013400166
B1834341851528S04156533WA0013400166
B1834381851528S04156533WA0013400166
B1834421851528S04156533WA0013400165
B1834461851528S04156533WA0013400163
B1834501851528S04156533WA0013400163
B1834541851528S04156533WA0013400162
B1834581851528S04156532WA0013400162
B1835021851528S04156532WA0013400162
B1835061851528S04156532WA0013400162
B1835101851528S04156532WA0013400162
B1835141851528S04156533WA0013400162
B1835181851527S04156533WA0013400162
B1835221851527S04156533WA0013500162
B1835261851528S04156533WA0013500162
B1835301851528S04156532WA0013500161
B1835341851528S04156532WA0013500161
B1835381851528S04156531WA0013500161
B1835421851528S04156531WA0013500160
B1835461851528S04156531WA0013500160
B1835501851528S04156531WA0013500160
B1835541851528S04156531WA0013500159
B1835581851528S04156531WA0013500159
B1836021851528S04156531WA0013500158
B1836061851528S04156531WA0013500159
B1836101851528S04156531WA0013500159
B1836141851528S04156531WA0013500158
B1836181851528S04156531WA0013500158
B1836221851528S04156531WA0013500157
B1836261851527S04156531WA0013500156
B1836301851527S04156532WA0013500156
B1836341851527S04156532WA0013500156
B1836381851527S04156532WA0013500156
B1836421851527S04156531WA0013500157
B1836461851525S04156529WA0013500157
B1836501851523S04156527WA0013500158
B1836541851521S04156525WA0013500158
B1836581851521S04156524WA0013500158
B1837021851520S04156524WA0013500159
B1837061851519S04156524WA0013500160
B1837101851520S04156524WA0013500159
B1837141851519S04156524WA0013500160
B1837181851520S04156524WA0013500161
B1837221851520S04156524WA0013500162
B1837261851519S04156524WA0013500163
B1837301851520S04156524WA0013500165
B1837341851520S04156525WA0013500166
B1837381851518S04156525WA0013500166
B1837421851516S04156524WA0013500166
B1837461851513S04156523WA0013500166
B1837501851511S04156523WA0013500168
B1837541851509S04156522WA0013500168
B1837581851507S04156522WA0013500167
B1838021851505S04156521WA0013500167
B1838061851504S04156521WA0013500166
B1838101851504S04156521WA0013400165
B1838141851504S04156521WA0013500166
B1838181851504S04156521WA0013500165
B1838221851503S04156519WA0013500164
B1838261851503S04156519WA0013500162
B1838301851503S04156520WA0013500161
B1838341851503S04156520WA0013500159
B1838381851503S04156520WA0013500157
B1838421851503S04156520WA0013500156
B1838461851503S04156519WA0013500156
B1838501851504S04156519WA0013500155
B1838541851504S04156519WA0013500155
B1838581851504S04156519WA0013500154
B1839021851505S04156519WA0013500154
B1839061851505S04156519WA0013500154
B1839101851505S04156518WA0013500154
B1839141851506S04156516WA0013500153
B1839181851508S04156515WA0013500153
B1839221851508S04156515WA0013500153
B1839261851509S04156515WA0013500154
B1839301851509S04156517WA0013500157
B1839341851508S04156519WA0013500158
B1839381851507S04156520WA0013500159
B1839421851507S04156521WA0013500161
B1839461851507S04156522WA0013500160
B1839501851507S04156522WA0013500159
B1839541851507S04156522WA0013500159
B1839581851507S04156523WA0013500159
B1840021851507S04156523WA0013500159
B1840061851506S04156524WA0013500160
B1840101851507S04156526WA0013500159
B1840141851507S04156528WA0013500158
B1840181851507S04156527WA0013500156
B1840221851508S04156526WA0013500155
B1840261851508S04156526WA0013500155
B1840301851507S04156525WA0013500154
B1840341851506S04156525WA0013500154
B1840381851506S04156524WA0013500155
B1840421851506S04156524WA0013500156
B1840461851506S04156523WA0013500157
B1840501851506S04156523WA0013500159
B1840541851507S04156522WA0013500159
B1840581851507S04156520WA0013500158
B1841021851506S04156518WA0013500159
B1841061851506S04156516WA0013500160
B1841101851505S04156513WA0013500161
B1841141851505S04156511WA0013500162
B1841181851505S04156510WA0013500161
B1841221851504S04156512WA0013500161
B1841261851503S04156514WA0013500159
B1841301851503S04156516WA0013400159
B1841341851504S04156518WA0013500159
B1841381851505S04156518WA0013500158
B1841421851505S04156518WA0013500157
B1841461851504S04156518WA0013500157
B1841501851505S04156520WA0013500157
B1841541851506S04156522WA0013500156
B1841581851506S04156524WA0013500155
B1842021851505S04156525WA0013500155
B1842061851505S04156524WA0013500154
B1842101851505S04156525WA0013500153
B1842141851505S04156527WA0013500152
B1842181851506S04156529WA0013500152
B1842221851506S04156529WA0013500151
B1842261851506S04156529WA0013500151
B1842301851506S04156529WA0013500152
B1842341851507S04156530WA0013500151
B1842381851508S04156530WA0013500153
B1842421851508S04156530WA0013500153
B1842461851507S04156531WA0013500153
B1842501851507S04156531WA0013500152
B1842541851507S04156531WA0013500152
B1842581851507S04156532WA0013500151
B1843021851509S04156533WA0013500148
B1843061851510S04156534WA0013500147
B1843101851512S04156534WA0013500147
B1843141851513S04156535WA0013600146
B1843181851513S04156537WA0013500149
B1843221851513S04156538WA0013600150
B1843261851513S04156539WA0013600150
B1843301851514S04156537WA0013600151
B1843341851514S04156536WA0013500152
B1843381851514S04156535WA0013500152
B1843421851515S04156535WA0013500152
B1843461851516S04156534WA0013500152
B1843501851516S04156534WA0013500151
B1843541851517S04156534WA0013500151
B1843581851516S04156535WA0013500151
B1844021851516S04156536WA0013600150
B1844061851516S04156536WA0013600150
B1844101851516S04156537WA0013600150
B1844141851515S04156538WA0013600151
B1844181851516S04156538WA0013600152
B1844221851516S04156539WA0013600152
B1844261851515S04156539WA0013600151
B1844301851515S04156539WA0013600152
B1844341851515S04156539WA0013600152
B1844381851516S04156542WA0013600149
B1844421851520S04156548WA0013800151
B1844461851522S04156556WA0014000155
B1844501851523S04156562WA0014200155
B1844541851522S04156569WA0014200155
B1844581851520S04156573WA0014200153
B1845021851525S04156579WA0014300151
B1845061851535S04156583WA0014300155
B1845101851548S04156593WA0014200155
B1845141851559S04156607WA0014100154
B1845181851567S04156621WA0014000154
B1845221851557S04156636WA0014200161
B1845261851545S04156649WA0014300161
B1845301851532S04156662WA0014400161
B1845341851526S04156667WA0014400166
B1845381851524S04156673WA0014500163
B1845421851524S04156681WA0014400164
B1845461851531S04156689WA0014500170
B1845501851542S04156702WA0014500172
B1845541851545S04156710WA0014400176
B1845581851547S04156714WA0014400170
B1846021851546S04156720WA0014500158
B1846061851540S04156726WA0014500154
B1846101851544S04156734WA0014600153
B1846141851555S04156746WA0014600149
B1846181851562S04156753WA0014500148
B1846221851565S04156755WA0014500147
B1846261851567S04156757WA0014500148
B1846301851568S04156758WA0014500151
B1846341851569S04156760WA0014500153
B1846381851569S04156761WA0014500153
B1846421851570S04156762WA0014500154
B1846461851573S04156765WA0014600156
B1846501851582S04156774WA0014600157
B1846541851596S04156785WA0014700158
B1846581851612S04156801WA0014700158
B1847021851624S04156815WA0014600160
B1847061851625S04156834WA0014600161
B1847101851625S04156849WA0014600160
B1847141851620S04156861WA0014600161
B1847181851618S04156868WA0014600161
B1847221851614S04156867WA0014600161
B1847261851612S04156872WA0014600160
B1847301851611S04156873WA0014600160
B1847341851612S04156870WA0014600161
B1847381851612S04156867WA0014600163
B1847421851610S04156869WA0014600164
B1847461851607S04156870WA0014600163
B1847501851607S04156868WA0014600165
B1847541851605S04156868WA0014600160
B1847581851604S04156865WA0014600159
B1848021851605S04156860WA0014600155
B1848061851604S04156857WA0014600161
B1848101851606S04156853WA0014600160
B1848141851604S04156854WA0014600164
B1848181851601S04156853WA0014600162
B1848221851596S04156858WA0014600161
B1848261851587S04156867WA0014700157
B1848301851575S04156879WA0014700152
B1848341851563S04156889WA0014700150
B1848381851555S04156894WA0014600148
B1848421851544S04156902WA0014800150
B1848461851526S04156914WA0014800154
B1848501851521S04156919WA0014700161
B1848541851519S04156920WA0014700165
B1848581851519S04156920WA0014700167
B1849021851518S04156920WA0014700170
B1849061851516S04156921WA0014700172
B1849101851509S04156925WA0014800173
B1849141851501S04156921WA0014800172
B1849181851492S04156907WA0014900171
B1849221851482S04156891WA0014800172
B1849261851477S04156880WA0014700171
B1849301851477S04156878WA0014700169
B1849341851477S04156878WA0014700168
B1849381851478S04156878WA0014700168
B1849421851478S04156878WA0014700168
B1849461851478S04156878WA0014700167
B1849501851478S04156878WA0014700165
B1849541851477S04156877WA0014700163
B1849581851469S04156864WA0014800162
B1850021851460S04156848WA0014900161
B1850061851454S04156836WA0014800162
B1850101851451S04156834WA0014700160
B1850141851450S04156834WA0014700161
B1850181851450S04156834WA0014700163
B1850221851449S04156834WA0014700165
B1850261851446S04156831WA0014800165
B1850301851445S04156830WA0014800165
B1850341851445S04156831WA0014700166
B1850381851444S04156831WA0014800167
B1850421851443S04156829WA0014800169
B1850461851443S04156829WA0014800171
B1850501851443S04156829WA0014800174
B1850541851443S04156829WA0014800177
B1850581851443S04156829WA0014700179
B1851021851442S04156829WA0014700178
B1851061851442S04156829WA0014700181
B1851101851442S04156829WA0014700185
B1851141851442S04156829WA0014800187
B1851181851441S04156830WA0014800188
B1851221851440S04156829WA0014800188
B1851261851437S04156824WA0014800190
B1851301851433S04156819WA0014800190
B1851341851432S04156818WA0014700190
B1851381851432S04156816WA0014700187
B1851421851432S04156815WA0014700186
B1851461851431S04156815WA0014700185
B1851501851430S04156815WA0014700184
B1851541851430S04156815WA0014700183
B1851581851429S04156814WA0014700182
B1852021851429S04156814WA0014700182
B1852061851428S04156814WA0014700181
B1852101851428S04156813WA0014700181
B1852141851427S04156813WA0014700181
B1852181851427S04156813WA0014700179
B1852221851423S04156809WA0014800178
B1852261851413S04156793WA0014900177
B1852301851403S04156777WA0014900174
B1852341851392S04156760WA0014900172
B1852381851381S04156742WA0014800170
B1852421851370S04156723WA0014900169
B1852461851358S04156704WA0014800167
B1852501851346S04156685WA0014800166
B1852541851333S04156664WA0014900165
B1852581851318S04156644WA0014800159
B1853021851304S04156622WA0014900158
B1853061851290S04156600WA0014900157
B1853101851275S04156577WA0014800158
B1853141851261S04156555WA0014800158
B1853181851248S04156534WA0014600161
B1853221851235S04156512WA0014700164
B1853261851221S04156489WA0014700166
B1853301851208S04156468WA0014700167
B1853341851197S04156452WA0014600166
B1853381851187S04156435WA0014600166
B1853421851177S04156419WA0014600164
B1853461851166S04156401WA0014600163
B1853501851156S04156386WA0014500163
B1853541851146S04156379WA0014500164
B1853581851129S04156390WA0014600165
B1854021851108S04156406WA0014700165
B1854061851087S04156421WA0014700166
B1854101851069S04156434WA0014700166
B1854141851064S04156437WA0014500167
B1854181851064S04156438WA0014500165
B1854221851064S04156438WA0014500163
B1854261851064S04156438WA0014500161
B1854301851064S04156438WA0014500161
B1854341851063S04156438WA0014500160
B1854381851063S04156438WA0014500161
B1854421851064S04156438WA0014500162
B1854461851064S04156438WA0014500164
B1854501851064S04156438WA0014500166
B1854541851064S04156438WA0014500166
B1854581851064S04156438WA0014500166
B1855021851063S04156438WA0014500166
B1855061851064S04156438WA0014500169
B1855101851064S04156438WA0014500170
B1855141851061S04156439WA0014500170
B1855181851055S04156447WA0014500170
B1855221851058S04156457WA0014600175
B1855261851064S04156467WA0014500177
B1855301851066S04156468WA0014500177
B1855341851065S04156469WA0014500177
B1855381851067S04156469WA0014500177
B1855421851066S04156470WA0014500174
B1855461851066S04156471WA0014400174
B1855501851066S04156471WA0014400175
B1855541851066S04156472WA0014400175
B1855581851066S04156473WA0014400175
B1856021851067S04156472WA0014500173
B1856061851067S04156471WA0014500173
B1856101851066S04156470WA0014400174
B1856141851067S04156470WA0014400175
B1856181851067S04156470WA0014400176
B1856221851067S04156471WA0014400177
B1856261851068S04156472WA0014500179
B1856301851070S04156474WA0014400179
B1856341851068S04156476WA0014500178
B1856381851070S04156475WA0014500177
B1856421851071S04156473WA0014500176
B1856461851070S04156470WA0014500175
B1856501851069S04156467WA0014600174
B1856541851070S04156468WA0014700173
B1856581851069S04156472WA0014800172
B1857021851070S04156473WA0014900172
B1857061851068S04156471WA0014900171
B1857101851064S04156471WA0014800169
B1857141851063S04156472WA0014900168
B1857181851064S04156470WA0014900165
B1857221851062S04156473WA0014900163
B1857261851062S04156474WA0014900163
B1857301851062S04156474WA0014900163
B1857341851062S04156475WA0014900162
B1857381851062S04156476WA0014900163
B1857421851062S04156478WA0014900162
B1857461851062S04156478WA0014900159
B1857501851062S04156478WA0014900158
B1857541851062S04156479WA0014900158
B1857581851062S04156479WA0014900156
B1858021851062S04156480WA0014900155
B1858061851062S04156481WA0014800152
B1858101851061S04156481WA0014900150
B1858141851061S04156482WA0014800148
B1858181851061S04156482WA0014900149
B1858221851061S04156480WA0014800148
B1858261851060S04156479WA0014800146
B1858301851060S04156480WA0014800146
B1858341851061S04156481WA0014900147
B1858381851061S04156482WA0014800148
B1858421851061S04156484WA0014900149
B1858461851061S04156484WA0014800146
B1858501851061S04156483WA0014900146
B1858541851061S04156483WA0014900146
B1858581851062S04156484WA0014800146
B1859021851062S04156482WA0014900147
B1859061851062S04156481WA0014800147
B1859101851061S04156481WA0014900148
B1859141851061S04156481WA0014800149
B1859181851061S04156480WA0014800149
B1859221851061S04156481WA0014800149
B1859261851061S04156481WA0014900148
B1859301851061S04156481WA0014900149
B1859341851061S04156481WA0014900147
B1859381851061S04156481WA0014900149
B1859421851061S04156481WA0014900147
B1859461851060S04156482WA0014900147
B1859501851060S04156482WA0014900151
B1859541851060S04156483WA0014900154
B1859581851060S04156483WA0014800156
B1900021851060S04156483WA0014800154
B1900061851060S04156484WA0014800157
B1900101851059S04156485WA0014800157
B1900141851058S04156485WA0014800161
B1900181851058S04156485WA0014800164
B1900221851058S04156485WA0014800164
B1900261851058S04156485WA0014900167
B1900301851058S04156485WA0014800167
B1900341851059S04156485WA0014900167
B1900381851059S04156485WA0014800169
B1900421851058S04156485WA0014900169
B1900461851058S04156484WA0014800169
B1900501851058S04156485WA0014900173
B1900541851057S04156486WA0014800175
B1900581851057S04156486WA0014900176
B1901021851057S04156484WA0014800179
B1901061851057S04156483WA0014900176
B1901101851057S04156482WA0014800173
B1901141851058S04156481WA0014900171
B1901181851059S04156481WA0014900171
B1901221851059S04156482WA0014900170
B1901261851057S04156482WA0014900170
B1901301851057S04156483WA0014800171
B1901341851057S04156484WA0014800169
B1901381851056S04156484WA0014800168
B1901421851056S04156485WA0014900169
B1901461851057S04156484WA0014900170
B1901501851057S04156485WA0014800170
B1901541851057S04156485WA0014800170
B1901581851057S04156486WA0014900171
B1902021851058S04156485WA0014800173
B1902061851059S04156486WA0014800175
B1902101851060S04156485WA0014800176
B1902141851059S04156485WA0014900176
B1902181851060S04156486WA0014900176
B1902221851061S04156485WA0014800176
B1902261851062S04156486WA0014800178
B1902301851063S04156485WA0014800179
B1902341851063S04156485WA0014900178
B1902381851064S04156486WA0014800177
B1902421851063S04156487WA0014800177
B1902461851062S04156486WA0014800177
B1902501851061S04156486WA0014900175
B1902541851062S04156485WA0014900174
B1902581851062S04156484WA0014900173
B1903021851062S04156484WA0014900173
B1903061851062S04156484WA0014900173
B1903101851061S04156485WA0014800173
B1903141851061S04156485WA0014800173
B1903181851061S04156485WA0014900173
B1903221851061S04156485WA0014900172
B1903261851062S04156486WA0014800170
B1903301851061S04156486WA0014900167
B1903341851061S04156487WA0014900166
B1903381851061S04156486WA0014800165
B1903421851061S04156487WA0014900165
B1903461851062S04156485WA0014900166
B1903501851062S04156484WA0014900168
B1903541851061S04156483WA0014900167
B1903581851061S04156484WA0014800166
B1904021851060S04156485WA0014900164
B1904061851061S04156485WA0014900163
B1904101851062S04156484WA0014800164
B1904141851063S04156484WA0014800164
B1904181851063S04156485WA0014800164
B1904221851063S04156485WA0014900164
B1904261851063S04156484WA0014800164
B1904301851064S04156484WA0014800164
B1904341851063S04156484WA0014800165
B1904381851063S04156483WA0014800166
B1904421851063S04156482WA0014900168
B1904461851063S04156482WA0014900169
B1904501851063S04156481WA0014800171
B1904541851062S04156482WA0014900170
B1904581851062S04156482WA0014900171
B1905021851062S04156481WA0014800172
B1905061851063S04156480WA0014800171
B1905101851063S04156479WA0014900171
B1905141851063S04156480WA0014900172
B1905181851061S04156481WA0014900170
B1905221851061S04156481WA0014800169
B1905261851061S04156482WA0014800168
B1905301851061S04156482WA0014900169
B1905341851059S04156483WA0014900168
B1905381851059S04156483WA0014900170
B1905421851059S04156482WA0014900170
B1905461851058S04156483WA0014900170
B1905501851060S04156483WA0014900172
B1905541851060S04156483WA0014900172
B1905581851060S04156483WA0014900171
B1906021851060S04156484WA0014900168
B1906061851059S04156485WA0014900167
B1906101851059S04156485WA0014800168
B1906141851060S04156484WA0014900168
B1906181851061S04156485WA0014900170
B1906221851060S04156485WA0014900170
B1906261851059S04156486WA0014900168
B1906301851059S04156486WA0014900168
B1906341851059S04156484WA0014800167
B1906381851059S04156484WA0014900164
B1906421851059S04156484WA0014900166
B1906461851058S04156485WA0014900165
B1906501851057S04156486WA0014900162
B1906541851057S04156489WA0014900162
B1906581851058S04156491WA0014800161
B1907021851059S04156489WA0014900160
B1907061851057S04156490WA0014900160
B1907101851059S04156488WA0014900159
B1907141851059S04156489WA0014800158
B1907181851059S04156488WA0014800161
B1907221851060S04156488WA0014800160
B1907261851061S04156488WA0014900158
B1907301851062S04156486WA0014900160
B1907341851062S04156485WA0014900163
B1907381851061S04156484WA0014900163
B1907421851061S04156483WA0014900161
B1907461851060S04156484WA0014900160
B1907501851059S04156485WA0014900161
B1907541851060S04156484WA0014900160
B1907581851060S04156485WA0014900162
B1908021851059S04156485WA0014900161
B1908061851058S04156486WA0014800157
B1908101851058S04156486WA0014800156
B1908141851058S04156487WA0014900161
B1908181851058S04156488WA0014800161
B1908221851057S04156489WA0014800157
B1908261851058S04156489WA0014800154
B1908301851059S04156490WA0014800151
B1908341851060S04156491WA0014800151
B1908381851059S04156492WA0014800152
B1908421851059S04156492WA0014900148
B1908461851058S04156491WA0014900144
B1908501851058S04156491WA0014800145
B1908541851058S04156490WA0014800143
B1908581851058S04156489WA0014800141
B1909021851058S04156491WA0014800141
B1909061851057S04156491WA0014800145
B1909101851057S04156490WA0014800145
B1909141851058S04156489WA0014800147
B1909181851058S04156489WA0014900148
B1909221851059S04156487WA0014800151
B1909261851060S04156486WA0014800153
B1909301851060S04156486WA0014900154
B1909341851060S04156486WA0014800153
B1909381851060S04156486WA0014900155
B1909421851061S04156485WA0014800155
B1909461851061S04156485WA0014800153
B1909501851061S04156486WA0014800156
B1909541851061S04156486WA0014800156
B1909581851061S04156486WA0014800155
B1910021851061S04156486WA0014800157
B1910061851061S04156486WA0014800154
B1910101851060S04156486WA0014900153
B1910141851060S04156486WA0014800154
B1910181851060S04156486WA0014800153
B1910221851060S04156486WA0014800154
B1910261851060S04156487WA0014900156
B1910301851061S04156488WA0014800153
B1910341851061S04156488WA0014800154
B1910381851061S04156487WA0014800153
B1910421851061S04156486WA0014900153
B1910461851061S04156485WA0014900155
B1910501851061S04156484WA0014900156
B1910541851061S04156484WA0014800158
B1910581851061S04156484WA0014800159
B1911021851061S04156484WA0014800160
B1911061851062S04156483WA0014800162
B1911101851062S04156483WA0014800165
B1911141851061S04156484WA0014800165
B1911181851062S04156484WA0014800168
B1911221851062S04156484WA0014900171
B1911261851062S04156484WA0014900173
B1911301851062S04156484WA0014800175
B1911341851062S04156484WA0014900176
B1911381851061S04156485WA0014900179
B1911421851060S04156484WA0014900180
B1911461851060S04156485WA0014800183
B1911501851060S04156486WA0014800187
B1911541851061S04156484WA0014800188
B1911581851061S04156484WA0014800190
B1912021851061S04156485WA0014800190
B1912061851062S04156485WA0014800192
B1912101851061S04156486WA0014800193
B1912141851060S04156487WA0014800194
B1912181851060S04156487WA0014800196
B1912221851060S04156486WA0014800200
B1912261851061S04156486WA0014800200
B1912301851061S04156486WA0014800199
B1912341851060S04156487WA0014800200
B1912381851059S04156486WA0014800200
B1912421851060S04156487WA0014800201
B1912461851060S04156486WA0014800199
B1912501851061S04156487WA0014800199
B1912541851061S04156486WA0014800197
B1912581851062S04156485WA0014800197
B1913021851063S04156485WA0014800196
B1913061851063S04156485WA0014800193
B1913101851063S04156487WA0014800191
B1913141851063S04156488WA0014900191
B1913181851063S04156488WA0014800191
B1913221851063S04156487WA0014800191
B1913261851062S04156486WA0014900187
B1913301851062S04156486WA0014800185
B1913341851063S04156486WA0014800184
B1913381851064S04156487WA0014800182
B1913421851064S04156487WA0014800180
B1913461851065S04156488WA0014800181
B1913501851065S04156487WA0014800183
B1913541851066S04156486WA0014800183
B1913581851066S04156486WA0014800182
B1914021851065S04156483WA0014800182
B1914061851066S04156482WA0014800182
B1914101851066S04156482WA0014800182
B1914141851065S04156481WA0014800183
B1914181851065S04156481WA0014900185
B1914221851066S04156480WA0014800185
B1914261851066S04156480WA0014900185
B1914301851067S04156480WA0014900186
B1914341851067S04156481WA0014900188
B1914381851068S04156482WA0014900191
B1914421851069S04156481WA0014900190
B1914461851068S04156481WA0014900191
B1914501851068S04156481WA0014800193
B1914541851068S04156481WA0014800194
B1914581851068S04156481WA0014800196
B1915021851069S04156481WA0014800197
B1915061851069S04156481WA0014800197
B1915101851070S04156482WA0014800197
B1915141851069S04156481WA0014800197
B1915181851063S04156481WA0014900191
B1915221851062S04156481WA0014900190
B1915261851060S04156481WA0014900190
B1915301851061S04156481WA0014800190
B1915341851061S04156481WA0014800189
B1915381851062S04156481WA0014800188
B1915421851061S04156481WA0014800188
B1915461851062S04156483WA0014800188
B1915501851063S04156483WA0014800189
B1915541851063S04156483WA0014800191
B1915581851063S04156484WA0014800191
B1916021851061S04156485WA0014800190
B1916061851060S04156485WA0014800189
B1916101851061S04156484WA0014800189
B1916141851062S04156486WA0014800188
B1916181851062S04156486WA0014800185
B1916221851063S04156486WA0014800185
B1916261851064S04156486WA0014800189
B1916301851063S04156485WA0014800188
B1916341851062S04156484WA0014800188
B1916381851061S04156484WA0014800186
B1916421851059S04156485WA0014800185
B1916461851058S04156485WA0014800186
B1916501851059S04156485WA0014800185
B1916541851060S04156484WA0014800185
B1916581851062S04156484WA0014800183
B1917021851062S04156484WA0014800184
B1917061851061S04156482WA0014800183
B1917101851061S04156480WA0014800182
B1917141851059S04156477WA0014800181
B1917181851058S04156476WA0014800182
B1917221851061S04156475WA0014800181
B1917261851057S04156475WA0014800174
B1917301851055S04156478WA0014800172
B1917341851051S04156478WA0014800173
B1917381851054S04156478WA0014800177
B1917421851055S04156478WA0014800178
B1917461851059S04156477WA0014800178
B1917501851062S04156478WA0014800176
B1917541851061S04156479WA0014800177
B1917581851059S04156480WA0014800180
B1918021851059S04156481WA0014800182
B1918061851059S04156481WA0014800184
B1918101851060S04156480WA0014800185
B1918141851060S04156480WA0014800185
B1918181851060S04156482WA0014800181
B1918221851060S04156484WA0014800180
B1918261851059S04156485WA0014800179
B1918301851060S04156484WA0014800177
B1918341851062S04156484WA0014800175
B1918381851061S04156485WA0014800173
B1918421851061S04156485WA0014800173
B1918461851062S04156484WA0014800172
B1918501851062S04156485WA0014800174
B1918541851062S04156485WA0014800175
B1918581851062S04156485WA0014800176
B1919021851061S04156486WA0014800175
B1919061851061S04156486WA0014800176
B1919101851061S04156487WA0014800175
B1919141851061S04156486WA0014800176
B1919181851061S04156487WA0014800175
B1919221851062S04156487WA0014800175
B1919261851062S04156487WA0014800177
B1919301851062S04156485WA0014800178
B1919341851064S04156484WA0014800176
B1919381851064S04156484WA0014800177
B1919421851064S04156484WA0014800177
B1919461851065S04156483WA0014800179
B1919501851066S04156483WA0014800180
B1919541851066S04156482WA0014800180
B1919581851067S04156481WA0014800180
B1920021851067S04156481WA0014800178
B1920061851067S04156482WA0014800178
B1920101851068S04156482WA0014800177
B1920141851068S04156483WA0014800176
B1920181851069S04156482WA0014800176
B1920221851069S04156481WA0014800178
B1920261851068S04156481WA0014800177
B1920301851068S04156481WA0014800176
B1920341851067S04156482WA0014800176
B1920381851067S04156482WA0014800174
B1920421851068S04156482WA0014800175
B1920461851067S04156482WA0014800175
B1920501851068S04156482WA0014800174
B1920541851066S04156483WA0014800174
B1920581851065S04156483WA0014900175
B1921021851066S04156482WA0014800176
B1921061851067S04156482WA0014800175
B1921101851067S04156481WA0014800175
B1921141851067S04156481WA0014800175
B1921181851067S04156480WA0014800175
B1921221851065S04156480WA0014800175
B1921261851065S04156480WA0014800175
B1921301851065S04156480WA0014900174
B1921341851065S04156480WA0014800174
B1921381851065S04156480WA0014800173
B1921421851065S04156479WA0014800172
B1921461851065S04156479WA0014800171
B1921501851065S04156479WA0014800170
B1921541851066S04156479WA0014800169
B1921581851066S04156479WA0014800169
B1922021851066S04156479WA0014800169
B1922061851066S04156479WA0014800170
B1922101851065S04156479WA0014800170
B1922141851066S04156479WA0014800170
B1922181851068S04156480WA0014800170
B1922221851070S04156480WA0014800169
B1922261851069S04156481WA0014800169
B1922301851069S04156482WA0014800171
B1922341851070S04156481WA0014800170
B1922381851071S04156481WA0014800169
B1922421851072S04156481WA0014800170
B1922461851071S04156481WA0014800172
B1922501851071S04156481WA0014800174
B1922541851070S04156481WA0014800177
B1922581851070S04156481WA0014800180
B1923021851070S04156482WA0014800183
B1923061851071S04156481WA0014800185
B1923101851071S04156481WA0014800187
B1923141851071S04156481WA0014800189
B1923181851071S04156481WA0014800190
B1923221851070S04156481WA0014800193
B1923261851071S04156481WA0014800195
B1923301851070S04156480WA0014800193
B1923341851068S04156480WA0014800193
B1923381851068S04156481WA0014800195
B1923421851067S04156480WA0014800195
B1923461851067S04156480WA0014800195
B1923501851065S04156480WA0014800195
B1923541851066S04156480WA0014800195
B1923581851066S04156480WA0014800195
B1924021851066S04156480WA0014800195
B1924061851066S04156481WA0014800194
B1924101851066S04156481WA0014800195
B1924141851066S04156481WA0014800194
B1924181851066S04156481WA0014800194
B1924221851066S04156482WA0014800194
B1924261851065S04156482WA0014800193
B1924301851064S04156483WA0014800193
B1924341851064S04156483WA0014800193
B1924381851064S04156483WA0014800193
B1924421851062S04156482WA0014800193
B1924461851064S04156481WA0014800193
B1924501851064S04156481WA0014800193
B1924541851064S04156481WA0014800194
B1924581851063S04156481WA0014800195
B1925021851062S04156482WA0014800196
B1925061851062S04156482WA0014800196
B1925101851062S04156482WA0014800198
B1925141851061S04156484WA0014800197
B1925181851061S04156484WA0014800196
B1925221851063S04156483WA0014800197
B1925261851067S04156482WA0014800195
B1925301851068S04156481WA0014800195
B1925341851068S04156479WA0014800196
B1925381851064S04156480WA0014800194
B1925421851062S04156481WA0014800192
B1925461851062S04156482WA0014800191
B1925501851061S04156482WA0014800192
B1925541851062S04156482WA0014800193
B1925581851062S04156481WA0014800194
B1926021851061S04156481WA0014800195
B1926061851061S04156481WA0014800196
B1926101851061S04156481WA0014800197
B1926141851062S04156480WA0014800198
B1926181851067S04156478WA0014800199
B1926221851069S04156477WA0014800201
B1926261851068S04156478WA0014800201
B1926301851067S04156478WA0014800201
B1926341851067S04156479WA0014800200
B1926381851066S04156479WA0014800199
B1926421851065S04156480WA0014800199
B1926461851062S04156480WA0014800198
B1926501851063S04156481WA0014800198
B1926541851068S04156479WA0014800200
B1926581851070S04156478WA0014800199
B1927021851071S04156477WA0014800197
B1927061851071S04156476WA0014800197
B1927101851070S04156476WA0014800195
B1927141851068S04156475WA0014800193
B1927181851066S04156474WA0014800189
B1927221851064S04156475WA0014800187
B1927261851063S04156475WA0014800186
B1927301851062S04156477WA0014800183
B1927341851062S04156479WA0014800183
B1927381851062S04156478WA0014800181
B1927421851061S04156477WA0014800179
B1927461851060S04156477WA0014800177
B1927501851060S04156477WA0014900175
B1927541851060S04156476WA0014900174
B1927581851060S04156476WA0014800173
B1928021851061S04156476WA0014800175
B1928061851062S04156476WA0014900173
B1928101851063S04156477WA0014800173
B1928141851063S04156477WA0014900171
B1928181851063S04156478WA0014800170
B1928221851065S04156477WA0014800169
B1928261851065S04156477WA0014800170
B1928301851066S04156478WA0014800170
B1928341851067S04156478WA0014800168
B1928381851068S04156478WA0014900165
B1928421851070S04156478WA0014900166
B1928461851075S04156477WA0014800170
B1928501851077S04156477WA0014800177
B1928541851077S04156477WA0014800177
B1928581851078S04156477WA0014800180
B1929021851079S04156477WA0014800182
B1929061851079S04156477WA0014800188
B1929101851077S04156477WA0014800190
B1929141851076S04156477WA0014800187
B1929181851075S04156477WA0014800188
B1929221851074S04156477WA0014800189
B1929261851073S04156476WA0014800188
B1929301851071S04156476WA0014800188
B1929341851069S04156476WA0014800188
B1929381851067S04156476WA0014800188
B1929421851066S04156475WA0014800188
B1929461851066S04156475WA0014800189
B1929501851066S04156474WA0014800190
B1929541851066S04156475WA0014800189
B1929581851066S04156476WA0014800189
B1930001851065S04156475WA0014900190
