AXFMSFP Flymaster Live, V1.0, S/N 422395
HFDTE210426
HFPLTPILOTINCHARGE:Pamela Diez
B1438001853182S04154908WA0099801091
B1438041853168S04154912WA0099401085
B1438081853150S04154904WA0099201084
B1438121853139S04154897WA0099201084
B1438161853118S04154891WA0098901079
B1438201853098S04154889WA0098501075
B1438241853081S04154890WA0099101083
B1438281853065S04154888WA0099301087
B1438321853052S04154886WA0100601101
B1438361853046S04154907WA0100701102
B1438401853043S04154926WA0101301110
B1438441853039S04154948WA0101201107
B1438481853045S04154972WA0101501110
B1438521853063S04154991WA0102301117
B1438561853090S04154980WA0102801117
B1439001853097S04154961WA0103801130
B1439041853105S04154940WA0104301134
B1439081853103S04154920WA0104601137
B1439121853100S04154903WA0105301144
B1439161853091S04154890WA0105701148
B1439201853082S04154876WA0105601148
B1439241853068S04154867WA0105301146
B1439281853053S04154863WA0104901141
B1439321853037S04154864WA0104701139
B1439361853020S04154870WA0104401136
B1439401853010S04154884WA0104201135
B1439441853006S04154906WA0103901132
B1439481853001S04154929WA0103301127
B1439521852995S04154953WA0103001124
B1439561852989S04154977WA0102801122
B1440001852983S04155003WA0102301117
B1440041852982S04155028WA0102001114
B1440081852991S04155055WA0101601110
B1440121852998S04155082WA0101401108
B1440161853004S04155113WA0101501110
B1440201853017S04155139WA0101601110
B1440241853054S04155139WA0101701110
B1440281853072S04155128WA0102701121
B1440321853081S04155106WA0103501127
B1440361853071S04155097WA0104601139
B1440401853053S04155101WA0105601150
B1440441853048S04155126WA0105701150
B1440481853037S04155144WA0105701152
B1440521853023S04155149WA0105301148
B1440561853011S04155141WA0105001145
B1441001853000S04155129WA0104701141
B1441041852989S04155112WA0104501138
B1441081852983S04155097WA0104601140
B1441121852973S04155081WA0103901133
B1441161852962S04155065WA0103501128
B1441201852946S04155046WA0102901120
B1441241852940S04155031WA0103401126
B1441281852931S04155014WA0103101122
B1441321852924S04155002WA0103001121
B1441361852914S04154987WA0102801118
B1441401852900S04154978WA0102801117
B1441441852884S04154973WA0102601115
B1441481852870S04154973WA0102301112
B1441521852860S04154994WA0101901107
B1441561852851S04155016WA0101501102
B1442001852842S04155038WA0101301101
B1442041852827S04155049WA0101101098
B1442081852812S04155064WA0101101100
B1442121852797S04155080WA0100901097
B1442161852789S04155101WA0101001097
B1442201852800S04155128WA0100501092
B1442241852819S04155150WA0100301091
B1442281852848S04155163WA0099701084
B1442321852876S04155163WA0100001087
B1442361852896S04155160WA0100401092
B1442401852899S04155142WA0100001086
B1442441852897S04155127WA0099901086
B1442481852884S04155113WA0099701085
B1442521852874S04155097WA0099601084
B1442561852859S04155085WA0099101079
B1443001852848S04155079WA0099201081
B1443041852833S04155075WA0098501074
B1443081852818S04155076WA0097401062
B1443121852799S04155082WA0096301051
B1443161852783S04155084WA0095301040
B1443201852775S04155068WA0094001026
B1443241852770S04155049WA0093301019
B1443281852779S04155030WA0092301008
B1443321852795S04155008WA0092301009
B1443361852810S04154991WA0093101017
B1443401852833S04154980WA0094401031
B1443441852854S04154969WA0095201039
B1443481852871S04154956WA0096501054
B1443521852862S04154946WA0096801057
B1443561852849S04154956WA0097201062
B1444001852847S04154985WA0097001058
B1444041852866S04155001WA0098301073
B1444081852874S04154981WA0099001078
B1444121852859S04154985WA0100301091
B1444161852862S04155013WA0100701096
B1444201852886S04155008WA0101401101
B1444241852873S04154997WA0102301111
B1444281852870S04155022WA0102901117
B1444321852895S04155037WA0103901130
B1444361852918S04155036WA0104801140
B1444401852917S04155016WA0105601146
B1444441852901S04155017WA0107101163
B1444481852907S04155041WA0107201163
B1444521852935S04155044WA0108001173
B1444561852942S04155029WA0109401187
B1445001852926S04155021WA0110701201
B1445041852917S04155031WA0110901203
B1445081852900S04155025WA0109901192
B1445121852888S04155020WA0109301185
B1445161852877S04155008WA0108601177
B1445201852861S04155000WA0108101172
B1445241852847S04154990WA0107901171
B1445281852832S04154980WA0107901172
B1445321852819S04154972WA0108901181
B1445361852805S04154961WA0109101183
B1445401852792S04154951WA0109101183
B1445441852778S04154937WA0109501188
B1445481852765S04154931WA0109101186
B1445521852749S04154938WA0109201186
B1445561852743S04154957WA0108701180
B1446001852750S04154987WA0108301178
B1446041852761S04155013WA0108801182
B1446081852780S04155024WA0109201186
B1446121852805S04155013WA0109401186
B1446161852829S04154998WA0109801189
B1446201852835S04154984WA0111601210
B1446241852820S04154981WA0111501209
B1446281852807S04155000WA0111501209
B1446321852806S04155024WA0111901214
B1446361852818S04155044WA0112801223
B1446401852839S04155063WA0112901225
B1446441852864S04155067WA0113201227
B1446481852885S04155062WA0113901235
B1446521852894S04155049WA0115201249
B1446561852879S04155044WA0116201259
B1447001852860S04155058WA0116701263
B1447041852848S04155081WA0117101267
B1447081852844S04155104WA0117301270
B1447121852845S04155127WA0117901277
B1447161852851S04155155WA0118301282
B1447201852857S04155185WA0118501283
B1447241852857S04155214WA0118401282
B1447281852860S04155245WA0118301280
B1447321852876S04155273WA0118701285
B1447361852896S04155298WA0119001288
B1447401852921S04155312WA0119401293
B1447441852943S04155327WA0119801297
B1447481852969S04155334WA0119701295
B1447521852993S04155338WA0119601294
B1447561853017S04155343WA0119101289
B1448001853044S04155346WA0118401281
B1448041853070S04155348WA0117601274
B1448081853099S04155361WA0117301271
B1448121853128S04155373WA0117001266
B1448161853158S04155379WA0116901265
B1448201853190S04155389WA0116401261
B1448241853221S04155405WA0116501261
B1448281853247S04155417WA0117101268
B1448321853276S04155433WA0117001265
B1448361853305S04155446WA0116901265
B1448401853328S04155461WA0116601261
B1448441853353S04155475WA0115901254
B1448481853379S04155492WA0115001244
B1448521853405S04155508WA0114601240
B1448561853437S04155522WA0113901233
B1449001853466S04155524WA0113001223
B1449041853491S04155510WA0112201214
B1449081853510S04155490WA0111401205
B1449121853529S04155472WA0110901201
B1449161853531S04155453WA0109901191
B1449201853524S04155440WA0109901191
B1449241853513S04155426WA0109401186
B1449281853497S04155409WA0108901180
B1449321853485S04155398WA0109701190
B1449361853478S04155384WA0109901191
B1449401853477S04155364WA0110301196
B1449441853464S04155349WA0109901190
B1449481853453S04155334WA0110601199
B1449521853445S04155314WA0111101203
B1449561853430S04155309WA0111501207
B1450001853413S04155306WA0111801211
B1450041853403S04155295WA0112501218
B1450081853388S04155289WA0113001222
B1450121853393S04155310WA0113401226
B1450161853420S04155319WA0113801231
B1450201853452S04155314WA0113901232
B1450241853479S04155306WA0114701241
B1450281853497S04155285WA0114901244
B1450321853507S04155262WA0115701251
B1450361853505S04155244WA0117301269
B1450401853490S04155241WA0118001277
B1450441853497S04155262WA0118401280
B1450481853522S04155261WA0118901284
B1450521853538S04155238WA0119701291
B1450561853523S04155212WA0120301298
B1451001853513S04155204WA0121901318
B1451041853505S04155216WA0121901318
B1451081853524S04155229WA0122401324
B1451121853545S04155218WA0123501334
B1451161853554S04155190WA0124101341
B1451201853546S04155163WA0124601347
B1451241853530S04155146WA0125701357
B1451281853512S04155131WA0125701357
B1451321853490S04155134WA0126001359
B1451361853471S04155144WA0125601354
B1451401853449S04155147WA0125001347
B1451441853427S04155143WA0125301352
B1451481853408S04155139WA0126201361
B1451521853388S04155134WA0126501364
B1451561853373S04155123WA0126701365
B1452001853361S04155109WA0126901368
B1452041853349S04155106WA0126901369
B1452081853332S04155108WA0126501365
B1452121853319S04155108WA0126501365
B1452161853305S04155110WA0126001359
B1452201853293S04155112WA0126201362
B1452241853282S04155123WA0126801367
B1452281853284S04155143WA0128101381
B1452321853298S04155167WA0128601384
B1452361853324S04155181WA0128501383
B1452401853354S04155171WA0127801377
B1452441853370S04155156WA0128001378
B1452481853378S04155136WA0127401371
B1452521853380S04155120WA0127101368
B1452561853385S04155100WA0126701363
B1453001853394S04155081WA0126701365
B1453041853402S04155058WA0126201357
B1453081853408S04155042WA0126901367
B1453121853406S04155022WA0127201369
B1453161853409S04155008WA0128101380
B1453201853401S04154997WA0127701375
B1453241853394S04154992WA0127801378
B1453281853377S04154990WA0127001369
B1453321853368S04154983WA0127501376
B1453361853359S04154967WA0127801378
B1453401853358S04154952WA0128601388
B1453441853349S04154935WA0129301394
B1453481853339S04154932WA0130601407
B1453521853335S04154948WA0131701420
B1453561853357S04154960WA0132201422
B1454001853375S04154940WA0133001430
B1454041853371S04154926WA0134301445
B1454081853360S04154937WA0134901452
B1454121853371S04154956WA0135901462
B1454161853398S04154954WA0136001462
B1454201853422S04154935WA0137001474
B1454241853424S04154917WA0137601480
B1454281853419S04154898WA0138401488
B1454321853408S04154886WA0139001493
B1454361853401S04154878WA0139901503
B1454401853392S04154863WA0139201496
B1454441853388S04154842WA0139301497
B1454481853381S04154826WA0140101505
B1454521853365S04154833WA0140301508
B1454561853361S04154851WA0141001514
B1455001853376S04154877WA0140701509
B1455041853400S04154891WA0141601519
B1455081853431S04154894WA0141701520
B1455121853453S04154887WA0141801523
B1455161853463S04154867WA0141101516
B1455201853468S04154843WA0140501510
B1455241853467S04154821WA0140901515
B1455281853468S04154800WA0140601511
B1455321853466S04154780WA0140501510
B1455361853455S04154760WA0140101506
B1455401853446S04154741WA0140001504
B1455441853436S04154721WA0140401508
B1455481853417S04154716WA0140001505
B1455521853407S04154730WA0140101504
B1455561853395S04154747WA0139701500
B1456001853378S04154754WA0140301508
B1456041853360S04154769WA0139601502
B1456081853350S04154790WA0139301500
B1456121853358S04154816WA0138401489
B1456161853369S04154841WA0138101487
B1456201853395S04154857WA0137301479
B1456241853425S04154858WA0137201478
B1456281853457S04154854WA0136501471
B1456321853491S04154856WA0136501472
B1456361853524S04154853WA0136401470
B1456401853550S04154842WA0136801475
B1456441853565S04154821WA0136201468
B1456481853564S04154796WA0136101467
B1456521853560S04154773WA0135701462
B1456561853551S04154751WA0135601460
B1457001853540S04154729WA0135301457
B1457041853533S04154704WA0135901464
B1457081853517S04154696WA0136301468
B1457121853504S04154701WA0136101466
B1457161853496S04154722WA0135901463
B1457201853497S04154743WA0136201467
B1457241853511S04154766WA0136401469
B1457281853531S04154786WA0136301467
B1457321853560S04154794WA0136601471
B1457361853586S04154783WA0137101477
B1457401853598S04154761WA0137101476
B1457441853602S04154736WA0137101477
B1457481853593S04154710WA0137101476
B1457521853581S04154695WA0137101476
B1457561853564S04154696WA0137001476
B1458001853552S04154708WA0136301468
B1458041853542S04154724WA0136401470
B1458081853535S04154745WA0136301467
B1458121853530S04154763WA0136701473
B1458161853528S04154785WA0136101468
B1458201853546S04154808WA0136301470
B1458241853570S04154822WA0136001467
B1458281853595S04154838WA0136501472
B1458321853621S04154843WA0136601472
B1458361853643S04154831WA0137001476
B1458401853648S04154810WA0136901474
B1458441853641S04154792WA0136701473
B1458481853624S04154801WA0136501469
B1458521853629S04154822WA0136901473
B1458561853652S04154833WA0136901472
B1459001853666S04154812WA0136701470
B1459041853665S04154792WA0136601469
B1459081853652S04154772WA0136401465
B1459121853636S04154769WA0136601467
B1459161853620S04154777WA0136601468
B1459201853616S04154798WA0136501467
B1459241853626S04154821WA0136701469
B1459281853644S04154840WA0136501467
B1459321853668S04154848WA0136501468
B1459361853686S04154833WA0136101464
B1459401853693S04154811WA0135801462
B1459441853694S04154786WA0135301457
B1459481853689S04154765WA0135101454
B1459521853668S04154754WA0134901451
B1459561853650S04154746WA0135001452
B1500001853631S04154749WA0135001452
B1500041853618S04154761WA0135001452
B1500081853608S04154779WA0134201443
B1500121853605S04154803WA0133701438
B1500161853619S04154830WA0133601436
B1500201853638S04154851WA0133601436
B1500241853665S04154860WA0133001431
B1500281853693S04154852WA0132501426
B1500321853710S04154836WA0132401424
B1500361853718S04154814WA0132301423
B1500401853712S04154795WA0132401423
B1500441853696S04154779WA0132101421
B1500481853678S04154778WA0132201423
B1500521853662S04154791WA0132101420
B1500561853658S04154815WA0131901420
B1501001853670S04154838WA0131601415
B1501041853695S04154844WA0131501415
B1501081853718S04154837WA0131001409
B1501121853740S04154828WA0130901409
B1501161853760S04154816WA0130601405
B1501201853781S04154803WA0130101400
B1501241853800S04154785WA0129601395
B1501281853817S04154764WA0129101389
B1501321853840S04154752WA0128801386
B1501361853864S04154744WA0128701387
B1501401853887S04154733WA0128701386
B1501441853908S04154721WA0128601386
B1501481853933S04154712WA0128201381
B1501521853956S04154703WA0127901379
B1501561853978S04154692WA0127501374
B1502001853998S04154679WA0127201371
B1502041854017S04154663WA0126601365
B1502081854034S04154643WA0126201360
B1502121854056S04154629WA0125801357
B1502161854080S04154618WA0125701357
B1502201854104S04154605WA0125501355
B1502241854126S04154590WA0125401354
B1502281854148S04154574WA0125201352
B1502321854171S04154560WA0124901349
B1502361854193S04154547WA0124701346
B1502401854217S04154533WA0124301342
B1502441854238S04154517WA0123901338
B1502481854259S04154500WA0123401331
B1502521854279S04154482WA0123001327
B1502561854305S04154471WA0122301320
B1503001854331S04154460WA0122001318
B1503041854356S04154449WA0121901316
B1503081854384S04154438WA0122201319
B1503121854408S04154423WA0122401322
B1503161854415S04154397WA0123401332
B1503201854418S04154377WA0124401341
B1503241854403S04154369WA0125001348
B1503281854386S04154380WA0126001359
B1503321854372S04154391WA0127101369
B1503361854382S04154416WA0127601375
B1503401854406S04154426WA0128501386
B1503441854432S04154417WA0129201390
B1503481854448S04154399WA0130101402
B1503521854451S04154375WA0130701408
B1503561854436S04154363WA0131501417
B1504001854418S04154363WA0132301426
B1504041854399S04154372WA0132801430
B1504081854407S04154396WA0133601440
B1504121854432S04154404WA0134101444
B1504161854453S04154385WA0134601449
B1504201854452S04154365WA0135401456
B1504241854434S04154352WA0135601459
B1504281854416S04154351WA0136601471
B1504321854399S04154363WA0137501479
B1504361854391S04154384WA0138301489
B1504401854382S04154406WA0138901495
B1504441854383S04154428WA0139001495
B1504481854394S04154453WA0139201498
B1504521854403S04154476WA0139201498
B1504561854420S04154498WA0139101496
B1505001854442S04154512WA0138801493
B1505041854470S04154507WA0138601490
B1505081854482S04154485WA0138401488
B1505121854485S04154460WA0138401489
B1505161854489S04154435WA0138701490
B1505201854483S04154412WA0139201495
B1505241854466S04154402WA0140001503
B1505281854450S04154392WA0140201506
B1505321854434S04154379WA0140301508
B1505361854422S04154362WA0140401508
B1505401854421S04154338WA0140401509
B1505441854428S04154315WA0140601510
B1505481854445S04154291WA0140201507
B1505521854457S04154266WA0140501509
B1505561854456S04154246WA0140501508
B1506001854439S04154243WA0139901502
B1506041854427S04154252WA0140001504
B1506081854419S04154271WA0139701502
B1506121854411S04154286WA0139401500
B1506161854400S04154302WA0139501500
B1506201854389S04154317WA0139301498
B1506241854375S04154330WA0139001496
B1506281854368S04154346WA0139301500
B1506321854363S04154370WA0139001496
B1506361854354S04154390WA0139701504
B1506401854349S04154413WA0140001508
B1506441854342S04154435WA0140101508
B1506481854335S04154459WA0140301511
B1506521854337S04154482WA0141001518
B1506561854344S04154503WA0141001517
B1507001854349S04154525WA0141101518
B1507041854362S04154547WA0141101517
B1507081854375S04154570WA0141001516
B1507121854382S04154593WA0140901515
B1507161854387S04154617WA0140801513
B1507201854395S04154641WA0140501510
B1507241854408S04154665WA0140201507
B1507281854419S04154691WA0139901504
B1507321854423S04154716WA0139601501
B1507361854426S04154740WA0139501501
B1507401854427S04154763WA0139701503
B1507441854420S04154787WA0139601502
B1507481854417S04154809WA0140001507
B1507521854422S04154838WA0139501502
B1507561854437S04154862WA0139601504
B1508001854457S04154885WA0139501501
B1508041854479S04154904WA0139501503
B1508081854502S04154924WA0139801505
B1508121854529S04154939WA0139801505
B1508161854550S04154959WA0139901506
B1508201854575S04154971WA0139401500
B1508241854600S04154967WA0138901495
B1508281854622S04154952WA0138301487
B1508321854641S04154941WA0138201488
B1508361854669S04154932WA0137901485
B1508401854692S04154922WA0137801485
B1508441854709S04154903WA0137401481
B1508481854716S04154880WA0137401480
B1508521854722S04154856WA0137501481
B1508561854721S04154837WA0137801485
B1509001854704S04154835WA0138001487
B1509041854698S04154852WA0138401490
B1509081854700S04154876WA0138201488
B1509121854712S04154898WA0138401491
B1509161854734S04154907WA0138001484
B1509201854759S04154891WA0137801481
B1509241854776S04154872WA0137501475
B1509281854798S04154859WA0137801480
B1509321854823S04154846WA0137501476
B1509361854849S04154849WA0137801480
B1509401854876S04154844WA0137601478
B1509441854888S04154826WA0137901481
B1509481854874S04154813WA0137701479
B1509521854860S04154822WA0138001483
B1509561854852S04154844WA0138201485
B1510001854863S04154868WA0138401488
B1510041854878S04154886WA0138301487
B1510081854902S04154875WA0137901482
B1510121854901S04154854WA0137801481
B1510161854888S04154842WA0137901482
B1510201854870S04154839WA0138101484
B1510241854851S04154841WA0138201485
B1510281854835S04154841WA0138601489
B1510321854815S04154846WA0138401487
B1510361854800S04154857WA0138701490
B1510401854795S04154879WA0138901494
B1510441854801S04154904WA0139101496
B1510481854817S04154924WA0139501500
B1510521854836S04154939WA0139801504
B1510561854862S04154929WA0139401500
B1511001854885S04154919WA0139401500
B1511041854909S04154906WA0139501501
B1511081854920S04154888WA0139101496
B1511121854912S04154867WA0139301499
B1511161854896S04154864WA0139201496
B1511201854882S04154879WA0139501500
B1511241854884S04154903WA0139201496
B1511281854897S04154924WA0139201497
B1511321854923S04154926WA0139001493
B1511361854940S04154910WA0139101495
B1511401854949S04154886WA0138901493
B1511441854947S04154865WA0139101493
B1511481854933S04154852WA0138901492
B1511521854915S04154847WA0138901491
B1511561854895S04154849WA0138701489
B1512001854874S04154849WA0138701489
B1512041854855S04154854WA0138701489
B1512081854838S04154868WA0138701490
B1512121854821S04154882WA0138701490
B1512161854804S04154895WA0138801490
B1512201854797S04154917WA0138801491
B1512241854799S04154940WA0138801491
B1512281854820S04154957WA0138501488
B1512321854844S04154959WA0138501488
B1512361854869S04154957WA0138301486
B1512401854894S04154959WA0138501489
B1512441854917S04154953WA0138401487
B1512481854935S04154937WA0138501489
B1512521854950S04154919WA0138601489
B1512561854954S04154898WA0138101485
B1513001854964S04154879WA0138101486
B1513041854975S04154861WA0137801483
B1513081854972S04154839WA0137801483
B1513121854959S04154825WA0137701481
B1513161854940S04154823WA0137701481
B1513201854918S04154830WA0137501478
B1513241854899S04154831WA0137601479
B1513281854880S04154838WA0137501477
B1513321854862S04154847WA0137401477
B1513361854845S04154857WA0137301476
B1513401854827S04154870WA0137501478
B1513441854813S04154882WA0137601479
B1513481854805S04154901WA0137301477
B1513521854808S04154925WA0137101474
B1513561854817S04154947WA0136901473
B1514001854832S04154965WA0136501469
B1514041854854S04154980WA0136101464
B1514081854878S04154984WA0135801461
B1514121854903S04154981WA0135301456
B1514161854924S04154978WA0135201456
B1514201854946S04154968WA0134901452
B1514241854961S04154952WA0134701450
B1514281854966S04154929WA0134701449
B1514321854954S04154914WA0134301445
B1514361854937S04154902WA0133901441
B1514401854917S04154891WA0133401436
B1514441854898S04154883WA0133201434
B1514481854880S04154876WA0133201433
B1514521854860S04154875WA0133001430
B1514561854840S04154875WA0132901430
B1515001854821S04154878WA0132701428
B1515041854800S04154881WA0132301424
B1515081854779S04154884WA0132001421
B1515121854759S04154886WA0132101421
B1515161854738S04154885WA0132001420
B1515201854717S04154882WA0131901420
B1515241854699S04154883WA0132201423
B1515281854680S04154881WA0132301423
B1515321854660S04154873WA0132701430
B1515361854643S04154867WA0133301436
B1515401854623S04154861WA0133801440
B1515441854603S04154871WA0134001441
B1515481854589S04154886WA0134401444
B1515521854579S04154913WA0134301445
B1515561854574S04154936WA0134201443
B1516001854564S04154963WA0133701439
B1516041854554S04154986WA0134201444
B1516081854542S04155004WA0134701448
B1516121854527S04155019WA0135101453
B1516161854513S04155033WA0135301455
B1516201854500S04155040WA0136201465
B1516241854488S04155056WA0136501468
B1516281854480S04155072WA0137301477
B1516321854475S04155093WA0137601480
B1516361854475S04155115WA0137401478
B1516401854491S04155139WA0137301477
B1516441854516S04155160WA0137101474
B1516481854539S04155171WA0136901473
B1516521854566S04155167WA0136701470
B1516561854580S04155149WA0136401467
B1517001854587S04155127WA0136401466
B1517041854583S04155108WA0136401468
B1517081854574S04155093WA0136601469
B1517121854560S04155089WA0136701470
B1517161854547S04155083WA0137001473
B1517201854531S04155092WA0137301477
B1517241854534S04155111WA0137601478
B1517281854542S04155132WA0137501478
B1517321854559S04155156WA0137001473
B1517361854580S04155174WA0137001473
B1517401854602S04155190WA0137201475
B1517441854631S04155183WA0136401465
B1517481854649S04155165WA0136001460
B1517521854659S04155145WA0135901459
B1517561854662S04155120WA0136101461
B1518001854658S04155101WA0136601466
B1518041854645S04155091WA0136801469
B1518081854627S04155090WA0136801468
B1518121854612S04155096WA0137001471
B1518161854606S04155117WA0136701468
B1518201854615S04155138WA0136801469
B1518241854633S04155157WA0136601467
B1518281854659S04155169WA0136201462
B1518321854684S04155173WA0136501465
B1518361854710S04155164WA0136201462
B1518401854729S04155150WA0136101461
B1518441854739S04155129WA0136001460
B1518481854732S04155110WA0136401466
B1518521854716S04155096WA0136501466
B1518561854699S04155091WA0136901471
B1519001854681S04155089WA0136801469
B1519041854663S04155086WA0136601466
B1519081854646S04155080WA0136101461
B1519121854630S04155075WA0135601456
B1519161854610S04155078WA0134701446
B1519201854591S04155081WA0133801438
B1519241854570S04155082WA0133001428
B1519281854549S04155087WA0132401422
B1519321854528S04155090WA0131801416
B1519361854508S04155095WA0131001408
B1519401854488S04155100WA0130401402
B1519441854470S04155099WA0129701394
B1519481854452S04155097WA0129301391
B1519521854443S04155081WA0129001387
B1519561854440S04155062WA0129101388
B1520001854437S04155043WA0129001387
B1520041854434S04155022WA0128901385
B1520081854430S04155003WA0128501382
B1520121854429S04154981WA0128101377
B1520161854426S04154959WA0127901376
B1520201854418S04154942WA0128101377
B1520241854418S04154925WA0128001376
B1520281854416S04154906WA0127801373
B1520321854419S04154888WA0128001375
B1520361854425S04154871WA0128001374
B1520401854430S04154853WA0128001374
B1520441854434S04154835WA0128001374
B1520481854437S04154815WA0127901374
B1520521854441S04154795WA0127701373
B1520561854440S04154774WA0127601372
B1521001854432S04154755WA0127301369
B1521041854416S04154745WA0127401371
B1521081854397S04154748WA0127101368
B1521121854385S04154770WA0126801365
B1521161854384S04154796WA0126501362
B1521201854397S04154820WA0126001357
B1521241854418S04154837WA0125401351
B1521281854442S04154851WA0125201348
B1521321854464S04154862WA0124801345
B1521361854491S04154872WA0124701342
B1521401854510S04154878WA0124701342
B1521441854533S04154884WA0124201337
B1521481854556S04154890WA0123801332
B1521521854579S04154899WA0123301327
B1521561854603S04154914WA0122601320
B1522001854627S04154928WA0122601319
B1522041854645S04154942WA0122201316
B1522081854663S04154959WA0121401307
B1522121854681S04154975WA0120901301
B1522161854701S04154992WA0120201294
B1522201854722S04155004WA0119801290
B1522241854743S04155018WA0119101283
B1522281854767S04155026WA0118201273
B1522321854793S04155032WA0117601266
B1522361854824S04155034WA0117501264
B1522401854844S04155040WA0118601276
B1522441854865S04155053WA0118501276
B1522481854885S04155068WA0118601276
B1522521854908S04155079WA0118401274
B1522561854933S04155089WA0117901269
B1523001854954S04155107WA0117901269
B1523041854973S04155121WA0117701268
B1523081854995S04155137WA0117601266
B1523121855016S04155155WA0117601266
B1523161855042S04155167WA0117701268
B1523201855067S04155161WA0117901270
B1523241855090S04155147WA0117701267
B1523281855110S04155133WA0117901269
B1523321855128S04155114WA0117701269
B1523361855145S04155093WA0117501266
B1523401855160S04155077WA0117001261
B1523441855182S04155063WA0116201251
B1523481855200S04155052WA0115601246
B1523521855224S04155041WA0115201240
B1523561855242S04155036WA0115701247
B1524001855259S04155024WA0115601247
B1524041855256S04155003WA0115201241
B1524081855257S04154982WA0115201242
B1524121855245S04154963WA0114901239
B1524161855228S04154951WA0114901239
B1524201855210S04154948WA0115701247
B1524241855201S04154965WA0116201251
B1524281855208S04154986WA0117201262
B1524321855227S04154999WA0117601266
B1524361855245S04154989WA0118101271
B1524401855242S04154969WA0118401275
B1524441855226S04154961WA0118801278
B1524481855210S04154964WA0119601286
B1524521855205S04154987WA0119901289
B1524561855220S04155003WA0119901290
B1525001855243S04155013WA0120001289
B1525041855259S04155002WA0119801288
B1525081855270S04154983WA0120401294
B1525121855265S04154962WA0120501296
B1525161855248S04154947WA0121001303
B1525201855232S04154944WA0121701312
B1525241855221S04154960WA0121701310
B1525281855223S04154982WA0121901314
B1525321855240S04155000WA0121701310
B1525361855262S04155007WA0121801313
B1525401855284S04155005WA0122001314
B1525441855290S04154985WA0122001314
B1525481855280S04154966WA0122201316
B1525521855265S04154951WA0122301317
B1525561855250S04154938WA0122701322
B1526001855231S04154944WA0122801322
B1526041855229S04154969WA0122801321
B1526081855248S04154986WA0122701320
B1526121855273S04154980WA0122401318
B1526161855278S04154960WA0122901324
B1526201855270S04154936WA0123001323
B1526241855267S04154918WA0123301327
B1526281855266S04154896WA0123201326
B1526321855256S04154879WA0123601332
B1526361855242S04154865WA0123701333
B1526401855226S04154854WA0123901334
B1526441855214S04154845WA0124401340
B1526481855203S04154835WA0124301338
B1526521855190S04154822WA0123601331
B1526561855172S04154809WA0122701322
B1527001855154S04154795WA0122201318
B1527041855141S04154776WA0122301319
B1527081855130S04154758WA0122701323
B1527121855116S04154740WA0122501320
B1527161855100S04154724WA0122601322
B1527201855082S04154710WA0122801323
B1527241855065S04154699WA0123101328
B1527281855044S04154687WA0123301329
B1527321855021S04154678WA0123401330
B1527361855001S04154676WA0124001336
B1527401854988S04154690WA0124001335
B1527441854992S04154710WA0124001334
B1527481855006S04154727WA0123801332
B1527521855026S04154740WA0123401329
B1527561855047S04154754WA0123301327
B1528001855064S04154768WA0123401329
B1528041855081S04154782WA0123601330
B1528081855096S04154799WA0123501330
B1528121855117S04154813WA0123401329
B1528161855140S04154820WA0123801332
B1528201855163S04154814WA0123901332
B1528241855181S04154800WA0124101336
B1528281855185S04154781WA0123901334
B1528321855178S04154761WA0123901333
B1528361855168S04154741WA0123801332
B1528401855152S04154727WA0123801333
B1528441855136S04154730WA0124101336
B1528481855139S04154752WA0124101335
B1528521855157S04154763WA0124201338
B1528561855183S04154763WA0124201337
B1529001855202S04154751WA0124401339
B1529041855202S04154725WA0124001335
B1529081855190S04154707WA0124201339
B1529121855173S04154693WA0124301340
B1529161855157S04154680WA0124701345
B1529201855140S04154670WA0125301351
B1529241855126S04154675WA0125801356
B1529281855138S04154688WA0126501363
B1529321855159S04154681WA0127101371
B1529361855163S04154656WA0127501373
B1529401855147S04154644WA0128001378
B1529441855131S04154644WA0128301382
B1529481855117S04154654WA0128801387
B1529521855103S04154662WA0128901388
B1529561855108S04154683WA0129201392
B1530001855125S04154693WA0129301391
B1530041855150S04154691WA0129601394
B1530081855169S04154679WA0129701394
B1530121855176S04154653WA0129801396
B1530161855177S04154630WA0130201399
B1530201855167S04154609WA0130201399
B1530241855146S04154610WA0130101397
B1530281855132S04154622WA0130301400
B1530321855121S04154638WA0130601403
B1530361855118S04154658WA0130801406
B1530401855121S04154676WA0131101409
B1530441855130S04154694WA0131501414
B1530481855147S04154705WA0131801417
B1530521855169S04154691WA0132001420
B1530561855179S04154670WA0132201422
B1531001855177S04154648WA0132601427
B1531041855162S04154636WA0132901429
B1531081855145S04154635WA0133201432
B1531121855135S04154651WA0133001431
B1531161855134S04154671WA0133101431
B1531201855139S04154693WA0133301432
B1531241855146S04154714WA0133801439
B1531281855153S04154735WA0134201443
B1531321855165S04154755WA0134301443
B1531361855184S04154772WA0133801437
B1531401855200S04154787WA0133801440
B1531441855222S04154800WA0133801439
B1531481855244S04154794WA0133701437
B1531521855260S04154782WA0133601436
B1531561855267S04154759WA0133601435
B1532001855266S04154739WA0134101442
B1532041855261S04154718WA0134101442
B1532081855250S04154703WA0134301444
B1532121855234S04154691WA0134301445
B1532161855219S04154680WA0134601448
B1532201855204S04154666WA0135001452
B1532241855185S04154663WA0135101454
B1532281855167S04154675WA0135301455
B1532321855154S04154690WA0135501457
B1532361855152S04154716WA0135801461
B1532401855156S04154735WA0136101464
B1532441855167S04154756WA0136201464
B1532481855184S04154773WA0136001463
B1532521855208S04154781WA0135901462
B1532561855231S04154779WA0135501457
B1533001855247S04154768WA0135201453
B1533041855252S04154749WA0134601446
B1533081855251S04154726WA0134101441
B1533121855243S04154707WA0134001440
B1533161855233S04154690WA0134001441
B1533201855217S04154676WA0134001440
B1533241855200S04154664WA0134401445
B1533281855184S04154654WA0134801451
B1533321855161S04154653WA0134901451
B1533361855141S04154661WA0135301456
B1533401855126S04154678WA0135201454
B1533441855117S04154695WA0135001452
B1533481855114S04154715WA0134401445
B1533521855119S04154733WA0133501436
B1533561855137S04154744WA0132501425
B1534001855159S04154744WA0131901419
B1534041855180S04154737WA0131301412
B1534081855200S04154728WA0131001409
B1534121855220S04154723WA0130901408
B1534161855240S04154713WA0131201410
B1534201855257S04154702WA0131601413
B1534241855272S04154690WA0132101420
B1534281855283S04154674WA0132401421
B1534321855288S04154653WA0132401421
B1534361855283S04154633WA0132001418
B1534401855268S04154621WA0132201421
B1534441855251S04154613WA0132401422
B1534481855232S04154606WA0132601425
B1534521855216S04154601WA0132801427
B1534561855194S04154597WA0132101419
B1535001855175S04154591WA0132001420
B1535041855155S04154583WA0132501424
B1535081855144S04154571WA0133401435
B1535121855151S04154550WA0134001441
B1535161855168S04154542WA0135101453
B1535201855188S04154540WA0135501457
B1535241855212S04154539WA0135701459
B1535281855235S04154539WA0135801459
B1535321855266S04154539WA0135501456
B1535361855291S04154539WA0136001462
B1535401855319S04154537WA0135901461
B1535441855348S04154535WA0135501456
B1535481855378S04154540WA0135401456
B1535521855412S04154545WA0134401446
B1535561855450S04154548WA0133801441
B1536001855484S04154549WA0133001433
B1536041855523S04154550WA0131901421
B1536081855558S04154551WA0131701418
B1536121855590S04154551WA0132401425
B1536161855611S04154552WA0133201431
B1536201855640S04154553WA0133401432
B1536241855663S04154553WA0134001440
B1536281855694S04154554WA0133401435
B1536321855727S04154556WA0133301434
B1536361855756S04154557WA0133201434
B1536401855787S04154562WA0132501426
B1536441855822S04154566WA0132901429
B1536481855841S04154561WA0134001442
B1536521855868S04154561WA0133701435
B1536561855897S04154556WA0134101440
B1537001855929S04154557WA0134001438
B1537041855964S04154560WA0134001439
B1537081855998S04154556WA0134101440
B1537121856036S04154554WA0134301443
B1537161856068S04154551WA0134901450
B1537201856098S04154548WA0134801447
B1537241856126S04154532WA0134601445
B1537281856156S04154517WA0134101439
B1537321856182S04154497WA0134401441
B1537361856207S04154477WA0134801444
B1537401856233S04154459WA0136201459
B1537441856252S04154444WA0137401471
B1537481856274S04154425WA0138001477
B1537521856296S04154408WA0138601483
B1537561856319S04154392WA0139301490
B1538001856343S04154375WA0139701495
B1538041856368S04154360WA0140001500
B1538081856394S04154350WA0140001499
B1538121856424S04154339WA0139601495
B1538161856455S04154327WA0139301492
B1538201856486S04154314WA0139001489
B1538241856519S04154301WA0138401481
B1538281856548S04154288WA0137801476
B1538321856579S04154284WA0137001469
B1538361856611S04154272WA0136301460
B1538401856641S04154256WA0135501453
B1538441856667S04154240WA0135101448
B1538481856697S04154226WA0134601443
B1538521856728S04154220WA0134101437
B1538561856762S04154216WA0133501430
B1539001856795S04154207WA0133601431
B1539041856823S04154197WA0133801434
B1539081856855S04154192WA0133001424
B1539121856892S04154186WA0132701421
B1539161856926S04154179WA0132401419
B1539201856964S04154170WA0131601412
B1539241857002S04154168WA0131201408
B1539281857036S04154164WA0131001405
B1539321857072S04154163WA0130301398
B1539361857107S04154165WA0129701392
B1539401857142S04154164WA0128701382
B1539441857179S04154159WA0127401369
B1539481857217S04154156WA0126401358
B1539521857251S04154152WA0125601350
B1539561857287S04154150WA0124301335
B1540001857322S04154147WA0123101323
B1540041857357S04154142WA0121701307
B1540081857393S04154137WA0120701298
B1540121857427S04154135WA0120201292
B1540161857461S04154139WA0119501286
B1540201857494S04154138WA0118701277
B1540241857527S04154137WA0117601265
B1540281857561S04154138WA0116601255
B1540321857593S04154132WA0115501243
B1540361857628S04154130WA0114001228
B1540401857664S04154124WA0112901215
B1540441857698S04154117WA0112201207
B1540481857731S04154111WA0111401199
B1540521857768S04154107WA0110401189
B1540561857804S04154106WA0109801183
B1541001857837S04154117WA0109201176
B1541041857868S04154125WA0108801172
B1541081857902S04154126WA0108101165
B1541121857934S04154126WA0108701171
B1541161857959S04154126WA0109601182
B1541201857986S04154128WA0109401179
B1541241858020S04154135WA0109101175
B1541281858050S04154148WA0110101188
B1541321858071S04154154WA0111301202
B1541361858097S04154166WA0111401202
B1541401858124S04154162WA0111301201
B1541441858154S04154159WA0111501202
B1541481858185S04154154WA0111301200
B1541521858221S04154150WA0111301200
B1541561858250S04154149WA0112201208
B1542001858278S04154147WA0112001205
B1542041858304S04154144WA0112301208
B1542081858332S04154144WA0112501209
B1542121858360S04154143WA0112401208
B1542161858393S04154139WA0112201206
B1542201858424S04154130WA0111501200
B1542241858456S04154122WA0110901194
B1542281858485S04154111WA0110701192
B1542321858513S04154097WA0110101186
B1542361858541S04154081WA0110001185
B1542401858566S04154062WA0110001186
B1542441858594S04154046WA0109601182
B1542481858626S04154033WA0109201176
B1542521858658S04154019WA0108501169
B1542561858688S04154001WA0108101166
B1543001858715S04153983WA0107501160
B1543041858743S04153966WA0107301158
B1543081858767S04153954WA0108301170
B1543121858791S04153945WA0108601172
B1543161858820S04153934WA0108401169
B1543201858853S04153931WA0108201167
B1543241858888S04153928WA0107801162
B1543281858922S04153924WA0107201157
B1543321858957S04153924WA0106601150
B1543361858992S04153924WA0106001144
B1543401859028S04153931WA0105101135
B1543441859063S04153936WA0104601130
B1543481859100S04153942WA0104101125
B1543521859134S04153956WA0104001123
B1543561859166S04153967WA0104801133
B1544001859195S04153978WA0105401138
B1544041859228S04153987WA0105201137
B1544081859263S04153999WA0105501140
B1544121859295S04154008WA0105501140
B1544161859328S04154026WA0105501140
B1544201859357S04154038WA0106001146
B1544241859383S04154046WA0107001157
B1544281859406S04154058WA0107301159
B1544321859434S04154074WA0107301159
B1544361859461S04154090WA0107301160
B1544401859489S04154106WA0107401161
B1544441859515S04154118WA0108201170
B1544481859545S04154128WA0108001168
B1544521859579S04154140WA0108001167
B1544561859608S04154150WA0108401173
B1545001859637S04154155WA0108701175
B1545041859660S04154156WA0109401182
B1545081859684S04154157WA0110001189
B1545121859705S04154155WA0110901198
B1545161859728S04154154WA0111601204
B1545201859750S04154154WA0112101209
B1545241859775S04154148WA0112701214
B1545281859798S04154144WA0113501224
B1545321859824S04154144WA0113901228
B1545361859850S04154144WA0115001239
B1545401859873S04154156WA0115501244
B1545441859899S04154160WA0116501255
B1545481859923S04154160WA0117201263
B1545521859951S04154153WA0117901271
B1545561859972S04154136WA0118701279
B1546001859986S04154110WA0119401287
B1546041859978S04154087WA0120001293
B1546081859960S04154080WA0120801301
B1546121859943S04154093WA0121401308
B1546161859941S04154115WA0122101315
B1546201859947S04154139WA0122501319
B1546241859970S04154151WA0123301327
B1546281900000S04154149WA0124001333
B1546321900018S04154133WA0125001344
B1546361900021S04154105WA0125801354
B1546401900007S04154095WA0126801363
B1546441859990S04154104WA0127701374
B1546481859986S04154125WA0128301379
B1546521859986S04154150WA0128801384
B1546561859983S04154171WA0129401390
B1547001859972S04154187WA0129901396
B1547041859967S04154205WA0130901406
B1547081859978S04154226WA0131701415
B1547121859998S04154233WA0132401422
B1547161900020S04154224WA0133201431
B1547201900009S04154207WA0133801436
B1547241900002S04154224WA0134801447
B1547281900020S04154242WA0135401453
B1547321900045S04154248WA0136001459
B1547361900073S04154250WA0136101460
B1547401900098S04154256WA0136701467
B1547441900125S04154266WA0136401462
B1547481900151S04154272WA0136901468
B1547521900176S04154283WA0136701466
B1547561900202S04154292WA0136301461
B1548001900232S04154303WA0135501453
B1548041900263S04154318WA0134901446
B1548081900298S04154330WA0134701444
B1548121900333S04154345WA0134401440
B1548161900365S04154354WA0134001436
B1548201900402S04154359WA0133201427
B1548241900437S04154372WA0132701422
B1548281900466S04154376WA0132701423
B1548321900496S04154383WA0132301418
B1548361900528S04154382WA0132401417
B1548401900556S04154380WA0132201417
B1548441900588S04154375WA0131801412
B1548481900624S04154367WA0131501408
B1548521900658S04154358WA0131201406
B1548561900693S04154349WA0130701401
B1549001900727S04154336WA0130001395
B1549041900761S04154321WA0129601390
B1549081900795S04154310WA0129201387
B1549121900829S04154304WA0128801384
B1549161900861S04154300WA0128301379
B1549201900895S04154297WA0127701371
B1549241900930S04154295WA0127101366
B1549281900964S04154288WA0126801362
B1549321900997S04154282WA0126501360
B1549361901031S04154281WA0126301356
B1549401901062S04154279WA0126301357
B1549441901090S04154282WA0126101355
B1549481901119S04154283WA0125801351
B1549521901154S04154284WA0125101344
B1549561901188S04154289WA0124701341
B1550001901221S04154299WA0124501339
B1550041901247S04154320WA0124501338
B1550081901275S04154341WA0124401337
B1550121901303S04154366WA0123901332
B1550161901331S04154388WA0123201325
B1550201901362S04154410WA0122501317
B1550241901390S04154431WA0122101314
B1550281901420S04154445WA0121601307
B1550321901451S04154454WA0121201304
B1550361901482S04154462WA0120401296
B1550401901515S04154473WA0119701288
B1550441901549S04154483WA0119401285
B1550481901582S04154493WA0119201283
B1550521901617S04154503WA0119101282
B1550561901643S04154510WA0119801290
B1551001901670S04154524WA0119301285
B1551041901704S04154536WA0119001282
B1551081901734S04154549WA0118901281
B1551121901765S04154567WA0118101272
B1551161901799S04154585WA0117101262
B1551201901830S04154607WA0116201252
B1551241901858S04154629WA0115801248
B1551281901887S04154649WA0115101240
B1551321901917S04154669WA0114501234
B1551361901948S04154687WA0113701226
B1551401901980S04154701WA0112901217
B1551441902013S04154712WA0111901207
B1551481902048S04154726WA0110901196
B1551521902083S04154733WA0111301198
B1551561902115S04154742WA0111901204
B1552001902145S04154750WA0112501211
B1552041902173S04154757WA0112401209
B1552081902202S04154765WA0112601213
B1552121902231S04154772WA0112501212
B1552161902261S04154782WA0112101209
B1552201902294S04154795WA0111101198
B1552241902326S04154807WA0111101199
B1552281902351S04154817WA0111201200
B1552321902381S04154829WA0110501193
B1552361902413S04154838WA0110101189
B1552401902441S04154852WA0110301192
B1552441902467S04154865WA0110801197
B1552481902488S04154872WA0111401204
B1552521902512S04154876WA0111501204
B1552561902535S04154883WA0111801208
B1553001902561S04154888WA0112001209
B1553041902583S04154887WA0112401213
B1553081902611S04154885WA0112201210
B1553121902641S04154880WA0112201211
B1553161902670S04154873WA0112101209
B1553201902698S04154861WA0111601204
B1553241902729S04154849WA0110901196
B1553281902751S04154838WA0110401189
B1553321902780S04154827WA0109201177
B1553361902811S04154817WA0108401168
B1553401902848S04154808WA0107401157
B1553441902879S04154802WA0107801161
B1553481902907S04154794WA0107501157
B1553521902941S04154786WA0106801149
B1553561902976S04154777WA0106601146
B1554001903007S04154767WA0106401144
B1554041903043S04154758WA0105601135
B1554081903075S04154743WA0105301133
B1554121903108S04154726WA0104601125
B1554161903140S04154712WA0104101120
B1554201903171S04154698WA0103501114
B1554241903206S04154686WA0102601105
B1554281903239S04154673WA0101901097
B1554321903273S04154660WA0100901087
B1554361903309S04154652WA0100501082
B1554401903337S04154643WA0100401082
B1554441903369S04154631WA0099401071
B1554481903404S04154618WA0098301060
B1554521903438S04154603WA0097701054
B1554561903472S04154589WA0096701044
B1555001903509S04154582WA0095701034
B1555041903543S04154574WA0094701023
B1555081903579S04154570WA0093201008
B1555121903616S04154568WA0092100998
B1555161903651S04154564WA0091100987
B1555201903686S04154558WA0090200978
B1555241903721S04154552WA0089100967
B1555281903756S04154547WA0088200956
B1555321903792S04154542WA0087300947
B1555361903829S04154532WA0086500940
B1555401903861S04154520WA0086700942
B1555441903896S04154509WA0086400938
B1555481903933S04154499WA0086200937
B1555521903959S04154496WA0087100949
B1555561903981S04154495WA0087100946
B1556001904006S04154490WA0087100946
B1556041904032S04154485WA0086600940
B1556081904059S04154477WA0086400939
B1556121904089S04154473WA0086200936
B1556161904115S04154468WA0086400939
B1556201904141S04154460WA0086900943
B1556241904159S04154455WA0087500949
B1556281904186S04154451WA0086900940
B1556321904212S04154442WA0086600938
B1556361904244S04154432WA0085500925
B1556401904277S04154420WA0084800918
B1556441904310S04154404WA0083600906
B1556481904346S04154396WA0082800898
B1556521904381S04154395WA0082100889
B1556561904416S04154394WA0081200881
B1557001904452S04154394WA0080200871
B1557041904487S04154397WA0079300863
B1557081904521S04154400WA0078500855
B1557121904556S04154406WA0078200850
B1557161904581S04154411WA0078700856
B1557201904609S04154417WA0078900860
B1557241904633S04154425WA0078800859
B1557281904657S04154437WA0078700859
B1557321904682S04154444WA0078200854
B1557361904713S04154447WA0078000854
B1557401904744S04154449WA0079100864
B1557441904771S04154451WA0080300877
B1557481904801S04154452WA0081100885
B1557521904831S04154458WA0081600890
B1557561904861S04154462WA0082200896
B1558001904891S04154466WA0082700901
B1558041904919S04154470WA0082900903
B1558081904948S04154463WA0082900903
B1558121904963S04154444WA0082600899
B1558161904967S04154422WA0082900902
B1558201904974S04154396WA0082600899
B1558241904975S04154370WA0082700901
B1558281904969S04154345WA0083100905
B1558321904973S04154319WA0084000915
B1558361904991S04154297WA0084600920
B1558401905012S04154291WA0085800934
B1558441905018S04154307WA0086300940
B1558481905004S04154301WA0087000947
B1558521905004S04154276WA0087600953
B1558561904985S04154264WA0088400961
B1559001904969S04154267WA0089800976
B1559041904968S04154290WA0090600985
B1559081904981S04154311WA0091800998
B1559121905006S04154308WA0092601005
B1559161905014S04154286WA0093801021
B1559201904997S04154275WA0094501027
B1559241904991S04154295WA0095601038
B1559281905010S04154309WA0096301045
B1559321905028S04154290WA0096401046
B1559361905025S04154269WA0097501058
B1559401905004S04154271WA0098201064
B1559441905003S04154294WA0099401077
B1559481905026S04154303WA0100001083
B1559521905037S04154283WA0100601089
B1559561905026S04154268WA0101501099
B1600001905010S04154280WA0102401108
B1600041905023S04154300WA0103201116
B1600081905040S04154285WA0103901122
B1600121905024S04154284WA0104401128
B1600161905030S04154310WA0104901133
B1600201905053S04154310WA0105801143
B1600241905059S04154292WA0106601151
B1600281905040S04154300WA0106901154
B1600321905049S04154319WA0107801163
B1600361905077S04154318WA0107901164
B1600401905084S04154298WA0108601172
B1600441905068S04154286WA0109201179
B1600481905051S04154290WA0109801185
B1600521905032S04154303WA0110001188
B1600561905017S04154321WA0110501192
B1601001905019S04154340WA0111601206
B1601041905040S04154349WA0112101210
B1601081905060S04154339WA0112601215
B1601121905056S04154327WA0112501213
B1601161905041S04154336WA0112501213
B1601201905037S04154353WA0112901218
B1601241905044S04154377WA0113401222
B1601281905069S04154384WA0114301231
B1601321905089S04154373WA0115201239
B1601361905097S04154354WA0115601242
B1601401905107S04154340WA0115701243
B1601441905132S04154327WA0115701241
B1601481905154S04154318WA0116501253
B1601521905177S04154305WA0117201260
B1601561905190S04154285WA0118301271
B1602001905208S04154272WA0118701274
B1602041905235S04154269WA0119301281
B1602081905263S04154265WA0119701284
B1602121905288S04154261WA0120101290
B1602161905315S04154259WA0120201290
B1602201905342S04154256WA0120301292
B1602241905370S04154253WA0120101291
B1602281905400S04154250WA0119501284
B1602321905429S04154243WA0119701286
B1602361905458S04154236WA0119201280
B1602401905489S04154232WA0119001278
B1602441905518S04154225WA0118501272
B1602481905545S04154217WA0118101268
B1602521905573S04154208WA0117301260
B1602561905603S04154198WA0116701252
B1603001905635S04154184WA0115901243
B1603041905668S04154171WA0115201236
B1603081905702S04154160WA0114701231
B1603121905737S04154149WA0114301227
B1603161905769S04154137WA0113701222
B1603201905807S04154126WA0113001215
B1603241905841S04154116WA0112801214
B1603281905874S04154103WA0112201208
B1603321905907S04154083WA0111901205
B1603361905930S04154065WA0112501213
B1603401905948S04154046WA0112801215
B1603441905967S04154027WA0112901216
B1603481905986S04154010WA0113801224
B1603521906005S04154007WA0114401231
B1603561906023S04154008WA0114901237
B1604001906027S04154025WA0115201240
B1604041906016S04154037WA0115601244
B1604081905999S04154029WA0116001249
B1604121906000S04154004WA0116301253
B1604161906014S04153987WA0116801258
B1604201906037S04153982WA0116901258
B1604241906060S04153975WA0117301263
B1604281906078S04153981WA0117901269
B1604321906081S04154000WA0118201272
B1604361906084S04154018WA0119001281
B1604401906098S04154033WA0119301284
B1604441906112S04154048WA0119701287
B1604481906128S04154059WA0119801288
B1604521906126S04154080WA0120001291
B1604561906117S04154094WA0120301293
B1605001906098S04154086WA0120501296
B1605041906089S04154066WA0121101302
B1605081906090S04154042WA0121801310
B1605121906112S04154031WA0122301315
B1605161906126S04154046WA0122601316
B1605201906118S04154064WA0123001322
B1605241906102S04154062WA0123401326
B1605281906095S04154039WA0123701329
B1605321906111S04154023WA0124201335
B1605361906129S04154035WA0124401337
B1605401906113S04154048WA0124401336
B1605441906105S04154028WA0124701339
B1605481906123S04154010WA0125001342
B1605521906145S04154007WA0125201344
B1605561906167S04154014WA0125301345
B1606001906187S04154020WA0125701348
B1606041906209S04154027WA0125201343
B1606081906234S04154032WA0125301344
B1606121906260S04154036WA0125101342
B1606161906280S04154046WA0125501346
B1606201906300S04154056WA0125701348
B1606241906320S04154068WA0125101342
B1606281906346S04154077WA0124501337
B1606321906372S04154084WA0123401324
B1606361906398S04154084WA0122601316
B1606401906423S04154088WA0121701305
B1606441906447S04154093WA0121001298
B1606481906473S04154099WA0120301291
B1606521906500S04154105WA0119601283
B1606561906527S04154112WA0118801275
B1607001906553S04154127WA0117901267
B1607041906577S04154137WA0117401262
B1607081906601S04154152WA0116301251
B1607121906624S04154166WA0115601243
B1607161906645S04154178WA0114901236
B1607201906666S04154191WA0114001226
B1607241906685S04154203WA0113401219
B1607281906706S04154210WA0112401210
B1607321906730S04154221WA0111301198
B1607361906753S04154231WA0110401187
B1607401906777S04154247WA0109501179
B1607441906800S04154261WA0108601169
B1607481906826S04154271WA0107801160
B1607521906851S04154281WA0106901151
B1607561906877S04154290WA0106201144
B1608001906902S04154301WA0105901141
B1608041906922S04154313WA0105701138
B1608081906946S04154327WA0105201133
B1608121906969S04154340WA0105001131
B1608161906993S04154349WA0104801129
B1608201907017S04154363WA0104501126
B1608241907042S04154374WA0104301125
B1608281907067S04154382WA0104101122
B1608321907091S04154392WA0103701118
B1608361907113S04154401WA0103501117
B1608401907138S04154410WA0103201114
B1608441907164S04154415WA0103001111
B1608481907190S04154417WA0103101113
B1608521907217S04154417WA0102901110
B1608561907243S04154417WA0102801110
B1609001907270S04154418WA0102601107
B1609041907298S04154420WA0102801111
B1609081907323S04154419WA0102801110
B1609121907349S04154418WA0102701109
B1609161907376S04154417WA0102201103
B1609201907404S04154417WA0101801098
B1609241907434S04154414WA0101301093
B1609281907462S04154412WA0100801087
B1609321907490S04154414WA0101001089
B1609361907511S04154415WA0101501094
B1609401907533S04154427WA0101401092
B1609441907556S04154439WA0101601094
B1609481907579S04154448WA0101701094
B1609521907601S04154447WA0101901097
B1609561907625S04154447WA0101401092
B1610001907651S04154438WA0101401093
B1610041907675S04154431WA0101501094
B1610081907696S04154422WA0101801097
B1610121907719S04154412WA0102001099
B1610161907739S04154398WA0102001098
B1610201907762S04154384WA0101901098
B1610241907787S04154371WA0101601094
B1610281907812S04154357WA0101701096
B1610321907835S04154346WA0102101100
B1610361907858S04154335WA0101401093
B1610401907884S04154324WA0101301093
B1610441907906S04154317WA0101501094
B1610481907932S04154306WA0101601095
B1610521907959S04154306WA0101601094
B1610561907983S04154305WA0102301103
B1611001908001S04154300WA0102901108
B1611041908017S04154284WA0103401112
B1611081908028S04154265WA0103901119
B1611121908040S04154247WA0104401124
B1611161908040S04154225WA0104901130
B1611201908035S04154206WA0105101132
B1611241908017S04154206WA0105601137
B1611281908014S04154223WA0106001141
B1611321908023S04154239WA0106201143
B1611361908042S04154248WA0106501146
B1611401908065S04154245WA0106701147
B1611441908090S04154241WA0107001151
B1611481908114S04154229WA0107501156
B1611521908136S04154221WA0108301165
B1611561908143S04154199WA0109101174
B1612001908135S04154181WA0109901183
B1612041908116S04154180WA0110901194
B1612081908105S04154195WA0111401200
B1612121908107S04154215WA0112301210
B1612161908133S04154215WA0112701214
B1612201908146S04154196WA0113301220
B1612241908134S04154179WA0113801224
B1612281908117S04154188WA0114101228
B1612321908122S04154209WA0114801235
B1612361908142S04154218WA0115501240
B1612401908163S04154210WA0115701243
B1612441908173S04154190WA0115901245
B1612481908169S04154171WA0116201250
B1612521908150S04154165WA0116101249
B1612561908135S04154175WA0116501254
B1613001908129S04154198WA0116401254
B1613041908135S04154220WA0116901259
B1613081908153S04154232WA0117101259
B1613121908178S04154224WA0117201261
B1613161908191S04154206WA0117701266
B1613201908193S04154183WA0117901269
B1613241908183S04154167WA0118401275
B1613281908164S04154161WA0118301273
B1613321908144S04154158WA0118401274
B1613361908129S04154176WA0118401274
B1613401908119S04154192WA0119201283
B1613441908114S04154213WA0119601287
B1613481908113S04154232WA0120201293
B1613521908112S04154249WA0120501295
B1613561908115S04154275WA0120501296
B1614001908129S04154287WA0121101303
B1614041908149S04154284WA0121201302
B1614081908159S04154261WA0121101302
B1614121908159S04154241WA0121501304
B1614161908153S04154222WA0121801308
B1614201908135S04154219WA0121801310
B1614241908120S04154226WA0122201316
B1614281908112S04154242WA0122501319
B1614321908118S04154262WA0122701319
B1614361908137S04154275WA0122701319
B1614401908160S04154272WA0122601317
B1614441908173S04154258WA0122601318
B1614481908173S04154234WA0122301314
B1614521908162S04154219WA0122301315
B1614561908144S04154213WA0122401316
B1615001908131S04154222WA0122801320
B1615041908124S04154242WA0122801322
B1615081908124S04154263WA0123001323
B1615121908128S04154284WA0123301327
B1615161908147S04154298WA0123401327
B1615201908169S04154306WA0123101323
B1615241908191S04154313WA0123401326
B1615281908210S04154320WA0123501326
B1615321908232S04154330WA0123101322
B1615361908254S04154340WA0123101322
B1615401908277S04154348WA0123001320
B1615441908302S04154358WA0122501314
B1615481908328S04154367WA0122201311
B1615521908352S04154376WA0121701305
B1615561908378S04154388WA0121001297
B1616001908403S04154395WA0120401292
B1616041908430S04154404WA0119501282
B1616081908457S04154414WA0118801276
B1616121908488S04154420WA0118301269
B1616161908514S04154421WA0118201269
B1616201908543S04154428WA0117401259
B1616241908571S04154433WA0117401262
B1616281908603S04154441WA0116501250
B1616321908638S04154452WA0115501239
B1616361908673S04154462WA0114701232
B1616401908708S04154474WA0113701221
B1616441908743S04154483WA0112901213
B1616481908775S04154496WA0112101204
B1616521908778S04154514WA0111801203
B1616561908765S04154533WA0110601191
B1617001908747S04154542WA0109801183
B1617041908722S04154544WA0108501169
B1617081908694S04154547WA0107701160
B1617121908664S04154549WA0106701150
B1617161908636S04154548WA0105901142
B1617201908608S04154543WA0105201135
B1617241908582S04154536WA0104301126
B1617281908564S04154523WA0103701120
B1617321908538S04154510WA0102601108
B1617361908510S04154497WA0102101102
B1617401908485S04154480WA0101401093
B1617441908458S04154459WA0100801087
B1617481908435S04154437WA0100301083
B1617521908411S04154414WA0099501074
B1617561908386S04154391WA0098501065
B1618001908360S04154372WA0098101061
B1618041908337S04154352WA0097101050
B1618081908313S04154327WA0096101040
B1618121908292S04154307WA0095901037
B1618161908274S04154294WA0096101038
B1618201908252S04154277WA0095801036
B1618241908232S04154261WA0095601035
B1618281908209S04154248WA0095401033
B1618321908185S04154242WA0095401033
B1618361908163S04154244WA0095501035
B1618401908139S04154244WA0095301033
B1618441908115S04154245WA0095301033
B1618481908089S04154243WA0095401034
B1618521908067S04154241WA0095601036
B1618561908043S04154243WA0095201031
B1619001908023S04154248WA0095901040
B1619041908009S04154262WA0096601048
B1619081907996S04154277WA0097401056
B1619121907975S04154283WA0098101063
B1619161907954S04154282WA0098601069
B1619201907945S04154262WA0098501069
B1619241907954S04154241WA0098501068
B1619281907972S04154228WA0098301066
B1619321907992S04154225WA0099101073
B1619361908014S04154231WA0099301074
B1619401908027S04154252WA0099701078
B1619441908029S04154275WA0100101082
B1619481908022S04154291WA0100901089
B1619521907999S04154294WA0101301091
B1619561907986S04154291WA0101701096
B1620001907977S04154270WA0101401092
B1620041907984S04154252WA0101801097
B1620081908005S04154247WA0101701096
B1620121908009S04154265WA0101901097
B1620161907990S04154271WA0101901098
B1620201907971S04154271WA0101801096
B1620241907948S04154266WA0101601094
B1620281907926S04154258WA0101101089
B1620321907901S04154248WA0101001087
B1620361907880S04154240WA0100401080
B1620401907855S04154227WA0100001075
B1620441907834S04154216WA0100101077
B1620481907813S04154207WA0100001075
B1620521907791S04154195WA0100201078
B1620561907774S04154185WA0100501081
B1621001907757S04154171WA0100501082
B1621041907739S04154154WA0100301080
B1621081907720S04154141WA0100401081
B1621121907702S04154133WA0100701084
B1621161907682S04154129WA0100701085
B1621201907660S04154125WA0100401082
B1621241907639S04154120WA0099901077
B1621281907614S04154117WA0099301070
B1621321907592S04154114WA0099001069
B1621361907564S04154112WA0098401062
B1621401907532S04154108WA0097901056
B1621441907507S04154104WA0097501053
B1621481907478S04154103WA0096501043
B1621521907450S04154099WA0095701034
B1621561907419S04154092WA0094701024
B1622001907390S04154090WA0094201018
B1622041907361S04154090WA0093201007
B1622081907332S04154091WA0092300998
B1622121907304S04154093WA0091500990
B1622161907278S04154096WA0090700983
B1622201907249S04154097WA0089800972
B1622241907220S04154096WA0089000963
B1622281907191S04154094WA0088100955
B1622321907161S04154095WA0087400946
B1622361907133S04154097WA0086600938
B1622401907103S04154100WA0085600928
B1622441907076S04154097WA0085000923
B1622481907046S04154097WA0083900911
B1622521907015S04154095WA0083300904
B1622561906986S04154097WA0082700899
B1623001906954S04154099WA0082100892
B1623041906928S04154101WA0081900890
B1623081906899S04154108WA0080900879
B1623121906869S04154115WA0080000869
B1623161906838S04154119WA0079200860
B1623201906808S04154122WA0078800855
B1623241906790S04154126WA0078700854
B1623281906764S04154130WA0077900846
B1623321906738S04154134WA0077300839
B1623361906712S04154137WA0077000838
B1623401906686S04154141WA0077000837
B1623441906670S04154148WA0077600845
B1623481906648S04154154WA0077200842
B1623521906630S04154161WA0077300844
B1623561906614S04154170WA0077300843
B1624001906595S04154169WA0077200841
B1624041906576S04154168WA0077100840
B1624081906556S04154170WA0077000838
B1624121906536S04154167WA0076600834
B1624161906518S04154169WA0076800836
B1624201906503S04154177WA0076900837
B1624241906488S04154184WA0077000839
B1624281906472S04154197WA0077000838
B1624321906459S04154210WA0077100840
B1624361906446S04154221WA0077300842
B1624401906431S04154231WA0077200840
B1624441906416S04154242WA0076900838
B1624481906400S04154252WA0077200841
B1624521906383S04154259WA0077000839
B1624561906374S04154275WA0076400833
B1625001906377S04154296WA0075900827
B1625041906381S04154316WA0075600823
B1625081906388S04154338WA0075300819
B1625121906396S04154357WA0075300820
B1625161906406S04154378WA0075200818
B1625201906415S04154397WA0074800814
B1625241906430S04154418WA0074500810
B1625281906440S04154438WA0074600812
B1625321906455S04154455WA0074600811
B1625361906469S04154471WA0074900815
B1625401906491S04154482WA0075400821
B1625441906495S04154500WA0075800824
B1625481906476S04154508WA0076100827
B1625521906468S04154492WA0076200828
B1625561906489S04154484WA0077000838
B1626001906485S04154504WA0077400843
B1626041906469S04154495WA0077900848
B1626081906488S04154486WA0078200849
B1626121906492S04154507WA0078800857
B1626161906484S04154526WA0079000858
B1626201906471S04154539WA0079700866
B1626241906455S04154542WA0080500873
B1626281906437S04154533WA0081300882
B1626321906445S04154517WA0081200879
B1626361906458S04154537WA0081500883
B1626401906446S04154550WA0082200888
B1626441906429S04154542WA0082700894
B1626481906435S04154519WA0083200899
B1626521906454S04154516WA0083700908
B1626561906467S04154533WA0084200914
B1627001906457S04154551WA0084800919
B1627041906439S04154548WA0085300925
B1627081906424S04154532WA0085900932
B1627121906429S04154510WA0086200935
B1627161906451S04154519WA0086300936
B1627201906452S04154541WA0086500938
B1627241906436S04154557WA0087100944
B1627281906415S04154549WA0087900953
B1627321906416S04154527WA0088500959
B1627361906440S04154528WA0088600960
B1627401906443S04154548WA0089300967
B1627441906422S04154551WA0089700970
B1627481906409S04154532WA0090500979
B1627521906418S04154511WA0090600981
B1627561906442S04154502WA0090900984
B1628001906466S04154505WA0091000984
B1628041906486S04154516WA0091400990
B1628081906475S04154534WA0091500989
B1628121906460S04154528WA0092300999
B1628161906471S04154507WA0092400998
B1628201906488S04154519WA0092701002
B1628241906481S04154540WA0092901004
B1628281906463S04154544WA0093401009
B1628321906440S04154537WA0093601011
B1628361906418S04154523WA0094101016
B1628401906396S04154512WA0094801025
B1628441906374S04154503WA0095501032
B1628481906351S04154497WA0095901036
B1628521906328S04154495WA0096301042
B1628561906307S04154491WA0096201040
B1629001906286S04154489WA0095901036
B1629041906263S04154483WA0095101028
B1629081906237S04154473WA0094201018
B1629121906212S04154468WA0093601012
B1629161906187S04154468WA0092901003
B1629201906162S04154469WA0092100995
B1629241906135S04154469WA0091200986
B1629281906110S04154470WA0090600981
B1629321906080S04154471WA0089400967
B1629361906045S04154476WA0088300956
B1629401906012S04154478WA0087900951
B1629441905979S04154482WA0087000942
B1629481905944S04154487WA0086100933
B1629521905909S04154491WA0085600928
B1629561905873S04154494WA0085600928
B1630001905839S04154498WA0086300935
B1630041905809S04154504WA0086300935
B1630081905778S04154512WA0085800930
B1630121905746S04154517WA0085100922
B1630161905717S04154525WA0085000922
B1630201905690S04154528WA0085000922
B1630241905662S04154532WA0085300925
B1630281905635S04154536WA0085800930
B1630321905617S04154538WA0086000932
B1630361905595S04154540WA0085600928
B1630401905574S04154546WA0085700929
B1630441905553S04154554WA0085900930
B1630481905531S04154564WA0086500936
B1630521905519S04154576WA0087700949
B1630561905502S04154574WA0088400957
B1631001905515S04154555WA0088900961
B1631041905538S04154557WA0089400967
B1631081905540S04154579WA0090300974
B1631121905535S04154593WA0091300984
B1631161905519S04154588WA0091900991
B1631201905530S04154569WA0092300995
B1631241905545S04154586WA0092800999
B1631281905540S04154600WA0093801012
B1631321905522S04154608WA0093701011
B1631361905508S04154618WA0094201015
B1631401905487S04154627WA0094201016
B1631441905464S04154635WA0094701020
B1631481905446S04154643WA0095201026
B1631521905425S04154647WA0095801032
B1631561905405S04154654WA0096301039
B1632001905383S04154663WA0097101048
B1632041905365S04154673WA0097501052
B1632081905345S04154683WA0098001057
B1632121905322S04154691WA0098901067
B1632161905306S04154683WA0100101080
B1632201905313S04154662WA0101001090
B1632241905330S04154670WA0101901100
B1632281905326S04154688WA0102601107
B1632321905306S04154682WA0103501116
B1632361905310S04154665WA0104601127
B1632401905332S04154665WA0105401136
B1632441905331S04154683WA0106001142
B1632481905313S04154682WA0106901151
B1632521905307S04154667WA0108001163
B1632561905326S04154656WA0108401166
B1633001905329S04154676WA0109201174
B1633041905312S04154683WA0110001183
B1633081905296S04154674WA0110901193
B1633121905288S04154656WA0111601201
B1633161905280S04154635WA0112201206
B1633201905277S04154612WA0112901215
B1633241905275S04154586WA0113701224
B1633281905289S04154571WA0114501230
B1633321905302S04154592WA0115201236
B1633361905287S04154600WA0116201248
B1633401905269S04154598WA0117201257
B1633441905258S04154584WA0118101267
B1633481905276S04154570WA0118801274
B1633521905292S04154588WA0119101277
B1633561905285S04154609WA0120001286
B1634001905274S04154629WA0121101297
B1634041905260S04154638WA0122401311
B1634081905256S04154618WA0122801315
B1634121905276S04154605WA0123601324
B1634161905292S04154619WA0124401331
B1634201905277S04154636WA0125601344
B1634241905269S04154617WA0126501353
B1634281905288S04154614WA0127101361
B1634321905278S04154634WA0128101372
B1634361905264S04154627WA0128901381
B1634401905273S04154606WA0129001382
B1634441905281S04154627WA0129701389
B1634481905268S04154641WA0130701400
B1634521905244S04154644WA0131201405
B1634561905219S04154640WA0131101404
B1635001905188S04154630WA0130001393
B1635041905155S04154616WA0129101383
B1635081905122S04154606WA0128201374
B1635121905091S04154589WA0127201364
B1635161905060S04154572WA0126601356
B1635201905032S04154562WA0126701357
B1635241905007S04154554WA0126201354
B1635281904979S04154540WA0125601346
B1635321904949S04154526WA0125101340
B1635361904923S04154515WA0125701347
B1635401904897S04154505WA0125401343
B1635441904865S04154494WA0124801338
B1635481904834S04154484WA0124401333
B1635521904805S04154469WA0123701326
B1635561904773S04154460WA0123301321
B1636001904746S04154443WA0122301311
B1636041904719S04154427WA0121301300
B1636081904694S04154407WA0120301291
B1636121904667S04154388WA0119201279
B1636161904638S04154369WA0118501271
B1636201904608S04154351WA0117601262
B1636241904574S04154335WA0116801254
B1636281904541S04154317WA0116101247
B1636321904513S04154299WA0116001246
B1636361904485S04154281WA0115801244
B1636401904459S04154263WA0115601242
B1636441904432S04154244WA0115201238
B1636481904404S04154222WA0114701232
B1636521904377S04154202WA0114401229
B1636561904354S04154185WA0115201238
B1637001904334S04154175WA0115701242
B1637041904314S04154159WA0115801245
B1637081904292S04154143WA0115601243
B1637121904268S04154125WA0115101239
B1637161904240S04154105WA0114401231
B1637201904210S04154087WA0114101227
B1637241904181S04154071WA0113901225
B1637281904148S04154055WA0113201218
B1637321904115S04154041WA0112701212
B1637361904082S04154029WA0111901203
B1637401904049S04154017WA0110701192
B1637441904021S04154003WA0109801184
B1637481903999S04153983WA0108801172
B1637521903976S04153959WA0107501157
B1637561903952S04153934WA0106201144
B1638001903929S04153909WA0105201132
B1638041903911S04153890WA0104801130
B1638081903894S04153863WA0103901119
B1638121903883S04153832WA0103201113
B1638161903870S04153797WA0102201102
B1638201903856S04153763WA0101401094
B1638241903841S04153730WA0100701086
B1638281903823S04153699WA0100201081
B1638321903809S04153669WA0099701076
B1638361903793S04153636WA0099101068
B1638401903776S04153604WA0098301061
B1638441903759S04153574WA0097401050
B1638481903745S04153543WA0096501040
B1638521903736S04153526WA0097001047
B1638561903726S04153510WA0095901034
B1639001903721S04153490WA0095201028
B1639041903710S04153468WA0094901025
B1639081903697S04153453WA0095301029
B1639121903674S04153454WA0095401030
B1639161903659S04153444WA0096001037
B1639201903648S04153430WA0096201037
B1639241903635S04153414WA0096501041
B1639281903624S04153401WA0096901046
B1639321903607S04153390WA0096701045
B1639361903587S04153381WA0096901046
B1639401903564S04153370WA0096501043
B1639441903542S04153359WA0096901046
B1639481903522S04153351WA0096901045
B1639521903496S04153346WA0096301040
B1639561903476S04153337WA0096101037
B1640001903452S04153324WA0095501030
B1640041903422S04153310WA0094901022
B1640081903394S04153299WA0094301017
B1640121903363S04153288WA0093701010
B1640161903337S04153273WA0093401006
B1640201903312S04153258WA0093501008
B1640241903294S04153245WA0094001013
B1640281903276S04153233WA0094601020
B1640321903257S04153223WA0094701022
B1640361903235S04153214WA0095001026
B1640401903214S04153199WA0095101027
B1640441903196S04153184WA0095801036
B1640481903174S04153170WA0095801037
B1640521903152S04153159WA0096501045
B1640561903129S04153149WA0096601045
B1641001903106S04153137WA0097001050
B1641041903080S04153135WA0096701045
B1641081903047S04153140WA0096001038
B1641121903017S04153146WA0095601033
B1641161902987S04153151WA0095201028
B1641201902958S04153156WA0095401030
B1641241902932S04153159WA0095101026
B1641281902902S04153164WA0094801023
B1641321902873S04153169WA0094701022
B1641361902848S04153176WA0095201027
B1641401902833S04153176WA0096001036
B1641441902811S04153175WA0096001037
B1641481902794S04153176WA0096901046
B1641521902777S04153180WA0097701054
B1641561902760S04153172WA0098401061
B1642001902758S04153148WA0099101069
B1642041902773S04153130WA0100201081
B1642081902797S04153135WA0100501084
B1642121902791S04153148WA0101201091
B1642161902785S04153124WA0101901098
B1642201902805S04153114WA0102501103
B1642241902817S04153133WA0102601107
B1642281902809S04153144WA0103701118
B1642321902791S04153140WA0104401124
B1642361902795S04153117WA0105001131
B1642401902817S04153114WA0105601137
B1642441902824S04153131WA0106201142
B1642481902805S04153127WA0106601146
B1642521902814S04153103WA0107101149
B1642561902832S04153116WA0107401153
B1643001902822S04153126WA0108301164
B1643041902801S04153126WA0108701168
B1643081902779S04153120WA0109101171
B1643121902749S04153116WA0108901169
B1643161902718S04153118WA0109301173
B1643201902699S04153115WA0110201183
B1643241902676S04153099WA0110001180
B1643281902653S04153086WA0110401184
B1643321902629S04153073WA0110701186
B1643361902604S04153063WA0110401183
B1643401902573S04153050WA0109601174
B1643441902541S04153032WA0108601163
B1643481902512S04153011WA0107901157
B1643521902481S04152990WA0107201149
B1643561902451S04152970WA0106701144
B1644001902422S04152951WA0105901136
B1644041902391S04152934WA0104901125
B1644081902363S04152914WA0104001117
B1644121902336S04152897WA0103301109
B1644161902306S04152882WA0102401098
B1644201902273S04152866WA0101801093
B1644241902241S04152851WA0101301088
B1644281902211S04152838WA0101601091
B1644321902190S04152829WA0102101098
B1644361902164S04152815WA0101701092
B1644401902133S04152804WA0100901085
B1644441902105S04152798WA0100701083
B1644481902080S04152790WA0101401090
B1644521902060S04152783WA0102601104
B1644561902047S04152780WA0103701115
B1645001902030S04152767WA0104501123
B1645041902012S04152757WA0105201130
B1645081901990S04152746WA0106101140
B1645121901970S04152744WA0107301153
B1645161901947S04152737WA0108101160
B1645201901925S04152728WA0109001170
B1645241901903S04152719WA0109701178
B1645281901880S04152711WA0109901180
B1645321901859S04152700WA0110201183
B1645361901836S04152685WA0109801179
B1645401901810S04152667WA0109601176
B1645441901790S04152651WA0109701179
B1645481901762S04152631WA0109201173
B1645521901734S04152611WA0108501166
B1645561901707S04152593WA0107701157
B1646001901676S04152577WA0106701147
B1646041901647S04152561WA0105901139
B1646081901616S04152550WA0105801137
B1646121901586S04152539WA0105401133
B1646161901555S04152523WA0105101129
B1646201901523S04152506WA0105401132
B1646241901493S04152488WA0105601135
B1646281901465S04152472WA0106301142
B1646321901438S04152462WA0107201151
B1646361901418S04152455WA0108601166
B1646401901399S04152441WA0109101171
B1646441901382S04152423WA0109201174
B1646481901363S04152402WA0109501178
B1646521901344S04152383WA0110401186
B1646561901325S04152374WA0111101193
B1647001901301S04152367WA0111601199
B1647041901277S04152355WA0112101204
B1647081901254S04152353WA0113001214
B1647121901246S04152331WA0113201217
B1647161901257S04152318WA0113801223
B1647201901271S04152337WA0113801219
B1647241901279S04152353WA0114401225
B1647281901261S04152363WA0114801230
B1647321901251S04152341WA0115401235
B1647361901259S04152323WA0115901240
B1647401901265S04152300WA0116301245
B1647441901270S04152275WA0116801249
B1647481901275S04152255WA0117901261
B1647521901284S04152236WA0118301265
B1647561901289S04152215WA0119101274
B1648001901298S04152197WA0119701280
B1648041901315S04152186WA0120201286
B1648081901333S04152198WA0120601291
B1648121901337S04152217WA0121601302
B1648161901318S04152233WA0122201307
B1648201901303S04152221WA0122701315
B1648241901310S04152201WA0123601323
B1648281901331S04152202WA0123701324
B1648321901336S04152222WA0124401333
B1648361901317S04152233WA0125001338
B1648401901304S04152215WA0125601345
B1648441901319S04152204WA0126101350
B1648481901339S04152205WA0126501356
B1648521901352S04152221WA0127201363
B1648561901336S04152235WA0127901370
B1649001901320S04152222WA0128701378
B1649041901327S04152202WA0129101382
B1649081901346S04152198WA0129501386
B1649121901362S04152216WA0129801389
B1649161901369S04152236WA0130701398
B1649201901366S04152256WA0131301403
B1649241901347S04152258WA0132001411
B1649281901338S04152237WA0132501418
B1649321901351S04152224WA0133201425
B1649361901367S04152236WA0133701430
B1649401901362S04152258WA0134101433
B1649441901342S04152260WA0134901443
B1649481901325S04152247WA0135901454
B1649521901326S04152225WA0136401459
B1649561901345S04152221WA0137001465
B1650001901351S04152240WA0137601470
B1650041901330S04152247WA0138501480
B1650081901310S04152239WA0139301488
B1650121901298S04152217WA0139901496
B1650161901298S04152198WA0140401501
B1650201901319S04152202WA0140301500
B1650241901317S04152220WA0141001508
B1650281901290S04152224WA0141401512
B1650321901263S04152216WA0141701516
B1650361901232S04152204WA0141301512
B1650401901201S04152188WA0141101508
B1650441901172S04152172WA0140901506
B1650481901143S04152158WA0140501500
B1650521901115S04152142WA0139501492
B1650561901088S04152125WA0139001484
B1651001901054S04152116WA0138001474
B1651041901022S04152105WA0137801471
B1651081900990S04152096WA0137201465
B1651121900957S04152086WA0136501458
B1651161900925S04152079WA0136201454
B1651201900895S04152071WA0135701449
B1651241900864S04152061WA0134901440
B1651281900832S04152052WA0134101431
B1651321900800S04152044WA0133301423
B1651361900769S04152035WA0132501414
B1651401900739S04152023WA0131601405
B1651441900710S04152012WA0130701397
B1651481900679S04152000WA0129801387
B1651521900648S04151988WA0128801376
B1651561900616S04151978WA0127901367
B1652001900584S04151969WA0127101357
B1652041900552S04151961WA0126101348
B1652081900520S04151949WA0125201338
B1652121900490S04151940WA0124501331
B1652161900457S04151932WA0123401319
B1652201900424S04151924WA0122501310
B1652241900393S04151915WA0121501300
B1652281900359S04151908WA0120701291
B1652321900326S04151898WA0120101284
B1652361900294S04151890WA0119401277
B1652401900261S04151883WA0118901270
B1652441900230S04151874WA0118301266
B1652481900197S04151866WA0117501256
B1652521900163S04151859WA0116701248
B1652561900130S04151850WA0116101241
B1653001900097S04151839WA0115401234
B1653041900064S04151828WA0114901228
B1653081900031S04151820WA0114401223
B1653121859996S04151812WA0113901216
B1653161859963S04151804WA0113501213
B1653201859929S04151798WA0113101209
B1653241859896S04151790WA0112701205
B1653281859864S04151781WA0112301200
B1653321859830S04151770WA0111701194
B1653361859797S04151759WA0111301189
B1653401859767S04151747WA0110701183
B1653441859737S04151734WA0109901175
B1653481859705S04151724WA0109301167
B1653521859674S04151710WA0108701162
B1653561859644S04151694WA0108001154
B1654001859614S04151679WA0107601149
B1654041859584S04151665WA0107101144
B1654081859553S04151653WA0106501137
B1654121859522S04151642WA0106001131
B1654161859489S04151634WA0105201124
B1654201859457S04151625WA0104801120
B1654241859424S04151615WA0104001111
B1654281859393S04151599WA0103501107
B1654321859363S04151586WA0102901100
B1654361859333S04151572WA0102001090
B1654401859303S04151559WA0101201082
B1654441859272S04151546WA0100201072
B1654481859242S04151535WA0099601066
B1654521859212S04151524WA0098701058
B1654561859181S04151513WA0098101050
B1655001859152S04151500WA0097201042
B1655041859122S04151486WA0096201031
B1655081859094S04151471WA0095301022
B1655121859065S04151456WA0094301012
B1655161859039S04151439WA0093501005
B1655201859013S04151422WA0092500995
B1655241858986S04151407WA0091600984
B1655281858956S04151396WA0090600973
B1655321858925S04151389WA0089800965
B1655361858895S04151384WA0089200959
B1655401858868S04151381WA0088500951
B1655441858840S04151380WA0088400950
B1655481858817S04151381WA0088500953
B1655521858786S04151381WA0088200949
B1655561858760S04151384WA0088500952
B1656001858733S04151392WA0088300950
B1656041858714S04151409WA0089300961
B1656081858698S04151431WA0090100970
B1656121858673S04151433WA0091000979
B1656161858652S04151428WA0092000989
B1656201858629S04151429WA0092700996
B1656241858611S04151438WA0093401003
B1656281858597S04151447WA0093901009
B1656321858580S04151453WA0094701017
B1656361858567S04151458WA0094801018
B1656401858550S04151472WA0094101010
B1656441858530S04151489WA0093801007
B1656481858512S04151504WA0093601004
B1656521858486S04151523WA0093000999
B1656561858457S04151540WA0093100999
B1657001858432S04151562WA0093701005
B1657041858404S04151571WA0094901018
B1657081858387S04151578WA0096701038
B1657121858369S04151589WA0097901050
B1657161858374S04151608WA0099801067
B1657201858396S04151611WA0100401072
B1657241858403S04151600WA0101701087
B1657281858389S04151592WA0102701098
B1657321858374S04151608WA0103801109
B1657361858372S04151630WA0105001121
B1657401858391S04151634WA0105601128
B1657441858397S04151622WA0106601141
B1657481858390S04151609WA0108101156
B1657521858371S04151617WA0109101166
B1657561858363S04151632WA0110401180
B1658001858370S04151657WA0110501181
B1658041858383S04151663WA0111501193
B1658081858394S04151653WA0112601206
B1658121858391S04151638WA0113901220
B1658161858373S04151635WA0115001232
B1658201858355S04151646WA0115601238
B1658241858356S04151665WA0116201243
B1658281858375S04151662WA0117101254
B1658321858387S04151659WA0117801261
B1658361858412S04151673WA0118201267
B1658401858425S04151674WA0119701286
B1658441858430S04151653WA0119801285
B1658481858435S04151639WA0121101304
B1658521858445S04151621WA0122001313
B1658561858450S04151602WA0123801331
B1659001858436S04151589WA0125101343
B1659041858422S04151603WA0126501357
B1659081858407S04151616WA0127401365
B1659121858390S04151633WA0128501376
B1659161858402S04151653WA0130101395
B1659201858427S04151645WA0131101406
B1659241858437S04151628WA0132801424
B1659281858432S04151610WA0133901433
B1659321858414S04151604WA0135101446
B1659361858397S04151593WA0136101455
B1659401858380S04151579WA0137101465
B1659441858363S04151568WA0138101477
B1659481858342S04151559WA0138501480
B1659521858323S04151552WA0138501482
B1659561858306S04151536WA0138201478
B1700001858287S04151517WA0137401468
B1700041858263S04151496WA0136501458
B1700081858238S04151477WA0135501448
B1700121858209S04151458WA0134401436
B1700161858177S04151439WA0133501426
B1700201858146S04151421WA0132701417
B1700241858114S04151401WA0132101411
B1700281858085S04151382WA0131501406
B1700321858055S04151359WA0130701397
B1700361858029S04151339WA0130201393
B1700401858007S04151318WA0129401384
B1700441857982S04151293WA0128301371
B1700481857959S04151269WA0127601365
B1700521857938S04151247WA0126601355
B1700561857918S04151222WA0125401342
B1701001857895S04151198WA0124501331
B1701041857876S04151173WA0123801324
B1701081857855S04151150WA0122901315
B1701121857832S04151126WA0121901305
B1701161857812S04151099WA0121501300
B1701201857797S04151068WA0121401299
B1701241857785S04151043WA0122101308
B1701281857776S04151022WA0122601314
B1701321857760S04151002WA0123101319
B1701361857745S04150988WA0123901325
B1701401857730S04150982WA0124101328
B1701441857708S04150981WA0123701323
B1701481857690S04150981WA0124301329
B1701521857670S04150973WA0124401328
B1701561857650S04150965WA0124801333
B1702001857627S04150955WA0125101336
B1702041857600S04150949WA0125701343
B1702081857576S04150943WA0126401350
B1702121857548S04150941WA0127101356
B1702161857520S04150941WA0127101357
B1702201857491S04150942WA0127401359
B1702241857468S04150943WA0128001366
B1702281857450S04150945WA0129301380
B1702321857433S04150935WA0129401382
B1702361857410S04150926WA0128601374
B1702401857381S04150920WA0127301360
B1702441857347S04150914WA0126501351
B1702481857312S04150910WA0125601341
B1702521857278S04150904WA0125101335
B1702561857243S04150899WA0124201327
B1703001857209S04150892WA0123701320
B1703041857173S04150890WA0122501308
B1703081857138S04150889WA0121801299
B1703121857103S04150888WA0120901290
B1703161857068S04150885WA0120001281
B1703201857033S04150881WA0119201273
B1703241857000S04150877WA0118601266
B1703281856966S04150872WA0118001260
B1703321856932S04150871WA0117201252
B1703361856897S04150872WA0116501245
B1703401856862S04150874WA0115701236
B1703441856827S04150876WA0114801226
B1703481856793S04150878WA0114201219
B1703521856760S04150882WA0113801215
B1703561856728S04150886WA0113301211
B1704001856698S04150888WA0112801205
B1704041856667S04150890WA0112201198
B1704081856636S04150892WA0111201187
B1704121856603S04150893WA0110001176
B1704161856570S04150895WA0109201167
B1704201856538S04150896WA0108701163
B1704241856506S04150897WA0108701163
B1704281856476S04150897WA0108401159
B1704321856443S04150897WA0108001156
B1704361856409S04150900WA0107601152
B1704401856373S04150899WA0107301149
B1704441856338S04150896WA0107401149
B1704481856305S04150893WA0108101158
B1704521856282S04150887WA0108501163
B1704561856256S04150877WA0108501163
B1705001856232S04150866WA0109001168
B1705041856212S04150855WA0109301172
B1705081856195S04150847WA0110001181
B1705121856188S04150830WA0110401185
B1705161856189S04150812WA0110801190
B1705201856197S04150790WA0110801189
B1705241856216S04150773WA0111101192
B1705281856240S04150763WA0112101203
B1705321856261S04150773WA0112101202
B1705361856255S04150791WA0112901211
B1705401856237S04150801WA0113101213
B1705441856221S04150788WA0113401216
B1705481856216S04150770WA0113701218
B1705521856216S04150747WA0113801220
B1705561856225S04150725WA0113901221
B1706001856243S04150700WA0114201223
B1706041856268S04150690WA0114801230
B1706081856290S04150695WA0115901242
B1706121856292S04150712WA0115801240
B1706161856278S04150719WA0116301246
B1706201856262S04150712WA0116701251
B1706241856269S04150688WA0116701249
B1706281856292S04150680WA0117601259
B1706321856312S04150691WA0117901262
B1706361856318S04150710WA0118401267
B1706401856305S04150724WA0118701270
B1706441856289S04150723WA0119301277
B1706481856301S04150704WA0119301277
B1706521856315S04150719WA0119901284
B1706561856302S04150729WA0120301288
B1707001856292S04150710WA0120801293
B1707041856290S04150684WA0120801292
B1707081856281S04150658WA0121201297
B1707121856270S04150635WA0121801302
B1707161856259S04150617WA0122501310
B1707201856256S04150592WA0123001315
B1707241856255S04150571WA0123301318
B1707281856271S04150550WA0123801324
B1707321856291S04150547WA0124101326
B1707361856300S04150563WA0124301329
B1707401856290S04150578WA0124601332
B1707441856273S04150587WA0125101337
B1707481856257S04150605WA0125101337
B1707521856243S04150617WA0125601341
B1707561856222S04150625WA0125201336
B1708001856196S04150624WA0125401338
B1708041856168S04150623WA0125201334
B1708081856141S04150619WA0125701339
B1708121856122S04150613WA0126701351
B1708161856097S04150603WA0126201346
B1708201856066S04150596WA0125201334
B1708241856037S04150587WA0124101324
B1708281856009S04150575WA0123201314
B1708321855985S04150558WA0122301305
B1708361855958S04150539WA0121201293
B1708401855934S04150520WA0120801290
B1708441855912S04150507WA0120901290
B1708481855890S04150501WA0120301283
B1708521855862S04150499WA0119601276
B1708561855832S04150504WA0119601275
B1709001855811S04150510WA0119901280
B1709041855786S04150520WA0119401273
B1709081855760S04150528WA0118601266
B1709121855736S04150540WA0117901258
B1709161855716S04150554WA0116901249
B1709201855693S04150573WA0115801238
B1709241855671S04150593WA0115101231
B1709281855648S04150614WA0114301222
B1709321855623S04150632WA0114001219
B1709361855599S04150649WA0113801218
B1709401855569S04150664WA0113501213
B1709441855545S04150680WA0113701216
B1709481855522S04150693WA0113601215
B1709521855494S04150706WA0113001209
B1709561855464S04150719WA0112901206
B1710001855443S04150731WA0113601215
B1710041855420S04150735WA0113901216
B1710081855390S04150734WA0114301220
B1710121855361S04150738WA0115201231
B1710161855332S04150742WA0115801237
B1710201855301S04150743WA0116001240
B1710241855269S04150741WA0115701236
B1710281855239S04150734WA0115501234
B1710321855209S04150725WA0114901228
B1710361855179S04150714WA0114801228
B1710401855150S04150705WA0114601225
B1710441855122S04150695WA0114401223
B1710481855091S04150687WA0113801216
B1710521855059S04150677WA0113601215
B1710561855026S04150670WA0113001209
B1711001854996S04150661WA0112101200
B1711041854966S04150652WA0110901188
B1711081854934S04150647WA0110001180
B1711121854906S04150639WA0109501176
B1711161854877S04150626WA0108601166
B1711201854846S04150614WA0108101161
B1711241854818S04150599WA0107201150
B1711281854789S04150584WA0106201140
B1711321854761S04150572WA0105401132
B1711361854734S04150566WA0104501123
B1711401854704S04150563WA0103101107
B1711441854674S04150558WA0102001095
B1711481854646S04150553WA0101301088
B1711521854617S04150550WA0100501079
B1711561854588S04150547WA0099601069
B1712001854557S04150544WA0098701060
B1712041854527S04150540WA0097901052
B1712081854495S04150536WA0097301045
B1712121854463S04150533WA0096901041
B1712161854432S04150531WA0096601039
B1712201854402S04150528WA0096501038
B1712241854369S04150519WA0096001032
B1712281854337S04150510WA0096301036
B1712321854308S04150504WA0096801042
B1712361854282S04150499WA0097501049
B1712401854258S04150488WA0098101054
B1712441854235S04150468WA0098301056
B1712481854211S04150448WA0098401059
B1712521854189S04150430WA0097701052
B1712561854168S04150402WA0096501039
B1713001854150S04150375WA0095801033
B1713041854131S04150348WA0094501019
B1713081854108S04150319WA0093401008
B1713121854085S04150299WA0093101004
B1713161854060S04150277WA0092200994
B1713201854038S04150253WA0091200984
B1713241854017S04150231WA0090400976
B1713281853996S04150209WA0090100973
B1713321853978S04150196WA0090800981
B1713361853964S04150177WA0091000982
B1713401853946S04150156WA0091000982
B1713441853928S04150141WA0091500988
B1713481853914S04150124WA0092400998
B1713521853903S04150103WA0092901002
B1713561853890S04150082WA0093701011
B1714001853877S04150061WA0093801012
B1714041853862S04150035WA0093701012
B1714081853846S04150008WA0093201007
B1714121853828S04149981WA0092701001
B1714161853807S04149958WA0091700990
B1714201853788S04149933WA0091000982
B1714241853771S04149908WA0090200974
B1714281853757S04149879WA0089300964
B1714321853746S04149849WA0088700957
B1714361853732S04149818WA0087800947
B1714401853717S04149786WA0087300943
B1714441853702S04149760WA0086800938
B1714481853695S04149730WA0085700927
B1714521853689S04149695WA0084500913
B1714561853679S04149663WA0083800907
B1715001853670S04149630WA0082800896
B1715041853659S04149593WA0082000886
B1715081853646S04149561WA0081000876
B1715121853634S04149527WA0079700863
B1715161853628S04149492WA0078300850
B1715201853620S04149458WA0077500844
B1715241853611S04149429WA0077700844
B1715281853599S04149404WA0077700844
B1715321853589S04149382WA0077800846
B1715361853581S04149361WA0077400841
B1715401853571S04149332WA0076300828
B1715441853556S04149302WA0075500819
B1715481853542S04149275WA0074900812
B1715521853527S04149247WA0074100804
B1715561853514S04149216WA0073200795
B1716001853498S04149188WA0072800791
B1716041853484S04149160WA0072100784
B1716081853470S04149133WA0071600779
B1716121853456S04149102WA0070900771
B1716161853442S04149071WA0070300764
B1716201853423S04149042WA0069600757
B1716241853405S04149014WA0068800749
B1716281853385S04148990WA0068300744
B1716321853372S04148970WA0068500747
B1716361853363S04148954WA0068800750
B1716401853351S04148936WA0069300756
B1716441853339S04148922WA0069700760
B1716481853328S04148903WA0070000763
B1716521853325S04148879WA0070500769
B1716561853325S04148855WA0070600770
B1717001853317S04148825WA0069700760
B1717041853312S04148793WA0069100753
B1717081853304S04148758WA0067900740
B1717121853297S04148721WA0066900730
B1717161853292S04148684WA0066000720
B1717201853292S04148644WA0064800708
B1717241853290S04148606WA0063600696
B1717281853292S04148568WA0062500684
B1717321853295S04148529WA0061400673
B1717361853299S04148491WA0060300662
B1717401853306S04148454WA0059500654
B1717441853312S04148419WA0058300641
B1717481853322S04148380WA0057000627
B1717521853330S04148342WA0056300620
B1717561853338S04148309WA0055500611
B1718001853347S04148274WA0054400600
B1718041853353S04148241WA0054000596
B1718081853361S04148209WA0053400587
B1718121853377S04148176WA0052700580
B1718161853388S04148146WA0052300575
B1718201853398S04148113WA0051200563
B1718241853414S04148086WA0051500569
B1718281853428S04148103WA0051600568
B1718321853422S04148117WA0052100574
B1718361853410S04148135WA0051600567
B1718401853394S04148156WA0050800558
B1718441853377S04148183WA0050200551
B1718481853366S04148212WA0049600544
B1718521853354S04148242WA0048800536
B1718561853341S04148270WA0048000529
B1719001853327S04148296WA0047200519
B1719041853318S04148322WA0046200510
B1719081853308S04148351WA0045300499
B1719121853300S04148377WA0044300489
B1719161853288S04148407WA0043000476
B1719201853281S04148435WA0042100467
B1719241853272S04148462WA0041000455
B1719281853260S04148489WA0040300447
B1719321853254S04148509WA0040600451
B1719361853249S04148531WA0041100456
B1719401853236S04148520WA0041200456
B1719441853257S04148509WA0041200456
B1719481853271S04148522WA0041700461
B1719521853273S04148544WA0041900463
B1719561853258S04148541WA0042600471
B1720001853263S04148518WA0043200478
B1720041853284S04148529WA0043300479
B1720081853288S04148545WA0044200488
B1720121853274S04148548WA0044700493
B1720161853276S04148524WA0045500502
B1720201853299S04148527WA0045800504
B1720241853306S04148543WA0046700515
B1720281853299S04148558WA0046900517
B1720321853287S04148544WA0047000518
B1720361853310S04148530WA0047300521
B1720401853324S04148537WA0048000528
B1720441853317S04148555WA0048200529
B1720481853305S04148555WA0048700535
B1720521853295S04148536WA0048800536
B1720561853308S04148523WA0049300541
B1721001853322S04148538WA0049500542
B1721041853323S04148552WA0049900547
B1721081853312S04148566WA0049900547
B1721121853302S04148557WA0050300551
B1721161853321S04148543WA0050400552
B1721201853336S04148556WA0050900558
B1721241853334S04148575WA0051000560
B1721281853321S04148571WA0051400564
B1721321853325S04148547WA0051800569
B1721361853338S04148531WA0052500577
B1721401853362S04148532WA0053000582
B1721441853369S04148548WA0053100582
B1721481853359S04148559WA0053500586
B1721521853347S04148553WA0053800590
B1721561853358S04148533WA0054000592
B1722001853378S04148544WA0054400597
B1722041853376S04148560WA0054800600
B1722081853362S04148560WA0055000602
B1722121853366S04148537WA0055000602
B1722161853388S04148532WA0055300606
B1722201853405S04148547WA0055600609
B1722241853401S04148566WA0055800610
B1722281853385S04148570WA0055800611
B1722321853373S04148555WA0056200616
B1722361853391S04148538WA0056300615
B1722401853404S04148556WA0056300615
B1722441853400S04148572WA0056200616
B1722481853385S04148583WA0056800621
B1722521853375S04148572WA0056700620
B1722561853395S04148554WA0056600621
B1723001853409S04148568WA0056900623
B1723041853415S04148590WA0057100625
B1723081853414S04148605WA0057400628
B1723121853398S04148602WA0057500630
B1723161853389S04148583WA0057700631
B1723201853401S04148566WA0058000637
B1723241853421S04148550WA0058300639
B1723281853441S04148560WA0057800632
B1723321853443S04148579WA0057700632
B1723361853436S04148597WA0057600630
B1723401853424S04148608WA0057800631
B1723441853408S04148613WA0057600630
B1723481853391S04148618WA0057600629
B1723521853373S04148628WA0057400627
B1723561853358S04148638WA0057200625
B1724001853343S04148647WA0056300614
B1724041853326S04148659WA0055400605
B1724081853312S04148672WA0054900600
B1724121853302S04148687WA0054800599
B1724161853290S04148701WA0054600597
B1724201853279S04148713WA0054400593
B1724241853267S04148724WA0054000590
B1724281853254S04148735WA0053400583
B1724321853240S04148745WA0053000579
B1724361853227S04148755WA0052200570
B1724401853213S04148770WA0051200559
B1724441853198S04148783WA0050400552
B1724481853176S04148801WA0049000537
B1724521853155S04148820WA0048500531
B1724561853137S04148838WA0047900524
B1725001853120S04148858WA0046700513
B1725041853106S04148881WA0045900504
B1725081853090S04148901WA0045600499
B1725121853081S04148917WA0045400497
B1725161853073S04148936WA0045200496
B1725201853065S04148953WA0045400498
B1725241853056S04148972WA0045200495
B1725281853045S04148989WA0044900493
B1725321853031S04149010WA0044500490
B1725361853022S04149031WA0044600492
B1725401853012S04149053WA0045000495
B1725441853003S04149072WA0045200498
B1725481852995S04149092WA0045600501
B1725521852981S04149108WA0046200508
B1725561852966S04149124WA0046400509
B1726001852950S04149136WA0046900515
B1726041852934S04149142WA0047200517
B1726081852923S04149150WA0048400531
B1726121852940S04149165WA0048500531
B1726161852952S04149145WA0048800534
B1726201852942S04149136WA0049700544
B1726241852940S04149155WA0050100548
B1726281852956S04149171WA0050700554
B1726321852975S04149154WA0050600555
B1726361852967S04149140WA0051500564
B1726401852965S04149158WA0051600564
B1726441852985S04149171WA0052200571
B1726481853010S04149164WA0052200569
B1726521853014S04149146WA0052500572
B1726561853000S04149137WA0052700573
B1727001852985S04149149WA0053200579
B1727041852989S04149169WA0054000588
B1727081853017S04149180WA0054300590
B1727121853032S04149168WA0054600594
B1727161853022S04149150WA0055000599
B1727201853007S04149143WA0055400603
B1727241852993S04149154WA0056100611
B1727281853007S04149177WA0056000609
B1727321853032S04149176WA0057000621
B1727361853025S04149161WA0057300624
B1727401853018S04149180WA0057800629
B1727441853044S04149195WA0058100630
B1727481853059S04149184WA0058400635
B1727521853053S04149167WA0059100642
B1727561853040S04149171WA0059600647
B1728001853050S04149190WA0059900650
B1728041853076S04149192WA0060300653
B1728081853089S04149176WA0061000662
B1728121853077S04149165WA0061100663
B1728161853061S04149177WA0061900673
B1728201853068S04149201WA0062100675
B1728241853086S04149221WA0062800684
B1728281853111S04149227WA0063200687
B1728321853135S04149222WA0063800693
B1728361853153S04149204WA0064400700
B1728401853155S04149181WA0065100706
B1728441853152S04149161WA0066000716
B1728481853134S04149167WA0066200717
B1728521853137S04149188WA0066900725
B1728561853158S04149200WA0067600730
B1729001853172S04149185WA0068300740
B1729041853161S04149170WA0068800744
B1729081853145S04149174WA0069700754
B1729121853141S04149196WA0069800754
B1729161853160S04149211WA0070300760
B1729201853184S04149197WA0070700764
B1729241853198S04149183WA0071600778
B1729281853186S04149165WA0072100781
B1729321853175S04149180WA0072700788
B1729361853190S04149197WA0073400793
B1729401853205S04149180WA0073800798
B1729441853194S04149165WA0074200801
B1729481853176S04149166WA0074900810
B1729521853159S04149181WA0075100812
B1729561853143S04149201WA0075700819
B1730001853131S04149221WA0076000821
B1730041853116S04149239WA0076300824
B1730081853099S04149256WA0076400826
B1730121853083S04149273WA0077000832
B1730161853069S04149292WA0077900841
B1730201853071S04149309WA0078700849
B1730241853092S04149304WA0078700849
B1730281853109S04149294WA0079300854
B1730321853118S04149278WA0080000863
B1730361853108S04149266WA0080700872
B1730401853091S04149280WA0081000872
B1730441853081S04149300WA0082200885
B1730481853068S04149315WA0082200886
B1730521853058S04149337WA0081400878
B1730561853050S04149364WA0080500869
B1731001853040S04149399WA0079300855
B1731041853033S04149431WA0078900852
B1731081853027S04149464WA0077800840
B1731121853016S04149498WA0076800830
B1731161853001S04149530WA0075900820
B1731201852985S04149562WA0074900809
B1731241852971S04149594WA0073600796
B1731281852955S04149628WA0072400783
B1731321852939S04149664WA0071700776
B1731361852926S04149696WA0071600775
B1731401852912S04149730WA0070500763
B1731441852898S04149763WA0069600753
B1731481852881S04149796WA0068300740
B1731521852868S04149826WA0068000737
B1731561852855S04149856WA0066700724
B1732001852839S04149885WA0065500711
B1732041852819S04149912WA0064700701
B1732081852808S04149942WA0064000695
B1732121852793S04149973WA0063000684
B1732161852778S04150004WA0062200676
B1732201852762S04150035WA0061600668
B1732241852749S04150063WA0061400668
B1732281852734S04150094WA0060600658
B1732321852723S04150123WA0060300657
B1732361852707S04150152WA0059500647
B1732401852691S04150178WA0059500647
B1732441852678S04150207WA0058900641
B1732481852669S04150233WA0059600650
B1732521852672S04150249WA0059900651
B1732561852669S04150274WA0060200653
B1733001852662S04150296WA0060800659
B1733041852653S04150315WA0061000662
B1733081852636S04150330WA0061200665
B1733121852616S04150337WA0061700670
B1733161852600S04150327WA0062000674
B1733201852608S04150309WA0062000673
B1733241852632S04150300WA0062000674
B1733281852659S04150303WA0062200675
B1733321852682S04150313WA0062300675
B1733361852704S04150327WA0063000684
B1733401852722S04150344WA0063300686
B1733441852723S04150369WA0063400688
B1733481852718S04150391WA0063300686
B1733521852706S04150400WA0063400688
B1733561852689S04150395WA0063500690
B1734001852676S04150382WA0063500689
B1734041852670S04150363WA0063300687
B1734081852683S04150350WA0063600691
B1734121852706S04150349WA0063900694
B1734161852723S04150367WA0064300697
B1734201852731S04150390WA0064500700
B1734241852729S04150413WA0064400698
B1734281852730S04150437WA0064800703
B1734321852730S04150463WA0065000705
B1734361852735S04150488WA0065600711
B1734401852738S04150509WA0065800714
B1734441852735S04150535WA0065600712
B1734481852732S04150560WA0065700713
B1734521852729S04150583WA0065500711
B1734561852724S04150610WA0065000706
B1735001852719S04150636WA0064500700
B1735041852711S04150663WA0063800692
B1735081852705S04150692WA0063400688
B1735121852702S04150721WA0062900683
B1735161852698S04150749WA0062400677
B1735201852699S04150778WA0061500668
B1735241852700S04150805WA0060700659
B1735281852701S04150834WA0059500647
B1735321852698S04150863WA0059200644
B1735361852699S04150890WA0059100643
B1735401852698S04150918WA0058500636
B1735441852697S04150946WA0058200633
B1735481852694S04150974WA0058200632
B1735521852692S04151000WA0058000631
B1735561852688S04151029WA0057500625
B1736001852685S04151054WA0057600626
B1736041852684S04151080WA0057000620
B1736081852682S04151105WA0056600616
B1736121852678S04151128WA0056500615
B1736161852675S04151154WA0056300613
B1736201852672S04151179WA0055900609
B1736241852664S04151207WA0055500604
B1736281852658S04151230WA0055600606
B1736321852647S04151253WA0055400603
B1736361852639S04151276WA0054500593
B1736401852630S04151300WA0053500584
B1736441852617S04151324WA0052000567
B1736481852603S04151353WA0050800555
B1736521852591S04151381WA0049400541
B1736561852579S04151411WA0048200527
B1737001852565S04151441WA0047400518
B1737041852555S04151465WA0048000525
B1737081852548S04151482WA0048000523
B1737121852536S04151500WA0048400528
B1737161852526S04151515WA0048300526
B1737201852516S04151531WA0048700532
B1737241852502S04151544WA0048500528
B1737281852494S04151558WA0049100537
B1737321852480S04151567WA0049200536
B1737361852471S04151554WA0049600541
B1737401852492S04151541WA0049300537
B1737441852508S04151558WA0049900544
B1737481852513S04151579WA0049700541
B1737521852503S04151592WA0049900546
B1737561852493S04151579WA0049800545
B1738001852516S04151572WA0050000549
B1738041852521S04151595WA0050300552
B1738081852520S04151620WA0050600554
B1738121852518S04151642WA0051000560
B1738161852517S04151668WA0050900558
B1738201852514S04151693WA0050300551
B1738241852507S04151725WA0049900546
B1738281852496S04151750WA0050100547
B1738321852488S04151777WA0049500540
B1738361852474S04151802WA0049100537
B1738401852466S04151817WA0050100547
B1738441852452S04151825WA0050600551
B1738481852441S04151817WA0050900556
B1738521852424S04151806WA0050100545
B1738561852409S04151795WA0050300549
B1739001852393S04151784WA0050800553
B1739041852379S04151772WA0051200557
B1739081852363S04151758WA0051300558
B1739121852348S04151744WA0052000566
B1739161852333S04151731WA0052600571
B1739201852322S04151721WA0053400581
B1739241852312S04151708WA0053800585
B1739281852316S04151693WA0054700594
B1739321852338S04151704WA0055300602
B1739361852333S04151722WA0056100611
B1739401852322S04151709WA0056700616
B1739441852344S04151703WA0057600625
B1739481852348S04151723WA0058500635
B1739521852337S04151711WA0059000640
B1739561852359S04151705WA0059800649
B1740001852363S04151728WA0060800660
B1740041852348S04151728WA0061400668
B1740081852358S04151708WA0062100676
B1740121852380S04151717WA0062800683
B1740161852391S04151733WA0064100696
B1740201852392S04151755WA0064400699
B1740241852389S04151780WA0065000706
B1740281852382S04151802WA0065300708
B1740321852370S04151787WA0065100706
B1740361852395S04151784WA0065400709
B1740401852417S04151797WA0066300719
B1740441852420S04151820WA0066400720
B1740481852402S04151824WA0066400721
B1740521852412S04151811WA0066600723
B1740561852431S04151827WA0066900727
B1741001852436S04151851WA0066900726
B1741041852451S04151878WA0066800725
B1741081852466S04151904WA0067100728
B1741121852478S04151931WA0067300730
B1741161852487S04151960WA0067300730
B1741201852493S04151991WA0067500731
B1741241852500S04152021WA0067300730
B1741281852507S04152050WA0067400730
B1741321852510S04152079WA0067100727
B1741361852512S04152108WA0066600723
B1741401852515S04152136WA0066000715
B1741441852519S04152165WA0065500711
B1741481852524S04152197WA0064700702
B1741521852523S04152228WA0064900704
B1741561852523S04152257WA0065100707
B1742001852523S04152288WA0065000705
B1742041852524S04152313WA0065300710
B1742081852520S04152342WA0064800704
B1742121852517S04152369WA0064600704
B1742161852512S04152400WA0064000698
B1742201852507S04152429WA0063800696
B1742241852502S04152458WA0063200689
B1742281852500S04152486WA0063400692
B1742321852496S04152515WA0063400691
B1742361852491S04152543WA0063400691
B1742401852482S04152574WA0063300689
B1742441852473S04152602WA0063700694
B1742481852462S04152630WA0063600691
B1742521852453S04152652WA0063600692
B1742561852437S04152673WA0063300688
B1743001852424S04152690WA0063400690
B1743041852411S04152710WA0063000685
B1743081852399S04152729WA0063200687
B1743121852386S04152748WA0063300688
B1743161852373S04152763WA0064000696
B1743201852357S04152781WA0064300699
B1743241852345S04152798WA0065300710
B1743281852332S04152818WA0065900715
B1743321852322S04152838WA0066500722
B1743361852310S04152861WA0067100729
B1743401852296S04152882WA0067200729
B1743441852283S04152907WA0067100728
B1743481852268S04152931WA0067100727
B1743521852253S04152952WA0066800724
B1743561852229S04152972WA0066600722
B1744001852210S04152988WA0067200729
B1744041852191S04153005WA0067700736
B1744081852177S04153022WA0068100741
B1744121852159S04153031WA0068900750
B1744161852142S04153045WA0068900749
B1744201852133S04153067WA0069100752
B1744241852130S04153093WA0068800748
B1744281852128S04153120WA0068500745
B1744321852127S04153149WA0068300740
B1744361852127S04153178WA0068200738
B1744401852128S04153203WA0068600743
B1744441852130S04153230WA0068500741
B1744481852133S04153257WA0068800745
B1744521852134S04153282WA0069000748
B1744561852131S04153312WA0068400742
B1745001852126S04153340WA0068300741
B1745041852124S04153368WA0068200739
B1745081852123S04153397WA0067300731
B1745121852119S04153428WA0067000726
B1745161852113S04153458WA0066800723
B1745201852107S04153485WA0066700722
B1745241852100S04153512WA0066200716
B1745281852092S04153540WA0066100718
B1745321852086S04153567WA0066500725
B1745361852082S04153593WA0066400724
B1745401852076S04153620WA0066400724
B1745441852072S04153649WA0066200722
B1745481852072S04153681WA0066200722
B1745521852066S04153707WA0066500725
B1745561852058S04153731WA0066500723
B1746001852051S04153760WA0066300722
B1746041852046S04153791WA0066200721
B1746081852043S04153822WA0066100720
B1746121852040S04153854WA0065900718
B1746161852041S04153883WA0066000720
B1746201852038S04153914WA0065500714
B1746241852040S04153940WA0065900719
B1746281852041S04153970WA0065900719
B1746321852046S04153996WA0066300723
B1746361852045S04154017WA0066400724
B1746401852040S04154037WA0066100720
B1746441852037S04154058WA0066300722
B1746481852034S04154080WA0066400723
B1746521852033S04154104WA0066300723
B1746561852029S04154129WA0065600714
B1747001852027S04154153WA0065700715
B1747041852027S04154178WA0065200709
B1747081852028S04154205WA0065500713
B1747121852029S04154229WA0065400711
B1747161852030S04154252WA0065500712
B1747201852033S04154281WA0065500711
B1747241852034S04154303WA0065600713
B1747281852034S04154330WA0065000707
B1747321852030S04154353WA0064500701
B1747361852024S04154374WA0064100696
B1747401852021S04154398WA0063500690
B1747441852018S04154423WA0063600691
B1747481852015S04154449WA0063500690
B1747521852015S04154477WA0063800694
B1747561852016S04154504WA0063900695
B1748001852017S04154531WA0063500690
B1748041852016S04154558WA0062800684
B1748081852014S04154584WA0062700684
B1748121852014S04154608WA0061900678
B1748161852016S04154638WA0061400670
B1748201852012S04154669WA0060600661
B1748241852005S04154698WA0060700662
B1748281852001S04154728WA0061000666
B1748321852000S04154756WA0061900675
B1748361851995S04154783WA0062600682
B1748401851988S04154809WA0063600693
B1748441851978S04154831WA0063800695
B1748481851965S04154849WA0064600703
B1748521851953S04154862WA0064500702
B1748561851939S04154869WA0064200699
B1749001851922S04154876WA0064100698
B1749041851907S04154879WA0063700694
B1749081851889S04154885WA0063600693
B1749121851872S04154891WA0063100687
B1749161851854S04154898WA0062500682
B1749201851836S04154903WA0062200679
B1749241851815S04154908WA0062000677
B1749281851801S04154913WA0061600673
B1749321851781S04154920WA0061100667
B1749361851766S04154926WA0060700663
B1749401851749S04154938WA0059900654
B1749441851734S04154949WA0059200646
B1749481851715S04154960WA0059100646
B1749521851708S04154970WA0059200646
B1749561851693S04154980WA0059000644
B1750001851679S04154989WA0059100646
B1750041851665S04155000WA0059600651
B1750081851654S04155015WA0059900652
B1750121851638S04155027WA0060100656
B1750161851620S04155035WA0060800663
B1750201851602S04155042WA0061000665
B1750241851586S04155053WA0061800673
B1750281851568S04155061WA0062100676
B1750321851554S04155071WA0062800683
B1750361851538S04155082WA0062700682
B1750401851522S04155089WA0062500681
B1750441851508S04155093WA0062500681
B1750481851490S04155097WA0062600682
B1750521851473S04155101WA0062900685
B1750561851457S04155106WA0063500692
B1751001851441S04155112WA0063700694
B1751041851428S04155118WA0063400693
B1751081851413S04155129WA0062800687
B1751121851398S04155145WA0062400680
B1751161851381S04155155WA0061900675
B1751201851363S04155166WA0061300668
B1751241851345S04155176WA0060600661
B1751281851327S04155187WA0060100656
B1751321851309S04155200WA0059700650
B1751361851291S04155212WA0059300645
B1751401851273S04155220WA0058900639
B1751441851255S04155224WA0058200633
B1751481851235S04155227WA0057400625
B1751521851218S04155239WA0056800619
B1751561851211S04155264WA0056200612
B1752001851218S04155290WA0055900608
B1752041851231S04155315WA0055400603
B1752081851243S04155340WA0055000599
B1752121851255S04155365WA0054400593
B1752161851268S04155391WA0054000588
B1752201851281S04155417WA0053600583
B1752241851295S04155442WA0053100579
B1752281851309S04155467WA0052600573
B1752321851325S04155492WA0052100567
B1752361851340S04155517WA0051600562
B1752401851354S04155542WA0051100556
B1752441851367S04155567WA0050600551
B1752481851380S04155592WA0050100546
B1752521851391S04155618WA0049500539
B1752561851402S04155645WA0048800532
B1753001851415S04155669WA0048100525
B1753041851427S04155696WA0047600519
B1753081851441S04155722WA0047000512
B1753121851451S04155747WA0046600508
B1753161851462S04155775WA0045800500
B1753201851473S04155801WA0045300495
B1753241851485S04155828WA0044700490
B1753281851499S04155852WA0044200483
B1753321851516S04155874WA0043900480
B1753361851532S04155894WA0043400475
B1753401851549S04155915WA0042900471
B1753441851567S04155936WA0042400465
B1753481851584S04155957WA0042000460
B1753521851600S04155979WA0041600457
B1753561851617S04156000WA0041300454
B1754001851635S04156021WA0041000451
B1754041851651S04156044WA0040500445
B1754081851667S04156065WA0040000441
B1754121851684S04156087WA0039400434
B1754161851699S04156110WA0038800428
B1754201851710S04156136WA0038000421
B1754241851720S04156164WA0037500415
B1754281851725S04156191WA0036900409
B1754321851729S04156219WA0036400403
B1754361851735S04156245WA0035900397
B1754401851749S04156268WA0035400391
B1754441851766S04156288WA0034900386
B1754481851778S04156312WA0034200379
B1754521851780S04156336WA0033700375
B1754561851769S04156353WA0033200370
B1755001851756S04156353WA0032700365
B1755041851750S04156342WA0032300361
B1755081851744S04156329WA0031800356
B1755121851737S04156318WA0031400352
B1755161851728S04156309WA0030800347
B1755201851716S04156306WA0030400342
B1755241851704S04156305WA0029900337
B1755281851688S04156306WA0029400333
B1755321851676S04156300WA0029100330
B1755361851663S04156303WA0028600326
B1755401851656S04156323WA0028000320
B1755441851665S04156346WA0027600313
B1755481851685S04156363WA0027200309
B1755521851704S04156382WA0026600302
B1755561851720S04156403WA0026200298
B1756001851733S04156426WA0025700293
B1756041851747S04156447WA0025200288
B1756081851758S04156471WA0024600282
B1756121851762S04156496WA0024100277
B1756161851759S04156518WA0023700273
B1756201851752S04156537WA0023200268
B1756241851741S04156557WA0022700261
B1756281851729S04156572WA0022300257
B1756321851717S04156590WA0022000253
B1756361851704S04156606WA0021500248
B1756401851694S04156624WA0021200246
B1756441851681S04156621WA0020700241
B1756481851681S04156610WA0020200237
B1756521851682S04156596WA0019800233
B1756561851682S04156584WA0019400228
B1757001851676S04156574WA0018900224
B1757041851662S04156573WA0018400218
B1757081851647S04156576WA0018000214
B1757121851632S04156580WA0017600209
B1757161851618S04156589WA0017300205
B1757201851604S04156598WA0016900200
B1757241851589S04156599WA0016500195
B1757281851577S04156595WA0016100191
B1757321851579S04156582WA0015800186
B1757361851579S04156571WA0015300184
B1757401851567S04156560WA0014900179
B1757441851554S04156554WA0014600175
B1757481851544S04156543WA0014100172
B1757521851533S04156527WA0013600168
B1757561851526S04156514WA0013400165
B1758001851522S04156507WA0013300162
B1758041851521S04156507WA0013400161
B1758081851520S04156507WA0013300159
B1758121851520S04156507WA0013300158
B1758161851520S04156507WA0013300157
B1758201851520S04156507WA0013400156
B1758241851519S04156506WA0013300155
B1758281851519S04156505WA0013300154
B1758321851519S04156505WA0013300153
B1758361851519S04156505WA0013300152
B1758401851518S04156505WA0013300152
B1758441851517S04156506WA0013300151
B1758481851516S04156507WA0013300152
B1758521851514S04156508WA0013300152
B1758561851513S04156509WA0013300153
B1759001851512S04156511WA0013400153
B1759041851511S04156513WA0013300153
B1759081851510S04156514WA0013400153
B1759121851508S04156514WA0013400154
B1759161851508S04156515WA0013400153
B1759201851508S04156516WA0013300154
B1759241851508S04156516WA0013400153
B1759281851508S04156516WA0013400153
B1759321851508S04156516WA0013400154
B1759361851508S04156516WA0013400155
B1759401851508S04156517WA0013400156
B1759441851508S04156517WA0013400156
B1759481851508S04156517WA0013400157
B1759521851508S04156517WA0013400157
B1759561851508S04156517WA0013400158
B1800001851508S04156517WA0013400158
B1800041851508S04156517WA0013400158
B1800081851508S04156517WA0013300157
B1800121851508S04156517WA0013300157
B1800161851508S04156517WA0013300156
B1800201851508S04156517WA0013300156
B1800241851508S04156517WA0013300156
B1800281851508S04156517WA0013300155
B1800321851509S04156517WA0013300155
B1800361851509S04156517WA0013400155
B1800401851508S04156517WA0013300156
B1800441851508S04156518WA0013300156
B1800481851508S04156518WA0013300155
B1800521851508S04156518WA0013300156
B1800561851508S04156518WA0013300155
B1801001851508S04156518WA0013300155
B1801041851508S04156518WA0013300155
B1801081851508S04156518WA0013400155
B1801121851508S04156518WA0013300155
B1801161851508S04156518WA0013300154
B1801201851507S04156518WA0013300155
B1801241851507S04156518WA0013300154
B1801281851507S04156518WA0013300155
B1801321851507S04156518WA0013300155
B1801361851507S04156518WA0013300155
B1801401851506S04156518WA0013300155
B1801441851506S04156518WA0013300155
B1801481851506S04156519WA0013300155
B1801521851506S04156519WA0013300155
B1801561851506S04156519WA0013300155
B1802001851506S04156519WA0013300155
B1802041851506S04156519WA0013300155
B1802081851506S04156519WA0013300155
B1802121851506S04156519WA0013300155
B1802161851506S04156519WA0013300156
B1802201851506S04156519WA0013300157
B1802241851506S04156519WA0013300158
B1802281851506S04156519WA0013300159
B1802321851506S04156519WA0013300160
B1802361851506S04156519WA0013300160
B1802401851506S04156519WA0013300161
B1802441851506S04156519WA0013300161
B1802481851506S04156519WA0013300160
B1802521851506S04156518WA0013300160
B1802561851507S04156518WA0013300160
B1803001851507S04156518WA0013300160
B1803041851506S04156519WA0013300159
B1803081851507S04156519WA0013300159
B1803121851507S04156519WA0013300159
B1803161851507S04156519WA0013300159
B1803201851507S04156519WA0013300160
B1803241851507S04156519WA0013300159
B1803281851507S04156519WA0013300159
B1803321851507S04156519WA0013300160
B1803361851507S04156519WA0013300160
B1803401851507S04156519WA0013300160
B1803441851507S04156519WA0013300161
B1803481851507S04156519WA0013300161
B1803521851507S04156519WA0013300161
B1803561851507S04156519WA0013300160
B1804001851507S04156518WA0013300159
B1804041851507S04156518WA0013300159
B1804081851507S04156518WA0013300159
B1804121851507S04156518WA0013300159
B1804161851507S04156519WA0013300159
B1804201851507S04156519WA0013300159
B1804241851507S04156519WA0013300159
B1804281851507S04156519WA0013300158
B1804321851507S04156519WA0013300159
B1804361851507S04156518WA0013300158
B1804401851507S04156518WA0013300158
B1804441851507S04156518WA0013300157
B1804481851507S04156518WA0013300157
B1804521851507S04156518WA0013300156
B1804561851507S04156519WA0013300156
B1805001851507S04156519WA0013300155
B1805041851507S04156519WA0013300155
B1805081851507S04156518WA0013300155
B1805121851507S04156518WA0013300156
B1805161851507S04156518WA0013300156
B1805201851507S04156518WA0013300156
B1805241851507S04156518WA0013300156
B1805281851507S04156517WA0013300155
B1805321851507S04156517WA0013300155
B1805361851507S04156517WA0013300155
B1805401851506S04156517WA0013300154
B1805441851506S04156517WA0013300153
B1805481851506S04156517WA0013300153
B1805521851506S04156517WA0013300154
B1805561851506S04156517WA0013300154
B1806001851506S04156517WA0013300155
B1806041851506S04156517WA0013300155
B1806081851506S04156517WA0013300156
B1806121851506S04156517WA0013300156
B1806161851506S04156517WA0013300155
B1806201851506S04156517WA0013300155
B1806241851506S04156517WA0013300155
B1806281851507S04156517WA0013300155
B1806321851507S04156517WA0013400156
B1806361851507S04156517WA0013300156
B1806401851507S04156517WA0013300156
B1806441851507S04156517WA0013400156
B1806481851507S04156517WA0013300156
B1806521851507S04156518WA0013400156
B1806561851506S04156518WA0013400156
B1807001851506S04156518WA0013400155
B1807041851506S04156518WA0013300156
B1807081851506S04156518WA0013300156
B1807121851506S04156518WA0013300156
B1807161851506S04156518WA0013300155
B1807201851506S04156518WA0013100156
B1807241851507S04156518WA0013400157
B1807281851507S04156518WA0013300157
B1807321851507S04156517WA0013300156
B1807361851507S04156517WA0013400156
B1807401851508S04156517WA0013300156
B1807441851508S04156516WA0013300156
B1807481851508S04156516WA0013300156
B1807521851508S04156516WA0013300156
B1807561851508S04156516WA0013300156
B1808001851508S04156516WA0013300156
B1808041851508S04156516WA0013300156
B1808081851508S04156516WA0013300155
B1808121851508S04156516WA0013300155
B1808161851508S04156515WA0013300155
B1808201851508S04156515WA0013300155
B1808241851508S04156515WA0013300154
B1808281851508S04156515WA0013300154
B1808321851508S04156515WA0013300154
B1808361851508S04156516WA0013300154
B1808401851508S04156516WA0013300154
B1808441851508S04156516WA0013300154
B1808481851508S04156516WA0013300154
B1808521851508S04156515WA0013300154
B1808561851508S04156515WA0013300154
B1809001851508S04156515WA0013300154
B1809041851508S04156515WA0013300153
B1809081851508S04156515WA0013300153
B1809121851508S04156515WA0013300153
B1809161851508S04156515WA0013300153
B1809201851508S04156515WA0013300153
B1809241851508S04156515WA0013300153
B1809281851508S04156515WA0013300153
B1809321851508S04156515WA0013300153
B1809361851508S04156515WA0013300153
B1809401851508S04156515WA0013400153
B1809441851508S04156515WA0013300153
B1809481851508S04156515WA0013300153
B1809521851508S04156515WA0013300153
B1809561851508S04156515WA0013300153
B1810001851508S04156515WA0013300153
B1810041851508S04156515WA0013300153
B1810081851508S04156515WA0013300153
B1810121851508S04156515WA0013300154
B1810161851508S04156515WA0013300154
B1810201851508S04156515WA0013300154
B1810241851508S04156515WA0013300153
B1810281851507S04156515WA0013300154
B1810321851507S04156515WA0013400154
B1810361851508S04156515WA0013300154
B1810401851508S04156515WA0013300154
B1810441851508S04156515WA0013300154
B1810481851508S04156515WA0013300154
B1810521851508S04156515WA0013300154
B1810561851508S04156515WA0013300154
B1811001851508S04156515WA0013400154
B1811041851507S04156515WA0013300154
B1811081851508S04156516WA0013300154
B1811121851508S04156516WA0013300153
B1811161851508S04156516WA0013300153
B1811201851508S04156516WA0013400153
B1811241851508S04156516WA0013400153
B1811281851508S04156515WA0013400152
B1811321851508S04156515WA0013400152
B1811361851508S04156515WA0013300152
B1811401851508S04156515WA0013300152
B1811441851508S04156515WA0013300152
B1811481851508S04156515WA0013300152
B1811521851508S04156515WA0013300152
B1811561851508S04156515WA0013300153
B1812001851507S04156516WA0013300153
B1812041851507S04156516WA0013300153
B1812081851507S04156516WA0013300153
B1812121851507S04156516WA0013300154
B1812161851507S04156516WA0013300154
B1812201851507S04156516WA0013300154
B1812241851507S04156516WA0013300154
B1812281851508S04156515WA0013300154
B1812321851508S04156515WA0013300153
B1812361851508S04156515WA0013300153
B1812401851508S04156516WA0013300153
B1812441851508S04156516WA0013300153
B1812481851508S04156516WA0013300153
B1812521851508S04156516WA0013400153
B1812561851508S04156516WA0013400153
B1813001851508S04156516WA0013300153
B1813041851508S04156516WA0013300153
B1813081851508S04156515WA0013300153
B1813121851508S04156515WA0013300153
B1813161851508S04156515WA0013300152
B1813201851508S04156515WA0013300152
B1813241851508S04156515WA0013300152
B1813281851508S04156515WA0013300152
B1813321851508S04156515WA0013300153
B1813361851508S04156515WA0013300153
B1813401851508S04156515WA0013300153
B1813441851508S04156515WA0013300153
B1813481851508S04156515WA0013300154
B1813521851508S04156515WA0013300154
B1813561851508S04156515WA0013300154
B1814001851508S04156515WA0013300154
B1814041851508S04156515WA0013300154
B1814081851508S04156515WA0013300153
B1814121851508S04156515WA0013300153
B1814161851508S04156515WA0013300152
B1814201851508S04156515WA0013300152
B1814241851508S04156515WA0013300152
B1814281851508S04156515WA0013300152
B1814321851508S04156515WA0013300153
B1814361851508S04156515WA0013300153
B1814401851508S04156515WA0013300154
B1814441851508S04156515WA0013300154
B1814481851508S04156515WA0013300153
B1814521851508S04156515WA0013300153
B1814561851508S04156515WA0013300153
B1815001851508S04156515WA0013300153
B1815041851508S04156515WA0013300154
B1815081851508S04156515WA0013300154
B1815121851508S04156516WA0013300154
B1815161851508S04156516WA0013300154
B1815201851508S04156516WA0013300153
B1815241851508S04156515WA0013400153
B1815281851508S04156515WA0013300153
B1815321851508S04156515WA0013300153
B1815361851508S04156516WA0013300153
B1815401851508S04156516WA0013300154
B1815441851508S04156516WA0013300154
B1815481851508S04156516WA0013300154
B1815521851508S04156516WA0013400155
B1815561851508S04156516WA0013300155
B1816001851508S04156516WA0013300155
B1816041851508S04156516WA0013300155
B1816081851508S04156516WA0013300155
B1816121851508S04156516WA0013300155
B1816161851508S04156516WA0013300155
B1816201851508S04156517WA0013300156
B1816241851508S04156517WA0013300156
B1816281851508S04156517WA0013300156
B1816321851508S04156517WA0013300155
B1816361851508S04156517WA0013300154
B1816401851508S04156516WA0013300154
B1816441851508S04156516WA0013300154
B1816481851508S04156516WA0013300154
B1816521851508S04156516WA0013300154
B1816561851508S04156516WA0013300155
B1817001851508S04156517WA0013300155
B1817041851507S04156517WA0013300155
B1817081851507S04156517WA0013300156
B1817121851507S04156517WA0013300156
B1817161851507S04156517WA0013300156
B1817201851507S04156517WA0013300156
B1817241851507S04156517WA0013300155
B1817281851507S04156517WA0013400155
B1817321851507S04156517WA0013300155
B1817361851507S04156517WA0013300156
B1817401851507S04156518WA0013300156
B1817441851507S04156518WA0013300156
B1817481851507S04156518WA0013400157
B1817521851507S04156518WA0013400156
B1817561851507S04156517WA0013300156
B1818001851507S04156517WA0013300155
B1818041851507S04156517WA0013300155
B1818081851507S04156517WA0013300155
B1818121851507S04156517WA0013400155
B1818161851507S04156517WA0013300155
B1818201851507S04156517WA0013300156
B1818241851507S04156518WA0013300157
B1818281851507S04156518WA0013300158
B1818321851507S04156517WA0013300158
B1818361851507S04156517WA0013300157
B1818401851507S04156516WA0013300156
B1818441851507S04156516WA0013300155
B1818481851507S04156517WA0013300155
B1818521851507S04156517WA0013300155
B1818561851507S04156517WA0013300155
B1819001851507S04156517WA0013300156
B1819041851507S04156518WA0013300156
B1819081851507S04156518WA0013300156
B1819121851507S04156517WA0013300156
B1819161851507S04156517WA0013300156
B1819201851507S04156517WA0013300155
B1819241851507S04156517WA0013300155
B1819281851507S04156517WA0013300155
B1819321851507S04156517WA0013300155
B1819361851507S04156517WA0013300155
B1819401851507S04156517WA0013300155
B1819441851507S04156517WA0013300156
B1819481851507S04156517WA0013300155
B1819521851507S04156517WA0013300155
B1819561851507S04156517WA0013400155
B1820001851507S04156517WA0013400155
B1820041851507S04156517WA0013400155
B1820081851507S04156517WA0013300155
B1820121851507S04156517WA0013400154
B1820161851507S04156517WA0013300154
B1820201851507S04156517WA0013300154
B1820241851507S04156517WA0013300154
B1820281851507S04156517WA0013300154
B1820321851507S04156516WA0013300154
B1820361851508S04156516WA0013300154
B1820401851508S04156516WA0013300154
B1820441851508S04156516WA0013300154
B1820481851508S04156515WA0013300154
B1820521851508S04156515WA0013300154
B1820561851508S04156515WA0013300153
B1821001851508S04156515WA0013300153
B1821041851508S04156515WA0013300152
B1821081851508S04156515WA0013300152
B1821121851508S04156515WA0013300152
B1821161851508S04156515WA0013300152
B1821201851508S04156515WA0013300152
B1821241851508S04156515WA0013300152
B1821281851508S04156515WA0013300152
B1821321851507S04156515WA0013300152
B1821361851507S04156516WA0013300152
B1821401851507S04156515WA0013300152
B1821441851508S04156515WA0013400152
B1821481851508S04156515WA0013400152
B1821521851508S04156515WA0013400152
B1821561851508S04156515WA0013400152
B1822001851508S04156515WA0013400152
B1822041851508S04156515WA0013400151
B1822081851508S04156515WA0013400151
B1822121851508S04156515WA0013400151
B1822161851508S04156515WA0013400151
B1822201851508S04156515WA0013400152
B1822241851508S04156515WA0013400152
B1822281851508S04156515WA0013400153
B1822321851508S04156515WA0013300153
B1822361851508S04156515WA0013400153
B1822401851508S04156515WA0013300153
B1822441851508S04156515WA0013300152
B1822481851508S04156515WA0013400152
B1822521851508S04156515WA0013400153
B1822561851508S04156515WA0013400153
B1823001851508S04156515WA0013300153
B1823041851508S04156515WA0013300154
B1823081851508S04156515WA0013300154
B1823121851508S04156515WA0013300153
B1823161851508S04156515WA0013300153
B1823201851508S04156515WA0013300153
B1823241851508S04156515WA0013300153
B1823281851508S04156515WA0013300153
B1823321851509S04156515WA0013300153
B1823361851509S04156515WA0013300154
B1823401851509S04156515WA0013300154
B1823441851508S04156515WA0013300154
B1823481851508S04156515WA0013300153
B1823521851508S04156515WA0013300153
B1823561851508S04156515WA0013300153
B1824001851508S04156515WA0013300153
B1824041851508S04156514WA0013300153
B1824081851508S04156514WA0013300153
B1824121851508S04156514WA0013300153
B1824161851508S04156514WA0013300153
B1824201851508S04156515WA0013300153
B1824241851508S04156515WA0013300153
B1824281851508S04156515WA0013300153
B1824321851508S04156515WA0013300153
B1824361851508S04156515WA0013300153
B1824401851508S04156515WA0013300153
B1824441851508S04156515WA0013300153
B1824481851508S04156515WA0013300153
B1824521851508S04156515WA0013300153
B1824561851508S04156515WA0013300152
B1825001851508S04156515WA0013300152
B1825041851508S04156515WA0013300153
B1825081851508S04156515WA0013300153
B1825121851508S04156515WA0013300153
B1825161851508S04156515WA0013300153
B1825201851507S04156515WA0013300153
B1825241851507S04156516WA0013300153
B1825281851507S04156516WA0013300153
B1825321851508S04156515WA0013300153
B1825361851508S04156515WA0013300152
B1825401851508S04156515WA0013300152
B1825441851508S04156515WA0013300152
B1825481851508S04156515WA0013300151
B1825521851508S04156515WA0013300152
B1825561851508S04156515WA0013300152
B1826001851508S04156515WA0013300152
B1826041851508S04156515WA0013200152
B1826081851509S04156516WA0013300153
B1826121851509S04156515WA0013400154
B1826161851509S04156515WA0013400154
B1826201851509S04156515WA0013400154
B1826241851509S04156515WA0013400154
B1826281851509S04156515WA0013400153
B1826321851509S04156516WA0013400153
B1826361851509S04156516WA0013400154
B1826401851509S04156515WA0013400155
B1826441851509S04156515WA0013400154
B1826481851509S04156516WA0013500154
B1826521851509S04156515WA0013400154
B1826561851509S04156515WA0013400154
B1827001851509S04156516WA0013400154
B1827041851509S04156516WA0013400153
B1827081851509S04156516WA0013500153
B1827121851509S04156516WA0013500154
B1827161851508S04156515WA0013400154
B1827201851508S04156515WA0013400156
B1827241851509S04156516WA0013400156
B1827281851510S04156517WA0013400155
B1827321851510S04156518WA0013300156
B1827361851509S04156518WA0013300157
B1827401851509S04156518WA0013300159
B1827441851509S04156518WA0013300161
B1827481851509S04156518WA0013300162
B1827521851509S04156518WA0013300163
B1827561851509S04156518WA0013300163
B1828001851509S04156518WA0013300164
B1828041851509S04156518WA0013300163
B1828081851509S04156518WA0013300162
B1828121851509S04156518WA0013300162
B1828161851509S04156517WA0013300161
B1828201851509S04156518WA0013300160
B1828241851509S04156518WA0013300159
B1828281851509S04156518WA0013300159
B1828321851509S04156518WA0013300160
B1828361851509S04156518WA0013300160
B1828401851509S04156517WA0013300161
B1828441851509S04156517WA0013300161
B1828481851509S04156517WA0013300161
B1828521851509S04156517WA0013300162
B1828561851509S04156517WA0013300162
B1829001851509S04156517WA0013300162
B1829041851509S04156517WA0013300162
B1829081851509S04156517WA0013300162
B1829121851509S04156517WA0013300163
B1829161851509S04156517WA0013300163
B1829201851509S04156517WA0013300163
B1829241851509S04156517WA0013300163
B1829281851510S04156518WA0013300163
B1829321851510S04156518WA0013300163
B1829361851510S04156518WA0013300163
B1829401851509S04156518WA0013300164
B1829441851509S04156518WA0013300164
B1829481851509S04156518WA0013300164
B1829521851509S04156518WA0013300164
B1829561851509S04156518WA0013300164
B1830001851509S04156518WA0013300164
B1830041851509S04156518WA0013300164
B1830081851510S04156518WA0013300164
B1830121851510S04156518WA0013300163
B1830161851510S04156518WA0013300163
B1830201851510S04156518WA0013300162
B1830241851510S04156518WA0013400162
B1830281851510S04156518WA0013300162
B1830321851510S04156518WA0013300162
B1830361851510S04156518WA0013300162
B1830401851510S04156518WA0013300162
B1830441851511S04156518WA0013300162
B1830481851511S04156518WA0013300161
B1830521851511S04156518WA0013300161
B1830561851511S04156518WA0013300160
B1831001851511S04156518WA0013300160
B1831041851511S04156518WA0013400160
B1831081851511S04156518WA0013400159
B1831121851511S04156518WA0013400160
B1831161851511S04156518WA0013300160
B1831201851511S04156518WA0013300159
B1831241851511S04156518WA0013300159
B1831281851511S04156518WA0013300159
B1831321851511S04156518WA0013300158
B1831361851511S04156518WA0013300158
B1831401851511S04156518WA0013400158
B1831441851511S04156518WA0013400158
B1831481851511S04156518WA0013400158
B1831521851511S04156518WA0013300158
B1831561851511S04156518WA0013400158
B1832001851511S04156518WA0013400158
B1832041851511S04156518WA0013400158
B1832081851511S04156518WA0013400158
B1832121851511S04156518WA0013400158
B1832161851511S04156518WA0013400158
B1832201851511S04156517WA0013400159
B1832241851511S04156518WA0013400159
B1832281851511S04156517WA0013400159
B1832321851511S04156517WA0013400159
B1832361851511S04156517WA0013400159
B1832401851511S04156517WA0013400160
B1832441851511S04156517WA0013400159
B1832481851511S04156517WA0013400159
B1832521851511S04156517WA0013400159
B1832561851511S04156517WA0013400159
B1833001851511S04156517WA0013400159
B1833041851511S04156518WA0013400159
B1833081851511S04156518WA0013400159
B1833121851511S04156518WA0013400159
B1833161851511S04156518WA0013400159
B1833201851511S04156518WA0013400159
B1833241851511S04156517WA0013400159
B1833281851510S04156517WA0013400158
B1833321851510S04156518WA0013400158
B1833361851510S04156518WA0013400158
B1833401851510S04156518WA0013400158
B1833441851510S04156518WA0013400157
B1833481851511S04156518WA0013400157
B1833521851511S04156518WA0013400157
B1833561851511S04156518WA0013400157
B1834001851511S04156517WA0013400157
B1834041851511S04156517WA0013400157
B1834081851511S04156517WA0013400157
B1834121851511S04156517WA0013400157
B1834161851511S04156517WA0013400158
B1834201851511S04156517WA0013400158
B1834241851511S04156517WA0013400159
B1834281851511S04156517WA0013400159
B1834321851511S04156517WA0013400159
B1834361851510S04156518WA0013400160
B1834401851510S04156518WA0013400160
B1834441851510S04156518WA0013400160
B1834481851510S04156517WA0013400159
B1834521851510S04156517WA0013400160
B1834561851510S04156517WA0013400160
B1835001851511S04156517WA0013400161
B1835041851511S04156517WA0013400161
B1835081851511S04156518WA0013400161
B1835121851511S04156518WA0013400160
B1835161851511S04156518WA0013400160
B1835201851511S04156518WA0013400160
B1835241851511S04156518WA0013400160
B1835281851511S04156517WA0013400160
B1835321851511S04156517WA0013400160
B1835361851511S04156517WA0013400160
B1835401851511S04156517WA0013400160
B1835441851511S04156517WA0013400160
B1835481851511S04156517WA0013400161
B1835521851511S04156517WA0013400161
B1835561851511S04156518WA0013400161
B1836001851511S04156518WA0013400161
B1836041851511S04156518WA0013400161
B1836081851511S04156518WA0013400161
B1836121851511S04156518WA0013400161
B1836161851511S04156518WA0013400160
B1836201851511S04156518WA0013400160
B1836241851511S04156518WA0013400160
B1836281851511S04156518WA0013400160
B1836321851510S04156518WA0013400160
B1836361851508S04156516WA0013500160
B1836401851505S04156516WA0013500160
B1836441851504S04156517WA0013500161
B1836481851503S04156517WA0013500160
B1836521851503S04156517WA0013500160
B1836561851503S04156517WA0013500160
B1837001851503S04156517WA0013500161
B1837041851503S04156518WA0013500160
B1837081851502S04156518WA0013500160
B1837121851502S04156518WA0013500160
B1837161851502S04156518WA0013500160
B1837201851502S04156517WA0013500160
B1837241851502S04156517WA0013500160
B1837281851502S04156517WA0013500160
B1837321851502S04156517WA0013500160
B1837361851502S04156517WA0013500160
B1837401851503S04156517WA0013500160
B1837441851503S04156517WA0013500161
B1837481851503S04156517WA0013500161
B1837521851503S04156517WA0013500160
B1837561851502S04156517WA0013500161
B1838001851502S04156517WA0013500161
B1838041851503S04156517WA0013500161
B1838081851503S04156517WA0013500162
B1838121851503S04156517WA0013500162
B1838161851503S04156517WA0013500162
B1838201851503S04156517WA0013500162
B1838241851503S04156517WA0013500162
B1838281851503S04156516WA0013500162
B1838321851503S04156516WA0013500162
B1838361851503S04156516WA0013500162
B1838401851503S04156516WA0013500163
B1838441851503S04156516WA0013500163
B1838481851503S04156516WA0013500164
B1838521851503S04156515WA0013500165
B1838561851503S04156515WA0013500165
B1839001851504S04156515WA0013500166
B1839041851504S04156515WA0013500166
B1839081851504S04156515WA0013500167
B1839121851504S04156515WA0013500167
B1839161851504S04156515WA0013500167
B1839201851503S04156515WA0013500167
B1839241851503S04156515WA0013500167
B1839281851503S04156516WA0013500166
B1839321851504S04156515WA0013500166
B1839361851506S04156514WA0013500165
B1839401851508S04156514WA0013500165
B1839441851509S04156515WA0013500164
B1839481851510S04156515WA0013500163
B1839521851510S04156515WA0013500162
B1839561851511S04156518WA0013400160
B1840001851513S04156520WA0013500159
B1840041851516S04156522WA0013400160
B1840081851518S04156523WA0013500161
B1840121851520S04156524WA0013400161
B1840161851521S04156526WA0013400162
B1840201851522S04156529WA0013500162
B1840241851524S04156531WA0013500162
B1840281851525S04156533WA0013400162
B1840321851527S04156535WA0013400162
B1840361851529S04156534WA0013400161
B1840401851531S04156536WA0013400161
B1840441851533S04156538WA0013400160
B1840481851535S04156539WA0013400159
B1840521851536S04156538WA0013400158
B1840561851536S04156538WA0013300158
B1841001851536S04156537WA0013400157
B1841041851536S04156537WA0013400157
B1841081851536S04156537WA0013400157
B1841121851536S04156536WA0013400158
B1841161851536S04156536WA0013500158
B1841201851535S04156536WA0013400158
B1841241851535S04156536WA0013400158
B1841281851535S04156536WA0013500159
B1841321851535S04156536WA0013400159
B1841361851534S04156536WA0013500159
B1841401851535S04156536WA0013400159
B1841441851534S04156536WA0013400160
B1841481851534S04156536WA0013400158
B1841521851534S04156536WA0013400157
B1841561851534S04156536WA0013400157
B1842001851534S04156536WA0013400157
B1842041851534S04156536WA0013400156
B1842081851534S04156536WA0013400156
B1842121851534S04156536WA0013400156
B1842161851534S04156536WA0013400156
B1842201851534S04156536WA0013400156
B1842241851534S04156536WA0013400157
B1842281851534S04156536WA0013400159
B1842321851534S04156537WA0013400162
B1842361851534S04156537WA0013400165
B1842401851535S04156537WA0013400165
B1842441851536S04156536WA0013400165
B1842481851536S04156536WA0013400168
B1842521851537S04156537WA0013400170
B1842561851537S04156536WA0013400171
B1843001851534S04156532WA0013400170
B1843041851530S04156527WA0013500168
B1843081851528S04156526WA0013400159
B1843121851528S04156527WA0013400153
B1843161851525S04156529WA0013400151
B1843201851522S04156532WA0013500150
B1843241851521S04156532WA0013500148
B1843281851521S04156534WA0013500149
B1843321851521S04156542WA0013600146
B1843361851521S04156551WA0013800147
B1843401851523S04156559WA0014000148
B1843441851522S04156563WA0014100146
B1843481851522S04156567WA0014200146
B1843521851522S04156569WA0014200146
B1843561851519S04156571WA0014200146
B1844001851513S04156574WA0014300144
B1844041851506S04156578WA0014300143
B1844081851501S04156582WA0014300140
B1844121851497S04156584WA0014300138
B1844161851496S04156586WA0014300136
B1844201851497S04156587WA0014300133
B1844241851498S04156589WA0014300133
B1844281851499S04156590WA0014300138
B1844321851499S04156593WA0014300147
B1844361851502S04156595WA0014300153
B1844401851502S04156597WA0014300161
B1844441851502S04156597WA0014300165
B1844481851501S04156597WA0014300169
B1844521851498S04156596WA0014300170
B1844561851492S04156600WA0014400172
B1845001851482S04156612WA0014400172
B1845041851467S04156622WA0014500174
B1845081851450S04156632WA0014500174
B1845121851433S04156644WA0014600173
B1845161851415S04156658WA0014600171
B1845201851394S04156670WA0014700169
B1845241851374S04156683WA0014700169
B1845281851360S04156690WA0014700169
B1845321851348S04156689WA0014600169
B1845361851339S04156681WA0014600169
B1845401851332S04156668WA0014600166
B1845441851325S04156656WA0014600167
B1845481851314S04156644WA0014600166
B1845521851304S04156628WA0014700164
B1845561851293S04156609WA0014700169
B1846001851280S04156589WA0014800169
B1846041851266S04156566WA0014800167
B1846081851252S04156542WA0014800166
B1846121851237S04156518WA0014900167
B1846161851223S04156495WA0014800167
B1846201851211S04156474WA0014600166
B1846241851199S04156453WA0014600163
B1846281851188S04156435WA0014600160
B1846321851176S04156414WA0014600157
B1846361851164S04156394WA0014600157
B1846401851154S04156379WA0014400158
B1846441851146S04156371WA0014400160
B1846481851131S04156383WA0014500159
B1846521851113S04156395WA0014600162
B1846561851095S04156409WA0014600161
B1847001851079S04156419WA0014500160
B1847041851064S04156431WA0014500158
B1847081851057S04156439WA0014400157
B1847121851057S04156441WA0014400158
B1847161851057S04156441WA0014500160
B1847201851058S04156442WA0014400163
B1847241851058S04156442WA0014400167
B1847281851058S04156443WA0014400170
B1847321851059S04156443WA0014400174
B1847361851058S04156443WA0014400177
B1847401851058S04156444WA0014400178
B1847441851055S04156445WA0014500180
B1847481851056S04156451WA0014500182
B1847521851061S04156463WA0014500185
B1847561851066S04156470WA0014400186
B1848001851065S04156471WA0014400187
B1848041851066S04156471WA0014400186
B1848081851067S04156471WA0014400185
B1848121851065S04156472WA0014400184
B1848161851066S04156471WA0014400187
B1848201851067S04156470WA0014400191
B1848241851068S04156468WA0014300195
B1848281851069S04156468WA0014400197
B1848321851069S04156467WA0014400200
B1848361851069S04156467WA0014400201
B1848401851068S04156468WA0014400202
B1848441851069S04156468WA0014400202
B1848481851071S04156469WA0014400204
B1848521851072S04156471WA0014400206
B1848561851071S04156471WA0014500207
B1849001851070S04156472WA0014500208
B1849041851070S04156473WA0014500207
B1849081851068S04156473WA0014500208
B1849121851067S04156473WA0014500208
B1849161851068S04156473WA0014500207
B1849201851068S04156473WA0014500205
B1849241851066S04156474WA0014600204
B1849281851065S04156473WA0014500204
B1849321851064S04156472WA0014600203
B1849361851063S04156474WA0014600201
B1849401851060S04156471WA0014600201
B1849441851059S04156472WA0014500199
B1849481851057S04156472WA0014500196
B1849521851059S04156475WA0014500193
B1849561851058S04156476WA0014500194
B1850001851057S04156476WA0014500191
B1850041851056S04156476WA0014500191
B1850081851057S04156480WA0014500190
B1850121851057S04156479WA0014500188
B1850161851055S04156477WA0014500186
B1850201851055S04156478WA0014500184
B1850241851056S04156480WA0014500185
B1850281851058S04156481WA0014500186
B1850321851058S04156482WA0014500188
B1850361851057S04156482WA0014500188
B1850401851055S04156482WA0014500183
B1850441851054S04156483WA0014500183
B1850481851051S04156480WA0014500178
B1850521851051S04156477WA0014500174
B1850561851051S04156475WA0014500173
B1851001851052S04156475WA0014500172
B1851041851054S04156479WA0014500168
B1851081851056S04156478WA0014500168
B1851121851056S04156478WA0014500165
B1851161851056S04156479WA0014500162
B1851201851053S04156480WA0014500159
B1851241851053S04156481WA0014500155
B1851281851052S04156482WA0014500151
B1851321851051S04156481WA0014500150
B1851361851052S04156483WA0014500143
B1851401851052S04156486WA0014500137
B1851441851052S04156487WA0014500131
B1851481851054S04156489WA0014500130
B1851521851052S04156490WA0014500124
B1851561851050S04156486WA0014600125
B1852001851047S04156483WA0014500125
B1852041851044S04156480WA0014500122
B1852081851040S04156478WA0014500122
B1852121851039S04156480WA0014500121
B1852161851039S04156485WA0014500121
B1852201851039S04156489WA0014500120
B1852241851039S04156491WA0014600118
B1852281851038S04156489WA0014600116
B1852321851042S04156490WA0014700117
B1852361851042S04156491WA0014800119
B1852401851044S04156490WA0014800120
B1852441851044S04156488WA0014800120
B1852481851045S04156486WA0014800122
B1852521851046S04156486WA0014800124
B1852561851048S04156484WA0014800126
B1853001851049S04156484WA0014800130
B1853041851050S04156483WA0014800132
B1853081851051S04156483WA0014800134
B1853121851052S04156482WA0014800137
B1853161851053S04156482WA0014800138
B1853201851054S04156482WA0014800142
B1853241851055S04156481WA0014800145
B1853281851055S04156481WA0014800148
B1853321851056S04156480WA0014800151
B1853361851057S04156480WA0014800154
B1853401851058S04156480WA0014800157
B1853441851059S04156480WA0014800160
B1853481851060S04156480WA0014700164
B1853521851060S04156480WA0014800167
B1853561851061S04156480WA0014800168
B1854001851061S04156480WA0014800169
B1854041851061S04156481WA0014800169
B1854081851061S04156481WA0014800170
B1854121851060S04156480WA0014800171
B1854161851061S04156480WA0014800172
B1854201851061S04156480WA0014800173
B1854241851062S04156480WA0014800174
B1854281851062S04156480WA0014800174
B1854321851062S04156480WA0014800177
B1854361851062S04156480WA0014800176
B1854401851063S04156481WA0014800177
B1854441851063S04156481WA0014800177
B1854481851063S04156481WA0014800177
B1854521851063S04156481WA0014800177
B1854561851063S04156481WA0014800177
B1855001851063S04156481WA0014800178
B1855041851063S04156481WA0014800178
B1855081851063S04156481WA0014800179
B1855121851063S04156480WA0014800179
B1855161851063S04156480WA0014800179
B1855201851063S04156480WA0014800178
B1855241851063S04156479WA0014800177
B1855281851063S04156479WA0014800177
B1855321851063S04156480WA0014800177
B1855361851063S04156480WA0014800177
B1855401851063S04156479WA0014800176
B1855441851063S04156480WA0014800176
B1855481851063S04156480WA0014800176
B1855521851063S04156480WA0014700176
B1855561851064S04156480WA0014800176
B1856001851063S04156480WA0014800176
B1856041851063S04156480WA0014800176
B1856081851063S04156480WA0014800174
B1856121851064S04156479WA0014700174
B1856161851064S04156479WA0014800174
B1856201851065S04156479WA0014800173
B1856241851064S04156479WA0014800172
B1856281851064S04156479WA0014700172
B1856321851063S04156479WA0014700171
B1856361851064S04156479WA0014800171
B1856401851063S04156479WA0014700170
B1856441851063S04156479WA0014700170
B1856481851063S04156479WA0014700171
B1856521851064S04156478WA0014700170
B1856561851063S04156478WA0014800171
B1857001851064S04156479WA0014800172
B1857041851063S04156479WA0014700173
B1857081851063S04156479WA0014700173
B1857121851062S04156479WA0014700175
B1857161851062S04156479WA0014800174
B1857201851062S04156479WA0014700173
B1857241851061S04156479WA0014700172
B1857281851062S04156478WA0014700172
B1857321851061S04156478WA0014700173
B1857361851062S04156478WA0014700175
B1857401851063S04156478WA0014800176
B1857441851063S04156478WA0014800176
B1857481851064S04156479WA0014700177
B1857521851063S04156479WA0014700178
B1857561851063S04156479WA0014700178
B1858001851062S04156479WA0014700177
B1858041851063S04156479WA0014800176
B1858081851063S04156480WA0014700177
B1858121851063S04156480WA0014700177
B1858161851063S04156480WA0014700178
B1858201851064S04156480WA0014700178
B1858241851064S04156480WA0014700179
B1858281851065S04156480WA0014700178
B1858321851065S04156480WA0014700179
B1858361851065S04156480WA0014700178
B1858401851064S04156481WA0014700175
B1858441851063S04156482WA0014700176
B1858481851063S04156482WA0014700176
B1858521851064S04156481WA0014700175
B1858561851063S04156482WA0014700173
B1859001851063S04156482WA0014700173
B1859041851063S04156482WA0014700173
B1859081851063S04156482WA0014700175
B1859121851064S04156482WA0014700174
B1859161851064S04156482WA0014700175
B1859201851065S04156482WA0014700174
B1859241851065S04156482WA0014700174
B1859281851063S04156482WA0014800174
B1859321851062S04156482WA0014700173
B1859361851062S04156482WA0014700175
B1859401851061S04156482WA0014700177
B1859441851062S04156482WA0014700175
B1859481851062S04156482WA0014700176
B1859521851062S04156482WA0014700174
B1859561851062S04156482WA0014700173
B1900001851063S04156482WA0014700172
B1900041851063S04156482WA0014700172
B1900081851063S04156482WA0014700172
B1900121851063S04156482WA0014700169
B1900161851064S04156482WA0014700168
B1900201851064S04156481WA0014700168
B1900241851064S04156481WA0014700167
B1900281851064S04156481WA0014700168
B1900321851064S04156481WA0014700170
B1900361851063S04156481WA0014700172
B1900401851062S04156481WA0014700175
B1900441851061S04156481WA0014700177
B1900481851061S04156481WA0014700179
B1900521851061S04156480WA0014700181
B1900561851061S04156480WA0014700182
B1901001851061S04156480WA0014700184
B1901041851061S04156480WA0014700184
B1901081851060S04156480WA0014700185
B1901121851060S04156480WA0014700185
B1901161851061S04156480WA0014700184
B1901201851060S04156480WA0014700185
B1901241851060S04156480WA0014700184
B1901281851060S04156480WA0014700185
B1901321851060S04156480WA0014700186
B1901361851060S04156480WA0014700186
B1901401851060S04156480WA0014700188
B1901441851060S04156480WA0014700188
B1901481851061S04156480WA0014700188
B1901521851061S04156480WA0014700188
B1901561851061S04156480WA0014700185
B1902001851062S04156480WA0014700183
B1902041851062S04156480WA0014700182
B1902081851062S04156480WA0014700180
B1902121851061S04156481WA0014800179
B1902161851061S04156482WA0014700179
B1902201851060S04156481WA0014800180
B1902241851060S04156481WA0014800181
B1902281851059S04156482WA0014800182
B1902321851060S04156482WA0014800183
B1902361851060S04156482WA0014800184
B1902401851059S04156483WA0014800184
B1902441851059S04156482WA0014800183
B1902481851061S04156482WA0014700184
B1902521851061S04156482WA0014700184
B1902561851061S04156483WA0014800183
B1903001851060S04156483WA0014800183
B1903041851060S04156483WA0014800182
B1903081851060S04156483WA0014800181
B1903121851060S04156483WA0014800182
B1903161851059S04156484WA0014800181
B1903201851059S04156485WA0014700181
B1903241851059S04156484WA0014800180
B1903281851059S04156484WA0014800179
B1903321851060S04156484WA0014700178
B1903361851060S04156484WA0014700178
B1903401851060S04156484WA0014700176
B1903441851060S04156486WA0014700177
B1903481851060S04156486WA0014700178
B1903521851061S04156486WA0014800178
B1903561851060S04156486WA0014700178
B1904001851061S04156486WA0014800178
B1904041851061S04156487WA0014700179
B1904081851061S04156487WA0014700180
B1904121851061S04156487WA0014800182
B1904161851061S04156486WA0014700182
B1904201851061S04156486WA0014700182
B1904241851061S04156486WA0014700183
B1904281851062S04156485WA0014700183
B1904321851061S04156484WA0014700182
B1904361851062S04156484WA0014800181
B1904401851062S04156484WA0014800179
B1904441851062S04156484WA0014700177
B1904481851062S04156484WA0014700175
B1904521851063S04156484WA0014700174
B1904561851063S04156485WA0014700173
B1905001851062S04156485WA0014700169
B1905041851062S04156486WA0014700167
B1905081851062S04156486WA0014700163
B1905121851063S04156487WA0014700161
B1905161851063S04156488WA0014800158
B1905201851064S04156486WA0014700153
B1905241851065S04156485WA0014700156
B1905281851065S04156485WA0014700157
B1905321851067S04156485WA0014700153
B1905361851068S04156483WA0014700153
B1905401851068S04156484WA0014700151
B1905441851068S04156482WA0014700152
B1905481851067S04156481WA0014800151
B1905521851066S04156480WA0014700147
B1905561851066S04156481WA0014800141
B1906001851066S04156482WA0014700140
B1906041851066S04156481WA0014700141
B1906081851064S04156482WA0014700138
B1906121851063S04156483WA0014700137
B1906161851063S04156484WA0014700140
B1906201851063S04156483WA0014800143
B1906241851064S04156483WA0014800146
B1906281851063S04156484WA0014700148
B1906321851063S04156484WA0014700144
B1906361851063S04156484WA0014700141
B1906401851060S04156484WA0014700141
B1906441851062S04156484WA0014700144
B1906481851064S04156483WA0014700145
B1906521851064S04156483WA0014700146
B1906561851066S04156483WA0014700147
B1907001851066S04156482WA0014700147
B1907041851066S04156482WA0014700149
B1907081851066S04156482WA0014700151
B1907121851064S04156482WA0014700151
B1907161851065S04156483WA0014700151
B1907201851065S04156482WA0014700152
B1907241851065S04156482WA0014700153
B1907281851063S04156482WA0014700153
B1907321851060S04156482WA0014700152
B1907361851060S04156479WA0014700153
B1907401851060S04156480WA0014700152
B1907441851061S04156480WA0014700154
B1907481851060S04156481WA0014700153
B1907521851061S04156480WA0014700153
B1907561851058S04156480WA0014700150
B1908001851059S04156480WA0014700149
B1908041851060S04156479WA0014700151
B1908081851060S04156480WA0014700149
B1908121851061S04156480WA0014700150
B1908161851062S04156481WA0014700151
B1908201851060S04156481WA0014700149
B1908241851057S04156482WA0014700152
B1908281851056S04156486WA0014700153
B1908321851055S04156487WA0014700153
B1908361851054S04156488WA0014700154
B1908401851054S04156487WA0014700158
B1908441851056S04156486WA0014700162
B1908481851056S04156485WA0014700163
B1908521851056S04156484WA0014700165
B1908561851056S04156484WA0014700163
B1909001851056S04156483WA0014800161
B1909041851055S04156484WA0014700161
B1909081851055S04156484WA0014800161
B1909121851056S04156483WA0014700162
B1909161851055S04156484WA0014700164
B1909201851053S04156485WA0014700166
B1909241851054S04156485WA0014800169
B1909281851054S04156485WA0014800172
B1909321851055S04156484WA0014700174
B1909361851056S04156484WA0014700176
B1909401851058S04156483WA0014700179
B1909441851058S04156483WA0014700182
B1909481851059S04156483WA0014800184
B1909521851060S04156482WA0014800185
B1909561851060S04156482WA0014700185
B1910001851060S04156483WA0014700186
B1910041851059S04156483WA0014700187
B1910081851058S04156484WA0014700187
B1910121851058S04156483WA0014700187
B1910161851060S04156483WA0014700187
B1910201851060S04156484WA0014700187
B1910241851060S04156485WA0014700187
B1910281851060S04156485WA0014700186
B1910321851060S04156486WA0014700188
B1910361851061S04156487WA0014700189
B1910401851061S04156487WA0014700190
B1910441851061S04156488WA0014700190
B1910481851060S04156489WA0014700190
B1910521851060S04156490WA0014700192
B1910561851060S04156490WA0014700194
B1911001851062S04156490WA0014700194
B1911041851064S04156490WA0014700194
B1911081851063S04156490WA0014700194
B1911121851062S04156489WA0014700194
B1911161851063S04156488WA0014700195
B1911201851063S04156486WA0014700195
B1911241851063S04156485WA0014700195
B1911281851062S04156484WA0014700194
B1911321851062S04156483WA0014700193
B1911361851062S04156483WA0014700191
B1911401851061S04156483WA0014700190
B1911421851062S04156483WA0014700189
