AXFMSFP Flymaster Live, V1.0, S/N 949175
HFDTE260426
HFPLTPILOTINCHARGE:Christiaan Durrant
B1305511853197S04154955WA0101501086
B1305551853198S04154955WA0101501087
B1305591853199S04154954WA0101501086
B1306031853198S04154954WA0101501084
B1306071853199S04154955WA0101501084
B1306111853199S04154955WA0101401084
B1306151853199S04154955WA0101501083
B1306191853198S04154954WA0101501083
B1306231853198S04154954WA0101501081
B1306271853197S04154954WA0101501081
B1306311853197S04154954WA0101501082
B1306351853197S04154954WA0101501083
B1306391853197S04154953WA0101501085
B1306431853197S04154953WA0101501085
B1306471853197S04154954WA0101501086
B1306511853197S04154954WA0101501086
B1306551853197S04154953WA0101501086
B1306591853197S04154953WA0101501086
B1307031853197S04154953WA0101501086
B1307071853197S04154953WA0101501086
B1307111853197S04154953WA0101501086
B1307151853196S04154953WA0101501086
B1307191853196S04154953WA0101401086
B1307231853196S04154953WA0101401087
B1307271853196S04154953WA0101501086
B1307311853196S04154953WA0101401087
B1307351853196S04154953WA0101401087
B1307391853196S04154952WA0101401087
B1307431853196S04154953WA0101501087
B1307471853196S04154952WA0101401086
B1307511853196S04154952WA0101401086
B1307551853196S04154952WA0101501085
B1307591853196S04154952WA0101401084
B1308031853196S04154951WA0101501084
B1308071853196S04154951WA0101501083
B1308111853196S04154951WA0101401083
B1308151853196S04154951WA0101401083
B1308191853196S04154951WA0101401083
B1308231853197S04154951WA0101501083
B1308271853197S04154951WA0101401084
B1308311853197S04154951WA0101501084
B1308351853197S04154952WA0101401085
B1308391853197S04154952WA0101501085
B1308431853197S04154952WA0101501086
B1308471853197S04154952WA0101501086
B1308511853197S04154953WA0101501087
B1308551853198S04154953WA0101501087
B1308591853198S04154953WA0101501087
B1309031853198S04154953WA0101501088
B1309071853197S04154952WA0101501088
B1309111853197S04154952WA0101501088
B1309151853197S04154952WA0101501087
B1309191853197S04154952WA0101501087
B1309231853197S04154952WA0101501087
B1309271853197S04154952WA0101501087
B1309311853197S04154952WA0101501087
B1309351853197S04154952WA0101501087
B1309391853197S04154952WA0101501087
B1309431853197S04154952WA0101501087
B1309471853197S04154952WA0101501086
B1309511853197S04154953WA0101501087
B1309551853197S04154953WA0101501086
B1309591853197S04154953WA0101501086
B1310031853197S04154953WA0101501087
B1310071853197S04154952WA0101501087
B1310111853197S04154952WA0101501087
B1310151853196S04154952WA0101501087
B1310191853197S04154952WA0101501087
B1310231853197S04154952WA0101501087
B1310271853197S04154952WA0101501087
B1310311853197S04154952WA0101501088
B1310351853196S04154952WA0101501087
B1310391853197S04154952WA0101501087
B1310431853196S04154952WA0101601086
B1310471853196S04154953WA0101601086
B1310511853196S04154954WA0101601087
B1310551853197S04154955WA0101501089
B1310591853198S04154953WA0101501087
B1311031853197S04154951WA0101501086
B1311071853196S04154950WA0101501085
B1311111853195S04154949WA0101501086
B1311151853195S04154949WA0101601088
B1311191853195S04154949WA0101601087
B1311231853195S04154949WA0101601087
B1311271853194S04154949WA0101501087
B1311311853194S04154949WA0101501088
B1311351853195S04154949WA0101501087
B1311391853195S04154949WA0101601088
B1311431853195S04154950WA0101601089
B1311471853194S04154950WA0101601086
B1311511853194S04154951WA0101601084
B1311551853194S04154951WA0101501083
B1311591853194S04154951WA0101501081
B1312031853194S04154951WA0101601081
B1312071853194S04154951WA0101501083
B1312111853194S04154951WA0101601083
B1312151853194S04154951WA0101601084
B1312191853194S04154950WA0101501085
B1312231853195S04154951WA0101501087
B1312271853195S04154951WA0101601089
B1312311853195S04154951WA0101601090
B1312351853195S04154951WA0101501090
B1312391853195S04154950WA0101501089
B1312431853196S04154950WA0101501088
B1312471853196S04154950WA0101601088
B1312511853195S04154949WA0101501087
B1312551853195S04154949WA0101501085
B1312591853195S04154949WA0101501085
B1313031853196S04154950WA0101501085
B1313071853196S04154950WA0101501084
B1313111853196S04154950WA0101501084
B1313151853197S04154948WA0101501084
B1313191853196S04154947WA0101501084
B1313231853196S04154949WA0101501085
B1313271853195S04154949WA0101501085
B1313311853196S04154949WA0101501085
B1313351853196S04154949WA0101501084
B1313391853195S04154949WA0101601084
B1313431853196S04154950WA0101501082
B1313471853196S04154950WA0101501080
B1313511853196S04154950WA0101501080
B1313551853196S04154950WA0101501080
B1313591853196S04154950WA0101501080
B1314031853196S04154950WA0101501081
B1314071853196S04154950WA0101501082
B1314111853196S04154950WA0101501083
B1314151853196S04154950WA0101501083
B1314191853195S04154950WA0101501083
B1314231853195S04154950WA0101501084
B1314271853195S04154950WA0101601084
B1314311853196S04154950WA0101501085
B1314351853196S04154950WA0101501084
B1314391853196S04154950WA0101601084
B1314431853196S04154950WA0101501085
B1314471853196S04154950WA0101501085
B1314511853196S04154950WA0101501085
B1314551853196S04154950WA0101501085
B1314591853196S04154950WA0101501085
B1315031853196S04154950WA0101501085
B1315071853196S04154950WA0101501085
B1315111853195S04154950WA0101601085
B1315151853196S04154950WA0101601085
B1315191853196S04154950WA0101601086
B1315231853196S04154950WA0101601086
B1315271853195S04154950WA0101501084
B1315311853194S04154949WA0101501084
B1315351853195S04154949WA0101601083
B1315391853195S04154949WA0101501083
B1315431853195S04154949WA0101501083
B1315471853195S04154950WA0101601084
B1315511853196S04154951WA0101501084
B1315551853196S04154951WA0101501084
B1315591853196S04154951WA0101501085
B1316031853195S04154951WA0101501084
B1316071853195S04154951WA0101501084
B1316111853195S04154951WA0101501083
B1316151853194S04154950WA0101501084
B1316191853194S04154950WA0101501084
B1316231853194S04154950WA0101501085
B1316271853194S04154950WA0101501085
B1316311853194S04154950WA0101501085
B1316351853194S04154950WA0101501086
B1316391853194S04154950WA0101501087
B1316431853194S04154949WA0101501086
B1316471853193S04154949WA0101501086
B1316511853194S04154949WA0101501086
B1316551853193S04154949WA0101501086
B1316591853192S04154948WA0101601088
B1317031853191S04154948WA0101501089
B1317071853190S04154948WA0101601086
B1317111853189S04154949WA0101601086
B1317151853189S04154949WA0101601087
B1317191853190S04154949WA0101601088
B1317231853189S04154949WA0101601088
B1317271853189S04154949WA0101601089
B1317311853189S04154949WA0101701090
B1317351853189S04154949WA0101601090
B1317391853189S04154949WA0101601089
B1317431853189S04154949WA0101601089
B1317471853189S04154949WA0101701089
B1317511853189S04154949WA0101701089
B1317551853189S04154949WA0101601088
B1317591853189S04154949WA0101701089
B1318031853190S04154949WA0101701090
B1318071853189S04154949WA0101701090
B1318111853189S04154950WA0101701090
B1318151853189S04154950WA0101701091
B1318191853189S04154950WA0101601091
B1318231853189S04154949WA0101701091
B1318271853189S04154949WA0101701091
B1318311853189S04154949WA0101701091
B1318351853189S04154949WA0101701091
B1318391853189S04154949WA0101601091
B1318431853189S04154949WA0101701090
B1318471853189S04154948WA0101701089
B1318511853189S04154948WA0101701088
B1318551853189S04154949WA0101701088
B1318591853189S04154949WA0101701087
B1319031853190S04154949WA0101701087
B1319071853190S04154949WA0101701086
B1319111853189S04154949WA0101701086
B1319151853189S04154949WA0101701085
B1319191853189S04154949WA0101701085
B1319231853190S04154949WA0101701084
B1319271853190S04154949WA0101701085
B1319311853190S04154949WA0101701085
B1319351853189S04154949WA0101701085
B1319391853190S04154949WA0101701086
B1319431853190S04154949WA0101601086
B1319471853190S04154949WA0101601087
B1319511853190S04154949WA0101701087
B1319551853190S04154949WA0101701087
B1319591853190S04154950WA0101601087
B1320031853190S04154950WA0101701087
B1320071853190S04154950WA0101701087
B1320111853190S04154950WA0101701087
B1320151853190S04154950WA0101701086
B1320191853190S04154950WA0101701087
B1320231853190S04154950WA0101601087
B1320271853190S04154950WA0101701087
B1320311853190S04154950WA0101701087
B1320351853191S04154950WA0101701087
B1320391853191S04154950WA0101701087
B1320431853191S04154950WA0101701087
B1320471853191S04154950WA0101701087
B1320511853191S04154950WA0101701087
B1320551853191S04154950WA0101701086
B1320591853191S04154950WA0101701086
B1321031853191S04154950WA0101701086
B1321071853191S04154951WA0101701086
B1321111853191S04154951WA0101701085
B1321151853191S04154950WA0101701085
B1321191853191S04154950WA0101701085
B1321231853190S04154950WA0101701086
B1321271853190S04154950WA0101701086
B1321311853191S04154950WA0101701086
B1321351853191S04154950WA0101701087
B1321391853190S04154949WA0101701087
B1321431853191S04154948WA0101701088
B1321471853191S04154948WA0101601088
B1321511853191S04154947WA0101601089
B1321551853191S04154947WA0101601088
B1321591853192S04154947WA0101601089
B1322031853193S04154948WA0101601088
B1322071853193S04154948WA0101601089
B1322111853193S04154948WA0101601089
B1322151853193S04154948WA0101601088
B1322191853195S04154948WA0101601088
B1322231853195S04154947WA0101601087
B1322271853196S04154947WA0101601087
B1322311853196S04154946WA0101601086
B1322351853196S04154946WA0101601087
B1322391853197S04154945WA0101601086
B1322431853196S04154944WA0101601087
B1322471853196S04154945WA0101501087
B1322511853196S04154945WA0101601087
B1322551853196S04154945WA0101601086
B1322591853196S04154945WA0101601085
B1323031853196S04154945WA0101501085
B1323071853197S04154945WA0101501084
B1323111853197S04154946WA0101601085
B1323151853196S04154946WA0101601087
B1323191853197S04154946WA0101601087
B1323231853197S04154946WA0101601087
B1323271853197S04154946WA0101601087
B1323311853197S04154946WA0101601087
B1323351853197S04154947WA0101601086
B1323391853197S04154946WA0101601086
B1323431853198S04154946WA0101601087
B1323471853198S04154946WA0101601087
B1323511853198S04154946WA0101501087
B1323551853198S04154946WA0101601088
B1323591853198S04154947WA0101601088
B1324031853198S04154947WA0101601088
B1324071853198S04154946WA0101601088
B1324111853197S04154946WA0101501088
B1324151853197S04154946WA0101501088
B1324191853197S04154946WA0101501087
B1324231853197S04154946WA0101501088
B1324271853197S04154946WA0101601088
B1324311853197S04154946WA0101501089
B1324351853196S04154946WA0101601088
B1324391853196S04154946WA0101501087
B1324431853196S04154946WA0101601086
B1324471853196S04154946WA0101601086
B1324511853196S04154946WA0101601086
B1324551853196S04154946WA0101601086
B1324591853196S04154946WA0101601085
B1325031853196S04154946WA0101601085
B1325071853196S04154946WA0101601085
B1325111853196S04154946WA0101601085
B1325151853196S04154946WA0101601085
B1325191853196S04154946WA0101601084
B1325231853196S04154947WA0101601084
B1325271853195S04154947WA0101601082
B1325311853195S04154947WA0101601082
B1325351853195S04154947WA0101601082
B1325391853196S04154947WA0101501082
B1325431853195S04154948WA0101601081
B1325471853196S04154947WA0101601081
B1325511853196S04154947WA0101601082
B1325551853196S04154947WA0101601083
B1325591853197S04154948WA0101601083
B1326031853197S04154948WA0101601083
B1326071853196S04154948WA0101601082
B1326111853196S04154948WA0101601081
B1326151853195S04154947WA0101601081
B1326191853195S04154948WA0101601082
B1326231853195S04154948WA0101701082
B1326271853195S04154947WA0101601082
B1326311853195S04154947WA0101701082
B1326351853195S04154947WA0101701082
B1326391853195S04154947WA0101701083
B1326431853195S04154946WA0101701084
B1326471853193S04154944WA0101701084
B1326511853191S04154945WA0101701083
B1326551853191S04154947WA0101701083
B1326591853191S04154948WA0101701083
B1327031853192S04154950WA0101801083
B1327071853192S04154952WA0101801086
B1327111853191S04154952WA0101801087
B1327151853190S04154953WA0101801086
B1327191853191S04154951WA0101801086
B1327231853190S04154951WA0101801086
B1327271853191S04154949WA0101801086
B1327311853192S04154948WA0101701086
B1327351853193S04154948WA0101701086
B1327391853195S04154947WA0101701086
B1327431853195S04154946WA0101601084
B1327471853195S04154946WA0101601084
B1327511853194S04154947WA0101601085
B1327551853194S04154946WA0101601084
B1327591853195S04154947WA0101601084
B1328031853195S04154946WA0101601084
B1328071853195S04154946WA0101601084
B1328111853195S04154946WA0101601084
B1328151853196S04154946WA0101701084
B1328191853195S04154948WA0101601083
B1328231853195S04154948WA0101601083
B1328271853195S04154948WA0101601083
B1328311853195S04154947WA0101601083
B1328351853195S04154947WA0101601083
B1328391853196S04154947WA0101601083
B1328431853196S04154947WA0101701083
B1328471853196S04154947WA0101701082
B1328511853195S04154947WA0101601081
B1328551853195S04154947WA0101601080
B1328591853195S04154947WA0101601079
B1329031853195S04154947WA0101601079
B1329071853195S04154947WA0101601078
B1329111853194S04154948WA0101601078
B1329151853195S04154948WA0101601078
B1329191853195S04154947WA0101701080
B1329231853196S04154947WA0101601080
B1329271853196S04154947WA0101601080
B1329311853196S04154947WA0101601080
B1329351853196S04154948WA0101601079
B1329391853196S04154947WA0101601079
B1329431853196S04154947WA0101601080
B1329471853196S04154947WA0101601080
B1329511853196S04154947WA0101601080
B1329551853196S04154947WA0101601080
B1329591853196S04154948WA0101701081
B1330031853197S04154948WA0101701081
B1330071853197S04154948WA0101701082
B1330111853197S04154949WA0101601082
B1330151853196S04154951WA0101701082
B1330191853194S04154951WA0101701082
B1330231853193S04154952WA0101701082
B1330271853193S04154952WA0101801082
B1330311853192S04154954WA0101801083
B1330351853193S04154955WA0101801082
B1330391853193S04154955WA0101801083
B1330431853193S04154956WA0101801082
B1330471853192S04154955WA0101801081
B1330511853192S04154955WA0101801080
B1330551853193S04154954WA0101801080
B1330591853192S04154952WA0101801079
B1331031853193S04154952WA0101801079
B1331071853192S04154952WA0101801079
B1331111853192S04154952WA0101801079
B1331151853192S04154951WA0101801079
B1331191853192S04154951WA0101801079
B1331231853192S04154951WA0101801078
B1331271853193S04154951WA0101701076
B1331311853195S04154949WA0101701074
B1331351853195S04154949WA0101701075
B1331391853195S04154948WA0101701075
B1331431853195S04154948WA0101701075
B1331471853194S04154949WA0101701074
B1331511853194S04154949WA0101701073
B1331551853194S04154949WA0101701073
B1331591853194S04154949WA0101701073
B1332031853193S04154949WA0101701073
B1332071853193S04154950WA0101701072
B1332111853194S04154949WA0101701073
B1332151853194S04154949WA0101701073
B1332191853194S04154950WA0101701074
B1332231853195S04154949WA0101701075
B1332271853195S04154949WA0101701076
B1332311853196S04154949WA0101701077
B1332351853196S04154949WA0101701078
B1332391853196S04154948WA0101701078
B1332431853197S04154948WA0101701079
B1332471853197S04154948WA0101701081
B1332511853197S04154948WA0101701081
B1332551853197S04154947WA0101701082
B1332591853196S04154947WA0101701082
B1333031853196S04154947WA0101701082
B1333071853197S04154947WA0101701083
B1333111853197S04154946WA0101701084
B1333151853197S04154946WA0101701085
B1333191853197S04154946WA0101701086
B1333231853197S04154946WA0101701086
B1333271853197S04154946WA0101701086
B1333311853197S04154946WA0101701086
B1333351853197S04154946WA0101701086
B1333391853197S04154946WA0101701086
B1333431853197S04154946WA0101701085
B1333471853198S04154946WA0101701085
B1333511853198S04154946WA0101701084
B1333551853197S04154946WA0101701084
B1333591853197S04154946WA0101701084
B1334031853196S04154947WA0101701084
B1334071853196S04154947WA0101801084
B1334111853196S04154946WA0101701083
B1334151853196S04154945WA0101701085
B1334191853198S04154945WA0101701089
B1334231853198S04154946WA0101701088
B1334271853198S04154947WA0101701086
B1334311853198S04154948WA0101701085
B1334351853197S04154948WA0101701084
B1334391853198S04154948WA0101701084
B1334431853198S04154948WA0101701084
B1334471853197S04154948WA0101701084
B1334511853197S04154949WA0101701083
B1334551853198S04154949WA0101801084
B1334591853198S04154948WA0101701084
B1335031853198S04154948WA0101701085
B1335071853198S04154948WA0101701084
B1335111853198S04154948WA0101701084
B1335151853197S04154948WA0101701083
B1335191853197S04154948WA0101701082
B1335231853197S04154948WA0101701083
B1335271853196S04154948WA0101701081
B1335311853196S04154948WA0101701081
B1335351853196S04154948WA0101701081
B1335391853196S04154947WA0101701081
B1335431853196S04154947WA0101701082
B1335471853197S04154948WA0101701082
B1335511853198S04154949WA0101701082
B1335551853198S04154949WA0101701082
B1335591853198S04154949WA0101701083
B1336031853199S04154950WA0101701083
B1336071853199S04154950WA0101701083
B1336111853199S04154951WA0101701083
B1336151853199S04154951WA0101701083
B1336191853199S04154951WA0101701084
B1336231853198S04154950WA0101701083
B1336271853197S04154949WA0101701082
B1336311853197S04154949WA0101701083
B1336351853197S04154949WA0101701083
B1336391853198S04154949WA0101701083
B1336431853198S04154949WA0101801084
B1336471853197S04154949WA0101701083
B1336511853197S04154949WA0101701083
B1336551853197S04154949WA0101701084
B1336591853197S04154948WA0101701084
B1337031853197S04154949WA0101801085
B1337071853197S04154948WA0101801085
B1337111853197S04154948WA0101801085
B1337151853198S04154948WA0101801085
B1337191853197S04154948WA0101701084
B1337231853197S04154948WA0101701085
B1337271853197S04154947WA0101801085
B1337311853197S04154948WA0101701085
B1337351853197S04154948WA0101701084
B1337391853197S04154947WA0101701083
B1337431853197S04154947WA0101701083
B1337471853197S04154947WA0101801082
B1337511853196S04154948WA0101801079
B1337551853194S04154950WA0101801077
B1337591853194S04154950WA0101801077
B1338031853194S04154950WA0101801078
B1338071853194S04154950WA0101801078
B1338111853193S04154950WA0101801079
B1338151853194S04154950WA0101801081
B1338191853194S04154950WA0101801082
B1338231853194S04154950WA0101801083
B1338271853194S04154950WA0101801082
B1338311853194S04154950WA0101801080
B1338351853194S04154950WA0101801080
B1338391853194S04154950WA0101801081
B1338431853194S04154950WA0101801081
B1338471853194S04154950WA0101801081
B1338511853194S04154950WA0101801081
B1338551853194S04154950WA0101801080
B1338591853195S04154950WA0101801078
B1339031853195S04154950WA0101801078
B1339071853195S04154951WA0101801076
B1339111853197S04154949WA0101701077
B1339151853197S04154948WA0101701078
B1339191853196S04154948WA0101701079
B1339231853196S04154947WA0101701080
B1339271853196S04154947WA0101701080
B1339311853196S04154948WA0101701079
B1339351853196S04154947WA0101701079
B1339391853196S04154948WA0101701078
B1339431853196S04154948WA0101801077
B1339471853196S04154948WA0101701076
B1339511853195S04154948WA0101801077
B1339551853196S04154949WA0101701077
B1339591853194S04154950WA0101801077
B1340031853193S04154951WA0101801076
B1340071853192S04154952WA0101801076
B1340111853192S04154954WA0101901075
B1340151853192S04154955WA0101901077
B1340191853192S04154955WA0101901079
B1340231853192S04154956WA0101901078
B1340271853192S04154956WA0101901077
B1340311853192S04154956WA0101901077
B1340351853192S04154956WA0101901078
B1340391853192S04154956WA0101901078
B1340431853192S04154957WA0101901077
B1340471853192S04154958WA0101901075
B1340511853192S04154958WA0101901075
B1340551853191S04154958WA0101901073
B1340591853191S04154958WA0101901071
B1341031853191S04154958WA0101901069
B1341071853191S04154958WA0101901071
B1341111853191S04154959WA0101901070
B1341151853191S04154959WA0101901070
B1341191853191S04154960WA0101901068
B1341231853192S04154960WA0101901067
B1341271853192S04154960WA0101901065
B1341311853191S04154960WA0101901066
B1341351853191S04154961WA0101901066
B1341391853191S04154960WA0101901067
B1341431853191S04154960WA0101901068
B1341471853191S04154960WA0101901066
B1341511853192S04154959WA0101901067
B1341551853191S04154959WA0101901068
B1341591853192S04154959WA0101901068
B1342031853192S04154959WA0101901070
B1342071853192S04154959WA0101901071
B1342111853192S04154959WA0101901073
B1342151853192S04154959WA0101901075
B1342191853192S04154959WA0101901076
B1342231853192S04154959WA0101901076
B1342271853192S04154959WA0101901076
B1342311853192S04154958WA0101901078
B1342351853192S04154959WA0101901078
B1342391853192S04154959WA0101901079
B1342431853192S04154960WA0101901079
B1342471853192S04154960WA0101901079
B1342511853192S04154960WA0101901078
B1342551853191S04154960WA0101901078
B1342591853190S04154960WA0101901077
B1343031853190S04154960WA0101901077
B1343071853189S04154959WA0101901078
B1343111853189S04154959WA0101901079
B1343151853189S04154959WA0101901080
B1343191853191S04154957WA0101901081
B1343231853193S04154958WA0101901083
B1343271853193S04154958WA0101901085
B1343311853194S04154957WA0101901085
B1343351853194S04154957WA0101901087
B1343391853194S04154956WA0101901087
B1343431853194S04154957WA0101901087
B1343471853193S04154957WA0101901085
B1343511853193S04154957WA0101901083
B1343551853193S04154958WA0102001083
B1343591853193S04154958WA0101901084
B1344031853192S04154958WA0101901084
B1344071853192S04154959WA0101901084
B1344111853192S04154959WA0102001083
B1344151853192S04154959WA0102001084
B1344191853192S04154958WA0101901084
B1344231853192S04154958WA0101901085
B1344271853192S04154958WA0101901087
B1344311853192S04154958WA0101901088
B1344351853192S04154958WA0102001087
B1344391853192S04154958WA0101901087
B1344431853192S04154958WA0101901087
B1344471853192S04154957WA0101901087
B1344511853192S04154957WA0101901087
B1344551853191S04154957WA0101901090
B1344591853191S04154957WA0101901090
B1345031853191S04154957WA0101901092
B1345071853191S04154956WA0101901092
B1345111853191S04154956WA0101901092
B1345151853191S04154955WA0101901091
B1345191853191S04154955WA0102001090
B1345231853190S04154954WA0102001088
B1345271853189S04154953WA0102001087
B1345311853189S04154954WA0102001084
B1345351853190S04154953WA0102001085
B1345391853190S04154953WA0102001082
B1345431853190S04154953WA0102001081
B1345471853191S04154953WA0101901078
B1345511853191S04154953WA0102001076
B1345551853192S04154955WA0102001076
B1345591853191S04154955WA0102001076
B1346031853192S04154956WA0102001075
B1346071853192S04154956WA0102001074
B1346111853192S04154957WA0102001073
B1346151853193S04154957WA0102001072
B1346191853193S04154955WA0102001072
B1346231853193S04154954WA0102001072
B1346271853194S04154953WA0101901073
B1346311853196S04154953WA0101901069
B1346351853198S04154953WA0101801070
B1346391853199S04154951WA0101801069
B1346431853199S04154949WA0101801071
B1346471853198S04154946WA0101801070
B1346511853197S04154945WA0101801070
B1346551853197S04154945WA0101901071
B1346591853197S04154945WA0101801071
B1347031853197S04154944WA0101901071
B1347071853197S04154944WA0101901073
B1347111853197S04154945WA0101901074
B1347151853197S04154945WA0101901075
B1347191853197S04154945WA0101901075
B1347231853198S04154945WA0101901075
B1347271853198S04154945WA0101901076
B1347311853198S04154945WA0101901077
B1347351853199S04154944WA0101901077
B1347391853199S04154944WA0101901077
B1347431853198S04154945WA0101901077
B1347471853198S04154947WA0101901079
B1347511853198S04154948WA0101901081
B1347551853198S04154948WA0101901082
B1347591853198S04154948WA0101901083
B1348031853198S04154947WA0101901082
B1348071853198S04154947WA0101901082
B1348111853198S04154945WA0101901082
B1348151853195S04154945WA0101901083
B1348191853194S04154946WA0102001083
B1348231853194S04154947WA0102001082
B1348271853193S04154948WA0102001081
B1348311853193S04154950WA0102001082
B1348351853191S04154951WA0102001080
B1348391853191S04154953WA0102101081
B1348431853191S04154955WA0102101080
B1348471853191S04154957WA0102101082
B1348511853191S04154959WA0102101082
B1348551853190S04154961WA0102101083
B1348591853189S04154961WA0102101087
B1349031853189S04154964WA0102101089
B1349071853190S04154965WA0102101090
B1349111853190S04154969WA0102101089
B1349151853190S04154970WA0102101087
B1349191853190S04154972WA0102101088
B1349231853190S04154973WA0102101085
B1349271853191S04154974WA0102101082
B1349311853192S04154975WA0102101081
B1349351853194S04154977WA0102101079
B1349391853195S04154979WA0102101079
B1349431853195S04154981WA0102101082
B1349471853195S04154981WA0102101084
B1349511853196S04154981WA0102101084
B1349551853196S04154980WA0102101085
B1349591853197S04154980WA0102101084
B1350031853197S04154980WA0102101083
B1350071853198S04154979WA0102101081
B1350111853198S04154978WA0102101080
B1350151853198S04154977WA0102101079
B1350191853198S04154977WA0102101079
B1350231853199S04154977WA0102101079
B1350271853199S04154977WA0102101079
B1350311853199S04154977WA0102101079
B1350351853199S04154975WA0102101077
B1350391853200S04154974WA0102101074
B1350431853200S04154973WA0102101073
B1350471853200S04154973WA0102101073
B1350511853199S04154974WA0102101074
B1350551853199S04154974WA0102101076
B1350591853200S04154973WA0102101076
B1351031853200S04154974WA0102101077
B1351071853200S04154975WA0102101078
B1351111853199S04154976WA0102101080
B1351151853199S04154976WA0102101079
B1351191853199S04154977WA0102101080
B1351231853197S04154978WA0102201081
B1351271853195S04154979WA0102101082
B1351311853194S04154979WA0102201085
B1351351853193S04154978WA0102201085
B1351391853191S04154976WA0102201084
B1351431853190S04154975WA0102201080
B1351471853190S04154972WA0102201080
B1351511853190S04154971WA0102201080
B1351551853190S04154967WA0102201082
B1351591853190S04154964WA0102201084
B1352031853190S04154962WA0102201084
B1352071853190S04154960WA0102201085
B1352111853191S04154958WA0102101084
B1352151853192S04154956WA0102101082
B1352191853192S04154954WA0102101082
B1352231853193S04154952WA0102101080
B1352271853195S04154952WA0102101080
B1352311853197S04154952WA0102001081
B1352351853198S04154950WA0102001083
B1352391853198S04154949WA0102001084
B1352431853198S04154948WA0102001086
B1352471853198S04154948WA0102001086
B1352511853198S04154947WA0102001086
B1352551853198S04154947WA0102001085
B1352591853197S04154947WA0102001083
B1353031853197S04154947WA0102001084
B1353071853197S04154946WA0102001085
B1353111853198S04154947WA0102001086
B1353151853199S04154949WA0101901083
B1353191853199S04154950WA0101901083
B1353231853200S04154952WA0101901083
B1353271853200S04154954WA0101901083
B1353311853201S04154955WA0102001082
B1353351853201S04154957WA0102001080
B1353391853202S04154958WA0102001079
B1353431853202S04154960WA0101901078
B1353471853202S04154961WA0101901079
B1353511853203S04154961WA0101901081
B1353551853203S04154961WA0102001080
B1353591853203S04154961WA0101901080
B1354031853203S04154962WA0101901079
B1354071853203S04154963WA0101901079
B1354111853202S04154963WA0101901078
B1354151853201S04154964WA0101901077
B1354191853201S04154964WA0101901076
B1354231853201S04154965WA0102001075
B1354271853201S04154964WA0101901075
B1354311853201S04154965WA0101901074
B1354351853201S04154966WA0102001074
B1354391853201S04154966WA0102001074
B1354431853201S04154966WA0101901074
B1354471853202S04154965WA0102001073
B1354511853202S04154965WA0102001074
B1354551853201S04154964WA0102001074
B1354591853201S04154963WA0102001074
B1355031853200S04154960WA0102001075
B1355071853199S04154957WA0102001075
B1355111853199S04154955WA0102001073
B1355151853199S04154953WA0102001073
B1355191853198S04154951WA0102001075
B1355231853197S04154950WA0102001075
B1355271853196S04154950WA0102001073
B1355311853196S04154950WA0102101073
B1355351853196S04154950WA0102101074
B1355391853196S04154950WA0102101076
B1355431853196S04154949WA0102101077
B1355471853196S04154949WA0102101079
B1355511853196S04154949WA0102101081
B1355551853196S04154949WA0102101082
B1355591853196S04154948WA0102101082
B1356031853197S04154948WA0102101082
B1356071853197S04154948WA0102101082
B1356111853197S04154948WA0102101082
B1356151853196S04154948WA0102101083
B1356191853196S04154948WA0102101083
B1356231853196S04154948WA0102101083
B1356271853195S04154947WA0102101084
B1356311853195S04154947WA0102101085
B1356351853195S04154947WA0102101085
B1356391853196S04154947WA0102101086
B1356431853196S04154947WA0102101086
B1356471853196S04154947WA0102001085
B1356511853196S04154947WA0102001086
B1356551853195S04154946WA0102101086
B1356591853195S04154947WA0102101088
B1357031853195S04154947WA0102101088
B1357071853195S04154947WA0102101088
B1357111853195S04154947WA0102101088
B1357151853195S04154947WA0102101087
B1357191853195S04154947WA0102101087
B1357231853195S04154947WA0102101088
B1357271853195S04154947WA0102101087
B1357311853195S04154947WA0102101088
B1357351853195S04154947WA0102101087
B1357391853196S04154948WA0102101086
B1357431853197S04154948WA0102101085
B1357471853197S04154948WA0102101085
B1357511853198S04154948WA0102001083
B1357551853198S04154949WA0102001084
B1357591853197S04154950WA0102001084
B1358031853195S04154950WA0102101082
B1358071853195S04154949WA0102101083
B1358111853195S04154950WA0102101083
B1358151853195S04154949WA0102101082
B1358191853195S04154950WA0102101081
B1358231853194S04154951WA0102201082
B1358271853193S04154953WA0102201083
B1358311853193S04154954WA0102301084
B1358351853192S04154955WA0102301085
B1358391853192S04154956WA0102301084
B1358431853191S04154958WA0102301084
B1358471853191S04154960WA0102301085
B1358511853190S04154962WA0102301087
B1358551853188S04154962WA0102301087
B1358591853187S04154963WA0102301088
B1359031853188S04154964WA0102301088
B1359071853189S04154965WA0102301087
B1359111853188S04154965WA0102301086
B1359151853188S04154966WA0102301084
B1359191853187S04154967WA0102301081
B1359231853186S04154967WA0102301078
B1359271853186S04154968WA0102301077
B1359311853186S04154969WA0102301077
B1359351853185S04154970WA0102301078
B1359391853185S04154968WA0102301079
B1359431853185S04154967WA0102301077
B1359471853184S04154968WA0102301077
B1359511853184S04154969WA0102301076
B1359551853184S04154968WA0102301075
B1359591853184S04154968WA0102301075
B1400031853184S04154966WA0102301072
B1400071853184S04154966WA0102301068
B1400111853184S04154966WA0102301067
B1400151853185S04154966WA0102301065
B1400191853185S04154965WA0102301066
B1400231853184S04154966WA0102301068
B1400271853184S04154965WA0102301067
B1400311853184S04154964WA0102301063
B1400351853184S04154964WA0102301066
B1400391853186S04154964WA0102301065
B1400431853186S04154964WA0102401063
B1400471853186S04154964WA0102301068
B1400511853185S04154964WA0102401069
B1400551853186S04154964WA0102301069
B1400591853186S04154964WA0102401069
B1401031853185S04154964WA0102401067
B1401071853186S04154965WA0102401067
B1401111853185S04154965WA0102401063
B1401151853186S04154966WA0102401060
B1401191853186S04154966WA0102401062
B1401231853187S04154966WA0102401061
B1401271853188S04154966WA0102401063
B1401311853188S04154966WA0102401066
B1401351853188S04154965WA0102401067
B1401391853189S04154965WA0102401068
B1401431853191S04154965WA0102401069
B1401471853193S04154965WA0102401071
B1401511853193S04154965WA0102401072
B1401551853193S04154965WA0102401073
B1401591853194S04154965WA0102401073
B1402031853194S04154966WA0102401074
B1402071853193S04154965WA0102401075
B1402111853193S04154966WA0102401076
B1402151853193S04154965WA0102401078
B1402191853193S04154965WA0102401079
B1402231853193S04154966WA0102401080
B1402271853192S04154966WA0102401081
B1402311853190S04154967WA0102401081
B1402351853190S04154965WA0102401082
B1402391853189S04154965WA0102401082
B1402431853188S04154964WA0102401080
B1402471853188S04154962WA0102401080
B1402511853186S04154964WA0102401079
B1402551853185S04154964WA0102401077
B1402591853185S04154963WA0102401075
B1403031853186S04154963WA0102401075
B1403071853186S04154963WA0102401075
B1403111853186S04154963WA0102401076
B1403151853186S04154963WA0102401077
B1403191853187S04154963WA0102401078
B1403231853186S04154963WA0102401076
B1403271853187S04154963WA0102401077
B1403311853188S04154963WA0102401077
B1403351853188S04154963WA0102401077
B1403391853188S04154963WA0102401077
B1403431853188S04154962WA0102401077
B1403471853187S04154962WA0102401076
B1403511853188S04154962WA0102401077
B1403551853190S04154962WA0102401078
B1403591853190S04154964WA0102401079
B1404031853188S04154963WA0102401079
B1404071853188S04154962WA0102401079
B1404111853188S04154962WA0102401080
B1404151853187S04154963WA0102401080
B1404191853187S04154964WA0102401080
B1404231853187S04154965WA0102401080
B1404271853185S04154965WA0102401077
B1404311853184S04154966WA0102401076
B1404351853185S04154965WA0102401077
B1404391853185S04154964WA0102401076
B1404431853185S04154963WA0102401077
B1404471853185S04154963WA0102401078
B1404511853184S04154962WA0102401079
B1404551853184S04154963WA0102401080
B1404591853184S04154962WA0102401081
B1405031853183S04154962WA0102401081
B1405071853183S04154962WA0102501081
B1405111853183S04154962WA0102501082
B1405151853183S04154962WA0102501083
B1405191853184S04154961WA0102501084
B1405231853184S04154962WA0102501084
B1405271853184S04154962WA0102501084
B1405311853185S04154962WA0102501084
B1405351853184S04154962WA0102501086
B1405391853184S04154962WA0102501085
B1405431853184S04154962WA0102501084
B1405471853184S04154962WA0102501082
B1405511853185S04154963WA0102501080
B1405551853186S04154963WA0102501079
B1405591853187S04154964WA0102501079
B1406031853188S04154964WA0102501079
B1406071853188S04154965WA0102501081
B1406111853189S04154966WA0102501082
B1406151853189S04154966WA0102501083
B1406191853190S04154966WA0102501083
B1406231853191S04154966WA0102501084
B1406271853192S04154966WA0102501085
B1406311853192S04154967WA0102501086
B1406351853193S04154967WA0102501086
B1406391853195S04154967WA0102501087
B1406431853196S04154965WA0102501087
B1406471853194S04154964WA0102501087
B1406511853194S04154965WA0102501087
B1406551853194S04154965WA0102501086
B1406591853193S04154964WA0102501086
B1407031853194S04154965WA0102501087
B1407071853194S04154966WA0102501087
B1407111853194S04154967WA0102501086
B1407151853193S04154968WA0102501086
B1407191853192S04154967WA0102501084
B1407231853193S04154966WA0102501083
B1407271853193S04154966WA0102501082
B1407311853193S04154965WA0102501083
B1407351853191S04154965WA0102501083
B1407391853190S04154964WA0102501082
B1407431853189S04154964WA0102501079
B1407471853188S04154964WA0102501076
B1407511853188S04154965WA0102501075
B1407551853188S04154966WA0102501077
B1407591853187S04154967WA0102501077
B1408031853186S04154969WA0102501077
B1408071853186S04154969WA0102501078
B1408111853186S04154969WA0102501078
B1408151853185S04154969WA0102501076
B1408191853185S04154969WA0102501074
B1408231853187S04154968WA0102501073
B1408271853187S04154968WA0102501073
B1408311853187S04154968WA0102501073
B1408351853189S04154968WA0102501074
B1408391853189S04154968WA0102501074
B1408431853188S04154968WA0102501071
B1408471853188S04154968WA0102501068
B1408511853188S04154967WA0102501066
B1408551853187S04154966WA0102501065
B1408591853186S04154966WA0102501064
B1409031853185S04154965WA0102501064
B1409071853183S04154964WA0102501063
B1409111853183S04154964WA0102501062
B1409151853185S04154964WA0102501062
B1409191853186S04154964WA0102501060
B1409231853186S04154964WA0102501060
B1409271853186S04154964WA0102501058
B1409311853184S04154964WA0102501057
B1409351853184S04154965WA0102501056
B1409391853183S04154965WA0102501057
B1409431853182S04154965WA0102601055
B1409471853183S04154965WA0102501055
B1409511853184S04154964WA0102601055
B1409551853184S04154965WA0102501055
B1409591853184S04154965WA0102501056
B1410031853184S04154965WA0102601056
B1410071853186S04154965WA0102501057
B1410111853187S04154965WA0102501059
B1410151853186S04154965WA0102501060
B1410191853188S04154965WA0102501060
B1410231853187S04154965WA0102501062
B1410271853188S04154966WA0102501062
B1410311853188S04154966WA0102501063
B1410351853188S04154966WA0102501062
B1410391853188S04154966WA0102501062
B1410431853188S04154965WA0102501061
B1410471853188S04154965WA0102501060
B1410511853188S04154964WA0102501062
B1410551853187S04154964WA0102501063
B1410591853187S04154963WA0102501064
B1411031853186S04154963WA0102501065
B1411071853185S04154963WA0102601065
B1411111853185S04154964WA0102501064
B1411151853183S04154963WA0102501065
B1411191853184S04154962WA0102501066
B1411231853183S04154962WA0102601065
B1411271853183S04154963WA0102601065
B1411311853181S04154963WA0102601065
B1411351853180S04154962WA0102501066
B1411391853181S04154961WA0102501066
B1411431853181S04154962WA0102601064
B1411471853181S04154961WA0102601063
B1411511853180S04154961WA0102601062
B1411551853179S04154960WA0102601059
B1411591853179S04154961WA0102601059
B1412031853178S04154961WA0102601056
B1412071853178S04154961WA0102601055
B1412111853180S04154961WA0102601053
B1412151853181S04154961WA0102601055
B1412191853182S04154963WA0102601056
B1412231853183S04154962WA0102601058
B1412271853183S04154963WA0102601060
B1412311853184S04154964WA0102601061
B1412351853184S04154965WA0102601062
B1412391853184S04154965WA0102601062
B1412431853184S04154967WA0102601064
B1412471853185S04154966WA0102601066
B1412511853185S04154966WA0102601066
B1412551853186S04154966WA0102601066
B1412591853186S04154965WA0102601068
B1413031853186S04154966WA0102601070
B1413071853186S04154965WA0102601071
B1413111853186S04154966WA0102601074
B1413151853184S04154966WA0102601075
B1413191853181S04154967WA0102601073
B1413231853180S04154969WA0102601074
B1413271853178S04154969WA0102601074
B1413311853177S04154969WA0102601075
B1413351853177S04154969WA0102601077
B1413391853177S04154970WA0102601077
B1413431853176S04154970WA0102601076
B1413471853175S04154970WA0102601075
B1413511853174S04154971WA0102601075
B1413551853175S04154971WA0102601075
B1413591853175S04154971WA0102501075
B1414031853175S04154972WA0102601075
B1414071853176S04154971WA0102601075
B1414111853176S04154971WA0102601074
B1414151853177S04154970WA0102601074
B1414191853178S04154969WA0102601074
B1414231853179S04154970WA0102601074
B1414271853180S04154970WA0102601075
B1414311853181S04154969WA0102601076
B1414351853182S04154968WA0102601078
B1414391853183S04154968WA0102601077
B1414431853184S04154968WA0102601077
B1414471853185S04154968WA0102601077
B1414511853186S04154967WA0102601078
B1414551853186S04154967WA0102601077
B1414591853186S04154968WA0102601076
B1415031853185S04154967WA0102601074
B1415071853185S04154966WA0102601072
B1415111853186S04154966WA0102601071
B1415151853187S04154964WA0102601072
B1415191853188S04154962WA0102601073
B1415231853188S04154960WA0102601073
B1415271853189S04154959WA0102501073
B1415311853190S04154957WA0102501075
B1415351853191S04154955WA0102501075
B1415391853192S04154954WA0102501076
B1415431853193S04154953WA0102501078
B1415471853193S04154953WA0102501079
B1415511853194S04154952WA0102501079
B1415551853195S04154951WA0102501080
B1415591853196S04154952WA0102401080
B1416031853197S04154951WA0102401081
B1416071853198S04154950WA0102401081
B1416111853198S04154949WA0102401081
B1416151853197S04154948WA0102401080
B1416191853197S04154948WA0102401079
B1416231853197S04154948WA0102401080
B1416271853197S04154948WA0102401079
B1416311853197S04154948WA0102401078
B1416351853197S04154948WA0102401078
B1416391853197S04154948WA0102401077
B1416431853198S04154948WA0102401076
B1416471853198S04154948WA0102401077
B1416511853198S04154948WA0102401078
B1416551853198S04154947WA0102401080
B1416591853198S04154947WA0102401081
B1417031853198S04154947WA0102401081
B1417071853198S04154946WA0102401082
B1417111853198S04154946WA0102401082
B1417151853198S04154946WA0102401081
B1417191853198S04154946WA0102401080
B1417231853198S04154946WA0102401080
B1417271853198S04154945WA0102401080
B1417311853198S04154946WA0102401079
B1417351853198S04154946WA0102401078
B1417391853198S04154947WA0102401078
B1417431853198S04154946WA0102401077
B1417471853198S04154946WA0102401077
B1417511853198S04154946WA0102401077
B1417551853198S04154946WA0102401077
B1417591853198S04154946WA0102401077
B1418031853198S04154945WA0102401077
B1418071853198S04154945WA0102401077
B1418111853198S04154945WA0102401075
B1418151853197S04154945WA0102401074
B1418191853197S04154944WA0102401073
B1418231853197S04154944WA0102401071
B1418271853197S04154944WA0102401072
B1418311853197S04154944WA0102401072
B1418351853198S04154945WA0102401071
B1418391853198S04154945WA0102401072
B1418431853198S04154945WA0102401071
B1418471853199S04154945WA0102401072
B1418511853200S04154946WA0102401074
B1418551853200S04154946WA0102401075
B1418591853200S04154946WA0102401074
B1419031853200S04154946WA0102401074
B1419071853200S04154946WA0102401075
B1419111853199S04154946WA0102401073
B1419151853199S04154946WA0102401072
B1419191853199S04154945WA0102501073
B1419231853199S04154946WA0102501074
B1419271853199S04154946WA0102501075
B1419311853200S04154946WA0102501076
B1419351853200S04154946WA0102501077
B1419391853200S04154946WA0102401078
B1419431853200S04154946WA0102401080
B1419471853200S04154947WA0102501081
B1419511853200S04154947WA0102501082
B1419551853200S04154947WA0102501083
B1419591853200S04154947WA0102501083
B1420031853199S04154947WA0102501084
B1420071853199S04154947WA0102401086
B1420111853199S04154947WA0102501086
B1420151853198S04154947WA0102401087
B1420191853198S04154947WA0102401087
B1420231853198S04154947WA0102501088
B1420271853198S04154947WA0102401088
B1420311853198S04154947WA0102501089
B1420351853198S04154947WA0102501089
B1420391853198S04154946WA0102501090
B1420431853198S04154946WA0102501090
B1420471853197S04154946WA0102501090
B1420511853197S04154946WA0102501090
B1420551853197S04154947WA0102401091
B1420591853197S04154947WA0102501092
B1421031853197S04154947WA0102501092
B1421071853197S04154947WA0102501091
B1421111853198S04154947WA0102501092
B1421151853198S04154947WA0102501093
B1421191853198S04154947WA0102501093
B1421231853198S04154947WA0102501092
B1421271853198S04154947WA0102501092
B1421311853198S04154947WA0102501091
B1421351853198S04154947WA0102501090
B1421391853198S04154947WA0102501090
B1421431853198S04154946WA0102501088
B1421471853198S04154946WA0102501087
B1421511853198S04154946WA0102501085
B1421551853198S04154946WA0102501085
B1421591853198S04154945WA0102501086
B1422031853199S04154945WA0102501085
B1422071853199S04154945WA0102501085
B1422111853199S04154945WA0102501085
B1422151853199S04154945WA0102501086
B1422191853199S04154945WA0102501086
B1422231853199S04154945WA0102501087
B1422271853198S04154945WA0102501088
B1422311853198S04154945WA0102601089
B1422351853198S04154945WA0102501089
B1422391853198S04154945WA0102501088
B1422431853198S04154944WA0102501086
B1422471853199S04154944WA0102501084
B1422511853199S04154944WA0102501083
B1422551853199S04154943WA0102501081
B1422591853199S04154943WA0102501080
B1423031853200S04154943WA0102501080
B1423071853200S04154943WA0102501080
B1423111853200S04154944WA0102501080
B1423151853200S04154944WA0102501080
B1423191853200S04154945WA0102501081
B1423231853200S04154945WA0102501083
B1423271853199S04154946WA0102501084
B1423311853199S04154946WA0102501085
B1423351853199S04154946WA0102501085
B1423391853200S04154946WA0102501086
B1423431853200S04154946WA0102601086
B1423471853200S04154946WA0102501086
B1423511853200S04154946WA0102501086
B1423551853200S04154946WA0102501086
B1423591853200S04154946WA0102501087
B1424031853200S04154947WA0102601089
B1424071853200S04154947WA0102601089
B1424111853200S04154947WA0102501089
B1424151853201S04154946WA0102501088
B1424191853200S04154946WA0102501088
B1424231853200S04154947WA0102501091
B1424271853200S04154947WA0102501091
B1424311853199S04154947WA0102501091
B1424351853198S04154947WA0102601092
B1424391853197S04154947WA0102601092
B1424431853197S04154946WA0102601093
B1424471853197S04154945WA0102501090
B1424511853198S04154945WA0102501089
B1424551853198S04154944WA0102501088
B1424591853199S04154945WA0102601088
B1425031853199S04154944WA0102501086
B1425071853199S04154944WA0102501084
B1425111853199S04154944WA0102601083
B1425151853199S04154944WA0102601083
B1425191853199S04154944WA0102501083
B1425231853199S04154945WA0102601085
B1425271853199S04154944WA0102601085
B1425311853199S04154944WA0102601083
B1425351853199S04154945WA0102601084
B1425391853199S04154945WA0102601086
B1425431853199S04154945WA0102601086
B1425471853199S04154945WA0102601087
B1425511853199S04154945WA0102501088
B1425551853199S04154945WA0102601088
B1425591853199S04154945WA0102601086
B1426031853199S04154945WA0102501086
B1426071853199S04154945WA0102601086
B1426111853199S04154946WA0102501088
B1426151853199S04154946WA0102601089
B1426191853200S04154946WA0102601089
B1426231853200S04154946WA0102501090
B1426271853200S04154946WA0102601090
B1426311853200S04154946WA0102601090
B1426351853200S04154946WA0102601089
B1426391853200S04154946WA0102601088
B1426431853199S04154946WA0102601088
B1426471853199S04154946WA0102601088
B1426511853199S04154946WA0102601088
B1426551853199S04154946WA0102601087
B1426591853199S04154946WA0102601087
B1427031853199S04154946WA0102601087
B1427071853199S04154946WA0102601087
B1427111853199S04154946WA0102501087
B1427151853199S04154946WA0102601087
B1427191853199S04154946WA0102501087
B1427231853199S04154946WA0102601087
B1427271853199S04154946WA0102501087
B1427311853199S04154946WA0102501087
B1427351853199S04154946WA0102501088
B1427391853199S04154946WA0102501088
B1427431853199S04154946WA0102601088
B1427471853199S04154946WA0102601090
B1427511853199S04154946WA0102601090
B1427551853199S04154946WA0102501091
B1427591853199S04154946WA0102601092
B1428031853199S04154947WA0102601093
B1428071853199S04154947WA0102601094
B1428111853199S04154947WA0102601094
B1428151853199S04154947WA0102601095
B1428191853199S04154947WA0102501096
B1428231853199S04154947WA0102501096
B1428271853199S04154948WA0102601097
B1428311853198S04154948WA0102601097
B1428351853198S04154948WA0102601098
B1428391853198S04154948WA0102601097
B1428431853198S04154948WA0102601097
B1428471853198S04154948WA0102601097
B1428511853198S04154948WA0102601098
B1428551853198S04154948WA0102601098
B1428591853198S04154947WA0102601097
B1429031853198S04154947WA0102601096
B1429071853198S04154947WA0102601095
B1429111853198S04154947WA0102601095
B1429151853198S04154946WA0102601094
B1429191853198S04154946WA0102601094
B1429231853198S04154946WA0102601093
B1429271853198S04154946WA0102601093
B1429311853198S04154946WA0102601094
B1429351853198S04154946WA0102601095
B1429391853198S04154946WA0102601096
B1429431853198S04154946WA0102601097
B1429471853197S04154946WA0102601096
B1429511853198S04154946WA0102601095
B1429551853198S04154946WA0102601094
B1429591853198S04154946WA0102601094
B1430031853198S04154946WA0102601095
B1430071853198S04154947WA0102601095
B1430111853198S04154947WA0102601095
B1430151853199S04154947WA0102601094
B1430191853199S04154947WA0102601093
B1430231853199S04154947WA0102601092
B1430271853199S04154946WA0102601092
B1430311853199S04154946WA0102601091
B1430351853199S04154946WA0102601089
B1430391853199S04154946WA0102601089
B1430431853199S04154946WA0102601089
B1430471853199S04154946WA0102601089
B1430511853199S04154946WA0102601089
B1430551853199S04154946WA0102601089
B1430591853199S04154946WA0102601089
B1431031853199S04154947WA0102601091
B1431071853199S04154947WA0102601091
B1431111853199S04154947WA0102601091
B1431151853199S04154947WA0102601091
B1431191853199S04154947WA0102601090
B1431231853199S04154946WA0102601089
B1431271853199S04154946WA0102601089
B1431311853199S04154946WA0102601089
B1431351853199S04154947WA0102601090
B1431391853199S04154947WA0102601091
B1431431853199S04154948WA0102601092
B1431471853199S04154948WA0102601093
B1431511853199S04154948WA0102601094
B1431551853199S04154948WA0102601093
B1431591853199S04154948WA0102601093
B1432031853199S04154948WA0102601092
B1432071853200S04154947WA0102601091
B1432111853200S04154947WA0102601089
B1432151853200S04154947WA0102601089
B1432191853200S04154947WA0102601088
B1432231853200S04154947WA0102601088
B1432271853200S04154947WA0102601088
B1432311853200S04154947WA0102601088
B1432351853200S04154947WA0102601088
B1432391853200S04154947WA0102601088
B1432431853200S04154947WA0102601088
B1432471853200S04154947WA0102601088
B1432511853200S04154947WA0102601088
B1432551853200S04154946WA0102601088
B1432591853199S04154946WA0102601088
B1433031853199S04154946WA0102601088
B1433071853199S04154946WA0102601087
B1433111853199S04154946WA0102701088
B1433151853199S04154947WA0102601087
B1433191853199S04154946WA0102601085
B1433231853200S04154946WA0102601086
B1433271853199S04154946WA0102601084
B1433311853199S04154946WA0102601085
B1433351853199S04154946WA0102601084
B1433391853199S04154946WA0102601085
B1433431853199S04154947WA0102601085
B1433471853200S04154947WA0102601085
B1433511853200S04154946WA0102601085
B1433551853200S04154946WA0102601084
B1433591853200S04154947WA0102601085
B1434031853200S04154947WA0102601085
B1434071853200S04154948WA0102701084
B1434111853200S04154948WA0102701082
B1434151853201S04154948WA0102701081
B1434191853201S04154948WA0102701079
B1434231853201S04154948WA0102701079
B1434271853201S04154949WA0102701077
B1434311853201S04154949WA0102701077
B1434351853201S04154949WA0102701076
B1434391853201S04154949WA0102701076
B1434431853201S04154949WA0102701075
B1434471853201S04154949WA0102701074
B1434511853202S04154949WA0102601073
B1434551853202S04154949WA0102701073
B1434591853201S04154949WA0102701073
B1435031853201S04154949WA0102701073
B1435071853201S04154950WA0102601072
B1435111853201S04154950WA0102701072
B1435151853201S04154950WA0102701071
B1435191853201S04154950WA0102701071
B1435231853200S04154950WA0102701071
B1435271853200S04154950WA0102701071
B1435311853200S04154951WA0102701071
B1435351853200S04154951WA0102701071
B1435391853200S04154951WA0102701071
B1435431853200S04154950WA0102701071
B1435471853200S04154950WA0102701071
B1435511853200S04154950WA0102701071
B1435551853200S04154950WA0102701072
B1435591853200S04154950WA0102701072
B1436031853200S04154951WA0102701072
B1436071853199S04154950WA0102701072
B1436111853200S04154951WA0102701073
B1436151853199S04154951WA0102601073
B1436191853199S04154951WA0102701072
B1436231853199S04154951WA0102701073
B1436271853199S04154950WA0102601074
B1436311853200S04154950WA0102701074
B1436351853200S04154949WA0102701075
B1436391853200S04154949WA0102701075
B1436431853200S04154950WA0102701074
B1436471853200S04154950WA0102701074
B1436511853200S04154950WA0102701074
B1436551853200S04154950WA0102701073
B1436591853200S04154950WA0102701073
B1437031853200S04154950WA0102701073
B1437071853200S04154950WA0102701073
B1437111853200S04154950WA0102701072
B1437151853200S04154950WA0102701072
B1437191853200S04154950WA0102701072
B1437231853200S04154950WA0102701072
B1437271853200S04154950WA0102701072
B1437311853200S04154950WA0102701073
B1437351853200S04154950WA0102701073
B1437391853200S04154951WA0102701073
B1437431853200S04154951WA0102701072
B1437471853200S04154951WA0102701071
B1437511853199S04154951WA0102701071
B1437551853199S04154951WA0102701071
B1437591853199S04154951WA0102701071
B1438031853200S04154951WA0102701071
B1438071853200S04154950WA0102701072
B1438111853200S04154950WA0102701071
B1438151853201S04154950WA0102701072
B1438191853201S04154950WA0102701072
B1438231853201S04154950WA0102801072
B1438271853200S04154950WA0102701073
B1438311853200S04154950WA0102701073
B1438351853200S04154950WA0102701072
B1438391853200S04154950WA0102701072
B1438431853201S04154950WA0102701072
B1438471853201S04154950WA0102701072
B1438511853201S04154950WA0102701071
B1438551853202S04154949WA0102701070
B1438591853202S04154949WA0102701070
B1439031853202S04154949WA0102701070
B1439071853201S04154948WA0102701070
B1439111853201S04154949WA0102701069
B1439151853201S04154950WA0102701069
B1439191853201S04154949WA0102801070
B1439231853201S04154950WA0102801069
B1439271853201S04154950WA0102701068
B1439311853201S04154950WA0102801068
B1439351853201S04154949WA0102701070
B1439391853201S04154949WA0102701070
B1439431853201S04154948WA0102701071
B1439471853203S04154947WA0102701073
B1439511853203S04154947WA0102701075
B1439551853203S04154947WA0102801075
B1439591853203S04154947WA0102701076
B1440031853204S04154945WA0102701077
B1440071853205S04154945WA0102701078
B1440111853204S04154946WA0102701078
B1440151853203S04154947WA0102701078
B1440191853203S04154947WA0102701077
B1440231853204S04154946WA0102701077
B1440271853204S04154946WA0102701077
B1440311853204S04154947WA0102701076
B1440351853203S04154947WA0102701075
B1440391853203S04154947WA0102701074
B1440431853203S04154947WA0102701073
B1440471853202S04154947WA0102801073
B1440511853202S04154948WA0102701072
B1440551853202S04154949WA0102801071
B1440591853202S04154949WA0102701070
B1441031853202S04154949WA0102701070
B1441071853202S04154949WA0102701071
B1441111853202S04154949WA0102801071
B1441151853202S04154949WA0102701070
B1441191853202S04154950WA0102701070
B1441231853202S04154950WA0102801070
B1441271853201S04154950WA0102801071
B1441311853201S04154950WA0102701070
B1441351853201S04154951WA0102701069
B1441391853201S04154952WA0102701067
B1441431853200S04154952WA0102701067
B1441471853200S04154952WA0102701067
B1441511853200S04154952WA0102701067
B1441551853200S04154951WA0102801069
B1441591853201S04154951WA0102801069
B1442031853201S04154951WA0102701069
B1442071853201S04154951WA0102701069
B1442111853201S04154951WA0102701069
B1442151853201S04154950WA0102801069
B1442191853201S04154950WA0102801070
B1442231853201S04154950WA0102801070
B1442271853201S04154950WA0102801071
B1442311853201S04154950WA0102801070
B1442351853201S04154950WA0102801070
B1442391853201S04154950WA0102701069
B1442431853201S04154951WA0102801070
B1442471853201S04154951WA0102701070
B1442511853201S04154951WA0102701070
B1442551853202S04154950WA0102701069
B1442591853202S04154950WA0102701068
B1443031853202S04154950WA0102701069
B1443071853202S04154950WA0102701069
B1443111853202S04154950WA0102801070
B1443151853202S04154950WA0102801070
B1443191853201S04154951WA0102801071
B1443231853200S04154951WA0102801070
B1443271853201S04154951WA0102701069
B1443311853201S04154950WA0102701069
B1443351853203S04154949WA0102701069
B1443391853202S04154947WA0102701071
B1443431853201S04154945WA0102701071
B1443471853200S04154943WA0102601071
B1443511853200S04154943WA0102701070
B1443551853200S04154943WA0102701071
B1443591853199S04154941WA0102701072
B1444031853197S04154939WA0102601072
B1444071853197S04154937WA0102501072
B1444111853197S04154935WA0102601072
B1444151853197S04154932WA0102501072
B1444191853196S04154931WA0102501071
B1444231853196S04154929WA0102401070
B1444271853196S04154926WA0102401071
B1444311853196S04154924WA0102401071
B1444351853196S04154922WA0102401073
B1444391853196S04154919WA0102301074
B1444431853196S04154917WA0102401074
B1444471853196S04154915WA0102301075
B1444511853196S04154912WA0102301075
B1444551853196S04154909WA0102201077
B1444591853197S04154907WA0102301077
B1445031853197S04154905WA0102301077
B1445071853196S04154903WA0102301077
B1445111853195S04154903WA0102201075
B1445151853195S04154901WA0102201075
B1445191853195S04154900WA0102201076
B1445231853195S04154900WA0102201077
B1445271853195S04154900WA0102201077
B1445311853195S04154900WA0102301078
B1445351853195S04154900WA0102201078
B1445391853195S04154900WA0102201077
B1445431853196S04154900WA0102301076
B1445471853196S04154900WA0102201075
B1445511853196S04154900WA0102201074
B1445551853196S04154900WA0102301073
B1445591853196S04154900WA0102301072
B1446031853196S04154900WA0102301071
B1446071853196S04154900WA0102301070
B1446111853196S04154900WA0102301069
B1446151853196S04154900WA0102301069
B1446191853196S04154900WA0102301069
B1446231853196S04154900WA0102301070
B1446271853196S04154900WA0102301069
B1446311853196S04154900WA0102301070
B1446351853196S04154900WA0102301069
B1446391853196S04154900WA0102301069
B1446431853196S04154900WA0102301067
B1446471853197S04154899WA0102301068
B1446511853197S04154899WA0102301068
B1446551853197S04154899WA0102301068
B1446591853197S04154899WA0102301068
B1447031853196S04154900WA0102301069
B1447071853196S04154900WA0102301070
B1447111853195S04154899WA0102201070
B1447151853195S04154899WA0102201066
B1447191853194S04154899WA0102201065
B1447231853193S04154899WA0102201063
B1447271853193S04154898WA0102201064
B1447311853193S04154898WA0102201064
B1447351853193S04154898WA0102201064
B1447391853193S04154898WA0102201066
B1447431853192S04154897WA0102201069
B1447471853192S04154897WA0102201069
B1447511853192S04154897WA0102101070
B1447551853192S04154897WA0102101071
B1447591853192S04154897WA0102201072
B1448031853192S04154896WA0102101073
B1448071853192S04154896WA0102101073
B1448111853192S04154896WA0102101072
B1448151853192S04154896WA0102101073
B1448191853192S04154896WA0102101074
B1448231853192S04154896WA0102101073
B1448271853192S04154896WA0102101073
B1448311853192S04154896WA0102101072
B1448351853192S04154896WA0102101073
B1448391853191S04154896WA0102101074
B1448431853191S04154896WA0102101074
B1448471853191S04154896WA0102201074
B1448511853191S04154896WA0102101074
B1448551853191S04154896WA0102101074
B1448591853191S04154896WA0102101075
B1449031853191S04154896WA0102201075
B1449071853191S04154896WA0102101075
B1449111853191S04154896WA0102101075
B1449151853191S04154896WA0102101076
B1449191853191S04154895WA0102101075
B1449231853191S04154895WA0102101076
B1449271853190S04154895WA0102101077
B1449311853190S04154895WA0102101078
B1449351853190S04154895WA0102101078
B1449391853189S04154895WA0102101080
B1449431853189S04154896WA0102201081
B1449471853189S04154896WA0102101080
B1449511853189S04154895WA0102101081
B1449551853190S04154895WA0102201080
B1449591853190S04154894WA0102201079
B1450031853190S04154894WA0102201080
B1450071853189S04154894WA0102101081
B1450111853189S04154894WA0102101082
B1450151853189S04154894WA0102101081
B1450191853189S04154894WA0102101080
B1450231853190S04154894WA0102101079
B1450271853190S04154894WA0102101079
B1450311853190S04154895WA0102101078
B1450351853189S04154895WA0102101077
B1450391853189S04154894WA0102101077
B1450431853189S04154895WA0102201077
B1450471853188S04154894WA0102101077
B1450511853188S04154893WA0102001076
B1450551853188S04154893WA0102101075
B1450591853188S04154893WA0102001074
B1451031853189S04154893WA0102101074
B1451071853190S04154892WA0102001074
B1451111853189S04154892WA0102101075
B1451151853189S04154892WA0102101076
B1451191853189S04154892WA0102101077
B1451231853189S04154892WA0102101078
B1451271853189S04154893WA0102001079
B1451311853189S04154893WA0102101079
B1451351853189S04154893WA0102101079
B1451391853189S04154894WA0102101080
B1451431853190S04154895WA0102101080
B1451471853191S04154897WA0102101081
B1451511853191S04154897WA0102201082
B1451551853190S04154897WA0102201084
B1451591853190S04154897WA0102101083
B1452031853190S04154897WA0102201084
B1452071853190S04154897WA0102201084
B1452111853190S04154897WA0102101085
B1452151853190S04154897WA0102201085
B1452191853190S04154897WA0102101085
B1452231853190S04154897WA0102201086
B1452271853190S04154897WA0102201086
B1452311853189S04154898WA0102201087
B1452351853189S04154898WA0102201087
B1452391853190S04154898WA0102201086
B1452431853190S04154897WA0102201085
B1452471853190S04154897WA0102201084
B1452511853190S04154897WA0102201085
B1452551853190S04154897WA0102101085
B1452591853191S04154897WA0102201082
B1453031853191S04154897WA0102201081
B1453071853191S04154897WA0102201080
B1453111853191S04154897WA0102201080
B1453151853191S04154897WA0102201081
B1453191853191S04154896WA0102201080
B1453231853190S04154896WA0102201081
B1453271853191S04154897WA0102201081
B1453311853190S04154897WA0102201081
B1453351853190S04154896WA0102201081
B1453391853188S04154895WA0102101080
B1453431853186S04154891WA0101301078
B1453471853174S04154891WA0101401073
B1453511853174S04154877WA0101601073
B1453551853158S04154870WA0101601074
B1453591853152S04154873WA0102601091
B1454031853135S04154871WA0102301092
B1454071853122S04154868WA0103001095
B1454111853107S04154862WA0103301097
B1454151853099S04154869WA0102901093
B1454191853089S04154888WA0102101088
B1454231853083S04154909WA0101801084
B1454271853077S04154930WA0102401081
B1454311853067S04154948WA0102501078
B1454351853054S04154954WA0102501078
B1454391853038S04154956WA0102601073
B1454431853024S04154947WA0102301067
B1454471853011S04154936WA0102101065
B1454511853002S04154919WA0101801059
B1454551852993S04154903WA0101401050
B1454591852975S04154889WA0100601039
B1455031852956S04154873WA0100101035
B1455071852937S04154860WA0099501029
B1455111852919S04154842WA0098401014
B1455151852899S04154830WA0098401013
B1455191852887S04154818WA0099301021
B1455231852871S04154803WA0099601033
B1455271852859S04154792WA0100301043
B1455311852866S04154778WA0099501032
B1455351852882S04154792WA0099801026
B1455391852874S04154795WA0100301018
B1455431852883S04154786WA0100000995
B1455471852889S04154789WA0100300994
B1455511852881S04154782WA0100700985
B1455551852878S04154771WA0100800965
B1455591852868S04154756WA0100000956
B1456031852856S04154738WA0099600955
B1456071852846S04154720WA0099300957
B1456111852838S04154700WA0098800955
B1456151852834S04154678WA0098800955
B1456191852833S04154656WA0099000960
B1456231852849S04154639WA0099700963
B1456271852870S04154637WA0099900969
B1456311852877S04154651WA0100200978
B1456351852866S04154653WA0100400979
B1456391852858S04154641WA0101200977
B1456431852859S04154632WA0101600970
B1456471852868S04154623WA0100800969
B1456511852887S04154620WA0101700968
B1456551852900S04154624WA0101500966
B1456591852905S04154629WA0101400970
B1457031852911S04154640WA0102300963
B1457071852916S04154647WA0101900961
B1457111852919S04154647WA0101700957
B1457151852933S04154646WA0102200949
B1457191852950S04154636WA0102400933
B1457231852952S04154618WA0102400917
B1457271852944S04154594WA0102700903
B1457311852942S04154575WA0103600896
B1457351852945S04154551WA0104400893
B1457391852950S04154530WA0105100898
B1457431852945S04154507WA0106200909
B1457471852940S04154484WA0107300904
B1457511852947S04154464WA0107700909
B1457551852937S04154453WA0109400906
B1457591852926S04154443WA0110500902
B1458031852933S04154430WA0111300894
B1458071852947S04154423WA0112500889
B1458111852952S04154416WA0113900889
B1458151852959S04154412WA0114600894
B1458191852951S04154406WA0116000889
B1458231852943S04154405WA0117600883
B1458271852931S04154404WA0118700878
B1458311852934S04154427WA0121300870
B1458351852927S04154444WA0122200860
B1458391852920S04154454WA0124100853
B1458431852916S04154455WA0124900849
B1458471852924S04154440WA0126200847
B1458511852932S04154430WA0127000845
B1458551852930S04154418WA0128800841
B1458591852922S04154409WA0129900837
B1459031852926S04154403WA0130900835
B1459071852933S04154397WA0131700839
B1459111852932S04154394WA0132300845
B1459151852922S04154407WA0133100853
B1459191852908S04154407WA0134400851
B1459231852897S04154407WA0135600847
B1459271852891S04154402WA0135500839
B1459311852891S04154397WA0135400836
B1459351852887S04154389WA0136500829
B1459391852875S04154387WA0137500803
B1459431852866S04154396WA0138000796
B1459471852858S04154398WA0137800790
B1459511852855S04154390WA0137900787
B1459551852848S04154384WA0138100786
B1459591852845S04154376WA0138700783
B1500031852841S04154368WA0138800781
B1500071852836S04154363WA0139700775
B1500111852824S04154359WA0140400771
B1500151852812S04154364WA0140500764
B1500191852809S04154403WA0140400759
B1500231852799S04154417WA0140400749
B1500271852786S04154420WA0140300747
B1500311852777S04154415WA0140200739
B1500351852763S04154404WA0139900727
B1500391852743S04154384WA0139400718
B1500431852722S04154363WA0139000706
B1500471852705S04154338WA0138400695
B1500511852690S04154313WA0137900684
B1500551852673S04154291WA0137300676
B1500591852658S04154275WA0136300667
B1501031852645S04154255WA0135900651
B1501071852629S04154234WA0135200643
B1501111852618S04154215WA0134900631
B1501151852604S04154192WA0134300620
B1501191852595S04154175WA0134000608
B1501231852582S04154148WA0133500594
B1501271852568S04154133WA0132700580
B1501311852554S04154111WA0132200568
B1501351852535S04154087WA0131800551
B1501391852523S04154067WA0131100528
B1501431852518S04154051WA0130800514
B1501471852511S04154031WA0130300505
B1501511852505S04154013WA0129700489
B1501551852495S04153991WA0129400482
B1501591852481S04153968WA0128800466
B1502031852472S04153945WA0128400451
B1502071852462S04153919WA0127600439
B1502111852455S04153895WA0126900428
B1502151852450S04153868WA0126400415
B1502191852444S04153846WA0126000402
B1502231852437S04153819WA0125500390
B1502271852434S04153797WA0125200372
B1502311852431S04153779WA0124800359
B1502351852426S04153755WA0124500345
B1502391852424S04153737WA0124100317
B1502431852422S04153720WA0123300300
B1502471852425S04153675WA0123000227
B1502511852423S04153650WA0122300199
B1502551852422S04153627WA0121700175
B1502591852422S04153604WA0121100152
B1503031852422S04153578WA0120200128
B1503071852423S04153549WA0119400112
B1503111852429S04153525WA0119400095
B1503151852435S04153506WA0118900073
B1503191852447S04153480WA0118900058
B1503231852459S04153457WA0119700037
B1503271852471S04153430WA0119700015
B1503311852479S04153406WA0120400002
B1503351852490S04153382WA01203-0010
B1503391852505S04153360WA01211-0028
B1503431852517S04153345WA01218-0042
B1503531852799S04153359WA0122801205
B1503571852823S04153335WA0123401219
B1504011852855S04153303WA0123801247
B1504051852866S04153285WA0124401253
B1504091852879S04153265WA0124701254
B1504131852890S04153245WA0125001255
B1504171852902S04153226WA0124801254
B1504211852918S04153219WA0124401251
B1504251852933S04153228WA0124001246
B1504291852927S04153243WA0124101245
B1504331852908S04153256WA0123801244
B1504371852892S04153268WA0124201250
B1504411852880S04153283WA0124401252
B1504451852866S04153291WA0124901252
B1504491852856S04153282WA0124501250
B1504531852857S04153275WA0124701249
B1504571852861S04153276WA0124801250
B1505011852864S04153291WA0125001257
B1505051852858S04153304WA0125001258
B1505091852845S04153307WA0125101258
B1505131852832S04153302WA0125301258
B1505171852823S04153287WA0125101262
B1505211852820S04153269WA0125101266
B1505251852825S04153248WA0125401267
B1505291852831S04153224WA0125901271
B1505331852837S04153198WA0126001275
B1505371852846S04153175WA0126401280
B1505411852859S04153159WA0126301285
B1505451852868S04153159WA0126301298
B1505491852867S04153174WA0126501306
B1505531852859S04153191WA0126701309
B1505571852849S04153201WA0127201307
B1506011852845S04153193WA0127401299
B1506051852855S04153179WA0127701301
B1506091852873S04153165WA0128101305
B1506131852894S04153158WA0128301314
B1506171852908S04153168WA0128301318
B1506211852901S04153186WA0128701319
B1506251852889S04153198WA0129201324
B1506291852877S04153207WA0129801332
B1506331852871S04153200WA0130101338
B1506371852880S04153192WA0130301342
B1506411852900S04153207WA0130401342
B1506451852904S04153220WA0131201343
B1506491852889S04153229WA0131101344
B1506531852881S04153222WA0131101346
B1506571852884S04153210WA0131601349
B1507011852896S04153193WA0131301353
B1507051852909S04153170WA0131701357
B1507091852920S04153146WA0131701361
B1507131852939S04153129WA0131501368
B1507171852960S04153127WA0131401375
B1507211852963S04153140WA0131401384
B1507251852947S04153151WA0131501390
B1507291852929S04153151WA0131701389
B1507331852918S04153137WA0131901389
B1507371852916S04153115WA0131401388
B1507411852923S04153094WA0131401389
B1507451852939S04153074WA0130901389
B1507491852958S04153060WA0130901390
B1507531852980S04153045WA0130701389
B1507571853002S04153030WA0130801388
B1508011853025S04153014WA0130701388
B1508051853049S04152999WA0130601387
B1508091853071S04152986WA0131001389
B1508131853088S04152969WA0131001388
B1508171853102S04152952WA0131501389
B1508211853119S04152939WA0131501388
B1508251853138S04152945WA0131701386
B1508291853149S04152964WA0132801386
B1508331853149S04152982WA0133401388
B1508371853135S04152983WA0134301386
B1508411853124S04152975WA0134501388
B1508451853126S04152960WA0134201388
B1508491853141S04152951WA0134501385
B1508531853165S04152951WA0135301388
B1508571853180S04152962WA0135901391
B1509011853177S04152977WA0136101393
B1509051853168S04152970WA0136901393
B1509091853167S04152948WA0137601398
B1509131853178S04152930WA0138001405
B1509171853187S04152938WA0139001409
B1509211853189S04152953WA0139301415
B1509251853175S04152966WA0139701418
B1509291853167S04152964WA0139601422
B1509331853165S04152953WA0140301427
B1509371853168S04152948WA0140901431
B1509411853168S04152953WA0141601430
B1509451853162S04152965WA0141801432
B1509491853154S04152976WA0142201441
B1509531853155S04152974WA0142101448
B1509571853159S04152969WA0142601453
B1510011853163S04152968WA0143101455
B1510051853165S04152979WA0143401454
B1510091853166S04152995WA0143801456
B1510131853161S04153001WA0143801456
B1510171853161S04152989WA0144301456
B1510211853179S04152981WA0144501458
B1510251853186S04152978WA0144901459
B1510291853195S04152993WA0145001453
B1510331853198S04152987WA0145301447
B1510371853202S04152969WA0145401451
B1510411853214S04152943WA0145601459
B1510451853229S04152931WA0145901468
B1510491853232S04152929WA0146301471
B1510531853227S04152938WA0146701470
B1510571853212S04152938WA0146601470
B1511011853205S04152931WA0147001467
B1511051853208S04152918WA0146901469
B1511091853225S04152908WA0147001476
B1511131853241S04152913WA0147201485
B1511171853252S04152931WA0147501490
B1511211853246S04152951WA0147601495
B1511251853234S04152969WA0147801500
B1511291853221S04152977WA0147301506
B1511331853219S04152969WA0147401514
B1511371853223S04152960WA0147101518
B1511411853238S04152949WA0147101522
B1511451853262S04152943WA0147301523
B1511491853289S04152948WA0147401526
B1511531853303S04152969WA0147701531
B1511571853297S04152982WA0147401542
B1512011853284S04152985WA0147701551
B1512051853276S04152971WA0147201553
B1512091853277S04152948WA0147201553
B1512131853284S04152929WA0147201554
B1512171853303S04152916WA0147001553
B1512211853326S04152916WA0147301556
B1512251853346S04152931WA0147401558
B1512291853347S04152949WA0147401558
B1512331853337S04152964WA0147301560
B1512371853323S04152977WA0147201562
B1512411853305S04152984WA0147001562
B1512451853287S04152984WA0146801562
B1512491853268S04152980WA0146401560
B1512531853250S04152975WA0146201556
B1512571853231S04152969WA0145501552
B1513011853213S04152959WA0145101548
B1513051853195S04152947WA0144701544
B1513091853179S04152935WA0144901542
B1513131853165S04152926WA0145601542
B1513171853150S04152912WA0145801540
B1513211853140S04152893WA0145701538
B1513251853127S04152873WA0145101535
B1513291853107S04152862WA0144401534
B1513331853080S04152854WA0143301530
B1513371853055S04152850WA0142801528
B1513411853030S04152850WA0142101523
B1513451853004S04152850WA0141501518
B1513491852979S04152851WA0141001511
B1513531852954S04152851WA0140501505
B1513571852930S04152849WA0140101499
B1514011852907S04152842WA0139501491
B1514051852884S04152833WA0139001486
B1514091852863S04152827WA0138601483
B1514131852846S04152833WA0138101479
B1514171852832S04152842WA0138101474
B1514211852818S04152853WA0137601470
B1514251852804S04152867WA0137301466
B1514291852787S04152879WA0136301460
B1514331852770S04152891WA0135601454
B1514371852757S04152909WA0134501448
B1514411852743S04152929WA0133901442
B1514451852726S04152945WA0133301433
B1514491852704S04152961WA0133101426
B1514531852689S04152967WA0133401418
B1514571852675S04152966WA0133001410
B1515011852662S04152963WA0133001404
B1515051852644S04152950WA0132001398
B1515091852628S04152936WA0131901390
B1515131852620S04152927WA0133001386
B1515171852617S04152914WA0133301382
B1515211852626S04152905WA0133101381
B1515251852641S04152917WA0134301378
B1515291852645S04152948WA0134501377
B1515331852640S04152960WA0135101375
B1515371852635S04152953WA0135001368
B1515411852647S04152943WA0135001363
B1515451852654S04152945WA0135601363
B1515491852657S04152956WA0136301362
B1515531852655S04152975WA0135901356
B1515571852647S04152973WA0136001356
B1516011852645S04152958WA0135801361
B1516051852648S04152934WA0135701368
B1516091852653S04152910WA0135301375
B1516131852660S04152887WA0135301381
B1516171852665S04152864WA0135701386
B1516211852671S04152842WA0135401389
B1516251852687S04152826WA0135501393
B1516291852704S04152826WA0135501398
B1516331852710S04152846WA0135301406
B1516371852711S04152871WA0135201409
B1516411852710S04152899WA0134501407
B1516451852706S04152930WA0134101405
B1516491852703S04152959WA0133801404
B1516531852708S04152990WA0133401403
B1516571852717S04153018WA0133201402
B1517011852727S04153046WA0133001402
B1517051852740S04153068WA0134201402
B1517091852745S04153087WA0134401402
B1517131852748S04153109WA0134401401
B1517171852742S04153119WA0134401399
B1517211852737S04153112WA0134801395
B1517251852735S04153091WA0134701393
B1517291852743S04153073WA0134701394
B1517331852762S04153066WA0135101396
B1517371852783S04153069WA0135401401
B1517411852798S04153081WA0135901405
B1517451852805S04153101WA0135801407
B1517491852809S04153121WA0136001410
B1517531852806S04153140WA0136601412
B1517571852797S04153153WA0136401416
B1518011852796S04153144WA0137101416
B1518051852815S04153131WA0136901413
B1518091852839S04153134WA0137501413
B1518131852859S04153136WA0138401421
B1518171852859S04153148WA0138801428
B1518211852846S04153138WA0139701436
B1518251852845S04153122WA0139701440
B1518291852864S04153111WA0140301439
B1518331852877S04153115WA0140901446
B1518371852886S04153127WA0142001452
B1518411852880S04153141WA0142601456
B1518451852870S04153142WA0143901460
B1518491852857S04153131WA0143901462
B1518531852856S04153115WA0144101467
B1518571852870S04153103WA0144301471
B1519011852884S04153102WA0144901483
B1519051852897S04153116WA0145401499
B1519091852916S04153135WA0145901510
B1519131852921S04153158WA0146401520
B1519171852910S04153157WA0147401529
B1519211852888S04153151WA0147601538
B1519251852871S04153140WA0148901548
B1519291852854S04153131WA0149301556
B1519331852839S04153121WA0149101562
B1519371852827S04153103WA0148801566
B1519411852824S04153082WA0148201569
B1519451852832S04153062WA0147901571
B1519491852849S04153054WA0147101571
B1519531852871S04153065WA0146801571
B1519571852890S04153088WA0146201570
B1520011852905S04153111WA0146201570
B1520051852913S04153134WA0145901569
B1520091852905S04153151WA0146301569
B1520131852895S04153154WA0146301569
B1520171852882S04153145WA0145501561
B1520211852878S04153128WA0145501556
B1520251852894S04153110WA0145801547
B1520291852919S04153096WA0145801541
B1520331852943S04153090WA0146301538
B1520371852979S04153092WA0146001537
B1520411853011S04153095WA0146201538
B1520451853042S04153097WA0146401538
B1520491853066S04153102WA0146901538
B1520531853078S04153120WA0147201537
B1520571853077S04153144WA0147601536
B1521011853066S04153156WA0147801536
B1521051853058S04153146WA0148301537
B1521091853071S04153127WA0148301536
B1521131853091S04153117WA0148901537
B1521171853117S04153112WA0149201539
B1521211853133S04153119WA0149101541
B1521251853133S04153136WA0149301542
B1521291853125S04153146WA0149301542
B1521331853111S04153142WA0148601543
B1521371853109S04153127WA0149101544
B1521411853122S04153110WA0149201545
B1521451853144S04153097WA0148901539
B1521491853167S04153084WA0149201538
B1521531853190S04153085WA0148301536
B1521571853191S04153100WA0148201533
B1522011853173S04153102WA0147701535
B1522051853156S04153108WA0148101541
B1522091853138S04153118WA0148201545
B1522131853122S04153128WA0148401548
B1522171853102S04153133WA0148701550
B1522211853084S04153131WA0149401553
B1522251853070S04153123WA0150001555
B1522291853050S04153112WA0150601557
B1522331853034S04153092WA0151201559
B1522371853017S04153075WA0151401562
B1522411852998S04153062WA0152001570
B1522451852982S04153053WA0152801578
B1522491852967S04153043WA0152501583
B1522531852957S04153026WA0151601583
B1522571852970S04153015WA0151401584
B1523011852988S04153020WA0151001587
B1523051853000S04153032WA0150301586
B1523091852998S04153045WA0150701584
B1523131852986S04153056WA0149901580
B1523171852974S04153049WA0149601578
B1523211852976S04153036WA0148601573
B1523251852991S04153031WA0148801566
B1523291853014S04153035WA0148501561
B1523331853032S04153047WA0149201559
B1523371853051S04153062WA0149601559
B1523411853056S04153079WA0149801560
B1523451853050S04153099WA0149901558
B1523491853042S04153100WA0150201554
B1523531853030S04153096WA0150401553
B1523571853024S04153086WA0149901550
B1524011853025S04153066WA0149401547
B1524051853045S04153056WA0149301547
B1524091853073S04153050WA0149401550
B1524131853098S04153050WA0149601554
B1524171853118S04153063WA0149901556
B1524211853115S04153081WA0149901557
B1524251853099S04153087WA0149301555
B1524291853083S04153093WA0149401556
B1524331853066S04153097WA0149401558
B1524371853047S04153099WA0149501561
B1524411853030S04153103WA0149401563
B1524451853014S04153093WA0148801558
B1524491852996S04153086WA0147901555
B1524531852974S04153088WA0147001553
B1524571852954S04153097WA0145901550
B1525011852938S04153107WA0145901546
B1525051852920S04153116WA0146001543
B1525091852905S04153128WA0146201541
B1525131852888S04153134WA0146301538
B1525171852882S04153114WA0146201532
B1525211852894S04153101WA0146601528
B1525251852910S04153096WA0146001524
B1525291852916S04153110WA0146101519
B1525331852906S04153128WA0146101515
B1525371852893S04153146WA0146001512
B1525411852877S04153159WA0145901508
B1525451852858S04153165WA0145301508
B1525491852839S04153161WA0145501509
B1525531852824S04153146WA0144401506
B1525571852809S04153134WA0144001503
B1526011852795S04153118WA0143301499
B1526051852776S04153107WA0142701495
B1526091852761S04153092WA0142001492
B1526131852750S04153074WA0141601488
B1526171852739S04153054WA0141001483
B1526211852729S04153033WA0140501478
B1526251852719S04153010WA0139701472
B1526291852712S04152989WA0139101466
B1526331852705S04152966WA0138901461
B1526371852699S04152942WA0138101455
B1526411852690S04152919WA0137801451
B1526451852681S04152895WA0137301446
B1526491852673S04152871WA0137101441
B1526531852668S04152846WA0136601437
B1526571852665S04152820WA0136301433
B1527011852660S04152796WA0135801426
B1527051852656S04152771WA0135101416
B1527091852652S04152748WA0134701409
B1527131852647S04152723WA0133901402
B1527171852638S04152696WA0133001395
B1527211852631S04152671WA0132801395
B1527251852624S04152642WA0131601388
B1527291852617S04152616WA0131001383
B1527331852610S04152586WA0130201374
B1527371852602S04152555WA0130101374
B1527411852591S04152530WA0129801369
B1527451852576S04152509WA0129901365
B1527491852562S04152486WA0129801364
B1527531852549S04152468WA0130501367
B1527571852539S04152446WA0130901370
B1528011852540S04152424WA0130401367
B1528051852550S04152415WA0130701364
B1528091852561S04152425WA0131001360
B1528131852564S04152449WA0130901364
B1528171852552S04152451WA0131201364
B1528211852547S04152443WA0130701355
B1528251852561S04152429WA0131301345
B1528291852587S04152419WA0130901341
B1528331852613S04152427WA0131101348
B1528371852621S04152450WA0131001356
B1528411852617S04152468WA0131601357
B1528451852604S04152476WA0131201356
B1528491852595S04152468WA0131201355
B1528531852606S04152464WA0131501343
B1528571852618S04152460WA0131401335
B1529011852622S04152463WA0131701325
B1529051852615S04152476WA0131101320
B1529091852607S04152491WA0131301320
B1529131852597S04152508WA0131001324
B1529171852585S04152524WA0130601333
B1529211852571S04152538WA0129801335
B1529251852558S04152550WA0129401338
B1529291852547S04152563WA0128601337
B1529331852540S04152578WA0128901337
B1529371852535S04152595WA0128501336
B1529411852525S04152610WA0128201336
B1529451852515S04152627WA0127701335
B1529491852504S04152642WA0127601334
B1529531852496S04152658WA0127001330
B1529571852490S04152677WA0126301327
B1530011852486S04152697WA0125801323
B1530051852481S04152717WA0125101318
B1530091852479S04152738WA0124701313
B1530131852477S04152758WA0124201311
B1530171852473S04152775WA0124001306
B1530211852463S04152791WA0123401303
B1530251852451S04152805WA0123001299
B1530291852435S04152813WA0122501294
B1530331852419S04152819WA0121801287
B1530371852400S04152828WA0120701279
B1530411852380S04152838WA0120301271
B1530451852361S04152846WA0119601265
B1530491852339S04152852WA0118901258
B1530531852316S04152854WA0118501253
B1530571852296S04152854WA0118601249
B1531011852275S04152854WA0118301246
B1531051852255S04152865WA0118001243
B1531091852242S04152883WA0118401242
B1531131852232S04152907WA0119201244
B1531171852225S04152927WA0119901245
B1531211852211S04152933WA0120101247
B1531251852209S04152919WA0120501247
B1531291852218S04152903WA0120201249
B1531331852232S04152901WA0120901254
B1531371852246S04152908WA0121301259
B1531411852258S04152930WA0121201266
B1531451852252S04152946WA0121801267
B1531491852242S04152942WA0122001267
B1531531852250S04152927WA0121901267
B1531571852272S04152931WA0122301270
B1532011852289S04152948WA0123201274
B1532051852297S04152977WA0123501277
B1532091852300S04153008WA0123801282
B1532131852300S04153038WA0124401286
B1532171852301S04153068WA0124701291
B1532211852306S04153096WA0125301297
B1532251852312S04153122WA0125601300
B1532291852317S04153147WA0126001303
B1532331852323S04153171WA0126601309
B1532371852325S04153192WA0127301314
B1532411852315S04153193WA0128001317
B1532451852309S04153173WA0128801323
B1532491852316S04153159WA0129001328
B1532531852331S04153160WA0129601329
B1532571852343S04153172WA0130001331
B1533011852343S04153188WA0130501332
B1533051852339S04153201WA0132101336
B1533091852326S04153200WA0132901343
B1533131852321S04153182WA0134201350
B1533171852332S04153163WA0134701358
B1533211852349S04153157WA0135101363
B1533251852368S04153164WA0135501370
B1533291852381S04153187WA0135601384
B1533331852384S04153203WA0137201397
B1533371852377S04153218WA0138501406
B1533411852367S04153212WA0140201419
B1533451852352S04153205WA0141501436
B1533491852335S04153197WA0142901454
B1533531852324S04153178WA0144101464
B1533571852331S04153157WA0144901472
B1534011852351S04153148WA0145901480
B1534051852373S04153148WA0146101488
B1534091852390S04153163WA0146601497
B1534131852407S04153178WA0147101508
B1534171852411S04153197WA0147801517
B1534211852405S04153208WA0148601527
B1534251852397S04153195WA0149201539
B1534291852405S04153171WA0149901548
B1534331852422S04153151WA0150601556
B1534371852444S04153139WA0150901566
B1534411852464S04153153WA0151401574
B1534451852470S04153169WA0152301585
B1534491852470S04153188WA0153301593
B1534531852460S04153203WA0153701602
B1534571852447S04153213WA0154701611
B1535011852433S04153204WA0155401617
B1535051852429S04153185WA0155401622
B1535091852433S04153163WA0156601629
B1535131852452S04153144WA0156701631
B1535171852472S04153137WA0156901636
B1535211852490S04153148WA0157201642
B1535251852512S04153162WA0157301649
B1535291852535S04153158WA0158101659
B1535331852554S04153142WA0158301666
B1535371852561S04153119WA0158501672
B1535411852561S04153093WA0158401678
B1535451852561S04153066WA0158801684
B1535491852560S04153041WA0159101687
B1535531852558S04153014WA0158801689
B1535571852555S04152987WA0158601689
B1536011852541S04152964WA0158201690
B1536051852523S04152945WA0158201691
B1536091852508S04152922WA0158401693
B1536131852500S04152892WA0158001693
B1536171852510S04152870WA0157101692
B1536211852525S04152867WA0156801689
B1536251852540S04152880WA0156401683
B1536291852543S04152894WA0156001679
B1536331852533S04152915WA0155601676
B1536371852520S04152936WA0155201675
B1536411852504S04152950WA0155201673
B1536451852487S04152949WA0154801670
B1536491852488S04152929WA0154601665
B1536531852508S04152920WA0154401658
B1536571852532S04152913WA0154101651
B1537011852554S04152908WA0153901647
B1537051852578S04152909WA0153301643
B1537091852603S04152912WA0153301639
B1537131852628S04152907WA0152901635
B1537171852649S04152897WA0153401632
B1537211852674S04152883WA0153301630
B1537251852694S04152876WA0153701629
B1537291852714S04152883WA0153601626
B1537331852725S04152900WA0153501623
B1537371852720S04152919WA0154001624
B1537411852706S04152920WA0154101622
B1537451852686S04152909WA0153901620
B1537491852672S04152889WA0153701618
B1537531852664S04152867WA0154101616
B1537571852674S04152849WA0153301614
B1538011852693S04152849WA0153401614
B1538051852713S04152855WA0153401611
B1538091852730S04152873WA0153201607
B1538131852740S04152894WA0153001604
B1538171852750S04152916WA0153101602
B1538211852757S04152936WA0153001599
B1538251852754S04152959WA0152401595
B1538291852746S04152977WA0152301593
B1538331852743S04153004WA0151701591
B1538371852749S04153031WA0152101592
B1538411852756S04153058WA0152101591
B1538451852759S04153080WA0152501591
B1538491852758S04153103WA0152701591
B1538531852759S04153125WA0152701594
B1538571852762S04153145WA0153401597
B1539011852757S04153161WA0154201601
B1539051852740S04153166WA0154501605
B1539091852721S04153158WA0154101605
B1539131852701S04153145WA0154401609
B1539171852683S04153132WA0154301610
B1539211852662S04153120WA0154601611
B1539251852641S04153106WA0154501612
B1539291852622S04153089WA0155001613
B1539331852616S04153067WA0154801613
B1539371852630S04153051WA0155601610
B1539411852651S04153039WA0155001608
B1539451852671S04153043WA0155401609
B1539491852689S04153052WA0155401612
B1539531852698S04153069WA0155801614
B1539571852686S04153082WA0156001613
B1540011852669S04153075WA0156301613
B1540051852669S04153050WA0156301612
B1540091852683S04153037WA0156901614
B1540131852697S04153042WA0157101618
B1540171852693S04153054WA0157601622
B1540211852680S04153053WA0157001622
B1540251852678S04153035WA0157601620
B1540291852694S04153026WA0157801615
B1540331852716S04153026WA0157801617
B1540371852735S04153043WA0158201622
B1540411852745S04153058WA0158401628
B1540451852752S04153076WA0158601632
B1540491852756S04153094WA0158701638
B1540531852763S04153112WA0159501645
B1540571852776S04153131WA0159701649
B1541011852787S04153150WA0160101651
B1541051852785S04153170WA0160201656
B1541091852780S04153191WA0160301663
B1541131852770S04153200WA0161101669
B1541171852755S04153185WA0161301674
B1541211852750S04153161WA0162001677
B1541251852755S04153140WA0163001684
B1541291852769S04153132WA0162801688
B1541331852776S04153144WA0163201691
B1541371852770S04153161WA0163501694
B1541411852758S04153173WA0164401698
B1541451852738S04153176WA0164201701
B1541491852723S04153163WA0164301700
B1541531852719S04153138WA0163801699
B1541571852715S04153112WA0163701704
B1542011852714S04153084WA0162701705
B1542051852714S04153055WA0162701706
B1542091852711S04153029WA0162601705
B1542131852705S04153000WA0162201704
B1542171852706S04152972WA0162401703
B1542211852719S04152951WA0162201701
B1542251852742S04152936WA0162101700
B1542291852764S04152922WA0162201700
B1542331852789S04152913WA0161901701
B1542371852814S04152905WA0161501701
B1542411852840S04152902WA0161301701
B1542451852864S04152905WA0161201701
B1542491852877S04152924WA0160701700
B1542531852877S04152944WA0161001700
B1542571852870S04152963WA0160201697
B1543011852865S04152986WA0160101694
B1543051852861S04153005WA0160501693
B1543091852861S04153027WA0160001691
B1543131852863S04153050WA0160101691
B1543171852859S04153071WA0159701689
B1543211852847S04153091WA0159801689
B1543251852835S04153104WA0160001691
B1543291852818S04153099WA0159401688
B1543331852813S04153081WA0159901689
B1543371852810S04153057WA0160001689
B1543411852816S04153034WA0160301687
B1543451852835S04153017WA0160301684
B1543491852858S04153012WA0160201682
B1543531852880S04153023WA0160301679
B1543571852888S04153041WA0160201680
B1544011852876S04153057WA0159801677
B1544051852861S04153061WA0159701676
B1544091852851S04153045WA0159801674
B1544131852845S04153019WA0159901673
B1544171852840S04152992WA0159801673
B1544211852834S04152966WA0159401673
B1544251852827S04152938WA0158501671
B1544291852816S04152912WA0157901669
B1544331852802S04152888WA0157301664
B1544371852789S04152870WA0156901662
B1544411852772S04152851WA0156201660
B1544451852757S04152831WA0156101660
B1544491852739S04152808WA0156001659
B1544531852728S04152788WA0156501660
B1544571852719S04152765WA0155901657
B1545011852711S04152741WA0155901655
B1545051852703S04152718WA0155501653
B1545091852691S04152700WA0155001651
B1545131852675S04152681WA0154001647
B1545171852662S04152662WA0154801646
B1545211852654S04152639WA0154601644
B1545251852642S04152615WA0155101644
B1545291852624S04152589WA0155301643
B1545331852607S04152562WA0156201647
B1545371852592S04152533WA0156301649
B1545411852584S04152504WA0156301649
B1545451852572S04152478WA0157701660
B1545491852570S04152455WA0158401669
B1545531852561S04152426WA0158901680
B1545571852553S04152400WA0159301682
B1546011852546S04152372WA0160201690
B1546051852544S04152348WA0160301695
B1546091852532S04152316WA0159101689
B1546131852515S04152284WA0158701688
B1546171852498S04152258WA0158801684
B1546211852480S04152229WA0157001669
B1546251852459S04152200WA0156601661
B1546291852451S04152176WA0157401664
B1546331852439S04152145WA0156301655
B1546371852423S04152112WA0155401649
B1546411852404S04152082WA0154901646
B1546451852382S04152056WA0154001639
B1546491852363S04152030WA0153701633
B1546531852342S04152002WA0152801626
B1546571852323S04151974WA0152601620
B1547011852306S04151947WA0151701616
B1547051852281S04151924WA0151101611
B1547091852254S04151901WA0150101600
B1547131852227S04151876WA0149401590
B1547171852201S04151851WA0148401579
B1547211852176S04151825WA0147601572
B1547251852154S04151799WA0147001564
B1547291852132S04151770WA0145801555
B1547331852107S04151744WA0144801547
B1547371852083S04151718WA0143901538
B1547411852057S04151695WA0143101529
B1547451852033S04151671WA0142501521
B1547491852007S04151649WA0141801514
B1547531851983S04151625WA0141201507
B1547571851958S04151598WA0140301499
B1548011851937S04151573WA0140401491
B1548051851917S04151547WA0139501481
B1548091851893S04151522WA0139001472
B1548131851871S04151496WA0138501462
B1548171851848S04151472WA0138001454
B1548211851824S04151448WA0137001445
B1548251851803S04151424WA0137001438
B1548291851780S04151400WA0135801431
B1548331851753S04151376WA0135101424
B1548371851728S04151351WA0134501417
B1548411851702S04151326WA0133801409
B1548451851681S04151298WA0133301402
B1548491851663S04151267WA0132701395
B1548531851648S04151236WA0131901388
B1548571851639S04151205WA0131501382
B1549011851626S04151174WA0129901375
B1549051851613S04151144WA0129501370
B1549091851601S04151114WA0128401364
B1549131851590S04151086WA0127501357
B1549171851580S04151057WA0126501347
B1549211851566S04151032WA0125401336
B1549251851555S04151000WA0124101327
B1549291851546S04150972WA0123701320
B1549331851537S04150942WA0122801311
B1549371851524S04150914WA0122301303
B1549411851508S04150886WA0121601294
B1549451851495S04150859WA0121501293
B1549491851486S04150835WA0121301290
B1549531851477S04150809WA0121401294
B1549571851467S04150785WA0121301297
B1550011851463S04150765WA0122401300
B1550051851463S04150746WA0122701304
B1550091851460S04150725WA0122401302
B1550131851453S04150695WA0122401301
B1550171851449S04150668WA0123201301
B1550211851444S04150641WA0122901299
B1550251851435S04150614WA0123001299
B1550291851424S04150592WA0123501300
B1550331851411S04150573WA0123801302
B1550371851400S04150557WA0124801304
B1550411851390S04150542WA0125701307
B1550451851376S04150532WA0126901312
B1550491851362S04150518WA0127601317
B1550531851365S04150502WA0128301318
B1550571851383S04150495WA0128901319
B1551011851400S04150503WA0129201320
B1551051851408S04150522WA0130001325
B1551091851402S04150538WA0130601332
B1551131851384S04150536WA0131001340
B1551171851375S04150525WA0131501344
B1551211851365S04150510WA0131801350
B1551251851358S04150491WA0131801356
B1551291851359S04150466WA0132101362
B1551331851360S04150441WA0132201367
B1551371851359S04150415WA0132501372
B1551411851361S04150388WA0132301375
B1551451851363S04150361WA0132201378
B1551491851368S04150333WA0132001381
B1551531851377S04150304WA0131501382
B1551571851375S04150271WA0130901382
B1552011851368S04150239WA0130901383
B1552051851358S04150208WA0130501382
B1552091851348S04150180WA0130701385
B1552131851338S04150152WA0130701387
B1552171851326S04150127WA0130501387
B1552211851315S04150104WA0129801385
B1552251851303S04150074WA0129001384
B1552291851289S04150048WA0128701382
B1552331851274S04150021WA0127501380
B1552371851256S04149994WA0126801379
B1552411851239S04149967WA0125901377
B1552451851222S04149939WA0125001373
B1552491851202S04149913WA0124001368
B1552531851181S04149886WA0123101362
B1552571851160S04149865WA0122501355
B1553011851140S04149842WA0121901347
B1553051851118S04149820WA0121801339
B1553091851095S04149799WA0121001332
B1553131851073S04149776WA0120201323
B1553171851049S04149753WA0119201316
B1553211851026S04149733WA0118401307
B1553251851003S04149715WA0117201296
B1553291850978S04149698WA0115801282
B1553331850955S04149682WA0114701269
B1553371850938S04149666WA0114501259
B1553411850924S04149645WA0113501246
B1553451850913S04149626WA0114101239
B1553491850907S04149605WA0114401232
B1553531850903S04149581WA0114501226
B1553571850900S04149559WA0115201223
B1554011850893S04149535WA0115901220
B1554051850886S04149516WA0117201220
B1554091850890S04149503WA0118001218
B1554131850910S04149502WA0118301215
B1554171850918S04149514WA0119501213
B1554211850919S04149537WA0120501210
B1554251850909S04149549WA0121601209
B1554291850893S04149547WA0122201208
B1554331850883S04149540WA0123101209
B1554371850886S04149521WA0123901210
B1554411850906S04149514WA0124401210
B1554451850930S04149517WA0125101212
B1554491850947S04149536WA0125501221
B1554531850950S04149561WA0126501232
B1554571850947S04149580WA0127401239
B1555011850937S04149594WA0128301247
B1555051850921S04149592WA0129801260
B1555091850912S04149576WA0130901276
B1555131850899S04149553WA0131401294
B1555171850889S04149524WA0132001312
B1555211850881S04149501WA0133001326
B1555251850871S04149476WA0133401338
B1555291850858S04149447WA0133001349
B1555331850839S04149418WA0132801359
B1555371850825S04149395WA0133801369
B1555411850816S04149372WA0133401378
B1555451850796S04149342WA0132401385
B1555491850777S04149314WA0132001391
B1555531850760S04149286WA0131501396
B1555571850739S04149259WA0130901402
B1556011850724S04149236WA0131401406
B1556051850706S04149212WA0130601409
B1556091850688S04149187WA0130301410
B1556131850670S04149163WA0130301412
B1556171850652S04149141WA0130001411
B1556211850633S04149115WA0128801410
B1556251850614S04149089WA0128301411
B1556291850594S04149062WA0127401411
B1556331850576S04149036WA0126701409
B1556371850558S04149007WA0125901407
B1556411850538S04148983WA0125601405
B1556451850515S04148959WA0125001403
B1556491850491S04148934WA0124101399
B1556531850469S04148911WA0124201396
B1556571850450S04148887WA0123601389
B1557011850429S04148864WA0122901382
B1557051850408S04148841WA0122401373
B1557091850388S04148818WA0121901363
B1557131850367S04148794WA0121201353
B1557171850346S04148769WA0120601343
B1557211850323S04148747WA0119801332
B1557251850299S04148727WA0119301322
B1557291850277S04148706WA0118601312
B1557331850256S04148686WA0117801301
B1557371850237S04148667WA0117701292
B1557411850219S04148648WA0117001284
B1557451850200S04148627WA0116501275
B1557491850182S04148607WA0115901266
B1557531850165S04148584WA0114801259
B1557571850150S04148564WA0114301252
B1558011850138S04148548WA0114301244
B1558051850123S04148529WA0113901237
B1558091850107S04148508WA0113701231
B1558131850089S04148486WA0113501226
B1558171850074S04148462WA0113601222
B1558211850058S04148439WA0113301216
B1558251850040S04148417WA0112301211
B1558291850022S04148394WA0111701205
B1558331850002S04148374WA0111201198
B1558371849984S04148356WA0111401193
B1558411849966S04148336WA0111401188
B1558451849947S04148316WA0111201183
B1558491849929S04148294WA0111801182
B1558531849912S04148276WA0111901179
B1558571849893S04148256WA0111501176
B1559011849876S04148235WA0112101175
B1559051849860S04148215WA0112501177
B1559091849842S04148191WA0112301175
B1559131849827S04148167WA0112301174
B1559171849811S04148142WA0112101173
B1559211849793S04148118WA0111201170
B1559251849777S04148090WA0110501169
B1559291849760S04148061WA0110201166
B1559331849743S04148031WA0109301161
B1559371849727S04148001WA0109301159
B1559411849718S04147975WA0109501157
B1559451849706S04147947WA0108801153
B1559491849693S04147916WA0108001147
B1559531849679S04147884WA0107301142
B1559571849667S04147853WA0106601137
B1600011849656S04147822WA0105801132
B1600051849641S04147792WA0104601125
B1600091849629S04147765WA0103901118
B1600131849618S04147735WA0102901111
B1600171849606S04147704WA0102501105
B1600211849594S04147672WA0101801099
B1600251849580S04147643WA0101401094
B1600291849567S04147613WA0100601088
B1600331849555S04147582WA0099801082
B1600371849548S04147560WA0100301078
B1600411849541S04147537WA0098501071
B1600451849529S04147505WA0097001064
B1600491849517S04147475WA0096301056
B1600531849505S04147447WA0095301048
B1600571849494S04147423WA0094801039
B1601011849479S04147396WA0093001027
B1601051849466S04147369WA0092501020
B1601091849451S04147341WA0090901008
B1601131849437S04147314WA0090500998
B1601171849425S04147290WA0089800987
B1601211849411S04147263WA0088600974
B1601251849399S04147235WA0087700963
B1601291849387S04147207WA0086900952
B1601331849374S04147176WA0085700941
B1601371849364S04147147WA0085400931
B1601411849354S04147119WA0084700921
B1601451849343S04147090WA0084100911
B1601491849331S04147062WA0083600902
B1601531849321S04147033WA0083200894
B1601571849307S04147007WA0082600887
B1602011849291S04146979WA0082000879
B1602051849274S04146954WA0081600872
B1602091849261S04146929WA0081800865
B1602131849251S04146905WA0081200858
B1602171849237S04146879WA0080800851
B1602211849227S04146853WA0081000846
B1602251849214S04146824WA0080000839
B1602291849201S04146801WA0080000833
B1602331849188S04146776WA0079200828
B1602371849175S04146747WA0078100819
B1602411849161S04146720WA0077600812
B1602451849147S04146694WA0077000806
B1602491849132S04146667WA0076500801
B1602531849123S04146643WA0076700799
B1602571849110S04146616WA0075000791
B1603011849098S04146588WA0075000789
B1603051849089S04146559WA0073800783
B1603091849082S04146526WA0072800775
B1603131849072S04146498WA0072000768
B1603171849056S04146467WA0070300759
B1603211849040S04146437WA0070000751
B1603251849024S04146407WA0069100743
B1603291849008S04146376WA0068400736
B1603331848992S04146348WA0067900728
B1603371848978S04146320WA0067300721
B1603411848962S04146293WA0066400713
B1603451848946S04146267WA0065400706
B1603491848930S04146242WA0064600697
B1603531848917S04146220WA0064400691
B1603571848906S04146198WA0064600685
B1604011848894S04146177WA0063500682
B1604051848878S04146152WA0063000676
B1604091848863S04146131WA0063800673
B1604131848850S04146110WA0064700672
B1604171848840S04146092WA0065800673
B1604211848828S04146078WA0067100674
B1604251848812S04146071WA0068000675
B1604291848797S04146078WA0068800676
B1604331848787S04146092WA0070400677
B1604371848787S04146109WA0071400680
B1604411848803S04146121WA0071900681
B1604451848823S04146109WA0073000683
B1604491848835S04146093WA0074100684
B1604531848832S04146075WA0074600685
B1604571848818S04146063WA0075200689
B1605011848805S04146050WA0076300698
B1605051848787S04146040WA0077400703
B1605091848771S04146041WA0078800713
B1605131848763S04146051WA0079600721
B1605171848770S04146058WA0080700728
B1605211848786S04146051WA0082000732
B1605251848783S04146036WA0083400737
B1605291848773S04146026WA0085000743
B1605331848762S04146029WA0086200758
B1605371848765S04146049WA0087500776
B1605411848786S04146052WA0088700792
B1605451848797S04146039WA0090200803
B1605491848792S04146017WA0091200818
B1605531848780S04146009WA0092900842
B1605571848764S04146007WA0093900857
B1606011848748S04146015WA0095900877
B1606051848731S04146014WA0097300893
B1606091848717S04146000WA0098900912
B1606131848708S04145975WA0099200931
B1606171848697S04145947WA0099900950
B1606211848693S04145921WA0101300971
B1606251848691S04145894WA0101800988
B1606291848694S04145865WA0102601003
B1606331848692S04145834WA0103501017
B1606371848678S04145822WA0105201033
B1606411848667S04145828WA0106501051
B1606451848667S04145847WA0107301067
B1606491848688S04145852WA0108701081
B1606531848708S04145839WA0109601093
B1606571848710S04145813WA0111101110
B1607011848700S04145788WA0112401125
B1607051848684S04145777WA0113601140
B1607091848669S04145778WA0115001156
B1607131848663S04145793WA0116401174
B1607171848672S04145811WA0117401193
B1607211848685S04145827WA0118901210
B1607251848700S04145835WA0119801223
B1607291848710S04145816WA0120801236
B1607331848703S04145793WA0121501249
B1607371848690S04145774WA0122701264
B1607411848672S04145762WA0124001279
B1607451848658S04145748WA0124601294
B1607491848638S04145745WA0124401306
B1607531848629S04145758WA0124601317
B1607571848632S04145778WA0124201336
B1608011848651S04145791WA0124501348
B1608051848668S04145805WA0125501361
B1608091848692S04145812WA0125901371
B1608131848717S04145818WA0126501379
B1608171848743S04145823WA0127301384
B1608211848762S04145808WA0128201389
B1608251848761S04145783WA0129401397
B1608291848744S04145772WA0130601404
B1608331848731S04145782WA0131801412
B1608371848739S04145798WA0132101424
B1608411848752S04145795WA0133101436
B1608451848752S04145777WA0134401451
B1608491848741S04145758WA0135701461
B1608531848723S04145745WA0136901472
B1608571848703S04145728WA0137401482
B1609011848686S04145711WA0138101490
B1609051848670S04145689WA0137501493
B1609091848652S04145665WA0137301498
B1609131848637S04145641WA0137601503
B1609171848622S04145613WA0137101505
B1609211848614S04145586WA0137901510
B1609251848608S04145563WA0138601513
B1609291848597S04145540WA0138501516
B1609331848596S04145516WA0139601523
B1609371848593S04145493WA0139301524
B1609411848579S04145467WA0138501525
B1609451848566S04145441WA0138101528
B1609491848550S04145413WA0137301524
B1609531848532S04145387WA0136901520
B1609571848510S04145364WA0136801518
B1610011848493S04145342WA0138101519
B1610051848477S04145319WA0138701518
B1610091848462S04145295WA0139101519
B1610131848448S04145265WA0138801518
B1610171848436S04145235WA0139101518
B1610211848427S04145208WA0138801517
B1610251848414S04145177WA0137401512
B1610291848401S04145149WA0137501508
B1610331848393S04145125WA0137701505
B1610371848382S04145093WA0136601501
B1610411848367S04145059WA0135701498
B1610451848349S04145026WA0134501492
B1610491848331S04144992WA0133301487
B1610531848314S04144957WA0132401484
B1610571848297S04144923WA0131301478
B1611011848280S04144889WA0130501471
B1611051848265S04144864WA0130501464
B1611091848251S04144840WA0129501457
B1611131848234S04144815WA0128701448
B1611171848217S04144790WA0128301441
B1611211848199S04144764WA0127701434
B1611251848179S04144738WA0127001426
B1611291848159S04144715WA0126201417
B1611331848137S04144691WA0125501407
B1611371848121S04144668WA0125101398
B1611411848102S04144646WA0124301386
B1611451848085S04144625WA0123701375
B1611491848069S04144600WA0123201365
B1611531848056S04144574WA0122601355
B1611571848042S04144543WA0121701346
B1612011848030S04144516WA0121101338
B1612051848016S04144489WA0120701331
B1612091848003S04144464WA0119801324
B1612131847990S04144434WA0118601311
B1612171847977S04144407WA0117801300
B1612211847964S04144379WA0116401285
B1612251847949S04144354WA0115201268
B1612291847928S04144332WA0113501250
B1612331847909S04144308WA0112301237
B1612371847890S04144284WA0111101223
B1612411847873S04144260WA0110301211
B1612451847856S04144235WA0109701197
B1612491847843S04144215WA0110201183
B1612531847831S04144193WA0109401170
B1612571847816S04144170WA0108701159
B1613011847803S04144143WA0107801149
B1613051847786S04144121WA0107401139
B1613091847773S04144099WA0106601129
B1613131847755S04144073WA0105401120
B1613171847739S04144045WA0104501112
B1613211847721S04144018WA0104201104
B1613251847704S04143999WA0104401098
B1613291847687S04143977WA0104101094
B1613331847678S04143956WA0103901090
B1613371847660S04143936WA0102501083
B1613411847639S04143917WA0101701075
B1613451847617S04143901WA0101301068
B1613491847600S04143878WA0100701061
B1613531847588S04143855WA0100801056
B1613571847590S04143823WA0099901050
B1614011847614S04143797WA0100101041
B1614051847645S04143779WA0099501030
B1614091847682S04143765WA0099501022
B1614131847715S04143759WA0099101015
B1614171847751S04143754WA0097901008
B1614211847786S04143744WA0097101000
B1614251847819S04143737WA0096100993
B1614291847850S04143723WA0095100985
B1614331847883S04143712WA0093500977
B1614371847918S04143708WA0092500969
B1614411847948S04143709WA0092600962
B1614451847974S04143719WA0093000955
B1614491847997S04143728WA0093900955
B1614531848025S04143736WA0094700955
B1614571848050S04143742WA0096300955
B1615011848064S04143759WA0096700955
B1615051848057S04143781WA0097800956
B1615091848035S04143790WA0098600960
B1615131848018S04143805WA0100200968
B1615171848001S04143804WA0100800976
B1615211847995S04143786WA0101500981
B1615251848004S04143762WA0101400981
B1615291848016S04143748WA0102200983
B1615331848027S04143741WA0103500986
B1615371848034S04143742WV0103800000
B1615411848022S04143746WA0105500995
B1615451848003S04143733WA0104701002
B1615491847999S04143716WA0105101004
B1615531848005S04143702WA0104801006
B1615571848020S04143701WA0105701009
B1616011848045S04143705WA0106001012
B1616051848058S04143722WA0107901015
B1616091848071S04143736WA0108301018
B1616131848077S04143760WA0108901021
B1616171848067S04143771WA0109901025
B1616211848044S04143768WA0110701035
B1616251848037S04143745WA0111301047
B1616291848040S04143727WA0111701055
B1616331848054S04143710WA0111401062
B1616371848056S04143697WA0113001069
B1616411848064S04143681WA0112401075
B1616451848082S04143672WA0112801080
B1616491848104S04143668WA0113201085
B1616531848126S04143659WA0114501090
B1616571848146S04143646WA0115201097
B1617011848168S04143630WA0115901105
B1617051848187S04143615WA0116001132
B1617091848212S04143612WA0116701148
B1617131848242S04143613WA0116501161
B1617171848269S04143611WA0116801175
B1617211848296S04143610WA0115801181
B1617251848325S04143609WA0114801184
B1617291848357S04143608WA0114401188
B1617331848391S04143609WA0114001192
B1617371848421S04143604WA0114401198
B1617411848450S04143593WA0114301203
B1617451848470S04143575WA0114701210
B1617491848490S04143558WA0114801212
B1617531848513S04143543WA0115101214
B1617571848538S04143534WA0116101218
B1618011848560S04143526WA0117401223
B1618051848584S04143516WA0118601233
B1618091848604S04143510WA0119001237
B1618131848627S04143501WA0118901241
B1618171848651S04143486WA0119001243
B1618211848670S04143472WA0119101248
B1618251848692S04143459WA0119301250
B1618291848717S04143452WA0119001254
B1618331848745S04143445WA0118501255
B1618371848772S04143439WA0118501257
B1618411848801S04143432WA0117701259
B1618451848830S04143422WA0117501259
B1618491848856S04143414WA0117001259
B1618531848886S04143409WA0116101257
B1618571848918S04143402WA0115701258
B1619011848950S04143393WA0115101257
B1619051848982S04143384WA0114601255
B1619091849012S04143376WA0114201249
B1619131849043S04143368WA0113601245
B1619171849076S04143357WA0112801241
B1619211849109S04143349WA0112001235
B1619251849140S04143343WA0111401229
B1619291849173S04143338WA0110501222
B1619331849207S04143330WA0109601214
B1619371849240S04143313WA0108401204
B1619411849267S04143300WA0108501196
B1619451849295S04143293WA0107601185
B1619491849321S04143283WA0107401175
B1619531849347S04143269WA0107301168
B1619571849372S04143255WA0107101162
B1620011849394S04143241WA0107201157
B1620051849416S04143230WA0107201151
B1620091849442S04143227WA0106801147
B1620131849475S04143227WA0106101142
B1620171849508S04143228WA0106501140
B1620211849539S04143227WA0106601137
B1620251849570S04143227WA0106501131
B1620291849603S04143227WA0106101128
B1620331849637S04143230WA0105201122
B1620371849672S04143229WA0104101116
B1620411849708S04143226WA0104001110
B1620451849739S04143222WA0103701103
B1620491849772S04143218WA0103401096
B1620531849804S04143210WA0103001090
B1620571849839S04143202WA0101801080
B1621011849871S04143198WA0101401073
B1621051849904S04143192WA0100401064
B1621091849934S04143191WA0100601059
B1621131849965S04143184WA0100201052
B1621171849998S04143182WA0099801047
B1621211850029S04143179WA0099501041
B1621251850064S04143179WA0099001034
B1621291850100S04143179WA0098101027
B1621331850133S04143177WA0098001021
B1621371850166S04143177WA0097101014
B1621411850201S04143179WA0096501008
B1621451850232S04143175WA0096101005
B1621491850264S04143177WA0095200999
B1621531850296S04143169WA0094300993
B1621571850327S04143166WA0093500987
B1622011850358S04143164WA0092300978
B1622051850392S04143149WA0090800966
B1622091850425S04143144WA0089500951
B1622131850459S04143146WA0088500939
B1622171850492S04143150WA0087100923
B1622211850528S04143150WA0085900911
B1622251850561S04143151WA0085100897
B1622291850596S04143149WA0083700884
B1622331850629S04143146WA0082800870
B1622371850664S04143142WA0081400854
B1622411850698S04143139WA0080700847
B1622451850730S04143136WA0079800839
B1622491850765S04143131WA0079200826
B1622531850800S04143125WA0078200818
B1622571850835S04143121WA0077500805
B1623011850871S04143114WA0076900796
B1623051850878S04143086WA0076600796
B1623091850875S04143060WA0076500791
B1623131850870S04143032WA0075200781
B1623171850859S04142999WA0074300776
B1623211850845S04142967WA0073500766
B1623251850835S04142933WA0072300758
B1623291850824S04142901WA0071400751
B1623331850812S04142871WA0070200742
B1623371850796S04142841WA0068800733
B1623411850780S04142811WA0067900722
B1623451850764S04142784WA0067100712
B1623491850747S04142755WA0066100703
B1623531850729S04142727WA0065500695
B1623571850710S04142698WA0064400685
B1624011850690S04142669WA0063500675
B1624051850670S04142641WA0062500664
B1624091850647S04142616WA0061300652
B1624131850619S04142595WA0060100641
B1624171850590S04142576WA0059100630
B1624211850562S04142557WA0058000619
B1624251850535S04142534WA0056900608
B1624291850510S04142512WA0055700597
B1624331850493S04142496WA0055800586
B1624371850475S04142477WA0054600572
B1624411850456S04142461WA0054300562
B1624451850435S04142442WA0053300552
B1624491850414S04142425WA0052700544
B1624531850393S04142410WA0051900536
B1624571850374S04142394WA0051400529
B1625011850353S04142377WA0050800521
B1625051850331S04142363WA0051300514
B1625091850311S04142352WA0051300509
B1625131850288S04142345WA0051200503
B1625171850265S04142338WA0050900498
B1625211850244S04142339WA0050700493
B1625251850222S04142342WA0050200488
B1625291850200S04142348WA0050200485
B1625331850188S04142368WA0049800481
B1625371850179S04142388WA0050000477
B1625411850173S04142408WA0050300474
B1625451850174S04142429WA0050400475
B1625491850175S04142449WA0050500475
B1625531850172S04142467WA0050700476
B1625571850161S04142480WA0050600474
B1626011850147S04142476WA0050200470
B1626051850141S04142457WA0049900471
B1626091850146S04142436WA0050300470
B1626131850157S04142415WA0050300469
B1626171850173S04142396WA0050500468
B1626211850189S04142380WA0050900468
B1626251850209S04142369WA0050600467
B1626291850230S04142359WA0050700467
B1626331850251S04142352WA0050600466
B1626371850276S04142347WA0050100464
B1626411850301S04142345WA0050000462
B1626451850326S04142337WA0049600463
B1626491850345S04142316WA0049400463
B1626531850354S04142293WA0049500466
B1626571850360S04142268WA0049100469
B1627011850359S04142242WA0049200472
B1627051850357S04142215WA0049200473
B1627091850356S04142188WA0048900473
B1627131850348S04142166WA0048600472
B1627171850342S04142142WA0048000471
B1627211850335S04142118WA0047900471
B1627251850331S04142094WA0047600471
B1627291850327S04142073WA0048400472
B1627331850325S04142050WA0048600473
B1627371850324S04142024WA0048900475
B1627411850326S04142002WA0049500478
B1627451850333S04141978WA0049400478
B1627491850347S04141964WA0049700480
B1627531850369S04141963WA0049400479
B1627571850384S04141976WA0049100480
B1628011850384S04141991WA0049100481
B1628051850369S04142000WA0049400479
B1628091850353S04141997WA0049400480
B1628131850332S04141993WA0049800484
B1628171850316S04141984WA0049700487
B1628211850297S04141975WA0049900490
B1628251850280S04141963WA0049700492
B1628291850264S04141951WA0050100494
B1628331850248S04141937WA0050000497
B1628371850231S04141924WA0050300499
B1628411850213S04141912WA0050400501
B1628451850197S04141898WA0050500502
B1628491850183S04141884WA0049800503
B1628531850179S04141863WA0049500502
B1628571850184S04141840WA0048800503
B1629011850199S04141826WA0048000501
B1629051850224S04141825WA0047200496
B1629091850249S04141838WA0047000491
B1629131850270S04141851WA0047000488
B1629171850292S04141868WA0047200487
B1629211850309S04141886WA0047600487
B1629251850311S04141906WA0047600489
B1629291850301S04141905WA0047800488
B1629331850301S04141882WA0048100487
B1629371850316S04141872WA0048400488
B1629411850333S04141875WA0048700488
B1629451850345S04141885WA0049100486
B1629491850346S04141893WA0049200486
B1629531850335S04141900WA0049300488
B1629571850320S04141896WA0049200486
B1630011850304S04141881WA0049600486
B1630051850292S04141863WA0049500488
B1630091850279S04141847WA0049600492
B1630131850265S04141835WA0049400496
B1630171850248S04141836WA0049300497
B1630211850231S04141842WA0049000498
B1630251850222S04141857WA0048700498
B1630291850217S04141876WA0048200497
B1630331850216S04141899WA0047600494
B1630371850221S04141924WA0047300490
B1630411850234S04141945WA0047400487
B1630451850246S04141964WA0047400485
B1630491850260S04141980WA0047800485
B1630531850276S04141995WA0047800484
B1630571850290S04142009WA0048200486
B1631011850292S04142022WA0047900486
B1631051850279S04142028WA0047800484
B1631091850265S04142016WA0047100482
B1631131850258S04141992WA0047100477
B1631171850256S04141964WA0046700475
B1631211850265S04141941WA0046700475
B1631251850284S04141922WA0046200472
B1631291850305S04141909WA0046300471
B1631331850328S04141894WA0046000468
B1631371850349S04141880WA0046200465
B1631411850372S04141868WA0046500465
B1631451850397S04141862WA0046900463
B1631491850415S04141868WA0047500465
B1631531850413S04141874WA0048100467
B1631571850400S04141868WA0049200469
B1632011850396S04141847WA0049000471
B1632051850407S04141833WA0048900473
B1632091850426S04141832WA0049900475
B1632131850451S04141833WA0050300478
B1632171850470S04141841WA0051200480
B1632211850476S04141853WA0051000485
B1632251850467S04141853WA0052300490
B1632291850459S04141833WA0052500495
B1632331850469S04141816WA0053400500
B1632371850480S04141812WA0054400504
B1632411850482S04141820WA0054500508
B1632451850470S04141826WA0055300507
B1632491850458S04141823WA0056200506
B1632531850460S04141804WA0056800510
B1632571850469S04141799WA0057400507
B1633011850482S04141804WA0058000506
B1633051850505S04141822WA0058600509
B1633091850520S04141841WA0059200508
B1633131850523S04141862WA0059200505
B1633171850516S04141872WA0059800507
B1633211850497S04141874WA0059900519
B1633251850488S04141856WA0060800529
B1633291850494S04141823WA0061100541
B1633331850510S04141809WA0062000555
B1633371850532S04141810WA0062700569
B1633411850545S04141812WA0063000579
B1633451850550S04141810WA0064000586
B1633491850548S04141792WA0064300588
B1633531850553S04141769WA0064900589
B1633571850567S04141750WA0065900596
B1634011850591S04141747WA0066200603
B1634051850605S04141756WA0066900614
B1634091850606S04141769WA0067100624
B1634131850598S04141791WA0067500632
B1634171850580S04141806WA0068100637
B1634211850554S04141822WA0068800644
B1634251850533S04141835WA0069300652
B1634291850512S04141842WA0069900660
B1634331850492S04141848WA0070300668
B1634371850472S04141846WA0070500675
B1634411850464S04141826WA0071100683
B1634451850470S04141802WA0071900690
B1634491850493S04141787WA0072300696
B1634531850514S04141781WA0072900706
B1634571850521S04141789WA0073200718
B1635011850511S04141804WA0073900727
B1635051850495S04141813WA0073900731
B1635091850478S04141819WA0074700737
B1635131850456S04141829WA0075100745
B1635171850438S04141826WA0076000756
B1635211850416S04141819WA0075200764
B1635251850400S04141805WA0074600770
B1635291850404S04141780WA0073600773
B1635331850423S04141778WA0073000773
B1635371850447S04141786WA0072400775
B1635411850469S04141798WA0073300777
B1635451850486S04141810WA0073600777
B1635491850494S04141825WA0073900778
B1635531850492S04141846WA0074000783
B1635571850478S04141858WA0074200786
B1636011850462S04141856WA0074000787
B1636051850448S04141841WA0074200790
B1636091850439S04141823WA0073600791
B1636131850426S04141800WA0073200791
B1636171850413S04141772WA0072800791
B1636211850398S04141750WA0071700787
B1636251850382S04141729WA0071100782
B1636291850364S04141707WA0069900776
B1636331850339S04141685WA0068600769
B1636371850316S04141667WA0068000764
B1636411850290S04141650WA0067000757
B1636451850265S04141633WA0066200752
B1636491850243S04141616WA0065500744
B1636531850220S04141599WA0064000735
B1636571850196S04141582WA0063300726
B1637011850173S04141562WA0062200716
B1637051850151S04141544WA0061500707
B1637091850128S04141523WA0060400697
B1637131850105S04141503WA0059400687
B1637171850082S04141482WA0058600676
B1637211850063S04141460WA0057900667
B1637251850042S04141435WA0057200655
B1637291850028S04141408WA0056500646
B1637331850018S04141383WA0055500634
B1637371850012S04141355WA0054200620
B1637411850005S04141324WA0053000606
B1637451849998S04141292WA0051800592
B1637491849994S04141260WA0050700578
B1637531849991S04141226WA0049400562
B1637571849991S04141193WA0048400549
B1638011849992S04141161WA0047400536
B1638051849990S04141127WA0046100523
B1638091849987S04141093WA0045100509
B1638131849983S04141059WA0044000496
B1638171849977S04141028WA0043000484
B1638211849961S04141001WA0041900470
B1638251849945S04140979WA0041200459
B1638291849933S04140951WA0040000446
B1638331849925S04140924WA0039500437
B1638371849923S04140896WA0039300427
B1638411849923S04140870WA0038800418
B1638451849925S04140841WA0038700409
B1638491849923S04140816WA0038800402
B1638531849917S04140788WA0038600395
B1638571849910S04140763WA0039300392
B1639011849909S04140737WA0039000388
B1639051849921S04140720WA0038600381
B1639091849933S04140720WA0037700373
B1639131849935S04140730WA0037600369
B1639171849924S04140748WA0037400361
B1639211849912S04140766WA0038000356
B1639251849896S04140785WA0038300353
B1639291849881S04140797WA0039100351
B1639331849866S04140796WA0038800345
B1639371849868S04140777WA0038800336
B1639411849880S04140768WA0038500331
B1639451849892S04140783WA0039200329
B1639491849891S04140801WA0039300329
B1639531849883S04140817WA0040000332
B1639571849867S04140836WA0039700333
B1640011849845S04140850WA0039200331
B1640051849820S04140858WA0037500326
B1640091849795S04140867WA0037000319
B1640131849770S04140873WA0036400311
B1640171849745S04140880WA0036500307
B1640211849717S04140883WA0035700301
B1640251849691S04140885WA0035400297
B1640291849662S04140890WA0034700292
B1640331849636S04140897WA0035200291
B1640371849616S04140899WA0035700290
B1640411849597S04140904WA0036400290
B1640451849582S04140910WA0036300291
B1640491849560S04140916WA0035700293
B1640531849535S04140921WA0034700290
B1640571849508S04140928WA0034500288
B1641011849482S04140938WA0034100287
B1641051849463S04140949WA0034600287
B1641091849448S04140962WA0034800288
B1641131849434S04140976WA0034700288
B1641171849417S04140990WA0035000289
B1641211849406S04141003WA0035600292
B1641251849393S04141016WA0035700295
B1641291849380S04141025WA0036400297
B1641331849364S04141020WA0036300299
B1641371849349S04141003WA0037100307
B1641411849345S04140978WA0037500310
B1641451849352S04140957WA0038600315
B1641491849366S04140946WA0039200321
B1641531849375S04140948WA0039700331
B1641571849372S04140953WA0040500335
B1642011849355S04140956WA0041300333
B1642051849348S04140943WA0042300331
B1642091849348S04140929WA0043400330
B1642131849346S04140927WA0044600331
B1642171849347S04140940WA0045300329
B1642211849336S04140950WA0046200324
B1642251849323S04140943WA0046200320
B1642291849321S04140928WA0046500320
B1642331849337S04140913WA0047500323
B1642371849354S04140903WA0048200338
B1642411849366S04140911WA0048800349
B1642451849361S04140922WA0049900362
B1642491849347S04140927WA0050500371
B1642531849341S04140917WA0051200377
B1642571849353S04140904WA0051600392
B1643011849367S04140902WA0052300410
B1643051849380S04140910WA0053200429
B1643091849387S04140917WA0053500439
B1643131849388S04140927WA0053800455
B1643171849383S04140925WA0054200463
B1643211849372S04140916WA0055100474
B1643251849376S04140899WA0055600487
B1643291849389S04140897WA0056200492
B1643331849401S04140905WA0056300496
B1643371849386S04140914WA0056600502
B1643411849367S04140932WA0056700508
B1643451849346S04140944WA0057200516
B1643491849332S04140939WA0056800522
B1643531849331S04140919WA0056900531
B1643571849346S04140899WA0057100541
B1644011849364S04140893WA0057900549
B1644051849383S04140903WA0058400555
B1644091849396S04140915WA0058700561
B1644131849387S04140925WA0058700563
B1644171849374S04140922WA0059000569
B1644211849366S04140909WA0059800575
B1644251849368S04140887WA0059100580
B1644291849380S04140873WA0060300586
B1644331849402S04140872WA0060800588
B1644371849420S04140879WA0060900593
B1644411849428S04140889WA0061000599
B1644451849419S04140893WA0061100602
B1644491849416S04140877WA0061700601
B1644531849420S04140854WA0062000607
B1644571849431S04140836WA0062700611
B1645011849447S04140821WA0062900621
B1645051849467S04140823WA0063300628
B1645091849475S04140836WA0063300633
B1645131849468S04140853WA0063500637
B1645171849456S04140868WA0063700642
B1645211849435S04140876WA0063500645
B1645251849420S04140870WA0064200647
B1645291849413S04140855WA0064700649
B1645331849420S04140833WA0064600656
B1645371849436S04140816WA0065300663
B1645411849458S04140812WA0065600668
B1645451849477S04140822WA0065600669
B1645491849490S04140836WA0065400672
B1645531849489S04140847WA0065300674
B1645571849468S04140853WA0065100675
B1646011849444S04140845WA0065200677
B1646051849423S04140841WA0065700678
B1646091849403S04140835WA0066000679
B1646131849383S04140826WA0065700680
B1646171849360S04140823WA0065500680
B1646211849340S04140824WA0065100680
B1646251849321S04140830WA0065000679
B1646291849308S04140844WA0064200678
B1646331849316S04140861WA0063700681
B1646371849334S04140867WA0063100683
B1646411849357S04140861WA0062600678
B1646451849374S04140846WA0062100675
B1646491849385S04140828WA0062000670
B1646531849395S04140809WA0061800668
B1646571849397S04140789WA0061800668
B1647011849392S04140765WA0061500665
B1647051849395S04140744WA0061200662
B1647091849394S04140723WA0061000659
B1647131849378S04140713WA0061300660
B1647171849361S04140712WA0061000659
B1647211849347S04140723WA0061100660
B1647251849339S04140746WA0061000659
B1647291849334S04140770WA0061200659
B1647331849328S04140798WA0061300659
B1647371849319S04140812WA0061700659
B1647411849313S04140801WA0061100655
B1647451849316S04140785WA0061300653
B1647491849330S04140782WA0061100644
B1647531849349S04140773WA0061400643
B1647571849371S04140768WA0061500643
B1648011849394S04140762WA0061400643
B1648051849416S04140754WA0061200643
B1648091849438S04140741WA0060700642
B1648131849458S04140727WA0060600640
B1648171849477S04140716WA0060900639
B1648211849496S04140705WA0060800639
B1648251849516S04140691WA0061000639
B1648291849533S04140675WA0061100641
B1648331849544S04140659WA0062100643
B1648371849559S04140652WA0062600644
B1648411849567S04140658WA0063300645
B1648451849565S04140667WA0063400651
B1648491849544S04140674WA0063700653
B1648531849529S04140664WA0064000655
B1648571849520S04140642WA0064300657
B1649011849524S04140624WA0064600657
B1649051849536S04140625WA0064800657
B1649091849537S04140634WA0065500653
B1649131849520S04140652WA0065900654
B1649171849500S04140668WA0066100660
B1649211849477S04140681WA0066300665
B1649251849453S04140691WA0066400666
B1649291849432S04140697WA0066600670
B1649331849421S04140687WA0066000668
B1649371849424S04140669WA0066200668
B1649411849436S04140648WA0065700667
B1649451849452S04140628WA0065700670
B1649491849466S04140609WA0065800672
B1649531849480S04140591WA0065700672
B1649571849490S04140572WA0066500675
B1650011849501S04140554WA0066100676
B1650051849518S04140539WA0066800677
B1650091849542S04140528WA0066700677
B1650131849556S04140509WA0067500680
B1650171849559S04140489WA0067300680
B1650211849549S04140472WA0067200681
B1650251849533S04140471WA0066800681
B1650291849523S04140481WA0067100683
B1650331849519S04140496WA0066900683
B1650371849530S04140512WA0066600684
B1650411849546S04140521WA0067200686
B1650451849567S04140512WA0067200688
B1650491849583S04140496WA0067900692
B1650531849601S04140477WA0067700694
B1650571849619S04140454WA0067000694
B1651011849635S04140428WA0067100696
B1651051849655S04140410WA0066900695
B1651091849674S04140386WA0066700693
B1651131849683S04140363WA0067100692
B1651171849684S04140334WA0067100690
B1651211849677S04140307WA0067400692
B1651251849667S04140283WA0067300694
B1651291849645S04140270WA0067200695
B1651331849625S04140265WA0067500696
B1651371849606S04140267WA0067400697
B1651411849596S04140280WA0067200697
B1651451849588S04140298WA0066500697
B1651491849581S04140322WA0065800696
B1651531849579S04140348WA0065100695
B1651571849575S04140373WA0065200694
B1652011849567S04140392WA0065700694
B1652051849571S04140410WA0066500695
B1652091849579S04140428WA0067100696
B1652131849572S04140435WA0067800697
B1652171849564S04140421WA0068300696
B1652211849557S04140389WA0068400697
B1652251849557S04140369WA0069400696
B1652291849572S04140366WA0070000695
B1652331849583S04140378WA0070700694
B1652371849609S04140402WA0071500696
B1652411849617S04140421WA0071700699
B1652451849618S04140427WA0072500699
B1652491849629S04140406WA0073000694
B1652531849645S04140387WA0073600697
B1652571849664S04140375WA0073900702
B1653011849681S04140375WA0074800706
B1653051849689S04140381WA0074900711
B1653091849682S04140398WA0075400714
B1653131849664S04140417WA0075400719
B1653171849645S04140421WA0075800722
B1653211849635S04140407WA0075700724
B1653251849638S04140389WA0076200728
B1653291849662S04140382WA0076300732
B1653331849683S04140376WA0077000739
B1653371849711S04140372WA0076200745
B1653411849732S04140366WA0076900752
B1653451849754S04140372WA0077300758
B1653491849767S04140386WA0078100767
B1653531849774S04140402WA0079100774
B1653571849776S04140411WA0079500781
B1654011849776S04140408WA0080200783
B1654051849784S04140388WA0081000783
B1654091849793S04140368WA0081300788
B1654131849811S04140357WA0081500797
B1654171849831S04140347WA0081700805
B1654211849854S04140339WA0082100811
B1654251849875S04140330WA0082300816
B1654291849898S04140324WA0082100820
B1654331849921S04140320WA0081500823
B1654371849945S04140312WA0081600826
B1654411849967S04140308WA0081500828
B1654451849991S04140299WA0081900833
B1654491850012S04140289WA0083200838
B1654531850030S04140277WA0084200843
B1654571850044S04140278WA0084400847
B1655011850041S04140280WA0085100850
B1655051850022S04140284WA0085600851
B1655091850010S04140268WA0086600853
B1655131850008S04140246WA0087300859
B1655171850022S04140232WA0087700864
B1655211850041S04140226WA0088900876
B1655251850060S04140228WA0089300886
B1655291850071S04140227WA0089800896
B1655331850068S04140217WA0090400901
B1655371850060S04140197WA0091200904
B1655411850062S04140173WA0091600908
B1655451850071S04140154WA0092400916
B1655491850086S04140140WA0093000925
B1655531850104S04140135WA0093400934
B1655571850121S04140135WA0093400941
B1656011850123S04140122WA0094000945
B1656051850117S04140112WA0094600949
B1656091850101S04140100WA0095100951
B1656131850083S04140086WA0096000952
B1656171850074S04140068WA0096200956
B1656211850064S04140064WA0096600961
B1656251850075S04140071WA0097200964
B1656291850066S04140086WA0097700963
B1656331850052S04140107WA0098100970
B1656371850031S04140120WA0098900977
B1656411850020S04140108WA0099000982
B1656451850034S04140089WA0098800992
B1656491850050S04140088WA0099401004
B1656531850061S04140089WA0099801007
B1656571850058S04140103WA0100501010
B1657011850050S04140101WA0100801012
B1657051850042S04140096WA0101401020
B1657091850051S04140083WA0101201033
B1657131850068S04140086WA0101301037
B1657171850081S04140097WA0101701046
B1657211850081S04140102WA0102001053
B1657251850065S04140109WA0102601058
B1657291850042S04140112WA0103101063
B1657331850020S04140112WA0103401069
B1657371849999S04140106WA0103401074
B1657411849981S04140099WA0103201077
B1657451849963S04140088WA0102501080
B1657491849944S04140077WA0102301081
B1657531849921S04140064WA0101101079
B1657571849893S04140056WA0100801078
B1658011849864S04140047WA0099901076
B1658051849833S04140038WA0099301073
B1658091849804S04140032WA0098601070
B1658131849773S04140026WA0097601069
B1658171849743S04140022WA0097101066
B1658211849711S04140016WA0096001062
B1658251849680S04140009WA0095501056
B1658291849648S04140000WA0094301049
B1658331849617S04139993WA0093701043
B1658371849592S04139984WA0093101039
B1658411849564S04139975WA0091801032
B1658451849538S04139970WA0091301026
B1658491849510S04139963WA0090101018
B1658531849481S04139958WA0088901009
B1658571849449S04139950WA0088001000
B1659011849418S04139945WA0087400989
B1659051849386S04139941WA0086300978
B1659091849354S04139937WA0085700968
B1659131849320S04139934WA0084700955
B1659171849286S04139931WA0084100947
B1659211849254S04139927WA0083200935
B1659251849221S04139921WA0082300922
B1659291849189S04139915WA0081500910
B1659331849157S04139908WA0080900897
B1659371849124S04139901WA0079800884
B1659411849089S04139894WA0079200873
B1659451849063S04139888WA0080000862
B1659491849042S04139882WA0080200854
B1659531849021S04139876WA0080200846
B1659571848996S04139872WA0079600839
B1700011848967S04139867WA0079300831
B1700051848938S04139863WA0079200824
B1700091848909S04139860WA0079900817
B1700131848890S04139851WA0080600816
B1700171848864S04139841WA0079100812
B1700211848832S04139835WA0078400806
B1700251848804S04139826WA0078000801
B1700291848776S04139819WA0076700793
B1700331848745S04139816WA0075400786
B1700371848716S04139814WA0074300779
B1700411848686S04139812WA0073900773
B1700451848657S04139802WA0073100766
B1700491848629S04139793WA0072500761
B1700531848598S04139781WA0071500753
B1700571848571S04139773WA0071800747
B1701011848564S04139749WA0071100738
B1701051848584S04139749WA0071100730
B1701091848611S04139751WA0070400726
B1701131848644S04139750WA0069800720
B1701171848677S04139741WA0069100714
B1701211848711S04139730WA0068500707
B1701251848744S04139718WA0068300702
B1701291848778S04139706WA0068000698
B1701331848810S04139691WA0068000695
B1701371848842S04139678WA0067800691
B1701411848875S04139667WA0067800688
B1701451848906S04139656WA0068400687
B1701491848929S04139646WA0069400691
B1701531848955S04139635WA0069300691
B1701571848985S04139628WA0069400693
B1702011849013S04139619WA0069500693
B1702051849043S04139605WA0069400693
B1702091849073S04139591WA0069500695
B1702131849107S04139577WA0068700695
B1702171849141S04139562WA0068300695
B1702211849173S04139544WA0067800694
B1702251849202S04139528WA0067600694
B1702291849231S04139512WA0066900693
B1702331849259S04139493WA0066500690
B1702371849288S04139474WA0065700687
B1702411849317S04139455WA0065000683
B1702451849346S04139436WA0064100679
B1702491849375S04139416WA0063200674
B1702531849405S04139396WA0062400667
B1702571849435S04139379WA0061800661
B1703011849465S04139363WA0060700654
B1703051849494S04139347WA0059800645
B1703091849525S04139331WA0058600635
B1703131849555S04139316WA0057600623
B1703171849586S04139304WA0056400607
B1703211849618S04139295WA0055400590
B1703251849651S04139284WA0054100577
B1703291849683S04139266WA0052800559
B1703331849714S04139247WA0051600543
B1703371849747S04139229WA0050500527
B1703411849778S04139214WA0049400513
B1703451849810S04139194WA0048100499
B1703491849830S04139182WA0048600500
B1703531849855S04139171WA0047600491
B1703571849880S04139156WA0047200490
B1704011849901S04139135WA0046500483
B1704051849917S04139112WA0046300481
B1704091849935S04139090WA0044900469
B1704131849950S04139062WA0044100460
B1704171849953S04139032WA0043100453
B1704211849957S04139002WA0042900447
B1704251849960S04138971WA0042200441
B1704291849957S04138943WA0042200435
B1704331849955S04138914WA0042300430
B1704371849953S04138885WA0042900426
B1704411849953S04138858WA0043500420
B1704451849961S04138833WA0043800415
B1704491849973S04138810WA0044000411
B1704531849985S04138798WA0044800409
B1704571850002S04138798WA0044900406
B1705011850015S04138807WA0045200405
B1705051850020S04138817WA0046100407
B1705091850010S04138825WA0046100411
B1705131849999S04138812WA0046300411
B1705171850003S04138794WA0047500411
B1705211850013S04138775WA0047600415
B1705251850024S04138768WA0048200420
B1705291850035S04138772WA0048400424
B1705331850040S04138775WA0049100428
B1705371850023S04138781WA0049600428
B1705411849999S04138781WA0049800426
B1705451849986S04138769WA0050800428
B1705491849985S04138752WA0051300433
B1705531849991S04138740WA0052000441
B1705571850001S04138735WA0052500448
B1706011849994S04138732WA0053400448
B1706051849982S04138715WA0054200445
B1706091849975S04138698WA0054800442
B1706131849969S04138689WA0055600443
B1706171849960S04138680WA0056500443
B1706211849932S04138699WA0057700441
B1706251849910S04138708WA0058600446
B1706291849904S04138686WA0059100458
B1706331849910S04138666WA0060000473
B1706371849917S04138657WA0060700485
B1706411849924S04138651WA0061400494
B1706451849924S04138652WA0062400498
B1706491849928S04138645WA0063100505
B1706531849944S04138638WA0063300510
B1706571849957S04138627WA0063600519
B1707011849961S04138620WA0064500527
B1707051849950S04138631WA0065000532
B1707091849936S04138647WA0065600539
B1707131849923S04138656WA0066300548
B1707171849903S04138661WA0066200549
B1707211849889S04138645WA0065800557
B1707251849893S04138621WA0066100569
B1707291849911S04138600WA0065900586
B1707331849925S04138577WA0066900611
B1707371849942S04138572WA0066900627
B1707411849939S04138566WA0068300634
B1707451849929S04138544WA0068800646
B1707491849931S04138521WA0069500658
B1707531849947S04138504WA0070200667
B1707571849963S04138502WA0070800679
B1708011849969S04138506WA0071100685
B1708051849953S04138518WA0071600695
B1708091849939S04138525WA0072500708
B1708131849921S04138534WA0072600720
B1708171849904S04138537WA0073000729
B1708211849885S04138545WA0073400737
B1708251849867S04138554WA0073800745
B1708291849848S04138568WA0074100751
B1708331849832S04138577WA0074500757
B1708371849818S04138569WA0075100764
B1708411849807S04138563WA0075800772
B1708451849799S04138545WA0076000775
B1708491849812S04138528WA0076300781
B1708531849831S04138518WA0077100789
B1708571849849S04138523WA0077500794
B1709011849871S04138531WA0077700801
B1709051849890S04138542WA0078200806
B1709091849908S04138556WA0078100811
B1709131849924S04138570WA0078500815
B1709171849940S04138583WA0078300818
B1709211849958S04138591WA0078500823
B1709251849976S04138600WA0079200829
B1709291849986S04138614WA0080000834
B1709331849996S04138628WA0080800839
B1709371850000S04138639WA0080900845
B1709411849986S04138642WA0081400844
B1709451849981S04138629WA0081600845
B1709491849989S04138607WA0082100853
B1709531849999S04138593WA0083200864
B1709571850013S04138591WA0083800869
B1710011850032S04138590WA0085300878
B1710051850051S04138588WA0085700885
B1710091850069S04138592WA0086500891
B1710131850074S04138591WA0087200895
B1710171850075S04138582WA0087600901
B1710211850059S04138569WA0087200904
B1710251850044S04138553WA0087800908
B1710291850030S04138547WA0088600914
B1710331850038S04138539WA0089700922
B1710371850053S04138532WA0090800932
B1710411850071S04138536WA0091600939
B1710451850067S04138539WA0092800943
B1710491850051S04138529WA0093700954
B1710531850051S04138510WA0094700963
B1710571850060S04138500WA0096200971
B1711011850074S04138501WA0097200979
B1711051850083S04138506WA0098100983
B1711091850084S04138509WA0099100992
B1711131850075S04138498WA0099701002
B1711171850076S04138478WA0101001011
B1711211850083S04138460WA0102001021
B1711251850092S04138464WA0102601027
B1711291850101S04138469WA0103501033
B1711331850098S04138468WA0104301035
B1711371850076S04138472WA0105201035
B1711411850060S04138465WA0105701038
B1711451850063S04138457WA0106401041
B1711491850070S04138458WA0107101046
B1711531850073S04138460WA0108001050
B1711571850065S04138456WA0108501049
B1712011850047S04138450WA0109301050
B1712051850029S04138440WA0110101053
B1712091850020S04138432WA0111001067
B1712131850023S04138433WA0111401076
B1712171850033S04138444WA0111901083
B1712211850044S04138456WA0112601087
B1712251850048S04138467WA0113501091
B1712291850045S04138479WA0114201093
B1712331850041S04138492WA0114601096
B1712371850045S04138485WA0115201106
B1712411850062S04138462WA0115701115
B1712451850085S04138453WA0116501127
B1712491850109S04138449WA0117001148
B1712531850131S04138443WA0117701164
B1712571850153S04138443WA0117901176
B1713011850161S04138448WA0118501186
B1713051850155S04138454WA0118601200
B1713091850136S04138461WA0119301216
B1713131850113S04138465WA0119801229
B1713171850093S04138457WA0120601239
B1713211850082S04138438WA0120901249
B1713251850086S04138417WA0121401256
B1713291850102S04138400WA0122001264
B1713331850123S04138381WA0122101274
B1713371850145S04138364WA0122501283
B1713411850170S04138351WA0122201289
B1713451850199S04138344WA0122301294
B1713491850226S04138336WA0121601295
B1713531850251S04138326WA0121601297
B1713571850278S04138315WA0120701297
B1714011850313S04138303WA0119501298
B1714051850346S04138293WA0119201297
B1714091850375S04138285WA0119401295
B1714131850406S04138276WA0118601290
B1714171850439S04138266WA0117901286
B1714211850475S04138261WA0117401282
B1714251850511S04138255WA0116901279
B1714291850546S04138246WA0116101276
B1714331850575S04138239WA0115901271
B1714371850610S04138233WA0114901266
B1714411850644S04138222WA0114501262
B1714451850677S04138208WA0113901256
B1714491850707S04138193WA0113101250
B1714531850741S04138177WA0112101242
B1714571850770S04138163WA0112001236
B1715011850800S04138150WA0110601226
B1715051850832S04138137WA0110001217
B1715091850863S04138125WA0109101209
B1715131850895S04138115WA0108101198
B1715171850924S04138103WA0107501186
B1715211850955S04138089WA0106001174
B1715251850986S04138076WA0105301162
B1715291851020S04138062WA0103601150
B1715331851051S04138044WA0102901139
B1715371851081S04138030WA0102001127
B1715411851114S04138018WA0100901115
B1715451851143S04138007WA0100301104
B1715491851174S04137995WA0099401094
B1715531851204S04137988WA0098701083
B1715571851237S04137983WA0097301070
B1716011851267S04137976WA0097001060
B1716051851298S04137973WA0096101049
B1716091851332S04137971WA0095501039
B1716131851362S04137966WA0095001030
B1716171851390S04137963WA0094701020
B1716211851418S04137961WA0093501008
B1716251851451S04137953WA0092300996
B1716291851481S04137939WA0091500983
B1716331851510S04137930WA0091100970
B1716371851541S04137928WA0089900957
B1716411851576S04137932WA0089900948
B1716451851606S04137939WA0089600939
B1716491851633S04137952WA0089700932
B1716531851659S04137964WA0089300923
B1716571851686S04137968WA0089100916
B1717011851714S04137966WA0088800910
B1717051851748S04137961WA0087900905
B1717091851784S04137956WA0087700900
B1717131851818S04137954WA0086900894
B1717171851850S04137954WA0086400888
B1717211851883S04137953WA0086000883
B1717251851918S04137955WA0085500877
B1717291851950S04137955WA0085900874
B1717331851982S04137954WA0085900871
B1717371852014S04137956WA0086000869
B1717411852046S04137962WA0086100868
B1717451852077S04137954WA0086200867
B1717491852108S04137945WA0086400868
B1717531852142S04137940WA0085700867
B1717571852174S04137937WA0085400866
B1718011852196S04137948WA0084000862
B1718051852203S04137952WA0083600856
B1718091852201S04137955WA0082500853
B1718131852190S04137966WA0081600848
B1718171852174S04137990WA0080500844
B1718211852155S04138024WA0079900838
B1718251852130S04138053WA0080900835
B1718291852085S04138091WA0080100831
B1718331852063S04138111WA0079900825
B1718371852043S04138131WA0078500820
B1718411852027S04138152WA0078500817
B1718451852014S04138174WA0078100813
B1718491852005S04138196WA0077700808
B1718531852000S04138219WA0076700802
B1718571851994S04138239WA0076100799
B1719011851974S04138255WA0075500791
B1719051851952S04138269WA0075700785
B1719091851936S04138287WA0076300781
B1719131851922S04138308WA0076000777
B1719171851909S04138333WA0075900774
B1719211851898S04138354WA0076500772
B1719251851889S04138378WA0077200771
B1719291851882S04138400WA0078000772
B1719331851873S04138418WA0078500772
B1719371851863S04138434WA0078800774
B1719411851850S04138453WA0078800772
B1719451851838S04138466WA0078300774
B1719491851823S04138480WA0077800775
B1719531851808S04138484WA0076400773
B1719571851791S04138469WA0075300771
B1720011851782S04138440WA0074100765
B1720051851781S04138407WA0073400763
B1720091851793S04138378WA0071800758
B1720131851813S04138355WA0072000755
B1720171851842S04138340WA0071000751
B1720211851866S04138333WA0071700747
B1720251851889S04138327WA0072000744
B1720291851913S04138326WA0072300740
B1720331851931S04138335WA0072700737
B1720371851931S04138341WA0072600733
B1720411851911S04138343WA0073100727
B1720451851897S04138332WA0073600724
B1720491851900S04138310WA0073900723
B1720531851916S04138289WA0073800721
B1720571851932S04138275WA0074500722
B1721011851948S04138274WA0075000720
B1721051851961S04138286WA0075100717
B1721091851968S04138297WA0075600724
B1721131851957S04138309WA0076400727
B1721171851946S04138306WA0076600727
B1721211851951S04138290WA0077400724
B1721251851973S04138280WA0077800728
B1721291851992S04138278WA0078000732
B1721331852001S04138294WA0077900734
B1721371851996S04138310WA0078300734
B1721411851985S04138324WA0078300736
B1721451851968S04138336WA0079700741
B1721491851949S04138339WA0080100743
B1721531851945S04138324WA0081000744
B1721571851953S04138318WA0081700740
B1722011851965S04138318WA0082400735
B1722051851965S04138308WA0083100731
B1722091851958S04138294WA0083900727
B1722131851958S04138275WA0084400723
B1722171851962S04138261WA0085200724
B1722211851967S04138244WA0086000727
B1722251851965S04138235WA0086700733
B1722291851962S04138218WA0087500733
B1722351851970S04138200WA0088600740
B1722391851949S04138209WA0089100741
B1722431851936S04138216WA0089700750
B1722471851925S04138222WA0090200754
B1722511851909S04138238WA0090600758
B1722551851902S04138252WA0091500760
B1722591851897S04138264WA0092100765
B1723031851908S04138268WA0092700776
B1723071851918S04138271WA0093600787
B1723111851911S04138277WA0094000799
B1723151851898S04138289WA0094900805
B1723191851885S04138287WA0095000812
B1723231851882S04138274WA0095000810
B1723271851889S04138256WA0095500820
B1723311851897S04138258WA0096100825
B1723351851891S04138275WA0096300826
B1723391851892S04138294WA0096700829
B1723431851888S04138317WA0097200837
B1723471851879S04138336WA0097500847
B1723511851867S04138344WA0096900851
B1723551851865S04138344WA0096700853
B1723591851882S04138317WA0096800856
B1724031851900S04138293WA0096700871
B1724071851918S04138278WA0096800883
B1724111851937S04138262WA0097100896
B1724151851955S04138244WA0097700907
B1724191851977S04138227WA0099000924
B1724231851997S04138224WA0099600940
B1724271852013S04138238WA0100400955
B1724311852012S04138253WA0100700966
B1724351851998S04138266WA0101700976
B1724391851978S04138269WA0102200987
B1724431851972S04138256WA0102200991
B1724471851980S04138236WA0103001001
B1724511851994S04138219WA0103701011
B1724551852012S04138203WA0104301023
B1724591852031S04138187WA0104801035
B1725031852049S04138169WA0105301045
B1725071852065S04138150WA0106001056
B1725111852079S04138130WA0106901068
B1725151852096S04138118WA0107601078
B1725191852109S04138126WA0108101087
B1725231852113S04138141WA0108901099
B1725271852110S04138156WA0109801115
B1725311852097S04138164WA0110201129
B1725351852088S04138154WA0110701137
B1725391852089S04138132WA0111301146
B1725431852091S04138108WA0111901156
B1725471852094S04138086WA0113001165
B1725511852106S04138070WA0113301172
B1725551852123S04138075WA0113801179
B1725591852131S04138089WA0114701188
B1726031852125S04138103WA0115101198
B1726071852108S04138114WA0115901207
B1726111852091S04138110WA0116901213
B1726151852088S04138090WA0117801216
B1726191852098S04138068WA0118301227
B1726231852108S04138048WA0119101238
B1726271852122S04138031WA0119801248
B1726311852139S04138026WA0120001254
B1726351852147S04138040WA0120601261
B1726391852141S04138054WA0121101268
B1726431852122S04138061WA0121501273
B1726471852114S04138046WA0122001276
B1726511852130S04138036WA0122501278
B1726551852146S04138044WA0122501286
B1726591852147S04138053WA0123101292
B1727031852140S04138070WA0123601300
B1727071852122S04138085WA0123801307
B1727111852101S04138099WA0124801312
B1727151852081S04138111WA0124901316
B1727191852059S04138124WA0125201318
B1727231852036S04138135WA0125201321
B1727271852016S04138145WA0125601324
B1727311851990S04138155WA0125101327
B1727351851964S04138168WA0125101330
B1727391851938S04138178WA0124401331
B1727431851908S04138189WA0123301331
B1727471851882S04138202WA0122901332
B1727511851858S04138216WA0122301330
B1727551851833S04138225WA0121801327
B1727591851808S04138229WA0121101326
B1728031851783S04138236WA0120601323
B1728071851758S04138241WA0120201322
B1728111851732S04138252WA0119301316
B1728151851708S04138264WA0118801306
B1728191851686S04138275WA0118101298
B1728231851663S04138288WA0117301287
B1728271851639S04138300WA0116601278
B1728311851614S04138313WA0115701268
B1728351851589S04138327WA0115001258
B1728391851565S04138339WA0114501251
B1728431851541S04138349WA0114001243
B1728471851516S04138359WA0113701237
B1728511851498S04138377WA0114301234
B1728551851481S04138389WA0114901231
B1728591851465S04138402WA0115801230
B1729031851451S04138410WA0116901230
B1729071851438S04138401WA0116501227
B1729111851453S04138385WA0117101222
B1729151851480S04138367WA0117201221
B1729191851500S04138366WA0118001223
B1729231851504S04138374WA0118901221
B1729271851494S04138380WA0119101218
B1729311851471S04138387WA0119001217
B1729351851445S04138394WA0118501216
B1729391851418S04138403WA0118601215
B1729431851392S04138408WA0118501213
B1729471851365S04138418WA0119101212
B1729511851338S04138432WA0119801212
B1729551851315S04138442WA0121001215
B1729591851294S04138454WA0121301223
B1730031851272S04138468WA0121601228
B1730071851247S04138476WA0121501231
B1730111851228S04138484WA0121701234
B1730151851206S04138493WA0120901237
B1730191851187S04138507WA0120301238
B1730231851166S04138524WA0120101239
B1730271851146S04138543WA0119301237
B1730311851124S04138564WA0119101233
B1730351851106S04138576WA0118901231
B1730391851083S04138587WA0117401225
B1730431851058S04138607WA0116401217
B1730471851034S04138629WA0115601210
B1730511851011S04138645WA0115601205
B1730551850988S04138659WA0115301201
B1730591850970S04138673WA0115301197
B1731031850955S04138687WA0115401194
B1731071850939S04138705WA0114601190
B1731111850927S04138725WA0114801189
B1731151850910S04138743WA0113901186
B1731191850892S04138754WA0113801183
B1731231850875S04138768WA0113101179
B1731271850859S04138785WA0113101175
B1731311850845S04138799WA0112701171
B1731351850828S04138813WA0112101167
B1731391850814S04138827WA0112101163
B1731431850801S04138841WA0111901160
B1731471850788S04138857WA0112201158
B1731511850773S04138872WA0112301156
B1731551850761S04138887WA0112301154
B1731591850746S04138905WA0112501152
B1732031850735S04138918WA0112301152
B1732071850723S04138931WA0112101150
B1732111850708S04138942WA0111601148
B1732151850697S04138955WA0111501147
B1732191850684S04138973WA0110801144
B1732231850671S04138987WA0110501142
B1732271850657S04139002WA0110001140
B1732311850644S04139017WA0109401138
B1732351850629S04139032WA0108701133
B1732391850611S04139047WA0107001128
B1732431850588S04139064WA0106401125
B1732471850569S04139081WA0105301120
B1732511850549S04139104WA0104201113
B1732551850530S04139124WA0103601108
B1732591850509S04139149WA0102401102
B1733031850494S04139174WA0102301096
B1733071850473S04139196WA0101201089
B1733111850456S04139218WA0100901085
B1733151850440S04139242WA0099901079
B1733191850422S04139269WA0099701073
B1733231850405S04139295WA0099301065
B1733271850388S04139320WA0098701058
B1733311850371S04139349WA0098101050
B1733351850354S04139375WA0098101043
B1733391850334S04139401WA0097101036
B1733431850317S04139428WA0097201031
B1733471850302S04139454WA0096301022
B1733511850288S04139482WA0095601015
B1733551850274S04139505WA0094201007
B1733591850260S04139532WA0093101000
B1734031850247S04139559WA0092300993
B1734071850231S04139581WA0091500986
B1734111850215S04139604WA0090900977
B1734151850197S04139625WA0090100969
B1734191850179S04139648WA0089500961
B1734231850160S04139669WA0088900952
B1734271850140S04139687WA0088800945
B1734311850119S04139706WA0088500933
B1734351850099S04139724WA0088000921
B1734391850077S04139745WA0087200909
B1734431850058S04139763WA0086300898
B1734471850039S04139786WA0085800888
B1734511850025S04139802WA0085800881
B1734551850011S04139818WA0085600875
B1734591849998S04139834WA0086300872
B1735031849985S04139847WA0086700870
B1735071849970S04139865WA0086300868
B1735111849955S04139887WA0086400866
B1735151849940S04139910WA0086500864
B1735191849925S04139933WA0086900863
B1735231849912S04139953WA0087800862
B1735271849903S04139970WA0088800866
B1735311849895S04139983WA0090100871
B1735351849878S04139985WA0090700871
B1735391849869S04139969WA0091600873
B1735431849873S04139954WA0092700876
B1735471849877S04139950WA0093300876
B1735511849888S04139953WA0094200875
B1735551849888S04139963WA0095300876
B1735591849878S04139973WA0096400877
B1736031849866S04139983WA0096600885
B1736071849848S04139986WA0096700896
B1736111849833S04139987WA0097300908
B1736151849815S04139990WA0097700921
B1736191849796S04139987WA0097700928
B1736231849786S04139969WA0097700932
B1736271849798S04139954WA0098200937
B1736311849815S04139950WA0098500947
B1736351849839S04139950WA0099100959
B1736391849860S04139956WA0099400970
B1736431849879S04139967WA0099900980
B1736471849897S04139980WA0100400990
B1736511849920S04139989WA0100500999
B1736551849942S04139996WA0100701006
B1736591849964S04140005WA0100901014
B1737031849984S04140017WA0101301021
B1737071849995S04140034WA0101601027
B1737111849996S04140051WA0102301034
B1737151849989S04140067WA0102601044
B1737191849979S04140078WA0103101052
B1737231849965S04140091WA0102701056
B1737271849953S04140105WA0102301060
B1737311849942S04140119WA0101601060
B1737351849930S04140115WA0100601061
B1737391849930S04140095WA0100801058
B1737431849931S04140066WA0099601055
B1737471849938S04140030WA0099301053
B1737511849945S04139992WA0098701051
B1737551849954S04139956WA0098801050
B1737591849961S04139920WA0099201050
B1738031849967S04139885WA0099301051
B1738071849969S04139850WA0100101052
B1738111849962S04139822WA0100301054
B1738151849955S04139795WA0101201057
B1738191849956S04139770WA0101701059
B1738231849970S04139750WA0102701062
B1738271849991S04139738WA0103401065
B1738311850012S04139731WA0104501072
B1738351850030S04139741WA0104801076
B1738391850030S04139748WA0105901081
B1738431850013S04139760WA0106101090
B1738471849993S04139759WA0106301096
B1738511849984S04139742WA0106801097
B1738551849993S04139719WA0107901102
B1738591849999S04139693WA0108701109
B1739031850003S04139669WA0109401114
B1739071850018S04139656WA0109601117
B1739111850032S04139660WA0110401118
B1739151850029S04139667WA0111601120
B1739191850016S04139661WA0111901123
B1739231850015S04139643WA0112601126
B1739271850022S04139626WA0112601132
B1739311850032S04139628WA0113201135
B1739351850043S04139645WA0113901133
B1739391850052S04139663WA0115001137
B1739431850058S04139683WA0115001145
B1739471850058S04139703WA0115901156
B1739511850056S04139724WA0116001167
B1739551850057S04139742WA0116801176
B1739591850053S04139761WA0116901183
B1740031850037S04139764WA0117101184
B1740071850031S04139739WA0117601187
B1740111850025S04139710WA0117601195
B1740151850017S04139681WA0118001204
B1740191850010S04139652WA0119001213
B1740231850006S04139632WA0119801223
B1740271850021S04139619WA0119901232
B1740311850037S04139624WA0120801241
B1740351850045S04139635WA0121201247
B1740391850036S04139642WA0122001252
B1740431850018S04139633WA0122101257
B1740471850017S04139615WA0123001263
B1740511850031S04139604WA0123601265
B1740551850051S04139605WA0124101272
B1740591850069S04139617WA0124501279
B1741031850077S04139635WA0125201285
B1741071850075S04139656WA0125501294
B1741111850070S04139674WA0126001302
B1741151850068S04139694WA0125701307
B1741191850067S04139714WA0126201312
B1741231850065S04139733WA0126001316
B1741271850061S04139757WA0125401318
B1741311850060S04139778WA0125801321
B1741351850058S04139801WA0125201322
B1741391850059S04139827WA0125001324
B1741431850060S04139850WA0124701324
B1741471850060S04139876WA0123901324
B1741511850060S04139907WA0122801323
B1741551850065S04139938WA0122701321
B1741591850067S04139965WA0121401319
B1742031850068S04139995WA0120401316
B1742071850071S04140025WA0119801311
B1742111850072S04140053WA0118401306
B1742151850074S04140082WA0118001300
B1742191850079S04140111WA0117101296
B1742231850083S04140140WA0116501289
B1742271850088S04140170WA0115601280
B1742311850091S04140204WA0115201272
B1742351850093S04140237WA0114401265
B1742391850095S04140270WA0113601258
B1742431850095S04140304WA0113101250
B1742471850094S04140336WA0112101240
B1742511850096S04140369WA0111101231
B1742551850100S04140401WA0110101223
B1742591850105S04140437WA0108901214
B1743031850111S04140472WA0107801204
B1743071850112S04140505WA0107101195
B1743111850114S04140539WA0106001185
B1743151850114S04140571WA0105101176
B1743191850115S04140602WA0104101166
B1743231850118S04140633WA0102901155
B1743271850122S04140664WA0102301144
B1743311850124S04140694WA0101301133
B1743351850125S04140723WA0100501120
B1743391850128S04140752WA0099901108
B1743431850133S04140781WA0099101095
B1743471850133S04140808WA0098601083
B1743511850133S04140835WA0097801072
B1743551850131S04140866WA0097201061
B1743591850128S04140901WA0096801047
B1744031850127S04140932WA0096401036
B1744071850125S04140963WA0095701026
B1744111850124S04140991WA0095201018
B1744151850126S04141026WA0094201008
B1744191850131S04141057WA0093700998
B1744231850135S04141086WA0093100989
B1744271850141S04141116WA0092600979
B1744311850149S04141147WA0091800968
B1744351850155S04141176WA0091700960
B1744391850161S04141204WA0091200952
B1744431850163S04141235WA0090400944
B1744471850162S04141268WA0089500936
B1744511850160S04141299WA0088700927
B1744551850158S04141330WA0087900917
B1744591850154S04141360WA0087200908
B1745031850148S04141387WA0086500900
B1745071850142S04141416WA0085600890
B1745111850136S04141446WA0085200879
B1745151850130S04141474WA0084300870
B1745191850125S04141504WA0083600861
B1745231850120S04141535WA0082700852
B1745271850111S04141563WA0082400844
B1745311850101S04141587WA0082000837
B1745351850091S04141613WA0081800830
B1745391850083S04141636WA0081800825
B1745431850076S04141660WA0080900819
B1745471850066S04141687WA0080200812
B1745511850055S04141716WA0079200805
B1745551850045S04141743WA0079200799
B1745591850031S04141767WA0078800796
B1746031850021S04141796WA0078200793
B1746071850013S04141828WA0077700788
B1746111850005S04141856WA0077500782
B1746151849995S04141889WA0076900777
B1746191849985S04141924WA0076800772
B1746231849977S04141957WA0076200767
B1746271849965S04141990WA0075400761
B1746311849951S04142017WA0074500757
B1746351849933S04142047WA0073100749
B1746391849919S04142078WA0072300744
B1746431849905S04142110WA0071200736
B1746471849892S04142143WA0070300730
B1746511849878S04142172WA0069600723
B1746551849862S04142202WA0068700716
B1746591849847S04142232WA0067900709
B1747031849835S04142263WA0067400702
B1747071849822S04142292WA0066700694
B1747111849811S04142326WA0066000686
B1747151849799S04142359WA0065500678
B1747191849790S04142395WA0064600670
B1747231849788S04142430WA0064200663
B1747271849786S04142464WA0063600655
B1747311849784S04142499WA0063300648
B1747351849783S04142533WA0063100643
B1747391849786S04142567WA0063100638
B1747431849788S04142598WA0063800635
B1747471849787S04142629WA0064200632
B1747511849785S04142657WA0064900630
B1747551849776S04142674WA0064800626
B1747591849764S04142673WA0065000619
B1748031849769S04142665WA0065000616
B1748071849784S04142664WA0065400615
B1748111849801S04142673WA0065100616
B1748151849818S04142690WA0065500617
B1748191849832S04142712WA0065400616
B1748231849842S04142736WA0065200613
B1748271849847S04142763WA0064600610
B1748311849850S04142788WA0064000606
B1748351849849S04142818WA0063200602
B1748391849847S04142845WA0062400599
B1748431849844S04142876WA0061600595
B1748471849841S04142904WA0060800592
B1748511849839S04142934WA0059700587
B1748551849839S04142961WA0059300580
B1748591849838S04142989WA0058100575
B1749031849837S04143016WA0057400569
B1749071849841S04143045WA0056500564
B1749111849848S04143069WA0056200559
B1749151849850S04143095WA0055300551
B1749191849846S04143121WA0054300542
B1749231849844S04143141WA0053800537
B1749271849845S04143168WA0053400532
B1749311849848S04143194WA0052900526
B1749351849851S04143217WA0052700523
B1749391849855S04143244WA0052200520
B1749431849859S04143269WA0052100514
B1749471849863S04143291WA0051700513
B1749511849867S04143315WA0051400511
B1749551849868S04143340WA0050800511
B1749591849864S04143366WA0050300509
B1750031849856S04143391WA0049300506
B1750071849848S04143419WA0048600503
B1750111849843S04143443WA0048100499
B1750151849838S04143468WA0047000494
B1750191849838S04143494WA0046700490
B1750231849837S04143517WA0045800484
B1750271849833S04143542WA0045200479
B1750311849828S04143566WA0044600474
B1750351849821S04143590WA0043600466
B1750391849809S04143612WA0042800458
B1750431849794S04143630WA0042100450
B1750471849781S04143650WA0041600444
B1750511849772S04143671WA0041400438
B1750551849759S04143692WA0040700436
B1750591849747S04143715WA0040000432
B1751031849735S04143739WA0039300426
B1751071849724S04143762WA0039100421
B1751111849714S04143787WA0038800414
B1751151849707S04143811WA0038500408
B1751191849702S04143836WA0038300401
B1751231849697S04143862WA0038000395
B1751271849696S04143889WA0037900391
B1751311849696S04143917WA0037800386
B1751351849696S04143946WA0037500381
B1751391849694S04143971WA0037400376
B1751431849690S04143999WA0036800371
B1751471849687S04144027WA0036500366
B1751511849686S04144054WA0035900361
B1751551849681S04144077WA0035900357
B1751591849674S04144103WA0035500354
B1752031849671S04144128WA0035700349
B1752071849670S04144154WA0035000346
B1752111849669S04144176WA0034900342
B1752151849668S04144202WA0034500336
B1752191849673S04144224WA0034400332
B1752231849679S04144246WA0034600330
B1752271849681S04144264WA0034800328
B1752311849663S04144269WA0034800323
B1752351849648S04144260WA0035600318
B1752391849648S04144249WA0035200315
B1752431849661S04144244WA0035600312
B1752471849676S04144245WA0035300311
B1752511849681S04144262WA0035400309
B1752551849684S04144285WA0035200308
B1752591849683S04144307WA0034600305
B1753031849685S04144330WA0034200302
B1753071849688S04144353WA0033500300
B1753111849694S04144375WA0033100297
B1753151849704S04144398WA0032300296
B1753191849706S04144420WA0031800294
B1753231849703S04144441WA0031500291
B1753271849700S04144463WA0030800287
B1753311849702S04144485WA0030400282
B1753351849709S04144506WA0029900278
B1753391849719S04144528WA0029400271
B1753431849724S04144549WA0029000266
B1753471849729S04144573WA0028400261
B1753511849736S04144594WA0028200256
B1753551849744S04144616WA0027700251
B1753591849756S04144638WA0027300245
B1754031849771S04144658WA0026900241
B1754071849788S04144677WA0026600238
B1754111849807S04144692WA0026500236
B1754151849830S04144703WA0026100234
B1754191849852S04144709WA0025600231
B1754231849875S04144712WA0025400228
B1754271849898S04144706WA0024800224
B1754311849917S04144696WA0024500220
B1754351849933S04144680WA0024000217
B1754391849944S04144660WA0023600213
B1754431849947S04144638WA0023100210
B1754471849948S04144615WA0022800205
B1754511849948S04144593WA0022500201
B1754551849944S04144571WA0022300196
B1754591849938S04144549WA0021100192
B1755031849924S04144532WA0021100187
B1755071849913S04144516WA0020800182
B1755111849911S04144506WA0021100178
B1755151849912S04144505WA0021000175
B1755191849912S04144505WA0020900172
B1755231849912S04144504WA0020900170
B1755271849912S04144503WA0020900174
B1755311849912S04144501WA0021000176
B1755351849912S04144501WA0021000178
B1755391849912S04144501WA0020900178
B1755431849912S04144499WA0021000180
B1755471849912S04144499WA0021000182
B1755511849912S04144499WA0021000185
B1755551849912S04144500WA0021000189
B1755591849912S04144500WA0021100188
B1756031849912S04144501WA0021000186
B1756071849912S04144501WA0021000185
B1756111849912S04144502WA0021000186
B1756151849912S04144502WA0021100184
B1756191849912S04144502WA0021000183
B1756231849912S04144502WA0021000184
B1756271849913S04144501WA0021000183
B1756311849913S04144501WA0021000183
B1756351849913S04144501WA0021000183
B1756391849913S04144502WA0021000184
B1756431849913S04144502WA0021000184
B1756471849914S04144501WA0021000187
B1756511849915S04144501WA0021000188
B1756551849914S04144501WA0021000189
B1756591849913S04144500WA0021000191
B1757031849913S04144500WA0021000193
B1757071849912S04144500WA0021000192
B1757111849913S04144499WA0021000191
B1757151849913S04144498WA0021000193
B1757191849913S04144497WA0021100192
B1757231849913S04144497WA0021000193
B1757271849913S04144498WA0021000192
B1757311849913S04144498WA0021000191
B1757351849913S04144498WA0021000191
B1757391849914S04144499WA0021000191
B1757431849915S04144498WA0021000188
B1757471849914S04144498WA0021000187
B1757511849913S04144498WA0021000190
B1757551849913S04144498WA0021000191
B1757591849913S04144498WA0021000192
B1758031849913S04144498WA0021000190
B1758071849912S04144498WA0021000188
B1758111849913S04144498WA0021000186
B1758151849913S04144498WA0021000185
B1758191849913S04144498WA0021000184
B1758231849913S04144498WA0021000183
B1758271849912S04144499WA0021000182
B1758311849912S04144499WA0021000182
B1758351849912S04144499WA0021000183
B1758391849912S04144499WA0021000182
B1758431849912S04144499WA0021000180
B1758471849912S04144499WA0021000180
B1758511849912S04144499WA0021000182
B1758551849912S04144499WA0021000184
B1758591849912S04144499WA0021000185
B1759031849913S04144499WA0021000187
B1759071849912S04144500WA0021000189
B1759111849912S04144499WA0021000190
B1759151849912S04144499WA0021000191
B1759191849912S04144499WA0021000189
B1759231849913S04144500WA0021000188
B1759271849913S04144499WA0021000188
B1759311849914S04144499WA0021000189
B1759351849914S04144499WA0021000190
B1759391849914S04144499WA0021000190
B1759431849914S04144499WA0021000190
B1759471849914S04144498WA0021000189
B1759511849914S04144498WA0021000189
B1759551849914S04144498WA0021000188
B1759591849914S04144498WA0021000188
B1800031849914S04144498WA0021000186
B1800071849913S04144499WA0021000186
B1800111849913S04144499WA0021000187
B1800151849913S04144500WA0021000188
B1800191849913S04144500WA0021000189
B1800231849913S04144500WA0021000189
B1800271849913S04144500WA0021000190
B1800311849913S04144500WA0021000190
B1800351849913S04144500WA0021000188
B1800391849912S04144500WA0021000187
B1800431849911S04144500WA0021000186
B1800471849911S04144501WA0021000182
B1800511849912S04144501WA0021000181
B1800551849913S04144500WA0021000183
B1800591849913S04144501WA0021000184
B1801031849914S04144502WA0021000182
B1801071849915S04144502WA0020900183
B1801111849915S04144502WA0021000184
B1801151849915S04144502WA0021000182
B1801191849915S04144503WA0021000179
B1801231849914S04144504WA0021000176
B1801271849914S04144505WA0021000174
B1801311849914S04144505WA0021000172
B1801351849913S04144505WA0021000174
B1801391849913S04144505WA0021000173
B1801431849913S04144505WA0021000174
B1801471849913S04144504WA0021000176
B1801511849913S04144504WA0021000178
B1801551849914S04144503WA0021000180
B1801591849914S04144502WA0021000181
B1802031849912S04144502WA0021000178
B1802071849912S04144502WA0021100179
B1802111849912S04144502WA0021000179
B1802151849913S04144501WA0021000179
B1802191849913S04144501WA0021000179
B1802231849913S04144501WA0021000179
B1802271849913S04144500WA0021000179
B1802311849914S04144500WA0021000180
B1802351849914S04144500WA0021000182
B1802391849914S04144500WA0021000183
B1802431849914S04144500WA0021000184
B1802471849914S04144500WA0021000183
B1802511849913S04144500WA0021000181
B1802551849913S04144500WA0021000180
B1802591849913S04144500WA0021000179
B1803031849913S04144500WA0021000180
B1803071849913S04144500WA0021000180
B1803111849913S04144500WA0021000180
B1803151849913S04144500WA0021000180
B1803191849913S04144500WA0021000180
B1803231849913S04144500WA0021000180
B1803271849913S04144500WA0021000180
B1803311849912S04144500WA0021000182
B1803351849912S04144500WA0021000183
B1803391849913S04144500WA0021000183
B1803431849913S04144500WA0021000183
B1803471849912S04144500WA0021000183
B1803511849912S04144500WA0021000184
B1803551849912S04144500WA0021000183
B1803591849913S04144499WA0021000183
B1804031849913S04144499WA0021000184
B1804071849913S04144500WA0021000186
B1804111849913S04144500WA0021000186
B1804151849913S04144500WA0021000188
B1804191849913S04144500WA0021000189
B1804231849913S04144500WA0021000188
B1804271849913S04144500WA0021000189
B1804311849913S04144500WA0021000189
B1804351849913S04144500WA0021000189
B1804391849913S04144500WA0021000189
B1804431849913S04144500WA0021000188
B1804471849913S04144500WA0021100187
B1804511849913S04144500WA0021000186
B1804551849913S04144500WA0021000186
B1804591849913S04144501WA0021000184
B1805031849912S04144500WA0021000185
B1805071849912S04144500WA0021000184
B1805111849912S04144501WA0021000182
B1805151849913S04144501WA0021000181
B1805191849913S04144501WA0021000181
B1805231849913S04144501WA0021000180
B1805271849913S04144501WA0021000180
B1805311849913S04144501WA0021000181
B1805351849913S04144501WA0021000180
B1805391849913S04144501WA0021000181
B1805431849914S04144501WA0021000180
B1805471849913S04144502WA0021000179
B1805511849913S04144502WA0021000178
B1805551849914S04144502WA0021000177
B1805591849913S04144502WA0021000177
B1806031849913S04144502WA0021000178
B1806071849914S04144502WA0021000178
B1806111849914S04144502WA0021000179
B1806151849914S04144501WA0021000181
B1806191849914S04144501WA0021000183
B1806231849914S04144501WA0021000184
B1806271849914S04144501WA0021000185
B1806311849914S04144501WA0021000186
B1806351849914S04144502WA0021000187
B1806391849914S04144502WA0021000188
B1806431849914S04144502WA0021000188
B1806471849914S04144502WA0021000188
B1806511849913S04144502WA0021000189
B1806551849913S04144502WA0021000188
B1806591849913S04144502WA0021000188
B1807031849913S04144502WA0021000188
B1807071849913S04144501WA0021000186
B1807111849913S04144501WA0021000186
B1807151849914S04144501WA0021000185
B1807191849913S04144501WA0021000183
B1807231849913S04144500WA0021000182
B1807271849913S04144500WA0021000181
B1807311849913S04144500WA0021000180
B1807351849913S04144500WA0021000180
B1807391849913S04144499WA0021000179
B1807431849913S04144499WA0021000179
B1807471849913S04144498WA0021000179
B1807511849913S04144499WA0021000179
B1807551849912S04144499WA0021000180
B1807591849912S04144499WA0021000180
B1808031849912S04144499WA0021000179
B1808071849912S04144499WA0020900179
B1808111849912S04144499WA0020900179
B1808151849912S04144499WA0021000179
B1808191849912S04144499WA0020900180
B1808231849912S04144499WA0020900181
B1808271849913S04144499WA0020900181
B1808311849913S04144499WA0020900182
B1808351849913S04144499WA0020900182
B1808391849913S04144500WA0021000183
B1808431849913S04144500WA0020900183
B1808471849913S04144500WA0021000183
B1808511849913S04144500WA0020900183
B1808551849913S04144500WA0021000184
B1808591849913S04144500WA0021000183
B1809031849913S04144500WA0021000183
B1809071849913S04144500WA0020900182
B1809111849913S04144499WA0021000182
B1809151849913S04144500WA0020900182
B1809191849913S04144499WA0021000182
B1809231849913S04144499WA0020900181
B1809271849913S04144499WA0020900180
B1809311849913S04144499WA0020900180
B1809351849913S04144499WA0020900181
B1809391849913S04144499WA0020900181
B1809431849912S04144499WA0020900182
B1809471849913S04144499WA0020900182
B1809511849913S04144499WA0020900182
B1809551849913S04144499WA0021000183
B1809591849913S04144499WA0020900183
B1810031849913S04144499WA0021000183
B1810071849913S04144500WA0020900184
B1810111849913S04144500WA0021000184
B1810151849913S04144500WA0021000184
B1810191849913S04144500WA0020900185
B1810231849913S04144500WA0020900185
B1810271849913S04144500WA0020900185
B1810311849913S04144500WA0020900185
B1810351849913S04144500WA0020900185
B1810391849913S04144500WA0020900185
B1810431849913S04144500WA0020900185
B1810471849913S04144500WA0020900185
B1810511849913S04144500WA0020900185
B1810551849913S04144500WA0020900184
B1810591849913S04144500WA0020900184
B1811031849913S04144500WA0021000185
B1811071849913S04144500WA0021000185
B1811111849913S04144501WA0020900185
B1811151849913S04144501WA0021000185
B1811191849913S04144501WA0021000185
B1811231849913S04144501WA0021000185
B1811271849913S04144501WA0021000185
B1811311849913S04144501WA0021000186
B1811351849913S04144500WA0021100186
B1811391849913S04144500WA0021000186
B1811431849913S04144500WA0021000187
B1811471849912S04144500WA0021000186
B1811511849913S04144500WA0021000185
B1811551849912S04144500WA0021000185
B1811591849913S04144500WA0021000185
B1812031849913S04144500WA0021000184
B1812071849913S04144500WA0021000183
B1812111849913S04144501WA0021000183
B1812151849913S04144501WA0021000183
B1812191849913S04144501WA0021000183
B1812231849913S04144501WA0021000183
B1812271849913S04144501WA0021000183
B1812311849913S04144501WA0021000184
B1812351849913S04144501WA0021000184
B1812391849913S04144501WA0021000184
B1812431849913S04144501WA0021000184
B1812471849913S04144501WA0021000183
B1812511849913S04144501WA0021000182
B1812551849913S04144501WA0021000182
B1812591849913S04144501WA0021000181
B1813031849913S04144501WA0021000182
B1813071849913S04144501WA0021000182
B1813111849914S04144501WA0021000182
B1813151849914S04144501WA0021000183
B1813191849914S04144501WA0021000183
B1813231849914S04144501WA0021000182
B1813271849913S04144501WA0021000182
B1813311849913S04144500WA0021100183
B1813351849913S04144500WA0021000184
B1813391849912S04144499WA0021000183
B1813431849912S04144499WA0021000183
B1813471849911S04144499WA0021100181
B1813511849912S04144498WA0021100181
B1813551849912S04144499WA0021000180
B1813591849912S04144499WA0021000181
B1814031849913S04144500WA0021000182
B1814071849913S04144499WA0021000184
B1814111849913S04144500WA0021000186
B1814151849913S04144500WA0021000187
B1814191849913S04144500WA0021000187
B1814231849913S04144500WA0021000188
B1814271849913S04144500WA0021000186
B1814311849914S04144501WA0021000187
B1814351849914S04144500WA0021000187
B1814391849914S04144501WA0021000187
B1814431849914S04144501WA0021000185
B1814471849914S04144502WA0021100185
B1814511849914S04144502WA0021000182
B1814551849914S04144502WA0021000180
B1814591849914S04144502WA0021000179
B1815031849914S04144501WA0021000180
B1815071849914S04144501WA0021000181
B1815111849915S04144502WA0021000181
B1815151849915S04144503WA0021000178
B1815191849915S04144504WA0021000179
B1815231849915S04144505WA0021000178
B1815271849915S04144505WA0021000177
B1815311849916S04144505WA0021000176
B1815351849916S04144505WA0021000176
B1815391849916S04144505WA0021000175
B1815431849916S04144505WA0021000176
B1815471849915S04144505WA0021000175
B1815511849915S04144504WA0021000174
B1815551849915S04144504WA0021000175
B1815591849915S04144504WA0021000176
B1816031849914S04144504WA0021000177
B1816071849914S04144504WA0021000178
B1816111849914S04144504WA0021000177
B1816151849914S04144504WA0021000177
B1816191849914S04144504WA0021000178
B1816231849914S04144504WA0021000178
B1816271849914S04144504WA0021000178
B1816311849913S04144504WA0021000177
B1816351849913S04144504WA0021000177
B1816391849913S04144504WA0021000175
B1816431849912S04144504WA0021000176
B1816471849912S04144504WA0021000177
B1816511849912S04144503WA0021000179
B1816551849912S04144502WA0021000179
B1816591849912S04144502WA0021000180
B1817031849913S04144502WA0021100180
B1817071849913S04144502WA0021000181
B1817111849912S04144501WA0021000182
B1817151849912S04144502WA0021100182
B1817191849912S04144502WA0021100181
B1817231849912S04144502WA0021100182
B1817271849912S04144502WA0021100183
B1817311849912S04144502WA0021100183
B1817351849911S04144502WA0021100181
B1817391849910S04144503WA0021000180
B1817431849910S04144502WA0021100180
B1817471849911S04144502WA0021100180
B1817511849911S04144502WA0021100180
B1817551849911S04144502WA0021100181
B1817591849911S04144501WA0021100181
B1818031849911S04144502WA0021100182
B1818071849911S04144502WA0021000181
B1818111849911S04144502WA0021100183
B1818151849911S04144501WA0021100181
B1818191849912S04144501WA0021100180
B1818231849912S04144501WA0021100179
B1818271849912S04144501WA0021000178
B1818311849912S04144501WA0021100178
B1818351849912S04144500WA0021000178
B1818391849912S04144500WA0021000178
B1818431849912S04144500WA0021000178
B1818471849912S04144500WA0021000178
B1818511849912S04144500WA0021000178
B1818551849912S04144499WA0021000178
B1818591849912S04144499WA0021000178
B1819031849912S04144499WA0021000177
B1819071849912S04144499WA0021000180
B1819111849912S04144499WA0021000181
B1819151849912S04144499WA0021000182
B1819191849912S04144499WA0021000182
B1819231849912S04144500WA0021000181
B1819271849913S04144500WA0021100180
B1819311849912S04144500WA0021000180
B1819351849913S04144500WA0021000179
B1819391849913S04144500WA0021100178
B1819431849913S04144499WA0021100178
B1819471849913S04144500WA0021000178
B1819511849913S04144500WA0021000179
B1819551849913S04144500WA0021000179
B1819591849914S04144501WA0021000179
B1820031849914S04144500WA0021000178
B1820071849914S04144500WA0021000179
B1820111849914S04144499WA0021100179
B1820151849914S04144500WA0021100180
B1820191849913S04144499WA0021000180
B1820231849913S04144499WA0021100179
B1820271849913S04144499WA0021000180
B1820311849913S04144499WA0021100179
B1820351849913S04144499WA0021000180
B1820391849913S04144498WA0021000180
B1820431849913S04144498WA0021000180
B1820471849913S04144498WA0021000180
B1820511849913S04144498WA0021000179
B1820551849913S04144498WA0021000179
B1820591849913S04144498WA0021000179
B1821031849913S04144498WA0021000178
B1821071849913S04144498WA0021100179
B1821111849913S04144498WA0021000179
B1821151849913S04144498WA0021000179
B1821191849913S04144498WA0021100178
B1821231849913S04144498WA0021000178
B1821271849913S04144498WA0021000177
B1821311849913S04144498WA0021000176
B1821351849914S04144498WA0021000176
B1821391849914S04144498WA0021000176
B1821431849914S04144498WA0021000177
B1821471849914S04144498WA0021000177
B1821511849913S04144498WA0021000177
B1821551849913S04144498WA0021000177
B1821591849913S04144498WA0021000178
B1822031849913S04144498WA0021000179
B1822071849913S04144499WA0021000179
B1822111849913S04144499WA0021000179
B1822151849913S04144499WA0021000178
B1822191849913S04144499WA0021000178
B1822231849914S04144499WA0021000178
B1822271849914S04144499WA0021000178
B1822311849914S04144498WA0021000177
B1822351849914S04144498WA0021000178
B1822391849913S04144498WA0021000178
B1822431849914S04144498WA0021000178
B1822471849914S04144499WA0021000178
B1822511849914S04144498WA0021000179
B1822551849914S04144499WA0021000180
B1822591849914S04144499WA0021000182
B1823031849914S04144499WA0021000183
B1823071849914S04144499WA0021000185
B1823111849914S04144500WA0021000187
B1823151849915S04144501WA0021000188
B1823191849915S04144501WA0021000189
B1823231849915S04144502WA0021000190
B1823271849915S04144502WA0021000190
B1823311849915S04144502WA0021000189
B1823351849914S04144502WA0021000189
B1823391849914S04144502WA0021000192
B1823431849914S04144502WA0021000192
B1823471849914S04144502WA0021000192
B1823511849914S04144502WA0021000192
B1823551849914S04144503WA0021000193
B1823591849914S04144504WA0021000193
B1824031849914S04144505WA0020900192
B1824071849913S04144507WA0020900192
B1824111849913S04144508WA0020900191
B1824151849913S04144510WA0020800190
B1824191849913S04144512WA0020800190
B1824231849912S04144512WA0020800190
B1824271849911S04144512WA0020700190
B1824311849908S04144512WA0020700190
B1824351849907S04144513WA0020600190
B1824391849905S04144513WA0020600190
B1824431849904S04144514WA0020500188
B1824471849902S04144515WA0020500186
B1824511849901S04144516WA0020400185
B1824551849900S04144517WA0020300185
B1824591849899S04144518WA0020300186
B1825031849897S04144519WA0020200185
B1825071849896S04144520WA0020100186
B1825111849895S04144521WA0020100185
B1825151849893S04144521WA0020000185
B1825191849892S04144521WA0019900180
B1825231849890S04144521WA0019900177
B1825271849888S04144523WA0019800176
B1825311849888S04144524WA0019800175
B1825351849887S04144525WA0019800176
B1825391849886S04144525WA0019700175
B1825431849884S04144526WA0019700175
B1825471849882S04144528WA0019700175
B1825511849880S04144530WA0019600172
B1825551849879S04144531WA0019600172
B1825591849877S04144533WA0019600174
B1826031849875S04144534WA0019500173
B1826071849875S04144537WA0019500171
B1826111849874S04144539WA0019500169
B1826151849874S04144541WA0019400169
B1826191849873S04144543WA0019300169
B1826231849871S04144544WA0019300169
B1826271849871S04144545WA0019200171
B1826311849869S04144547WA0019100173
B1826351849868S04144549WA0019100175
B1826391849867S04144551WA0019100174
B1826431849866S04144553WA0019000174
B1826471849863S04144555WA0018900174
B1826511849862S04144555WA0018800173
B1826551849859S04144557WA0018800174
B1826591849857S04144559WA0018700172
B1827031849856S04144560WA0018600171
B1827071849854S04144561WA0018600170
B1827111849853S04144561WA0018600171
B1827151849852S04144562WA0018500169
B1827191849852S04144563WA0018500167
B1827231849851S04144564WA0018400163
B1827271849851S04144564WA0018400162
B1827311849851S04144565WA0018300156
B1827351849851S04144567WA0018300153
B1827391849851S04144568WA0018300153
B1827431849851S04144568WA0018300154
B1827471849851S04144568WA0018300153
B1827511849851S04144567WA0018400153
B1827551849851S04144567WA0018300154
B1827591849851S04144567WA0018400154
B1828031849851S04144567WA0018400154
B1828071849852S04144567WA0018300152
B1828111849852S04144569WA0018200152
B1828151849851S04144571WA0018200153
B1828191849848S04144573WA0018200155
B1828231849847S04144574WA0018200155
B1828271849844S04144574WA0018200155
B1828311849841S04144575WA0018200157
B1828351849838S04144575WA0018200158
B1828391849835S04144576WA0018100159
B1828431849833S04144577WA0018200159
B1828471849830S04144578WA0018200158
B1828511849828S04144579WA0018200158
B1828551849825S04144579WA0018100158
B1828591849823S04144579WA0018200158
B1829031849821S04144580WA0018200157
B1829071849818S04144580WA0018200156
B1829111849816S04144580WA0018200157
B1829151849814S04144579WA0018200157
B1829191849812S04144578WA0018200158
B1829231849810S04144578WA0018200159
B1829271849807S04144578WA0018200159
B1829311849804S04144578WA0018100158
B1829351849802S04144578WA0018100159
B1829391849798S04144578WA0018100158
B1829431849795S04144578WA0018100158
B1829471849793S04144578WA0018000157
B1829511849790S04144578WA0018100157
B1829551849787S04144577WA0018000157
B1829591849785S04144577WA0018100156
B1830031849782S04144577WA0018000156
B1830071849779S04144576WA0018000156
B1830111849776S04144577WA0018000156
B1830151849774S04144578WA0018000157
B1830191849771S04144578WA0018000157
B1830231849769S04144579WA0018000157
B1830271849765S04144579WA0018000157
B1830311849762S04144578WA0018000156
B1830351849760S04144577WA0018000156
B1830391849758S04144576WA0018000156
B1830431849756S04144574WA0018000156
B1830471849754S04144572WA0018000155
B1830511849752S04144571WA0018000154
B1830551849750S04144570WA0018000155
B1830591849748S04144570WA0018100155
B1831031849745S04144570WA0018000155
B1831071849743S04144571WA0018000154
B1831111849740S04144571WA0018000153
B1831151849738S04144572WA0018100154
B1831191849736S04144571WA0018100153
B1831231849735S04144571WA0018100152
B1831271849732S04144571WA0018100153
B1831311849730S04144571WA0018100153
B1831351849727S04144570WA0018100153
B1831391849725S04144570WA0018100153
B1831431849722S04144570WA0018000153
B1831471849720S04144570WA0018100153
B1831511849718S04144569WA0018100152
B1831551849717S04144569WA0018200151
B1831591849715S04144570WA0018200151
B1832031849713S04144570WA0018200150
B1832071849710S04144570WA0018200150
B1832111849709S04144570WA0018100150
B1832151849708S04144570WA0018200150
B1832191849708S04144571WA0018300150
B1832231849707S04144571WA0018300149
B1832271849706S04144571WA0018200147
B1832311849703S04144571WA0018200147
B1832351849701S04144572WA0018200146
B1832391849699S04144572WA0018200146
B1832431849696S04144571WA0018200145
B1832471849695S04144571WA0018200145
B1832511849693S04144568WA0018200146
B1832551849692S04144566WA0018200145
B1832591849691S04144563WA0018200146
B1833031849689S04144561WA0018200146
B1833071849688S04144560WA0018300146
B1833111849688S04144559WA0018300145
B1833151849688S04144559WA0018200144
B1833191849687S04144558WA0018200145
B1833231849687S04144558WA0018200146
B1833271849687S04144557WA0018200146
B1833311849687S04144557WA0018200146
B1833351849687S04144557WA0018200146
B1833391849688S04144557WA0018200147
B1833431849688S04144557WA0018200147
B1833471849689S04144557WA0018200147
B1833511849689S04144557WA0018200147
B1833551849689S04144557WA0018200147
B1833591849690S04144557WA0018200148
B1834031849689S04144557WA0018200148
B1834071849688S04144557WA0018200149
B1834111849687S04144556WA0018200149
B1834151849687S04144556WA0018200149
B1834191849687S04144556WA0018200149
B1834231849688S04144555WA0018200148
B1834271849688S04144555WA0018200147
B1834311849688S04144555WA0018200148
B1834351849688S04144555WA0018100149
B1834391849688S04144555WA0018200150
B1834431849688S04144555WA0018200152
B1834471849688S04144555WA0018200152
B1834511849689S04144555WA0018200153
B1834551849690S04144556WA0018200151
B1834591849690S04144556WA0018200151
B1835031849689S04144557WA0018200151
B1835071849688S04144557WA0018200148
B1835111849687S04144557WA0018200147
B1835151849687S04144557WA0018200147
B1835191849687S04144557WA0018200146
B1835231849688S04144557WA0018200147
B1835271849688S04144557WA0018200148
B1835311849688S04144557WA0018200147
B1835351849688S04144556WA0018100147
B1835391849689S04144556WA0018200147
B1835431849689S04144556WA0018200147
B1835471849690S04144556WA0018200147
B1835511849691S04144556WA0018200147
B1835551849691S04144556WA0018200145
B1835591849691S04144556WA0018200145
B1836031849691S04144556WA0018200144
B1836071849692S04144556WA0018200143
B1836111849692S04144556WA0018200142
B1836151849692S04144556WA0018200141
B1836191849691S04144555WA0018200141
B1836231849692S04144555WA0018200141
B1836271849692S04144556WA0018200142
B1836311849693S04144556WA0018200143
B1836351849692S04144556WA0018200143
B1836391849692S04144555WA0018200143
B1836431849691S04144555WA0018200143
B1836471849691S04144555WA0018200142
B1836511849691S04144555WA0018200142
B1836551849692S04144554WA0018200140
B1836591849692S04144554WA0018200140
B1837031849692S04144555WA0018200140
B1837071849692S04144555WA0018200139
B1837111849692S04144555WA0018100138
B1837151849692S04144554WA0018100139
B1837191849692S04144555WA0018200139
B1837231849692S04144555WA0018200140
B1837271849692S04144555WA0018200140
B1837311849693S04144555WA0018100140
B1837351849693S04144555WA0018200140
B1837391849693S04144556WA0018100142
B1837431849693S04144557WA0018100141
B1837471849692S04144556WA0018200142
B1837511849693S04144556WA0018200142
B1837551849693S04144557WA0018200142
B1837591849692S04144556WA0018200141
B1838031849692S04144556WA0018200140
B1838071849692S04144556WA0018200140
B1838111849692S04144556WA0018200140
B1838151849692S04144556WA0018200140
B1838191849692S04144556WA0018100141
B1838231849692S04144556WA0018100140
B1838271849692S04144556WA0018100140
B1838311849692S04144556WA0018100140
B1838351849692S04144556WA0018100139
B1838391849692S04144556WA0018100138
B1838431849691S04144556WA0018100137
B1838471849691S04144555WA0018100136
B1838511849691S04144556WA0018100137
B1838551849691S04144556WA0018100137
B1838591849691S04144557WA0018200138
B1839031849690S04144556WA0018200137
B1839071849689S04144556WA0018200137
B1839111849689S04144555WA0018200137
B1839151849689S04144556WA0018200138
B1839191849689S04144555WA0018200138
B1839231849689S04144555WA0018200138
B1839271849689S04144554WA0018200138
B1839311849689S04144554WA0018100138
B1839351849689S04144553WA0018100137
B1839391849689S04144553WA0018200138
B1839431849689S04144553WA0018100139
B1839471849689S04144554WA0018200139
B1839511849689S04144554WA0018200139
B1839551849688S04144553WA0018100139
B1839591849689S04144553WA0018100139
B1840031849689S04144553WA0018100139
B1840071849688S04144553WA0018100138
B1840111849688S04144552WA0018100137
B1840151849688S04144552WA0018100136
B1840191849688S04144553WA0018100136
B1840231849688S04144553WA0018100136
B1840271849688S04144554WA0018100137
B1840311849688S04144553WA0018100137
B1840351849688S04144554WA0018200137
B1840391849688S04144553WA0018200137
B1840431849688S04144553WA0018200137
B1840471849689S04144552WA0018200136
B1840511849689S04144552WA0018200136
B1840551849689S04144553WA0018200136
B1840591849689S04144553WA0018200137
B1841031849689S04144553WA0018100137
B1841071849689S04144554WA0018100137
B1841111849689S04144553WA0018200137
B1841151849689S04144553WA0018100136
B1841191849689S04144553WA0018200136
B1841231849690S04144553WA0018200136
B1841271849690S04144553WA0018100137
B1841311849689S04144553WA0018100137
B1841351849689S04144552WA0018100137
B1841391849689S04144553WA0018100137
B1841431849689S04144553WA0018100137
B1841471849689S04144553WA0018100137
B1841511849689S04144553WA0018100138
B1841551849689S04144554WA0018100139
B1841591849689S04144554WA0018200139
B1842031849689S04144554WA0018100139
B1842071849689S04144554WA0018200140
B1842111849689S04144555WA0018200141
B1842151849689S04144555WA0018200141
B1842191849689S04144555WA0018100141
B1842231849689S04144555WA0018200141
B1842271849689S04144555WA0018100141
B1842311849689S04144555WA0018200142
B1842351849689S04144556WA0018100142
B1842391849689S04144556WA0018200142
B1842431849689S04144556WA0018100142
B1842471849689S04144556WA0018100143
B1842511849689S04144556WA0018100143
B1842551849689S04144557WA0018100144
B1842591849689S04144557WA0018100144
B1843031849689S04144557WA0018100144
B1843071849689S04144557WA0018100145
B1843111849689S04144557WA0018100145
B1843151849689S04144557WA0018100145
B1843191849689S04144557WA0018100145
B1843231849689S04144557WA0018100145
B1843271849689S04144557WA0018100145
B1843311849689S04144557WA0018100145
B1843351849688S04144556WA0018100145
B1843391849689S04144557WA0018200145
B1843431849689S04144556WA0018100145
B1843471849689S04144556WA0018200145
B1843511849689S04144556WA0018200144
B1843551849688S04144556WA0018200146
B1843591849688S04144556WA0018200146
B1844031849688S04144556WA0018200146
B1844071849688S04144556WA0018200147
B1844111849689S04144556WA0018100147
B1844151849689S04144556WA0018200147
B1844191849689S04144555WA0018100146
B1844231849689S04144555WA0018100146
B1844271849689S04144555WA0018100145
B1844311849689S04144554WA0018100145
B1844351849689S04144554WA0018100145
B1844391849689S04144554WA0018100145
B1844431849689S04144553WA0018100144
B1844471849689S04144553WA0018100144
B1844511849688S04144552WA0018100143
B1844551849688S04144552WA0018100142
B1844591849688S04144552WA0018100142
B1845031849688S04144553WA0018100143
B1845071849688S04144553WA0018100144
B1845111849688S04144553WA0018100145
B1845151849688S04144553WA0018100145
B1845191849689S04144553WA0018100144
B1845231849689S04144553WA0018100144
B1845271849689S04144553WA0018200143
B1845311849689S04144553WA0018200143
B1845351849690S04144553WA0018200142
B1845391849690S04144553WA0018100142
B1845431849690S04144553WA0018100142
B1845471849690S04144552WA0018200142
B1845511849690S04144552WA0018100142
B1845551849690S04144552WA0018100141
B1845591849690S04144552WA0018100141
B1846031849690S04144552WA0018100140
B1846071849690S04144552WA0018200139
B1846111849690S04144552WA0018100139
B1846151849691S04144551WA0018100139
B1846191849691S04144551WA0018100138
B1846231849691S04144552WA0018100139
B1846271849691S04144552WA0018100138
B1846311849691S04144552WA0018100138
B1846351849691S04144552WA0018100137
B1846391849691S04144552WA0018100138
B1846431849691S04144553WA0018100139
B1846471849691S04144553WA0018100139
B1846511849691S04144553WA0018100139
B1846551849691S04144554WA0018100139
B1846591849692S04144553WA0018100139
B1847031849691S04144553WA0018100139
B1847071849691S04144554WA0018100139
B1847111849691S04144554WA0018100140
B1847151849691S04144554WA0018100140
B1847191849691S04144554WA0018100140
B1847231849691S04144555WA0018100140
B1847271849691S04144554WA0018200140
B1847311849691S04144554WA0018100141
B1847351849691S04144554WA0018100141
B1847391849691S04144554WA0018100140
B1847431849691S04144554WA0018100141
B1847471849691S04144554WA0018100141
B1847511849691S04144554WA0018100141
B1847551849691S04144554WA0018100141
B1847591849691S04144554WA0018100141
B1848031849691S04144554WA0018100141
B1848071849691S04144554WA0018100142
B1848111849691S04144554WA0018100142
B1848151849690S04144555WA0018100143
B1848191849690S04144555WA0018100144
B1848231849690S04144555WA0018100145
B1848271849690S04144555WA0018100145
B1848311849690S04144555WA0018200145
B1848351849690S04144555WA0018100144
B1848391849690S04144555WA0018200145
B1848431849690S04144555WA0018100145
B1848471849690S04144555WA0018100144
B1848511849690S04144555WA0018100144
B1848551849690S04144555WA0018100144
B1848591849690S04144556WA0018200144
B1849031849690S04144555WA0018100144
B1849071849690S04144556WA0018100143
B1849111849690S04144555WA0018100143
B1849151849690S04144555WA0018100143
B1849191849690S04144555WA0018100143
B1849231849690S04144554WA0018100142
B1849271849690S04144554WA0018100142
B1849311849691S04144554WA0018200142
B1849351849691S04144554WA0018200141
B1849391849691S04144553WA0018100141
B1849431849690S04144553WA0018200140
B1849471849690S04144553WA0018200140
B1849511849690S04144553WA0018100141
B1849551849690S04144553WA0018100141
B1849591849690S04144553WA0018100141
B1850031849689S04144553WA0018100141
B1850071849690S04144553WA0018100141
B1850111849690S04144553WA0018100141
B1850151849690S04144553WA0018100141
B1850191849690S04144553WA0018200140
B1850231849690S04144553WA0018200140
B1850271849690S04144553WA0018100140
B1850311849691S04144554WA0018100141
B1850351849691S04144554WA0018100141
B1850391849691S04144555WA0018100141
B1850431849691S04144555WA0018100142
B1850471849691S04144555WA0018100142
B1850511849691S04144556WA0018100142
B1850551849692S04144556WA0018100143
B1850591849692S04144557WA0018100144
B1851031849692S04144558WA0018100145
B1851071849692S04144558WA0018100145
B1851111849692S04144558WA0018100145
B1851151849692S04144559WA0018100146
B1851191849693S04144559WA0018100146
B1851231849692S04144559WA0018100146
B1851271849692S04144558WA0018100147
B1851311849692S04144557WA0018100147
B1851351849692S04144557WA0018100146
B1851391849693S04144556WA0018100145
B1851431849693S04144555WA0018100145
B1851471849693S04144554WA0018100146
B1851511849693S04144554WA0018100146
B1851551849694S04144554WA0018100145
B1851591849694S04144554WA0018100143
B1852031849695S04144554WA0018100141
B1852071849695S04144554WA0018100139
B1852111849695S04144554WA0018100139
B1852151849695S04144554WA0018100137
B1852191849696S04144553WA0018100135
B1852231849696S04144553WA0018100135
B1852271849696S04144553WA0018100136
B1852311849696S04144554WA0018100136
B1852351849696S04144555WA0018100137
B1852391849697S04144554WA0018100137
B1852431849696S04144553WA0018100137
B1852471849696S04144553WA0018100137
B1852511849695S04144553WA0018100136
B1852551849695S04144554WA0018100137
B1852591849696S04144555WA0018100138
B1853031849695S04144555WA0018100137
B1853071849695S04144554WA0018100137
B1853111849695S04144556WA0018100138
B1853151849695S04144559WA0018100139
B1853191849694S04144559WA0018100140
B1853231849694S04144559WA0018100141
B1853271849693S04144560WA0018100141
B1853311849692S04144559WA0018100141
B1853351849691S04144557WA0018100142
B1853391849690S04144557WA0018100142
B1853431849691S04144557WA0018100143
B1853471849691S04144556WA0018100143
B1853511849691S04144556WA0018100142
B1853551849691S04144555WA0018100142
B1853591849691S04144556WA0018100143
B1854031849691S04144557WA0018100144
B1854071849691S04144557WA0018100144
B1854111849691S04144557WA0018100144
B1854151849691S04144557WA0018100143
B1854191849691S04144557WA0018100143
B1854231849691S04144556WA0018100142
B1854271849691S04144557WA0018100142
B1854311849691S04144557WA0018100143
B1854351849691S04144557WA0018100143
B1854391849691S04144557WA0018100144
B1854431849692S04144557WA0018100144
B1854471849692S04144557WA0018100144
B1854511849693S04144558WA0018100145
B1854551849693S04144558WA0018100145
B1854591849694S04144557WA0018100145
B1855031849694S04144558WA0018100145
B1855071849694S04144558WA0018100146
B1855111849694S04144558WA0018100146
B1855151849694S04144558WA0018100146
B1855191849693S04144559WA0018100146
B1855231849693S04144559WA0018100145
B1855271849692S04144558WA0018100145
B1855311849692S04144558WA0018100144
B1855351849692S04144557WA0018100143
B1855391849692S04144556WA0018100142
B1855431849691S04144556WA0018100140
B1855471849691S04144556WA0018100139
B1855511849691S04144555WA0018100138
B1855551849691S04144555WA0018100137
B1855591849691S04144555WA0018100135
B1856031849691S04144555WA0018100135
B1856071849691S04144553WA0018100136
B1856111849691S04144553WA0018100137
B1856151849690S04144554WA0018100138
B1856191849690S04144554WA0018100137
B1856231849691S04144555WA0018100135
B1856271849691S04144555WA0018100137
B1856311849691S04144556WA0018100137
B1856351849691S04144556WA0018100136
B1856391849692S04144557WA0018100136
B1856431849691S04144557WA0018100139
B1856471849690S04144557WA0018100141
B1856511849690S04144557WA0018100141
B1856551849690S04144557WA0018100142
B1856591849690S04144558WA0018100143
B1857031849690S04144558WA0018100143
B1857071849690S04144557WA0018100144
B1857111849690S04144557WA0018100144
B1857151849690S04144557WA0018100144
B1857191849690S04144558WA0018100144
B1857231849690S04144557WA0018100142
B1857271849691S04144557WA0018100141
B1857311849691S04144557WA0018100141
B1857351849691S04144557WA0018100140
B1857391849691S04144557WA0018100140
B1857431849692S04144556WA0018100140
B1857471849692S04144555WA0018100140
B1857511849692S04144556WA0018100140
B1857551849692S04144556WA0018100141
B1857591849692S04144557WA0018100141
B1858031849692S04144557WA0018100141
B1858071849692S04144557WA0018100142
B1858111849692S04144557WA0018100143
B1858151849691S04144557WA0018100143
B1858191849691S04144557WA0018100145
B1858231849691S04144557WA0018100146
B1858271849691S04144557WA0018100147
B1858311849691S04144558WA0018100148
B1858351849691S04144558WA0018100148
B1858391849691S04144558WA0018100148
B1858431849691S04144558WA0018100148
B1858471849690S04144558WA0018100149
B1858511849690S04144557WA0018100150
B1858551849690S04144557WA0018100150
B1858591849690S04144557WA0018100150
B1859031849690S04144557WA0018100151
B1859071849690S04144557WA0018100150
B1859111849690S04144557WA0018100151
B1859151849690S04144556WA0018100151
B1859191849690S04144556WA0018100151
B1859231849690S04144556WA0018100152
B1859271849690S04144556WA0018100152
B1859311849690S04144556WA0018000152
B1859351849690S04144557WA0018100153
B1859391849690S04144556WA0018100153
B1859431849689S04144556WA0018100154
B1859471849689S04144556WA0018100154
B1859511849689S04144557WA0018100154
B1859551849689S04144556WA0018100154
B1859591849689S04144555WA0018100153
B1900031849690S04144555WA0018100152
B1900071849690S04144555WA0018100153
B1900111849689S04144555WA0018100154
B1900151849689S04144556WA0018100155
B1900191849689S04144557WA0018100154
B1900231849690S04144557WA0018100154
B1900271849690S04144556WA0018100153
B1900311849690S04144556WA0018100153
B1900351849691S04144556WA0018100154
B1900391849691S04144556WA0018100149
B1900431849691S04144556WA0018100147
B1900471849690S04144556WA0018100147
B1900511849691S04144553WA0018100148
B1900551849690S04144551WA0018100149
B1900591849689S04144550WA0018100149
B1901031849689S04144549WA0018100148
B1901071849689S04144550WA0018100148
B1901111849688S04144550WA0018100147
B1901151849687S04144550WA0018100147
B1901191849687S04144549WA0018100147
B1901231849686S04144549WA0018100147
B1901271849685S04144550WA0018100148
B1901311849686S04144552WA0018100148
B1901351849686S04144551WA0018100147
B1901391849687S04144552WA0018100147
B1901431849687S04144553WA0018000147
B1901471849691S04144557WA0018100148
B1901511849697S04144570WA0018100151
B1901551849703S04144589WA0018100152
B1901591849710S04144610WA0018100151
B1902031849715S04144636WA0018200145
B1902071849711S04144666WA0018400145
B1902111849701S04144696WA0018500147
B1902151849683S04144729WA0018400148
B1902191849664S04144766WA0018300150
B1902231849642S04144807WA0018200152
B1902271849618S04144851WA0018000152
B1902311849594S04144895WA0018000154
B1902371849571S04144956WA0018300157
B1902471849604S04145046WV0018400000
B1902511849641S04145069WV0018200000
B1902551849677S04145094WA0017800162
B1902591849710S04145120WA0017600162
B1903031849749S04145143WA0017600162
B1903071849770S04145158WA0017500165
B1903111849779S04145164WA0017500173
B1903151849781S04145166WA0017500173
B1903191849783S04145165WA0017500175
B1903231849783S04145167WA0017500176
B1903271849778S04145169WA0017500176
B1903311849773S04145168WA0017500176
B1903351849769S04145166WA0017500178
B1903391849761S04145164WA0017400180
B1903431849752S04145161WA0017400179
B1903471849742S04145154WA0017400179
B1903511849731S04145145WA0017400178
B1903551849721S04145133WA0017500178
B1903591849711S04145129WA0017500182
B1904031849702S04145129WA0017400184
B1904071849687S04145126WA0017400184
B1904111849671S04145120WA0017400184
B1904151849654S04145115WA0017300182
B1904191849639S04145120WA0017300183
B1904231849623S04145125WA0017300178
B1904271849605S04145129WA0017300172
B1904311849589S04145136WA0017300167
B1904351849574S04145143WA0017300164
B1904391849559S04145153WA0017300161
B1904431849546S04145163WA0017300159
B1904471849533S04145175WA0017400156
B1904511849523S04145181WA0017400151
B1904551849512S04145186WA0017400150
B1904591849499S04145194WA0017400148
B1905031849485S04145202WA0017400148
B1905071849475S04145206WA0017400145
B1905111849469S04145209WA0017400144
B1905151849465S04145212WA0017400142
B1905191849461S04145216WA0017400141
B1905231849457S04145218WA0017400139
B1905271849452S04145221WA0017500138
B1905311849446S04145226WA0017500136
B1905351849435S04145235WA0017600135
B1905391849424S04145246WA0017800135
B1905431849412S04145254WA0018000134
B1905471849396S04145265WA0018000134
B1905511849375S04145272WA0018200134
B1905551849356S04145282WA0018300133
B1905591849338S04145290WA0018200133
B1906031849316S04145291WA0018200131
B1906071849296S04145288WA0018100128
B1906111849275S04145283WA0018100126
B1906151849253S04145281WA0018000125
B1906191849237S04145278WA0018000126
B1906231849225S04145275WA0018000125
B1906271849211S04145275WA0017900126
B1906311849197S04145272WA0017900128
B1906351849185S04145264WA0017900129
B1906391849173S04145251WA0018100128
B1906431849161S04145240WA0018200127
B1906471849150S04145231WA0018300126
B1906511849136S04145220WA0018400126
B1906551849122S04145211WA0018200127
B1906591849108S04145202WA0018000126
B1907031849092S04145189WA0017900127
B1907071849079S04145178WA0017800128
B1907111849065S04145170WA0017800129
B1907151849052S04145169WA0017900129
B1907191849040S04145167WA0017900130
B1907231849029S04145164WA0017900128
B1907271849016S04145159WA0017800127
B1907311849004S04145157WA0017800126
B1907351848994S04145158WA0017800127
B1907391848989S04145159WA0017700127
B1907431848988S04145159WA0017800129
B1907471848988S04145160WA0017800131
B1907511848988S04145160WA0017800130
B1907551848987S04145160WA0017800131
B1907591848987S04145160WA0017800131
B1908031848986S04145160WA0017800133
B1908071848985S04145160WA0017800134
B1908111848986S04145160WA0017800135
B1908151848986S04145160WA0017800136
B1908191848986S04145160WA0017900136
B1908231848987S04145160WA0017800136
B1908271848987S04145160WA0017800136
B1908311848987S04145160WA0017900139
B1908351848988S04145160WA0017900139
B1908391848987S04145160WA0017900140
B1908431848987S04145160WA0017900140
B1908471848987S04145160WA0017900141
B1908511848987S04145159WA0017900144
B1908551848987S04145158WA0017900144
B1908591848987S04145159WA0017900145
B1909031848988S04145160WA0017800145
B1909071848988S04145160WA0017900146
B1909111848989S04145161WA0017900147
B1909151848990S04145161WA0017800147
B1909191848990S04145161WA0017800147
B1909231848990S04145161WA0017800148
B1909271848989S04145160WA0017900148
B1909311848990S04145161WA0017900147
B1909351848990S04145161WA0017900147
B1909391848990S04145161WA0017800147
B1909431848990S04145161WA0017800147
B1909471848990S04145160WA0017800146
B1909511848990S04145160WA0017800145
B1909551848990S04145160WA0017900145
B1909591848989S04145160WA0017900145
B1910031848989S04145160WA0017900145
B1910071848989S04145160WA0017800144
B1910111848989S04145160WA0017800144
B1910151848989S04145160WA0017800144
B1910191848989S04145160WA0017800144
B1910231848989S04145160WA0017900146
B1910271848988S04145160WA0017900145
B1910311848988S04145159WA0017900146
B1910351848988S04145160WA0017900146
B1910391848988S04145159WA0017900146
B1910431848988S04145160WA0017900146
B1910471848988S04145160WA0017900147
B1910511848988S04145160WA0017800148
B1910551848988S04145160WA0017800150
B1910591848988S04145161WA0017900151
B1911031848989S04145161WA0017800152
B1911071848989S04145161WA0017900153
B1911111848989S04145160WA0017900154
B1911151848988S04145160WA0017900154
B1911191848989S04145159WA0017900154
B1911231848988S04145159WA0017800153
B1911271848987S04145159WA0017900153
B1911311848987S04145159WA0017800153
B1911351848987S04145159WA0017800152
B1911391848987S04145159WA0017800151
B1911431848986S04145160WA0017800150
B1911471848986S04145162WA0017800150
B1911511848985S04145161WA0017800150
B1911551848986S04145159WA0017800150
B1911591848987S04145158WA0017800148
B1912031848989S04145160WA0017800148
B1912071848990S04145161WA0017800148
B1912111848990S04145161WA0017800147
B1912151848989S04145161WA0017800148
B1912191848990S04145161WA0017800148
B1912231848993S04145160WA0017900147
B1912271848996S04145158WA0017900146
B1912311849000S04145156WA0017900146
B1912351849005S04145155WA0017900145
B1912391849014S04145156WA0018000144
B1912431849026S04145159WA0018000144
B1912471849036S04145162WA0018000143
B1912511849046S04145165WA0018000142
B1912551849057S04145168WA0018000140
B1912591849072S04145172WA0017900139
B1913031849085S04145183WA0017900140
B1913071849097S04145198WA0018000139
B1913111849110S04145211WA0018200140
B1913151849124S04145220WA0018500139
B1913191849138S04145230WA0018500138
B1913231849154S04145239WA0018500136
B1913271849165S04145249WA0018300136
B1913311849176S04145259WA0018200135
B1913351849184S04145271WA0018000134
B1913391849194S04145279WA0017900133
B1913431849203S04145284WA0017900131
B1913471849213S04145287WA0018100129
B1913511849227S04145290WA0018100128
B1913551849246S04145293WA0018200127
B1913591849265S04145293WA0018200127
B1914031849285S04145296WA0018300127
B1914071849305S04145299WA0018300126
B1914111849325S04145299WA0018300124
B1914151849344S04145296WA0018400122
B1914191849359S04145287WA0018500121
B1914231849377S04145280WA0018300120
B1914271849394S04145272WA0018200119
B1914311849410S04145260WA0018100122
B1914351849423S04145251WA0017900121
B1914391849434S04145238WA0017700120
B1914431849445S04145226WA0017600118
B1914471849450S04145223WA0017500118
B1914511849456S04145217WA0017500116
B1914551849462S04145211WA0017400110
B1914591849468S04145207WA0017400108
B1915031849479S04145203WA0017500107
B1915071849493S04145195WA0017600110
B1915111849508S04145188WA0017500110
B1915151849519S04145182WA0017500112
B1915191849532S04145173WA0017600117
B1915231849548S04145158WA0017600120
B1915271849562S04145146WA0017500123
B1915311849574S04145137WA0017400124
B1915351849588S04145132WA0017500125
B1915391849602S04145128WA0017400124
B1915431849612S04145122WA0017400123
B1915471849620S04145116WA0017400122
B1915511849634S04145118WA0017500120
B1915551849650S04145127WA0017600119
B1915591849669S04145129WA0017600119
B1916031849682S04145130WA0017600118
B1916071849697S04145134WA0017700118
B1916111849713S04145145WA0017700115
B1916151849728S04145155WA0017600110
B1916191849743S04145162WA0017600112
B1916231849751S04145166WA0017600114
B1916271849757S04145168WA0017600116
B1916311849761S04145167WA0017600116
B1916351849767S04145167WA0017600117
B1916391849778S04145173WA0017700117
B1916431849793S04145187WA0017900118
B1916471849815S04145204WA0018000120
B1916511849842S04145225WA0018200121
B1916551849871S04145250WA0018200121
B1916591849899S04145281WA0018200123
B1917031849919S04145320WA0018200123
B1917071849933S04145366WA0018200123
B1917111849943S04145414WA0018000124
B1917151849957S04145462WA0017900124
B1917191849985S04145506WA0018100128
B1917231850023S04145547WA0018500125
B1917271850065S04145590WA0018800129
B1917311850108S04145634WA0019000133
B1917351850152S04145679WA0019200136
B1917391850197S04145726WA0019100138
B1917431850242S04145772WA0018900138
B1917471850286S04145817WA0017500138
B1917511850328S04145862WA0017300141
B1917551850369S04145902WA0017500144
B1917591850411S04145934WA0017600146
B1918031850463S04145947WA0017400148
B1918071850508S04145952WA0017400149
B1918111850549S04145958WA0017400151
B1918151850577S04145983WA0017500153
B1918191850588S04146023WA0017500154
B1918231850582S04146067WA0017400156
B1918271850566S04146116WA0017200157
B1918311850547S04146167WA0017200155
B1918351850532S04146220WA0017300154
B1918391850528S04146274WA0017300153
B1918431850528S04146329WA0017400152
B1918471850528S04146385WA0017500151
B1918511850530S04146442WA0017600152
B1918551850537S04146500WA0017600155
B1918591850558S04146554WA0017700156
B1919031850587S04146607WA0017800158
B1919071850617S04146661WA0017900163
B1919111850649S04146718WA0018100167
B1919151850680S04146772WA0018000167
B1919191850716S04146818WA0018000165
B1919231850764S04146853WA0018000166
B1919271850822S04146872WA0017900163
B1919311850884S04146877WA0017800156
B1919351850940S04146884WA0017600154
B1919391850989S04146909WA0017400151
B1919431851022S04146951WA0017300152
B1919471851042S04147005WA0017200156
B1919511851047S04147060WA0017100153
B1919551851047S04147113WA0017000151
B1919591851045S04147159WA0016800148
B1920031851044S04147200WA0016800151
B1920071851042S04147238WA0016900151
B1920111851033S04147279WA0016900154
B1920151851021S04147321WA0016700153
B1920191851009S04147363WA0016700153
B1920231850999S04147403WA0016700152
B1920271850988S04147442WA0016800150
B1920311850980S04147479WA0016900150
B1920351850977S04147517WA0016900150
B1920391850985S04147555WA0017000149
B1920431850999S04147589WA0017000152
B1920471851018S04147613WA0016900152
B1920511851036S04147632WA0016800150
B1920551851054S04147651WA0016900149
B1920591851071S04147669WA0016800148
B1921031851081S04147678WA0016700147
B1921071851087S04147684WA0016800147
B1921111851101S04147700WA0016800146
B1921151851120S04147720WA0016800145
B1921191851144S04147747WA0016900144
B1921231851174S04147779WA0017000143
B1921271851208S04147815WA0017000141
B1921311851244S04147854WA0017000140
B1921351851280S04147892WA0017000140
B1921391851316S04147929WA0016900139
B1921431851352S04147966WA0016800139
B1921471851385S04148000WA0016700139
B1921511851416S04148031WA0016600139
B1921551851442S04148058WA0016500140
B1921591851463S04148081WA0016400140
B1922031851474S04148095WA0016300140
B1922071851473S04148104WA0016300142
B1922111851471S04148115WA0016300145
B1922151851467S04148127WA0016300145
B1922191851461S04148136WA0016300146
B1922231851455S04148146WA0016300146
B1922271851455S04148154WA0016300145
B1922311851458S04148162WA0016300144
B1922351851462S04148166WA0016300143
B1922391851462S04148167WA0016300143
B1922431851461S04148167WA0016300141
B1922471851460S04148167WA0016300141
B1922511851461S04148168WA0016300141
B1922551851461S04148169WA0016300141
B1922591851461S04148170WA0016300142
B1923031851461S04148170WA0016300142
B1923071851461S04148170WA0016300142
B1923111851461S04148171WA0016300143
B1923151851461S04148172WA0016300141
B1923191851462S04148173WA0016300140
B1923231851462S04148174WA0016300138
B1923271851461S04148174WA0016300137
B1923311851461S04148174WA0016300137
B1923351851461S04148174WA0016300136
B1923391851461S04148173WA0016300137
B1923431851462S04148173WA0016300138
B1923471851462S04148172WA0016300140
B1923511851461S04148172WA0016300142
B1923551851461S04148173WA0016300143
B1923591851460S04148174WA0016300144
B1924031851460S04148174WA0016300144
B1924071851459S04148174WA0016300144
B1924111851459S04148175WA0016300143
B1924151851460S04148176WA0016300145
B1924191851460S04148176WA0016300146
B1924231851460S04148175WA0016300148
B1924271851461S04148174WA0016300151
B1924311851461S04148174WA0016300153
B1924351851462S04148174WA0016300157
B1924391851462S04148174WA0016300158
B1924431851461S04148174WA0016300158
B1924471851460S04148174WA0016300157
B1924511851460S04148173WA0016300156
B1924551851459S04148171WA0016300155
B1924591851459S04148172WA0016300155
B1925031851458S04148172WA0016300155
B1925071851459S04148172WA0016300154
B1925111851458S04148172WA0016300152
B1925151851458S04148172WA0016300150
B1925191851458S04148171WA0016300150
B1925231851458S04148172WA0016300149
B1925271851459S04148172WA0016300147
B1925311851459S04148172WA0016300145
B1925351851458S04148172WA0016300144
B1925391851458S04148173WA0016300144
B1925431851459S04148173WA0016300142
B1925471851459S04148174WA0016300140
B1925511851460S04148175WA0016300138
B1925551851460S04148175WA0016300137
B1925591851461S04148176WA0016300135
B1926031851461S04148177WA0016300134
B1926071851461S04148177WA0016300134
B1926111851460S04148176WA0016300134
B1926151851460S04148177WA0016300133
B1926191851459S04148178WA0016300130
B1926231851458S04148178WA0016300129
B1926271851458S04148180WA0016300128
B1926311851458S04148179WA0016300128
B1926351851457S04148179WA0016300129
B1926391851458S04148178WA0016300130
B1926431851457S04148178WA0016300130
B1926471851457S04148179WA0016300129
B1926511851456S04148179WA0016300127
B1926551851458S04148177WA0016300126
B1926591851459S04148179WA0016300126
B1927031851461S04148180WA0016300126
B1927071851459S04148182WA0016300123
B1927111851457S04148181WA0016300121
B1927151851457S04148180WA0016300118
B1927191851457S04148180WA0016300118
B1927231851458S04148182WA0016300117
B1927271851459S04148182WA0016300114
B1927311851459S04148183WA0016300114
B1927351851458S04148183WA0016300112
B1927391851458S04148182WA0016300108
B1927431851454S04148179WA0016300107
B1927471851453S04148180WA0016300104
B1927511851453S04148181WA0016300106
B1927551851452S04148181WA0016300106
B1927591851453S04148179WA0016300103
B1928031851453S04148178WA0016300105
B1928071851452S04148179WA0016300103
B1928111851452S04148178WA0016300101
B1928151851453S04148176WA0016300100
B1928191851453S04148174WA0016300096
B1928231851454S04148173WA0016300095
B1928271851455S04148175WA0016300091
B1928311851457S04148178WA0016300084
B1928351851460S04148181WA0016300078
B1928391851461S04148179WA0016300073
B1928431851462S04148177WA0016300072
B1928471851462S04148175WA0016300069
B1928511851461S04148174WA0016300064
B1928551851460S04148174WA0016300070
B1928591851459S04148176WA0016300077
B1929031851460S04148179WA0016300080
B1929071851460S04148180WA0016300084
B1929111851460S04148178WA0016300091
B1929151851460S04148177WA0016300099
B1929191851461S04148176WA0016300108
B1929231851461S04148175WA0016300113
B1929271851461S04148175WA0016300117
B1929311851460S04148174WA0016300119
B1929351851461S04148174WA0016300120
B1929391851462S04148174WA0016300123
B1929431851463S04148173WA0016300126
B1929471851464S04148173WA0016300129
B1929511851464S04148173WA0016300131
B1929551851464S04148173WA0016200132
B1929591851468S04148175WA0016200134
B1930001851469S04148176WA0016200135
