AXFMSFP Flymaster Live, V1.0, S/N 126675
HFDTE260426
HFPLTPILOTINCHARGE:Enderson Nascimento Moreira
B1305511853198S04154953WA0100901088
B1305551853200S04154957WA0100901087
B1305591853200S04154956WA0100901087
B1306031853199S04154955WA0100901085
B1306071853198S04154955WA0100901086
B1306111853198S04154954WA0100901087
B1306151853198S04154954WA0100901089
B1306191853197S04154953WA0100901089
B1306231853197S04154953WA0101001088
B1306271853197S04154953WA0101001089
B1306311853196S04154952WA0101001088
B1306351853196S04154952WA0100901088
B1306391853196S04154952WA0101001087
B1306431853196S04154952WA0101001087
B1306471853195S04154951WA0101001087
B1306511853195S04154951WA0101001087
B1306551853195S04154952WA0101001087
B1306591853196S04154952WA0101001088
B1307031853196S04154952WA0101001088
B1307071853196S04154952WA0101001089
B1307111853196S04154952WA0101001089
B1307151853196S04154952WA0101001089
B1307191853196S04154952WA0101001088
B1307231853196S04154952WA0101001087
B1307271853196S04154952WA0101001086
B1307311853196S04154952WA0101001085
B1307351853196S04154952WA0100901085
B1307391853197S04154952WA0100901085
B1307431853197S04154952WA0101001085
B1307471853197S04154952WA0100901086
B1307511853197S04154952WA0101001086
B1307551853197S04154952WA0100901086
B1307591853197S04154952WA0100901086
B1308031853197S04154951WA0100901086
B1308071853197S04154951WA0100901085
B1308111853197S04154951WA0101001085
B1308151853197S04154951WA0101001085
B1308191853197S04154952WA0101001085
B1308231853197S04154952WA0100901085
B1308271853197S04154952WA0100901085
B1308311853197S04154952WA0100901085
B1308351853197S04154952WA0101001085
B1308391853196S04154951WA0100901086
B1308431853196S04154951WA0100901085
B1308471853196S04154951WA0100901086
B1308511853196S04154951WA0100901085
B1308551853196S04154951WA0101001085
B1308591853196S04154951WA0100901086
B1309031853196S04154951WA0100901086
B1309071853196S04154951WA0100901087
B1309111853196S04154951WA0101001088
B1309151853196S04154951WA0101001088
B1309191853196S04154951WA0100901088
B1309231853196S04154951WA0100901088
B1309271853196S04154952WA0101001088
B1309311853196S04154952WA0100901088
B1309351853196S04154952WA0101001088
B1309391853196S04154952WA0100901088
B1309431853196S04154952WA0100901089
B1309471853196S04154952WA0100901089
B1309511853196S04154952WA0100901089
B1309551853196S04154951WA0100901088
B1309591853196S04154951WA0100901088
B1310031853196S04154951WA0100901088
B1310071853196S04154951WA0101001089
B1310111853196S04154951WA0100901088
B1310151853196S04154951WA0100901088
B1310191853196S04154951WA0101001088
B1310231853196S04154951WA0100901088
B1310271853197S04154951WA0100901089
B1310311853197S04154952WA0100901086
B1310351853197S04154951WA0100901085
B1310391853197S04154951WA0100901086
B1310431853197S04154951WA0100901085
B1310471853197S04154952WA0101001085
B1310511853197S04154952WA0100901084
B1310551853197S04154953WA0101001083
B1310591853197S04154953WA0101001083
B1311031853197S04154953WA0100901082
B1311071853196S04154953WA0100901081
B1311111853197S04154953WA0100901082
B1311151853197S04154954WA0100901082
B1311191853197S04154954WA0100901082
B1311231853197S04154954WA0100901083
B1311271853197S04154954WA0100901082
B1311311853197S04154955WA0101001083
B1311351853197S04154954WA0100901083
B1311391853197S04154955WA0100901084
B1311431853197S04154955WA0100901084
B1311471853197S04154954WA0100901085
B1311511853198S04154954WA0100901086
B1311551853197S04154954WA0100901086
B1311591853197S04154953WA0100901085
B1312031853197S04154954WA0100901086
B1312071853197S04154954WA0100901087
B1312111853197S04154954WA0100901087
B1312151853197S04154953WA0100901087
B1312191853197S04154953WA0100901086
B1312231853197S04154953WA0101001085
B1312271853196S04154953WA0101001085
B1312311853197S04154953WA0100901085
B1312351853196S04154953WA0101001085
B1312391853196S04154952WA0101001085
B1312431853197S04154953WA0101001085
B1312471853197S04154953WA0101001085
B1312511853197S04154953WA0101001085
B1312551853197S04154953WA0101001085
B1312591853197S04154953WA0100901086
B1313031853196S04154952WA0101001086
B1313071853196S04154952WA0100901086
B1313111853196S04154952WA0100901086
B1313151853196S04154952WA0101001085
B1313191853195S04154952WA0100901085
B1313231853195S04154953WA0100901084
B1313271853196S04154953WA0100901083
B1313311853196S04154953WA0100901084
B1313351853196S04154953WA0100901085
B1313391853196S04154952WA0101001085
B1313431853196S04154953WA0100901085
B1313471853196S04154953WA0100901085
B1313511853197S04154953WA0100901085
B1313551853197S04154952WA0101001087
B1313591853197S04154952WA0101001088
B1314031853197S04154953WA0101001087
B1314071853196S04154953WA0100901086
B1314111853196S04154953WA0100901086
B1314151853196S04154954WA0101001087
B1314191853196S04154954WA0101001087
B1314231853196S04154954WA0101001087
B1314271853196S04154954WA0101001087
B1314311853196S04154954WA0101001087
B1314351853196S04154953WA0101001087
B1314391853196S04154953WA0100901087
B1314431853196S04154953WA0101001087
B1314471853196S04154953WA0101001087
B1314511853196S04154953WA0101001087
B1314551853196S04154953WA0101001088
B1314591853196S04154953WA0101001088
B1315031853196S04154953WA0101001089
B1315071853197S04154953WA0101001090
B1315111853197S04154953WA0100901091
B1315151853197S04154953WA0101001091
B1315191853197S04154953WA0101001091
B1315231853197S04154953WA0101001092
B1315271853197S04154953WA0101001092
B1315311853197S04154953WA0101001093
B1315351853197S04154953WA0101001093
B1315391853197S04154953WA0101001093
B1315431853198S04154953WA0101001094
B1315471853198S04154953WA0101001094
B1315511853198S04154953WA0101001094
B1315551853198S04154953WA0101001093
B1315591853198S04154953WA0101001093
B1316031853199S04154953WA0101001093
B1316071853199S04154953WA0100901092
B1316111853199S04154952WA0100901091
B1316151853199S04154952WA0101001091
B1316191853199S04154952WA0101001091
B1316231853199S04154952WA0100901090
B1316271853199S04154952WA0100901091
B1316311853199S04154952WA0100901091
B1316351853199S04154952WA0100901089
B1316391853199S04154952WA0101001088
B1316431853198S04154953WA0101001087
B1316471853198S04154953WA0101001087
B1316511853198S04154953WA0101001087
B1316551853198S04154953WA0101001088
B1316591853198S04154954WA0101001087
B1317031853199S04154954WA0101001085
B1317071853199S04154951WA0100901086
B1317111853199S04154949WA0100901085
B1317151853198S04154945WA0101001085
B1317191853196S04154943WA0101001086
B1317231853194S04154941WA0100601086
B1317271853192S04154940WA0100601087
B1317311853191S04154938WA0100401087
B1317351853191S04154935WA0100301085
B1317391853191S04154932WA0100301085
B1317431853191S04154929WA0100301084
B1317471853191S04154926WA0100201083
B1317511853191S04154923WA0100401083
B1317551853192S04154920WA0100401082
B1317591853192S04154917WA0100301082
B1318031853192S04154914WA0100301082
B1318071853193S04154911WA0100301082
B1318111853194S04154908WA0100301081
B1318151853193S04154905WA0100301081
B1318191853193S04154902WA0100201081
B1318231853192S04154900WA0100201080
B1318271853191S04154897WA0100101079
B1318311853191S04154894WA0100101079
B1318351853192S04154891WA0100101079
B1318391853194S04154888WA0100101079
B1318431853194S04154887WA0099901079
B1318471853194S04154887WA0100201080
B1318511853193S04154886WA0100201080
B1318551853193S04154886WA0100201079
B1318591853193S04154886WA0100201079
B1319031853193S04154886WA0100201080
B1319071853193S04154886WA0100201079
B1319111853193S04154886WA0100201078
B1319151853193S04154886WA0100201079
B1319191853193S04154886WA0100201079
B1319231853193S04154886WA0100201079
B1319271853193S04154887WA0100201079
B1319311853193S04154887WA0100201079
B1319351853193S04154887WA0100201078
B1319391853193S04154887WA0100201078
B1319431853193S04154886WA0100201076
B1319471853193S04154886WA0100201076
B1319511853193S04154886WA0100201077
B1319551853193S04154886WA0100201078
B1319591853193S04154885WA0100201078
B1320031853193S04154885WA0100201077
B1320071853193S04154885WA0100201076
B1320111853192S04154885WA0100201076
B1320151853193S04154885WA0100201076
B1320191853193S04154885WA0100301076
B1320231853193S04154885WA0100301076
B1320271853193S04154886WA0100301077
B1320311853194S04154886WA0100301078
B1320351853194S04154886WA0100201078
B1320391853194S04154886WA0100301079
B1320431853194S04154886WA0100301079
B1320471853194S04154886WA0100301079
B1320511853194S04154886WA0100301080
B1320551853194S04154886WA0100301080
B1320591853194S04154886WA0100301080
B1321031853194S04154886WA0100301080
B1321071853194S04154886WA0100301080
B1321111853194S04154886WA0100301080
B1321151853194S04154886WA0100301080
B1321191853194S04154886WA0100301080
B1321231853194S04154886WA0100301080
B1321271853194S04154886WA0100301081
B1321311853194S04154886WA0100301081
B1321351853194S04154886WA0100301080
B1321391853194S04154886WA0100301080
B1321431853194S04154886WA0100301080
B1321471853194S04154886WA0100301079
B1321511853194S04154886WA0100301080
B1321551853194S04154886WA0100301080
B1321591853194S04154886WA0100301080
B1322031853194S04154886WA0100301080
B1322071853194S04154886WA0100301079
B1322111853194S04154886WA0100301079
B1322151853194S04154886WA0100301080
B1322191853194S04154886WA0100301080
B1322231853194S04154886WA0100301080
B1322271853194S04154886WA0100301080
B1322311853194S04154886WA0100301080
B1322351853194S04154886WA0100301080
B1322391853194S04154886WA0100301080
B1322431853194S04154886WA0100301080
B1322471853194S04154886WA0100301081
B1322511853194S04154886WA0100301080
B1322551853194S04154886WA0100301080
B1322591853194S04154886WA0100301080
B1323031853194S04154886WA0100301081
B1323071853194S04154886WA0100301081
B1323111853194S04154886WA0100301081
B1323151853194S04154885WA0100301081
B1323191853194S04154885WA0100401081
B1323231853194S04154886WA0100401081
B1323271853194S04154886WA0100401081
B1323311853194S04154886WA0100401081
B1323351853194S04154885WA0100401081
B1323391853194S04154885WA0100301081
B1323431853194S04154885WA0100401081
B1323471853194S04154885WA0100301081
B1323511853194S04154885WA0100301081
B1323551853194S04154885WA0100301081
B1323591853194S04154885WA0100301081
B1324031853194S04154885WA0100301081
B1324071853194S04154885WA0100301081
B1324111853194S04154885WA0100301081
B1324151853194S04154885WA0100301081
B1324191853194S04154885WA0100301081
B1324231853194S04154885WA0100301081
B1324271853194S04154885WA0100401080
B1324311853194S04154885WA0100301080
B1324351853194S04154885WA0100401080
B1324391853194S04154885WA0100301080
B1324431853194S04154885WA0100301080
B1324471853194S04154885WA0100401080
B1324511853194S04154885WA0100401080
B1324551853194S04154885WA0100401080
B1324591853194S04154885WA0100301080
B1325031853194S04154885WA0100401080
B1325071853194S04154885WA0100401080
B1325111853194S04154885WA0100401080
B1325151853194S04154885WA0100401080
B1325191853194S04154885WA0100401080
B1325231853194S04154885WA0100401080
B1325271853194S04154886WA0100401080
B1325311853194S04154886WA0100401080
B1325351853194S04154886WA0100401080
B1325391853194S04154886WA0100401080
B1325431853194S04154886WA0100301080
B1325471853194S04154886WA0100401080
B1325511853194S04154886WA0100401080
B1325551853193S04154886WA0100301079
B1325591853193S04154886WA0100401079
B1326031853194S04154886WA0100401079
B1326071853194S04154886WA0100301080
B1326111853194S04154886WA0100301080
B1326151853194S04154886WA0100301080
B1326191853194S04154886WA0100301080
B1326231853194S04154886WA0100301079
B1326271853194S04154886WA0100301079
B1326311853194S04154886WA0100401080
B1326351853194S04154886WA0100401080
B1326391853194S04154886WA0100301080
B1326431853194S04154886WA0100401080
B1326471853194S04154886WA0100301080
B1326511853194S04154886WA0100301080
B1326551853194S04154886WA0100301080
B1326591853194S04154886WA0100301081
B1327031853194S04154886WA0100301081
B1327071853194S04154886WA0100301081
B1327111853194S04154886WA0100301081
B1327151853194S04154886WA0100301081
B1327191853194S04154886WA0100301081
B1327231853194S04154886WA0100301081
B1327271853194S04154886WA0100301082
B1327311853194S04154886WA0100401082
B1327351853194S04154886WA0100301082
B1327391853194S04154886WA0100301082
B1327431853194S04154886WA0100301082
B1327471853194S04154886WA0100301082
B1327511853194S04154886WA0100401082
B1327551853194S04154886WA0100401082
B1327591853194S04154886WA0100401082
B1328031853194S04154886WA0100401082
B1328071853194S04154886WA0100401082
B1328111853194S04154886WA0100401082
B1328151853194S04154886WA0100401081
B1328191853194S04154886WA0100401081
B1328231853194S04154886WA0100401081
B1328271853194S04154886WA0100301081
B1328311853194S04154886WA0100301081
B1328351853194S04154886WA0100401080
B1328391853194S04154886WA0100401080
B1328431853194S04154886WA0100301080
B1328471853194S04154886WA0100301080
B1328511853194S04154886WA0100401080
B1328551853194S04154886WA0100301080
B1328591853194S04154886WA0100301080
B1329031853194S04154886WA0100401080
B1329071853194S04154886WA0100401080
B1329111853194S04154886WA0100301080
B1329151853194S04154886WA0100401080
B1329191853194S04154886WA0100301080
B1329231853194S04154886WA0100301080
B1329271853194S04154886WA0100301080
B1329311853194S04154886WA0100401080
B1329351853194S04154886WA0100401080
B1329391853194S04154886WA0100401080
B1329431853194S04154886WA0100401080
B1329471853194S04154886WA0100401080
B1329511853194S04154886WA0100401080
B1329551853194S04154886WA0100401080
B1329591853194S04154886WA0100401080
B1330031853194S04154886WA0100401080
B1330071853194S04154886WA0100401080
B1330111853194S04154886WA0100401080
B1330151853194S04154886WA0100401080
B1330191853194S04154886WA0100401080
B1330231853194S04154886WA0100401080
B1330271853194S04154886WA0100401081
B1330311853194S04154886WA0100401080
B1330351853194S04154886WA0100401080
B1330391853194S04154886WA0100401080
B1330431853194S04154886WA0100401080
B1330471853194S04154886WA0100401080
B1330511853194S04154886WA0100401080
B1330551853194S04154886WA0100401080
B1330591853194S04154886WA0100401080
B1331031853194S04154886WA0100401080
B1331071853194S04154886WA0100401080
B1331111853194S04154886WA0100401080
B1331151853194S04154886WA0100501080
B1331191853194S04154886WA0100401080
B1331231853194S04154886WA0100401080
B1331271853194S04154886WA0100501080
B1331311853194S04154886WA0100401080
B1331351853194S04154886WA0100401080
B1331391853194S04154886WA0100401080
B1331431853194S04154886WA0100401080
B1331471853194S04154886WA0100501080
B1331511853194S04154886WA0100501080
B1331551853194S04154886WA0100501080
B1331591853194S04154886WA0100501080
B1332031853194S04154886WA0100501080
B1332071853194S04154886WA0100501080
B1332111853194S04154886WA0100501080
B1332151853194S04154886WA0100501080
B1332191853194S04154886WA0100501080
B1332231853194S04154886WA0100501080
B1332271853194S04154886WA0100501081
B1332311853194S04154886WA0100501081
B1332351853194S04154886WA0100501081
B1332391853194S04154886WA0100501081
B1332431853194S04154886WA0100501081
B1332471853194S04154886WA0100501081
B1332511853194S04154886WA0100501081
B1332551853194S04154886WA0100501082
B1332591853194S04154886WA0100501081
B1333031853194S04154886WA0100501081
B1333071853194S04154886WA0100501082
B1333111853194S04154886WA0100501081
B1333151853194S04154886WA0100501081
B1333191853194S04154886WA0100501081
B1333231853194S04154886WA0100501081
B1333271853194S04154886WA0100501081
B1333311853194S04154886WA0100501081
B1333351853194S04154886WA0100501081
B1333391853194S04154886WA0100501080
B1333431853194S04154886WA0100501080
B1333471853194S04154886WA0100401081
B1333511853194S04154886WA0100501081
B1333551853194S04154886WA0100501081
B1333591853194S04154886WA0100501081
B1334031853194S04154886WA0100501081
B1334071853194S04154886WA0100401080
B1334111853194S04154886WA0100501080
B1334151853194S04154886WA0100501080
B1334191853194S04154886WA0100501080
B1334231853194S04154886WA0100501080
B1334271853194S04154886WA0100501080
B1334311853194S04154886WA0100501080
B1334351853194S04154886WA0100501080
B1334391853194S04154886WA0100501080
B1334431853194S04154886WA0100401080
B1334471853194S04154886WA0100501080
B1334511853194S04154886WA0100501080
B1334551853194S04154886WA0100501080
B1334591853194S04154886WA0100501080
B1335031853194S04154886WA0100501080
B1335071853194S04154886WA0100501081
B1335111853194S04154886WA0100501081
B1335151853194S04154886WA0100501081
B1335191853194S04154886WA0100501081
B1335231853194S04154886WA0100501081
B1335271853194S04154886WA0100501081
B1335311853194S04154886WA0100501081
B1335351853194S04154886WA0100501080
B1335391853194S04154886WA0100501080
B1335431853194S04154886WA0100501080
B1335471853194S04154886WA0100501080
B1335511853194S04154886WA0100501080
B1335551853194S04154886WA0100501080
B1335591853194S04154886WA0100501080
B1336031853194S04154886WA0100501080
B1336071853194S04154886WA0100501080
B1336111853194S04154886WA0100501080
B1336151853194S04154886WA0100501080
B1336191853194S04154886WA0100501080
B1336231853194S04154886WA0100501080
B1336271853194S04154886WA0100501080
B1336311853194S04154886WA0100501080
B1336351853194S04154886WA0100501080
B1336391853194S04154886WA0100501081
B1336431853194S04154886WA0100501081
B1336471853194S04154886WA0100501081
B1336511853194S04154886WA0100501081
B1336551853194S04154886WA0100501081
B1336591853194S04154886WA0100501081
B1337031853194S04154886WA0100501081
B1337071853194S04154886WA0100501081
B1337111853194S04154886WA0100501081
B1337151853194S04154886WA0100501081
B1337191853194S04154886WA0100501081
B1337231853194S04154886WA0100501081
B1337271853194S04154886WA0100501081
B1337311853194S04154886WA0100501081
B1337351853194S04154886WA0100501081
B1337391853194S04154886WA0100501081
B1337431853194S04154886WA0100501081
B1337471853194S04154886WA0100601081
B1337511853194S04154886WA0100501081
B1337551853194S04154886WA0100501081
B1337591853194S04154886WA0100501081
B1338031853194S04154886WA0100501081
B1338071853194S04154886WA0100501081
B1338111853194S04154886WA0100501081
B1338151853194S04154886WA0100501081
B1338191853194S04154886WA0100501081
B1338231853195S04154886WA0100501081
B1338271853195S04154886WA0100501081
B1338311853195S04154886WA0100501081
B1338351853195S04154886WA0100501081
B1338391853195S04154886WA0100501081
B1338431853195S04154886WA0100501081
B1338471853195S04154886WA0100501081
B1338511853195S04154886WA0100501081
B1338551853195S04154886WA0100501080
B1338591853195S04154886WA0100501080
B1339031853195S04154886WA0100501081
B1339071853195S04154886WA0100501081
B1339111853195S04154886WA0100501081
B1339151853195S04154886WA0100601081
B1339191853195S04154886WA0100601081
B1339231853195S04154886WA0100501081
B1339271853195S04154886WA0100501081
B1339311853195S04154886WA0100501081
B1339351853195S04154886WA0100601081
B1339391853195S04154886WA0100501081
B1339431853195S04154886WA0100501081
B1339471853195S04154886WA0100501080
B1339511853195S04154886WA0100501080
B1339551853195S04154886WA0100601080
B1339591853195S04154886WA0100601080
B1340031853195S04154886WA0100601080
B1340071853195S04154886WA0100601080
B1340111853195S04154886WA0100601080
B1340151853195S04154886WA0100601080
B1340191853195S04154887WA0100601080
B1340231853195S04154887WA0100601080
B1340271853195S04154887WA0100601080
B1340311853195S04154887WA0100601080
B1340351853195S04154887WA0100601080
B1340391853195S04154887WA0100601080
B1340431853195S04154886WA0100601080
B1340471853195S04154886WA0100601080
B1340511853195S04154886WA0100601081
B1340551853195S04154887WA0100601081
B1340591853195S04154887WA0100601081
B1341031853195S04154886WA0100601081
B1341071853195S04154886WA0100601081
B1341111853194S04154886WA0100601081
B1341151853194S04154886WA0100601081
B1341191853194S04154886WA0100601081
B1341231853194S04154886WA0100601081
B1341271853194S04154886WA0100601081
B1341311853194S04154886WA0100601081
B1341351853194S04154886WA0100601081
B1341391853194S04154886WA0100601081
B1341431853194S04154886WA0100601081
B1341471853194S04154886WA0100601081
B1341511853194S04154886WA0100601081
B1341551853194S04154886WA0100601081
B1341591853194S04154886WA0100601081
B1342031853194S04154886WA0100601081
B1342071853194S04154886WA0100601081
B1342111853194S04154886WA0100601081
B1342151853194S04154886WA0100601081
B1342191853194S04154886WA0100601081
B1342231853194S04154886WA0100601081
B1342271853194S04154886WA0100601081
B1342311853194S04154886WA0100601081
B1342351853194S04154886WA0100601081
B1342391853194S04154886WA0100601081
B1342431853194S04154886WA0100601081
B1342471853194S04154886WA0100601081
B1342511853194S04154886WA0100601081
B1342551853194S04154886WA0100601081
B1342591853194S04154886WA0100601081
B1343031853195S04154886WA0100601081
B1343071853195S04154886WA0100601081
B1343111853194S04154886WA0100601081
B1343151853195S04154886WA0100601081
B1343191853194S04154886WA0100601081
B1343231853194S04154886WA0100601081
B1343271853194S04154886WA0100601080
B1343311853194S04154886WA0100601080
B1343351853194S04154886WA0100601080
B1343391853194S04154886WA0100601080
B1343431853194S04154886WA0100601080
B1343471853194S04154886WA0100601080
B1343511853194S04154886WA0100601080
B1343551853194S04154886WA0100601080
B1343591853194S04154886WA0100601080
B1344031853194S04154886WA0100601080
B1344071853194S04154886WA0100601080
B1344111853194S04154886WA0100601080
B1344151853194S04154886WA0100601080
B1344191853194S04154886WA0100601081
B1344231853194S04154886WA0100601081
B1344271853194S04154886WA0100601081
B1344311853194S04154886WA0100601081
B1344351853194S04154886WA0100601081
B1344391853194S04154886WA0100601081
B1344431853194S04154886WA0100601081
B1344471853194S04154886WA0100601081
B1344511853194S04154886WA0100601081
B1344551853194S04154886WA0100601081
B1344591853194S04154886WA0100601081
B1345031853194S04154886WA0100601081
B1345071853194S04154886WA0100601081
B1345111853194S04154886WA0100601081
B1345151853194S04154886WA0100601081
B1345191853194S04154886WA0100701081
B1345231853194S04154886WA0100701081
B1345271853194S04154886WA0100701081
B1345311853194S04154886WA0100701081
B1345351853194S04154886WA0100701081
B1345391853194S04154886WA0100601081
B1345431853194S04154886WA0100601081
B1345471853194S04154886WA0100601081
B1345511853194S04154886WA0100601081
B1345551853194S04154886WA0100601081
B1345591853194S04154886WA0100601081
B1346031853194S04154886WA0100601081
B1346071853194S04154886WA0100601081
B1346111853194S04154886WA0100601081
B1346151853194S04154886WA0100601081
B1346191853194S04154886WA0100601081
B1346231853194S04154886WA0100601081
B1346271853194S04154886WA0100601081
B1346311853194S04154886WA0100601081
B1346351853194S04154886WA0100601080
B1346391853194S04154886WA0100701080
B1346431853194S04154886WA0100701080
B1346471853194S04154886WA0100601080
B1346511853194S04154886WA0100701080
B1346551853194S04154886WA0100701080
B1346591853194S04154886WA0100701080
B1347031853194S04154886WA0100601080
B1347071853194S04154886WA0100701080
B1347111853194S04154886WA0100701080
B1347151853194S04154886WA0100701080
B1347191853194S04154886WA0100701080
B1347231853194S04154886WA0100701080
B1347271853194S04154886WA0100701080
B1347311853194S04154886WA0100701080
B1347351853194S04154886WA0100701080
B1347391853194S04154886WA0100701080
B1347431853194S04154886WA0100701080
B1347471853194S04154886WA0100701080
B1347511853194S04154886WA0100701080
B1347551853194S04154886WA0100701080
B1347591853194S04154886WA0100701080
B1348031853194S04154886WA0100701080
B1348071853194S04154886WA0100701080
B1348111853194S04154886WA0100701080
B1348151853194S04154886WA0100701080
B1348191853194S04154886WA0100701080
B1348231853194S04154886WA0100701080
B1348271853194S04154886WA0100701080
B1348311853194S04154886WA0100701080
B1348351853194S04154887WA0100701080
B1348391853194S04154887WA0100701080
B1348431853194S04154887WA0100701080
B1348471853194S04154887WA0100701080
B1348511853194S04154887WA0100701080
B1348551853194S04154887WA0100701080
B1348591853194S04154887WA0100701080
B1349031853194S04154887WA0100701080
B1349071853194S04154887WA0100701080
B1349111853194S04154887WA0100701080
B1349151853194S04154887WA0100701080
B1349191853194S04154887WA0100701080
B1349231853194S04154887WA0100701080
B1349271853194S04154887WA0100701080
B1349311853194S04154887WA0100701080
B1349351853194S04154887WA0100701080
B1349391853195S04154887WA0100701080
B1349431853195S04154887WA0100701080
B1349471853195S04154887WA0100701079
B1349511853194S04154887WA0100701079
B1349551853195S04154887WA0100701079
B1349591853195S04154886WA0100701079
B1350031853195S04154886WA0100701079
B1350071853195S04154886WA0100701079
B1350111853195S04154886WA0100801079
B1350151853195S04154886WA0100801079
B1350191853195S04154887WA0100801079
B1350231853195S04154887WA0100801079
B1350271853195S04154887WA0100801079
B1350311853195S04154887WA0100801079
B1350351853195S04154887WA0100801079
B1350391853195S04154886WA0100801079
B1350431853195S04154886WA0100801079
B1350471853195S04154886WA0100801079
B1350511853195S04154886WA0100801079
B1350551853195S04154886WA0100801079
B1350591853195S04154886WA0100801079
B1351031853195S04154886WA0100701079
B1351071853194S04154886WA0100701079
B1351111853194S04154886WA0100801079
B1351151853194S04154886WA0100801079
B1351191853194S04154886WA0100801079
B1351231853194S04154886WA0100801079
B1351271853194S04154886WA0100801079
B1351311853194S04154886WA0100801079
B1351351853194S04154886WA0100801079
B1351391853194S04154886WA0100801079
B1351431853194S04154886WA0100801079
B1351471853194S04154886WA0100801079
B1351511853194S04154886WA0100801079
B1351551853194S04154886WA0100801079
B1351591853194S04154886WA0100801079
B1352031853194S04154886WA0100801078
B1352071853194S04154886WA0100801078
B1352111853194S04154886WA0100801078
B1352151853194S04154886WA0100801079
B1352191853195S04154886WA0100801079
B1352231853195S04154886WA0100801079
B1352271853195S04154886WA0100801079
B1352311853195S04154886WA0100801079
B1352351853195S04154886WA0100801079
B1352391853195S04154886WA0100801079
B1352431853195S04154886WA0100801079
B1352471853195S04154886WA0100801079
B1352511853195S04154886WA0100801079
B1352551853195S04154886WA0100801079
B1352591853195S04154886WA0100801079
B1353031853195S04154886WA0100801079
B1353071853195S04154886WA0100801078
B1353111853195S04154886WA0100801079
B1353151853194S04154886WA0100801079
B1353191853194S04154886WA0100801079
B1353231853194S04154886WA0100801079
B1353271853194S04154886WA0100801079
B1353311853194S04154886WA0100801079
B1353351853194S04154886WA0100801080
B1353391853194S04154886WA0100801080
B1353431853194S04154886WA0100801080
B1353471853194S04154886WA0100801080
B1353511853195S04154886WA0100801080
B1353551853195S04154886WA0100801080
B1353591853195S04154886WA0100801080
B1354031853194S04154886WA0100801080
B1354071853194S04154886WA0100801080
B1354111853194S04154886WA0100801080
B1354151853194S04154886WA0100801080
B1354191853195S04154886WA0100801080
B1354231853195S04154886WA0100801080
B1354271853195S04154886WA0100801080
B1354311853195S04154886WA0100801080
B1354351853195S04154886WA0100801080
B1354391853195S04154886WA0100801079
B1354431853195S04154886WA0100801079
B1354471853195S04154886WA0100801080
B1354511853195S04154886WA0100801080
B1354551853195S04154886WA0100801079
B1354591853195S04154886WA0100801079
B1355031853195S04154886WA0100801079
B1355071853195S04154886WA0100801079
B1355111853195S04154886WA0100801079
B1355151853195S04154887WA0100801079
B1355191853195S04154887WA0100801079
B1355231853195S04154887WA0100801079
B1355271853195S04154887WA0100801079
B1355311853195S04154887WA0100801079
B1355351853195S04154887WA0100801079
B1355391853195S04154887WA0100801079
B1355431853195S04154887WA0100801079
B1355471853195S04154887WA0100801079
B1355511853195S04154887WA0100801079
B1355551853195S04154887WA0100801079
B1355591853195S04154887WA0100801079
B1356031853195S04154887WA0100801079
B1356071853195S04154887WA0100801080
B1356111853195S04154887WA0100801079
B1356151853195S04154887WA0100801080
B1356191853195S04154887WA0100801080
B1356231853195S04154887WA0100801079
B1356271853195S04154886WA0100901079
B1356311853194S04154886WA0100801079
B1356351853194S04154886WA0100801079
B1356391853194S04154886WA0100801079
B1356431853194S04154886WA0100901079
B1356471853194S04154886WA0100901079
B1356511853194S04154886WA0100901079
B1356551853195S04154886WA0100901079
B1356591853195S04154886WA0100801079
B1357031853195S04154886WA0100801079
B1357071853195S04154886WA0100901079
B1357111853195S04154886WA0100801079
B1357151853195S04154886WA0100901079
B1357191853195S04154886WA0100901078
B1357231853195S04154886WA0100801078
B1357271853195S04154886WA0100801078
B1357311853194S04154886WA0100801078
B1357351853194S04154886WA0100801078
B1357391853194S04154886WA0100801078
B1357431853194S04154886WA0100801078
B1357471853194S04154886WA0100801078
B1357511853194S04154886WA0100901078
B1357551853194S04154886WA0100801078
B1357591853194S04154886WA0100901078
B1358031853194S04154886WA0100901078
B1358071853194S04154886WA0100901078
B1358111853194S04154886WA0100901078
B1358151853194S04154886WA0100801078
B1358191853194S04154886WA0100901078
B1358231853194S04154886WA0100901078
B1358271853194S04154886WA0100901078
B1358311853194S04154886WA0100901078
B1358351853194S04154886WA0100901078
B1358391853194S04154886WA0100901078
B1358431853194S04154886WA0100901078
B1358471853194S04154886WA0100901078
B1358511853194S04154887WA0100901077
B1358551853194S04154887WA0100901077
B1358591853194S04154887WA0100901077
B1359031853194S04154887WA0100901077
B1359071853194S04154887WA0100901077
B1359111853194S04154887WA0100901077
B1359151853194S04154887WA0100901077
B1359191853194S04154887WA0100901077
B1359231853194S04154887WA0100901077
B1359271853194S04154887WA0100901077
B1359311853194S04154887WA0100901077
B1359351853194S04154887WA0100901077
B1359391853194S04154887WA0100901076
B1359431853194S04154887WA0100901077
B1359471853194S04154887WA0100901077
B1359511853194S04154887WA0100901077
B1359551853194S04154887WA0100901078
B1359591853194S04154887WA0100901078
B1400031853194S04154887WA0100901078
B1400071853194S04154887WA0100901078
B1400111853194S04154887WA0100901078
B1400151853194S04154887WA0100901078
B1400191853194S04154887WA0100901079
B1400231853194S04154887WA0100901079
B1400271853194S04154887WA0100901079
B1400311853194S04154887WA0100901079
B1400351853194S04154887WA0100901079
B1400391853194S04154887WA0100901079
B1400431853194S04154887WA0100901079
B1400471853194S04154887WA0100901078
B1400511853194S04154887WA0100901078
B1400551853194S04154887WA0100901078
B1400591853194S04154887WA0101001078
B1401031853194S04154887WA0100901078
B1401071853194S04154887WA0101001078
B1401111853194S04154887WA0101001078
B1401151853194S04154887WA0101001078
B1401191853194S04154887WA0101001078
B1401231853194S04154887WA0101001078
B1401271853194S04154887WA0100901078
B1401311853194S04154887WA0101001078
B1401351853194S04154887WA0101001078
B1401391853194S04154887WA0101001078
B1401431853194S04154887WA0101001078
B1401471853194S04154887WA0101001078
B1401511853194S04154887WA0101001078
B1401551853194S04154887WA0101001078
B1401591853194S04154887WA0101001078
B1402031853194S04154887WA0101001078
B1402071853194S04154887WA0101001078
B1402111853194S04154887WA0101001077
B1402151853194S04154887WA0101001077
B1402191853195S04154887WA0101001077
B1402231853195S04154887WA0101001077
B1402271853195S04154887WA0101001077
B1402311853195S04154887WA0101001077
B1402351853195S04154887WA0101001077
B1402391853195S04154887WA0101001077
B1402431853195S04154887WA0101001077
B1402471853195S04154887WA0101001076
B1402511853195S04154887WA0101001076
B1402551853195S04154887WA0101001076
B1402591853195S04154887WA0101001076
B1403031853195S04154887WA0101001076
B1403071853195S04154887WA0101001076
B1403111853195S04154887WA0101001076
B1403151853195S04154887WA0101001076
B1403191853195S04154887WA0101001076
B1403231853195S04154887WA0101001076
B1403271853195S04154887WA0101001076
B1403311853195S04154887WA0101001076
B1403351853195S04154887WA0101001077
B1403391853195S04154887WA0101001077
B1403431853195S04154887WA0101001077
B1403471853195S04154887WA0101001077
B1403511853195S04154887WA0101001076
B1403551853194S04154888WA0101001076
B1403591853194S04154888WA0101001076
B1404031853195S04154888WA0101001076
B1404071853195S04154888WA0101001076
B1404111853195S04154888WA0101001076
B1404151853195S04154888WA0101001076
B1404191853195S04154888WA0101001076
B1404231853195S04154888WA0101001076
B1404271853195S04154888WA0101101076
B1404311853195S04154888WA0101001076
B1404351853195S04154888WA0101001076
B1404391853195S04154888WA0101001076
B1404431853195S04154888WA0101001075
B1404471853195S04154888WA0101001075
B1404511853195S04154888WA0101001076
B1404551853195S04154888WA0101001076
B1404591853195S04154888WA0101001076
B1405031853195S04154888WA0101001076
B1405071853195S04154888WA0101001075
B1405111853195S04154888WA0101001075
B1405151853195S04154888WA0101001075
B1405191853195S04154888WA0101001075
B1405231853195S04154888WA0101001075
B1405271853195S04154888WA0101001075
B1405311853195S04154888WA0101001075
B1405351853195S04154888WA0101001074
B1405391853195S04154888WA0101101074
B1405431853195S04154888WA0101101074
B1405471853195S04154888WA0101001074
B1405511853195S04154888WA0101101074
B1405551853195S04154888WA0101001074
B1405591853195S04154888WA0101001074
B1406031853195S04154888WA0101001074
B1406071853195S04154888WA0101101074
B1406111853195S04154888WA0101101074
B1406151853195S04154888WA0101101074
B1406191853195S04154888WA0101101074
B1406231853195S04154888WA0101101073
B1406271853195S04154888WA0101101073
B1406311853195S04154888WA0101101073
B1406351853195S04154888WA0101101073
B1406391853195S04154888WA0101101073
B1406431853195S04154888WA0101101073
B1406471853195S04154888WA0101101073
B1406511853195S04154888WA0101001073
B1406551853195S04154888WA0101101073
B1406591853195S04154888WA0101101073
B1407031853195S04154888WA0101101073
B1407071853195S04154888WA0101101073
B1407111853195S04154888WA0101101073
B1407151853195S04154889WA0101101072
B1407191853195S04154888WA0101101072
B1407231853194S04154889WA0101101073
B1407271853194S04154889WA0101101073
B1407311853194S04154889WA0101101073
B1407351853194S04154888WA0101101073
B1407391853194S04154888WA0101101073
B1407431853194S04154888WA0101101073
B1407471853194S04154888WA0101101073
B1407511853195S04154888WA0101101073
B1407551853195S04154888WA0101101073
B1407591853195S04154888WA0101101073
B1408031853195S04154888WA0101101073
B1408071853195S04154888WA0101101074
B1408111853195S04154888WA0101101074
B1408151853195S04154888WA0101101074
B1408191853195S04154888WA0101101074
B1408231853195S04154888WA0101101074
B1408271853195S04154888WA0101101075
B1408311853195S04154888WA0101101075
B1408351853195S04154888WA0101101075
B1408391853195S04154888WA0101101075
B1408431853195S04154888WA0101101075
B1408471853195S04154888WA0101101075
B1408511853195S04154888WA0101101075
B1408551853195S04154888WA0101101076
B1408591853195S04154888WA0101101076
B1409031853195S04154888WA0101101075
B1409071853195S04154888WA0101101075
B1409111853195S04154888WA0101101075
B1409151853195S04154888WA0101101075
B1409191853195S04154888WA0101101075
B1409231853195S04154888WA0101101075
B1409271853195S04154888WA0101201075
B1409311853195S04154888WA0101101075
B1409351853195S04154888WA0101201075
B1409391853195S04154888WA0101101075
B1409431853195S04154888WA0101201075
B1409471853195S04154888WA0101101074
B1409511853195S04154888WA0101201074
B1409551853195S04154888WA0101101074
B1409591853195S04154888WA0101201073
B1410031853195S04154888WA0101201073
B1410071853195S04154888WA0101201073
B1410111853195S04154888WA0101201073
B1410151853195S04154888WA0101201073
B1410191853195S04154888WA0101201073
B1410231853195S04154888WA0101101072
B1410271853195S04154888WA0101101072
B1410311853195S04154888WA0101101072
B1410351853195S04154888WA0101101071
B1410391853195S04154888WA0101101071
B1410431853195S04154888WA0101101072
B1410471853195S04154888WA0101201072
B1410511853195S04154888WA0101201072
B1410551853195S04154888WA0101201072
B1410591853195S04154888WA0101201072
B1411031853195S04154888WA0101101073
B1411071853195S04154888WA0101201073
B1411111853195S04154888WA0101201073
B1411151853195S04154888WA0101201073
B1411191853195S04154888WA0101201073
B1411231853195S04154888WA0101201073
B1411271853195S04154888WA0101201073
B1411311853195S04154888WA0101201073
B1411351853195S04154888WA0101201073
B1411391853194S04154888WA0101201073
B1411431853194S04154888WA0101201072
B1411471853194S04154888WA0101101072
B1411511853194S04154888WA0101201072
B1411551853194S04154888WA0101201072
B1411591853194S04154888WA0101201071
B1412031853194S04154888WA0101201071
B1412071853194S04154888WA0101201071
B1412111853194S04154888WA0101201071
B1412151853194S04154889WA0101201071
B1412191853194S04154889WA0101201071
B1412231853194S04154889WA0101201071
B1412271853194S04154889WA0101201071
B1412311853194S04154889WA0101201071
B1412351853195S04154889WA0101201071
B1412391853195S04154889WA0101201070
B1412431853195S04154889WA0101201070
B1412471853195S04154889WA0101201070
B1412511853195S04154889WA0101201070
B1412551853195S04154889WA0101201069
B1412591853195S04154889WA0101201069
B1413031853195S04154889WA0101201069
B1413071853195S04154889WA0101201068
B1413111853194S04154889WA0101201068
B1413151853194S04154889WA0101201069
B1413191853194S04154889WA0101201068
B1413231853195S04154889WA0101201068
B1413271853194S04154889WA0101201068
B1413311853194S04154889WA0101201068
B1413351853194S04154890WA0101201068
B1413391853194S04154890WA0101201068
B1413431853194S04154890WA0101201068
B1413471853194S04154890WA0101201068
B1413511853194S04154890WA0101201068
B1413551853194S04154890WA0101201067
B1413591853194S04154890WA0101201067
B1414031853195S04154889WA0101201068
B1414071853195S04154889WA0101201068
B1414111853195S04154889WA0101201068
B1414151853195S04154889WA0101201068
B1414191853195S04154889WA0101201068
B1414231853195S04154889WA0101201068
B1414271853195S04154889WA0101201068
B1414311853195S04154889WA0101201068
B1414351853195S04154889WA0101201068
B1414391853195S04154889WA0101201069
B1414431853195S04154889WA0101201069
B1414471853195S04154889WA0101201069
B1414511853195S04154889WA0101201069
B1414551853195S04154888WA0101201070
B1414591853195S04154888WA0101101070
B1415031853195S04154888WA0101201070
B1415071853195S04154888WA0101201070
B1415111853195S04154888WA0101101070
B1415151853195S04154888WA0101201070
B1415191853195S04154888WA0101201070
B1415231853195S04154888WA0101201070
B1415271853195S04154888WA0101201070
B1415311853195S04154888WA0101201069
B1415351853195S04154888WA0101201069
B1415391853195S04154888WA0101201069
B1415431853195S04154888WA0101201069
B1415471853195S04154888WA0101201070
B1415511853195S04154888WA0101201070
B1415551853195S04154888WA0101201070
B1415591853195S04154888WA0101201070
B1416031853195S04154888WA0101201070
B1416071853195S04154888WA0101201070
B1416111853195S04154888WA0101201070
B1416151853195S04154888WA0101201070
B1416191853195S04154888WA0101201070
B1416231853195S04154888WA0101201070
B1416271853195S04154888WA0101201070
B1416311853195S04154888WA0101201070
B1416351853195S04154888WA0101201069
B1416391853195S04154888WA0101201069
B1416431853195S04154888WA0101201069
B1416471853195S04154888WA0101201070
B1416511853195S04154888WA0101201070
B1416551853195S04154888WA0101201069
B1416591853195S04154888WA0101201069
B1417031853195S04154888WA0101201069
B1417071853195S04154888WA0101201069
B1417111853195S04154888WA0101201069
B1417151853195S04154888WA0101201069
B1417191853195S04154888WA0101201069
B1417231853195S04154888WA0101201070
B1417271853195S04154888WA0101201071
B1417311853195S04154888WA0101201071
B1417351853195S04154888WA0101201071
B1417391853195S04154888WA0101201071
B1417431853195S04154888WA0101201071
B1417471853195S04154888WA0101201071
B1417511853195S04154888WA0101201071
B1417551853195S04154888WA0101201071
B1417591853195S04154888WA0101201071
B1418031853195S04154888WA0101201071
B1418071853195S04154888WA0101201072
B1418111853195S04154888WA0101201072
B1418151853195S04154888WA0101201072
B1418191853195S04154888WA0101201072
B1418231853195S04154887WA0101201073
B1418271853195S04154887WA0101201073
B1418311853195S04154887WA0101201073
B1418351853195S04154887WA0101201073
B1418391853195S04154887WA0101201073
B1418431853195S04154887WA0101201073
B1418471853196S04154887WA0101201073
B1418511853195S04154887WA0101201073
B1418551853195S04154887WA0101201073
B1418591853195S04154887WA0101201074
B1419031853195S04154887WA0101201074
B1419071853195S04154887WA0101201074
B1419111853195S04154887WA0101201074
B1419151853195S04154887WA0101201074
B1419191853195S04154887WA0101201074
B1419231853195S04154887WA0101201074
B1419271853195S04154887WA0101201074
B1419311853195S04154887WA0101201074
B1419351853195S04154887WA0101201074
B1419391853195S04154887WA0101201073
B1419431853195S04154887WA0101201073
B1419471853195S04154887WA0101201074
B1419511853195S04154887WA0101201074
B1419551853195S04154887WA0101201074
B1419591853195S04154887WA0101201074
B1420031853196S04154887WA0101201074
B1420071853196S04154887WA0101201074
B1420111853196S04154887WA0101201074
B1420151853196S04154887WA0101201074
B1420191853196S04154887WA0101201074
B1420231853196S04154887WA0101201074
B1420271853196S04154887WA0101201074
B1420311853196S04154887WA0101201074
B1420351853196S04154887WA0101201074
B1420391853196S04154887WA0101201074
B1420431853196S04154887WA0101201075
B1420471853196S04154887WA0101201075
B1420511853196S04154887WA0101201074
B1420551853195S04154887WA0101201074
B1420591853195S04154887WA0101201075
B1421031853195S04154887WA0101201075
B1421071853195S04154887WA0101201075
B1421111853195S04154887WA0101201075
B1421151853195S04154887WA0101301075
B1421191853195S04154887WA0101201075
B1421231853195S04154887WA0101201075
B1421271853195S04154887WA0101201075
B1421311853195S04154887WA0101201075
B1421351853195S04154887WA0101301075
B1421391853195S04154887WA0101201075
B1421431853195S04154886WA0101301075
B1421471853195S04154886WA0101201076
B1421511853195S04154886WA0101301076
B1421551853195S04154886WA0101301076
B1421591853195S04154886WA0101201076
B1422031853195S04154886WA0101301076
B1422071853195S04154886WA0101201076
B1422111853195S04154887WA0101301075
B1422151853195S04154886WA0101301075
B1422191853195S04154886WA0101301076
B1422231853195S04154886WA0101301076
B1422271853195S04154886WA0101301076
B1422311853195S04154886WA0101301076
B1422351853195S04154886WA0101301076
B1422391853195S04154887WA0101301076
B1422431853195S04154887WA0101301076
B1422471853195S04154887WA0101301077
B1422511853195S04154887WA0101301077
B1422551853195S04154887WA0101301077
B1422591853195S04154887WA0101301077
B1423031853195S04154887WA0101301076
B1423071853195S04154887WA0101301077
B1423111853195S04154887WA0101301077
B1423151853195S04154887WA0101301077
B1423191853195S04154887WA0101301077
B1423231853195S04154887WA0101301077
B1423271853195S04154887WA0101301077
B1423311853195S04154887WA0101301077
B1423351853195S04154887WA0101301077
B1423391853195S04154887WA0101301076
B1423431853195S04154887WA0101301076
B1423471853195S04154887WA0101301076
B1423511853195S04154887WA0101301076
B1423551853195S04154887WA0101301076
B1423591853195S04154887WA0101301076
B1424031853195S04154887WA0101301076
B1424071853195S04154887WA0101301076
B1424111853195S04154887WA0101301077
B1424151853195S04154887WA0101301077
B1424191853195S04154887WA0101301077
B1424231853195S04154887WA0101301077
B1424271853195S04154887WA0101301077
B1424311853195S04154887WA0101301077
B1424351853195S04154887WA0101301077
B1424391853195S04154887WA0101301077
B1424431853195S04154887WA0101301077
B1424471853195S04154887WA0101301077
B1424511853195S04154887WA0101301078
B1424551853195S04154887WA0101301078
B1424591853195S04154887WA0101301078
B1425031853195S04154887WA0101301078
B1425071853195S04154887WA0101301078
B1425111853195S04154887WA0101301078
B1425151853195S04154887WA0101301078
B1425191853195S04154887WA0101301078
B1425231853195S04154887WA0101301077
B1425271853195S04154887WA0101301077
B1425311853195S04154887WA0101301077
B1425351853195S04154887WA0101301077
B1425391853195S04154887WA0101301077
B1425431853195S04154887WA0101301077
B1425471853195S04154887WA0101301077
B1425511853195S04154887WA0101301077
B1425551853195S04154887WA0101301077
B1425591853195S04154887WA0101301077
B1426031853195S04154887WA0101301077
B1426071853195S04154887WA0101301077
B1426111853195S04154887WA0101301077
B1426151853195S04154887WA0101301077
B1426191853195S04154887WA0101301077
B1426231853195S04154887WA0101301077
B1426271853195S04154887WA0101301077
B1426311853195S04154887WA0101301077
B1426351853195S04154887WA0101301077
B1426391853195S04154887WA0101301077
B1426431853195S04154887WA0101301077
B1426471853195S04154887WA0101301077
B1426511853195S04154887WA0101301077
B1426551853195S04154887WA0101301077
B1426591853195S04154887WA0101301078
B1427031853195S04154887WA0101301078
B1427071853195S04154887WA0101301078
B1427111853195S04154887WA0101301077
B1427151853195S04154887WA0101301077
B1427191853195S04154887WA0101301077
B1427231853195S04154887WA0101301077
B1427271853195S04154887WA0101301077
B1427311853195S04154887WA0101301077
B1427351853195S04154887WA0101301077
B1427391853195S04154887WA0101301077
B1427431853195S04154887WA0101301077
B1427471853195S04154887WA0101301076
B1427511853195S04154887WA0101301076
B1427551853195S04154887WA0101401076
B1427591853196S04154887WA0101301076
B1428031853196S04154887WA0101301076
B1428071853196S04154887WA0101301076
B1428111853196S04154887WA0101301076
B1428151853196S04154887WA0101301076
B1428191853196S04154887WA0101301076
B1428231853196S04154887WA0101301076
B1428271853196S04154887WA0101301076
B1428311853196S04154887WA0101401076
B1428351853196S04154887WA0101401076
B1428391853196S04154887WA0101301076
B1428431853196S04154887WA0101301076
B1428471853196S04154887WA0101301076
B1428511853196S04154887WA0101401076
B1428551853196S04154887WA0101401077
B1428591853196S04154887WA0101401077
B1429031853196S04154887WA0101401077
B1429071853196S04154887WA0101401077
B1429111853196S04154887WA0101401077
B1429151853195S04154887WA0101401077
B1429191853195S04154887WA0101401077
B1429231853195S04154887WA0101401077
B1429271853195S04154887WA0101401077
B1429311853195S04154887WA0101401077
B1429351853195S04154887WA0101401077
B1429391853195S04154887WA0101401077
B1429431853195S04154887WA0101401077
B1429471853195S04154887WA0101401077
B1429511853195S04154887WA0101401077
B1429551853195S04154887WA0101401077
B1429591853195S04154887WA0101301076
B1430031853195S04154887WA0101401076
B1430071853195S04154887WA0101401076
B1430111853195S04154887WA0101401076
B1430151853195S04154887WA0101301076
B1430191853195S04154887WA0101401076
B1430231853195S04154887WA0101301076
B1430271853195S04154887WA0101301076
B1430311853195S04154887WA0101401076
B1430351853195S04154887WA0101401076
B1430391853195S04154887WA0101401076
B1430431853195S04154887WA0101401076
B1430471853195S04154887WA0101401076
B1430511853195S04154887WA0101401075
B1430551853195S04154887WA0101401075
B1430591853195S04154887WA0101401075
B1431031853195S04154887WA0101401075
B1431071853195S04154887WA0101401075
B1431111853195S04154887WA0101401075
B1431151853195S04154887WA0101401075
B1431191853195S04154887WA0101401075
B1431231853195S04154887WA0101401075
B1431271853195S04154887WA0101401075
B1431311853195S04154888WA0101401075
B1431351853195S04154888WA0101401075
B1431391853195S04154888WA0101401075
B1431431853195S04154888WA0101401075
B1431471853195S04154888WA0101401075
B1431511853195S04154888WA0101401075
B1431551853195S04154888WA0101401076
B1431591853195S04154888WA0101401075
B1432031853195S04154888WA0101401076
B1432071853195S04154888WA0101401076
B1432111853195S04154888WA0101401076
B1432151853195S04154888WA0101401076
B1432191853195S04154888WA0101401076
B1432231853195S04154888WA0101401076
B1432271853195S04154888WA0101401076
B1432311853195S04154887WA0101401076
B1432351853195S04154888WA0101401076
B1432391853195S04154887WA0101401076
B1432431853195S04154887WA0101501076
B1432471853195S04154887WA0101401076
B1432511853195S04154887WA0101401076
B1432551853195S04154887WA0101401076
B1432591853195S04154887WA0101401076
B1433031853195S04154887WA0101401076
B1433071853195S04154887WA0101401077
B1433111853195S04154887WA0101401077
B1433151853195S04154887WA0101401077
B1433191853195S04154887WA0101401077
B1433231853195S04154887WA0101401077
B1433271853195S04154887WA0101401077
B1433311853195S04154887WA0101401077
B1433351853195S04154887WA0101401077
B1433391853195S04154887WA0101401077
B1433431853195S04154887WA0101401077
B1433471853195S04154887WA0101401076
B1433511853195S04154887WA0101401076
B1433551853195S04154887WA0101401076
B1433591853195S04154887WA0101401076
B1434031853195S04154887WA0101401076
B1434071853196S04154887WA0101401076
B1434111853196S04154887WA0101501075
B1434151853196S04154887WA0101501076
B1434191853196S04154887WA0101501076
B1434231853196S04154887WA0101501075
B1434271853196S04154887WA0101501075
B1434311853196S04154887WA0101401075
B1434351853195S04154887WA0101501075
B1434391853195S04154887WA0101501075
B1434431853195S04154887WA0101501075
B1434471853195S04154887WA0101501076
B1434511853195S04154887WA0101501076
B1434551853195S04154886WA0101501076
B1434591853195S04154886WA0101501076
B1435031853195S04154887WA0101501076
B1435071853195S04154886WA0101401076
B1435111853195S04154886WA0101401076
B1435151853195S04154886WA0101501075
B1435191853195S04154887WA0101501074
B1435231853195S04154887WA0101501075
B1435271853195S04154887WA0101501075
B1435311853195S04154887WA0101501075
B1435351853196S04154887WA0101501075
B1435391853196S04154887WA0101501075
B1435431853196S04154887WA0101501074
B1435471853196S04154887WA0101401075
B1435511853195S04154887WA0101501075
B1435551853195S04154887WA0101501075
B1435591853195S04154887WA0101501075
B1436031853196S04154887WA0101501075
B1436071853196S04154887WA0101501075
B1436111853196S04154888WA0101501074
B1436151853196S04154888WA0101501074
B1436191853196S04154888WA0101501074
B1436231853196S04154888WA0101501074
B1436271853196S04154888WA0101401074
B1436311853196S04154888WA0101501073
B1436351853196S04154888WA0101501073
B1436391853196S04154888WA0101501073
B1436431853196S04154888WA0101501073
B1436471853196S04154888WA0101501073
B1436511853196S04154888WA0101501073
B1436551853196S04154888WA0101501073
B1436591853195S04154888WA0101501073
B1437031853195S04154888WA0101501073
B1437071853195S04154888WA0101501073
B1437111853195S04154888WA0101501073
B1437151853195S04154888WA0101501073
B1437191853196S04154888WA0101501073
B1437231853195S04154888WA0101501073
B1437271853196S04154888WA0101501073
B1437311853196S04154888WA0101501073
B1437351853195S04154888WA0101401073
B1437391853195S04154888WA0101501074
B1437431853195S04154888WA0101501074
B1437471853196S04154888WA0101501074
B1437511853196S04154887WA0101501074
B1437551853196S04154887WA0101501074
B1437591853196S04154887WA0101501075
B1438031853196S04154887WA0101501074
B1438071853196S04154887WA0101501074
B1438111853196S04154888WA0101501074
B1438151853196S04154887WA0101501074
B1438191853196S04154888WA0101601075
B1438231853196S04154888WA0101501074
B1438271853197S04154887WA0101601074
B1438311853197S04154888WA0101601073
B1438351853197S04154888WA0101601073
B1438391853197S04154887WA0101601074
B1438431853197S04154887WA0101501073
B1438471853197S04154888WA0101601073
B1438511853197S04154888WA0101601072
B1438551853196S04154888WA0101601072
B1438591853196S04154889WA0101601072
B1439031853196S04154888WA0101601071
B1439071853196S04154888WA0101601072
B1439111853196S04154888WA0101601072
B1439151853196S04154889WA0101601071
B1439191853196S04154889WA0101601069
B1439231853197S04154889WA0101601068
B1439271853197S04154889WA0101601067
B1439311853197S04154889WA0101501067
B1439351853198S04154888WA0101601067
B1439391853198S04154888WA0101501068
B1439431853198S04154888WA0101601067
B1439471853197S04154889WA0101601067
B1439511853198S04154888WA0101601067
B1439551853198S04154888WA0101601068
B1439591853198S04154888WA0101601071
B1440031853198S04154888WA0101601074
B1440071853198S04154887WA0101501075
B1440111853197S04154887WA0101601078
B1440151853197S04154887WA0101601080
B1440191853197S04154888WA0101601080
B1440231853196S04154889WA0101601079
B1440271853196S04154891WA0101601080
B1440311853196S04154893WA0101601080
B1440351853195S04154894WA0101601080
B1440391853195S04154895WA0101601080
B1440431853194S04154897WA0101701082
B1440471853193S04154899WA0101701082
B1440511853192S04154901WA0101701082
B1440551853193S04154903WA0101701082
B1440591853193S04154903WA0101701081
B1441031853193S04154903WA0101701080
B1441071853193S04154902WA0101701080
B1441111853194S04154902WA0101701080
B1441151853193S04154903WA0101701077
B1441191853194S04154903WA0101701077
B1441231853194S04154903WA0101701075
B1441271853194S04154903WA0101701076
B1441311853193S04154903WA0101701077
B1441351853193S04154903WA0101701078
B1441391853193S04154903WA0101701079
B1441431853193S04154903WA0101701080
B1441471853193S04154903WA0101701081
B1441511853192S04154903WA0101701081
B1441551853192S04154903WA0101701082
B1441591853192S04154903WA0101701082
B1442031853192S04154903WA0101701081
B1442071853192S04154902WA0101701079
B1442111853192S04154902WA0101601079
B1442151853192S04154903WA0101701079
B1442191853192S04154902WA0101601079
B1442231853193S04154903WA0101701079
B1442271853193S04154902WA0101701079
B1442311853193S04154903WA0101701078
B1442351853193S04154903WA0101701078
B1442391853193S04154903WA0101701077
B1442431853193S04154903WA0101601077
B1442471853193S04154903WA0101601077
B1442511853194S04154903WA0101601077
B1442551853194S04154903WA0101701077
B1442591853194S04154903WA0101601077
B1443031853194S04154903WA0101701078
B1443071853193S04154903WA0101701078
B1443111853192S04154903WA0101701079
B1443151853191S04154904WA0101701078
B1443191853190S04154904WA0101701078
B1443231853190S04154904WA0101601076
B1443271853190S04154904WA0101601076
B1443311853190S04154904WA0101601075
B1443351853190S04154904WA0101601074
B1443391853190S04154904WA0101601076
B1443431853190S04154904WA0101601076
B1443471853189S04154903WA0101601077
B1443511853189S04154903WA0101601077
B1443551853189S04154903WA0101601077
B1443591853189S04154903WA0101601076
B1444031853189S04154903WA0101601076
B1444071853189S04154903WA0101601076
B1444111853189S04154903WA0101601075
B1444151853189S04154902WA0101601077
B1444191853189S04154902WA0101601077
B1444231853189S04154902WA0101601078
B1444271853190S04154902WA0101601078
B1444311853189S04154902WA0101601077
B1444351853189S04154902WA0101601076
B1444391853186S04154900WA0101401074
B1444431853176S04154899WA0100401065
B1444471853175S04154899WA0100301062
B1444511853175S04154899WA0100301065
B1444551853175S04154899WA0100301066
B1444591853175S04154899WA0100301066
B1445031853175S04154899WA0100301069
B1445071853174S04154899WA0100301071
B1445111853174S04154899WA0100301072
B1445151853174S04154899WA0100301072
B1445191853174S04154899WA0100301073
B1445231853174S04154899WA0100401072
B1445271853174S04154899WA0100301073
B1445311853174S04154899WA0100401072
B1445351853174S04154899WA0100301072
B1445391853174S04154899WA0100401072
B1445431853174S04154899WA0100301073
B1445471853174S04154898WA0100401074
B1445511853175S04154898WA0100301075
B1445551853175S04154898WA0100301074
B1445591853175S04154898WA0100301074
B1446031853175S04154898WA0100401072
B1446071853175S04154899WA0100401073
B1446111853175S04154898WA0100401073
B1446151853174S04154898WA0100401072
B1446191853174S04154897WA0100401075
B1446231853174S04154897WA0100401076
B1446271853175S04154897WA0100401077
B1446311853175S04154897WA0100401078
B1446351853176S04154898WA0100401078
B1446391853176S04154899WA0100501077
B1446431853177S04154900WA0100501076
B1446471853177S04154899WA0100701075
B1446511853178S04154899WA0100701074
B1446551853179S04154900WA0100801075
B1446591853179S04154900WA0100801076
B1447031853179S04154900WA0100901076
B1447071853181S04154900WA0101001076
B1447111853181S04154901WA0101001077
B1447151853182S04154900WA0101001076
B1447191853183S04154900WA0101101072
B1447231853184S04154899WA0101201071
B1447271853185S04154898WA0101301070
B1447311853185S04154895WA0101301070
B1447351853186S04154893WA0101301069
B1447391853187S04154892WA0101301068
B1447431853188S04154890WA0101301068
B1447471853189S04154889WA0101301069
B1447511853191S04154888WA0101301070
B1447551853192S04154887WA0101401071
B1447591853193S04154886WA0101501071
B1448031853194S04154886WA0101501073
B1448071853195S04154886WA0101601073
B1448111853195S04154886WA0101601073
B1448151853194S04154886WA0101601073
B1448191853194S04154886WA0101601074
B1448231853193S04154886WA0101601074
B1448271853193S04154886WA0101601074
B1448311853193S04154886WA0101601076
B1448351853193S04154886WA0101601076
B1448391853192S04154885WA0101601076
B1448431853193S04154885WA0101601077
B1448471853193S04154885WA0101601076
B1448511853193S04154885WA0101601076
B1448551853193S04154886WA0101601076
B1448591853193S04154885WA0101601077
B1449031853193S04154886WA0101601076
B1449071853193S04154886WA0101601076
B1449111853193S04154885WA0101601076
B1449151853193S04154886WA0101601076
B1449191853193S04154885WA0101601078
B1449231853193S04154885WA0101601078
B1449271853193S04154885WA0101601079
B1449311853193S04154885WA0101501078
B1449351853193S04154885WA0101601078
B1449391853194S04154885WA0101601078
B1449431853194S04154886WA0101601077
B1449471853194S04154887WA0101601078
B1449511853195S04154888WA0101701077
B1449551853196S04154888WA0101701078
B1449591853197S04154890WA0101701074
B1450031853198S04154891WA0101801074
B1450071853198S04154892WA0101801072
B1450111853199S04154894WA0101801071
B1450151853199S04154895WA0101801072
B1450191853198S04154897WA0101801072
B1450231853198S04154898WA0101801074
B1450271853198S04154899WA0101901076
B1450311853198S04154900WA0101901079
B1450351853198S04154900WA0101901078
B1450391853198S04154901WA0101901078
B1450431853198S04154901WA0101901077
B1450471853198S04154902WA0101901078
B1450511853198S04154902WA0101901077
B1450551853198S04154903WA0101901077
B1450591853198S04154903WA0101901076
B1451031853198S04154903WA0101901076
B1451071853198S04154904WA0101901075
B1451111853198S04154904WA0101801075
B1451151853198S04154905WA0101901075
B1451191853198S04154905WA0101901073
B1451231853198S04154905WA0101901075
B1451271853198S04154905WA0101901075
B1451311853198S04154905WA0101901074
B1451351853198S04154905WA0101901074
B1451391853198S04154905WA0101901075
B1451431853198S04154905WA0101901076
B1451471853198S04154905WA0101901077
B1451511853198S04154905WA0101901078
B1451551853198S04154905WA0101901078
B1451591853198S04154905WA0101901078
B1452031853199S04154905WA0101901077
B1452071853199S04154905WA0101901078
B1452111853199S04154905WA0101901079
B1452151853199S04154905WA0101901080
B1452191853198S04154905WA0101901080
B1452231853198S04154904WA0101901080
B1452271853198S04154904WA0101901080
B1452311853198S04154905WA0101901079
B1452351853197S04154904WA0101901079
B1452391853196S04154904WA0101901078
B1452431853195S04154903WA0101901076
B1452471853195S04154904WA0101801074
B1452511853195S04154904WA0101801074
B1452551853195S04154904WA0101801073
B1452591853195S04154904WA0101801072
B1453031853195S04154905WA0101801071
B1453071853195S04154905WA0101801070
B1453111853195S04154905WA0101801070
B1453151853195S04154905WA0101801070
B1453191853195S04154905WA0101801070
B1453231853195S04154905WA0101801071
B1453271853195S04154905WA0101801070
B1453311853195S04154906WA0101801070
B1453351853195S04154906WA0101801070
B1453391853195S04154907WA0101801069
B1453431853194S04154906WA0101801068
B1453471853194S04154906WA0101801068
B1453511853194S04154907WA0101901067
B1453551853194S04154906WA0101901069
B1453591853194S04154906WA0101901069
B1454031853194S04154906WA0101901070
B1454071853194S04154905WA0101901070
B1454111853195S04154905WA0101901070
B1454151853195S04154904WA0101901069
B1454191853195S04154903WA0101901070
B1454231853195S04154903WA0101901070
B1454271853195S04154903WA0101901070
B1454311853195S04154903WA0101801071
B1454351853195S04154902WA0101901071
B1454391853195S04154902WA0101901072
B1454431853195S04154902WA0101801072
B1454471853195S04154902WA0101801072
B1454511853195S04154902WA0101801073
B1454551853195S04154902WA0101801074
B1454591853196S04154902WA0101801073
B1455031853196S04154902WA0101801072
B1455071853196S04154902WA0101801072
B1455111853196S04154902WA0101801071
B1455151853195S04154903WA0101901071
B1455191853196S04154903WA0101901069
B1455231853196S04154903WA0101901068
B1455271853196S04154902WA0101901067
B1455311853196S04154902WA0101801066
B1455351853196S04154902WA0101801065
B1455391853196S04154903WA0101901065
B1455431853196S04154903WA0101901064
B1455471853196S04154903WA0101801065
B1455511853196S04154903WA0101901066
B1455551853196S04154903WA0101901066
B1455591853196S04154903WA0101801067
B1456031853196S04154903WA0101801067
B1456071853196S04154902WA0101901067
B1456111853194S04154901WA0101901067
B1456151853193S04154901WA0101901068
B1456191853192S04154901WA0101901067
B1456231853191S04154901WA0101801067
B1456271853191S04154901WA0101801067
B1456311853191S04154901WA0101801068
B1456351853191S04154901WA0101801067
B1456391853191S04154902WA0101801069
B1456431853190S04154902WA0101801070
B1456471853191S04154901WA0101801070
B1456511853191S04154901WA0101801070
B1456551853191S04154901WA0101801070
B1456591853191S04154901WA0101801071
B1457031853191S04154901WA0101801072
B1457071853191S04154901WA0101801072
B1457111853190S04154901WA0101801074
B1457151853190S04154901WA0101801076
B1457191853190S04154901WA0101801076
B1457231853190S04154901WA0101801077
B1457271853188S04154900WA0101701075
B1457311853179S04154899WA0101401070
B1457351853160S04154900WA0101101072
B1457391853143S04154902WA0100501063
B1457431853124S04154896WA0100101059
B1457471853110S04154883WA0099601051
B1457511853089S04154872WA0098901044
B1457551853072S04154858WA0097901035
B1457591853053S04154847WA0097601033
B1458031853035S04154840WA0097401027
B1458071853018S04154826WA0097201024
B1458111853007S04154812WA0097201024
B1458151853000S04154792WA0097001024
B1458191852991S04154777WA0097201026
B1458231852981S04154764WA0097301026
B1458271852975S04154749WA0097601032
B1458311852971S04154733WA0097701034
B1458351852965S04154714WA0097501032
B1458391852963S04154699WA0098201041
B1458431852969S04154679WA0098101036
B1458471852969S04154664WA0098201036
B1458511852961S04154652WA0097701028
B1458551852953S04154636WA0098401035
B1458591852946S04154620WA0098701039
B1459031852947S04154608WA0099801051
B1459071852958S04154589WA0099901052
B1459111852969S04154573WA0099901052
B1459151852981S04154556WA0099701051
B1459191852989S04154538WA0099601049
B1459231852996S04154522WA0100601062
B1459271853001S04154507WA0101301067
B1459311853018S04154492WA0102001076
B1459351853039S04154497WA0103301088
B1459391853049S04154513WA0103501093
B1459431853036S04154525WA0104001099
B1459471853029S04154522WA0105401113
B1459511853033S04154504WA0105201111
B1459551853035S04154490WA0105101111
B1459591853034S04154472WA0104501104
B1500031853034S04154454WA0104701107
B1500071853027S04154443WA0104701107
B1500111853021S04154458WA0105701119
B1500151853037S04154473WA0105701122
B1500191853055S04154491WA0105301118
B1500231853070S04154511WA0105101115
B1500271853083S04154532WA0105201115
B1500311853100S04154553WA0104801109
B1500351853106S04154574WA0104701109
B1500391853095S04154579WA0104501106
B1500431853089S04154568WA0104601108
B1500471853079S04154557WA0104401105
B1500511853072S04154546WA0104401105
B1500551853066S04154534WA0104001102
B1500591853060S04154522WA0103501095
B1501031853058S04154509WA0104101104
B1501071853071S04154495WA0104501108
B1501111853094S04154504WA0104601108
B1501151853102S04154523WA0105101114
B1501191853101S04154542WA0105001113
B1501231853090S04154542WA0105001112
B1501271853077S04154537WA0104601107
B1501311853064S04154528WA0104101101
B1501351853060S04154512WA0103401092
B1501391853080S04154498WA0102501082
B1501431853106S04154509WA0102101077
B1501471853124S04154529WA0102101077
B1501511853128S04154548WA0102401080
B1501551853125S04154562WA0102401080
B1501591853111S04154562WA0101301067
B1502031853106S04154546WA0100601060
B1502071853093S04154540WA0099701050
B1502111853080S04154540WA0099201046
B1502151853066S04154549WA0098901043
B1502191853048S04154557WA0098901044
B1502231853036S04154560WA0099501050
B1502271853039S04154546WA0099801052
B1502311853065S04154538WA0100301058
B1502351853079S04154553WA0100601061
B1502391853080S04154574WA0100901063
B1502431853070S04154591WA0101101066
B1502471853059S04154584WA0101101065
B1502511853055S04154571WA0100901065
B1502551853048S04154560WA0100701062
B1502591853037S04154559WA0100301059
B1503031853026S04154568WA0099801053
B1503071853023S04154587WA0099201048
B1503111853022S04154608WA0098801042
B1503151853020S04154630WA0098801042
B1503191853019S04154647WA0099401046
B1503231853012S04154660WA0099301046
B1503271853004S04154675WA0098801041
B1503311852998S04154689WA0099101045
B1503351852988S04154704WA0098901044
B1503391852979S04154718WA0098801045
B1503431852966S04154728WA0098601042
B1503471852960S04154748WA0098801045
B1503511852960S04154769WA0098901046
B1503551852955S04154789WA0099301049
B1503591852944S04154797WA0099401050
B1504031852933S04154784WA0099201048
B1504071852951S04154775WA0099401050
B1504111852972S04154783WA0099701054
B1504151852982S04154797WA0100101058
B1504191852983S04154813WA0100201059
B1504231852972S04154825WA0100101058
B1504271852959S04154825WA0100401061
B1504311852943S04154828WA0100701063
B1504351852936S04154818WA0101501070
B1504391852953S04154805WA0101801072
B1504431852970S04154790WA0102401078
B1504471852984S04154777WA0102901084
B1504511853005S04154765WA0103201085
B1504551853028S04154768WA0103601089
B1504591853049S04154785WA0103701090
B1505031853059S04154806WA0104001093
B1505071853057S04154825WA0104401098
B1505111853046S04154840WA0104801102
B1505151853036S04154845WA0105301109
B1505191853022S04154843WA0105601113
B1505231853012S04154837WA0105801114
B1505271853015S04154823WA0106301120
B1505311853037S04154815WA0106501121
B1505351853056S04154831WA0107001127
B1505391853060S04154853WA0107501132
B1505431853050S04154865WA0108001138
B1505471853035S04154863WA0108501142
B1505511853033S04154848WA0108801145
B1505551853052S04154839WA0109201148
B1505591853073S04154845WA0109801154
B1506031853084S04154863WA0110501162
B1506071853082S04154885WA0111301171
B1506111853069S04154891WA0111701175
B1506151853061S04154882WA0111901178
B1506191853070S04154865WA0112301182
B1506231853085S04154856WA0112701187
B1506271853102S04154850WA0113101192
B1506311853123S04154856WA0113301194
B1506351853133S04154876WA0113601196
B1506391853128S04154893WA0114201202
B1506431853113S04154898WA0114801208
B1506471853109S04154887WA0115701216
B1506511853111S04154867WA0116201221
B1506551853119S04154857WA0116901230
B1506591853137S04154848WA0116801227
B1507031853154S04154862WA0116901229
B1507071853163S04154878WA0117001230
B1507111853155S04154896WA0117501236
B1507151853140S04154899WA0118401246
B1507191853127S04154898WA0118901253
B1507231853111S04154895WA0119301257
B1507271853093S04154897WA0119701260
B1507311853079S04154894WA0120401268
B1507351853067S04154881WA0119801259
B1507391853059S04154866WA0119001254
B1507431853048S04154846WA0118101244
B1507471853036S04154831WA0117501239
B1507511853027S04154814WA0117001234
B1507551853018S04154796WA0116301226
B1507591853006S04154780WA0115401216
B1508031852996S04154767WA0114801209
B1508071852981S04154750WA0113801197
B1508111852970S04154741WA0113601197
B1508151852951S04154738WA0112501186
B1508191852934S04154736WA0112001179
B1508231852913S04154734WA0111201170
B1508271852896S04154738WA0110601164
B1508311852876S04154742WA0109901156
B1508351852859S04154745WA0109201150
B1508391852840S04154743WA0108501143
B1508431852821S04154746WA0107601131
B1508471852801S04154751WA0106901125
B1508511852780S04154755WA0106001116
B1508551852762S04154761WA0105301109
B1508591852743S04154768WA0104701102
B1509031852727S04154768WA0104801105
B1509071852711S04154768WA0104901106
B1509111852695S04154774WA0104501102
B1509151852677S04154781WA0104101098
B1509191852656S04154787WA0104001096
B1509231852641S04154796WA0104501102
B1509271852626S04154812WA0104801105
B1509311852621S04154828WA0105201110
B1509351852613S04154849WA0104801106
B1509391852607S04154870WA0104801107
B1509431852599S04154895WA0105301111
B1509471852594S04154917WA0105801117
B1509511852590S04154942WA0106101119
B1509551852586S04154964WA0106301122
B1509591852576S04154975WA0107001129
B1510031852567S04154989WA0107401134
B1510071852562S04155008WA0107801140
B1510111852563S04155032WA0107701139
B1510151852572S04155057WA0107901140
B1510191852583S04155078WA0108401145
B1510231852594S04155105WA0108201141
B1510271852593S04155132WA0108201140
B1510311852580S04155148WA0109001150
B1510351852569S04155151WA0110101162
B1510391852570S04155137WA0111001170
B1510431852581S04155135WA0113001192
B1510471852601S04155145WA0113601196
B1510511852619S04155166WA0114101202
B1510551852636S04155189WA0114601208
B1510591852650S04155213WA0115601218
B1511031852663S04155236WA0116901232
B1511071852655S04155257WA0117701240
B1511111852646S04155267WA0118401249
B1511151852636S04155269WA0119301258
B1511191852633S04155259WA0119601260
B1511231852642S04155248WA0120201267
B1511271852660S04155246WA0121001274
B1511311852681S04155263WA0121401279
B1511351852690S04155288WA0122201286
B1511391852684S04155310WA0122801293
B1511431852674S04155319WA0123401299
B1511471852664S04155312WA0123501300
B1511511852664S04155299WA0123501300
B1511551852668S04155283WA0123901305
B1511591852672S04155268WA0124301310
B1512031852677S04155253WA0125001318
B1512071852680S04155239WA0125601325
B1512111852684S04155225WA0126501335
B1512151852695S04155218WA0127801347
B1512191852700S04155206WA0129001359
B1512231852701S04155195WA0129801368
B1512271852702S04155181WA0130501375
B1512311852702S04155169WA0131001382
B1512351852702S04155153WA0131501386
B1512391852700S04155141WA0131801391
B1512431852702S04155124WA0131701387
B1512471852702S04155106WA0131301384
B1512511852704S04155087WA0131001380
B1512551852705S04155068WA0130201371
B1512591852710S04155041WA0129101359
B1513031852714S04155017WA0128201351
B1513071852717S04154990WA0127101339
B1513111852721S04154959WA0126201328
B1513151852725S04154929WA0125501322
B1513191852726S04154900WA0124701313
B1513231852731S04154869WA0123701302
B1513271852735S04154840WA0123001295
B1513311852737S04154808WA0121801282
B1513351852740S04154776WA0121001275
B1513391852743S04154744WA0120101264
B1513431852741S04154713WA0119201256
B1513471852722S04154696WA0118501249
B1513511852700S04154682WA0117601240
B1513551852681S04154669WA0116801233
B1513591852661S04154664WA0115801222
B1514031852638S04154659WA0114901212
B1514071852625S04154658WA0114201205
B1514111852604S04154656WA0113101191
B1514151852585S04154657WA0111801178
B1514191852564S04154661WA0111601174
B1514231852555S04154668WA0112001178
B1514271852538S04154676WA0111801175
B1514311852528S04154686WA0112401181
B1514351852518S04154695WA0113601196
B1514391852511S04154695WA0114301203
B1514431852503S04154689WA0115201214
B1514471852503S04154675WA0115801220
B1514511852517S04154663WA0116401226
B1514551852538S04154664WA0116901232
B1514591852553S04154681WA0117701240
B1515031852557S04154703WA0118601249
B1515071852552S04154715WA0119301256
B1515111852542S04154715WA0119701261
B1515151852533S04154703WA0120301267
B1515191852524S04154695WA0120701270
B1515231852512S04154688WA0121001274
B1515271852501S04154676WA0121401277
B1515311852493S04154667WA0121701281
B1515351852482S04154661WA0122101285
B1515391852470S04154655WA0122701292
B1515431852458S04154648WA0123001294
B1515471852446S04154640WA0123301297
B1515511852433S04154634WA0123201296
B1515551852419S04154628WA0123601302
B1515591852408S04154622WA0124101306
B1516031852398S04154613WA0124201308
B1516071852387S04154609WA0124501312
B1516111852380S04154596WA0124801313
B1516151852376S04154580WA0125801324
B1516191852377S04154561WA0126301330
B1516231852392S04154546WA0127401340
B1516271852416S04154553WA0128201349
B1516311852427S04154573WA0129101359
B1516351852423S04154588WA0130001368
B1516391852409S04154587WA0130801376
B1516431852400S04154574WA0131101378
B1516471852399S04154553WA0131501382
B1516511852413S04154534WA0132401392
B1516551852439S04154527WA0133301402
B1516591852461S04154539WA0134501413
B1517031852467S04154561WA0135601424
B1517071852456S04154576WA0136501434
B1517111852444S04154576WA0137601446
B1517151852432S04154563WA0138201453
B1517191852434S04154543WA0139101461
B1517231852427S04154528WA0139901470
B1517271852423S04154507WA0140501475
B1517311852422S04154489WA0141301484
B1517351852423S04154470WA0141601487
B1517391852423S04154447WA0142101495
B1517431852424S04154426WA0142601499
B1517471852427S04154404WA0143001503
B1517511852430S04154381WA0143101504
B1517551852434S04154357WA0142501500
B1517591852436S04154331WA0141601492
B1518031852438S04154305WA0140901482
B1518071852439S04154280WA0140101475
B1518111852440S04154257WA0139201465
B1518151852442S04154234WA0138401456
B1518191852444S04154209WA0137401447
B1518231852444S04154187WA0136601438
B1518271852444S04154162WA0136001431
B1518311852442S04154138WA0135501426
B1518351852444S04154114WA0135201422
B1518391852447S04154089WA0135001419
B1518431852454S04154065WA0135101422
B1518471852460S04154043WA0135201423
B1518511852470S04154023WA0135601428
B1518551852477S04154008WA0136001432
B1518591852481S04153986WA0136501437
B1519031852486S04153968WA0136801441
B1519071852492S04153944WA0137001442
B1519111852500S04153923WA0137001443
B1519151852508S04153899WA0136901444
B1519191852518S04153875WA0136801441
B1519231852527S04153850WA0136801442
B1519271852530S04153824WA0136501438
B1519311852530S04153799WA0136801440
B1519351852532S04153775WA0137001443
B1519391852538S04153751WA0136901442
B1519431852539S04153726WA0136901443
B1519471852536S04153700WA0136901443
B1519511852538S04153680WA0137301447
B1519551852533S04153656WA0136901444
B1519591852528S04153641WA0138001454
B1520031852520S04153621WA0138101454
B1520071852515S04153603WA0138201455
B1520111852511S04153582WA0138001453
B1520151852508S04153561WA0137401446
B1520191852503S04153542WA0137001442
B1520231852496S04153521WA0136201433
B1520271852492S04153500WA0135401424
B1520311852487S04153479WA0134401415
B1520351852479S04153462WA0133701408
B1520391852470S04153447WA0133101401
B1520431852462S04153432WA0132701396
B1520471852457S04153413WA0132401393
B1520511852450S04153392WA0132701394
B1520551852446S04153371WA0133601405
B1520591852447S04153354WA0135201421
B1521031852458S04153340WA0136301432
B1521071852475S04153334WA0137101441
B1521111852498S04153343WA0137901451
B1521151852510S04153355WA0138701458
B1521191852515S04153373WA0138801459
B1521231852502S04153380WA0138701458
B1521271852490S04153367WA0138701456
B1521311852478S04153351WA0139601467
B1521351852471S04153334WA0140801480
B1521391852470S04153314WA0141901492
B1521431852479S04153295WA0142901502
B1521471852499S04153279WA0143301506
B1521511852523S04153282WA0144301516
B1521551852530S04153301WA0145001525
B1521591852528S04153321WA0146301540
B1522031852519S04153333WA0147601555
B1522071852507S04153337WA0148501564
B1522111852491S04153336WA0149401574
B1522151852479S04153337WA0149701576
B1522191852462S04153335WA0148501564
B1522231852445S04153328WA0147401553
B1522271852427S04153315WA0146701547
B1522311852412S04153303WA0146401544
B1522351852404S04153287WA0146001539
B1522391852397S04153269WA0144901528
B1522431852389S04153246WA0143701515
B1522471852385S04153224WA0142601503
B1522511852379S04153201WA0141601492
B1522551852378S04153178WA0140401481
B1522591852381S04153153WA0139201468
B1523031852385S04153129WA0138301458
B1523071852392S04153103WA0136901444
B1523111852398S04153076WA0135801431
B1523151852400S04153049WA0134501418
B1523191852401S04153019WA0133401407
B1523231852400S04152990WA0132501398
B1523271852401S04152961WA0131701389
B1523311852403S04152931WA0130901383
B1523351852404S04152901WA0130301375
B1523391852404S04152873WA0129701370
B1523431852403S04152846WA0129001361
B1523471852402S04152819WA0128401355
B1523511852401S04152794WA0127901350
B1523551852401S04152767WA0127401345
B1523591852403S04152743WA0127301344
B1524031852405S04152725WA0127001341
B1524071852403S04152703WA0126401334
B1524111852403S04152684WA0126201332
B1524151852398S04152665WA0125801328
B1524191852394S04152647WA0125601325
B1524231852387S04152630WA0125401322
B1524271852378S04152610WA0125601325
B1524311852374S04152594WA0126601334
B1524351852388S04152581WA0127201339
B1524391852411S04152588WA0127601343
B1524431852416S04152610WA0128301349
B1524471852409S04152628WA0128501354
B1524511852393S04152638WA0128901360
B1524551852375S04152639WA0129001361
B1524591852361S04152629WA0129201362
B1525031852363S04152605WA0128701357
B1525071852380S04152586WA0128501354
B1525111852401S04152573WA0128801358
B1525151852427S04152577WA0129301363
B1525191852443S04152594WA0130201372
B1525231852440S04152618WA0130401374
B1525271852423S04152625WA0130401374
B1525311852411S04152611WA0130801380
B1525351852414S04152589WA0131101380
B1525391852431S04152575WA0131601386
B1525431852451S04152574WA0132301392
B1525471852470S04152589WA0132801397
B1525511852469S04152613WA0133101399
B1525551852456S04152626WA0133401402
B1525591852440S04152621WA0133801407
B1526031852439S04152601WA0134001409
B1526071852446S04152585WA0134201410
B1526111852451S04152564WA0134401413
B1526151852457S04152544WA0135001420
B1526191852471S04152528WA0135301424
B1526231852490S04152514WA0135701428
B1526271852512S04152517WA0136501435
B1526311852519S04152532WA0137501446
B1526351852510S04152550WA0138401455
B1526391852490S04152551WA0139301466
B1526431852474S04152536WA0140101474
B1526471852479S04152516WA0140401478
B1526511852495S04152497WA0141101486
B1526551852512S04152479WA0141801493
B1526591852532S04152474WA0142901505
B1527031852552S04152482WA0143801514
B1527071852562S04152498WA0144901525
B1527111852562S04152517WA0145601533
B1527151852549S04152534WA0146401540
B1527191852531S04152542WA0146701544
B1527231852510S04152538WA0147001548
B1527271852497S04152520WA0147001546
B1527311852503S04152495WA0147401550
B1527351852519S04152476WA0147401551
B1527391852537S04152459WA0147601552
B1527431852558S04152447WA0148001558
B1527471852577S04152441WA0149101569
B1527511852593S04152450WA0149701574
B1527551852602S04152460WA0150401582
B1527591852606S04152474WA0150401583
B1528031852607S04152494WA0149801576
B1528071852611S04152513WA0150001579
B1528111852613S04152529WA0149701574
B1528151852617S04152546WA0149101568
B1528191852622S04152561WA0148301560
B1528231852631S04152581WA0147501552
B1528271852639S04152602WA0146701545
B1528311852644S04152624WA0145701534
B1528351852651S04152647WA0144701525
B1528391852652S04152670WA0143601513
B1528431852639S04152684WA0142601503
B1528471852623S04152694WA0141601492
B1528511852604S04152704WA0140301479
B1528551852583S04152709WA0139501471
B1528591852565S04152718WA0138801464
B1529031852550S04152729WA0138801464
B1529071852536S04152739WA0138101457
B1529111852522S04152749WA0137701453
B1529151852507S04152758WA0136901444
B1529191852491S04152768WA0136601442
B1529231852475S04152778WA0136101437
B1529271852459S04152790WA0136001435
B1529311852442S04152801WA0135501431
B1529351852426S04152814WA0135201427
B1529391852410S04152826WA0134701423
B1529431852395S04152837WA0134501421
B1529471852379S04152850WA0133801415
B1529511852364S04152861WA0133701414
B1529551852350S04152874WA0133101407
B1529591852337S04152883WA0132701403
B1530031852319S04152887WA0132101396
B1530071852302S04152891WA0131501391
B1530111852284S04152900WA0130901385
B1530151852270S04152911WA0131001385
B1530191852256S04152923WA0130601379
B1530231852240S04152932WA0130301376
B1530271852226S04152941WA0130101374
B1530311852209S04152947WA0130201374
B1530351852193S04152954WA0130301376
B1530391852182S04152962WA0130601379
B1530431852169S04152968WA0130601377
B1530471852158S04152974WA0130501377
B1530511852144S04152984WA0130101373
B1530551852133S04152997WA0129601367
B1530591852123S04153012WA0129401365
B1531031852109S04153020WA0129301364
B1531071852094S04153030WA0128901360
B1531111852074S04153028WA0128401355
B1531151852063S04153013WA0128301353
B1531191852056S04152989WA0127301343
B1531231852060S04152968WA0126401333
B1531271852070S04152947WA0125501323
B1531311852088S04152932WA0124701314
B1531351852109S04152920WA0123801304
B1531391852130S04152905WA0123001295
B1531431852152S04152894WA0122401288
B1531471852177S04152888WA0122001285
B1531511852203S04152886WA0121701282
B1531551852229S04152890WA0121701281
B1531591852253S04152898WA0121501281
B1532031852277S04152911WA0121301278
B1532071852299S04152928WA0121601281
B1532111852317S04152950WA0122401290
B1532151852327S04152974WA0122701293
B1532191852341S04152998WA0122701294
B1532231852351S04153022WA0123401301
B1532271852362S04153045WA0124101308
B1532311852380S04153061WA0124701315
B1532351852399S04153075WA0124901317
B1532391852406S04153092WA0125801326
B1532431852400S04153106WA0126401332
B1532471852388S04153115WA0126101329
B1532511852378S04153132WA0126201331
B1532551852371S04153151WA0126101330
B1532591852367S04153172WA0126801339
B1533031852361S04153190WA0127101343
B1533071852351S04153200WA0128301356
B1533111852337S04153194WA0129601370
B1533151852336S04153175WA0130701381
B1533191852353S04153164WA0130801381
B1533231852374S04153171WA0130901381
B1533271852387S04153191WA0131101383
B1533311852397S04153210WA0132001393
B1533351852406S04153229WA0133401408
B1533391852412S04153247WA0134801421
B1533431852402S04153258WA0136101435
B1533471852391S04153249WA0137401447
B1533511852388S04153234WA0138401458
B1533551852385S04153217WA0139601470
B1533591852388S04153198WA0140801482
B1534031852406S04153186WA0141701492
B1534071852425S04153198WA0142501499
B1534111852436S04153215WA0143401508
B1534151852438S04153236WA0144501521
B1534191852430S04153246WA0145101529
B1534231852418S04153238WA0146301540
B1534271852409S04153228WA0147501554
B1534311852397S04153216WA0148101560
B1534351852390S04153196WA0148801567
B1534391852392S04153174WA0149601575
B1534431852408S04153155WA0150001578
B1534471852428S04153149WA0150701587
B1534511852451S04153152WA0151201591
B1534551852467S04153161WA0151601595
B1534591852476S04153180WA0152001600
B1535031852476S04153198WA0152801608
B1535071852469S04153215WA0153701618
B1535111852458S04153225WA0154501627
B1535151852445S04153220WA0155201634
B1535191852436S04153206WA0155701640
B1535231852426S04153188WA0155801640
B1535271852413S04153169WA0155701640
B1535311852403S04153144WA0155601639
B1535351852389S04153126WA0155601640
B1535391852377S04153109WA0155801642
B1535431852377S04153081WA0156001644
B1535471852383S04153057WA0156301648
B1535511852392S04153031WA0156601651
B1535551852407S04153011WA0156701652
B1535591852422S04152990WA0156001645
B1536031852436S04152966WA0155201637
B1536071852449S04152941WA0154501629
B1536111852461S04152915WA0153901623
B1536151852479S04152891WA0153201616
B1536191852497S04152872WA0152701610
B1536231852520S04152871WA0151901601
B1536271852539S04152871WA0151401597
B1536311852561S04152874WA0151101593
B1536351852582S04152878WA0150701588
B1536391852602S04152881WA0150701589
B1536431852623S04152884WA0150701588
B1536471852645S04152888WA0150501588
B1536511852671S04152889WA0150701590
B1536551852697S04152893WA0150901593
B1536591852718S04152902WA0151301597
B1537031852731S04152916WA0151901602
B1537071852736S04152933WA0152001604
B1537111852735S04152948WA0152301607
B1537151852727S04152963WA0152101604
B1537191852713S04152969WA0152001603
B1537231852693S04152967WA0151701600
B1537271852678S04152952WA0151801601
B1537311852663S04152936WA0152201605
B1537351852655S04152913WA0151901601
B1537391852645S04152896WA0151901603
B1537431852641S04152874WA0151601600
B1537471852652S04152854WA0151701599
B1537511852669S04152844WA0151401596
B1537551852692S04152846WA0151201594
B1537591852710S04152856WA0151401596
B1538031852724S04152874WA0151101593
B1538071852734S04152892WA0151201593
B1538111852744S04152913WA0151101593
B1538151852754S04152934WA0151201595
B1538191852761S04152956WA0151101593
B1538231852769S04152979WA0150601589
B1538271852778S04153004WA0150401585
B1538311852788S04153029WA0150301583
B1538351852795S04153053WA0150701589
B1538391852806S04153071WA0151001590
B1538431852819S04153093WA0151201595
B1538471852834S04153110WA0151501597
B1538511852846S04153132WA0151401598
B1538551852846S04153152WA0151801601
B1538591852845S04153169WA0152001604
B1539031852837S04153179WA0152201606
B1539071852828S04153189WA0152401607
B1539111852814S04153199WA0152801611
B1539151852800S04153197WA0152801611
B1539191852782S04153193WA0152601610
B1539231852763S04153191WA0152401608
B1539271852744S04153186WA0152901612
B1539311852728S04153178WA0153101614
B1539351852716S04153161WA0153501617
B1539391852699S04153148WA0153801620
B1539431852685S04153129WA0154201623
B1539471852675S04153106WA0154801630
B1539511852665S04153084WA0155101631
B1539551852658S04153059WA0155401635
B1539591852662S04153036WA0155701637
B1540031852680S04153018WA0155601637
B1540071852704S04153014WA0155401636
B1540111852727S04153021WA0155201635
B1540151852747S04153031WA0155101633
B1540191852765S04153046WA0155001633
B1540231852781S04153062WA0155301636
B1540271852799S04153076WA0155401638
B1540311852816S04153093WA0155701640
B1540351852822S04153111WA0155901642
B1540391852818S04153129WA0156201646
B1540431852806S04153143WA0156101645
B1540471852791S04153156WA0156101645
B1540511852776S04153167WA0156201646
B1540551852760S04153177WA0156501651
B1540591852740S04153177WA0157101657
B1541031852721S04153168WA0158201669
B1541071852703S04153153WA0158601674
B1541111852693S04153131WA0158801676
B1541151852689S04153105WA0158601675
B1541191852691S04153082WA0158501673
B1541231852694S04153055WA0158601674
B1541271852697S04153033WA0158801674
B1541311852700S04153007WA0158901675
B1541351852703S04152982WA0158701673
B1541391852708S04152959WA0158901675
B1541431852713S04152936WA0158501669
B1541471852721S04152916WA0158201665
B1541511852733S04152895WA0157701660
B1541551852757S04152888WA0157401657
B1541591852777S04152900WA0157101655
B1542031852787S04152922WA0156901654
B1542071852792S04152944WA0156701652
B1542111852794S04152966WA0156601651
B1542151852789S04152986WA0156501649
B1542191852784S04153007WA0156801653
B1542231852781S04153025WA0156901654
B1542271852781S04153046WA0157301659
B1542311852774S04153060WA0158101667
B1542351852759S04153057WA0158501670
B1542391852748S04153036WA0157801664
B1542431852750S04153008WA0157801663
B1542471852764S04152991WA0157401658
B1542511852788S04152990WA0157001655
B1542551852808S04153003WA0156701652
B1542591852824S04153018WA0157101655
B1543031852839S04153037WA0157301658
B1543071852838S04153058WA0157701663
B1543111852827S04153075WA0158201669
B1543151852816S04153090WA0158401671
B1543191852802S04153100WA0157901666
B1543231852783S04153101WA0157701663
B1543271852778S04153077WA0157001655
B1543311852781S04153054WA0156701651
B1543351852796S04153028WA0156801654
B1543391852813S04153010WA0157201657
B1543431852836S04152995WA0157201658
B1543471852857S04152985WA0157301658
B1543511852880S04152988WA0157401660
B1543551852899S04152999WA0157401660
B1543591852915S04153015WA0157101656
B1544031852922S04153036WA0157201658
B1544071852922S04153059WA0157001655
B1544111852910S04153077WA0156601651
B1544151852895S04153083WA0156501649
B1544191852878S04153070WA0156201644
B1544231852869S04153052WA0156001641
B1544271852860S04153027WA0155801639
B1544311852848S04153004WA0155601637
B1544351852838S04152979WA0155201632
B1544391852828S04152960WA0154701628
B1544431852818S04152937WA0153601618
B1544471852811S04152917WA0153501616
B1544511852803S04152897WA0152601607
B1544551852795S04152880WA0152401605
B1544591852786S04152861WA0152601607
B1545031852787S04152839WA0152901610
B1545071852788S04152822WA0153701618
B1545111852785S04152801WA0154201624
B1545151852784S04152790WA0154501630
B1545191852779S04152765WA0153801626
B1545231852776S04152745WA0154001626
B1545271852776S04152719WA0154701633
B1545311852777S04152696WA0155801645
B1545351852777S04152678WA0156101648
B1545391852771S04152656WA0155801645
B1545431852768S04152632WA0155601643
B1545471852767S04152608WA0156001646
B1545511852762S04152584WA0156801654
B1545551852757S04152563WA0157501661
B1545591852750S04152541WA0158001665
B1546031852745S04152521WA0158701673
B1546071852737S04152499WA0159201678
B1546111852730S04152477WA0159501681
B1546151852725S04152450WA0159801684
B1546191852718S04152424WA0160201689
B1546231852709S04152399WA0159901684
B1546271852696S04152369WA0159901684
B1546311852682S04152344WA0159301678
B1546351852668S04152314WA0158901674
B1546391852661S04152290WA0159701684
B1546431852654S04152257WA0159901687
B1546471852644S04152230WA0160001688
B1546511852629S04152201WA0159701686
B1546551852612S04152173WA0159501684
B1546591852597S04152144WA0158801676
B1547031852581S04152108WA0157801665
B1547071852565S04152075WA0158001669
B1547111852552S04152048WA0158101670
B1547151852535S04152018WA0157201663
B1547191852516S04151988WA0156401658
B1547231852496S04151960WA0155601649
B1547271852474S04151932WA0154901641
B1547311852454S04151905WA0154201634
B1547351852435S04151875WA0153301624
B1547391852418S04151846WA0152901618
B1547431852400S04151816WA0152001609
B1547471852381S04151787WA0151101600
B1547511852361S04151759WA0150401591
B1547551852340S04151732WA0149701583
B1547591852318S04151707WA0149001576
B1548031852298S04151679WA0148501568
B1548071852278S04151652WA0147601557
B1548111852252S04151628WA0146401544
B1548151852229S04151603WA0145601537
B1548191852207S04151576WA0144601525
B1548231852185S04151550WA0143801518
B1548271852163S04151525WA0142701506
B1548311852139S04151499WA0141901498
B1548351852116S04151474WA0141101490
B1548391852093S04151447WA0139801480
B1548431852071S04151420WA0139101471
B1548471852050S04151392WA0138201461
B1548511852026S04151367WA0137201452
B1548551852004S04151342WA0136501445
B1548591851984S04151314WA0135601435
B1549031851963S04151285WA0134501424
B1549071851942S04151255WA0133501413
B1549111851920S04151225WA0132601404
B1549151851901S04151194WA0131901395
B1549191851883S04151162WA0131101385
B1549231851864S04151132WA0130501379
B1549271851845S04151103WA0129601370
B1549311851825S04151078WA0129001364
B1549351851808S04151051WA0127901353
B1549391851790S04151026WA0127101344
B1549431851773S04151001WA0126001334
B1549471851755S04150977WA0125301325
B1549511851738S04150952WA0124501315
B1549551851720S04150928WA0123701306
B1549591851702S04150907WA0123101300
B1550031851685S04150885WA0122401292
B1550071851668S04150862WA0121301281
B1550111851650S04150838WA0120301271
B1550151851635S04150817WA0119701264
B1550191851618S04150792WA0118701252
B1550231851602S04150768WA0118201247
B1550271851586S04150742WA0117301237
B1550311851570S04150717WA0116801231
B1550351851553S04150697WA0116301224
B1550391851538S04150677WA0115901220
B1550431851523S04150656WA0116001221
B1550471851508S04150638WA0116101223
B1550511851492S04150620WA0116001222
B1550551851475S04150604WA0116101224
B1550591851458S04150586WA0116201225
B1551031851446S04150565WA0116201224
B1551071851433S04150542WA0116401226
B1551111851422S04150520WA0116901231
B1551151851413S04150496WA0117501238
B1551191851406S04150474WA0118301248
B1551231851399S04150449WA0119001254
B1551271851392S04150422WA0119601261
B1551311851382S04150395WA0120101267
B1551351851377S04150367WA0120201269
B1551391851376S04150336WA0120101267
B1551431851368S04150308WA0120201269
B1551471851361S04150278WA0119901265
B1551511851353S04150245WA0119401260
B1551551851342S04150217WA0119201258
B1551591851329S04150188WA0118501252
B1552031851317S04150159WA0118301250
B1552071851306S04150132WA0118201248
B1552111851294S04150106WA0117701243
B1552151851280S04150081WA0117201236
B1552191851266S04150056WA0116701231
B1552231851251S04150032WA0116101224
B1552271851235S04150007WA0115301216
B1552311851218S04149984WA0114701210
B1552351851200S04149958WA0113801200
B1552391851181S04149933WA0113101193
B1552431851169S04149905WA0112401183
B1552471851153S04149884WA0111901179
B1552511851134S04149864WA0111101170
B1552551851116S04149844WA0110001163
B1552591851099S04149823WA0109601157
B1553031851081S04149803WA0109101151
B1553071851065S04149781WA0108501143
B1553111851048S04149763WA0107801136
B1553151851029S04149745WA0106501122
B1553191851010S04149729WA0105701114
B1553231850991S04149713WA0104401099
B1553271850969S04149699WA0103201087
B1553311850946S04149686WA0102001073
B1553351850924S04149673WA0101401067
B1553391850900S04149665WA0101201065
B1553431850878S04149655WA0101601070
B1553471850860S04149643WA0102101076
B1553511850846S04149636WA0103001086
B1553551850829S04149629WA0103301089
B1553591850811S04149625WA0103301091
B1554031850790S04149629WA0103701096
B1554071850773S04149637WA0104401103
B1554111850757S04149637WA0105401114
B1554151850745S04149627WA0106101121
B1554191850739S04149613WA0106701128
B1554231850741S04149596WA0107401136
B1554271850749S04149575WA0107901142
B1554311850766S04149561WA0109001153
B1554351850786S04149548WA0109601159
B1554391850810S04149541WA0110701170
B1554431850836S04149549WA0111601180
B1554471850852S04149569WA0112701192
B1554511850852S04149594WA0113501200
B1554551850833S04149604WA0114601212
B1554591850818S04149592WA0115501221
B1555031850813S04149573WA0116801233
B1555071850809S04149556WA0117701242
B1555111850806S04149538WA0118501251
B1555151850799S04149521WA0118801254
B1555191850791S04149504WA0119301259
B1555231850779S04149487WA0119501260
B1555271850767S04149468WA0120201268
B1555311850760S04149448WA0121001277
B1555351850754S04149428WA0121601283
B1555391850745S04149408WA0121101277
B1555431850733S04149385WA0120401270
B1555471850720S04149362WA0119701262
B1555511850706S04149338WA0118401247
B1555551850689S04149308WA0117301235
B1555591850673S04149279WA0117801241
B1556031850660S04149258WA0118601249
B1556071850646S04149234WA0117901241
B1556111850630S04149207WA0117301236
B1556151850611S04149182WA0116601230
B1556191850591S04149159WA0116101224
B1556231850572S04149135WA0115901222
B1556271850557S04149112WA0115501217
B1556311850539S04149088WA0114501208
B1556351850521S04149064WA0113901201
B1556391850504S04149037WA0113001191
B1556431850485S04149013WA0112701187
B1556471850470S04148990WA0112601185
B1556511850453S04148966WA0112001178
B1556551850435S04148943WA0111501174
B1556591850416S04148921WA0111101169
B1557031850397S04148900WA0110601164
B1557071850377S04148879WA0110001159
B1557111850354S04148858WA0109201151
B1557151850331S04148836WA0108701145
B1557191850305S04148819WA0108101140
B1557231850279S04148802WA0107401132
B1557271850255S04148782WA0106701125
B1557311850229S04148764WA0105901116
B1557351850210S04148746WA0105401110
B1557391850193S04148725WA0104301101
B1557431850172S04148705WA0103301093
B1557471850152S04148686WA0102901085
B1557511850133S04148664WA0102301077
B1557551850116S04148645WA0101701072
B1557591850099S04148621WA0101001063
B1558031850082S04148597WA0100501057
B1558071850064S04148571WA0100201054
B1558111850045S04148550WA0100401056
B1558151850025S04148532WA0100501055
B1558191850002S04148516WA0100301055
B1558231849980S04148499WA0100101053
B1558271849957S04148484WA0099801051
B1558311849933S04148469WA0099701048
B1558351849909S04148452WA0099601047
B1558391849890S04148434WA0099801049
B1558431849868S04148420WA0099801049
B1558471849842S04148406WA0099601047
B1558511849815S04148396WA0099901051
B1558551849793S04148389WA0100401057
B1558591849766S04148384WA0100501056
B1559031849741S04148379WA0101301065
B1559071849720S04148374WA0102101074
B1559111849701S04148368WA0103101086
B1559151849690S04148365WA0103701092
B1559191849673S04148353WA0103501090
B1559231849659S04148340WA0103901095
B1559271849642S04148323WA0104501102
B1559311849629S04148305WA0105101108
B1559351849618S04148286WA0105801115
B1559391849607S04148269WA0106501121
B1559431849602S04148248WA0107301131
B1559471849598S04148225WA0107401131
B1559511849593S04148197WA0107201130
B1559551849589S04148171WA0106501124
B1559591849582S04148137WA0105901117
B1600031849573S04148105WA0105501113
B1600071849565S04148071WA0104801106
B1600111849559S04148036WA0104101099
B1600151849550S04148008WA0104201099
B1600191849541S04147981WA0103701094
B1600231849532S04147952WA0103301092
B1600271849523S04147922WA0102401083
B1600311849512S04147891WA0101501072
B1600351849498S04147858WA0100101056
B1600391849486S04147826WA0099101045
B1600431849476S04147792WA0098101034
B1600471849465S04147762WA0097401027
B1600511849452S04147730WA0096501016
B1600551849444S04147698WA0095701009
B1600591849434S04147665WA0094701000
B1601031849420S04147635WA0094200995
B1601071849410S04147606WA0093400986
B1601111849400S04147575WA0092500975
B1601151849390S04147546WA0092200973
B1601191849381S04147519WA0092000970
B1601231849369S04147490WA0091500966
B1601271849356S04147461WA0090600957
B1601311849342S04147430WA0089500946
B1601351849329S04147398WA0088900938
B1601391849319S04147368WA0088200930
B1601431849307S04147339WA0087500921
B1601471849295S04147313WA0087400920
B1601511849283S04147288WA0086800915
B1601551849261S04147263WA0085700902
B1601591849242S04147239WA0085400900
B1602031849227S04147213WA0084500889
B1602071849211S04147185WA0083200877
B1602111849194S04147157WA0082100866
B1602151849176S04147130WA0081400858
B1602191849157S04147105WA0080800852
B1602231849143S04147079WA0079800841
B1602271849131S04147049WA0078900831
B1602311849116S04147021WA0077800820
B1602351849103S04146994WA0076800811
B1602391849089S04146966WA0076000801
B1602431849075S04146938WA0075400793
B1602471849063S04146909WA0074600784
B1602511849052S04146879WA0073600774
B1602551849039S04146848WA0072700764
B1602591849029S04146817WA0071600754
B1603031849018S04146785WA0070200743
B1603071849006S04146754WA0069500734
B1603111848995S04146722WA0068800725
B1603151848984S04146690WA0068100716
B1603191848973S04146659WA0067500709
B1603231848964S04146630WA0067000705
B1603271848954S04146600WA0066400696
B1603311848945S04146572WA0065900690
B1603351848934S04146544WA0065200682
B1603391848922S04146517WA0064400673
B1603431848909S04146489WA0063600664
B1603471848897S04146461WA0062700656
B1603511848886S04146432WA0061800646
B1603551848874S04146404WA0060700635
B1603591848863S04146373WA0059600623
B1604031848852S04146343WA0058800614
B1604071848843S04146315WA0058300609
B1604111848831S04146287WA0057500600
B1604151848822S04146263WA0057000596
B1604191848814S04146237WA0056000585
B1604231848804S04146207WA0055000576
B1604271848796S04146176WA0054000564
B1604311848788S04146141WA0053500559
B1604351848787S04146110WA0053700561
B1604391848795S04146085WA0054800574
B1604431848807S04146063WA0055600582
B1604471848795S04146056WA0056100587
B1604511848799S04146077WA0056500589
B1604551848826S04146080WA0057200599
B1604591848844S04146062WA0058300609
B1605031848840S04146043WA0059200620
B1605071848829S04146033WA0060100629
B1605111848824S04146021WA0061200641
B1605151848813S04146007WA0061900649
B1605191848814S04145987WA0062600657
B1605231848832S04145982WA0063300663
B1605271848845S04145996WA0064000669
B1605311848845S04146020WA0064900680
B1605351848839S04146036WA0066500698
B1605391848824S04146043WA0067600708
B1605431848811S04146039WA0068600721
B1605471848798S04146028WA0069000725
B1605511848787S04146013WA0069800734
B1605551848781S04145997WA0070400739
B1605591848776S04145981WA0070900744
B1606031848768S04145965WA0071600751
B1606071848759S04145948WA0072300759
B1606111848750S04145931WA0073000767
B1606151848741S04145911WA0073600773
B1606191848733S04145892WA0074500782
B1606231848725S04145870WA0075200790
B1606271848714S04145847WA0075700794
B1606311848696S04145834WA0076500804
B1606351848677S04145828WA0077500814
B1606391848671S04145841WA0078800828
B1606431848688S04145850WA0080000842
B1606471848707S04145840WA0081000852
B1606511848710S04145817WA0081700859
B1606551848694S04145801WA0083000874
B1606591848679S04145802WA0084300888
B1607031848680S04145820WA0084800893
B1607071848704S04145820WA0085400899
B1607111848718S04145805WA0086400911
B1607151848724S04145780WA0087600922
B1607191848711S04145766WA0088800936
B1607231848705S04145782WA0089600945
B1607271848723S04145790WA0090100951
B1607311848740S04145799WA0091100959
B1607351848761S04145807WA0092000968
B1607391848780S04145790WA0093200980
B1607431848779S04145765WA0094800998
B1607471848775S04145738WA0095601004
B1607511848764S04145720WA0096901019
B1607551848750S04145723WA0097701027
B1607591848748S04145741WA0098601038
B1608031848753S04145756WA0099301046
B1608071848773S04145768WA0099901051
B1608111848794S04145766WA0101301066
B1608151848812S04145755WA0102801082
B1608191848814S04145730WA0104101097
B1608231848801S04145716WA0105601113
B1608271848787S04145725WA0106601123
B1608311848796S04145742WA0107301131
B1608351848814S04145744WA0108901148
B1608391848833S04145727WA0109901157
B1608431848834S04145705WA0111201171
B1608471848821S04145685WA0112301183
B1608511848806S04145687WA0113401195
B1608551848803S04145701WA0114201203
B1608591848810S04145717WA0114701208
B1609031848832S04145723WA0115401216
B1609071848852S04145709WA0116501227
B1609111848863S04145687WA0117601239
B1609151848862S04145663WA0118701252
B1609191848847S04145645WA0119401259
B1609231848831S04145643WA0120101267
B1609271848822S04145653WA0120801274
B1609311848826S04145670WA0121301280
B1609351848848S04145671WA0121901285
B1609391848864S04145652WA0122501292
B1609431848867S04145629WA0123101298
B1609471848856S04145613WA0123901306
B1609511848844S04145598WA0124601314
B1609551848827S04145582WA0125301322
B1609591848811S04145567WA0125701326
B1610031848795S04145550WA0125801327
B1610071848780S04145530WA0125801326
B1610111848763S04145509WA0125501322
B1610151848745S04145487WA0125901326
B1610191848729S04145469WA0126501333
B1610231848713S04145449WA0127201340
B1610271848696S04145429WA0128301353
B1610311848683S04145408WA0129501366
B1610351848669S04145386WA0130301375
B1610391848656S04145362WA0131101382
B1610431848638S04145337WA0131601387
B1610471848622S04145310WA0132801401
B1610511848609S04145287WA0133801412
B1610551848591S04145262WA0135001424
B1610591848577S04145240WA0136001434
B1611031848562S04145215WA0136001434
B1611071848544S04145192WA0136401438
B1611111848526S04145168WA0136401438
B1611151848506S04145142WA0136001434
B1611191848484S04145118WA0135401427
B1611231848469S04145094WA0134601418
B1611271848449S04145068WA0133601409
B1611311848429S04145042WA0133001401
B1611351848408S04145018WA0131701386
B1611391848385S04144992WA0130301373
B1611431848363S04144964WA0129201361
B1611471848342S04144937WA0127901348
B1611511848319S04144911WA0127001339
B1611551848298S04144887WA0126601333
B1611591848278S04144862WA0125701324
B1612031848256S04144837WA0124801315
B1612071848234S04144816WA0124601312
B1612111848217S04144795WA0124101307
B1612151848195S04144772WA0123201297
B1612191848175S04144748WA0122501289
B1612231848155S04144722WA0121501279
B1612271848136S04144699WA0120901274
B1612311848120S04144676WA0119901263
B1612351848102S04144651WA0119101254
B1612391848084S04144628WA0118801251
B1612431848065S04144607WA0118301245
B1612471848044S04144587WA0117701238
B1612511848022S04144569WA0117101231
B1612551848003S04144552WA0116401225
B1612591847984S04144535WA0115901219
B1613031847966S04144517WA0115701217
B1613071847952S04144502WA0116001221
B1613111847937S04144488WA0115801218
B1613151847920S04144472WA0115801219
B1613191847903S04144456WA0115801219
B1613231847882S04144446WA0115901220
B1613271847864S04144434WA0116001221
B1613311847845S04144421WA0115901221
B1613351847825S04144403WA0115801219
B1613391847805S04144388WA0115901221
B1613431847786S04144371WA0115901222
B1613471847766S04144355WA0116501230
B1613511847748S04144338WA0116901235
B1613551847727S04144320WA0117401239
B1613591847713S04144308WA0118201249
B1614031847694S04144289WA0118201248
B1614071847679S04144269WA0118501252
B1614111847663S04144247WA0118301249
B1614151847643S04144222WA0118201247
B1614191847627S04144199WA0118901256
B1614231847614S04144177WA0119401261
B1614271847599S04144152WA0120001267
B1614311847584S04144129WA0120601273
B1614351847570S04144105WA0121401283
B1614391847557S04144081WA0122301291
B1614431847549S04144054WA0123201301
B1614471847538S04144028WA0124001308
B1614511847534S04144001WA0124701316
B1614551847550S04143975WA0125201322
B1614591847578S04143955WA0125801327
B1615031847607S04143939WA0126401333
B1615071847637S04143928WA0126901339
B1615111847668S04143922WA0126401332
B1615151847705S04143914WA0125101319
B1615191847738S04143906WA0124701315
B1615231847766S04143891WA0124501312
B1615271847793S04143872WA0124301310
B1615311847821S04143856WA0124101308
B1615351847849S04143842WA0124001308
B1615391847878S04143827WA0123901306
B1615431847906S04143814WA0123601303
B1615471847937S04143802WA0122701294
B1615511847969S04143787WA0121501281
B1615551847999S04143775WA0120801274
B1615591848029S04143763WA0120201267
B1616031848058S04143755WA0120601272
B1616071848084S04143745WA0121401281
B1616111848109S04143732WA0121701282
B1616151848136S04143717WA0121901285
B1616191848162S04143704WA0121901285
B1616231848189S04143694WA0121701283
B1616271848216S04143681WA0121501281
B1616311848245S04143669WA0121501281
B1616351848270S04143655WA0121701283
B1616391848294S04143646WA0121501280
B1616431848321S04143634WA0121301278
B1616471848344S04143625WA0121401279
B1616511848374S04143613WA0121301278
B1616551848404S04143603WA0121701283
B1616591848435S04143596WA0121801284
B1617031848467S04143590WA0122101288
B1617071848497S04143584WA0122401291
B1617111848527S04143575WA0122201290
B1617151848559S04143565WA0122401291
B1617191848590S04143555WA0123401301
B1617231848617S04143547WA0124201310
B1617271848646S04143540WA0124801317
B1617311848673S04143534WA0125201321
B1617351848707S04143527WA0125201321
B1617391848734S04143523WA0125901328
B1617431848763S04143514WA0125601325
B1617471848792S04143500WA0125101321
B1617511848823S04143491WA0124701316
B1617551848858S04143477WA0124001307
B1617591848894S04143464WA0123601304
B1618031848927S04143449WA0123101298
B1618071848962S04143434WA0122501292
B1618111848996S04143426WA0122001287
B1618151849031S04143417WA0121001278
B1618191849068S04143406WA0120101269
B1618231849102S04143394WA0119501263
B1618271849139S04143382WA0118601252
B1618311849175S04143369WA0118001244
B1618351849211S04143357WA0117601239
B1618391849243S04143348WA0117701239
B1618431849276S04143340WA0116901233
B1618471849310S04143332WA0116401227
B1618511849344S04143323WA0115601218
B1618551849377S04143312WA0115201214
B1618591849408S04143302WA0114801210
B1619031849441S04143291WA0114301205
B1619071849474S04143284WA0114201203
B1619111849505S04143276WA0113801200
B1619151849540S04143268WA0112701189
B1619191849574S04143256WA0112101182
B1619231849606S04143245WA0111401174
B1619271849641S04143236WA0110601164
B1619311849677S04143231WA0110201160
B1619351849715S04143223WA0109801155
B1619391849751S04143219WA0109401151
B1619431849788S04143213WA0108701144
B1619471849819S04143207WA0108301139
B1619511849853S04143203WA0107501131
B1619551849884S04143198WA0107501133
B1619591849917S04143193WA0106901127
B1620031849951S04143188WA0106401122
B1620071849985S04143182WA0106201120
B1620111850020S04143179WA0106001117
B1620151850054S04143177WA0105901116
B1620191850088S04143176WA0105401111
B1620231850123S04143173WA0104901105
B1620271850159S04143166WA0104201097
B1620311850192S04143160WA0103701093
B1620351850226S04143154WA0102901084
B1620391850261S04143150WA0102101076
B1620431850295S04143143WA0101201067
B1620471850329S04143135WA0100401058
B1620511850364S04143127WA0099501049
B1620551850398S04143119WA0098401038
B1620591850434S04143111WA0097301027
B1621031850468S04143102WA0096201015
B1621071850503S04143092WA0094801001
B1621111850537S04143083WA0093400987
B1621151850571S04143073WA0091800970
B1621191850606S04143068WA0090400952
B1621231850641S04143068WA0089500942
B1621271850674S04143071WA0088400931
B1621311850708S04143077WA0087500921
B1621351850741S04143084WA0086600912
B1621391850778S04143085WA0085600900
B1621431850813S04143082WA0085100896
B1621471850845S04143084WA0084400888
B1621511850878S04143084WA0083400877
B1621551850905S04143070WA0082800872
B1621591850912S04143039WA0081500859
B1622031850905S04143004WA0080000844
B1622071850895S04142968WA0079100834
B1622111850883S04142935WA0078100822
B1622151850877S04142900WA0077200813
B1622191850873S04142868WA0076200802
B1622231850864S04142835WA0075300792
B1622271850857S04142804WA0074600786
B1622311850848S04142772WA0073400776
B1622351850839S04142740WA0072800768
B1622391850832S04142709WA0072200758
B1622431850823S04142676WA0071300748
B1622471850815S04142643WA0070600741
B1622511850812S04142610WA0070100734
B1622551850807S04142577WA0069400727
B1622591850797S04142545WA0068500719
B1623031850787S04142513WA0067500709
B1623071850778S04142481WA0066500699
B1623111850765S04142450WA0065700688
B1623151850753S04142418WA0064900680
B1623191850741S04142386WA0063900669
B1623231850732S04142355WA0063300662
B1623271850724S04142323WA0062300652
B1623311850715S04142289WA0061400643
B1623351850705S04142260WA0060800636
B1623391850691S04142231WA0059700624
B1623431850675S04142203WA0058900615
B1623471850659S04142177WA0058000606
B1623511850642S04142148WA0056800594
B1623551850630S04142118WA0056000585
B1623591850617S04142087WA0055100575
B1624031850606S04142055WA0054400569
B1624071850592S04142023WA0053900564
B1624111850580S04141991WA0053700562
B1624151850569S04141957WA0053200557
B1624191850558S04141922WA0053100555
B1624231850550S04141892WA0053600562
B1624271850541S04141870WA0053900565
B1624311850532S04141846WA0053600562
B1624351850523S04141823WA0053800564
B1624391850516S04141801WA0053700563
B1624431850526S04141778WA0054200568
B1624471850551S04141774WA0054400568
B1624511850559S04141792WA0054600569
B1624551850551S04141805WA0054800572
B1624591850537S04141809WA0054900574
B1625031850519S04141808WA0054800572
B1625071850505S04141801WA0054900574
B1625111850499S04141784WA0055000574
B1625151850506S04141763WA0054900574
B1625191850504S04141736WA0055100575
B1625231850509S04141713WA0055300578
B1625271850507S04141686WA0055300576
B1625311850506S04141662WA0054800573
B1625351850498S04141635WA0054300569
B1625391850491S04141610WA0053900564
B1625431850483S04141585WA0053200557
B1625471850470S04141566WA0052500550
B1625511850457S04141546WA0051700541
B1625551850448S04141528WA0050800533
B1625591850438S04141508WA0049800522
B1626031850428S04141490WA0048800511
B1626071850415S04141470WA0048300507
B1626111850401S04141455WA0048600510
B1626151850400S04141430WA0049400518
B1626191850416S04141418WA0050300526
B1626231850441S04141423WA0050700529
B1626271850446S04141442WA0052000542
B1626311850433S04141447WA0052400547
B1626351850419S04141431WA0053200556
B1626391850418S04141410WA0054000566
B1626431850431S04141389WA0054900575
B1626471850450S04141386WA0055300577
B1626511850458S04141406WA0055300577
B1626551850447S04141420WA0056300588
B1626591850431S04141414WA0057000593
B1627031850428S04141393WA0057800602
B1627071850447S04141380WA0058600610
B1627111850463S04141393WA0058800614
B1627151850464S04141412WA0059200618
B1627191850449S04141420WA0059800626
B1627231850436S04141401WA0060500632
B1627271850441S04141379WA0061200640
B1627311850461S04141365WA0061600644
B1627351850478S04141375WA0061800647
B1627391850483S04141394WA0062100650
B1627431850478S04141412WA0062600657
B1627471850462S04141415WA0063200662
B1627511850455S04141395WA0063800668
B1627551850469S04141376WA0064500675
B1627591850494S04141371WA0064800678
B1628031850510S04141383WA0065100682
B1628071850521S04141403WA0065500687
B1628111850515S04141420WA0065800688
B1628151850503S04141415WA0065500683
B1628191850499S04141393WA0065700686
B1628231850511S04141374WA0066000688
B1628271850533S04141367WA0066100690
B1628311850550S04141378WA0065700686
B1628351850547S04141395WA0066000688
B1628391850534S04141393WA0066600695
B1628431850525S04141380WA0066900699
B1628471850519S04141361WA0066800700
B1628511850535S04141350WA0066800697
B1628551850555S04141357WA0066800697
B1628591850566S04141375WA0066300692
B1629031850555S04141388WA0066400694
B1629071850543S04141383WA0066800697
B1629111850530S04141372WA0067100701
B1629151850527S04141351WA0067200702
B1629191850540S04141332WA0067200701
B1629231850564S04141332WA0067000700
B1629271850571S04141349WA0066900697
B1629311850557S04141358WA0066500693
B1629351850544S04141342WA0066500693
B1629391850539S04141320WA0066900698
B1629431850537S04141300WA0067100700
B1629471850529S04141278WA0067000698
B1629511850520S04141256WA0067000698
B1629551850512S04141232WA0067200700
B1629591850504S04141210WA0067400702
B1630031850498S04141187WA0067500703
B1630071850492S04141165WA0067500703
B1630111850486S04141141WA0067200701
B1630151850476S04141121WA0067300703
B1630191850467S04141097WA0067200702
B1630231850464S04141072WA0067500705
B1630271850461S04141047WA0067600707
B1630311850457S04141020WA0067500706
B1630351850452S04140995WA0067500707
B1630391850445S04140966WA0066900700
B1630431850436S04140944WA0066800700
B1630471850417S04140923WA0065900689
B1630511850394S04140904WA0065200683
B1630551850370S04140888WA0064600677
B1630591850344S04140868WA0064000671
B1631031850318S04140847WA0063600666
B1631071850294S04140824WA0063400663
B1631111850272S04140802WA0063500664
B1631151850253S04140777WA0063400663
B1631191850235S04140753WA0063100660
B1631231850215S04140728WA0062800657
B1631271850195S04140705WA0062800658
B1631311850175S04140683WA0062700657
B1631351850154S04140658WA0062700656
B1631391850135S04140638WA0062700658
B1631431850118S04140613WA0062700657
B1631471850100S04140587WA0062600655
B1631511850082S04140557WA0062400654
B1631551850067S04140526WA0062600655
B1631591850057S04140497WA0063200662
B1632031850048S04140473WA0063600667
B1632071850041S04140450WA0063700667
B1632111850035S04140425WA0063500665
B1632151850026S04140402WA0063300664
B1632191850015S04140375WA0063400666
B1632231850008S04140346WA0064200673
B1632271850014S04140323WA0065500687
B1632311850033S04140303WA0066800702
B1632351850054S04140308WA0067900714
B1632391850052S04140321WA0068700721
B1632431850034S04140323WA0069200727
B1632471850022S04140335WA0070400740
B1632511850011S04140346WA0071400752
B1632551849993S04140350WA0072400762
B1632591849982S04140337WA0073600775
B1633031849975S04140317WA0074800786
B1633071849985S04140297WA0076200801
B1633111850008S04140289WA0077500813
B1633151850020S04140301WA0078500822
B1633191850009S04140311WA0079500834
B1633231849992S04140304WA0080600846
B1633271849987S04140282WA0081900858
B1633311849998S04140261WA0083000868
B1633351850017S04140244WA0084200883
B1633391850038S04140243WA0085200895
B1633431850043S04140258WA0086600909
B1633471850028S04140263WA0088000923
B1633511850017S04140248WA0089100933
B1633551850019S04140222WA0090300945
B1633591850033S04140202WA0091500958
B1634031850055S04140193WA0093000976
B1634071850069S04140201WA0094300990
B1634111850055S04140207WA0095501003
B1634151850043S04140186WA0097101020
B1634191850043S04140160WA0098401034
B1634231850055S04140140WA0099601047
B1634271850075S04140141WA0100601055
B1634311850086S04140153WA0102101072
B1634351850081S04140166WA0103201084
B1634391850060S04140159WA0104401096
B1634431850051S04140137WA0106001114
B1634471850055S04140110WA0107001123
B1634511850074S04140100WA0107901133
B1634551850085S04140112WA0109001141
B1634591850079S04140120WA0110501161
B1635031850061S04140112WA0111501170
B1635071850061S04140087WA0112501180
B1635111850080S04140081WA0113301188
B1635151850086S04140093WA0114701202
B1635191850081S04140102WA0116001216
B1635231850067S04140104WA0117201230
B1635271850056S04140085WA0118001238
B1635311850067S04140066WA0118901246
B1635351850085S04140067WA0120001257
B1635391850093S04140080WA0121201270
B1635431850087S04140091WA0122501286
B1635471850071S04140085WA0123301295
B1635511850074S04140062WA0124201305
B1635551850093S04140055WA0125201314
B1635591850106S04140065WA0126401327
B1636031850105S04140077WA0128001344
B1636071850088S04140078WA0129401359
B1636111850083S04140054WA0130301369
B1636151850103S04140040WA0131001375
B1636191850122S04140046WA0132301390
B1636231850130S04140058WA0133301400
B1636271850123S04140074WA0133801406
B1636311850102S04140070WA0135001417
B1636351850081S04140063WA0136401433
B1636391850068S04140065WA0136901438
B1636431850046S04140060WA0136401432
B1636471850022S04140054WA0136601435
B1636511849996S04140045WA0136601438
B1636551849967S04140033WA0136801441
B1636591849938S04140021WA0137101443
B1637031849907S04140008WA0136701439
B1637071849875S04139993WA0136601438
B1637111849843S04139980WA0136201433
B1637151849812S04139969WA0135801429
B1637191849780S04139955WA0135501425
B1637231849750S04139942WA0134901419
B1637271849722S04139927WA0134401414
B1637311849694S04139911WA0133601407
B1637351849665S04139893WA0133101401
B1637391849636S04139873WA0132601396
B1637431849606S04139856WA0132101392
B1637471849576S04139838WA0131401388
B1637511849547S04139821WA0131201386
B1637551849520S04139802WA0131101383
B1637591849492S04139785WA0130701378
B1638031849463S04139777WA0130001371
B1638071849432S04139775WA0129001360
B1638111849403S04139769WA0128501354
B1638151849374S04139758WA0127601343
B1638191849345S04139743WA0126701334
B1638231849318S04139727WA0126001328
B1638271849292S04139713WA0125501322
B1638311849270S04139699WA0124801314
B1638351849245S04139684WA0123501302
B1638391849220S04139668WA0122601291
B1638431849195S04139650WA0121501280
B1638471849171S04139632WA0120301266
B1638511849143S04139614WA0119201255
B1638551849117S04139597WA0118501248
B1638591849090S04139582WA0117901241
B1639031849062S04139566WA0117601239
B1639071849036S04139550WA0117301236
B1639111849007S04139535WA0116801231
B1639151848978S04139523WA0116501227
B1639191848950S04139507WA0116101222
B1639231848921S04139491WA0115901221
B1639271848895S04139478WA0115901219
B1639311848873S04139460WA0115801219
B1639351848851S04139446WA0115801219
B1639391848828S04139434WA0115701218
B1639431848801S04139423WA0115501216
B1639471848776S04139410WA0115801219
B1639511848751S04139398WA0115901219
B1639551848728S04139386WA0116101221
B1639591848707S04139374WA0116301224
B1640031848683S04139364WA0115901218
B1640071848655S04139352WA0115901219
B1640111848633S04139338WA0116601226
B1640151848615S04139325WA0117001232
B1640191848593S04139311WA0117301233
B1640231848575S04139301WA0118001242
B1640271848554S04139288WA0118401245
B1640311848533S04139279WA0119001251
B1640351848515S04139263WA0119801259
B1640391848514S04139237WA0120001262
B1640431848528S04139217WA0120201265
B1640471848550S04139212WA0120101263
B1640511848569S04139216WA0120201264
B1640551848593S04139217WA0119801258
B1640591848618S04139216WA0119601258
B1641031848645S04139215WA0119401255
B1641071848670S04139211WA0119601256
B1641111848701S04139204WA0119001249
B1641151848735S04139197WA0119001250
B1641191848762S04139190WA0119301250
B1641231848794S04139180WA0118601243
B1641271848826S04139173WA0118101237
B1641311848855S04139176WA0117701231
B1641351848886S04139169WA0117201226
B1641391848918S04139159WA0116501220
B1641431848951S04139148WA0115801213
B1641471848985S04139136WA0115301209
B1641511849018S04139124WA0114901205
B1641551849047S04139117WA0114901206
B1641591849077S04139115WA0114301200
B1642031849107S04139117WA0113901197
B1642071849132S04139115WA0113801194
B1642111849161S04139113WA0113101186
B1642151849189S04139111WA0112201181
B1642191849219S04139116WA0111101170
B1642231849253S04139119WA0110801162
B1642271849285S04139122WA0110101154
B1642311849318S04139122WA0109501147
B1642351849352S04139121WA0108801138
B1642391849384S04139115WA0107901129
B1642431849417S04139108WA0107001119
B1642471849449S04139104WA0105701107
B1642511849483S04139103WA0104801096
B1642551849512S04139097WA0104101089
B1642591849543S04139098WA0103801086
B1643031849571S04139094WA0103701085
B1643071849601S04139091WA0103101079
B1643111849633S04139084WA0102601074
B1643151849664S04139080WA0102201069
B1643191849692S04139071WA0101201060
B1643231849724S04139065WA0100201049
B1643271849753S04139059WA0099701044
B1643311849785S04139052WA0098501031
B1643351849816S04139052WA0097701023
B1643391849846S04139057WA0097001015
B1643431849875S04139065WA0097001014
B1643471849901S04139075WA0097001014
B1643511849925S04139087WA0097701023
B1643551849951S04139093WA0098701033
B1643591849973S04139100WA0099801045
B1644031849995S04139104WA0100501051
B1644071850017S04139104WA0101101058
B1644111850039S04139102WA0101601063
B1644151850062S04139098WA0101901067
B1644191850085S04139092WA0101901067
B1644231850114S04139085WA0101501063
B1644271850142S04139077WA0101301061
B1644311850168S04139071WA0101201060
B1644351850194S04139064WA0100601052
B1644391850216S04139055WA0100201048
B1644431850245S04139043WA0099201038
B1644471850274S04139032WA0098401031
B1644511850307S04139023WA0097601021
B1644551850335S04139012WA0097001016
B1644591850368S04139001WA0096001005
B1645031850400S04138992WA0095400999
B1645071850428S04138982WA0094700990
B1645111850460S04138972WA0093500977
B1645151850489S04138961WA0092800969
B1645191850523S04138951WA0091900960
B1645231850553S04138943WA0091700959
B1645271850584S04138933WA0091300955
B1645311850613S04138921WA0091100953
B1645351850646S04138910WA0090600946
B1645391850675S04138900WA0091000952
B1645431850705S04138889WA0091000951
B1645471850733S04138875WA0091200953
B1645511850758S04138860WA0091100951
B1645551850783S04138843WA0091200953
B1645591850806S04138825WA0091300953
B1646031850828S04138803WA0091700958
B1646071850846S04138787WA0093000971
B1646111850863S04138766WA0093900980
B1646151850879S04138747WA0095000991
B1646191850893S04138730WA0096001004
B1646231850901S04138711WA0096301007
B1646271850913S04138685WA0096501009
B1646311850931S04138669WA0097201017
B1646351850954S04138657WA0097901025
B1646391850977S04138665WA0099501042
B1646431850981S04138686WA0100801055
B1646471850971S04138703WA0102101068
B1646511850954S04138699WA0103201080
B1646551850956S04138681WA0104401091
B1646591850971S04138668WA0105601104
B1647031850994S04138677WA0106901117
B1647071850991S04138697WA0108101130
B1647111850971S04138706WA0109201142
B1647151850951S04138695WA0110501158
B1647191850944S04138679WA0111501169
B1647231850960S04138670WA0112101176
B1647271850974S04138685WA0113101185
B1647311850964S04138706WA0114301197
B1647351850944S04138715WA0115201206
B1647391850921S04138706WA0116101217
B1647431850913S04138684WA0116601223
B1647471850919S04138658WA0116901227
B1647511850933S04138634WA0116901227
B1647551850959S04138615WA0117301231
B1647591850987S04138602WA0117901239
B1648031851012S04138590WA0118901249
B1648071851036S04138582WA0120301263
B1648111851057S04138585WA0121701279
B1648151851066S04138605WA0122801290
B1648191851051S04138612WA0124001302
B1648231851041S04138595WA0125101313
B1648271851052S04138573WA0126401325
B1648311851074S04138566WA0127601339
B1648351851098S04138554WA0128701352
B1648391851122S04138542WA0129901365
B1648431851146S04138530WA0131301380
B1648471851171S04138517WA0132501393
B1648511851195S04138506WA0133701405
B1648551851219S04138493WA0134401414
B1648591851241S04138476WA0134701418
B1649031851264S04138462WA0135001420
B1649071851290S04138450WA0135001420
B1649111851319S04138440WA0135101420
B1649151851348S04138428WA0135501425
B1649191851378S04138416WA0135901427
B1649231851409S04138403WA0136301432
B1649271851439S04138389WA0136701436
B1649311851469S04138375WA0137001438
B1649351851500S04138359WA0137001438
B1649391851531S04138342WA0137401441
B1649431851562S04138327WA0137501442
B1649471851593S04138309WA0137401440
B1649511851624S04138289WA0137101438
B1649551851656S04138267WA0136701433
B1649591851685S04138243WA0136601433
B1650031851716S04138219WA0136501431
B1650071851748S04138195WA0136601432
B1650111851780S04138171WA0137101439
B1650151851809S04138147WA0137501442
B1650191851838S04138121WA0137501441
B1650231851864S04138090WA0137901445
B1650271851887S04138064WA0138101448
B1650311851915S04138035WA0137601442
B1650351851941S04138005WA0137401439
B1650391851966S04137981WA0137101435
B1650431851994S04137959WA0136201425
B1650471852023S04137936WA0134701417
B1650511852054S04137911WA0134201410
B1650551852085S04137890WA0133701403
B1650591852116S04137864WA0133301395
B1651031852142S04137862WA0132901395
B1651071852142S04137888WA0131701382
B1651111852122S04137904WA0131301379
B1651151852098S04137914WA0130401370
B1651191852070S04137926WA0128801361
B1651231852047S04137939WA0128701356
B1651271852019S04137952WA0127801343
B1651311851991S04137960WA0127101337
B1651351851961S04137969WA0126001323
B1651391851930S04137973WA0125401317
B1651431851905S04137981WA0125201315
B1651471851877S04137989WA0124501307
B1651511851851S04138002WA0124401306
B1651551851827S04138015WA0124601308
B1651591851802S04138027WA0124601308
B1652031851777S04138040WA0124501307
B1652071851756S04138057WA0124801310
B1652111851736S04138073WA0125501315
B1652151851714S04138082WA0125701317
B1652191851697S04138096WA0126201324
B1652231851683S04138114WA0126601328
B1652271851668S04138134WA0127001332
B1652311851650S04138152WA0127301335
B1652351851632S04138168WA0127601338
B1652391851612S04138182WA0127601339
B1652431851591S04138195WA0127901342
B1652471851572S04138207WA0128101345
B1652511851551S04138221WA0128401348
B1652551851533S04138234WA0129101355
B1652591851513S04138247WA0129801363
B1653031851498S04138257WA0130401369
B1653071851480S04138271WA0130301368
B1653111851460S04138284WA0130301368
B1653151851439S04138296WA0130501370
B1653191851422S04138307WA0130801373
B1653231851401S04138322WA0130701372
B1653271851381S04138335WA0131001375
B1653311851372S04138350WA0131501382
B1653351851372S04138366WA0132001387
B1653391851372S04138388WA0132801395
B1653431851365S04138406WA0133301401
B1653471851355S04138419WA0133601405
B1653511851336S04138426WA0133701404
B1653551851320S04138433WA0134601412
B1653591851305S04138441WA0135301420
B1654031851290S04138447WA0136201429
B1654071851273S04138450WA0137001436
B1654111851262S04138458WA0138001448
B1654151851248S04138465WA0138601454
B1654191851231S04138476WA0139001458
B1654231851213S04138483WA0139601465
B1654271851203S04138493WA0139301463
B1654311851183S04138509WA0138901459
B1654351851165S04138524WA0139401464
B1654391851146S04138540WA0139401464
B1654431851126S04138558WA0139301464
B1654471851105S04138576WA0139501466
B1654511851083S04138593WA0139501464
B1654551851065S04138613WA0139701467
B1654591851051S04138632WA0139801467
B1655031851031S04138654WA0139601465
B1655071851014S04138676WA0139101460
B1655111850994S04138701WA0138001448
B1655151850975S04138722WA0137401441
B1655191850953S04138743WA0135901426
B1655231850932S04138766WA0134701411
B1655271850911S04138792WA0133101396
B1655311850889S04138815WA0132101387
B1655351850867S04138838WA0131401378
B1655391850846S04138861WA0131001374
B1655431850827S04138884WA0130601370
B1655471850809S04138905WA0130301367
B1655511850790S04138926WA0129701361
B1655551850772S04138949WA0128901354
B1655591850756S04138973WA0128201347
B1656031850736S04138994WA0127301336
B1656071850717S04139019WA0126201325
B1656111850702S04139046WA0125201315
B1656151850686S04139071WA0124501306
B1656191850669S04139094WA0123601298
B1656231850648S04139117WA0122601286
B1656271850626S04139140WA0121801278
B1656311850605S04139162WA0120601265
B1656351850583S04139182WA0119501255
B1656391850562S04139204WA0118101240
B1656431850540S04139228WA0117101229
B1656471850521S04139252WA0116601223
B1656511850501S04139267WA0116601223
B1656551850480S04139285WA0116201219
B1656591850458S04139304WA0116301220
B1657031850436S04139320WA0116701225
B1657071850415S04139339WA0117201230
B1657111850396S04139357WA0117801236
B1657151850376S04139375WA0118301241
B1657191850357S04139393WA0118701245
B1657231850343S04139409WA0119301252
B1657271850333S04139426WA0119101249
B1657311850318S04139447WA0118701245
B1657351850306S04139467WA0118601243
B1657391850289S04139485WA0118201239
B1657431850271S04139503WA0118401241
B1657471850255S04139518WA0119501252
B1657511850239S04139523WA0120401259
B1657551850221S04139526WA0120801265
B1657591850205S04139528WA0121001267
B1658031850188S04139536WA0121001267
B1658071850170S04139546WA0120801265
B1658111850158S04139558WA0121101269
B1658151850148S04139572WA0121201270
B1658191850132S04139570WA0121301269
B1658231850122S04139549WA0121201269
B1658271850132S04139523WA0121001266
B1658311850150S04139515WA0121301270
B1658351850166S04139522WA0121301270
B1658391850170S04139535WA0121501273
B1658431850169S04139552WA0121701275
B1658471850167S04139568WA0122401281
B1658511850165S04139588WA0121901275
B1658551850161S04139608WA0121901276
B1658591850158S04139631WA0120801263
B1659031850150S04139659WA0119701251
B1659071850145S04139687WA0118601241
B1659111850136S04139716WA0117701233
B1659151850127S04139743WA0117201228
B1659191850117S04139770WA0116701222
B1659231850108S04139795WA0116201216
B1659271850100S04139822WA0115301209
B1659311850089S04139848WA0114801203
B1659351850078S04139878WA0114201197
B1659391850069S04139904WA0114201196
B1659431850062S04139932WA0113401187
B1659471850053S04139961WA0112101181
B1659511850047S04139989WA0111701174
B1659551850036S04140018WA0110901165
B1659591850028S04140046WA0110901163
B1700031850020S04140072WA0110901163
B1700071850012S04140098WA0111001163
B1700111850005S04140124WA0110701160
B1700151849998S04140149WA0110501159
B1700191849997S04140175WA0110001153
B1700231849994S04140203WA0109301146
B1700271849988S04140227WA0109301147
B1700311849980S04140249WA0109701150
B1700351849968S04140262WA0110501158
B1700391849949S04140262WA0111001164
B1700431849941S04140241WA0111601171
B1700471849949S04140220WA0112301178
B1700511849967S04140206WA0112701183
B1700551849988S04140212WA0113201187
B1700591849994S04140228WA0113601192
B1701031849986S04140245WA0113901194
B1701071849969S04140247WA0114501201
B1701111849958S04140231WA0114901205
B1701151849963S04140209WA0115401210
B1701191849983S04140201WA0115801214
B1701231850003S04140210WA0116001216
B1701271850014S04140227WA0116201217
B1701311850022S04140249WA0116201217
B1701351850027S04140268WA0116401220
B1701391850034S04140291WA0116201217
B1701431850038S04140318WA0116101217
B1701471850044S04140345WA0116101218
B1701511850050S04140379WA0115801215
B1701551850059S04140413WA0116001216
B1701591850065S04140445WA0115501211
B1702031850074S04140476WA0114201197
B1702071850084S04140509WA0112801184
B1702111850096S04140541WA0111701174
B1702151850109S04140573WA0110701163
B1702191850121S04140607WA0109301154
B1702231850131S04140640WA0108701146
B1702271850141S04140675WA0107801134
B1702311850153S04140708WA0107301128
B1702351850163S04140740WA0106501119
B1702391850174S04140774WA0105701111
B1702431850185S04140807WA0105001103
B1702471850196S04140840WA0104501098
B1702511850206S04140872WA0103101090
B1702551850217S04140907WA0102201082
B1702591850226S04140943WA0101601075
B1703031850234S04140978WA0101201069
B1703071850243S04141013WA0100701062
B1703111850253S04141047WA0099901056
B1703151850263S04141081WA0099501050
B1703191850271S04141114WA0099001044
B1703231850278S04141146WA0098501038
B1703271850284S04141177WA0098701037
B1703311850292S04141201WA0099401043
B1703351850297S04141222WA0099301040
B1703391850304S04141246WA0099301041
B1703431850311S04141263WA0099501044
B1703471850319S04141284WA0099201041
B1703511850330S04141304WA0099001039
B1703551850340S04141327WA0099001039
B1703591850351S04141347WA0099101040
B1704031850364S04141365WA0099101040
B1704071850378S04141383WA0099201041
B1704111850392S04141400WA0099501044
B1704151850398S04141420WA0099701046
B1704191850392S04141437WA0099901049
B1704231850375S04141442WA0100201051
B1704271850364S04141426WA0100501054
B1704311850377S04141408WA0100801056
B1704351850398S04141412WA0101001059
B1704391850415S04141428WA0101201060
B1704431850429S04141446WA0101401062
B1704471850437S04141467WA0101601064
B1704511850435S04141487WA0102101069
B1704551850426S04141496WA0102801076
B1704591850411S04141484WA0103101080
B1705031850423S04141465WA0103501084
B1705071850446S04141460WA0103601084
B1705111850466S04141473WA0103901085
B1705151850472S04141490WA0104401091
B1705191850465S04141503WA0104701093
B1705231850451S04141510WA0104801095
B1705271850430S04141505WA0104601092
B1705311850422S04141487WA0105101099
B1705351850431S04141468WA0105401103
B1705391850453S04141463WA0105501104
B1705431850475S04141474WA0105701106
B1705471850477S04141491WA0106201110
B1705511850471S04141508WA0106501113
B1705551850461S04141522WA0106701115
B1705591850445S04141531WA0106701116
B1706031850428S04141540WA0106701116
B1706071850410S04141536WA0106901119
B1706111850402S04141516WA0107501126
B1706151850420S04141500WA0108401134
B1706191850441S04141510WA0109101142
B1706231850447S04141526WA0109901152
B1706271850437S04141542WA0109701148
B1706311850420S04141536WA0110101153
B1706351850416S04141516WA0110701160
B1706391850432S04141500WA0111401167
B1706431850456S04141498WA0112101173
B1706471850468S04141515WA0112701180
B1706511850458S04141529WA0112901181
B1706551850442S04141528WA0112601178
B1706591850431S04141511WA0112701179
B1707031850435S04141490WA0113101185
B1707071850454S04141478WA0113601188
B1707111850474S04141484WA0113801190
B1707151850489S04141502WA0114101194
B1707191850489S04141523WA0114501198
B1707231850475S04141534WA0113901191
B1707271850457S04141532WA0113601188
B1707311850448S04141514WA0113401185
B1707351850460S04141498WA0113501187
B1707391850483S04141491WA0113601188
B1707431850504S04141502WA0113801191
B1707471850522S04141520WA0113701188
B1707511850531S04141539WA0113301185
B1707551850540S04141568WA0111601168
B1707591850546S04141600WA0110201155
B1708031850550S04141633WA0109101145
B1708071850557S04141665WA0108101133
B1708111850568S04141699WA0107101124
B1708151850578S04141725WA0107101122
B1708191850586S04141753WA0106301113
B1708231850597S04141780WA0106001109
B1708271850610S04141807WA0105201102
B1708311850623S04141833WA0104801097
B1708351850632S04141861WA0104101091
B1708391850640S04141889WA0103601085
B1708431850653S04141917WA0102701077
B1708471850667S04141943WA0102201072
B1708511850681S04141970WA0101301063
B1708551850693S04141997WA0100701055
B1708591850707S04142022WA0099901045
B1709031850721S04142048WA0099001037
B1709071850733S04142076WA0098401030
B1709111850746S04142102WA0098001025
B1709151850757S04142130WA0097201015
B1709191850767S04142157WA0096301006
B1709231850781S04142184WA0095500998
B1709271850797S04142211WA0094400988
B1709311850814S04142237WA0094000982
B1709351850831S04142260WA0093800980
B1709391850848S04142286WA0093200974
B1709431850866S04142314WA0093000972
B1709471850885S04142342WA0092500967
B1709511850902S04142371WA0092600967
B1709551850918S04142396WA0092600968
B1709591850935S04142422WA0092300965
B1710031850952S04142446WA0091900960
B1710071850970S04142471WA0091100952
B1710111850987S04142494WA0090400944
B1710151851006S04142517WA0089400934
B1710191851026S04142539WA0088400922
B1710231851046S04142563WA0087600914
B1710271851063S04142581WA0087100908
B1710311851081S04142605WA0085900896
B1710351851094S04142627WA0085600891
B1710391851107S04142653WA0084700881
B1710431851122S04142678WA0084300878
B1710471851139S04142701WA0083400869
B1710511851155S04142725WA0082400859
B1710551851171S04142748WA0081600850
B1710591851186S04142776WA0080700840
B1711031851196S04142805WA0080100834
B1711071851203S04142835WA0079400827
B1711111851208S04142865WA0078800821
B1711151851213S04142895WA0078100814
B1711191851220S04142923WA0077400806
B1711231851227S04142952WA0076500797
B1711271851239S04142980WA0075500787
B1711311851254S04143008WA0074700779
B1711351851271S04143035WA0074100771
B1711391851285S04143065WA0073300763
B1711431851298S04143094WA0072300753
B1711471851314S04143124WA0071200740
B1711511851325S04143154WA0070300730
B1711551851339S04143183WA0069400721
B1711591851355S04143210WA0068600712
B1712031851369S04143235WA0067800703
B1712071851382S04143263WA0066900693
B1712111851388S04143292WA0066200685
B1712151851390S04143321WA0065500678
B1712191851393S04143352WA0064800671
B1712231851391S04143381WA0064400666
B1712271851386S04143412WA0063800660
B1712311851377S04143441WA0063500655
B1712351851371S04143467WA0063200652
B1712391851368S04143495WA0062500645
B1712431851362S04143525WA0062100641
B1712471851359S04143551WA0062000639
B1712511851355S04143579WA0061400632
B1712551851348S04143608WA0060900628
B1712591851339S04143634WA0060700626
B1713031851331S04143664WA0059900618
B1713071851327S04143690WA0060100621
B1713111851325S04143717WA0059400613
B1713151851314S04143743WA0059100610
B1713191851305S04143768WA0058800607
B1713231851292S04143787WA0058400603
B1713271851275S04143801WA0058000598
B1713311851256S04143814WA0058100599
B1713351851237S04143824WA0058300601
B1713391851221S04143835WA0059200610
B1713431851207S04143845WA0059900618
B1713471851193S04143842WA0061000630
B1713511851187S04143823WA0061400635
B1713551851207S04143813WA0061700638
B1713591851229S04143826WA0062100642
B1714031851230S04143848WA0062600648
B1714071851215S04143855WA0063200654
B1714111851203S04143842WA0063700660
B1714151851214S04143824WA0064200665
B1714191851238S04143823WA0064600668
B1714231851255S04143843WA0064700668
B1714271851251S04143862WA0065500676
B1714311851236S04143872WA0065800677
B1714351851224S04143864WA0066500685
B1714391851233S04143844WA0066700687
B1714431851257S04143842WA0066800689
B1714471851276S04143862WA0067100691
B1714511851277S04143885WA0067500695
B1714551851261S04143887WA0067700696
B1714591851261S04143869WA0068300705
B1715031851284S04143863WA0068400706
B1715071851303S04143882WA0068600708
B1715111851303S04143903WA0069000713
B1715151851289S04143917WA0069100713
B1715191851274S04143926WA0069300717
B1715231851258S04143931WA0069500720
B1715271851247S04143921WA0069600719
B1715311851253S04143904WA0069800721
B1715351851272S04143898WA0070100723
B1715391851295S04143903WA0070200725
B1715431851305S04143926WA0070200725
B1715471851298S04143943WA0070400727
B1715511851281S04143951WA0070200725
B1715551851266S04143946WA0070300727
B1715591851249S04143936WA0070100723
B1716031851241S04143921WA0070400728
B1716071851241S04143900WA0070700731
B1716111851258S04143887WA0071100734
B1716151851279S04143897WA0071600740
B1716191851282S04143921WA0071900742
B1716231851265S04143935WA0072100744
B1716271851248S04143926WA0072300745
B1716311851248S04143905WA0072700750
B1716351851268S04143897WA0073000752
B1716391851288S04143912WA0073400755
B1716431851284S04143935WA0073700758
B1716471851265S04143938WA0074000762
B1716511851254S04143921WA0074400765
B1716551851261S04143903WA0074900771
B1716591851282S04143900WA0075300775
B1717031851293S04143919WA0075800781
B1717071851289S04143942WA0076000782
B1717111851279S04143961WA0076400787
B1717151851270S04143984WA0076600791
B1717191851261S04144008WA0076900794
B1717231851253S04144033WA0076500791
B1717271851238S04144062WA0076200787
B1717311851231S04144085WA0076000787
B1717351851221S04144113WA0074600775
B1717391851213S04144145WA0073600765
B1717431851206S04144174WA0073400760
B1717471851198S04144204WA0072800754
B1717511851188S04144236WA0072100747
B1717551851180S04144270WA0071200737
B1717591851172S04144303WA0070700731
B1718031851165S04144334WA0070400729
B1718071851156S04144365WA0070500728
B1718111851150S04144393WA0071100735
B1718151851142S04144421WA0071700740
B1718191851136S04144447WA0072500751
B1718231851134S04144471WA0072900754
B1718271851129S04144499WA0073000755
B1718311851122S04144526WA0073400759
B1718351851114S04144553WA0074200769
B1718391851107S04144580WA0075000777
B1718431851098S04144608WA0075300781
B1718471851089S04144635WA0075400781
B1718511851079S04144662WA0075700784
B1718551851070S04144692WA0075600784
B1718591851056S04144724WA0075700785
B1719031851045S04144757WA0075900787
B1719071851034S04144787WA0075700784
B1719111851025S04144816WA0075200780
B1719151851013S04144847WA0074900775
B1719191851003S04144877WA0075000777
B1719231850995S04144903WA0076000787
B1719271850993S04144929WA0076600794
B1719311850982S04144949WA0077500802
B1719351850968S04144942WA0078600813
B1719391850979S04144925WA0079700825
B1719431850999S04144930WA0080700835
B1719471851008S04144951WA0081400842
B1719511850999S04144975WA0082000847
B1719551850980S04144980WA0083000858
B1719591850975S04144964WA0084300873
B1720031850992S04144958WA0085800888
B1720071851008S04144975WA0086900900
B1720111851006S04145002WA0087600906
B1720151850987S04145014WA0088500915
B1720191850975S04145002WA0089600928
B1720231850986S04144986WA0090800940
B1720271851007S04144991WA0092300955
B1720311851014S04145014WA0093400967
B1720351850998S04145032WA0094100976
B1720391850990S04145018WA0094900985
B1720431851013S04145015WA0095800995
B1720471851022S04145039WA0097201010
B1720511851005S04145056WA0097901016
B1720551850994S04145042WA0098401020
B1720591851013S04145038WA0099301030
B1721031851024S04145060WA0100301041
B1721071851011S04145078WA0101201052
B1721111850990S04145070WA0101801055
B1721151850996S04145053WA0102401063
B1721191851016S04145054WA0103301073
B1721231851019S04145080WA0104401085
B1721271850996S04145089WA0105201092
B1721311850977S04145076WA0106001103
B1721351850958S04145065WA0106701110
B1721391850955S04145044WA0107801121
B1721431850974S04145042WA0109101135
B1721471850976S04145063WA0110501151
B1721511850955S04145066WA0111201159
B1721551850944S04145044WA0112201170
B1721591850950S04145024WA0113601184
B1722031850968S04145017WA0115101201
B1722071850970S04145042WA0116301214
B1722111850950S04145045WA0117901230
B1722151850941S04145026WA0119001241
B1722191850958S04145011WA0120401256
B1722231850972S04145029WA0121501268
B1722271850958S04145046WA0122901283
B1722311850940S04145034WA0124001293
B1722351850948S04145011WA0124801301
B1722391850967S04145013WA0126101315
B1722431850976S04145032WA0127101325
B1722471850978S04145054WA0128201338
B1722511850983S04145073WA0129001347
B1722551850994S04145095WA0129301351
B1722591850998S04145111WA0130901369
B1723031851005S04145129WA0131301372
B1723071851006S04145151WA0132401383
B1723111851007S04145173WA0132801387
B1723151851010S04145200WA0132601385
B1723191851010S04145230WA0132901391
B1723231851013S04145256WA0133801399
B1723271851015S04145284WA0134201403
B1723311851015S04145313WA0134601408
B1723351851015S04145345WA0134801410
B1723391851012S04145379WA0135201414
B1723431851013S04145411WA0135701420
B1723471851013S04145447WA0135401422
B1723511851013S04145480WA0136001428
B1723551851016S04145516WA0136201430
B1723591851017S04145548WA0136701435
B1724031851017S04145582WA0136201430
B1724071851017S04145614WA0136001426
B1724111851022S04145646WA0135701422
B1724151851029S04145671WA0135801423
B1724191851035S04145702WA0135201416
B1724231851041S04145730WA0135701422
B1724271851046S04145761WA0135701421
B1724311851053S04145790WA0136001426
B1724351851061S04145819WA0136301429
B1724391851067S04145850WA0136601431
B1724431851075S04145880WA0137301439
B1724471851084S04145910WA0138001447
B1724511851093S04145940WA0139001457
B1724551851103S04145969WA0139801466
B1724591851111S04146001WA0140701475
B1725031851117S04146032WA0141401483
B1725071851122S04146066WA0142301492
B1725111851127S04146093WA0143301503
B1725151851130S04146123WA0143401503
B1725191851134S04146151WA0144301513
B1725231851141S04146179WA0144701517
B1725271851147S04146209WA0144901519
B1725311851154S04146240WA0144901520
B1725351851162S04146270WA0145601526
B1725391851167S04146288WA0146001530
B1725431851176S04146311WA0144901518
B1725471851184S04146337WA0144301513
B1725511851194S04146362WA0143201502
B1725551851205S04146393WA0142001488
B1725591851211S04146425WA0141401483
B1726031851215S04146453WA0140701475
B1726071851218S04146487WA0139401460
B1726111851219S04146520WA0138201448
B1726151851225S04146557WA0136901436
B1726191851232S04146593WA0135901426
B1726231851239S04146627WA0135101415
B1726271851244S04146663WA0134301407
B1726311851250S04146698WA0133801401
B1726351851256S04146733WA0133101395
B1726391851262S04146767WA0132901392
B1726431851270S04146799WA0132801391
B1726471851279S04146832WA0132701390
B1726511851288S04146864WA0132701390
B1726551851295S04146896WA0132501388
B1726591851303S04146931WA0132301385
B1727031851310S04146965WA0132101384
B1727071851313S04146996WA0132001382
B1727111851316S04147027WA0131601378
B1727151851320S04147061WA0130901370
B1727191851325S04147096WA0130301364
B1727231851328S04147130WA0129701358
B1727271851333S04147164WA0129301355
B1727311851336S04147197WA0128701351
B1727351851340S04147230WA0128201347
B1727391851340S04147261WA0127901341
B1727431851340S04147295WA0127201333
B1727471851343S04147328WA0126601326
B1727511851343S04147360WA0125801316
B1727551851344S04147394WA0125101309
B1727591851345S04147428WA0124601304
B1728031851346S04147461WA0124001297
B1728071851345S04147495WA0123301290
B1728111851344S04147528WA0122601282
B1728151851346S04147563WA0121701273
B1728191851345S04147597WA0120901264
B1728231851345S04147630WA0120301257
B1728271851346S04147664WA0119601249
B1728311851345S04147697WA0119301246
B1728351851345S04147731WA0118901242
B1728391851346S04147763WA0119201246
B1728431851345S04147792WA0119501249
B1728471851347S04147817WA0120301258
B1728511851349S04147844WA0120501260
B1728551851351S04147873WA0120901265
B1728591851354S04147901WA0121401269
B1729031851356S04147925WA0121601272
B1729071851359S04147950WA0121601273
B1729111851361S04147974WA0121201268
B1729151851361S04148004WA0120701262
B1729191851362S04148033WA0121001265
B1729231851359S04148056WA0121201268
B1729271851356S04148083WA0121101265
B1729311851352S04148103WA0121201266
B1729351851345S04148129WA0120701259
B1729391851339S04148149WA0120301255
B1729431851330S04148180WA0119301244
B1729471851328S04148208WA0119301245
B1729511851322S04148239WA0118801239
B1729551851317S04148273WA0118501237
B1729591851314S04148306WA0118001232
B1730031851309S04148342WA0117401226
B1730071851304S04148375WA0116801219
B1730111851296S04148408WA0115501206
B1730151851290S04148441WA0114201192
B1730191851284S04148476WA0113101179
B1730231851278S04148506WA0112301171
B1730271851274S04148534WA0111601162
B1730311851271S04148564WA0110301149
B1730351851267S04148593WA0109501141
B1730391851265S04148620WA0108901135
B1730431851264S04148650WA0107801124
B1730471851261S04148681WA0106901114
B1730511851256S04148711WA0105901103
B1730551851250S04148747WA0105201095
B1730591851244S04148778WA0104801091
B1731031851239S04148812WA0104101085
B1731071851235S04148846WA0104101085
B1731111851228S04148873WA0104401089
B1731151851225S04148899WA0104701092
B1731191851226S04148923WA0105101096
B1731231851228S04148948WA0104901094
B1731271851226S04148972WA0104501090
B1731311851227S04148998WA0103501080
B1731351851229S04149032WA0102401067
B1731391851232S04149064WA0101901062
B1731431851233S04149097WA0101301055
B1731471851232S04149134WA0100901051
B1731511851230S04149162WA0101101054
B1731551851230S04149190WA0101001053
B1731591851232S04149214WA0100801051
B1732031851233S04149246WA0099701039
B1732071851238S04149281WA0099301035
B1732111851241S04149308WA0099001031
B1732151851244S04149339WA0098101021
B1732191851250S04149370WA0097201013
B1732231851256S04149403WA0096601005
B1732271851259S04149435WA0096301003
B1732311851263S04149463WA0095900998
B1732351851266S04149489WA0095100990
B1732391851267S04149517WA0094100978
B1732431851271S04149539WA0094100979
B1732471851274S04149556WA0093600972
B1732511851276S04149575WA0092700963
B1732551851283S04149594WA0091600951
B1732591851296S04149617WA0090700942
B1733031851308S04149637WA0090100935
B1733071851322S04149659WA0089000924
B1733111851330S04149677WA0088500919
B1733151851335S04149700WA0087700910
B1733191851337S04149722WA0087000903
B1733231851336S04149744WA0086200895
B1733271851337S04149769WA0085500886
B1733311851336S04149792WA0085000881
B1733351851335S04149817WA0084400875
B1733391851336S04149842WA0084100873
B1733431851335S04149866WA0083800868
B1733471851334S04149892WA0083500866
B1733511851336S04149920WA0083000861
B1733551851335S04149947WA0083100861
B1733591851328S04149970WA0083000860
B1734031851325S04149997WA0082900859
B1734071851318S04150017WA0083100859
B1734111851306S04150035WA0082800856
B1734151851309S04150064WA0082500854
B1734191851312S04150091WA0082300853
B1734231851318S04150118WA0082600856
B1734271851339S04150135WA0082700857
B1734311851365S04150141WA0082600856
B1734351851385S04150157WA0082500856
B1734391851393S04150183WA0082500856
B1734431851393S04150210WA0082300853
B1734471851380S04150226WA0082100850
B1734511851365S04150239WA0081700846
B1734551851348S04150254WA0081600845
B1734591851336S04150261WA0081400843
B1735031851318S04150274WA0080900838
B1735071851301S04150285WA0081000840
B1735111851283S04150292WA0081400844
B1735151851277S04150276WA0081700846
B1735191851294S04150270WA0082400853
B1735231851319S04150279WA0082500854
B1735271851332S04150302WA0082800857
B1735311851332S04150328WA0083000861
B1735351851315S04150341WA0083100861
B1735391851297S04150346WA0083400865
B1735431851283S04150341WA0083800870
B1735471851286S04150324WA0084100873
B1735511851304S04150320WA0084600878
B1735551851331S04150324WA0084600878
B1735591851346S04150349WA0084800879
B1736031851338S04150371WA0085000882
B1736071851324S04150387WA0085000881
B1736111851307S04150389WA0085000881
B1736151851297S04150377WA0085200882
B1736191851303S04150364WA0085700889
B1736231851324S04150359WA0086100893
B1736271851342S04150380WA0086600896
B1736311851341S04150405WA0086700897
B1736351851324S04150415WA0086500896
B1736391851308S04150413WA0086800900
B1736431851305S04150399WA0086900901
B1736471851316S04150385WA0087400907
B1736511851338S04150386WA0087900912
B1736551851363S04150400WA0088200915
B1736591851383S04150416WA0088500921
B1737031851400S04150438WA0088100918
B1737071851412S04150459WA0087700914
B1737111851427S04150482WA0086900905
B1737151851440S04150501WA0086700903
B1737191851457S04150518WA0086100896
B1737231851477S04150530WA0085500890
B1737271851498S04150540WA0084800883
B1737311851522S04150541WA0083900873
B1737351851544S04150540WA0083500870
B1737391851566S04150534WA0083000864
B1737431851584S04150524WA0082500860
B1737471851574S04150510WA0081900853
B1737511851554S04150514WA0081600851
B1737551851534S04150521WA0081400848
B1737591851515S04150526WA0080700841
B1738031851493S04150530WA0079900833
B1738071851475S04150538WA0079400826
B1738111851454S04150547WA0078400815
B1738151851431S04150555WA0077400805
B1738191851403S04150561WA0076500795
B1738231851378S04150564WA0076000790
B1738271851353S04150567WA0075600785
B1738311851330S04150570WA0075200780
B1738351851306S04150574WA0074800776
B1738391851279S04150581WA0074500773
B1738431851256S04150588WA0074500774
B1738471851231S04150595WA0073900767
B1738511851206S04150602WA0074000768
B1738551851184S04150608WA0073700765
B1738591851160S04150617WA0073600764
B1739031851138S04150626WA0073600764
B1739071851113S04150633WA0073300761
B1739111851087S04150647WA0073400761
B1739151851068S04150652WA0074000769
B1739191851058S04150642WA0074200771
B1739231851070S04150625WA0074100770
B1739271851091S04150628WA0074100770
B1739311851105S04150651WA0073800766
B1739351851099S04150674WA0074100770
B1739391851088S04150694WA0074200771
B1739431851073S04150712WA0074300771
B1739471851055S04150725WA0074700775
B1739511851039S04150729WA0075200781
B1739551851027S04150716WA0075300781
B1739591851035S04150697WA0076100790
B1740031851058S04150696WA0077000798
B1740071851072S04150720WA0077800805
B1740111851066S04150747WA0078600814
B1740151851050S04150759WA0079000818
B1740191851032S04150757WA0079000819
B1740231851015S04150749WA0079200821
B1740271851014S04150729WA0079900828
B1740311851031S04150715WA0080300833
B1740351851055S04150715WA0080700836
B1740391851081S04150728WA0081100839
B1740431851092S04150752WA0082300853
B1740471851087S04150777WA0083100861
B1740511851069S04150781WA0083400864
B1740551851057S04150769WA0083700868
B1740591851057S04150747WA0083600866
B1741031851074S04150729WA0084100872
B1741071851100S04150717WA0084600877
B1741111851125S04150723WA0085000880
B1741151851139S04150743WA0085400884
B1741191851135S04150767WA0085400885
B1741231851121S04150777WA0086300894
B1741271851112S04150769WA0087100903
B1741311851121S04150751WA0087500906
B1741351851145S04150743WA0088000912
B1741391851168S04150755WA0088300914
B1741431851174S04150780WA0087900908
B1741471851162S04150802WA0088300912
B1741511851149S04150812WA0089000920
B1741551851133S04150822WA0089800929
B1741591851120S04150821WA0090700940
B1742031851117S04150803WA0090700939
B1742071851131S04150786WA0090500939
B1742111851160S04150785WA0090400938
B1742151851175S04150807WA0091100946
B1742191851174S04150832WA0091400949
B1742231851162S04150848WA0092200957
B1742271851148S04150844WA0092700962
B1742311851149S04150823WA0093000965
B1742351851170S04150811WA0092800963
B1742391851196S04150817WA0093000965
B1742431851206S04150842WA0093300969
B1742471851197S04150862WA0093900975
B1742511851184S04150871WA0094500981
B1742551851170S04150873WA0094800983
B1742591851155S04150869WA0095200988
B1743031851140S04150864WA0095200988
B1743071851125S04150858WA0095300990
B1743111851113S04150853WA0095600993
B1743151851100S04150845WA0096100998
B1743191851091S04150835WA0096801005
B1743231851084S04150819WA0097901018
B1743271851100S04150800WA0099501035
B1743311851126S04150791WA0100501045
B1743351851147S04150805WA0101301053
B1743391851158S04150828WA0102301062
B1743431851164S04150847WA0102701065
B1743471851169S04150871WA0103001070
B1743511851174S04150892WA0103101072
B1743551851179S04150920WA0102801069
B1743591851182S04150950WA0102201065
B1744031851182S04150984WA0102101065
B1744071851183S04151015WA0101701059
B1744111851185S04151047WA0101201057
B1744151851191S04151074WA0101101054
B1744191851196S04151102WA0101101055
B1744231851201S04151126WA0101201056
B1744271851203S04151151WA0101201055
B1744311851207S04151180WA0100901052
B1744351851209S04151205WA0101301055
B1744391851212S04151232WA0100901051
B1744431851213S04151262WA0100401047
B1744471851214S04151292WA0100101043
B1744511851218S04151323WA0099501036
B1744551851218S04151354WA0098501026
B1744591851219S04151383WA0097901019
B1745031851221S04151413WA0097501015
B1745071851221S04151442WA0097301013
B1745111851221S04151473WA0097301013
B1745151851223S04151500WA0097701018
B1745191851219S04151527WA0097401015
B1745231851219S04151560WA0097101012
B1745271851218S04151590WA0096701006
B1745311851217S04151624WA0095500993
B1745351851219S04151658WA0094200980
B1745391851220S04151692WA0093400971
B1745431851217S04151726WA0092500960
B1745471851218S04151760WA0091600952
B1745511851220S04151791WA0090800943
B1745551851220S04151825WA0089800934
B1745591851220S04151856WA0089000928
B1746031851219S04151887WA0088100919
B1746071851221S04151918WA0087100907
B1746111851224S04151950WA0086200897
B1746151851225S04151982WA0085400887
B1746191851225S04152016WA0084600878
B1746231851227S04152049WA0083800870
B1746271851228S04152081WA0083100863
B1746311851230S04152114WA0082100852
B1746351851232S04152148WA0081200842
B1746391851234S04152182WA0080400833
B1746431851236S04152216WA0079800826
B1746471851239S04152250WA0079000817
B1746511851240S04152284WA0078300810
B1746551851241S04152319WA0077700804
B1746591851239S04152353WA0077300800
B1747031851238S04152386WA0076700794
B1747071851236S04152419WA0076200787
B1747111851233S04152450WA0075700782
B1747151851232S04152483WA0075100776
B1747191851232S04152517WA0074600770
B1747231851232S04152551WA0074000764
B1747271851229S04152581WA0073700761
B1747311851228S04152613WA0073100753
B1747351851229S04152644WA0072200745
B1747391851229S04152675WA0071500738
B1747431851229S04152706WA0070800729
B1747471851226S04152736WA0070400725
B1747511851224S04152765WA0069900719
B1747551851223S04152797WA0069000709
B1747591851223S04152827WA0068400702
B1748031851222S04152856WA0067700696
B1748071851219S04152884WA0067600696
B1748111851214S04152908WA0067300692
B1748151851210S04152937WA0066800687
B1748191851207S04152964WA0066600685
B1748231851205S04152992WA0066500684
B1748271851201S04153018WA0066900689
B1748311851201S04153041WA0067300695
B1748351851204S04153066WA0067500696
B1748391851205S04153089WA0068100702
B1748431851206S04153113WA0067400695
B1748471851206S04153144WA0066500684
B1748511851208S04153170WA0066000679
B1748551851209S04153198WA0065300671
B1748591851211S04153226WA0064600664
B1749031851213S04153256WA0064000658
B1749071851214S04153281WA0063400652
B1749111851215S04153312WA0062500642
B1749151851214S04153343WA0061700634
B1749191851215S04153374WA0060600622
B1749231851217S04153407WA0059400609
B1749271851217S04153437WA0058200598
B1749311851217S04153468WA0057000584
B1749351851217S04153497WA0056300576
B1749391851217S04153523WA0055600568
B1749431851217S04153550WA0054800560
B1749471851217S04153576WA0054100551
B1749511851218S04153605WA0052800540
B1749551851217S04153636WA0052300534
B1749591851217S04153665WA0052100531
B1750031851215S04153693WA0051700527
B1750071851213S04153723WA0050800517
B1750111851214S04153751WA0049800508
B1750151851215S04153784WA0048400493
B1750191851216S04153815WA0047600485
B1750231851216S04153849WA0046300470
B1750271851216S04153880WA0045500463
B1750311851217S04153908WA0044600454
B1750351851218S04153937WA0043700444
B1750391851223S04153961WA0043200440
B1750431851228S04153988WA0042200429
B1750471851233S04154014WA0041600422
B1750511851236S04154042WA0040500410
B1750551851240S04154072WA0040100407
B1750591851245S04154093WA0039600399
B1751031851246S04154121WA0038900389
B1751071851250S04154145WA0038300383
B1751111851256S04154171WA0038100379
B1751151851258S04154193WA0037800374
B1751191851258S04154218WA0037400371
B1751231851263S04154243WA0037200368
B1751271851257S04154261WA0037800376
B1751311851239S04154264WA0038400380
B1751351851240S04154249WA0037700372
B1751391851263S04154251WA0037000365
B1751431851280S04154272WA0036900366
B1751471851292S04154295WA0037200369
B1751511851299S04154318WA0037500371
B1751551851303S04154345WA0037000365
B1751591851307S04154371WA0037000367
B1752031851310S04154400WA0036800365
B1752071851312S04154427WA0036900367
B1752111851314S04154457WA0036800366
B1752151851316S04154484WA0037100370
B1752191851314S04154512WA0037300372
B1752231851305S04154532WA0037700377
B1752271851286S04154533WA0037400374
B1752311851291S04154517WA0037500374
B1752351851314S04154516WA0037500372
B1752391851332S04154537WA0037700376
B1752431851340S04154562WA0038100379
B1752471851346S04154585WA0038200381
B1752511851347S04154609WA0037900376
B1752551851340S04154633WA0037500374
B1752591851331S04154656WA0037300370
B1753031851323S04154679WA0037300372
B1753071851315S04154705WA0037200371
B1753111851307S04154729WA0037100370
B1753151851298S04154754WA0036400363
B1753191851289S04154774WA0036200361
B1753231851280S04154799WA0035800356
B1753271851273S04154820WA0035400353
B1753311851266S04154844WA0035000349
B1753351851261S04154867WA0034800346
B1753391851257S04154892WA0034300341
B1753431851253S04154917WA0033400332
B1753471851245S04154946WA0032300319
B1753511851239S04154974WA0031800315
B1753551851231S04155000WA0031400309
B1753591851224S04155028WA0031300308
B1754031851223S04155054WA0031500311
B1754071851223S04155082WA0031400309
B1754111851222S04155110WA0031300309
B1754151851220S04155137WA0031300309
B1754191851219S04155163WA0031000305
B1754231851219S04155186WA0031000306
B1754271851221S04155207WA0030800303
B1754311851219S04155226WA0030700302
B1754351851227S04155246WA0030300299
B1754391851247S04155252WA0030000292
B1754431851270S04155253WA0029700290
B1754471851283S04155272WA0029200285
B1754511851282S04155292WA0028800281
B1754551851275S04155313WA0028400277
B1754591851270S04155330WA0028100273
B1755031851254S04155341WA0027500266
B1755071851240S04155337WA0027000262
B1755111851234S04155318WA0026400254
B1755151851245S04155300WA0026000252
B1755191851267S04155290WA0025500244
B1755231851289S04155294WA0025500246
B1755271851305S04155313WA0025200242
B1755311851309S04155331WA0025100240
B1755351851302S04155351WA0024300231
B1755391851289S04155364WA0023700224
B1755431851278S04155377WA0023300221
B1755471851262S04155390WA0022600213
B1755511851246S04155398WA0022000206
B1755551851228S04155400WA0021300199
B1755591851220S04155386WA0020800193
B1756031851231S04155370WA0020400190
B1756071851232S04155353WA0020000184
B1756111851222S04155342WA0019600180
B1756151851209S04155344WA0019700182
B1756191851190S04155344WA0018700169
B1756231851177S04155340WA0018500169
B1756271851163S04155334WA0017900164
B1756311851157S04155322WA0017400157
B1756351851161S04155306WA0016900153
B1756391851161S04155298WA0016400146
B1756431851161S04155298WA0016400145
B1756471851160S04155298WA0016400146
B1756511851160S04155298WA0016400146
B1756551851160S04155298WA0016400146
B1756591851160S04155298WA0016400146
B1757031851160S04155298WA0016400147
B1757071851160S04155298WA0016400148
B1757111851161S04155298WA0016500149
B1757151851161S04155298WA0016400148
B1757191851161S04155298WA0016400149
B1757231851161S04155298WA0016400148
B1757271851161S04155298WA0016400148
B1757311851161S04155296WA0016400147
B1757351851162S04155296WA0016400147
B1757391851162S04155296WA0016400147
B1757431851162S04155296WA0016400148
B1757471851163S04155296WA0016400149
B1757511851162S04155296WA0016400147
B1757551851162S04155296WA0016400147
B1757591851162S04155296WA0016400145
B1758031851162S04155296WA0016400144
B1758071851162S04155295WA0016400143
B1758111851162S04155295WA0016400143
B1758151851162S04155296WA0016400142
B1758191851162S04155296WA0016400143
B1758231851162S04155296WA0016400143
B1758271851162S04155297WA0016400145
B1758311851162S04155296WA0016400147
B1758351851162S04155296WA0016400147
B1758391851162S04155296WA0016400148
B1758431851162S04155297WA0016400146
B1758471851162S04155298WA0016400144
B1758511851162S04155298WA0016400144
B1758551851162S04155299WA0016400143
B1758591851162S04155298WA0016400143
B1759031851162S04155298WA0016400143
B1759071851162S04155298WA0016400143
B1759111851163S04155298WA0016400143
B1759151851163S04155298WA0016400144
B1759191851163S04155297WA0016400146
B1759231851163S04155296WA0016400146
B1759271851163S04155296WA0016300146
B1759311851163S04155296WA0016300147
B1759351851163S04155296WA0016300147
B1759391851163S04155296WA0016300147
B1759431851164S04155296WA0016400147
B1759471851164S04155296WA0016300147
B1759511851164S04155296WA0016300147
B1759551851164S04155296WA0016300147
B1759591851164S04155296WA0016300147
B1800031851164S04155296WA0016300147
B1800071851164S04155296WA0016300147
B1800111851164S04155295WA0016300147
B1800151851164S04155295WA0016300146
B1800191851164S04155295WA0016300146
B1800231851164S04155295WA0016300146
B1800271851164S04155295WA0016300146
B1800311851164S04155295WA0016300145
B1800351851164S04155295WA0016300145
B1800391851164S04155295WA0016300145
B1800431851164S04155295WA0016300145
B1800471851164S04155295WA0016300145
B1800511851163S04155295WA0016300145
B1800551851163S04155295WA0016300146
B1800591851164S04155295WA0016300145
B1801031851164S04155295WA0016300145
B1801071851164S04155295WA0016300145
B1801111851164S04155295WA0016300145
B1801151851163S04155295WA0016300145
B1801191851164S04155295WA0016300145
B1801231851164S04155295WA0016300145
B1801271851164S04155296WA0016300145
B1801311851163S04155296WA0016300145
B1801351851163S04155296WA0016300145
B1801391851164S04155296WA0016300145
B1801431851163S04155296WA0016300145
B1801471851164S04155296WA0016300145
B1801511851164S04155296WA0016300144
B1801551851164S04155296WA0016300144
B1801591851164S04155296WA0016300144
B1802031851164S04155296WA0016300145
B1802071851164S04155296WA0016300145
B1802111851164S04155296WA0016300145
B1802151851164S04155296WA0016300145
B1802191851164S04155296WA0016300145
B1802231851164S04155296WA0016300144
B1802271851164S04155296WA0016300144
B1802311851164S04155296WA0016300144
B1802351851164S04155296WA0016300144
B1802391851164S04155296WA0016300144
B1802431851164S04155296WA0016300144
B1802471851164S04155296WA0016300144
B1802511851164S04155296WA0016400144
B1802551851164S04155296WA0016400144
B1802591851164S04155296WA0016300144
B1803031851164S04155296WA0016300144
B1803071851164S04155296WA0016300143
B1803111851164S04155296WA0016300143
B1803151851164S04155296WA0016300143
B1803191851164S04155296WA0016300143
B1803231851164S04155296WA0016300143
B1803271851164S04155296WA0016300143
B1803311851164S04155296WA0016300143
B1803351851164S04155296WA0016300143
B1803391851164S04155296WA0016300143
B1803431851164S04155296WA0016300143
B1803471851164S04155296WA0016300143
B1803511851164S04155296WA0016400143
B1803551851164S04155296WA0016300143
B1803591851164S04155296WA0016300143
B1804031851164S04155296WA0016400143
B1804071851164S04155296WA0016400144
B1804111851164S04155296WA0016400144
B1804151851164S04155296WA0016400144
B1804191851164S04155296WA0016400144
B1804231851164S04155296WA0016300144
B1804271851164S04155296WA0016300144
B1804311851164S04155296WA0016400144
B1804351851164S04155296WA0016300144
B1804391851164S04155296WA0016300143
B1804431851164S04155296WA0016400143
B1804471851164S04155296WA0016400143
B1804511851164S04155296WA0016400143
B1804551851164S04155296WA0016400144
B1804591851164S04155296WA0016400144
B1805031851164S04155296WA0016400144
B1805071851164S04155296WA0016400144
B1805111851164S04155296WA0016400144
B1805151851163S04155296WA0016400145
B1805191851163S04155296WA0016400145
B1805231851163S04155296WA0016400146
B1805271851163S04155295WA0016400147
B1805311851163S04155295WA0016400147
B1805351851163S04155295WA0016400147
B1805391851163S04155295WA0016400147
B1805431851163S04155295WA0016400147
B1805471851163S04155295WA0016400147
B1805511851163S04155295WA0016400148
B1805551851163S04155295WA0016400148
B1805591851163S04155295WA0016400148
B1806031851163S04155295WA0016400148
B1806071851163S04155295WA0016400148
B1806111851163S04155295WA0016400148
B1806151851163S04155295WA0016400148
B1806191851163S04155295WA0016400148
B1806231851163S04155295WA0016400148
B1806271851163S04155295WA0016400148
B1806311851163S04155295WA0016400148
B1806351851163S04155295WA0016400148
B1806391851163S04155295WA0016300148
B1806431851163S04155295WA0016400148
B1806471851163S04155295WA0016400148
B1806511851163S04155295WA0016400148
B1806551851163S04155295WA0016400148
B1806591851163S04155295WA0016400148
B1807031851163S04155295WA0016400148
B1807071851163S04155295WA0016400148
B1807111851163S04155295WA0016400148
B1807151851163S04155295WA0016400148
B1807191851163S04155295WA0016400149
B1807231851163S04155295WA0016400149
B1807271851163S04155295WA0016400149
B1807311851163S04155295WA0016400149
B1807351851163S04155295WA0016400149
B1807391851163S04155295WA0016400148
B1807431851163S04155295WA0016400148
B1807471851163S04155295WA0016400148
B1807511851163S04155295WA0016400148
B1807551851163S04155295WA0016400148
B1807591851163S04155295WA0016400149
B1808031851163S04155295WA0016400149
B1808071851163S04155295WA0016400149
B1808111851163S04155295WA0016400149
B1808151851163S04155295WA0016400148
B1808191851163S04155295WA0016400148
B1808231851163S04155295WA0016400148
B1808271851163S04155295WA0016400148
B1808311851163S04155295WA0016400148
B1808351851163S04155295WA0016400147
B1808391851163S04155295WA0016400147
B1808431851163S04155295WA0016400147
B1808471851163S04155295WA0016400147
B1808511851163S04155295WA0016400147
B1808551851163S04155295WA0016400148
B1808591851163S04155296WA0016400147
B1809031851164S04155296WA0016400147
B1809071851164S04155296WA0016400147
B1809111851164S04155296WA0016400147
B1809151851164S04155296WA0016400147
B1809191851164S04155296WA0016400147
B1809231851164S04155296WA0016400147
B1809271851164S04155296WA0016400147
B1809311851164S04155296WA0016400147
B1809351851164S04155296WA0016400146
B1809391851164S04155296WA0016400146
B1809431851164S04155296WA0016400146
B1809471851164S04155296WA0016400146
B1809511851164S04155296WA0016400146
B1809551851164S04155296WA0016400146
B1809591851164S04155296WA0016400146
B1810031851164S04155296WA0016400146
B1810071851164S04155296WA0016400146
B1810111851164S04155296WA0016400146
B1810151851164S04155296WA0016400146
B1810191851164S04155296WA0016400146
B1810231851164S04155296WA0016400146
B1810271851164S04155296WA0016400146
B1810311851164S04155296WA0016400146
B1810351851164S04155296WA0016400146
B1810391851164S04155296WA0016400146
B1810431851164S04155296WA0016400146
B1810471851164S04155296WA0016400146
B1810511851164S04155296WA0016400146
B1810551851164S04155296WA0016400146
B1810591851164S04155296WA0016400146
B1811031851164S04155296WA0016400146
B1811071851164S04155296WA0016400146
B1811111851164S04155296WA0016400146
B1811151851164S04155296WA0016400146
B1811191851164S04155296WA0016400145
B1811231851164S04155296WA0016400145
B1811271851164S04155296WA0016400145
B1811311851164S04155296WA0016400145
B1811351851164S04155296WA0016400145
B1811391851164S04155296WA0016400145
B1811431851164S04155296WA0016400145
B1811471851164S04155296WA0016400146
B1811511851164S04155296WA0016400146
B1811551851164S04155296WA0016400146
B1811591851164S04155296WA0016400146
B1812031851164S04155296WA0016400145
B1812071851164S04155296WA0016400145
B1812111851164S04155296WA0016400145
B1812151851164S04155296WA0016400145
B1812191851164S04155296WA0016400145
B1812231851164S04155296WA0016400145
B1812271851164S04155296WA0016400145
B1812311851164S04155296WA0016400145
B1812351851164S04155296WA0016400146
B1812391851163S04155296WA0016400146
B1812431851163S04155297WA0016400146
B1812471851163S04155297WA0016400146
B1812511851164S04155296WA0016400145
B1812551851164S04155296WA0016400145
B1812591851164S04155296WA0016400145
B1813031851164S04155295WA0016400144
B1813071851165S04155295WA0016400144
B1813111851165S04155295WA0016400144
B1813151851164S04155295WA0016400144
B1813191851165S04155295WA0016400144
B1813231851165S04155294WA0016400144
B1813271851165S04155294WA0016400142
B1813311851165S04155294WA0016400139
B1813351851165S04155293WA0016400139
B1813391851165S04155294WA0016400139
B1813431851165S04155295WA0016400138
B1813471851164S04155295WA0016500140
B1813511851164S04155294WA0016400140
B1813551851164S04155294WA0016500137
B1813591851164S04155294WA0016400137
B1814031851163S04155294WA0016500137
B1814071851163S04155293WA0016500137
B1814111851163S04155294WA0016400137
B1814151851163S04155294WA0016400138
B1814191851164S04155294WA0016400140
B1814231851164S04155295WA0016400141
B1814271851164S04155295WA0016400142
B1814311851164S04155296WA0016500142
B1814351851165S04155298WA0016400139
B1814391851165S04155299WA0016400137
B1814431851166S04155299WA0016400134
B1814471851166S04155299WA0016500133
B1814511851166S04155298WA0016400133
B1814551851167S04155297WA0016400133
B1814591851167S04155297WA0016400133
B1815031851167S04155297WA0016400132
B1815071851166S04155297WA0016400135
B1815111851166S04155297WA0016400137
B1815151851167S04155297WA0016400138
B1815191851167S04155296WA0016400140
B1815231851166S04155296WA0016500141
B1815271851165S04155296WA0016500141
B1815311851165S04155296WA0016400141
B1815351851165S04155296WA0016500141
B1815391851164S04155296WA0016400139
B1815431851164S04155296WA0016500138
B1815471851163S04155296WA0016500138
B1815511851163S04155296WA0016500137
B1815551851163S04155296WA0016500137
B1815591851163S04155297WA0016500138
B1816031851162S04155297WA0016500137
B1816071851162S04155296WA0016500136
B1816111851162S04155296WA0016500136
B1816151851161S04155296WA0016400136
B1816191851161S04155296WA0016400136
B1816231851161S04155296WA0016400136
B1816271851161S04155296WA0016400136
B1816311851161S04155296WA0016400136
B1816351851161S04155296WA0016400136
B1816391851161S04155296WA0016400136
B1816431851161S04155296WA0016400136
B1816471851161S04155296WA0016500136
B1816511851162S04155296WA0016500136
B1816551851162S04155296WA0016500135
B1816591851162S04155296WA0016500135
B1817031851163S04155296WA0016500136
B1817071851165S04155296WA0016400137
B1817111851167S04155296WA0016500138
B1817151851169S04155296WA0016400139
B1817191851172S04155295WA0016500139
B1817231851173S04155294WA0016500140
B1817271851174S04155293WA0016400141
B1817311851176S04155291WA0016500142
B1817351851178S04155290WA0016500143
B1817391851181S04155289WA0016500143
B1817431851183S04155287WA0016500144
B1817471851186S04155286WA0016500145
B1817511851188S04155285WA0016500145
B1817551851190S04155283WA0016500147
B1817591851192S04155281WA0016500147
B1818031851194S04155279WA0016500147
B1818071851195S04155278WA0016500148
B1818111851197S04155275WA0016500146
B1818151851199S04155274WA0016500149
B1818191851201S04155272WA0016500147
B1818231851202S04155270WA0016500146
B1818271851203S04155269WA0016500145
B1818311851205S04155267WA0016600144
B1818351851207S04155266WA0016500144
B1818391851209S04155264WA0016600142
B1818431851211S04155262WA0016600142
B1818471851213S04155260WA0016600144
B1818511851215S04155258WA0016600145
B1818551851217S04155256WA0016600146
B1818591851220S04155254WA0016600145
B1819031851221S04155252WA0016600145
B1819071851223S04155250WA0016600145
B1819111851225S04155248WA0016600144
B1819151851227S04155247WA0016600143
B1819191851230S04155246WA0016600143
B1819231851232S04155246WA0016600145
B1819271851233S04155245WA0016700146
B1819311851235S04155245WA0016600145
B1819351851238S04155245WA0016700143
B1819391851241S04155246WA0016600143
B1819431851244S04155245WA0016700143
B1819471851246S04155245WA0016700143
B1819511851249S04155245WA0016700141
B1819551851251S04155244WA0016700141
B1819591851252S04155243WA0016800140
B1820031851254S04155243WA0016800143
B1820071851255S04155242WA0016800145
B1820111851257S04155243WA0016800146
B1820151851258S04155246WA0016800146
B1820191851259S04155248WA0016900145
B1820231851260S04155250WA0016800148
B1820271851262S04155253WA0016900149
B1820311851263S04155255WA0016900150
B1820351851265S04155257WA0016900147
B1820391851266S04155259WA0016900147
B1820431851268S04155262WA0016900145
B1820471851269S04155264WA0017000144
B1820511851270S04155267WA0016900143
B1820551851271S04155269WA0016900142
B1820591851272S04155272WA0017000142
B1821031851273S04155275WA0017000142
B1821071851274S04155278WA0017000143
B1821111851275S04155280WA0017000144
B1821151851276S04155281WA0017000146
B1821191851277S04155282WA0017100147
B1821231851277S04155283WA0017100148
B1821271851277S04155283WA0017000149
B1821311851277S04155283WA0017000148
B1821351851276S04155284WA0017000149
B1821391851277S04155284WA0017000149
B1821431851277S04155285WA0017000148
B1821471851277S04155285WA0017000148
B1821511851277S04155285WA0017000148
B1821551851277S04155285WA0017000148
B1821591851277S04155286WA0017000148
B1822031851276S04155286WA0017000148
B1822071851276S04155286WA0017000148
B1822111851275S04155286WA0017000148
B1822151851275S04155286WA0017000149
B1822191851275S04155286WA0017000149
B1822231851275S04155286WA0017000149
B1822271851275S04155286WA0017000149
B1822311851275S04155286WA0017000149
B1822351851274S04155286WA0017000150
B1822391851274S04155286WA0017000149
B1822431851274S04155286WA0017000148
B1822471851274S04155285WA0017000149
B1822511851274S04155285WA0017000148
B1822551851274S04155285WA0017000149
B1822591851274S04155285WA0017000149
B1823031851274S04155285WA0017000149
B1823071851274S04155285WA0017000148
B1823111851274S04155286WA0017000147
B1823151851274S04155286WA0017000146
B1823191851273S04155286WA0017000144
B1823231851273S04155286WA0017000145
B1823271851274S04155286WA0017000145
B1823311851274S04155286WA0017000146
B1823351851274S04155286WA0017000146
B1823391851273S04155286WA0017000147
B1823431851273S04155287WA0017000147
B1823471851273S04155287WA0017000147
B1823511851272S04155287WA0017000146
B1823551851272S04155287WA0017000145
B1823591851272S04155288WA0017000144
B1824031851272S04155288WA0017000144
B1824071851272S04155288WA0017000143
B1824111851272S04155288WA0017000144
B1824151851272S04155288WA0017000144
B1824191851272S04155288WA0017000144
B1824231851273S04155288WA0017000144
B1824271851273S04155288WA0017000144
B1824311851273S04155288WA0017000146
B1824351851272S04155288WA0017000146
B1824391851272S04155288WA0017000146
B1824431851273S04155288WA0017000145
B1824471851273S04155288WA0017000145
B1824511851274S04155288WA0017000145
B1824551851274S04155287WA0017000144
B1824591851275S04155287WA0017000143
B1825031851275S04155287WA0017000142
B1825071851276S04155286WA0017000142
B1825111851276S04155286WA0017000141
B1825151851276S04155286WA0017000142
B1825191851275S04155287WA0017000142
B1825231851275S04155286WA0017000140
B1825271851275S04155286WA0017000142
B1825311851275S04155286WA0017000142
B1825351851276S04155286WA0017000142
B1825391851276S04155286WA0017000142
B1825431851275S04155286WA0017000142
B1825471851275S04155286WA0017000142
B1825511851275S04155286WA0017000142
B1825551851275S04155286WA0017000142
B1825591851274S04155286WA0017000143
B1826031851272S04155285WA0017000141
B1826071851270S04155287WA0017000140
B1826111851270S04155287WA0017000140
B1826151851269S04155288WA0017000140
B1826191851267S04155288WA0017000140
B1826231851266S04155289WA0017000138
B1826271851266S04155289WA0017000138
B1826311851268S04155290WA0017000137
B1826351851268S04155290WA0017000137
B1826391851269S04155290WA0017000136
B1826431851274S04155289WA0017000136
B1826471851274S04155290WA0017000133
B1826511851274S04155289WA0017000131
B1826551851276S04155288WA0017000131
B1826591851277S04155288WA0017000131
B1827031851278S04155288WA0017000131
B1827071851277S04155289WA0017000130
B1827111851277S04155289WA0017000129
B1827151851277S04155288WA0017000129
B1827191851274S04155290WA0017000128
B1827231851272S04155290WA0017000128
B1827271851272S04155289WA0017000130
B1827311851272S04155289WA0017000130
B1827351851269S04155290WA0017000129
B1827391851267S04155291WA0017000129
B1827431851268S04155290WA0017000129
B1827471851270S04155291WA0017000129
B1827511851270S04155290WA0017000130
B1827551851266S04155293WA0017000128
B1827591851266S04155292WA0017000128
B1828031851266S04155292WA0017000129
B1828071851266S04155291WA0017000129
B1828111851265S04155292WA0017000129
B1828151851264S04155293WA0017000127
B1828191851264S04155293WA0017000126
B1828231851265S04155293WA0017000126
B1828271851271S04155289WA0017000135
B1828311851272S04155288WA0017000141
B1828351851273S04155288WA0017000144
B1828391851274S04155288WA0017000145
B1828431851273S04155288WA0017000148
B1828471851273S04155288WA0017000150
B1828511851273S04155288WA0017000152
B1828551851274S04155288WA0017000152
B1828591851274S04155288WA0017000153
B1829031851274S04155289WA0017000153
B1829071851274S04155289WA0017000152
B1829111851274S04155289WA0017000152
B1829151851274S04155288WA0017000153
B1829191851275S04155288WA0017000153
B1829231851275S04155288WA0017000153
B1829271851276S04155288WA0017000153
B1829311851276S04155288WA0017000152
B1829351851276S04155288WA0017000151
B1829391851276S04155287WA0017000151
B1829431851276S04155286WA0017000151
B1829471851276S04155286WA0017000152
B1829511851275S04155287WA0017000151
B1829551851275S04155289WA0016900151
B1829591851275S04155291WA0017000151
B1830031851275S04155292WA0017000149
B1830071851275S04155291WA0017000149
B1830111851276S04155291WA0017000149
B1830151851276S04155291WA0017000149
B1830191851277S04155292WA0017000148
B1830231851277S04155292WA0017000148
B1830271851277S04155292WA0017000148
B1830311851277S04155291WA0017000148
B1830351851277S04155291WA0017000149
B1830391851277S04155291WA0017000149
B1830431851276S04155291WA0017000149
B1830471851277S04155291WA0017000148
B1830511851276S04155291WA0017000149
B1830551851275S04155291WA0017000150
B1830591851276S04155291WA0017000151
B1831031851276S04155292WA0017000151
B1831071851277S04155292WA0017000151
B1831111851277S04155293WA0017000150
B1831151851278S04155293WA0017000150
B1831191851277S04155292WA0017000150
B1831231851276S04155292WA0017000151
B1831271851276S04155292WA0017000151
B1831311851277S04155292WA0017000150
B1831351851277S04155293WA0017000149
B1831391851278S04155294WA0017000149
B1831431851277S04155293WA0016900149
B1831471851276S04155293WA0017000152
B1831511851276S04155294WA0017000151
B1831551851276S04155293WA0017000152
B1831591851276S04155294WA0017000150
B1832031851276S04155295WA0017000150
B1832071851276S04155295WA0017000149
B1832111851276S04155295WA0017000149
B1832151851276S04155295WA0017000149
B1832191851277S04155295WA0017000149
B1832231851277S04155295WA0017000149
B1832271851277S04155294WA0017000150
B1832311851277S04155294WA0017000150
B1832351851277S04155294WA0017000150
B1832391851277S04155295WA0017000150
B1832431851277S04155295WA0017000149
B1832471851277S04155296WA0017000149
B1832511851278S04155296WA0016900148
B1832551851279S04155296WA0017000148
B1832591851279S04155296WA0017000148
B1833031851279S04155296WA0017000148
B1833071851279S04155295WA0017000148
B1833111851278S04155295WA0017000149
B1833151851278S04155295WA0017000150
B1833191851278S04155294WA0017000150
B1833231851277S04155294WA0017000152
B1833271851278S04155294WA0017000151
B1833311851279S04155294WA0017000151
B1833351851279S04155294WA0017000149
B1833391851280S04155293WA0017000149
B1833431851279S04155293WA0017000149
B1833471851279S04155292WA0017000150
B1833511851279S04155292WA0017000151
B1833551851279S04155292WA0017000151
B1833591851279S04155291WA0017000151
B1834031851279S04155291WA0017000152
B1834071851279S04155292WA0017000151
B1834111851279S04155292WA0017000150
B1834151851280S04155292WA0017000149
B1834191851280S04155293WA0017000149
B1834231851280S04155293WA0017000148
B1834271851281S04155294WA0017000147
B1834311851281S04155294WA0017000146
B1834351851282S04155295WA0017000144
B1834391851282S04155295WA0017000143
B1834431851282S04155295WA0017000143
B1834471851283S04155295WA0017000141
B1834511851283S04155296WA0017000141
B1834551851283S04155297WA0017000141
B1834591851283S04155297WA0017000140
B1835031851283S04155297WA0017000141
B1835071851282S04155296WA0017000144
B1835111851281S04155296WA0017000146
B1835151851281S04155295WA0017000147
B1835191851281S04155295WA0017000146
B1835231851280S04155294WA0017000149
B1835271851280S04155294WA0017000151
B1835311851280S04155293WA0017000151
B1835351851279S04155292WA0017000153
B1835391851278S04155291WA0017000156
B1835431851277S04155290WA0017000158
B1835471851277S04155289WA0017000158
B1835511851276S04155289WA0017000158
B1835551851276S04155289WA0017000159
B1835591851276S04155289WA0017000159
B1836031851275S04155288WA0017000160
B1836071851275S04155287WA0017000162
B1836111851275S04155288WA0017000162
B1836151851274S04155287WA0017000162
B1836191851274S04155287WA0017000163
B1836231851274S04155287WA0017000162
B1836271851275S04155288WA0017000161
B1836311851275S04155288WA0017000160
B1836351851275S04155288WA0017000160
B1836391851275S04155288WA0017000160
B1836431851275S04155288WA0017000159
B1836471851275S04155288WA0017000159
B1836511851274S04155288WA0017000160
B1836551851274S04155288WA0017000161
B1836591851274S04155288WA0017000163
B1837031851273S04155288WA0017000164
B1837071851273S04155288WA0017000164
B1837111851273S04155288WA0017000164
B1837151851272S04155287WA0017000165
B1837191851272S04155287WA0017000166
B1837231851272S04155287WA0017000166
B1837271851271S04155287WA0017000167
B1837311851271S04155287WA0017000168
B1837351851271S04155287WA0017000167
B1837391851272S04155287WA0017000166
B1837431851273S04155288WA0017000165
B1837471851273S04155288WA0017000164
B1837511851274S04155287WA0017000164
B1837551851274S04155287WA0016900164
B1837591851274S04155287WA0016900163
B1838031851275S04155286WA0017000161
B1838071851275S04155287WA0017000157
B1838111851275S04155283WA0016900155
B1838151851273S04155272WA0016900153
B1838191851272S04155264WA0016900151
B1838231851270S04155256WA0016800153
B1838271851268S04155251WA0016800150
B1838311851267S04155248WA0016800147
B1838351851266S04155248WA0016700144
B1838391851266S04155248WA0016700143
B1838431851266S04155248WA0016700142
B1838471851265S04155248WA0016700144
B1838511851265S04155248WA0016800143
B1838551851265S04155248WA0016800142
B1838591851265S04155248WA0016800141
B1839031851265S04155248WA0016800142
B1839071851265S04155248WA0016800143
B1839111851265S04155248WA0016700143
B1839151851264S04155248WA0016700142
B1839191851264S04155248WA0016800140
B1839231851264S04155247WA0016800140
B1839271851264S04155247WA0016700139
B1839311851264S04155247WA0016800137
B1839351851264S04155247WA0016800136
B1839391851264S04155247WA0016800135
B1839431851264S04155247WA0016700135
B1839471851264S04155247WA0016800136
B1839511851264S04155246WA0016700139
B1839551851264S04155247WA0016800143
B1839591851264S04155248WA0016800146
B1840031851264S04155249WA0016800148
B1840071851264S04155249WA0016800148
B1840111851264S04155249WA0016800146
B1840151851264S04155249WA0016800144
B1840191851264S04155249WA0016800143
B1840231851264S04155249WA0016800143
B1840271851265S04155252WA0016800144
B1840311851267S04155262WA0016900145
B1840351851272S04155278WA0016900147
B1840391851281S04155296WA0017100148
B1840431851295S04155313WA0017200149
B1840471851311S04155323WA0017300149
B1840511851325S04155329WA0017300146
B1840551851342S04155336WA0017400146
B1840591851363S04155346WA0017500146
B1841031851387S04155357WA0017600147
B1841071851412S04155370WA0017700147
B1841111851440S04155383WA0017800146
B1841151851467S04155393WA0017800147
B1841191851496S04155396WA0017700145
B1841231851525S04155399WA0017500145
B1841271851552S04155401WA0017400145
B1841311851579S04155404WA0017400145
B1841351851607S04155406WA0017500152
B1841391851634S04155415WA0017600159
B1841431851653S04155433WA0017800163
B1841471851665S04155456WA0017900167
B1841511851673S04155480WA0017900167
B1841551851680S04155502WA0017900163
B1841591851687S04155524WA0017900161
B1842031851696S04155545WA0017800161
B1842071851708S04155566WA0017900157
B1842111851721S04155586WA0017900156
B1842151851734S04155608WA0017900153
B1842191851748S04155629WA0017800151
B1842231851766S04155655WA0018000150
B1842271851787S04155686WA0018000149
B1842311851805S04155712WA0018000146
B1842351851813S04155726WA0018000142
B1842391851816S04155732WA0018000141
B1842431851822S04155738WA0018000145
B1842471851830S04155747WA0018100147
B1842511851840S04155760WA0018200147
B1842551851852S04155775WA0018200146
B1842591851862S04155789WA0018200146
B1843031851871S04155802WA0018300146
B1843071851882S04155814WA0018400148
B1843111851894S04155828WA0018400148
B1843151851910S04155844WA0018500148
B1843191851928S04155861WA0018600148
B1843231851948S04155877WA0018600145
B1843271851969S04155892WA0018600144
B1843311851989S04155907WA0018600140
B1843351852008S04155921WA0018500137
B1843391852031S04155935WA0018500140
B1843431852050S04155946WA0018400140
B1843471852063S04155950WA0018300140
B1843511852072S04155953WA0018300139
B1843551852089S04155959WA0018300142
B1843591852111S04155964WA0018300143
B1844031852134S04155971WA0018300142
B1844071852158S04155979WA0018500144
B1844111852180S04155987WA0018900149
B1844151852192S04155998WA0019200152
B1844191852202S04156014WA0019100157
B1844231852215S04156029WA0019000158
B1844271852235S04156037WA0018900157
B1844311852257S04156042WA0018800155
B1844351852275S04156047WA0018700155
B1844391852286S04156051WA0018700155
B1844431852299S04156054WA0018600156
B1844471852317S04156059WA0018400157
B1844511852329S04156063WA0018400155
B1844551852345S04156065WA0018300153
B1844591852364S04156069WA0018300152
B1845031852382S04156072WA0018400149
B1845071852402S04156075WA0018500146
B1845111852424S04156073WA0018700143
B1845151852445S04156070WA0018800138
B1845191852466S04156078WA0018700131
B1845231852482S04156098WA0018600127
B1845271852484S04156120WA0018600128
B1845311852480S04156148WA0018600136
B1845351852475S04156182WA0018300141
B1845391852476S04156216WA0018000144
B1845431852485S04156247WA0017800143
B1845471852500S04156273WA0017800141
B1845511852520S04156302WA0017600140
B1845551852539S04156329WA0017500142
B1845591852555S04156354WA0017700141
B1846031852572S04156380WA0017900141
B1846071852588S04156402WA0018000141
B1846111852597S04156416WA0017900143
B1846151852606S04156429WA0017800146
B1846191852622S04156444WA0017700151
B1846231852642S04156465WA0017600156
B1846271852661S04156482WA0017500156
B1846311852684S04156497WA0017500157
B1846351852702S04156508WA0017500154
B1846391852713S04156514WA0017500154
B1846431852728S04156523WA0017600155
B1846471852747S04156533WA0017700157
B1846511852765S04156544WA0017700156
B1846551852783S04156556WA0017700156
B1846591852801S04156568WA0017700155
B1847031852816S04156581WA0017700154
B1847071852832S04156592WA0017700153
B1847111852851S04156607WA0017800153
B1847151852871S04156626WA0017800151
B1847191852883S04156647WA0017600149
B1847231852886S04156660WA0017400146
B1847271852887S04156676WA0017400144
B1847311852892S04156699WA0017400142
B1847351852910S04156716WA0017500141
B1847391852935S04156724WA0017500144
B1847431852960S04156730WA0017600149
B1847471852985S04156737WA0017600152
B1847511853005S04156742WA0017500155
B1847551853020S04156747WA0017500159
B1847591853036S04156751WA0017500163
B1848031853057S04156755WA0017500162
B1848071853070S04156763WA0017500163
B1848111853066S04156777WA0017500162
B1848151853062S04156797WA0017500159
B1848191853058S04156817WA0017500156
B1848231853054S04156837WA0017500152
B1848271853049S04156857WA0017500150
B1848311853045S04156878WA0017500150
B1848351853039S04156904WA0017600149
B1848391853037S04156934WA0017500149
B1848431853035S04156960WA0017600149
B1848471853031S04156988WA0017600150
B1848511853025S04157017WA0017600152
B1848551853019S04157048WA0017700152
B1848591853013S04157082WA0017700153
B1849031853006S04157116WA0017700152
B1849071852998S04157151WA0017700152
B1849111852991S04157186WA0017700152
B1849151852984S04157223WA0017700152
B1849191852976S04157259WA0017700151
B1849231852968S04157295WA0017600150
B1849271852960S04157332WA0017500149
B1849311852949S04157368WA0017500148
B1849351852937S04157403WA0017400147
B1849391852924S04157436WA0017400146
B1849481852895S04157499WA0017300144
B1849521852882S04157519WA0017300143
B1849561852863S04157544WA0017400143
B1850001852841S04157564WA0017500142
B1850041852816S04157585WA0017700142
B1850081852792S04157607WA0017900142
B1850121852768S04157631WA0018000142
B1850161852746S04157653WA0018100144
B1850201852732S04157664WA0018100146
B1850241852720S04157660WA0018100144
B1850281852705S04157652WA0018000144
B1850321852694S04157655WA0017900141
B1850361852687S04157668WA0018000141
B1850401852680S04157678WA0018100141
B1850441852679S04157679WA0018100142
B1850481852679S04157679WA0018100142
B1850521852674S04157680WA0018200140
B1850561852660S04157674WA0018200140
B1851001852639S04157661WA0018100140
B1851041852614S04157645WA0018000140
B1851081852587S04157628WA0018000144
B1851121852559S04157609WA0017900144
B1851161852531S04157591WA0017800147
B1851201852503S04157572WA0017900148
B1851241852473S04157552WA0017800151
B1851281852445S04157533WA0017800153
B1851321852420S04157515WA0017800154
B1851361852403S04157504WA0017700156
B1851401852398S04157501WA0017700158
B1851441852397S04157501WA0017700159
B1851481852396S04157501WA0017600161
B1851521852396S04157500WA0017700162
B1851561852396S04157500WA0017700163
B1852001852395S04157500WA0017600164
B1852041852395S04157500WA0017700165
B1852081852395S04157500WA0017700165
B1852121852394S04157499WA0017700166
B1852161852394S04157499WA0017700167
B1852201852394S04157499WA0017700168
B1852241852394S04157499WA0017700168
B1852281852394S04157499WA0017600167
B1852321852394S04157499WA0017700167
B1852361852393S04157498WA0017700167
B1852401852390S04157496WA0017700167
B1852441852380S04157489WA0017700166
B1852481852361S04157476WA0017700166
B1852521852337S04157459WA0017800166
B1852561852310S04157441WA0017800166
B1853001852280S04157421WA0017800166
B1853041852253S04157402WA0017800165
B1853081852228S04157385WA0017700167
B1853121852203S04157368WA0017800165
B1853161852176S04157351WA0017800164
B1853201852149S04157332WA0017800164
B1853241852125S04157315WA0017700164
B1853281852109S04157305WA0017600164
B1853321852101S04157298WA0017600163
B1853361852101S04157298WA0017600163
B1853401852101S04157299WA0017600163
B1853441852101S04157299WA0017600163
B1853481852101S04157299WA0017600163
B1853521852101S04157299WA0017600164
B1853561852101S04157299WA0017600165
B1854001852101S04157299WA0017600165
B1854041852101S04157299WA0017600165
B1854081852101S04157299WA0017600165
B1854121852101S04157300WA0017600165
B1854161852102S04157300WA0017600164
B1854201852102S04157301WA0017600164
B1854241852103S04157301WA0017600163
B1854281852103S04157301WA0017600162
B1854321852102S04157301WA0017600162
B1854361852102S04157300WA0017600161
B1854401852102S04157301WA0017600160
B1854441852102S04157301WA0017600158
B1854481852096S04157297WA0017600157
B1854521852082S04157287WA0017600157
B1854561852061S04157273WA0017600157
B1855001852040S04157258WA0017500157
B1855041852028S04157240WA0017300156
B1855081852011S04157218WA0017100155
B1855121851994S04157199WA0017100153
B1855161851984S04157188WA0017000153
B1855201851970S04157175WA0017000153
B1855241851953S04157158WA0017000155
B1855281851935S04157141WA0017000155
B1855321851914S04157120WA0017100157
B1855361851889S04157098WA0017200157
B1855401851865S04157076WA0017100158
B1855441851845S04157058WA0017200158
B1855481851823S04157038WA0017200158
B1855521851803S04157020WA0017500158
B1855561851786S04157003WA0017600158
B1856001851766S04156986WA0017600157
B1856041851751S04156973WA0017500156
B1856081851752S04156962WA0017600156
B1856121851757S04156953WA0017600153
B1856161851757S04156951WA0017600151
B1856201851755S04156950WA0017600149
B1856241851755S04156949WA0017600148
B1856281851755S04156948WA0017600147
B1856321851755S04156948WA0017600145
B1856361851755S04156947WA0017600145
B1856401851755S04156947WA0017600144
B1856441851755S04156947WA0017600145
B1856481851754S04156947WA0017600144
B1856521851754S04156947WA0017600144
B1856561851754S04156947WA0017600144
B1857001851754S04156947WA0017600145
B1857041851755S04156946WA0017600145
B1857081851757S04156943WA0017600147
B1857121851763S04156935WA0017600148
B1857161851761S04156924WA0017600148
B1857201851747S04156912WA0017700148
B1857241851731S04156897WA0017700147
B1857281851720S04156883WA0017600147
B1857321851724S04156874WA0017700146
B1857361851734S04156860WA0017800144
B1857401851745S04156845WA0017800137
B1857441851754S04156832WA0017800130
B1857481851755S04156825WA0017700127
B1857521851751S04156820WA0017800122
B1857561851743S04156810WA0017900124
B1858001851732S04156800WA0018100131
B1858041851718S04156786WA0017900125
B1858081851697S04156768WA0017600123
B1858121851680S04156752WA0017500122
B1858161851662S04156735WA0017600122
B1858201851648S04156721WA0017500126
B1858241851647S04156715WA0017400124
B1858281851646S04156708WA0017500122
B1858321851654S04156697WA0017400123
B1858361851663S04156684WA0017100119
B1858401851672S04156672WA0016600114
B1858441851672S04156661WA0016500111
B1858481851658S04156651WA0016600105
B1858521851644S04156636WA0016500109
B1858561851630S04156623WA0016500113
B1859001851617S04156614WA0016500115
B1859041851609S04156610WA0016500110
B1859081851599S04156604WA0016500109
B1859121851586S04156597WA0016500108
B1859161851573S04156586WA0016500109
B1859201851561S04156571WA0016500110
B1859241851552S04156558WA0016500112
B1859281851549S04156552WA0016500114
B1859321851547S04156550WA0016400116
B1859361851547S04156549WA0016400118
B1859401851548S04156548WA0016400120
B1859441851548S04156547WA0016500120
B1859481851548S04156547WA0016500122
B1859521851547S04156547WA0016400122
B1859561851546S04156548WA0016400122
B1900001851545S04156548WA0016500123
B1900041851545S04156548WA0016400124
B1900081851544S04156547WA0016400127
B1900121851543S04156546WA0016400130
B1900161851542S04156544WA0016400132
B1900201851542S04156543WA0016400135
B1900241851542S04156542WA0016400137
B1900281851542S04156541WA0016500138
B1900321851542S04156540WA0016500139
B1900361851540S04156540WA0016500139
B1900401851540S04156539WA0016500139
B1900441851539S04156539WA0016500138
B1900481851537S04156538WA0016500138
B1900521851536S04156538WA0016500138
B1900561851535S04156538WA0016500136
B1901001851534S04156538WA0016500134
B1901041851532S04156537WA0016500134
B1901081851531S04156535WA0016500132
B1901121851529S04156534WA0016500130
B1901161851527S04156532WA0016500131
B1901201851525S04156530WA0016500133
B1901241851524S04156530WA0016500133
B1901281851524S04156529WA0016500133
B1901321851523S04156529WA0016500135
B1901361851523S04156528WA0016500136
B1901401851523S04156527WA0016500134
B1901441851522S04156527WA0016500134
B1901481851522S04156527WA0016500132
B1901521851521S04156527WA0016500134
B1901561851521S04156527WA0016500135
B1902001851520S04156526WA0016500133
B1902041851520S04156526WA0016500134
B1902081851520S04156526WA0016500137
B1902121851520S04156526WA0016500138
B1902161851520S04156526WA0016500138
B1902201851520S04156526WA0016500140
B1902241851520S04156526WA0016500140
B1902281851520S04156526WA0016500140
B1902321851519S04156526WA0016500140
B1902361851520S04156527WA0016500141
B1902401851520S04156527WA0016500140
B1902441851520S04156527WA0016500140
B1902481851520S04156527WA0016500140
B1902521851519S04156527WA0016500139
B1902561851519S04156527WA0016500138
B1903001851519S04156527WA0016500139
B1903041851519S04156526WA0016500140
B1903081851519S04156526WA0016500140
B1903121851519S04156526WA0016500141
B1903161851519S04156525WA0016500140
B1903201851519S04156525WA0016500140
B1903241851518S04156525WA0016500141
B1903281851518S04156525WA0016500142
B1903321851518S04156525WA0016500143
B1903361851518S04156525WA0016500143
B1903401851519S04156525WA0016500144
B1903441851519S04156525WA0016500144
B1903481851519S04156525WA0016500145
B1903521851519S04156525WA0016500145
B1903561851519S04156525WA0016500145
B1904001851519S04156526WA0016500145
B1904041851519S04156526WA0016500146
B1904081851518S04156525WA0016500146
B1904121851518S04156525WA0016500145
B1904161851519S04156526WA0016500145
B1904201851518S04156526WA0016500145
B1904241851518S04156525WA0016500147
B1904281851518S04156525WA0016500147
B1904321851518S04156525WA0016500149
B1904361851518S04156525WA0016500149
B1904401851518S04156525WA0016500148
B1904441851518S04156525WA0016500146
B1904481851517S04156523WA0016500146
B1904521851515S04156523WA0016500146
B1904561851514S04156523WA0016500143
B1905001851514S04156525WA0016500144
B1905041851515S04156524WA0016500144
B1905081851515S04156524WA0016500144
B1905121851513S04156523WA0016500146
B1905161851513S04156524WA0016500146
B1905201851512S04156524WA0016500147
B1905241851511S04156524WA0016500146
B1905281851510S04156524WA0016500147
B1905321851508S04156524WA0016500148
B1905361851505S04156523WA0016500146
B1905401851502S04156520WA0016500149
B1905441851502S04156520WA0016500149
B1905481851502S04156520WA0016500148
B1905521851502S04156520WA0016500148
B1905561851502S04156520WA0016500147
B1906001851502S04156520WA0016500147
B1906041851502S04156520WA0016500146
B1906081851501S04156520WA0016500147
B1906121851501S04156521WA0016500148
B1906161851501S04156521WA0016500148
B1906201851501S04156521WA0016500149
B1906241851501S04156521WA0016500149
B1906281851502S04156521WA0016400149
B1906321851502S04156521WA0016500148
B1906361851502S04156521WA0016500148
B1906401851502S04156521WA0016400148
B1906441851502S04156521WA0016500148
B1906481851502S04156521WA0016500149
B1906521851502S04156521WA0016400149
B1906561851502S04156521WA0016500149
B1907001851502S04156521WA0016400148
B1907041851502S04156521WA0016400149
B1907081851502S04156521WA0016500148
B1907121851502S04156521WA0016500148
B1907161851501S04156521WA0016400148
B1907201851501S04156521WA0016500147
B1907241851501S04156521WA0016500147
B1907281851501S04156520WA0016400146
B1907321851502S04156520WA0016400146
B1907361851502S04156520WA0016400146
B1907401851502S04156520WA0016500146
B1907441851502S04156520WA0016400146
B1907481851502S04156520WA0016500146
B1907521851502S04156520WA0016500146
B1907561851502S04156520WA0016500146
B1908001851502S04156520WA0016400147
B1908041851502S04156520WA0016400148
B1908081851502S04156520WA0016400149
B1908121851502S04156520WA0016500150
B1908161851503S04156520WA0016500150
B1908201851503S04156520WA0016500150
B1908241851503S04156520WA0016400150
B1908281851503S04156520WA0016400150
B1908321851503S04156520WA0016400151
B1908361851503S04156520WA0016400151
B1908401851503S04156520WA0016500151
B1908441851503S04156520WA0016400151
B1908481851503S04156520WA0016400151
B1908521851503S04156520WA0016400151
B1908561851503S04156520WA0016400150
B1909001851503S04156520WA0016400150
B1909041851503S04156520WA0016400150
B1909081851502S04156520WA0016400150
B1909121851502S04156520WA0016400149
B1909161851502S04156520WA0016400149
B1909201851502S04156520WA0016400149
B1909241851502S04156520WA0016400148
B1909281851502S04156520WA0016400147
B1909321851502S04156520WA0016400147
B1909361851502S04156520WA0016400147
B1909401851502S04156520WA0016400146
B1909441851502S04156520WA0016400146
B1909481851502S04156520WA0016400147
B1909521851502S04156520WA0016400147
B1909561851502S04156520WA0016400148
B1910001851502S04156520WA0016400150
B1910041851502S04156520WA0016400150
B1910081851502S04156520WA0016400150
B1910121851502S04156520WA0016400151
B1910161851502S04156520WA0016400152
B1910201851502S04156521WA0016400152
B1910241851502S04156521WA0016400152
B1910281851502S04156521WA0016400152
B1910321851502S04156521WA0016400152
B1910361851502S04156521WA0016400152
B1910401851502S04156521WA0016400151
B1910441851502S04156521WA0016400151
B1910481851502S04156521WA0016400151
B1910521851502S04156521WA0016400151
B1910561851502S04156521WA0016400151
B1911001851502S04156521WA0016400151
B1911041851502S04156521WA0016400151
B1911081851502S04156521WA0016400150
B1911121851502S04156521WA0016400150
B1911161851502S04156521WA0016400150
B1911201851502S04156521WA0016400150
B1911241851502S04156521WA0016400149
B1911281851502S04156521WA0016400150
B1911321851502S04156521WA0016400150
B1911361851502S04156521WA0016400149
B1911401851502S04156520WA0016400149
B1911441851502S04156520WA0016400148
B1911481851502S04156520WA0016400148
B1911521851502S04156520WA0016400148
B1911561851502S04156520WA0016400148
B1912001851503S04156520WA0016400147
B1912041851503S04156520WA0016400147
B1912081851503S04156520WA0016400147
B1912121851503S04156520WA0016400147
B1912161851503S04156520WA0016400147
B1912201851503S04156520WA0016400147
B1912241851503S04156520WA0016400147
B1912281851503S04156520WA0016400148
B1912321851503S04156520WA0016400148
B1912361851503S04156520WA0016400148
B1912401851503S04156520WA0016400148
B1912441851502S04156520WA0016400149
B1912481851502S04156520WA0016400149
B1912521851502S04156520WA0016400149
B1912561851502S04156520WA0016400149
B1913001851502S04156520WA0016400149
B1913041851502S04156520WA0016400149
B1913081851502S04156521WA0016400149
B1913121851502S04156521WA0016400149
B1913161851502S04156521WA0016400149
B1913201851502S04156521WA0016400149
B1913241851502S04156521WA0016400149
B1913281851502S04156521WA0016400149
B1913321851502S04156521WA0016400149
B1913361851502S04156521WA0016400149
B1913401851502S04156520WA0016400149
B1913441851502S04156520WA0016400150
B1913481851502S04156520WA0016400150
B1913521851502S04156520WA0016400150
B1913561851502S04156520WA0016400150
B1914001851502S04156520WA0016400150
B1914041851502S04156520WA0016400149
B1914081851502S04156520WA0016400149
B1914121851502S04156520WA0016400149
B1914161851502S04156520WA0016400149
B1914201851502S04156519WA0016400148
B1914241851502S04156520WA0016400148
B1914281851502S04156519WA0016400148
B1914321851502S04156520WA0016400148
B1914361851502S04156519WA0016400148
B1914401851502S04156519WA0016400148
B1914441851502S04156519WA0016400148
B1914481851503S04156519WA0016400149
B1914521851503S04156519WA0016400149
B1914561851503S04156519WA0016400149
B1915001851503S04156519WA0016400149
B1915041851503S04156519WA0016400149
B1915081851503S04156519WA0016400149
B1915121851503S04156519WA0016400149
B1915161851503S04156519WA0016400149
B1915201851503S04156519WA0016400150
B1915241851502S04156519WA0016400150
B1915281851502S04156520WA0016400151
B1915321851502S04156520WA0016400150
B1915361851502S04156520WA0016400149
B1915401851502S04156520WA0016400149
B1915441851502S04156520WA0016400149
B1915481851502S04156520WA0016400149
B1915521851502S04156520WA0016400149
B1915561851502S04156520WA0016400149
B1916001851502S04156520WA0016400149
B1916041851502S04156520WA0016400150
B1916081851502S04156520WA0016400150
B1916121851502S04156520WA0016400150
B1916161851502S04156520WA0016400150
B1916201851502S04156520WA0016400150
B1916241851502S04156520WA0016400149
B1916281851502S04156520WA0016400149
B1916321851502S04156520WA0016400150
B1916361851502S04156521WA0016400150
B1916401851502S04156521WA0016400151
B1916441851502S04156521WA0016400151
B1916481851502S04156521WA0016400152
B1916521851502S04156520WA0016400152
B1916561851502S04156520WA0016400152
B1917001851502S04156520WA0016400152
B1917041851502S04156520WA0016400153
B1917081851502S04156520WA0016400153
B1917121851502S04156521WA0016400152
B1917161851502S04156521WA0016400152
B1917201851502S04156521WA0016400152
B1917241851503S04156521WA0016400152
B1917281851503S04156521WA0016400152
B1917321851503S04156520WA0016400152
B1917361851503S04156520WA0016400152
B1917401851503S04156520WA0016400152
B1917441851503S04156520WA0016400153
B1917481851503S04156520WA0016400153
B1917521851503S04156521WA0016400152
B1917561851503S04156521WA0016400152
B1918001851503S04156521WA0016400152
B1918041851503S04156521WA0016400152
B1918081851503S04156521WA0016400153
B1918121851503S04156521WA0016400153
B1918161851503S04156521WA0016400153
B1918201851503S04156521WA0016400153
B1918241851503S04156521WA0016400153
B1918281851503S04156521WA0016400153
B1918321851502S04156521WA0016400153
B1918361851502S04156522WA0016400153
B1918401851502S04156522WA0016400153
B1918441851502S04156522WA0016400152
B1918481851502S04156522WA0016400152
B1918521851502S04156521WA0016400151
B1918561851502S04156521WA0016400151
B1919001851502S04156521WA0016400152
B1919041851502S04156521WA0016400152
B1919081851502S04156521WA0016400152
B1919121851502S04156521WA0016400152
B1919161851502S04156521WA0016400152
B1919201851502S04156521WA0016400152
B1919241851503S04156520WA0016400152
B1919281851503S04156520WA0016400152
B1919321851502S04156520WA0016400153
B1919361851502S04156520WA0016400154
B1919401851502S04156520WA0016400154
B1919441851502S04156520WA0016400153
B1919481851502S04156520WA0016400152
B1919521851502S04156520WA0016400151
B1919561851502S04156520WA0016400151
B1920001851502S04156521WA0016400150
B1920041851502S04156521WA0016400150
B1920081851503S04156521WA0016400151
B1920121851503S04156521WA0016400150
B1920161851503S04156521WA0016400150
B1920201851503S04156521WA0016400150
B1920241851503S04156521WA0016400150
B1920281851503S04156521WA0016400150
B1920321851503S04156521WA0016400151
B1920361851503S04156521WA0016400151
B1920401851503S04156521WA0016400151
B1920441851503S04156521WA0016400150
B1920481851503S04156521WA0016400150
B1920521851503S04156521WA0016400150
B1920561851503S04156521WA0016400150
B1921001851503S04156521WA0016400151
B1921041851503S04156521WA0016400151
B1921081851503S04156521WA0016400151
B1921121851503S04156521WA0016400151
B1921161851503S04156521WA0016400150
B1921201851503S04156521WA0016400151
B1921241851503S04156521WA0016400151
B1921281851503S04156521WA0016400151
B1921321851503S04156521WA0016400150
B1921361851503S04156521WA0016400151
B1921401851503S04156521WA0016400150
B1921441851503S04156521WA0016400150
B1921481851503S04156521WA0016400150
B1921521851503S04156521WA0016400150
B1921561851503S04156521WA0016400150
B1922001851503S04156521WA0016400150
B1922041851503S04156521WA0016400151
B1922081851503S04156521WA0016400151
B1922121851503S04156521WA0016400150
B1922161851503S04156521WA0016400150
B1922201851503S04156521WA0016400150
B1922241851503S04156521WA0016400150
B1922281851503S04156521WA0016400150
B1922321851503S04156521WA0016400149
B1922361851503S04156521WA0016400149
B1922401851503S04156521WA0016400150
B1922441851503S04156521WA0016400151
B1922481851503S04156521WA0016400151
B1922521851503S04156521WA0016400151
B1922561851503S04156521WA0016400151
B1923001851503S04156521WA0016400151
B1923041851503S04156521WA0016400151
B1923081851503S04156521WA0016400151
B1923121851503S04156521WA0016400151
B1923161851503S04156521WA0016400150
B1923201851503S04156521WA0016400150
B1923241851503S04156521WA0016400150
B1923281851503S04156521WA0016300150
B1923321851503S04156521WA0016400149
B1923361851503S04156521WA0016400149
B1923401851503S04156521WA0016400149
B1923441851503S04156521WA0016400148
B1923481851503S04156521WA0016400148
B1923521851503S04156521WA0016400148
B1923561851503S04156521WA0016400148
B1924001851503S04156521WA0016400148
B1924041851503S04156521WA0016400147
B1924081851503S04156521WA0016400146
B1924121851503S04156521WA0016400146
B1924161851503S04156521WA0016400146
B1924201851503S04156521WA0016400146
B1924241851503S04156521WA0016400146
B1924281851503S04156521WA0016400145
B1924321851503S04156521WA0016400146
B1924361851503S04156521WA0016400146
B1924401851503S04156521WA0016400146
B1924441851504S04156521WA0016400146
B1924481851504S04156521WA0016400145
B1924521851504S04156521WA0016400146
B1924561851504S04156521WA0016400147
B1925001851504S04156521WA0016400147
B1925041851504S04156521WA0016400147
B1925081851504S04156521WA0016400147
B1925121851504S04156521WA0016400147
B1925161851504S04156521WA0016400146
B1925201851504S04156521WA0016400146
B1925241851504S04156521WA0016300146
B1925281851504S04156521WA0016400146
B1925321851504S04156521WA0016400147
B1925361851504S04156521WA0016300147
B1925401851504S04156521WA0016300147
B1925441851504S04156521WA0016400147
B1925481851504S04156521WA0016400147
B1925521851504S04156520WA0016300146
B1925561851504S04156520WA0016300146
B1926001851504S04156520WA0016300146
B1926041851504S04156520WA0016300146
B1926081851504S04156520WA0016300145
B1926121851504S04156521WA0016300145
B1926161851504S04156521WA0016300144
B1926201851504S04156521WA0016300144
B1926241851504S04156521WA0016300143
B1926281851504S04156521WA0016300144
B1926321851504S04156521WA0016300144
B1926361851504S04156521WA0016400144
B1926401851504S04156521WA0016300145
B1926441851504S04156521WA0016300144
B1926481851504S04156521WA0016300145
B1926521851504S04156520WA0016300146
B1926561851504S04156520WA0016300146
B1927001851504S04156521WA0016300145
B1927041851504S04156521WA0016300145
B1927081851504S04156521WA0016300145
B1927121851504S04156521WA0016300145
B1927161851504S04156521WA0016300145
B1927201851504S04156521WA0016400146
B1927241851504S04156521WA0016400146
B1927281851504S04156521WA0016400147
B1927321851503S04156521WA0016400147
B1927361851503S04156521WA0016400148
B1927401851503S04156521WA0016300148
B1927441851503S04156521WA0016400148
B1927481851503S04156521WA0016400148
B1927521851503S04156521WA0016300148
B1927561851503S04156521WA0016300148
B1928001851502S04156522WA0016300148
B1928041851502S04156522WA0016300148
B1928081851502S04156522WA0016300148
B1928121851502S04156522WA0016300149
B1928161851502S04156522WA0016300149
B1928201851503S04156522WA0016300149
B1928241851503S04156522WA0016300149
B1928281851503S04156522WA0016300149
B1928321851503S04156522WA0016300149
B1928361851503S04156522WA0016300150
B1928401851503S04156522WA0016300150
B1928441851503S04156522WA0016300150
B1928481851503S04156522WA0016300151
B1928521851503S04156522WA0016300151
B1928561851503S04156522WA0016300151
B1929001851503S04156522WA0016300151
B1929041851503S04156522WA0016300151
B1929081851503S04156522WA0016300151
B1929121851503S04156522WA0016300151
B1929161851503S04156522WA0016300152
B1929201851503S04156522WA0016300153
B1929241851503S04156522WA0016300153
B1929281851503S04156522WA0016300152
B1929321851503S04156522WA0016300152
B1929361851502S04156522WA0016300152
B1929401851502S04156522WA0016300152
B1929441851502S04156522WA0016300152
B1929481851502S04156522WA0016300152
B1929521851502S04156522WA0016300152
B1929561851502S04156522WA0016300152
B1930001851502S04156522WA0016300152
