AXFMSFP Flymaster Live, V1.0, S/N 367714
HFDTE260426
HFPLTPILOTINCHARGE:Emerson Miranda
B1305511853193S04154951WA0100801082
B1305551853192S04154950WA0100801082
B1305591853193S04154951WA0100801082
B1306031853194S04154952WA0100801082
B1306071853195S04154953WA0100801083
B1306111853195S04154953WA0100801083
B1306151853195S04154954WA0100801082
B1306191853195S04154954WA0100801082
B1306231853195S04154954WA0100801081
B1306271853195S04154954WA0100801081
B1306311853196S04154954WA0100801082
B1306351853196S04154954WA0100801081
B1306391853196S04154954WA0100801081
B1306431853196S04154954WA0100801081
B1306471853196S04154954WA0100801081
B1306511853196S04154954WA0100801083
B1306551853196S04154954WA0100801082
B1306591853196S04154954WA0100801082
B1307031853196S04154954WA0100801082
B1307071853196S04154954WA0100801083
B1307111853196S04154954WA0100801081
B1307151853195S04154954WA0100801080
B1307191853195S04154953WA0100801079
B1307231853195S04154953WA0100801078
B1307271853196S04154952WA0100801078
B1307311853196S04154952WA0100801079
B1307351853196S04154952WA0100801080
B1307391853196S04154953WA0100801080
B1307431853197S04154953WA0100801081
B1307471853197S04154953WA0100801082
B1307511853197S04154953WA0100801083
B1307551853197S04154952WA0100801082
B1307591853197S04154952WA0100801082
B1308031853197S04154952WA0100801082
B1308071853197S04154952WA0100801082
B1308111853197S04154952WA0100801082
B1308151853197S04154952WA0100801083
B1308191853197S04154952WA0100801083
B1308231853197S04154952WA0100801083
B1308271853197S04154952WA0100801083
B1308311853197S04154952WA0100801084
B1308351853197S04154952WA0100801084
B1308391853197S04154952WA0100801084
B1308431853197S04154952WA0100801084
B1308471853197S04154952WA0100801084
B1308511853197S04154952WA0100801085
B1308551853197S04154952WA0100801084
B1308591853197S04154952WA0100801084
B1309031853197S04154952WA0100801084
B1309071853197S04154952WA0100801084
B1309111853197S04154952WA0100801084
B1309151853197S04154952WA0100801085
B1309191853197S04154952WA0100801085
B1309231853197S04154952WA0100801085
B1309271853197S04154952WA0100801085
B1309311853197S04154952WA0100801085
B1309351853197S04154952WA0100801085
B1309391853197S04154952WA0100801086
B1309431853197S04154952WA0100801086
B1309471853197S04154952WA0100801086
B1309511853197S04154952WA0100801087
B1309551853197S04154952WA0100801087
B1309591853197S04154952WA0100801087
B1310031853197S04154952WA0100801087
B1310071853197S04154952WA0100801087
B1310111853197S04154952WA0100801087
B1310151853197S04154952WA0100801087
B1310191853197S04154952WA0100801087
B1310231853197S04154952WA0100801087
B1310271853197S04154952WA0100801086
B1310311853196S04154952WA0100801086
B1310351853196S04154952WA0100801086
B1310391853196S04154952WA0100801086
B1310431853195S04154953WA0100801084
B1310471853195S04154954WA0100801083
B1310511853196S04154954WA0100801082
B1310551853196S04154954WA0100801082
B1310591853196S04154954WA0100801082
B1311031853196S04154954WA0100801082
B1311071853196S04154954WA0100801082
B1311111853196S04154953WA0100801082
B1311151853196S04154953WA0100801082
B1311191853197S04154953WA0100801082
B1311231853197S04154952WA0100801082
B1311271853197S04154952WA0100801081
B1311311853197S04154952WA0100801082
B1311351853197S04154952WA0100801082
B1311391853197S04154953WA0100801081
B1311431853197S04154953WA0100801081
B1311471853197S04154953WA0100801080
B1311511853197S04154953WA0100801080
B1311551853197S04154953WA0100801079
B1311591853197S04154953WA0100801079
B1312031853197S04154953WA0100801080
B1312071853197S04154953WA0100801080
B1312111853197S04154952WA0100801080
B1312151853197S04154952WA0100801081
B1312191853197S04154952WA0100801081
B1312231853197S04154952WA0100801082
B1312271853197S04154952WA0100801082
B1312311853197S04154952WA0100801082
B1312351853197S04154952WA0100801082
B1312391853197S04154952WA0100801082
B1312431853197S04154952WA0100801082
B1312471853197S04154952WA0100801082
B1312511853197S04154952WA0100801082
B1312551853197S04154953WA0100801082
B1312591853197S04154952WA0100801083
B1313031853197S04154952WA0100801083
B1313071853197S04154952WA0100801083
B1313111853197S04154952WA0100801083
B1313151853197S04154952WA0100801083
B1313191853197S04154952WA0100801083
B1313231853197S04154952WA0100801083
B1313271853197S04154952WA0100801083
B1313311853197S04154952WA0100801083
B1313351853197S04154952WA0100801083
B1313391853197S04154953WA0100801084
B1313431853197S04154953WA0100801084
B1313471853197S04154953WA0100801084
B1313511853197S04154953WA0100801084
B1313551853197S04154954WA0100801085
B1313591853197S04154954WA0100801085
B1314031853197S04154954WA0100801085
B1314071853197S04154954WA0100801086
B1314111853197S04154954WA0100801086
B1314151853197S04154954WA0100801086
B1314191853197S04154954WA0100801086
B1314231853197S04154953WA0100801086
B1314271853197S04154953WA0100801085
B1314311853197S04154953WA0100801085
B1314351853197S04154953WA0100801085
B1314391853197S04154953WA0100801085
B1314431853197S04154953WA0100801085
B1314471853197S04154953WA0100801085
B1314511853197S04154953WA0100801086
B1314551853197S04154953WA0100801086
B1314591853197S04154953WA0100801087
B1315031853197S04154953WA0100801087
B1315071853197S04154953WA0100801087
B1315111853197S04154953WA0100801088
B1315151853197S04154953WA0100801088
B1315191853197S04154952WA0100801088
B1315231853197S04154951WA0100801088
B1315271853197S04154951WA0100801088
B1315311853197S04154952WA0100801087
B1315351853196S04154952WA0100801085
B1315391853196S04154951WA0100801084
B1315431853197S04154952WA0100801084
B1315471853197S04154952WA0100801084
B1315511853197S04154952WA0100801083
B1315551853197S04154952WA0100801083
B1315591853197S04154952WA0100801084
B1316031853197S04154953WA0100801083
B1316071853197S04154952WA0100801083
B1316111853197S04154952WA0100801083
B1316151853197S04154953WA0100801083
B1316191853197S04154953WA0100801082
B1316231853197S04154953WA0100801082
B1316271853197S04154953WA0100801082
B1316311853197S04154953WA0100801083
B1316351853197S04154952WA0100801083
B1316391853197S04154952WA0100801083
B1316431853197S04154952WA0100801084
B1316471853197S04154952WA0100801084
B1316511853197S04154952WA0100801084
B1316551853196S04154952WA0100801084
B1316591853196S04154952WA0100801085
B1317031853196S04154951WA0100801085
B1317071853196S04154951WA0100801085
B1317111853196S04154951WA0100801086
B1317151853196S04154951WA0100801086
B1317191853196S04154951WA0100801086
B1317231853196S04154951WA0100801087
B1317271853196S04154951WA0100801087
B1317311853196S04154951WA0100801087
B1317351853196S04154951WA0100801087
B1317391853196S04154951WA0100801087
B1317431853196S04154951WA0100801088
B1317471853196S04154951WA0100801087
B1317511853196S04154951WA0100801087
B1317551853196S04154951WA0100801087
B1317591853196S04154951WA0100801087
B1318031853196S04154951WA0100801087
B1318071853196S04154951WA0100801087
B1318111853196S04154951WA0100801087
B1318151853196S04154951WA0100801086
B1318191853196S04154951WA0100801087
B1318231853196S04154951WA0100801087
B1318271853196S04154951WA0100801087
B1318311853196S04154951WA0100801087
B1318351853196S04154951WA0100801087
B1318391853196S04154951WA0100801087
B1318431853196S04154951WA0100801087
B1318471853196S04154951WA0100801087
B1318511853195S04154951WA0100801087
B1318551853196S04154951WA0100801088
B1318591853195S04154951WA0100801088
B1319031853195S04154951WA0100801088
B1319071853195S04154951WA0100801088
B1319111853196S04154951WA0100801088
B1319151853196S04154951WA0100801088
B1319191853196S04154951WA0100801089
B1319231853196S04154951WA0100801089
B1319271853196S04154951WA0100801089
B1319311853196S04154951WA0100901089
B1319351853196S04154951WA0100901089
B1319391853196S04154952WA0100801089
B1319431853196S04154952WA0100801089
B1319471853196S04154952WA0100801089
B1319511853196S04154952WA0100801089
B1319551853196S04154952WA0100801089
B1319591853196S04154952WA0100801089
B1320031853196S04154952WA0100901089
B1320071853196S04154952WA0100801089
B1320111853196S04154952WA0100801089
B1320151853196S04154952WA0100901090
B1320191853196S04154952WA0100801090
B1320231853196S04154952WA0100801090
B1320271853196S04154952WA0100901090
B1320311853196S04154952WA0100901090
B1320351853196S04154952WA0100901090
B1320391853196S04154952WA0100901090
B1320431853196S04154951WA0100801090
B1320471853196S04154951WA0100901090
B1320511853196S04154951WA0100901089
B1320551853196S04154951WA0100901089
B1320591853196S04154952WA0100901089
B1321031853196S04154952WA0100901090
B1321071853196S04154952WA0100901090
B1321111853196S04154952WA0100901090
B1321151853196S04154952WA0100901090
B1321191853196S04154952WA0100801090
B1321231853196S04154952WA0100901090
B1321271853196S04154952WA0100901090
B1321311853196S04154952WA0100901090
B1321351853196S04154952WA0100901090
B1321391853196S04154952WA0100901090
B1321431853196S04154952WA0100901090
B1321471853196S04154952WA0100901090
B1321511853196S04154952WA0100901091
B1321551853196S04154952WA0100901091
B1321591853196S04154952WA0100801090
B1322031853196S04154951WA0100901090
B1322071853196S04154951WA0100901090
B1322111853196S04154951WA0100901089
B1322151853196S04154951WA0100901088
B1322191853196S04154951WA0100901088
B1322231853196S04154951WA0100901088
B1322271853196S04154951WA0100901088
B1322311853196S04154951WA0100901088
B1322351853196S04154951WA0100901087
B1322391853196S04154951WA0100901087
B1322431853196S04154951WA0100901087
B1322471853196S04154952WA0100901087
B1322511853196S04154952WA0100901087
B1322551853196S04154952WA0100901086
B1322591853196S04154952WA0100901085
B1323031853196S04154952WA0100901085
B1323071853196S04154952WA0100901085
B1323111853197S04154952WA0100901084
B1323151853197S04154952WA0100901085
B1323191853197S04154953WA0100901086
B1323231853197S04154953WA0100901085
B1323271853197S04154953WA0100901084
B1323311853196S04154952WA0100901083
B1323351853196S04154952WA0100901082
B1323391853196S04154952WA0100901082
B1323431853196S04154952WA0100901082
B1323471853196S04154951WA0100901082
B1323511853196S04154952WA0100901082
B1323551853196S04154951WA0100901083
B1323591853196S04154951WA0100901083
B1324031853196S04154951WA0100901083
B1324071853196S04154951WA0100901082
B1324111853196S04154951WA0100901083
B1324151853196S04154951WA0100901084
B1324191853197S04154951WA0100901084
B1324231853197S04154951WA0100901084
B1324271853197S04154951WA0100901084
B1324311853197S04154951WA0100901085
B1324351853197S04154952WA0100901085
B1324391853197S04154952WA0100901086
B1324431853197S04154952WA0100901087
B1324471853197S04154952WA0100901087
B1324511853197S04154952WA0100901087
B1324551853197S04154952WA0100901088
B1324591853197S04154952WA0100901088
B1325031853197S04154952WA0100901088
B1325071853197S04154952WA0100901088
B1325111853197S04154952WA0100901088
B1325151853197S04154952WA0100901088
B1325191853197S04154952WA0100901087
B1325231853197S04154951WA0100901087
B1325271853197S04154951WA0100901087
B1325311853197S04154951WA0100901086
B1325351853197S04154951WA0100901086
B1325391853197S04154951WA0100901086
B1325431853197S04154952WA0100901086
B1325471853197S04154952WA0100901086
B1325511853197S04154952WA0100901086
B1325551853197S04154952WA0100901086
B1325591853197S04154952WA0100901086
B1326031853197S04154952WA0100901086
B1326071853196S04154951WA0100901086
B1326111853196S04154951WA0100901086
B1326151853196S04154951WA0100901086
B1326191853196S04154951WA0100901087
B1326231853196S04154951WA0100901087
B1326271853196S04154951WA0100901087
B1326311853196S04154951WA0100901087
B1326351853196S04154951WA0100901087
B1326391853196S04154951WA0100901087
B1326431853196S04154951WA0100901087
B1326471853196S04154951WA0100901087
B1326511853196S04154951WA0100901086
B1326551853196S04154951WA0100901085
B1326591853196S04154951WA0100901085
B1327031853196S04154951WA0100901085
B1327071853196S04154952WA0100901085
B1327111853196S04154952WA0100901085
B1327151853196S04154952WA0100901085
B1327191853196S04154952WA0100901085
B1327231853196S04154952WA0100901085
B1327271853196S04154952WA0100901086
B1327311853196S04154952WA0100901085
B1327351853196S04154952WA0100901085
B1327391853196S04154952WA0101001085
B1327431853196S04154952WA0101001085
B1327471853197S04154952WA0101001085
B1327511853197S04154952WA0100901085
B1327551853197S04154952WA0100901085
B1327591853197S04154952WA0100901085
B1328031853197S04154952WA0100901085
B1328071853197S04154952WA0100901085
B1328111853197S04154952WA0101001085
B1328151853197S04154952WA0100901085
B1328191853197S04154952WA0100901086
B1328231853197S04154952WA0100901086
B1328271853197S04154952WA0100901086
B1328311853197S04154952WA0100901086
B1328351853197S04154952WA0101001086
B1328391853197S04154952WA0100901086
B1328431853197S04154952WA0101001086
B1328471853197S04154953WA0101001086
B1328511853197S04154953WA0101001086
B1328551853198S04154953WA0101001086
B1328591853198S04154953WA0101001086
B1329031853198S04154953WA0101001086
B1329071853198S04154954WA0100901086
B1329111853198S04154953WA0100901086
B1329151853198S04154953WA0100901085
B1329191853198S04154953WA0101001086
B1329231853198S04154953WA0101001087
B1329271853198S04154953WA0100901087
B1329311853198S04154952WA0100901088
B1329351853197S04154952WA0101001088
B1329391853197S04154953WA0101001088
B1329431853197S04154952WA0100901088
B1329471853197S04154953WA0101001088
B1329511853197S04154953WA0101001088
B1329551853197S04154953WA0101001088
B1329591853197S04154953WA0101001088
B1330031853197S04154953WA0101001088
B1330071853197S04154953WA0101001088
B1330111853197S04154953WA0101001089
B1330151853197S04154953WA0101001089
B1330191853197S04154953WA0101001089
B1330231853197S04154953WA0101001089
B1330271853197S04154953WA0101001090
B1330311853197S04154953WA0101001090
B1330351853197S04154953WA0101001089
B1330391853197S04154953WA0101001089
B1330431853197S04154953WA0101001089
B1330471853197S04154953WA0101001090
B1330511853197S04154953WA0101001090
B1330551853197S04154953WA0101001089
B1330591853197S04154953WA0101001089
B1331031853197S04154953WA0101001090
B1331071853197S04154953WA0101001090
B1331111853197S04154952WA0101001090
B1331151853197S04154952WA0101001090
B1331191853197S04154952WA0101001090
B1331231853197S04154952WA0101001090
B1331271853197S04154952WA0101001090
B1331311853197S04154952WA0101001091
B1331351853197S04154952WA0101001091
B1331391853197S04154952WA0101001091
B1331431853197S04154952WA0101001091
B1331471853197S04154952WA0101001091
B1331511853197S04154952WA0101001092
B1331551853197S04154952WA0101001092
B1331591853197S04154952WA0101001092
B1332031853196S04154952WA0101001092
B1332071853196S04154952WA0101001091
B1332111853196S04154952WA0101001091
B1332151853196S04154952WA0101001091
B1332191853196S04154952WA0101001091
B1332231853196S04154952WA0101001091
B1332271853196S04154953WA0101001091
B1332311853196S04154953WA0101001091
B1332351853196S04154953WA0101001092
B1332391853196S04154953WA0101001092
B1332431853196S04154953WA0101001092
B1332471853196S04154952WA0101001092
B1332511853196S04154952WA0101001092
B1332551853196S04154952WA0101001092
B1332591853196S04154952WA0101001092
B1333031853196S04154952WA0101001092
B1333071853196S04154952WA0101001092
B1333111853196S04154952WA0101001091
B1333151853196S04154951WA0101001091
B1333191853196S04154951WA0101001091
B1333231853196S04154951WA0101001091
B1333271853196S04154952WA0101001092
B1333311853196S04154952WA0101001092
B1333351853196S04154952WA0101001092
B1333391853196S04154952WA0101001092
B1333431853196S04154952WA0101001092
B1333471853196S04154952WA0101001092
B1333511853196S04154953WA0101001092
B1333551853196S04154953WA0101001091
B1333591853197S04154953WA0101001092
B1334031853196S04154953WA0101001092
B1334071853196S04154953WA0101101092
B1334111853196S04154953WA0101101092
B1334151853196S04154953WA0101001092
B1334191853196S04154954WA0101001090
B1334231853197S04154954WA0101001090
B1334271853196S04154955WA0101001090
B1334311853195S04154955WA0101101090
B1334351853194S04154956WA0101101091
B1334391853194S04154956WA0101101091
B1334431853195S04154956WA0101101091
B1334471853195S04154956WA0101101092
B1334511853195S04154956WA0101101094
B1334551853195S04154957WA0101101095
B1334591853194S04154957WA0101101094
B1335031853194S04154957WA0101201093
B1335071853194S04154957WA0101101094
B1335111853194S04154957WA0101101092
B1335151853194S04154957WA0101101091
B1335191853194S04154957WA0101101090
B1335231853194S04154957WA0101101090
B1335271853194S04154956WA0101101090
B1335311853194S04154956WA0101101089
B1335351853194S04154957WA0101101088
B1335391853195S04154957WA0101101088
B1335431853195S04154957WA0101101088
B1335471853195S04154957WA0101101087
B1335511853196S04154957WA0101101086
B1335551853195S04154957WA0101101087
B1335591853195S04154956WA0101101087
B1336031853195S04154957WA0101201087
B1336071853196S04154957WA0101201088
B1336111853195S04154956WA0101201086
B1336151853195S04154955WA0101201086
B1336191853195S04154955WA0101201086
B1336231853195S04154956WA0101201087
B1336271853195S04154955WA0101101087
B1336311853195S04154956WA0101101088
B1336351853195S04154956WA0101101088
B1336391853196S04154957WA0101101089
B1336431853196S04154957WA0101101090
B1336471853195S04154956WA0101101091
B1336511853195S04154956WA0101201092
B1336551853195S04154955WA0101201093
B1336591853195S04154955WA0101201095
B1337031853195S04154955WA0101201097
B1337071853195S04154956WA0101201098
B1337111853195S04154956WA0101201099
B1337151853194S04154956WA0101201100
B1337191853195S04154956WA0101201100
B1337231853194S04154956WA0101201102
B1337271853194S04154956WA0101201102
B1337311853194S04154957WA0101201102
B1337351853194S04154956WA0101201102
B1337391853195S04154956WA0101201099
B1337431853195S04154957WA0101201098
B1337471853195S04154957WA0101201096
B1337511853195S04154957WA0101201095
B1337551853195S04154957WA0101201093
B1337591853195S04154957WA0101201091
B1338031853194S04154957WA0101201089
B1338071853194S04154955WA0101201088
B1338111853193S04154954WA0101201087
B1338151853193S04154954WA0101201087
B1338191853193S04154953WA0101201087
B1338231853192S04154954WA0101201086
B1338271853192S04154953WA0101201085
B1338311853192S04154954WA0101201085
B1338351853192S04154954WA0101201085
B1338391853192S04154953WA0101201085
B1338431853192S04154953WA0101201086
B1338471853192S04154954WA0101201085
B1338511853192S04154954WA0101201087
B1338551853191S04154953WA0101201086
B1338591853191S04154953WA0101201088
B1339031853191S04154954WA0101201086
B1339071853191S04154954WA0101201086
B1339111853191S04154954WA0101201086
B1339151853192S04154955WA0101201085
B1339191853192S04154955WA0101201083
B1339231853192S04154954WA0101201082
B1339271853192S04154955WA0101201080
B1339311853192S04154955WA0101201080
B1339351853192S04154955WA0101201083
B1339391853192S04154956WA0101201083
B1339431853192S04154956WA0101201085
B1339471853192S04154956WA0101201086
B1339511853192S04154957WA0101201086
B1339551853193S04154957WA0101201085
B1339591853193S04154959WA0101201087
B1340031853193S04154958WA0101201088
B1340071853193S04154958WA0101201087
B1340111853193S04154957WA0101201083
B1340151853193S04154958WA0101201082
B1340191853193S04154958WA0101201082
B1340231853192S04154958WA0101201083
B1340271853192S04154958WA0101201083
B1340311853192S04154958WA0101201083
B1340351853192S04154958WA0101201083
B1340391853192S04154957WA0101201084
B1340431853192S04154957WA0101201085
B1340471853192S04154956WA0101201085
B1340511853192S04154956WA0101201084
B1340551853192S04154956WA0101201085
B1340591853191S04154956WA0101201085
B1341031853191S04154956WA0101201086
B1341071853191S04154956WA0101201087
B1341111853191S04154956WA0101201088
B1341151853191S04154956WA0101201088
B1341191853191S04154956WA0101201088
B1341231853191S04154957WA0101201089
B1341271853191S04154957WA0101201089
B1341311853192S04154957WA0101201089
B1341351853192S04154958WA0101201088
B1341391853193S04154959WA0101201088
B1341431853193S04154959WA0101201087
B1341471853194S04154959WA0101201086
B1341511853194S04154959WA0101201085
B1341551853194S04154958WA0101201083
B1341591853194S04154958WA0101201084
B1342031853194S04154959WA0101201084
B1342071853194S04154959WA0101301085
B1342111853194S04154959WA0101301085
B1342151853194S04154959WA0101201085
B1342191853193S04154959WA0101301086
B1342231853193S04154959WA0101201086
B1342271853193S04154959WA0101201089
B1342311853192S04154960WA0101301090
B1342351853193S04154960WA0101301092
B1342391853193S04154960WA0101301093
B1342431853193S04154960WA0101301092
B1342471853193S04154959WA0101301094
B1342511853193S04154959WA0101301094
B1342551853193S04154959WA0101301093
B1342591853193S04154958WA0101201093
B1343031853193S04154959WA0101301093
B1343071853193S04154959WA0101301094
B1343111853194S04154959WA0101301094
B1343151853194S04154959WA0101301093
B1343191853194S04154959WA0101301091
B1343231853194S04154959WA0101301090
B1343271853195S04154959WA0101301090
B1343311853195S04154959WA0101301089
B1343351853195S04154960WA0101301088
B1343391853195S04154960WA0101301088
B1343431853195S04154960WA0101301088
B1343471853195S04154960WA0101301088
B1343511853195S04154960WA0101301088
B1343551853195S04154960WA0101301088
B1343591853195S04154960WA0101301088
B1344031853195S04154960WA0101301087
B1344071853194S04154959WA0101301086
B1344111853194S04154959WA0101301086
B1344151853194S04154959WA0101301087
B1344191853193S04154959WA0101301088
B1344231853193S04154959WA0101301086
B1344271853193S04154958WA0101301085
B1344311853193S04154958WA0101301084
B1344351853193S04154958WA0101301083
B1344391853193S04154958WA0101301082
B1344431853193S04154958WA0101301082
B1344471853192S04154958WA0101301082
B1344511853192S04154958WA0101301083
B1344551853192S04154958WA0101301084
B1344591853192S04154958WA0101301085
B1345031853192S04154958WA0101301086
B1345071853192S04154958WA0101301086
B1345111853193S04154959WA0101301085
B1345151853193S04154959WA0101301086
B1345191853193S04154959WA0101301087
B1345231853193S04154959WA0101301090
B1345271853193S04154959WA0101301092
B1345311853193S04154959WA0101301094
B1345351853192S04154959WA0101301096
B1345391853192S04154959WA0101301097
B1345431853192S04154958WA0101301095
B1345471853192S04154958WA0101301097
B1345511853192S04154958WA0101301098
B1345551853192S04154958WA0101301097
B1345591853192S04154958WA0101301097
B1346031853191S04154958WA0101301096
B1346071853191S04154958WA0101301096
B1346111853192S04154958WA0101301097
B1346151853192S04154959WA0101301096
B1346191853192S04154959WA0101301095
B1346231853192S04154959WA0101301095
B1346271853192S04154959WA0101301094
B1346311853192S04154958WA0101301094
B1346351853192S04154959WA0101301094
B1346391853192S04154959WA0101301093
B1346431853192S04154959WA0101301093
B1346471853192S04154959WA0101301093
B1346511853193S04154959WA0101301094
B1346551853193S04154959WA0101301093
B1346591853193S04154959WA0101301095
B1347031853193S04154959WA0101301093
B1347071853193S04154960WA0101301094
B1347111853193S04154959WA0101401094
B1347151853193S04154957WA0101401092
B1347191853192S04154957WA0101301094
B1347231853193S04154957WA0101301094
B1347271853193S04154958WA0101301093
B1347311853193S04154958WA0101301093
B1347351853193S04154957WA0101301092
B1347391853193S04154958WA0101301092
B1347431853194S04154957WA0101301090
B1347471853195S04154957WA0101301089
B1347511853194S04154956WA0101301088
B1347551853194S04154957WA0101301086
B1347591853194S04154957WA0101301085
B1348031853195S04154957WA0101301084
B1348071853195S04154957WA0101301085
B1348111853194S04154957WA0101301082
B1348151853194S04154958WA0101301082
B1348191853195S04154957WA0101301084
B1348231853195S04154957WA0101301087
B1348271853195S04154956WA0101301092
B1348311853195S04154955WA0101301093
B1348351853195S04154955WA0101301093
B1348391853194S04154956WA0101301091
B1348431853194S04154956WA0101301089
B1348471853194S04154957WA0101301088
B1348511853193S04154957WA0101301086
B1348551853193S04154957WA0101301087
B1348591853194S04154957WA0101301087
B1349031853194S04154956WA0101301090
B1349071853194S04154957WA0101301090
B1349111853193S04154957WA0101301090
B1349151853193S04154957WA0101301090
B1349191853193S04154956WA0101301091
B1349231853193S04154957WA0101301090
B1349271853193S04154957WA0101301088
B1349311853193S04154957WA0101301090
B1349351853193S04154958WA0101301090
B1349391853192S04154959WA0101301089
B1349431853191S04154959WA0101301086
B1349471853191S04154959WA0101301085
B1349511853193S04154957WA0101301088
B1349551853194S04154956WA0101301092
B1349591853196S04154954WA0101301095
B1350031853197S04154955WA0101301096
B1350071853197S04154955WA0101301097
B1350111853195S04154956WA0101401093
B1350151853195S04154956WA0101401094
B1350191853194S04154955WA0101401094
B1350231853193S04154956WA0101401096
B1350271853193S04154956WA0101401095
B1350311853192S04154957WA0101401097
B1350351853191S04154958WA0101401097
B1350391853191S04154958WA0101401100
B1350431853191S04154959WA0101401101
B1350471853191S04154959WA0101401103
B1350511853190S04154959WA0101301103
B1350551853190S04154960WA0101401104
B1350591853190S04154960WA0101401103
B1351031853190S04154959WA0101401104
B1351071853190S04154959WA0101401106
B1351111853189S04154960WA0101301104
B1351151853188S04154961WA0101401103
B1351191853188S04154961WA0101301103
B1351231853189S04154961WA0101401102
B1351271853190S04154960WA0101401104
B1351311853190S04154959WA0101401105
B1351351853190S04154958WA0101401107
B1351391853191S04154957WA0101401108
B1351431853191S04154957WA0101401109
B1351471853191S04154957WA0101401109
B1351511853191S04154957WA0101401108
B1351551853191S04154957WA0101401107
B1351591853192S04154956WA0101401106
B1352031853193S04154955WA0101401106
B1352071853193S04154955WA0101401107
B1352111853193S04154955WA0101401107
B1352151853194S04154954WA0101401106
B1352191853194S04154955WA0101401107
B1352231853194S04154954WA0101401107
B1352271853193S04154955WA0101401106
B1352311853194S04154955WA0101401106
B1352351853193S04154955WA0101401105
B1352391853193S04154956WA0101401105
B1352431853194S04154955WA0101401105
B1352471853193S04154955WA0101401105
B1352511853193S04154955WA0101401105
B1352551853192S04154954WA0101401105
B1352591853193S04154954WA0101401105
B1353031853193S04154954WA0101401105
B1353071853194S04154952WA0101401106
B1353111853195S04154953WA0101401108
B1353151853195S04154952WA0101401109
B1353191853195S04154953WA0101401110
B1353231853194S04154953WA0101401112
B1353271853195S04154952WA0101401113
B1353311853195S04154951WA0101401113
B1353351853196S04154950WA0101401115
B1353391853196S04154950WA0101401115
B1353431853196S04154950WA0101401116
B1353471853196S04154950WA0101401116
B1353511853196S04154950WA0101401116
B1353551853196S04154950WA0101401115
B1353591853196S04154950WA0101401115
B1354031853196S04154951WA0101401113
B1354071853196S04154952WA0101401112
B1354111853196S04154952WA0101401111
B1354151853196S04154953WA0101401110
B1354191853196S04154954WA0101401108
B1354231853195S04154953WA0101401108
B1354271853195S04154953WA0101401107
B1354311853195S04154953WA0101401107
B1354351853195S04154953WA0101401105
B1354391853195S04154954WA0101401103
B1354431853194S04154954WA0101401101
B1354471853194S04154953WA0101401100
B1354511853194S04154953WA0101401099
B1354551853194S04154954WA0101401098
B1354591853194S04154954WA0101401097
B1355031853194S04154954WA0101501095
B1355071853194S04154955WA0101501094
B1355111853194S04154955WA0101501093
B1355151853194S04154955WA0101401092
B1355191853195S04154955WA0101501094
B1355231853195S04154955WA0101501094
B1355271853195S04154954WA0101501094
B1355311853195S04154954WA0101501094
B1355351853195S04154954WA0101501094
B1355391853195S04154954WA0101501093
B1355431853195S04154954WA0101501093
B1355471853195S04154955WA0101501093
B1355511853195S04154955WA0101501094
B1355551853195S04154955WA0101501094
B1355591853195S04154954WA0101501094
B1356031853195S04154955WA0101501095
B1356071853195S04154954WA0101501095
B1356111853195S04154954WA0101501096
B1356151853194S04154955WA0101501096
B1356191853194S04154955WA0101501095
B1356231853193S04154955WA0101501094
B1356271853191S04154954WA0101501093
B1356311853191S04154954WA0101501092
B1356351853191S04154955WA0101501091
B1356391853191S04154955WA0101401090
B1356431853192S04154956WA0101501089
B1356471853192S04154955WA0101501088
B1356511853192S04154956WA0101501086
B1356551853192S04154956WA0101501084
B1356591853192S04154956WA0101501084
B1357031853192S04154956WA0101501082
B1357071853192S04154956WA0101501082
B1357111853192S04154956WA0101501081
B1357151853192S04154956WA0101501080
B1357191853192S04154956WA0101501079
B1357231853192S04154956WA0101501079
B1357271853192S04154957WA0101501077
B1357311853192S04154957WA0101501077
B1357351853193S04154957WA0101501078
B1357391853194S04154957WA0101501079
B1357431853194S04154957WA0101501080
B1357471853194S04154957WA0101501082
B1357511853193S04154957WA0101501081
B1357551853192S04154957WA0101501081
B1357591853193S04154957WA0101501081
B1358031853193S04154957WA0101501080
B1358071853193S04154956WA0101501080
B1358111853193S04154956WA0101501081
B1358151853193S04154955WA0101501081
B1358191853193S04154955WA0101501082
B1358231853193S04154956WA0101501083
B1358271853194S04154956WA0101501083
B1358311853194S04154956WA0101501083
B1358351853194S04154956WA0101501083
B1358391853194S04154956WA0101501083
B1358431853194S04154956WA0101501083
B1358471853195S04154955WA0101501084
B1358511853195S04154955WA0101501083
B1358551853194S04154956WA0101501083
B1358591853194S04154955WA0101501083
B1359031853193S04154956WA0101501084
B1359071853193S04154956WA0101501084
B1359111853193S04154957WA0101501083
B1359151853193S04154956WA0101501083
B1359191853194S04154956WA0101501084
B1359231853194S04154956WA0101501084
B1359271853194S04154956WA0101501084
B1359311853194S04154956WA0101501082
B1359351853194S04154956WA0101501079
B1359391853195S04154955WA0101501078
B1359431853196S04154954WA0101501077
B1359471853195S04154954WA0101501073
B1359511853195S04154955WA0101501075
B1359551853194S04154955WA0101501075
B1359591853193S04154955WA0101501074
B1400031853193S04154956WA0101501073
B1400071853193S04154956WA0101501073
B1400111853193S04154957WA0101501071
B1400151853194S04154957WA0101501071
B1400191853195S04154957WA0101501072
B1400231853195S04154957WA0101501073
B1400271853195S04154958WA0101501074
B1400311853195S04154957WA0101501074
B1400351853196S04154957WA0101501076
B1400391853195S04154957WA0101501075
B1400431853195S04154957WA0101501075
B1400471853195S04154957WA0101601074
B1400511853195S04154957WA0101501074
B1400551853195S04154958WA0101501073
B1400591853194S04154959WA0101601074
B1401031853194S04154958WA0101601076
B1401071853194S04154958WA0101501077
B1401111853194S04154959WA0101501078
B1401151853192S04154960WA0101601078
B1401191853190S04154960WA0101601079
B1401231853188S04154960WA0101601079
B1401271853187S04154960WA0101601078
B1401311853187S04154961WA0101601077
B1401351853187S04154961WA0101601075
B1401391853187S04154960WA0101601073
B1401431853188S04154959WA0101601071
B1401471853188S04154958WA0101601069
B1401511853187S04154958WA0101601067
B1401551853188S04154959WA0101601066
B1401591853188S04154958WA0101601065
B1402031853188S04154959WA0101601065
B1402071853187S04154959WA0101601067
B1402111853187S04154959WA0101601068
B1402151853187S04154959WA0101601070
B1402191853187S04154959WA0101601069
B1402231853187S04154959WA0101601068
B1402271853187S04154960WA0101601067
B1402311853187S04154960WA0101601065
B1402351853187S04154960WA0101601063
B1402391853187S04154960WA0101601063
B1402431853188S04154960WA0101601064
B1402471853189S04154960WA0101601065
B1402511853189S04154959WA0101601066
B1402551853190S04154959WA0101601068
B1402591853191S04154960WA0101601070
B1403031853191S04154959WA0101601071
B1403071853192S04154958WA0101601072
B1403111853193S04154957WA0101601073
B1403151853194S04154957WA0101601075
B1403191853194S04154957WA0101601075
B1403231853194S04154957WA0101601076
B1403271853194S04154956WA0101601076
B1403311853194S04154956WA0101601076
B1403351853193S04154956WA0101601076
B1403391853194S04154955WA0101601077
B1403431853194S04154955WA0101601077
B1403471853194S04154955WA0101701077
B1403511853194S04154955WA0101601076
B1403551853195S04154954WA0101601075
B1403591853195S04154953WA0101601073
B1404031853195S04154954WA0101601073
B1404071853195S04154955WA0101601073
B1404111853195S04154955WA0101601073
B1404151853194S04154955WA0101601074
B1404191853195S04154954WA0101601075
B1404231853196S04154953WA0101601076
B1404271853196S04154953WA0101601077
B1404311853196S04154953WA0101601077
B1404351853195S04154954WA0101601077
B1404391853195S04154954WA0101601077
B1404431853195S04154954WA0101701077
B1404471853195S04154954WA0101701077
B1404511853195S04154954WA0101701078
B1404551853195S04154954WA0101701080
B1404591853196S04154954WA0101701083
B1405031853196S04154955WA0101701084
B1405071853197S04154955WA0101701085
B1405111853197S04154956WA0101701085
B1405151853197S04154956WA0101701086
B1405191853197S04154956WA0101701087
B1405231853197S04154956WA0101701088
B1405271853197S04154956WA0101701087
B1405311853198S04154956WA0101601086
B1405351853199S04154956WA0101601085
B1405391853199S04154955WA0101601085
B1405431853200S04154954WA0101501085
B1405471853201S04154954WA0101501084
B1405511853201S04154954WA0101501083
B1405551853201S04154953WA0101501081
B1405591853201S04154952WA0101501080
B1406031853202S04154951WA0101501080
B1406071853202S04154951WA0101501080
B1406111853203S04154951WA0101501081
B1406151853203S04154952WA0101401084
B1406191853201S04154952WA0101401087
B1406231853200S04154953WA0101401092
B1406271853200S04154952WA0101401097
B1406311853202S04154953WA0101401100
B1406351853203S04154956WA0101401105
B1406391853203S04154954WA0101401109
B1406431853202S04154952WA0101401112
B1406471853201S04154950WA0101401116
B1406511853200S04154950WA0101401119
B1406551853200S04154950WA0101401121
B1406591853200S04154948WA0101501115
B1407031853201S04154948WA0101501108
B1407071853200S04154947WA0101501101
B1407111853200S04154946WA0101501099
B1407151853200S04154947WA0101501096
B1407191853200S04154947WA0101601096
B1407231853200S04154947WA0101601097
B1407271853200S04154946WA0101601096
B1407311853200S04154944WA0101601094
B1407351853199S04154944WA0101601094
B1407391853197S04154942WA0101701093
B1407431853194S04154943WA0101701092
B1407471853194S04154945WA0101701093
B1407511853193S04154947WA0101701092
B1407551853193S04154948WA0101701092
B1407591853192S04154950WA0101801093
B1408031853191S04154951WA0101801093
B1408071853192S04154952WA0101801092
B1408111853192S04154953WA0101801091
B1408151853192S04154953WA0101801090
B1408191853191S04154955WA0101901091
B1408231853190S04154957WA0101801092
B1408271853190S04154960WA0101901092
B1408311853190S04154961WA0101901091
B1408351853191S04154963WA0101901092
B1408391853190S04154966WA0101901092
B1408431853190S04154969WA0101801091
B1408471853188S04154970WA0101801093
B1408511853188S04154969WA0101901093
B1408551853188S04154968WA0101801093
B1408591853184S04154968WA0101801093
B1409031853179S04154968WA0101801092
B1409071853173S04154966WA0101801092
B1409111853171S04154960WA0101801089
B1409151853170S04154951WA0101801086
B1409191853169S04154945WA0101901078
B1409231853169S04154941WA0101901069
B1409271853169S04154936WA0101901069
B1409311853167S04154929WA0101901069
B1409351853167S04154927WA0101901065
B1409391853171S04154934WA0101901061
B1409431853172S04154939WA0101901078
B1409471853175S04154942WA0101901085
B1409511853177S04154946WA0101901078
B1409551853181S04154947WA0101901078
B1409591853183S04154948WA0101901079
B1410031853182S04154950WA0101901079
B1410071853183S04154950WA0101901078
B1410111853181S04154952WA0101901076
B1410151853181S04154955WA0101901074
B1410191853182S04154954WA0101901071
B1410231853185S04154955WA0101901072
B1410271853187S04154956WA0101901079
B1410311853187S04154956WA0101901080
B1410351853187S04154955WA0101901082
B1410391853188S04154954WA0101901083
B1410431853188S04154953WA0101901084
B1410471853188S04154951WA0101901085
B1410511853188S04154949WA0101901086
B1410551853188S04154948WA0101901085
B1410591853188S04154946WA0101801085
B1411031853190S04154945WA0101801085
B1411071853190S04154943WA0101801086
B1411111853191S04154942WA0101701086
B1411151853192S04154941WA0101701086
B1411191853192S04154940WA0101701085
B1411231853193S04154939WA0101701086
B1411271853192S04154937WA0101601087
B1411311853192S04154936WA0101501087
B1411351853192S04154934WA0101501086
B1411391853192S04154933WA0101401087
B1411431853192S04154930WA0101301087
B1411471853192S04154927WA0101301088
B1411511853192S04154925WA0101301089
B1411551853192S04154922WA0101301089
B1411591853192S04154919WA0101301090
B1412031853192S04154917WA0101301092
B1412071853193S04154914WA0101201091
B1412111853193S04154912WA0101301092
B1412151853194S04154909WA0101201094
B1412191853194S04154906WA0101201093
B1412231853194S04154905WA0101201086
B1412271853194S04154902WA0101201088
B1412311853194S04154899WA0101201090
B1412351853195S04154898WA0101201087
B1412391853195S04154896WA0101101086
B1412431853195S04154892WA0101101085
B1412471853196S04154890WA0101101086
B1412511853195S04154887WA0101101085
B1412551853195S04154889WA0101101086
B1412591853194S04154889WA0101101083
B1413031853194S04154888WA0101101083
B1413071853193S04154887WA0101001083
B1413111853193S04154887WA0101001082
B1413151853192S04154886WA0101001082
B1413191853192S04154886WA0101101081
B1413231853192S04154887WA0101101082
B1413271853192S04154887WA0101101083
B1413311853190S04154887WA0101101088
B1413351853190S04154886WA0101101090
B1413391853190S04154886WA0101101090
B1413431853190S04154885WA0101101092
B1413471853190S04154885WA0101101090
B1413511853190S04154884WA0101001086
B1413551853190S04154884WA0101001085
B1413591853190S04154884WA0101001084
B1414031853190S04154883WA0101001083
B1414071853190S04154883WA0101001082
B1414111853190S04154883WA0101001082
B1414151853190S04154884WA0101001081
B1414191853191S04154884WA0101001080
B1414231853191S04154884WA0101001079
B1414271853191S04154884WA0101001079
B1414311853191S04154884WA0101001079
B1414351853192S04154884WA0101001079
B1414391853192S04154884WA0101001079
B1414431853192S04154884WA0101001078
B1414471853192S04154884WA0101001079
B1414511853192S04154884WA0101001079
B1414551853191S04154885WA0101001080
B1414591853191S04154885WA0101001079
B1415031853191S04154885WA0101001079
B1415071853191S04154886WA0101001078
B1415111853191S04154886WA0101001078
B1415151853191S04154886WA0101001077
B1415191853191S04154886WA0101001076
B1415231853191S04154887WA0101001076
B1415271853191S04154887WA0101001075
B1415311853191S04154887WA0101001074
B1415351853191S04154888WA0101001074
B1415391853191S04154887WA0101001074
B1415431853191S04154887WA0101001074
B1415471853192S04154887WA0101001074
B1415511853192S04154887WA0101001073
B1415551853192S04154887WA0101001073
B1415591853192S04154887WA0101001074
B1416031853192S04154887WA0101101074
B1416071853192S04154887WA0101101074
B1416111853193S04154887WA0101101076
B1416151853193S04154886WA0101101076
B1416191853193S04154886WA0101101076
B1416231853193S04154886WA0101001077
B1416271853193S04154886WA0101001076
B1416311853193S04154886WA0101001075
B1416351853193S04154886WA0101001074
B1416391853193S04154886WA0101001074
B1416431853193S04154886WA0101001075
B1416471853193S04154886WA0101001075
B1416511853193S04154886WA0101001076
B1416551853193S04154886WA0101001075
B1416591853193S04154886WA0101001075
B1417031853193S04154887WA0101001075
B1417071853193S04154887WA0101001075
B1417111853193S04154886WA0101001075
B1417151853193S04154887WA0101001075
B1417191853193S04154887WA0101001074
B1417231853193S04154887WA0101001074
B1417271853193S04154887WA0101001073
B1417311853193S04154887WA0101001073
B1417351853193S04154887WA0101001072
B1417391853193S04154887WA0101001072
B1417431853193S04154887WA0101001072
B1417471853193S04154887WA0101001073
B1417511853193S04154887WA0101001073
B1417551853193S04154887WA0101001073
B1417591853193S04154887WA0101001073
B1418031853193S04154886WA0101001074
B1418071853193S04154886WA0101001074
B1418111853193S04154886WA0101001075
B1418151853193S04154886WA0101001076
B1418191853193S04154886WA0101001076
B1418231853193S04154886WA0101001077
B1418271853194S04154886WA0101001077
B1418311853194S04154886WA0101001077
B1418351853194S04154886WA0101001077
B1418391853194S04154886WA0101001078
B1418431853194S04154886WA0101001078
B1418471853194S04154886WA0101101078
B1418511853194S04154886WA0101001077
B1418551853194S04154886WA0101001077
B1418591853194S04154886WA0101001077
B1419031853194S04154886WA0101001078
B1419071853194S04154886WA0101001079
B1419111853194S04154886WA0101001080
B1419151853194S04154885WA0101001080
B1419191853194S04154885WA0101001080
B1419231853194S04154885WA0101001080
B1419271853194S04154885WA0101001079
B1419311853194S04154885WA0101001079
B1419351853194S04154885WA0101001080
B1419391853194S04154885WA0101001080
B1419431853194S04154885WA0101001079
B1419471853194S04154885WA0101001079
B1419511853193S04154885WA0101001079
B1419551853193S04154885WA0101101079
B1419591853194S04154885WA0101001079
B1420031853194S04154885WA0101101078
B1420071853194S04154885WA0101101078
B1420111853194S04154885WA0101101078
B1420151853193S04154885WA0101101079
B1420191853193S04154885WA0101001079
B1420231853193S04154885WA0101101080
B1420271853193S04154885WA0101101081
B1420311853193S04154886WA0101101082
B1420351853192S04154886WA0101101083
B1420391853192S04154886WA0101101084
B1420431853193S04154886WA0101101083
B1420471853193S04154886WA0101101083
B1420511853193S04154886WA0101101083
B1420551853193S04154886WA0101101083
B1420591853193S04154886WA0101101082
B1421031853193S04154886WA0101101083
B1421071853193S04154886WA0101101083
B1421111853193S04154886WA0101101084
B1421151853193S04154886WA0101101083
B1421191853193S04154886WA0101101083
B1421231853193S04154886WA0101101082
B1421271853193S04154886WA0101101081
B1421311853193S04154886WA0101101080
B1421351853193S04154885WA0101101079
B1421391853193S04154885WA0101101079
B1421431853193S04154885WA0101101078
B1421471853193S04154885WA0101101078
B1421511853193S04154885WA0101101078
B1421551853193S04154885WA0101101078
B1421591853193S04154885WA0101101078
B1422031853193S04154885WA0101101079
B1422071853193S04154885WA0101101079
B1422111853193S04154885WA0101101079
B1422151853193S04154885WA0101101079
B1422191853192S04154885WA0101101079
B1422231853192S04154885WA0101101079
B1422271853192S04154885WA0101101080
B1422311853192S04154886WA0101101080
B1422351853192S04154886WA0101101081
B1422391853192S04154886WA0101101081
B1422431853192S04154886WA0101101081
B1422471853192S04154886WA0101101081
B1422511853192S04154886WA0101201081
B1422551853192S04154886WA0101101080
B1422591853192S04154886WA0101101080
B1423031853193S04154886WA0101201080
B1423071853193S04154886WA0101101080
B1423111853193S04154886WA0101101080
B1423151853193S04154886WA0101101080
B1423191853193S04154886WA0101101081
B1423231853193S04154886WA0101201081
B1423271853193S04154886WA0101201082
B1423311853192S04154886WA0101101082
B1423351853192S04154886WA0101101083
B1423391853192S04154886WA0101101082
B1423431853192S04154886WA0101101082
B1423471853192S04154886WA0101101081
B1423511853192S04154886WA0101101081
B1423551853192S04154886WA0101101082
B1423591853192S04154886WA0101101082
B1424031853192S04154886WA0101101082
B1424071853192S04154886WA0101101082
B1424111853192S04154886WA0101101082
B1424151853192S04154886WA0101101082
B1424191853193S04154886WA0101101082
B1424231853193S04154886WA0101101082
B1424271853193S04154886WA0101201081
B1424311853193S04154886WA0101201081
B1424351853193S04154886WA0101201081
B1424391853193S04154886WA0101201080
B1424431853193S04154886WA0101201080
B1424471853193S04154886WA0101201080
B1424511853193S04154886WA0101201080
B1424551853193S04154886WA0101101080
B1424591853193S04154885WA0101201080
B1425031853193S04154885WA0101101079
B1425071853193S04154885WA0101201080
B1425111853193S04154885WA0101201080
B1425151853193S04154886WA0101101081
B1425191853193S04154886WA0101201081
B1425231853193S04154886WA0101201081
B1425271853193S04154886WA0101201081
B1425311853193S04154885WA0101201081
B1425351853193S04154885WA0101201080
B1425391853193S04154886WA0101201081
B1425431853193S04154886WA0101201080
B1425471853193S04154886WA0101201081
B1425511853193S04154886WA0101201080
B1425551853193S04154886WA0101201080
B1425591853193S04154886WA0101201080
B1426031853193S04154886WA0101101079
B1426071853193S04154887WA0101101079
B1426111853193S04154886WA0101201080
B1426151853193S04154886WA0101201080
B1426191853193S04154886WA0101101080
B1426231853193S04154887WA0101201081
B1426271853193S04154886WA0101201082
B1426311853193S04154886WA0101201083
B1426351853192S04154886WA0101201083
B1426391853192S04154886WA0101201084
B1426431853192S04154886WA0101201084
B1426471853192S04154886WA0101201083
B1426511853192S04154886WA0101201082
B1426551853193S04154886WA0101201081
B1426591853193S04154886WA0101201080
B1427031853193S04154886WA0101201080
B1427071853193S04154886WA0101201079
B1427111853193S04154886WA0101201079
B1427151853193S04154886WA0101201078
B1427191853193S04154886WA0101201078
B1427231853193S04154886WA0101201078
B1427271853193S04154886WA0101201078
B1427311853193S04154886WA0101201077
B1427351853193S04154886WA0101201077
B1427391853193S04154886WA0101201077
B1427431853193S04154886WA0101201077
B1427471853193S04154886WA0101201077
B1427511853193S04154886WA0101201077
B1427551853193S04154886WA0101201077
B1427591853193S04154886WA0101201077
B1428031853193S04154886WA0101201077
B1428071853193S04154886WA0101201077
B1428111853193S04154886WA0101201077
B1428151853194S04154886WA0101201076
B1428191853194S04154886WA0101201076
B1428231853194S04154886WA0101201075
B1428271853194S04154886WA0101201075
B1428311853194S04154886WA0101201074
B1428351853194S04154886WA0101201074
B1428391853194S04154886WA0101201074
B1428431853194S04154886WA0101201074
B1428471853194S04154886WA0101201074
B1428511853194S04154886WA0101201074
B1428551853194S04154886WA0101201073
B1428591853194S04154886WA0101201073
B1429031853194S04154886WA0101201073
B1429071853194S04154886WA0101201073
B1429111853194S04154886WA0101201073
B1429151853194S04154887WA0101201073
B1429191853194S04154887WA0101201072
B1429231853194S04154887WA0101201071
B1429271853194S04154887WA0101201072
B1429311853194S04154886WA0101201073
B1429351853194S04154886WA0101201074
B1429391853194S04154886WA0101201075
B1429431853194S04154886WA0101201074
B1429471853193S04154886WA0101201074
B1429511853193S04154886WA0101201074
B1429551853193S04154886WA0101201074
B1429591853193S04154886WA0101201074
B1430031853193S04154886WA0101201074
B1430071853193S04154886WA0101201074
B1430111853193S04154886WA0101201074
B1430151853193S04154886WA0101201075
B1430191853193S04154886WA0101201075
B1430231853194S04154886WA0101201075
B1430271853194S04154886WA0101201075
B1430311853194S04154886WA0101201076
B1430351853194S04154886WA0101201075
B1430391853194S04154886WA0101201075
B1430431853194S04154886WA0101201074
B1430471853194S04154886WA0101201074
B1430511853194S04154887WA0101201074
B1430551853194S04154887WA0101201074
B1430591853194S04154887WA0101201074
B1431031853193S04154887WA0101201075
B1431071853193S04154887WA0101201075
B1431111853193S04154886WA0101201076
B1431151853193S04154886WA0101201078
B1431191853193S04154886WA0101301077
B1431231853193S04154886WA0101201076
B1431271853193S04154886WA0101301076
B1431311853193S04154886WA0101301076
B1431351853193S04154886WA0101301075
B1431391853193S04154886WA0101301075
B1431431853193S04154886WA0101301075
B1431471853193S04154886WA0101201075
B1431511853193S04154886WA0101301076
B1431551853193S04154886WA0101301075
B1431591853193S04154886WA0101301074
B1432031853193S04154886WA0101201075
B1432071853193S04154886WA0101301076
B1432111853193S04154886WA0101301075
B1432151853193S04154886WA0101201075
B1432191853193S04154886WA0101301076
B1432231853193S04154886WA0101201076
B1432271853193S04154886WA0101201078
B1432311853193S04154886WA0101201078
B1432351853193S04154886WA0101301077
B1432391853193S04154886WA0101301078
B1432431853193S04154886WA0101301078
B1432471853193S04154886WA0101301078
B1432511853193S04154886WA0101301078
B1432551853193S04154886WA0101301078
B1432591853193S04154886WA0101301079
B1433031853193S04154886WA0101301078
B1433071853193S04154886WA0101301079
B1433111853193S04154885WA0101301079
B1433151853193S04154886WA0101301080
B1433191853194S04154886WA0101201079
B1433231853193S04154886WA0101301079
B1433271853193S04154886WA0101301080
B1433311853193S04154886WA0101301080
B1433351853193S04154886WA0101301080
B1433391853193S04154886WA0101301080
B1433431853193S04154886WA0101301080
B1433471853193S04154886WA0101301080
B1433511853193S04154886WA0101301080
B1433551853193S04154886WA0101301081
B1433591853193S04154886WA0101301082
B1434031853193S04154886WA0101301083
B1434071853193S04154886WA0101301083
B1434111853193S04154886WA0101301084
B1434151853193S04154886WA0101301084
B1434191853193S04154886WA0101301084
B1434231853194S04154886WA0101301084
B1434271853194S04154886WA0101301084
B1434311853194S04154886WA0101301084
B1434351853194S04154886WA0101301084
B1434391853194S04154886WA0101301083
B1434431853194S04154886WA0101301082
B1434471853194S04154886WA0101301082
B1434511853194S04154886WA0101301081
B1434551853194S04154886WA0101301081
B1434591853194S04154886WA0101301081
B1435031853194S04154886WA0101301081
B1435071853193S04154887WA0101301080
B1435111853193S04154887WA0101301080
B1435151853193S04154887WA0101301078
B1435191853193S04154887WA0101301078
B1435231853193S04154887WA0101301079
B1435271853193S04154887WA0101301079
B1435311853193S04154887WA0101301080
B1435351853193S04154887WA0101301080
B1435391853193S04154887WA0101301080
B1435431853193S04154887WA0101301081
B1435471853193S04154886WA0101301081
B1435511853193S04154886WA0101301081
B1435551853193S04154886WA0101301081
B1435591853193S04154886WA0101301081
B1436031853193S04154887WA0101301081
B1436071853193S04154887WA0101301081
B1436111853193S04154886WA0101301081
B1436151853193S04154887WA0101301080
B1436191853194S04154886WA0101301080
B1436231853193S04154886WA0101301080
B1436271853194S04154886WA0101301080
B1436311853194S04154886WA0101301080
B1436351853194S04154886WA0101301080
B1436391853194S04154886WA0101301080
B1436431853194S04154886WA0101301080
B1436471853194S04154886WA0101301081
B1436511853194S04154886WA0101301082
B1436551853194S04154886WA0101301081
B1436591853194S04154886WA0101301082
B1437031853194S04154886WA0101301081
B1437071853194S04154886WA0101301081
B1437111853194S04154886WA0101301081
B1437151853194S04154886WA0101301081
B1437191853194S04154885WA0101301081
B1437231853194S04154886WA0101301081
B1437271853194S04154886WA0101301081
B1437311853194S04154886WA0101301081
B1437351853194S04154886WA0101301081
B1437391853194S04154886WA0101301081
B1437431853194S04154886WA0101301080
B1437471853194S04154886WA0101301079
B1437511853194S04154886WA0101301079
B1437551853194S04154886WA0101301078
B1437591853194S04154886WA0101301079
B1438031853194S04154886WA0101401079
B1438071853194S04154886WA0101301078
B1438111853194S04154886WA0101301078
B1438151853194S04154886WA0101301078
B1438191853194S04154886WA0101301078
B1438231853194S04154886WA0101301078
B1438271853194S04154886WA0101401078
B1438311853194S04154886WA0101401079
B1438351853194S04154886WA0101401079
B1438391853194S04154886WA0101401079
B1438431853194S04154886WA0101401078
B1438471853194S04154886WA0101401078
B1438511853194S04154886WA0101401078
B1438551853194S04154886WA0101401078
B1438591853194S04154886WA0101401078
B1439031853194S04154886WA0101401078
B1439071853194S04154886WA0101401078
B1439111853194S04154886WA0101401077
B1439151853194S04154886WA0101301078
B1439191853194S04154886WA0101401077
B1439231853194S04154886WA0101401077
B1439271853194S04154886WA0101401077
B1439311853194S04154886WA0101401077
B1439351853194S04154886WA0101401077
B1439391853194S04154885WA0101401077
B1439431853194S04154885WA0101401077
B1439471853194S04154885WA0101301077
B1439511853194S04154885WA0101401077
B1439551853194S04154885WA0101401078
B1439591853194S04154885WA0101401077
B1440031853194S04154885WA0101301077
B1440071853194S04154885WA0101401077
B1440111853194S04154885WA0101301077
B1440151853194S04154885WA0101401077
B1440191853195S04154885WA0101401076
B1440231853195S04154885WA0101301076
B1440271853195S04154885WA0101301076
B1440311853195S04154885WA0101401076
B1440351853195S04154885WA0101301076
B1440391853195S04154885WA0101301076
B1440431853195S04154885WA0101301076
B1440471853195S04154886WA0101401076
B1440511853194S04154886WA0101301076
B1440551853194S04154886WA0101301076
B1440591853194S04154886WA0101301076
B1441031853194S04154886WA0101301076
B1441071853194S04154886WA0101301076
B1441111853194S04154886WA0101301076
B1441151853194S04154886WA0101301076
B1441191853194S04154886WA0101301076
B1441231853194S04154886WA0101301076
B1441271853194S04154886WA0101301076
B1441311853194S04154886WA0101301076
B1441351853194S04154886WA0101301076
B1441391853194S04154886WA0101301076
B1441431853194S04154886WA0101301076
B1441471853194S04154886WA0101301076
B1441511853194S04154886WA0101301076
B1441551853194S04154886WA0101301077
B1441591853194S04154886WA0101301077
B1442031853194S04154886WA0101401078
B1442071853194S04154886WA0101301078
B1442111853194S04154886WA0101401078
B1442151853194S04154886WA0101401078
B1442191853194S04154886WA0101401078
B1442231853194S04154886WA0101301077
B1442271853194S04154886WA0101301077
B1442311853194S04154886WA0101301077
B1442351853194S04154886WA0101301077
B1442391853194S04154886WA0101301077
B1442431853194S04154886WA0101301077
B1442471853194S04154886WA0101401077
B1442511853194S04154886WA0101401077
B1442551853194S04154886WA0101301077
B1442591853194S04154886WA0101301077
B1443031853194S04154886WA0101301077
B1443071853194S04154886WA0101301077
B1443111853194S04154886WA0101401077
B1443151853194S04154886WA0101401077
B1443191853194S04154886WA0101301077
B1443231853194S04154886WA0101301077
B1443271853194S04154886WA0101401077
B1443311853194S04154885WA0101401077
B1443351853194S04154885WA0101401077
B1443391853194S04154885WA0101401077
B1443431853194S04154885WA0101301077
B1443471853194S04154885WA0101401077
B1443511853194S04154885WA0101401078
B1443551853194S04154885WA0101401078
B1443591853194S04154885WA0101401078
B1444031853194S04154885WA0101401078
B1444071853194S04154885WA0101401078
B1444111853194S04154885WA0101401079
B1444151853194S04154885WA0101401079
B1444191853194S04154885WA0101401079
B1444231853194S04154885WA0101401079
B1444271853194S04154885WA0101401079
B1444311853194S04154885WA0101401079
B1444351853194S04154885WA0101401079
B1444391853194S04154885WA0101401079
B1444431853194S04154885WA0101401080
B1444471853194S04154885WA0101401081
B1444511853194S04154885WA0101401081
B1444551853194S04154885WA0101401082
B1444591853193S04154885WA0101401082
B1445031853193S04154885WA0101401082
B1445071853193S04154885WA0101401081
B1445111853194S04154885WA0101401081
B1445151853194S04154885WA0101401081
B1445191853194S04154885WA0101401081
B1445231853194S04154885WA0101401081
B1445271853194S04154885WA0101401081
B1445311853194S04154885WA0101401082
B1445351853194S04154885WA0101401081
B1445391853194S04154885WA0101401082
B1445431853193S04154885WA0101401082
B1445471853193S04154885WA0101401082
B1445511853193S04154885WA0101401082
B1445551853193S04154884WA0101401082
B1445591853193S04154884WA0101401083
B1446031853193S04154884WA0101401083
B1446071853193S04154884WA0101401083
B1446111853193S04154884WA0101401083
B1446151853193S04154884WA0101401083
B1446191853193S04154884WA0101401083
B1446231853194S04154884WA0101401082
B1446271853194S04154885WA0101401082
B1446311853194S04154885WA0101401082
B1446351853194S04154885WA0101401082
B1446391853194S04154885WA0101401082
B1446431853194S04154885WA0101401082
B1446471853194S04154885WA0101401081
B1446511853194S04154885WA0101401081
B1446551853194S04154885WA0101401081
B1446591853194S04154885WA0101401081
B1447031853194S04154885WA0101401081
B1447071853194S04154885WA0101401081
B1447111853194S04154885WA0101401080
B1447151853194S04154885WA0101401081
B1447191853194S04154885WA0101401081
B1447231853194S04154885WA0101401081
B1447271853194S04154885WA0101401080
B1447311853194S04154885WA0101401080
B1447351853194S04154885WA0101401080
B1447391853194S04154885WA0101401080
B1447431853194S04154885WA0101401081
B1447471853194S04154885WA0101401081
B1447511853194S04154885WA0101401082
B1447551853194S04154885WA0101401082
B1447591853194S04154885WA0101401082
B1448031853194S04154885WA0101401082
B1448071853194S04154885WA0101501082
B1448111853194S04154885WA0101401082
B1448151853194S04154885WA0101401082
B1448191853194S04154885WA0101501083
B1448231853194S04154885WA0101501083
B1448271853194S04154885WA0101501083
B1448311853194S04154885WA0101501083
B1448351853194S04154885WA0101501083
B1448391853194S04154885WA0101501083
B1448431853194S04154885WA0101501082
B1448471853194S04154885WA0101501082
B1448511853194S04154885WA0101501083
B1448551853194S04154885WA0101501082
B1448591853194S04154885WA0101501082
B1449031853194S04154885WA0101501082
B1449071853194S04154885WA0101501083
B1449111853194S04154885WA0101501082
B1449151853194S04154885WA0101501082
B1449191853194S04154885WA0101501082
B1449231853194S04154885WA0101501082
B1449271853194S04154885WA0101501081
B1449311853194S04154885WA0101501082
B1449351853194S04154885WA0101501082
B1449391853194S04154885WA0101501082
B1449431853194S04154885WA0101501082
B1449471853194S04154885WA0101501083
B1449511853194S04154885WA0101501083
B1449551853194S04154885WA0101501082
B1449591853194S04154885WA0101501083
B1450031853194S04154885WA0101501083
B1450071853194S04154885WA0101501083
B1450111853194S04154885WA0101501083
B1450151853194S04154885WA0101501083
B1450191853194S04154885WA0101501083
B1450231853194S04154885WA0101501083
B1450271853194S04154885WA0101501083
B1450311853194S04154885WA0101501083
B1450351853194S04154885WA0101501083
B1450391853194S04154885WA0101501083
B1450431853194S04154885WA0101501083
B1450471853194S04154885WA0101501083
B1450511853194S04154885WA0101501083
B1450551853194S04154885WA0101501083
B1450591853194S04154885WA0101501083
B1451031853194S04154885WA0101501083
B1451071853194S04154885WA0101401083
B1451111853194S04154885WA0101401083
B1451151853194S04154885WA0101401083
B1451191853194S04154885WA0101501082
B1451231853194S04154885WA0101501082
B1451271853194S04154885WA0101501082
B1451311853194S04154885WA0101501082
B1451351853194S04154885WA0101501082
B1451391853194S04154885WA0101501082
B1451431853194S04154885WA0101501082
B1451471853194S04154885WA0101501082
B1451511853194S04154885WA0101501082
B1451551853193S04154885WA0101501082
B1451591853193S04154885WA0101501082
B1452031853193S04154885WA0101501082
B1452071853193S04154885WA0101501082
B1452111853193S04154885WA0101501082
B1452151853193S04154885WA0101501082
B1452191853193S04154885WA0101501082
B1452231853193S04154885WA0101501083
B1452271853193S04154885WA0101501083
B1452311853193S04154885WA0101501083
B1452351853193S04154885WA0101501083
B1452391853193S04154885WA0101601083
B1452431853194S04154885WA0101601083
B1452471853194S04154885WA0101501083
B1452511853193S04154885WA0101601083
B1452551853193S04154885WA0101601083
B1452591853194S04154885WA0101601083
B1453031853194S04154885WA0101601082
B1453071853194S04154885WA0101601082
B1453111853194S04154885WA0101601082
B1453151853194S04154885WA0101501082
B1453191853194S04154885WA0101501082
B1453231853194S04154885WA0101501081
B1453271853194S04154885WA0101501081
B1453311853194S04154885WA0101501081
B1453351853194S04154885WA0101501081
B1453391853194S04154885WA0101501081
B1453431853194S04154885WA0101501081
B1453471853193S04154885WA0101501081
B1453511853193S04154886WA0101501081
B1453551853193S04154887WA0101601081
B1453591853194S04154888WA0101601082
B1454031853196S04154888WA0101601081
B1454071853196S04154890WA0101601081
B1454111853195S04154891WA0101601081
B1454151853195S04154891WA0101601081
B1454191853195S04154891WA0101601081
B1454231853195S04154891WA0101601082
B1454271853195S04154891WA0101601082
B1454311853195S04154891WA0101601082
B1454351853195S04154891WA0101501082
B1454391853195S04154891WA0101601082
B1454431853195S04154891WA0101601082
B1454471853195S04154891WA0101601082
B1454511853195S04154892WA0101601082
B1454551853195S04154892WA0101601082
B1454591853195S04154892WA0101601082
B1455031853195S04154891WA0101501083
B1455071853195S04154892WA0101601083
B1455111853195S04154892WA0101601082
B1455151853195S04154891WA0101601082
B1455191853195S04154891WA0101601082
B1455231853195S04154891WA0101601082
B1455271853195S04154891WA0101601083
B1455311853195S04154891WA0101601083
B1455351853195S04154891WA0101601083
B1455391853195S04154891WA0101601082
B1455431853195S04154891WA0101601082
B1455471853195S04154891WA0101601082
B1455511853195S04154891WA0101601081
B1455551853195S04154891WA0101601081
B1455591853195S04154892WA0101601081
B1456031853195S04154892WA0101601081
B1456071853195S04154892WA0101601081
B1456111853195S04154892WA0101601081
B1456151853195S04154892WA0101601080
B1456191853195S04154892WA0101601081
B1456231853195S04154892WA0101601081
B1456271853195S04154892WA0101601081
B1456311853195S04154892WA0101601081
B1456351853195S04154892WA0101601081
B1456391853195S04154892WA0101601081
B1456431853195S04154892WA0101601080
B1456471853195S04154892WA0101501080
B1456511853194S04154891WA0101501080
B1456551853194S04154891WA0101601080
B1456591853194S04154891WA0101601079
B1457031853193S04154891WA0101601077
B1457071853192S04154891WA0101501076
B1457111853192S04154891WA0101501075
B1457151853192S04154891WA0101501075
B1457191853192S04154890WA0101501074
B1457231853192S04154890WA0101501074
B1457271853192S04154890WA0101501073
B1457311853192S04154890WA0101501073
B1457351853193S04154890WA0101501072
B1457391853193S04154890WA0101501072
B1457431853193S04154890WA0101501071
B1457471853193S04154890WA0101501071
B1457511853193S04154890WA0101501071
B1457551853193S04154890WA0101501070
B1457591853193S04154890WA0101501070
B1458031853193S04154890WA0101501070
B1458071853193S04154890WA0101501070
B1458111853193S04154890WA0101501070
B1458151853193S04154890WA0101501070
B1458191853193S04154890WA0101501070
B1458231853193S04154890WA0101501070
B1458271853193S04154890WA0101501070
B1458311853193S04154890WA0101501070
B1458351853194S04154890WA0101501070
B1458391853193S04154890WA0101501071
B1458431853193S04154890WA0101501071
B1458471853193S04154890WA0101501071
B1458511853193S04154890WA0101501071
B1458551853193S04154890WA0101501071
B1458591853193S04154890WA0101501071
B1459031853193S04154890WA0101501071
B1459071853193S04154890WA0101501071
B1459111853193S04154890WA0101501071
B1459151853193S04154890WA0101601071
B1459191853193S04154890WA0101601071
B1459231853193S04154890WA0101501070
B1459271853193S04154890WA0101601071
B1459311853193S04154890WA0101601071
B1459351853192S04154890WA0101601071
B1459391853192S04154890WA0101501072
B1459431853192S04154890WA0101501072
B1459471853192S04154890WA0101501072
B1459511853192S04154890WA0101501072
B1459551853192S04154890WA0101601072
B1459591853192S04154890WA0101501072
B1500031853193S04154890WA0101501072
B1500071853193S04154890WA0101501072
B1500111853193S04154890WA0101601073
B1500151853193S04154890WA0101501073
B1500191853193S04154890WA0101601073
B1500231853193S04154890WA0101601072
B1500271853193S04154890WA0101501072
B1500311853193S04154890WA0101501073
B1500351853193S04154890WA0101501073
B1500391853193S04154890WA0101501073
B1500431853193S04154890WA0101601073
B1500471853193S04154890WA0101601073
B1500511853193S04154890WA0101601073
B1500551853193S04154890WA0101501073
B1500591853193S04154891WA0101601073
B1501031853193S04154890WA0101601073
B1501071853193S04154890WA0101501073
B1501111853193S04154890WA0101501073
B1501151853193S04154890WA0101601073
B1501191853193S04154890WA0101601073
B1501231853193S04154890WA0101601073
B1501271853193S04154891WA0101601073
B1501311853193S04154891WA0101601073
B1501351853193S04154891WA0101601073
B1501391853193S04154891WA0101601073
B1501431853193S04154891WA0101601073
B1501471853193S04154891WA0101601072
B1501511853193S04154891WA0101601072
B1501551853193S04154891WA0101601072
B1501591853193S04154891WA0101601072
B1502031853193S04154891WA0101601072
B1502071853193S04154891WA0101601072
B1502111853193S04154891WA0101601072
B1502151853193S04154891WA0101601072
B1502191853191S04154891WA0101601072
B1502231853188S04154893WA0101301071
B1502271853174S04154889WA0100801066
B1502311853157S04154891WA0101201069
B1502351853138S04154897WA0101801078
B1502391853118S04154899WA0102901090
B1502431853111S04154904WA0104101104
B1502471853105S04154892WA0104501109
B1502511853128S04154888WA0105001114
B1502551853129S04154913WA0105701122
B1502591853119S04154914WA0106901134
B1503031853110S04154909WA0106401130
B1503071853096S04154897WA0106701131
B1503111853088S04154887WA0106701132
B1503151853074S04154873WA0106001125
B1503191853066S04154861WA0105801124
B1503231853054S04154843WA0105101119
B1503271853047S04154833WA0105301119
B1503311853033S04154844WA0104401111
B1503351853027S04154861WA0104301109
B1503391853017S04154877WA0103601102
B1503431853008S04154893WA0103001095
B1503471852998S04154913WA0102301088
B1503511852992S04154931WA0101901084
B1503551852981S04154950WA0101501080
B1503591852972S04154966WA0101501080
B1504031852958S04154976WA0102201086
B1504071852943S04154991WA0102701092
B1504111852929S04155003WA0103201098
B1504151852912S04155018WA0103501102
B1504191852904S04155014WA0104401110
B1504231852916S04154999WA0104501111
B1504271852940S04155008WA0104501111
B1504311852945S04155036WA0104401111
B1504351852930S04155042WA0104601113
B1504391852935S04155028WA0105101117
B1504431852961S04155034WA0105101116
B1504471852972S04155060WA0105201118
B1504511852970S04155086WA0105601122
B1504551852971S04155114WA0105601121
B1504591852968S04155138WA0105201117
B1505031852953S04155138WA0103901105
B1505071852945S04155123WA0103201097
B1505111852941S04155105WA0102001086
B1505151852934S04155087WA0101201077
B1505191852926S04155071WA0100001064
B1505231852916S04155057WA0099301056
B1505271852903S04155044WA0099301058
B1505311852894S04155037WA0100301066
B1505351852884S04155030WA0099801063
B1505391852872S04155020WA0099801063
B1505431852858S04155009WA0100201067
B1505471852868S04154998WA0100801074
B1505511852895S04155005WA0101401079
B1505551852898S04155031WA0101901085
B1505591852882S04155038WA0102401092
B1506031852882S04155022WA0103001096
B1506071852902S04155013WA0103601101
B1506111852921S04155028WA0103901107
B1506151852911S04155050WA0104601113
B1506191852898S04155046WA0105301120
B1506231852905S04155030WA0105501123
B1506271852929S04155033WA0106301133
B1506311852926S04155059WA0106401133
B1506351852912S04155063WA0107301141
B1506391852908S04155047WA0107101140
B1506431852918S04155030WA0107501145
B1506471852940S04155021WA0108301153
B1506511852960S04155038WA0109101162
B1506551852947S04155056WA0109401166
B1506591852946S04155041WA0110301175
B1507031852969S04155049WA0111001182
B1507071852964S04155073WA0111601187
B1507111852950S04155069WA0112001193
B1507151852963S04155050WA0112201194
B1507191852987S04155049WA0112901201
B1507231852999S04155074WA0113601208
B1507271852982S04155083WA0113901213
B1507311852978S04155068WA0114501217
B1507351852965S04155058WA0114801221
B1507391852960S04155043WA0115601228
B1507431852976S04155033WA0116401236
B1507471852997S04155042WA0116901239
B1507511853014S04155060WA0117501246
B1507551853017S04155081WA0118201254
B1507591853001S04155087WA0118301256
B1508031852993S04155074WA0118901262
B1508071852991S04155055WA0119401267
B1508111852999S04155035WA0120001273
B1508151853011S04155017WA0120801281
B1508191853028S04155000WA0121801291
B1508231853048S04154993WA0123101304
B1508271853070S04154990WA0124301316
B1508311853082S04154972WA0124401318
B1508351853067S04154955WA0124101315
B1508391853051S04154969WA0123401306
B1508431853039S04154982WA0123601307
B1508471853028S04154997WA0123501308
B1508511853012S04154999WA0122801304
B1508551853005S04154985WA0122701302
B1508591853020S04154965WA0121801292
B1509031853043S04154953WA0121101285
B1509071853061S04154940WA0120801280
B1509111853079S04154931WA0120001271
B1509151853102S04154924WA0119101262
B1509191853127S04154921WA0118401255
B1509231853154S04154921WA0118601257
B1509271853172S04154934WA0119601267
B1509311853171S04154959WA0120301275
B1509351853159S04154960WA0121301287
B1509391853159S04154945WA0122101293
B1509431853181S04154934WA0122301297
B1509471853203S04154939WA0123401306
B1509511853220S04154958WA0123901313
B1509551853212S04154977WA0125001324
B1509591853201S04154971WA0126301339
B1510031853209S04154953WA0127201348
B1510071853232S04154953WA0128001357
B1510111853250S04154969WA0129201367
B1510151853263S04154993WA0130101378
B1510191853282S04155005WA0131701395
B1510231853305S04155008WA0132501405
B1510271853315S04155029WA0133301414
B1510311853302S04155043WA0134201423
B1510351853291S04155031WA0135701439
B1510391853299S04155016WA0137201453
B1510431853315S04155004WA0138401465
B1510471853338S04155000WA0139201474
B1510511853360S04154993WA0140001482
B1510551853365S04154972WA0140601490
B1510591853366S04154960WA0141601499
B1511031853364S04154940WA0141601500
B1511071853356S04154927WA0142401507
B1511111853348S04154912WA0142701511
B1511151853365S04154897WA0142801511
B1511191853392S04154904WA0142901512
B1511231853403S04154931WA0143001514
B1511271853398S04154955WA0143501519
B1511311853388S04154976WA0143901523
B1511351853378S04154995WA0144401529
B1511391853364S04154998WA0144701534
B1511431853365S04154982WA0145101537
B1511471853388S04154977WA0145601541
B1511511853409S04154995WA0145901545
B1511551853411S04155021WA0146401550
B1511591853400S04155033WA0147301559
B1512031853393S04155021WA0147601562
B1512071853410S04155007WA0148201568
B1512111853435S04155014WA0149001575
B1512151853449S04155039WA0149301580
B1512191853440S04155060WA0149901586
B1512231853431S04155053WA0150501592
B1512271853442S04155036WA0151101599
B1512311853466S04155038WA0151701606
B1512351853485S04155061WA0152201610
B1512391853510S04155066WA0152301612
B1512431853518S04155052WA0152701617
B1512471853504S04155052WA0153301623
B1512511853489S04155062WA0153701628
B1512551853477S04155053WA0154101632
B1512591853464S04155046WA0154801639
B1513031853460S04155031WA0155801649
B1513071853462S04155012WA0156601658
B1513111853447S04155012WA0156801658
B1513151853429S04155020WA0157101662
B1513191853414S04155020WA0157801670
B1513231853400S04155014WA0158401676
B1513271853393S04154996WA0158701680
B1513311853419S04154983WA0158201677
B1513351853438S04154994WA0159001682
B1513391853460S04154988WA0158601679
B1513431853462S04154964WA0157801672
B1513471853459S04154950WA0157801670
B1513511853452S04154930WA0156401657
B1513551853443S04154912WA0156301654
B1513591853442S04154891WA0155301644
B1514031853435S04154868WA0154301636
B1514071853431S04154848WA0154001632
B1514111853413S04154833WA0153201623
B1514151853397S04154820WA0153001621
B1514191853409S04154805WA0151901610
B1514231853426S04154828WA0151601607
B1514271853411S04154842WA0151501604
B1514311853391S04154838WA0151001599
B1514351853395S04154819WA0150601595
B1514391853424S04154823WA0149801586
B1514431853428S04154845WA0149401582
B1514471853406S04154849WA0148601575
B1514511853391S04154838WA0148401572
B1514551853377S04154820WA0147701566
B1514591853366S04154802WA0147501562
B1515031853356S04154781WA0147001557
B1515071853345S04154761WA0146601554
B1515111853333S04154742WA0146201549
B1515151853320S04154723WA0145601543
B1515191853309S04154705WA0145301540
B1515231853297S04154685WA0144601533
B1515271853286S04154666WA0144301530
B1515311853272S04154649WA0143501522
B1515351853260S04154628WA0143001516
B1515391853252S04154607WA0142401510
B1515431853243S04154586WA0141701503
B1515471853235S04154564WA0140901494
B1515511853228S04154541WA0140301487
B1515551853222S04154518WA0139701481
B1515591853216S04154495WA0139101474
B1516031853203S04154472WA0138201464
B1516071853188S04154454WA0137401454
B1516111853178S04154430WA0136801448
B1516151853167S04154408WA0136201443
B1516191853158S04154384WA0136101441
B1516231853148S04154361WA0135501436
B1516271853137S04154338WA0135301433
B1516311853131S04154312WA0134901429
B1516351853127S04154285WA0134701427
B1516391853120S04154257WA0134301425
B1516431853116S04154235WA0135301432
B1516471853116S04154210WA0135001431
B1516511853108S04154190WA0135301432
B1516551853100S04154168WA0134501427
B1516591853087S04154151WA0134401425
B1517031853070S04154137WA0133801421
B1517071853053S04154120WA0133501416
B1517111853036S04154105WA0132801409
B1517151853018S04154088WA0131901399
B1517191853003S04154066WA0131401394
B1517231852989S04154048WA0131201392
B1517271852974S04154031WA0130801387
B1517311852960S04154016WA0130601384
B1517351852946S04154000WA0130101380
B1517391852932S04153982WA0129901378
B1517431852916S04153965WA0129301371
B1517471852898S04153950WA0128801367
B1517511852879S04153940WA0128401363
B1517551852861S04153931WA0127901358
B1517591852841S04153921WA0127301353
B1518031852824S04153910WA0127201351
B1518071852806S04153900WA0127001349
B1518111852790S04153888WA0126601344
B1518151852777S04153867WA0125801336
B1518191852766S04153846WA0125401332
B1518231852754S04153823WA0124801324
B1518271852746S04153798WA0124301318
B1518311852739S04153775WA0124601321
B1518351852732S04153753WA0124001315
B1518391852714S04153749WA0123501312
B1518431852698S04153756WA0123901314
B1518471852683S04153764WA0123701313
B1518511852666S04153770WA0123801313
B1518551852647S04153778WA0123701314
B1518591852631S04153784WA0124501321
B1519031852619S04153789WA0126001338
B1519071852613S04153782WA0127201351
B1519111852625S04153766WA0128601364
B1519151852646S04153775WA0129601374
B1519191852653S04153794WA0131101388
B1519231852650S04153811WA0131801397
B1519271852634S04153809WA0132101403
B1519311852626S04153800WA0134001420
B1519351852621S04153787WA0134701428
B1519391852636S04153768WA0135201434
B1519431852662S04153764WA0136201444
B1519471852684S04153779WA0137501456
B1519511852695S04153797WA0138601468
B1519551852682S04153808WA0138801471
B1519591852671S04153794WA0140001484
B1520031852668S04153779WA0140601490
B1520071852671S04153762WA0141401498
B1520111852690S04153747WA0141401497
B1520151852704S04153734WA0142701509
B1520191852722S04153721WA0143001512
B1520231852740S04153727WA0143601518
B1520271852744S04153744WA0144201526
B1520311852737S04153761WA0145401538
B1520351852728S04153761WA0146001545
B1520391852728S04153745WA0146501549
B1520431852733S04153723WA0146501551
B1520471852738S04153703WA0146901554
B1520511852733S04153682WA0146901555
B1520551852727S04153661WA0146801555
B1520591852722S04153638WA0146801556
B1521031852718S04153615WA0146701555
B1521071852713S04153592WA0146301550
B1521111852705S04153568WA0145801545
B1521151852693S04153551WA0145701543
B1521191852680S04153537WA0145501540
B1521231852667S04153523WA0144601532
B1521271852651S04153508WA0143801524
B1521311852637S04153494WA0143401520
B1521351852627S04153481WA0142701513
B1521391852612S04153470WA0141801504
B1521431852599S04153457WA0141101496
B1521471852587S04153443WA0140301488
B1521511852577S04153427WA0139601480
B1521551852564S04153407WA0138901473
B1521591852553S04153387WA0138501470
B1522031852548S04153369WA0140401488
B1522071852540S04153353WA0141601502
B1522111852524S04153346WA0143601523
B1522151852506S04153338WA0144701534
B1522191852496S04153324WA0145501542
B1522231852482S04153312WA0145601543
B1522271852473S04153291WA0145701544
B1522311852465S04153273WA0145601543
B1522351852459S04153255WA0145301539
B1522391852465S04153233WA0144701533
B1522431852480S04153212WA0144201528
B1522471852495S04153190WA0144201527
B1522511852518S04153181WA0143901524
B1522551852545S04153186WA0143801522
B1522591852567S04153197WA0143801522
B1523031852583S04153217WA0143801523
B1523071852592S04153233WA0144201525
B1523111852594S04153256WA0143801522
B1523151852601S04153279WA0143901522
B1523191852611S04153304WA0143601520
B1523231852602S04153319WA0144101526
B1523271852593S04153307WA0144701533
B1523311852611S04153295WA0145101536
B1523351852637S04153304WA0145301537
B1523391852666S04153302WA0145801544
B1523431852691S04153302WA0147301559
B1523471852709S04153317WA0148301569
B1523511852707S04153339WA0149101579
B1523551852704S04153358WA0150201589
B1523591852694S04153374WA0150501593
B1524031852682S04153380WA0150801596
B1524071852667S04153379WA0150901597
B1524111852651S04153376WA0151301600
B1524151852634S04153370WA0151401602
B1524191852617S04153367WA0151301601
B1524231852608S04153349WA0150401593
B1524271852615S04153327WA0150201590
B1524311852631S04153308WA0149801585
B1524351852632S04153288WA0149301580
B1524391852628S04153264WA0148601573
B1524431852630S04153241WA0147601561
B1524471852645S04153218WA0146501552
B1524511852671S04153208WA0146301549
B1524551852700S04153204WA0145901546
B1524591852726S04153197WA0145801545
B1525031852749S04153183WA0145501541
B1525071852772S04153169WA0145201538
B1525111852790S04153156WA0145501540
B1525151852812S04153150WA0144801533
B1525191852830S04153161WA0144501531
B1525231852841S04153183WA0144101527
B1525271852853S04153207WA0143801523
B1525311852867S04153231WA0144201527
B1525351852880S04153251WA0144301529
B1525391852886S04153276WA0144701533
B1525431852873S04153284WA0145601542
B1525471852865S04153263WA0146001547
B1525511852885S04153244WA0146501551
B1525551852911S04153257WA0146701553
B1525591852902S04153272WA0147401561
B1526031852888S04153266WA0148101569
B1526071852891S04153241WA0148301571
B1526111852908S04153223WA0149201578
B1526151852935S04153224WA0148801576
B1526191852952S04153244WA0149001577
B1526231852950S04153269WA0149201581
B1526271852934S04153276WA0150101589
B1526311852917S04153274WA0150201592
B1526351852907S04153264WA0150601595
B1526391852897S04153249WA0150501594
B1526431852899S04153229WA0150401593
B1526471852918S04153213WA0150301591
B1526511852940S04153204WA0150501593
B1526551852965S04153209WA0150601595
B1526591852981S04153228WA0150801596
B1527031852979S04153251WA0150801597
B1527071852968S04153258WA0150701597
B1527111852952S04153251WA0150201592
B1527151852935S04153249WA0150201592
B1527191852915S04153253WA0149801589
B1527231852897S04153252WA0150201591
B1527271852886S04153238WA0149801588
B1527311852899S04153220WA0149501584
B1527351852923S04153215WA0149101580
B1527391852947S04153203WA0148301572
B1527431852969S04153195WA0148401572
B1527471852993S04153202WA0147701565
B1527511853015S04153218WA0147101559
B1527551853023S04153242WA0146701555
B1527591853031S04153267WA0146601553
B1528031853037S04153293WA0146001547
B1528071853027S04153307WA0146301550
B1528111853014S04153291WA0146401550
B1528151853026S04153269WA0146201549
B1528191853054S04153275WA0145801544
B1528231853058S04153303WA0145101538
B1528271853046S04153314WA0145801544
B1528311853028S04153311WA0145101538
B1528351853006S04153306WA0145201539
B1528391852991S04153293WA0145501541
B1528431852990S04153269WA0144801534
B1528471853012S04153257WA0143901525
B1528511853026S04153278WA0143301519
B1528551853029S04153292WA0143901523
B1528591853032S04153313WA0143201518
B1529031853024S04153330WA0143301518
B1529071853025S04153351WA0142901514
B1529111853029S04153373WA0142401508
B1529151853011S04153378WA0141601502
B1529191852994S04153383WA0141501499
B1529231852978S04153394WA0141001494
B1529271852965S04153411WA0140201486
B1529311852950S04153422WA0140801492
B1529351852948S04153401WA0140201487
B1529391852970S04153394WA0140801493
B1529431852984S04153415WA0140301488
B1529471852982S04153439WA0140301487
B1529511852989S04153459WA0140001485
B1529551853002S04153481WA0139901483
B1529591853015S04153502WA0139801483
B1530031853030S04153520WA0140101484
B1530071853031S04153539WA0140401489
B1530111853012S04153536WA0140701492
B1530151853022S04153521WA0141101495
B1530191853043S04153516WA0141001493
B1530231853065S04153529WA0141001493
B1530271853070S04153551WA0141301497
B1530311853056S04153562WA0141401498
B1530351853045S04153549WA0141701504
B1530391853061S04153535WA0142201508
B1530431853085S04153546WA0142401510
B1530471853083S04153567WA0142501510
B1530511853068S04153576WA0142801513
B1530551853057S04153564WA0143001516
B1530591853069S04153549WA0143301517
B1531031853094S04153547WA0143501520
B1531071853112S04153565WA0143301520
B1531111853103S04153582WA0143101517
B1531151853083S04153582WA0143001516
B1531191853072S04153575WA0143301518
B1531231853056S04153564WA0142701513
B1531271853043S04153549WA0143001516
B1531311853046S04153526WA0143001516
B1531351853067S04153517WA0143201518
B1531391853086S04153533WA0143001517
B1531431853078S04153552WA0143301519
B1531471853059S04153545WA0143201519
B1531511853058S04153522WA0143601522
B1531551853078S04153510WA0143401520
B1531591853091S04153532WA0143001517
B1532031853076S04153546WA0143301520
B1532071853060S04153552WA0143801523
B1532111853038S04153564WA0143101518
B1532151853018S04153571WA0143301519
B1532191852997S04153558WA0142401511
B1532231852981S04153541WA0142101505
B1532271852960S04153526WA0141301498
B1532311852943S04153508WA0140701492
B1532351852927S04153485WA0140201487
B1532391852915S04153460WA0140301487
B1532431852907S04153434WA0140401488
B1532471852900S04153411WA0140301486
B1532511852891S04153385WA0139901483
B1532551852883S04153360WA0139701481
B1532591852875S04153336WA0139301477
B1533031852868S04153312WA0138801472
B1533071852861S04153288WA0138701469
B1533111852854S04153267WA0138701471
B1533151852844S04153246WA0138801473
B1533191852836S04153233WA0139701478
B1533231852828S04153216WA0139001473
B1533271852814S04153201WA0138901472
B1533311852802S04153183WA0138401467
B1533351852791S04153162WA0138501467
B1533391852779S04153143WA0138301465
B1533431852771S04153119WA0138301467
B1533471852777S04153098WA0138801470
B1533511852798S04153084WA0138401465
B1533551852815S04153099WA0137601458
B1533591852803S04153110WA0137201455
B1534031852788S04153100WA0137101453
B1534071852772S04153090WA0136701450
B1534111852755S04153078WA0136201445
B1534151852738S04153063WA0135901441
B1534191852722S04153051WA0135201434
B1534231852705S04153041WA0134401426
B1534271852686S04153029WA0133601418
B1534311852670S04153017WA0133201414
B1534351852659S04153008WA0133501414
B1534391852644S04153000WA0133801417
B1534431852631S04152993WA0134301422
B1534471852626S04152978WA0134501425
B1534511852642S04152962WA0134901429
B1534551852664S04152971WA0134901430
B1534591852659S04152987WA0135401434
B1535031852643S04152985WA0135601436
B1535071852628S04152978WA0135801439
B1535111852612S04152970WA0136101442
B1535151852598S04152967WA0136401446
B1535191852584S04152963WA0137401456
B1535231852594S04152943WA0137901462
B1535271852622S04152946WA0138901473
B1535311852628S04152967WA0139601480
B1535351852612S04152972WA0140001484
B1535391852601S04152959WA0141001494
B1535431852616S04152941WA0141801503
B1535471852642S04152950WA0142201509
B1535511852637S04152968WA0143101517
B1535551852621S04152967WA0144001525
B1535591852617S04152947WA0144701532
B1536031852637S04152933WA0145401539
B1536071852662S04152944WA0145701544
B1536111852657S04152963WA0146401551
B1536151852638S04152962WA0146801556
B1536191852635S04152940WA0147501563
B1536231852655S04152927WA0148501574
B1536271852673S04152943WA0149101580
B1536311852663S04152957WA0149701586
B1536351852647S04152947WA0150001589
B1536391852646S04152924WA0150501594
B1536431852667S04152909WA0151401603
B1536471852691S04152914WA0152101611
B1536511852698S04152932WA0152601616
B1536551852687S04152944WA0153101621
B1536591852671S04152939WA0152901619
B1537031852665S04152916WA0153301624
B1537071852679S04152895WA0154101630
B1537111852703S04152888WA0154201633
B1537151852716S04152905WA0154201634
B1537191852713S04152921WA0154801639
B1537231852699S04152932WA0154701639
B1537271852678S04152928WA0154501637
B1537311852658S04152918WA0155001640
B1537351852641S04152901WA0154901640
B1537391852638S04152878WA0155201643
B1537431852652S04152861WA0155201643
B1537471852675S04152852WA0155001641
B1537511852696S04152858WA0155201642
B1537551852710S04152874WA0155201642
B1537591852722S04152893WA0155101643
B1538031852729S04152910WA0155301643
B1538071852734S04152929WA0155101641
B1538111852737S04152950WA0154501636
B1538151852740S04152973WA0154401633
B1538191852747S04152995WA0153901629
B1538231852758S04153019WA0153401624
B1538271852767S04153043WA0153501625
B1538311852776S04153068WA0153601627
B1538351852776S04153091WA0154001631
B1538391852770S04153106WA0154801639
B1538431852759S04153098WA0154901640
B1538471852757S04153075WA0154901641
B1538511852777S04153062WA0154901639
B1538551852804S04153067WA0155101642
B1538591852820S04153084WA0155501646
B1539031852819S04153101WA0155701647
B1539071852805S04153104WA0156001651
B1539111852787S04153096WA0155801650
B1539151852780S04153075WA0156201653
B1539191852783S04153052WA0156201653
B1539231852777S04153032WA0156101654
B1539271852757S04153036WA0156601658
B1539311852740S04153043WA0156901662
B1539351852727S04153057WA0157301665
B1539391852716S04153074WA0157201665
B1539431852703S04153090WA0157601670
B1539471852683S04153087WA0158001673
B1539511852666S04153071WA0158201674
B1539551852655S04153045WA0158001674
B1539591852657S04153019WA0158701680
B1540031852677S04153003WA0158201676
B1540071852700S04153000WA0158201674
B1540111852720S04153010WA0157701670
B1540151852730S04153029WA0157701670
B1540191852726S04153049WA0157701672
B1540231852715S04153063WA0158501679
B1540271852699S04153062WA0158801681
B1540311852689S04153040WA0158501679
B1540351852702S04153022WA0158701679
B1540391852722S04153027WA0158501679
B1540431852732S04153045WA0158801681
B1540471852739S04153061WA0159501688
B1540511852725S04153065WA0159501689
B1540551852716S04153043WA0159901694
B1540591852732S04153026WA0160201696
B1541031852754S04153027WA0160401697
B1541071852760S04153043WA0160401698
B1541111852752S04153059WA0160301697
B1541151852740S04153071WA0160301697
B1541191852722S04153066WA0160201697
B1541231852716S04153041WA0160301697
B1541271852716S04153015WA0160401699
B1541311852716S04152988WA0160401698
B1541351852724S04152965WA0160501699
B1541391852737S04152943WA0160501699
B1541431852760S04152938WA0160201696
B1541471852774S04152955WA0160001694
B1541511852774S04152979WA0159601691
B1541551852773S04153003WA0159601690
B1541591852768S04153027WA0159501690
B1542031852765S04153050WA0159901694
B1542071852773S04153072WA0160001696
B1542111852779S04153095WA0160301697
B1542151852768S04153111WA0160401697
B1542191852750S04153107WA0160301697
B1542231852745S04153083WA0160301696
B1542271852762S04153064WA0159901692
B1542311852786S04153067WA0160201695
B1542351852798S04153088WA0160201697
B1542391852789S04153105WA0160601699
B1542431852773S04153093WA0160001694
B1542471852776S04153069WA0159901692
B1542511852791S04153044WA0159401687
B1542551852815S04153034WA0160201696
B1542591852823S04153055WA0160501699
B1543031852811S04153062WA0161201706
B1543071852811S04153040WA0161401708
B1543111852837S04153044WA0160801706
B1543151852830S04153063WA0161801715
B1543191852818S04153058WA0162601721
B1543231852817S04153037WA0162101716
B1543271852836S04153016WA0161901713
B1543311852859S04153016WA0162501719
B1543351852871S04153036WA0162601721
B1543391852875S04153056WA0162501719
B1543431852866S04153078WA0162201718
B1543471852857S04153095WA0162601720
B1543511852839S04153096WA0161601711
B1543551852829S04153073WA0161501711
B1543591852827S04153049WA0161701714
B1544031852821S04153028WA0162301718
B1544071852807S04153018WA0161601712
B1544111852795S04152994WA0160901706
B1544151852780S04152972WA0160901706
B1544191852766S04152954WA0160901706
B1544231852752S04152931WA0160201700
B1544271852735S04152913WA0159801694
B1544311852716S04152897WA0159001686
B1544351852694S04152886WA0158501680
B1544391852687S04152858WA0158001676
B1544431852686S04152829WA0157701672
B1544471852696S04152800WA0157001666
B1544511852696S04152772WA0156701662
B1544551852704S04152748WA0156701660
B1544591852730S04152736WA0156401658
B1545031852751S04152714WA0156301658
B1545071852754S04152687WA0156801661
B1545111852751S04152662WA0155701652
B1545151852738S04152636WA0155101647
B1545191852730S04152615WA0156601657
B1545231852723S04152589WA0156901660
B1545271852712S04152560WA0156401661
B1545311852705S04152535WA0158401676
B1545351852695S04152508WA0157001668
B1545391852688S04152483WA0159101685
B1545431852688S04152466WA0158601679
B1545471852688S04152441WA0158801685
B1545511852681S04152415WA0157701676
B1545551852669S04152386WA0157301673
B1545591852655S04152361WA0156301663
B1546031852640S04152335WA0155601655
B1546071852626S04152304WA0155901660
B1546111852613S04152275WA0156301663
B1546151852599S04152244WA0156201661
B1546191852580S04152213WA0155601656
B1546231852560S04152185WA0155301651
B1546271852540S04152156WA0155201650
B1546311852525S04152132WA0155801655
B1546351852507S04152105WA0155001649
B1546391852488S04152079WA0154701645
B1546431852468S04152053WA0153701635
B1546471852442S04152028WA0152601625
B1546511852416S04152005WA0152001619
B1546551852395S04151977WA0151101609
B1546591852373S04151949WA0150001598
B1547031852347S04151922WA0149101589
B1547071852325S04151894WA0148701584
B1547111852303S04151867WA0147601573
B1547151852277S04151839WA0146601563
B1547191852249S04151814WA0145701554
B1547231852222S04151790WA0144901545
B1547271852198S04151767WA0144201536
B1547311852175S04151742WA0143401526
B1547351852150S04151716WA0142301516
B1547391852125S04151693WA0141601508
B1547431852101S04151671WA0141001501
B1547471852076S04151648WA0140301494
B1547511852051S04151626WA0139701488
B1547551852025S04151608WA0139201483
B1547591851999S04151588WA0138801478
B1548031851972S04151570WA0138301473
B1548071851945S04151555WA0138001469
B1548111851919S04151537WA0137501464
B1548151851893S04151519WA0136901458
B1548191851869S04151494WA0136201451
B1548231851847S04151469WA0135901446
B1548271851825S04151441WA0135101439
B1548311851802S04151415WA0134601433
B1548351851779S04151390WA0133801425
B1548391851756S04151362WA0133201418
B1548431851732S04151336WA0132601412
B1548471851709S04151308WA0132101406
B1548511851687S04151282WA0131601401
B1548551851672S04151251WA0131201396
B1548591851659S04151218WA0130301387
B1549031851645S04151186WA0129501377
B1549071851629S04151154WA0128401366
B1549111851616S04151125WA0127801360
B1549151851604S04151095WA0126901349
B1549191851594S04151066WA0125801338
B1549231851578S04151039WA0124601326
B1549271851559S04151016WA0123701315
B1549311851542S04150991WA0122701305
B1549351851525S04150967WA0122201299
B1549391851508S04150941WA0121701295
B1549431851491S04150916WA0121401291
B1549471851474S04150890WA0120701286
B1549511851460S04150867WA0121401288
B1549551851448S04150844WA0121201289
B1549591851434S04150821WA0121601292
B1550031851425S04150794WA0121201290
B1550071851417S04150765WA0121301291
B1550111851412S04150734WA0121201291
B1550151851410S04150704WA0121701292
B1550191851407S04150683WA0123001302
B1550231851402S04150659WA0122401300
B1550271851396S04150634WA0123201308
B1550311851390S04150612WA0123401311
B1550351851384S04150588WA0124001317
B1550391851380S04150566WA0124901322
B1550431851374S04150546WA0125301328
B1550471851363S04150529WA0126101336
B1550511851352S04150516WA0126901345
B1550551851364S04150498WA0127301350
B1550591851388S04150497WA0128201358
B1551031851405S04150508WA0128301360
B1551071851396S04150530WA0128901367
B1551111851381S04150526WA0129401371
B1551151851376S04150505WA0129701375
B1551191851367S04150485WA0130101380
B1551231851361S04150465WA0130401382
B1551271851360S04150438WA0130101380
B1551311851363S04150410WA0130201383
B1551351851368S04150378WA0130601386
B1551391851371S04150347WA0130501387
B1551431851372S04150317WA0131001389
B1551471851380S04150285WA0130101382
B1551511851379S04150249WA0130001381
B1551551851369S04150219WA0129901380
B1551591851356S04150191WA0130001380
B1552031851340S04150168WA0129801378
B1552071851322S04150140WA0129001373
B1552111851301S04150115WA0128301365
B1552151851282S04150085WA0127601358
B1552191851262S04150057WA0126701349
B1552231851243S04150025WA0125701339
B1552271851221S04150000WA0125101331
B1552311851196S04149974WA0123901320
B1552351851173S04149950WA0123201312
B1552391851147S04149926WA0121901299
B1552431851121S04149906WA0121101291
B1552471851092S04149890WA0120701286
B1552511851068S04149871WA0120101279
B1552551851045S04149848WA0119001268
B1552591851021S04149827WA0118001257
B1553031850997S04149809WA0116901245
B1553071850979S04149784WA0116001235
B1553111850959S04149763WA0114401220
B1553151850935S04149744WA0112801203
B1553191850913S04149723WA0111601189
B1553231850894S04149704WA0111201183
B1553271850870S04149686WA0110201172
B1553311850859S04149677WA0112001184
B1553351850846S04149666WA0111301179
B1553391850832S04149649WA0111501180
B1553431850821S04149636WA0111701183
B1553471850819S04149614WA0111501180
B1553511850810S04149593WA0111601182
B1553551850807S04149573WA0112001186
B1553591850807S04149549WA0112701193
B1554031850815S04149531WA0114101207
B1554071850834S04149540WA0114501215
B1554111850819S04149548WA0115701226
B1554151850808S04149533WA0116901240
B1554191850825S04149516WA0118001251
B1554231850846S04149523WA0118701257
B1554271850845S04149540WA0119201263
B1554311850830S04149532WA0119901271
B1554351850836S04149508WA0120701280
B1554391850860S04149503WA0121501288
B1554431850880S04149516WA0121901291
B1554471850884S04149538WA0122101294
B1554511850863S04149544WA0122701300
B1554551850847S04149534WA0123601310
B1554591850829S04149527WA0124301317
B1555031850812S04149517WA0124201318
B1555071850795S04149504WA0125001327
B1555111850785S04149491WA0125301331
B1555151850773S04149480WA0126201338
B1555191850760S04149463WA0125601334
B1555231850746S04149444WA0126101340
B1555271850732S04149425WA0126201341
B1555311850720S04149400WA0125701337
B1555351850704S04149376WA0125301334
B1555391850688S04149355WA0125501333
B1555431850674S04149330WA0125001328
B1555471850660S04149302WA0124801326
B1555511850648S04149271WA0124101320
B1555551850638S04149238WA0124201321
B1555591850629S04149211WA0124101319
B1556031850611S04149182WA0123501314
B1556071850596S04149155WA0123501313
B1556111850584S04149138WA0124101315
B1556151850569S04149114WA0122801305
B1556191850551S04149091WA0122401301
B1556231850533S04149069WA0121201290
B1556271850509S04149044WA0119801277
B1556311850485S04149018WA0119201271
B1556351850463S04148995WA0119201269
B1556391850440S04148971WA0118501263
B1556431850417S04148949WA0118101259
B1556471850395S04148927WA0117701253
B1556511850376S04148902WA0117301249
B1556551850356S04148878WA0116801244
B1556591850333S04148854WA0116101236
B1557031850310S04148829WA0115301228
B1557071850287S04148806WA0114901223
B1557111850263S04148782WA0114101216
B1557151850238S04148759WA0113501209
B1557191850214S04148740WA0112901201
B1557231850191S04148720WA0112201193
B1557271850169S04148702WA0111601187
B1557311850145S04148686WA0110901180
B1557351850121S04148669WA0110001171
B1557391850101S04148648WA0109001160
B1557431850081S04148624WA0107901147
B1557471850061S04148603WA0106801135
B1557511850037S04148582WA0106301132
B1557551850016S04148561WA0106301130
B1557591849998S04148534WA0106201130
B1558031849983S04148514WA0107001136
B1558071849967S04148489WA0106201131
B1558111849952S04148469WA0106701133
B1558151849938S04148441WA0105501124
B1558191849918S04148416WA0105901127
B1558231849905S04148395WA0106401130
B1558271849886S04148369WA0105401124
B1558311849859S04148360WA0105601124
B1558351849832S04148351WA0105101119
B1558391849803S04148335WA0104501113
B1558431849775S04148333WA0105201117
B1558471849748S04148325WA0104601115
B1558511849723S04148309WA0105501123
B1558551849699S04148303WA0106401132
B1558591849679S04148294WA0107201140
B1559031849663S04148267WA0106601137
B1559071849648S04148234WA0106201134
B1559111849632S04148201WA0106401134
B1559151849618S04148167WA0106201132
B1559191849603S04148132WA0105801128
B1559231849587S04148104WA0106101128
B1559271849571S04148073WA0105401121
B1559311849561S04148033WA0104801116
B1559351849550S04147993WA0104101111
B1559391849538S04147963WA0105801119
B1559431849530S04147935WA0104501112
B1559471849518S04147900WA0103301101
B1559511849505S04147867WA0102301091
B1559551849491S04147834WA0101201078
B1559591849477S04147801WA0100101067
B1600031849466S04147769WA0099601061
B1600071849446S04147740WA0098301050
B1600111849427S04147714WA0098001044
B1600151849410S04147685WA0097101035
B1600191849394S04147655WA0096201026
B1600231849379S04147623WA0095401017
B1600271849366S04147594WA0095101012
B1600311849357S04147565WA0094201003
B1600351849347S04147533WA0093600997
B1600391849337S04147504WA0093400993
B1600431849330S04147481WA0093600992
B1600471849322S04147459WA0092300981
B1600511849308S04147427WA0090800968
B1600551849295S04147396WA0090100959
B1600591849283S04147361WA0089000950
B1601031849270S04147329WA0088600944
B1601071849255S04147297WA0087400932
B1601111849237S04147267WA0086300920
B1601151849219S04147234WA0085100908
B1601191849204S04147203WA0084700902
B1601231849190S04147171WA0083500891
B1601271849175S04147140WA0082700883
B1601311849158S04147111WA0082000876
B1601351849145S04147082WA0081300868
B1601391849132S04147053WA0080400857
B1601431849124S04147021WA0079700849
B1601471849116S04146992WA0078800839
B1601511849104S04146962WA0077700829
B1601551849089S04146933WA0076800820
B1601591849072S04146910WA0076300813
B1602031849056S04146885WA0075400803
B1602071849039S04146858WA0074200791
B1602111849023S04146833WA0073600783
B1602151849004S04146808WA0072400770
B1602191848986S04146782WA0071600762
B1602231848967S04146756WA0070700753
B1602271848950S04146729WA0070000745
B1602311848937S04146698WA0069400738
B1602351848920S04146671WA0068500730
B1602391848903S04146647WA0068200726
B1602431848887S04146622WA0067300717
B1602471848871S04146596WA0066800709
B1602511848857S04146573WA0066500705
B1602551848847S04146543WA0065400695
B1602591848835S04146513WA0064400686
B1603031848823S04146484WA0063700677
B1603071848810S04146453WA0062600665
B1603111848799S04146421WA0061800657
B1603151848788S04146390WA0060700645
B1603191848776S04146357WA0059700634
B1603231848771S04146326WA0059600631
B1603271848768S04146296WA0059100625
B1603311848766S04146267WA0058300616
B1603351848761S04146234WA0057000604
B1603391848753S04146204WA0056000593
B1603431848746S04146176WA0056400594
B1603471848742S04146149WA0056400596
B1603511848742S04146123WA0057800609
B1603551848738S04146098WA0058400617
B1603591848733S04146079WA0059500627
B1604031848729S04146058WA0060200635
B1604071848719S04146038WA0061400649
B1604111848713S04146021WA0063100666
B1604151848718S04146000WA0064000676
B1604191848736S04146001WA0064800686
B1604231848728S04146021WA0065700696
B1604271848712S04146017WA0067500714
B1604311848696S04146005WA0068600727
B1604351848694S04145988WA0070200743
B1604391848708S04145976WA0071300756
B1604431848717S04145997WA0072000765
B1604471848696S04146008WA0073500780
B1604511848678S04146010WA0075200797
B1604551848666S04145994WA0075300798
B1604591848667S04145971WA0075800802
B1605031848673S04145950WA0077100815
B1605071848683S04145935WA0078400828
B1605111848704S04145937WA0079000836
B1605151848716S04145951WA0080000846
B1605191848733S04145963WA0081800866
B1605231848726S04145981WA0083200881
B1605271848705S04145975WA0084500896
B1605311848704S04145952WA0086100911
B1605351848711S04145936WA0087000922
B1605391848735S04145931WA0088200936
B1605431848752S04145938WA0090400958
B1605471848752S04145959WA0091400969
B1605511848733S04145973WA0092900984
B1605551848717S04145963WA0094300999
B1605591848708S04145943WA0095301010
B1606031848708S04145925WA0096601024
B1606071848729S04145914WA0097801037
B1606111848748S04145912WA0100001059
B1606151848759S04145923WA0101201072
B1606191848757S04145943WA0102701086
B1606231848739S04145956WA0103901100
B1606271848727S04145936WA0104901111
B1606311848737S04145921WA0106801131
B1606351848746S04145936WA0108301147
B1606391848728S04145950WA0109701161
B1606431848717S04145929WA0110501169
B1606471848720S04145909WA0112001184
B1606511848732S04145893WA0113001197
B1606551848750S04145898WA0114601213
B1606591848749S04145918WA0115401221
B1607031848733S04145931WA0117001239
B1607071848718S04145915WA0118001249
B1607111848709S04145892WA0119401264
B1607151848702S04145870WA0120601277
B1607191848694S04145847WA0121901291
B1607231848698S04145823WA0123201304
B1607271848707S04145802WA0124701319
B1607311848691S04145791WA0125601331
B1607351848698S04145811WA0126201338
B1607391848706S04145785WA0126901347
B1607431848693S04145774WA0129201366
B1607471848675S04145759WA0129501371
B1607511848659S04145745WA0130601383
B1607551848636S04145729WA0129801377
B1607591848615S04145716WA0130601383
B1608031848593S04145699WA0130301382
B1608071848575S04145683WA0131101389
B1608111848556S04145664WA0130201383
B1608151848535S04145641WA0130901386
B1608191848522S04145626WA0131201388
B1608231848498S04145605WA0129401375
B1608271848474S04145590WA0129301371
B1608311848451S04145575WA0128301363
B1608351848430S04145563WA0127901358
B1608391848409S04145544WA0127301353
B1608431848391S04145524WA0127801357
B1608471848371S04145504WA0128001359
B1608511848351S04145484WA0128601365
B1608551848333S04145462WA0129301373
B1608591848322S04145446WA0131001387
B1609031848309S04145426WA0131401393
B1609071848299S04145405WA0132301402
B1609111848289S04145381WA0132501406
B1609151848278S04145354WA0132801410
B1609191848269S04145325WA0133201412
B1609231848256S04145296WA0132901411
B1609271848241S04145267WA0133301414
B1609311848228S04145244WA0134101420
B1609351848211S04145218WA0133301415
B1609391848192S04145192WA0132801410
B1609431848168S04145168WA0132301405
B1609471848143S04145144WA0131901401
B1609511848119S04145119WA0131601399
B1609551848092S04145103WA0131801400
B1609591848066S04145089WA0132001401
B1610031848040S04145074WA0131501397
B1610071848013S04145056WA0131601397
B1610111847990S04145040WA0131601398
B1610151847967S04145014WA0130601389
B1610191847943S04144994WA0130901389
B1610231847921S04144977WA0130201381
B1610271847897S04144952WA0129001372
B1610311847871S04144927WA0128301365
B1610351847847S04144903WA0128101361
B1610391847826S04144877WA0127201352
B1610431847806S04144850WA0126701348
B1610471847788S04144829WA0127401352
B1610511847775S04144812WA0127901355
B1610551847757S04144785WA0126801349
B1610591847739S04144768WA0128301360
B1611031847728S04144745WA0127701357
B1611071847713S04144715WA0127301355
B1611111847703S04144688WA0128001360
B1611151847699S04144659WA0128201357
B1611191847695S04144643WA0128301357
B1611231847690S04144616WA0127901356
B1611271847682S04144590WA0128501363
B1611311847672S04144565WA0129301371
B1611351847663S04144540WA0129501375
B1611391847650S04144512WA0129901379
B1611431847642S04144491WA0130401385
B1611471847629S04144461WA0129501380
B1611511847617S04144431WA0130401387
B1611551847609S04144406WA0131501395
B1611591847597S04144377WA0130401387
B1612031847586S04144346WA0130301386
B1612071847577S04144315WA0130501388
B1612111847571S04144288WA0131101391
B1612151847562S04144257WA0129901382
B1612191847552S04144232WA0131001387
B1612231847545S04144204WA0130901387
B1612271847536S04144178WA0132501401
B1612311847533S04144157WA0132801405
B1612351847524S04144127WA0132101401
B1612391847513S04144100WA0132901409
B1612431847508S04144077WA0134101420
B1612471847498S04144052WA0134801426
B1612511847495S04144024WA0135401433
B1612551847517S04144000WA0135101431
B1612591847549S04143984WA0135201430
B1613031847579S04143964WA0134701429
B1613071847616S04143942WA0134201425
B1613111847646S04143931WA0135601435
B1613151847680S04143919WA0135201435
B1613191847710S04143906WA0135401436
B1613231847741S04143889WA0135101432
B1613271847772S04143872WA0134301425
B1613311847809S04143853WA0133001413
B1613351847844S04143835WA0132501405
B1613391847881S04143821WA0131301393
B1613431847921S04143800WA0129801381
B1613471847958S04143783WA0129401375
B1613511847993S04143764WA0129101371
B1613551848028S04143745WA0128901367
B1613591848057S04143735WA0129901376
B1614031848090S04143727WA0129501374
B1614071848117S04143716WA0130901384
B1614111848144S04143703WA0130101379
B1614151848178S04143689WA0129501374
B1614191848210S04143678WA0129501373
B1614231848242S04143660WA0129101371
B1614271848275S04143648WA0129401373
B1614311848304S04143644WA0130501381
B1614351848330S04143637WA0129901377
B1614391848365S04143630WA0128501364
B1614431848394S04143621WA0129101366
B1614471848414S04143611WA0128801363
B1614511848448S04143607WA0127601354
B1614551848475S04143600WA0128401357
B1614591848509S04143595WA0127401352
B1615031848545S04143593WA0127801355
B1615071848575S04143586WA0128301356
B1615111848597S04143585WA0129401368
B1615151848621S04143581WA0130501379
B1615191848650S04143578WA0131201388
B1615231848678S04143577WA0132401401
B1615271848700S04143585WA0133301409
B1615311848713S04143597WA0133701413
B1615351848741S04143586WA0133201409
B1615391848763S04143576WA0133501411
B1615431848793S04143566WA0132601405
B1615471848823S04143558WA0131901397
B1615511848855S04143550WA0130801386
B1615551848890S04143550WA0129301372
B1615591848928S04143552WA0128401364
B1616031848963S04143551WA0127901359
B1616071849002S04143545WA0127001351
B1616111849039S04143539WA0126901348
B1616151849077S04143533WA0126201342
B1616191849114S04143526WA0126001339
B1616231849150S04143520WA0125901337
B1616271849183S04143513WA0126001336
B1616311849213S04143509WA0126201337
B1616351849244S04143511WA0126601341
B1616391849270S04143510WA0127701350
B1616431849297S04143507WA0127201348
B1616471849325S04143506WA0127901353
B1616511849354S04143504WA0127401349
B1616551849386S04143496WA0126801344
B1616591849419S04143488WA0126901345
B1617031849448S04143481WA0126401340
B1617071849479S04143471WA0126101337
B1617111849502S04143462WA0126101336
B1617151849535S04143451WA0124901326
B1617191849562S04143448WA0124801322
B1617231849595S04143443WA0123501310
B1617271849623S04143439WA0123401306
B1617311849656S04143425WA0121701294
B1617351849690S04143416WA0121801292
B1617391849722S04143404WA0121201287
B1617431849757S04143385WA0120001276
B1617471849792S04143366WA0119301269
B1617511849823S04143345WA0118801262
B1617551849852S04143319WA0117801252
B1617591849883S04143294WA0116801241
B1618031849915S04143269WA0116001233
B1618071849943S04143246WA0116101233
B1618111849967S04143223WA0115901230
B1618151849994S04143197WA0115201223
B1618191850022S04143172WA0114701219
B1618231850051S04143148WA0114201213
B1618271850081S04143126WA0113701208
B1618311850114S04143105WA0113101203
B1618351850147S04143083WA0112601197
B1618391850182S04143068WA0112101191
B1618431850218S04143057WA0111601185
B1618471850256S04143051WA0110901176
B1618511850295S04143052WA0110201170
B1618551850333S04143051WA0109401162
B1618591850374S04143050WA0108301152
B1619031850411S04143045WA0107901145
B1619071850447S04143036WA0106301129
B1619111850482S04143025WA0105001114
B1619151850519S04143015WA0103701101
B1619191850554S04143011WA0102801090
B1619231850589S04143019WA0101701079
B1619271850623S04143024WA0100701068
B1619311850658S04143028WA0099401056
B1619351850694S04143034WA0098501046
B1619391850729S04143033WA0097501035
B1619431850766S04143030WA0096401024
B1619471850803S04143029WA0095201012
B1619511850840S04143030WA0094301002
B1619551850877S04143029WA0093200990
B1619591850914S04143023WA0092400980
B1620031850940S04142996WA0091400969
B1620071850957S04142963WA0090600960
B1620111850973S04142929WA0089400948
B1620151850982S04142894WA0088400938
B1620191850985S04142861WA0087800930
B1620231850984S04142832WA0087400925
B1620271850985S04142802WA0086400915
B1620311850988S04142772WA0085800908
B1620351850986S04142741WA0085100901
B1620391850987S04142712WA0084600896
B1620431850994S04142681WA0084100892
B1620471851003S04142650WA0083700889
B1620511851013S04142622WA0084100889
B1620551851024S04142594WA0083300882
B1620591851032S04142566WA0083300881
B1621031851044S04142539WA0082700875
B1621071851051S04142507WA0082000869
B1621111851058S04142477WA0081800866
B1621151851069S04142446WA0081300861
B1621191851079S04142416WA0080900858
B1621231851081S04142384WA0080900856
B1621271851074S04142352WA0080600855
B1621311851065S04142320WA0081100860
B1621351851058S04142293WA0082300871
B1621391851048S04142280WA0083200879
B1621431851033S04142290WA0082800877
B1621471851056S04142298WA0082800877
B1621511851071S04142277WA0083600884
B1621551851058S04142250WA0083500885
B1621591851045S04142229WA0084600895
B1622031851033S04142205WA0084300893
B1622071851015S04142181WA0083600887
B1622111850994S04142160WA0083300884
B1622151850979S04142141WA0084400891
B1622191850962S04142118WA0084000889
B1622231850944S04142100WA0084400892
B1622271850924S04142081WA0084400894
B1622311850905S04142064WA0084800897
B1622351850882S04142048WA0084900899
B1622391850865S04142032WA0085300901
B1622431850843S04142009WA0084200893
B1622471850823S04141988WA0084100890
B1622511850804S04141965WA0083400883
B1622551850786S04141938WA0082700876
B1622591850769S04141912WA0082400872
B1623031850747S04141891WA0081300863
B1623071850721S04141868WA0080500855
B1623111850697S04141842WA0080300850
B1623151850682S04141824WA0081900863
B1623191850669S04141799WA0081100858
B1623231850658S04141775WA0082000865
B1623271850643S04141750WA0081600863
B1623311850626S04141726WA0081200861
B1623351850606S04141702WA0081900867
B1623391850591S04141680WA0082000868
B1623431850572S04141652WA0081900868
B1623471850556S04141628WA0082200870
B1623511850535S04141601WA0081500865
B1623551850519S04141577WA0081900867
B1623591850505S04141549WA0081500864
B1624031850496S04141518WA0081400863
B1624071850487S04141486WA0081100861
B1624111850482S04141458WA0082500871
B1624151850478S04141433WA0083100877
B1624191850468S04141417WA0084200889
B1624231850457S04141402WA0084700895
B1624271850445S04141386WA0085000899
B1624311850431S04141368WA0085000899
B1624351850415S04141355WA0085000899
B1624391850396S04141336WA0084000891
B1624431850372S04141315WA0083300885
B1624471850349S04141291WA0082800880
B1624511850327S04141266WA0082300875
B1624551850311S04141236WA0082200873
B1624591850292S04141207WA0082500875
B1625031850272S04141185WA0083400882
B1625071850257S04141169WA0084200890
B1625111850241S04141144WA0084400894
B1625151850235S04141128WA0085800905
B1625191850224S04141100WA0085500905
B1625231850213S04141080WA0086200912
B1625271850196S04141051WA0086200913
B1625311850183S04141031WA0087100921
B1625351850168S04141003WA0086500917
B1625391850150S04140971WA0086200915
B1625431850131S04140940WA0086400918
B1625471850124S04140924WA0088900938
B1625511850112S04140898WA0088900941
B1625551850103S04140873WA0089500946
B1625591850095S04140843WA0089400947
B1626031850085S04140817WA0089300945
B1626071850074S04140791WA0089300944
B1626111850062S04140764WA0088400938
B1626151850046S04140734WA0088500938
B1626191850035S04140707WA0089500947
B1626231850031S04140684WA0090300954
B1626271850027S04140660WA0090700959
B1626311850020S04140635WA0091800971
B1626351850013S04140612WA0092600980
B1626391849998S04140606WA0093300988
B1626431850012S04140621WA0094000995
B1626471850030S04140615WA0095901011
B1626511850049S04140610WA0096701020
B1626551850068S04140603WA0097601030
B1626591850083S04140587WA0098501040
B1627031850086S04140563WA0099201047
B1627071850081S04140537WA0100201058
B1627111850074S04140516WA0101601071
B1627151850060S04140519WA0101901077
B1627191850077S04140527WA0102401083
B1627231850082S04140500WA0103501094
B1627271850066S04140501WA0104901107
B1627311850080S04140512WA0105401114
B1627351850096S04140492WA0106401124
B1627391850084S04140472WA0106901130
B1627431850066S04140481WA0108401145
B1627471850059S04140490WA0109601156
B1627511850076S04140499WA0110501167
B1627551850084S04140473WA0111401177
B1627591850069S04140477WA0112301186
B1628031850088S04140485WA0113301196
B1628071850095S04140462WA0114501208
B1628111850078S04140456WA0115601219
B1628151850080S04140474WA0116601230
B1628191850102S04140471WA0117701241
B1628231850106S04140449WA0118701253
B1628271850088S04140442WA0119901265
B1628311850077S04140454WA0121101278
B1628351850089S04140470WA0121701284
B1628391850109S04140452WA0122401292
B1628431850101S04140431WA0124001307
B1628471850087S04140422WA0125001318
B1628511850089S04140441WA0125301323
B1628551850112S04140433WA0126201332
B1628591850109S04140408WA0127101341
B1629031850090S04140392WA0127801350
B1629071850068S04140379WA0128801360
B1629111850047S04140378WA0129601369
B1629151850056S04140399WA0130001373
B1629191850080S04140401WA0131001382
B1629231850109S04140404WA0132001394
B1629271850131S04140411WA0133301406
B1629311850128S04140431WA0132901406
B1629351850110S04140420WA0134601421
B1629391850109S04140402WA0136201436
B1629431850129S04140384WA0137001446
B1629471850153S04140385WA0138001456
B1629511850177S04140377WA0138201459
B1629551850168S04140349WA0137701456
B1629591850151S04140338WA0139301471
B1630031850130S04140324WA0139601476
B1630071850110S04140312WA0140701486
B1630111850082S04140299WA0140201486
B1630151850054S04140289WA0141001491
B1630191850023S04140279WA0140201485
B1630231849990S04140269WA0139201477
B1630271849957S04140255WA0138301469
B1630311849923S04140242WA0137801463
B1630351849891S04140230WA0137201456
B1630391849858S04140218WA0135901445
B1630431849826S04140205WA0135301437
B1630471849795S04140192WA0134601429
B1630511849763S04140181WA0133801421
B1630551849731S04140168WA0133101414
B1630591849700S04140153WA0132601408
B1631031849668S04140140WA0131801400
B1631071849636S04140125WA0131501395
B1631111849606S04140110WA0131201392
B1631151849575S04140096WA0130801389
B1631191849546S04140082WA0130601386
B1631231849518S04140071WA0130501384
B1631271849488S04140059WA0130201382
B1631311849460S04140044WA0130101380
B1631351849430S04140029WA0129501376
B1631391849401S04140011WA0129301373
B1631431849371S04139994WA0129001371
B1631471849342S04139980WA0128501365
B1631511849313S04139966WA0127601356
B1631551849285S04139951WA0127201350
B1631591849257S04139936WA0126501345
B1632031849229S04139918WA0126101338
B1632071849203S04139902WA0125101330
B1632111849179S04139883WA0125201329
B1632151849153S04139865WA0124601324
B1632191849127S04139848WA0123901316
B1632231849103S04139828WA0123001305
B1632271849079S04139810WA0122201297
B1632311849053S04139792WA0121501291
B1632351849029S04139775WA0121301288
B1632391849003S04139759WA0120401279
B1632431848979S04139740WA0119801273
B1632471848956S04139719WA0119301268
B1632511848932S04139704WA0118801262
B1632551848907S04139689WA0118301257
B1632591848881S04139673WA0118101255
B1633031848853S04139659WA0117801251
B1633071848827S04139642WA0117601249
B1633111848800S04139626WA0117001243
B1633151848773S04139614WA0117301246
B1633191848752S04139606WA0118301251
B1633231848728S04139594WA0118101251
B1633271848709S04139584WA0118701257
B1633311848692S04139573WA0119201262
B1633351848675S04139565WA0119701268
B1633391848657S04139546WA0118801261
B1633431848635S04139534WA0119001260
B1633471848615S04139521WA0118801258
B1633511848597S04139506WA0118601256
B1633551848575S04139497WA0118401253
B1633591848549S04139481WA0118101251
B1634031848528S04139460WA0118701256
B1634071848539S04139424WA0118401256
B1634111848563S04139402WA0120301270
B1634151848579S04139383WA0120601275
B1634191848597S04139359WA0120901279
B1634231848623S04139347WA0121301283
B1634271848646S04139337WA0122401293
B1634311848666S04139324WA0122501294
B1634351848688S04139323WA0122001291
B1634391848706S04139335WA0122301293
B1634431848725S04139345WA0122901298
B1634471848748S04139343WA0122801298
B1634511848762S04139316WA0122901299
B1634551848773S04139294WA0122501295
B1634591848798S04139279WA0122101290
B1635031848823S04139264WA0121301282
B1635071848848S04139251WA0121001278
B1635111848873S04139242WA0120001268
B1635151848901S04139240WA0119601264
B1635191848925S04139236WA0119301261
B1635231848952S04139229WA0118701254
B1635271848978S04139223WA0117601244
B1635311849008S04139222WA0117001238
B1635351849039S04139219WA0116501231
B1635391849072S04139224WA0115701224
B1635431849103S04139224WA0114801215
B1635471849140S04139220WA0113301200
B1635511849171S04139212WA0112401189
B1635551849211S04139204WA0110701174
B1635591849250S04139195WA0110201167
B1636031849288S04139179WA0109601161
B1636071849326S04139163WA0109301158
B1636111849360S04139147WA0108901153
B1636151849397S04139131WA0108101145
B1636191849427S04139108WA0107701139
B1636231849460S04139097WA0106401127
B1636271849499S04139089WA0105001113
B1636311849536S04139081WA0104001102
B1636351849575S04139072WA0102701090
B1636391849611S04139062WA0102501085
B1636431849648S04139051WA0101101073
B1636471849682S04139041WA0100901069
B1636511849715S04139031WA0100101062
B1636551849749S04139021WA0099501055
B1636591849770S04139012WA0100801062
B1637031849796S04139008WA0099601052
B1637071849822S04139004WA0099601051
B1637111849853S04138996WA0098901047
B1637151849879S04138986WA0099201049
B1637191849911S04138976WA0098601043
B1637231849941S04138969WA0098601042
B1637271849970S04138959WA0098301039
B1637311850000S04138945WA0097501032
B1637351850030S04138933WA0096901025
B1637391850062S04138922WA0096101017
B1637431850091S04138910WA0095701011
B1637471850121S04138895WA0094901003
B1637511850150S04138878WA0093900993
B1637551850183S04138872WA0093100984
B1637591850215S04138869WA0092400976
B1638031850247S04138859WA0091800970
B1638071850273S04138849WA0091500965
B1638111850303S04138839WA0091200962
B1638151850330S04138834WA0091500964
B1638191850358S04138828WA0091700968
B1638231850380S04138819WA0092100971
B1638271850405S04138806WA0091900971
B1638311850428S04138794WA0092300975
B1638351850447S04138790WA0093700987
B1638391850471S04138792WA0093100983
B1638431850496S04138787WA0093200984
B1638471850522S04138784WA0093200985
B1638511850548S04138780WA0093400986
B1638551850578S04138775WA0092500979
B1638591850614S04138769WA0092300976
B1639031850644S04138767WA0093300984
B1639071850674S04138764WA0093500988
B1639111850701S04138763WA0094100993
B1639151850728S04138762WA0093600987
B1639191850760S04138760WA0093700988
B1639231850791S04138757WA0093400987
B1639271850825S04138756WA0093800990
B1639311850855S04138750WA0094500997
B1639351850890S04138747WA0094700999
B1639391850923S04138743WA0095001002
B1639431850953S04138742WA0096001010
B1639471850979S04138744WA0096001012
B1639511851005S04138750WA0096601020
B1639551851032S04138753WA0097201025
B1639591851061S04138759WA0097501029
B1640031851087S04138766WA0098701041
B1640071851109S04138771WA0099901053
B1640111851130S04138771WA0101001064
B1640151851146S04138756WA0101501069
B1640191851165S04138742WA0102101077
B1640231851189S04138730WA0102501082
B1640271851214S04138726WA0103701094
B1640311851239S04138728WA0104801105
B1640351851261S04138733WA0105501112
B1640391851275S04138714WA0106401120
B1640431851269S04138699WA0107201130
B1640471851255S04138713WA0107801137
B1640511851278S04138726WA0108201141
B1640551851302S04138717WA0109301152
B1640591851325S04138700WA0110001160
B1641031851346S04138684WA0111301173
B1641071851370S04138665WA0112001180
B1641111851390S04138672WA0112701188
B1641151851378S04138688WA0113201194
B1641191851363S04138675WA0114301204
B1641231851364S04138648WA0114801211
B1641271851382S04138624WA0115901223
B1641311851382S04138604WA0117601238
B1641351851402S04138586WA0117101237
B1641391851422S04138580WA0119301257
B1641431851436S04138571WA0120401268
B1641471851453S04138557WA0121701284
B1641511851470S04138547WA0123001296
B1641551851491S04138538WA0123801305
B1641591851511S04138533WA0124701316
B1642031851533S04138523WA0125501324
B1642071851553S04138513WA0126401333
B1642111851569S04138501WA0127601345
B1642151851561S04138478WA0128101351
B1642191851550S04138460WA0130001371
B1642231851535S04138454WA0130701379
B1642271851537S04138473WA0131601391
B1642311851563S04138471WA0132801402
B1642351851586S04138467WA0134401418
B1642391851614S04138455WA0135401429
B1642431851636S04138444WA0136801443
B1642471851664S04138439WA0137501451
B1642511851693S04138433WA0138201460
B1642551851722S04138425WA0139001468
B1642591851756S04138417WA0138601467
B1643031851793S04138407WA0138701467
B1643071851828S04138399WA0138801469
B1643111851864S04138389WA0138801469
B1643151851902S04138386WA0139001471
B1643191851941S04138380WA0138901471
B1643231851979S04138370WA0138901471
B1643271852015S04138352WA0138801471
B1643311852050S04138338WA0139201474
B1643351852087S04138329WA0138601467
B1643391852123S04138313WA0138201463
B1643431852161S04138306WA0137901460
B1643471852199S04138294WA0137101453
B1643511852232S04138275WA0137901459
B1643551852262S04138251WA0138001461
B1643591852294S04138232WA0137901460
B1644031852326S04138209WA0137301454
B1644071852359S04138189WA0136501444
B1644111852380S04138200WA0135901439
B1644151852357S04138214WA0134701427
B1644191852327S04138216WA0134301422
B1644231852292S04138218WA0133001411
B1644271852258S04138220WA0132801409
B1644311852228S04138223WA0132901409
B1644351852200S04138230WA0132601406
B1644391852174S04138241WA0132201401
B1644431852146S04138246WA0131501395
B1644471852118S04138252WA0131201390
B1644511852092S04138261WA0131201389
B1644551852063S04138272WA0130101380
B1644591852033S04138281WA0129901377
B1645031852003S04138288WA0129901376
B1645071851972S04138295WA0129201370
B1645111851939S04138302WA0129001367
B1645151851906S04138307WA0128401362
B1645191851873S04138311WA0128401362
B1645231851843S04138316WA0128801365
B1645271851812S04138320WA0129201369
B1645311851783S04138324WA0130201378
B1645351851759S04138327WA0131301388
B1645391851731S04138331WA0131201391
B1645431851700S04138338WA0131801396
B1645471851677S04138343WA0133401410
B1645511851648S04138342WA0133901418
B1645551851626S04138339WA0136001437
B1645591851601S04138334WA0136901447
B1646031851579S04138325WA0138201460
B1646071851549S04138321WA0138201462
B1646111851527S04138317WA0140201479
B1646151851501S04138313WA0140501485
B1646191851476S04138309WA0141901498
B1646231851451S04138315WA0142401505
B1646271851434S04138331WA0144101522
B1646311851417S04138332WA0145401535
B1646351851400S04138325WA0146501546
B1646391851406S04138304WA0146501549
B1646431851425S04138315WA0147101556
B1646471851416S04138338WA0148201566
B1646511851405S04138360WA0149001575
B1646551851388S04138376WA0149401579
B1646591851372S04138391WA0149301579
B1647031851350S04138408WA0148701574
B1647071851330S04138422WA0148601573
B1647111851308S04138438WA0147101561
B1647151851282S04138451WA0146101549
B1647191851256S04138462WA0145201539
B1647231851232S04138476WA0145001537
B1647271851205S04138492WA0144701536
B1647311851178S04138505WA0145301541
B1647351851156S04138516WA0146601551
B1647391851136S04138524WA0147301557
B1647431851115S04138531WA0147901563
B1647471851097S04138543WA0148901572
B1647511851079S04138559WA0149101575
B1647551851060S04138577WA0149801582
B1647591851043S04138593WA0150801592
B1648031851033S04138611WA0151601601
B1648071851012S04138619WA0152401610
B1648111850997S04138610WA0153801623
B1648151851001S04138587WA0154401631
B1648191851020S04138591WA0155601642
B1648231851023S04138610WA0156201650
B1648271851007S04138622WA0157201659
B1648311850995S04138599WA0157601664
B1648351851009S04138577WA0157901668
B1648391851033S04138582WA0159201681
B1648431851046S04138600WA0160101691
B1648471851055S04138624WA0161201703
B1648511851045S04138641WA0161801707
B1648551851023S04138658WA0161901709
B1648591851007S04138675WA0161801711
B1649031850989S04138696WA0161501707
B1649071850968S04138720WA0160601701
B1649111850954S04138734WA0162701715
B1649151850941S04138754WA0162001710
B1649191850925S04138775WA0162701716
B1649231850906S04138797WA0162401712
B1649271850884S04138826WA0161701706
B1649311850860S04138854WA0160801698
B1649351850836S04138877WA0160501695
B1649391850815S04138898WA0159101685
B1649431850789S04138923WA0157901671
B1649471850762S04138946WA0157101665
B1649511850740S04138970WA0156501658
B1649551850718S04138996WA0155801650
B1649591850700S04139024WA0155201644
B1650031850682S04139051WA0154501637
B1650071850663S04139078WA0153601628
B1650111850645S04139104WA0153001621
B1650151850626S04139131WA0152101612
B1650191850607S04139157WA0151301605
B1650231850589S04139182WA0150601596
B1650271850574S04139211WA0149701588
B1650311850557S04139239WA0148901578
B1650351850540S04139268WA0148001570
B1650391850519S04139291WA0147201561
B1650431850497S04139310WA0146201549
B1650471850474S04139334WA0145001537
B1650511850452S04139355WA0144601532
B1650551850430S04139376WA0143701523
B1650591850407S04139397WA0142501510
B1651031850383S04139419WA0140901494
B1651071850361S04139442WA0139601481
B1651111850342S04139459WA0139901481
B1651151850327S04139476WA0139101473
B1651191850305S04139500WA0137701456
B1651231850295S04139510WA0139201465
B1651271850284S04139524WA0138101453
B1651311850273S04139539WA0138001455
B1651351850260S04139558WA0137501450
B1651391850246S04139577WA0137701452
B1651431850231S04139599WA0137801455
B1651471850219S04139622WA0138401461
B1651511850206S04139645WA0139201469
B1651551850196S04139662WA0140201478
B1651591850198S04139684WA0139801476
B1652031850207S04139708WA0140101479
B1652071850218S04139731WA0140401481
B1652111850231S04139755WA0140301481
B1652151850243S04139784WA0140201482
B1652191850253S04139810WA0140201481
B1652231850271S04139839WA0139701477
B1652271850284S04139868WA0139801477
B1652311850292S04139902WA0139701477
B1652351850299S04139934WA0139601475
B1652391850306S04139966WA0138401463
B1652431850315S04139998WA0137501453
B1652471850322S04140032WA0136401442
B1652511850324S04140065WA0135701434
B1652551850330S04140097WA0134601423
B1652591850337S04140126WA0133901415
B1653031850344S04140158WA0132901405
B1653071850351S04140187WA0132501401
B1653111850357S04140219WA0131701393
B1653151850363S04140248WA0131301387
B1653191850373S04140279WA0129901375
B1653231850387S04140315WA0128801364
B1653271850402S04140349WA0127901355
B1653311850416S04140384WA0126901344
B1653351850431S04140419WA0126001334
B1653391850444S04140453WA0125301326
B1653431850458S04140488WA0124501318
B1653471850470S04140524WA0123601309
B1653511850480S04140560WA0123001302
B1653551850491S04140595WA0122501296
B1653591850503S04140631WA0121701289
B1654031850512S04140665WA0121001281
B1654071850522S04140700WA0120401273
B1654111850533S04140733WA0119701265
B1654151850545S04140767WA0118701256
B1654191850555S04140803WA0117801247
B1654231850562S04140838WA0117201240
B1654271850568S04140875WA0116301232
B1654311850573S04140911WA0115701224
B1654351850577S04140948WA0114901216
B1654391850582S04140984WA0114101209
B1654431850589S04141020WA0113301200
B1654471850595S04141056WA0112401190
B1654511850603S04141091WA0111701182
B1654551850608S04141125WA0110701172
B1654591850610S04141162WA0109701161
B1655031850611S04141198WA0108801151
B1655071850613S04141234WA0107901142
B1655111850611S04141268WA0107101134
B1655151850610S04141302WA0106301127
B1655191850609S04141335WA0105601120
B1655231850610S04141369WA0104601110
B1655271850611S04141402WA0104001102
B1655311850616S04141436WA0103301094
B1655351850622S04141469WA0102501086
B1655391850630S04141501WA0102001080
B1655431850644S04141533WA0101001070
B1655471850647S04141566WA0100201062
B1655511850649S04141600WA0099401053
B1655551850652S04141634WA0098401043
B1655591850655S04141669WA0097401032
B1656031850656S04141705WA0096301021
B1656071850661S04141738WA0095601012
B1656111850674S04141771WA0094601001
B1656151850694S04141801WA0093800992
B1656191850717S04141824WA0093300986
B1656231850742S04141850WA0092200975
B1656271850766S04141877WA0091300966
B1656311850790S04141907WA0090400957
B1656351850811S04141937WA0089800951
B1656391850823S04141970WA0089400945
B1656431850830S04142001WA0088900939
B1656471850842S04142033WA0087900930
B1656511850860S04142063WA0087100920
B1656551850879S04142092WA0085700906
B1656591850902S04142122WA0084300891
B1657031850918S04142151WA0083900886
B1657071850940S04142176WA0083200878
B1657111850971S04142190WA0082800872
B1657151851000S04142209WA0082100864
B1657191851023S04142217WA0082800867
B1657231851047S04142228WA0081700858
B1657271851063S04142244WA0082100861
B1657311851081S04142262WA0082400866
B1657351851096S04142280WA0083400875
B1657391851113S04142290WA0084300884
B1657431851123S04142278WA0084600888
B1657471851106S04142267WA0084900893
B1657511851098S04142288WA0085700899
B1657551851107S04142309WA0086400907
B1657591851124S04142319WA0087100914
B1658031851141S04142309WA0087400917
B1658071851127S04142293WA0087200917
B1658111851107S04142305WA0088100925
B1658151851097S04142328WA0088400929
B1658191851091S04142351WA0089000935
B1658231851097S04142377WA0089000935
B1658271851121S04142370WA0088500932
B1658311851110S04142355WA0089000935
B1658351851092S04142360WA0089400939
B1658391851072S04142360WA0089400940
B1658431851071S04142347WA0090600951
B1658471851095S04142344WA0090700954
B1658511851093S04142370WA0090500952
B1658551851080S04142390WA0091300959
B1658591851070S04142399WA0092300969
B1659031851061S04142380WA0091900966
B1659071851073S04142360WA0092400972
B1659111851098S04142351WA0092700977
B1659151851112S04142369WA0093700985
B1659191851096S04142382WA0093400985
B1659231851092S04142365WA0094600995
B1659271851116S04142358WA0094600998
B1659311851124S04142380WA0095201001
B1659351851107S04142392WA0095401005
B1659391851102S04142374WA0095901009
B1659431851112S04142352WA0096301014
B1659471851132S04142348WA0096401016
B1659511851143S04142374WA0096701017
B1659551851148S04142398WA0096801018
B1659591851138S04142412WA0097001020
B1700031851123S04142406WA0096901021
B1700071851115S04142415WA0097301023
B1700111851133S04142437WA0096001011
B1700151851160S04142434WA0096501014
B1700191851169S04142417WA0095901007
B1700231851152S04142429WA0094300996
B1700271851154S04142446WA0095801006
B1700311851148S04142466WA0094400995
B1700351851138S04142486WA0093600986
B1700391851130S04142505WA0093100980
B1700431851124S04142532WA0091600967
B1700471851114S04142564WA0090400957
B1700511851102S04142590WA0091100961
B1700551851093S04142613WA0090600957
B1700591851084S04142645WA0089900950
B1701031851077S04142674WA0089800948
B1701071851076S04142708WA0089100941
B1701111851072S04142741WA0088600936
B1701151851071S04142772WA0088000930
B1701191851072S04142805WA0087300922
B1701231851079S04142838WA0086800917
B1701271851088S04142867WA0086400912
B1701311851095S04142896WA0085700904
B1701351851103S04142925WA0084800895
B1701391851112S04142954WA0083900885
B1701431851122S04142984WA0082600873
B1701471851129S04143017WA0081600862
B1701511851138S04143048WA0080700852
B1701551851151S04143077WA0079900843
B1701591851163S04143109WA0078900833
B1702031851176S04143142WA0078000823
B1702071851189S04143176WA0077000812
B1702111851199S04143210WA0076000802
B1702151851209S04143243WA0075000790
B1702191851218S04143275WA0073800777
B1702231851223S04143308WA0072800766
B1702271851226S04143345WA0071600755
B1702311851229S04143379WA0071200748
B1702351851234S04143410WA0071400747
B1702391851235S04143433WA0070900742
B1702431851241S04143462WA0070300737
B1702471851246S04143489WA0069900731
B1702511851250S04143520WA0069200724
B1702551851254S04143549WA0069100723
B1702591851259S04143578WA0068200716
B1703031851264S04143608WA0068400716
B1703071851270S04143632WA0068700720
B1703111851280S04143662WA0068600720
B1703151851288S04143689WA0069200724
B1703191851301S04143717WA0069600730
B1703231851314S04143742WA0070900742
B1703271851336S04143743WA0071700751
B1703311851358S04143748WA0072300758
B1703351851353S04143770WA0073000765
B1703391851337S04143756WA0073400771
B1703431851327S04143739WA0075100787
B1703471851337S04143724WA0075700794
B1703511851359S04143733WA0076400801
B1703551851362S04143760WA0077100808
B1703591851347S04143764WA0078000819
B1704031851344S04143745WA0078700827
B1704071851369S04143750WA0079000831
B1704111851372S04143774WA0080300843
B1704151851354S04143769WA0080500846
B1704191851358S04143747WA0081600856
B1704231851376S04143735WA0082500865
B1704271851397S04143747WA0082800870
B1704311851391S04143765WA0083800881
B1704351851376S04143755WA0084400888
B1704391851380S04143732WA0085500900
B1704431851404S04143730WA0086100907
B1704471851405S04143751WA0087100916
B1704511851390S04143742WA0088200929
B1704551851400S04143722WA0089000936
B1704591851419S04143736WA0089700943
B1705031851429S04143757WA0090800954
B1705071851436S04143777WA0091900966
B1705111851419S04143770WA0092200972
B1705151851430S04143750WA0093300982
B1705191851454S04143738WA0094400993
B1705231851479S04143736WA0095401002
B1705271851502S04143750WA0096001009
B1705311851492S04143771WA0096201014
B1705351851477S04143771WA0097601027
B1705391851467S04143757WA0098401035
B1705431851491S04143748WA0098501038
B1705471851493S04143775WA0098801043
B1705511851490S04143794WA0100701059
B1705551851514S04143804WA0101201064
B1705591851532S04143787WA0101901072
B1706031851523S04143773WA0102601080
B1706071851508S04143776WA0103201087
B1706111851499S04143792WA0104201097
B1706151851507S04143813WA0105001105
B1706191851531S04143816WA0105501110
B1706231851537S04143797WA0106201119
B1706271851522S04143794WA0107001127
B1706311851514S04143812WA0107901135
B1706351851511S04143832WA0108701144
B1706391851502S04143852WA0109601154
B1706431851501S04143871WA0110401162
B1706471851525S04143867WA0109801159
B1706511851545S04143857WA0110901168
B1706551851562S04143870WA0110901169
B1706591851551S04143890WA0111101173
B1707031851537S04143905WA0111601176
B1707071851523S04143924WA0111401176
B1707111851509S04143950WA0111201176
B1707151851494S04143975WA0111701180
B1707191851478S04144003WA0111901182
B1707231851461S04144031WA0112101185
B1707271851444S04144055WA0112301186
B1707311851428S04144081WA0112201185
B1707351851413S04144107WA0112301185
B1707391851397S04144135WA0112501189
B1707431851383S04144158WA0112901191
B1707471851367S04144185WA0112801192
B1707511851353S04144202WA0113801201
B1707551851341S04144226WA0113601199
B1707591851333S04144253WA0113601200
B1708031851325S04144281WA0114201205
B1708071851317S04144308WA0114601211
B1708111851308S04144333WA0115201217
B1708151851299S04144355WA0115101215
B1708191851286S04144380WA0114801213
B1708231851270S04144397WA0114801213
B1708271851255S04144418WA0114601211
B1708311851245S04144441WA0114701211
B1708351851235S04144464WA0114401208
B1708391851227S04144488WA0114201206
B1708431851218S04144511WA0113701200
B1708471851207S04144535WA0113101194
B1708511851198S04144559WA0112901192
B1708551851188S04144584WA0112501188
B1708591851176S04144605WA0111901181
B1709031851164S04144628WA0111101173
B1709071851152S04144646WA0110601166
B1709111851140S04144666WA0109701157
B1709151851128S04144686WA0108701147
B1709191851117S04144707WA0107901139
B1709231851105S04144727WA0107201132
B1709271851095S04144746WA0106701125
B1709311851084S04144770WA0104801109
B1709351851072S04144795WA0103901097
B1709391851060S04144820WA0102701084
B1709431851045S04144843WA0101401071
B1709471851030S04144867WA0100201059
B1709511851018S04144892WA0099001047
B1709551851007S04144917WA0098701041
B1709591850996S04144944WA0097401030
B1710031850986S04144972WA0096901023
B1710071850973S04145002WA0096001013
B1710111850961S04145026WA0096501016
B1710151850954S04145042WA0097001019
B1710191850944S04145066WA0096601017
B1710231850937S04145088WA0097401024
B1710271850928S04145113WA0097201024
B1710311850918S04145137WA0097501028
B1710351850907S04145165WA0097601029
B1710391850893S04145190WA0097901033
B1710431850879S04145218WA0098501039
B1710471850868S04145245WA0098801041
B1710511850858S04145274WA0098901042
B1710551850848S04145301WA0098301036
B1710591850834S04145329WA0097501027
B1711031850820S04145356WA0096901022
B1711071850808S04145382WA0096401016
B1711111850794S04145410WA0095101004
B1711151850778S04145442WA0094000994
B1711191850761S04145469WA0093700989
B1711231850746S04145496WA0092800980
B1711271850729S04145525WA0092000970
B1711311850714S04145556WA0091400964
B1711351850701S04145579WA0092100968
B1711391850687S04145598WA0092100969
B1711431850671S04145614WA0092600973
B1711471850659S04145633WA0092900976
B1711511850647S04145651WA0093400982
B1711551850634S04145671WA0093500984
B1711591850621S04145694WA0093400985
B1712031850603S04145720WA0093500987
B1712071850583S04145745WA0093700989
B1712111850559S04145768WA0094000993
B1712151850535S04145787WA0095101002
B1712191850510S04145806WA0096001012
B1712231850488S04145826WA0097101023
B1712271850469S04145837WA0098901039
B1712311850448S04145851WA0099501046
B1712351850428S04145866WA0100101052
B1712391850405S04145882WA0100101052
B1712431850385S04145895WA0100401056
B1712471850372S04145915WA0100701058
B1712511850358S04145933WA0100901061
B1712551850344S04145955WA0101701069
B1712591850336S04145973WA0103101082
B1713031850356S04145975WA0103601090
B1713071850344S04145954WA0104501101
B1713111850328S04145971WA0105701111
B1713151850327S04145988WA0107001125
B1713191850350S04145993WA0107601131
B1713231850350S04145972WA0108901145
B1713271850328S04145981WA0109501154
B1713311850330S04146000WA0111001167
B1713351850347S04146006WA0111401173
B1713391850353S04145983WA0112201182
B1713431850334S04145982WA0113001190
B1713471850340S04146003WA0113601197
B1713511850360S04145991WA0114301204
B1713551850350S04145972WA0115101212
B1713591850334S04145983WA0115901219
B1714031850349S04145999WA0116401225
B1714071850368S04145988WA0117401233
B1714111850372S04145966WA0118001242
B1714151850354S04145964WA0118701248
B1714191850355S04145982WA0119601258
B1714231850377S04145978WA0120001262
B1714271850380S04145955WA0120801270
B1714311850363S04145948WA0121401278
B1714351850361S04145970WA0121901283
B1714391850374S04145984WA0123101294
B1714431850396S04145979WA0123101295
B1714471850405S04145952WA0123601301
B1714511850397S04145935WA0124501310
B1714551850384S04145943WA0125001316
B1714591850399S04145955WA0125601323
B1715031850413S04145932WA0125401324
B1715071850397S04145921WA0127101338
B1715111850387S04145938WA0128001349
B1715151850384S04145958WA0128901357
B1715191850382S04145979WA0129601365
B1715231850380S04146000WA0129901370
B1715271850375S04146020WA0130001369
B1715311850371S04146046WA0129401364
B1715351850364S04146071WA0129501364
B1715391850354S04146092WA0129601365
B1715431850343S04146121WA0129001362
B1715471850330S04146154WA0129501368
B1715511850322S04146178WA0129701369
B1715551850305S04146201WA0129101362
B1715591850287S04146214WA0128701357
B1716031850269S04146235WA0126901340
B1716071850250S04146260WA0125601326
B1716111850239S04146291WA0125201323
B1716151850230S04146319WA0125401324
B1716191850224S04146348WA0125401324
B1716231850206S04146363WA0126201331
B1716271850184S04146379WA0126101332
B1716311850163S04146394WA0127201342
B1716351850142S04146404WA0127301344
B1716391850115S04146414WA0127401346
B1716431850090S04146423WA0128101353
B1716471850060S04146428WA0128101354
B1716511850031S04146432WA0128301356
B1716551850000S04146429WA0128701360
B1716591849972S04146427WA0129101365
B1717031849945S04146421WA0129401368
B1717071849920S04146415WA0129901373
B1717111849896S04146407WA0130001375
B1717151849873S04146398WA0130601380
B1717191849849S04146390WA0130501379
B1717231849822S04146385WA0130701382
B1717271849797S04146376WA0131401389
B1717311849776S04146362WA0131601391
B1717351849751S04146351WA0131601392
B1717391849729S04146338WA0131901394
B1717431849707S04146325WA0132001395
B1717471849684S04146314WA0131501390
B1717511849659S04146305WA0131101386
B1717551849637S04146296WA0131301388
B1717591849615S04146287WA0131001386
B1718031849593S04146277WA0131201387
B1718071849573S04146261WA0131201387
B1718111849551S04146250WA0131301388
B1718151849530S04146248WA0131601390
B1718191849504S04146243WA0131001385
B1718231849479S04146237WA0130701380
B1718271849454S04146232WA0130001373
B1718311849429S04146226WA0129701369
B1718351849408S04146213WA0129301364
B1718391849385S04146203WA0129601367
B1718431849368S04146191WA0130301373
B1718471849346S04146178WA0130501375
B1718511849323S04146164WA0130201374
B1718551849300S04146158WA0130501374
B1718591849277S04146156WA0129701367
B1719031849259S04146152WA0130301370
B1719071849240S04146142WA0129301361
B1719111849221S04146132WA0130001367
B1719151849205S04146121WA0129801368
B1719191849186S04146110WA0130301372
B1719231849167S04146102WA0130201372
B1719271849147S04146101WA0131101380
B1719311849127S04146094WA0130301375
B1719351849110S04146086WA0131601385
B1719391849092S04146075WA0131101383
B1719431849070S04146063WA0130601377
B1719471849052S04146049WA0130501375
B1719511849035S04146035WA0130101371
B1719551849010S04146027WA0129001361
B1719591848981S04146019WA0128501356
B1720031848953S04146014WA0128001350
B1720071848921S04146007WA0126701339
B1720111848887S04145999WA0126101334
B1720151848856S04145994WA0126801337
B1720191848829S04145985WA0126901340
B1720231848804S04145974WA0126901339
B1720271848780S04145962WA0126801337
B1720311848753S04145951WA0125701327
B1720351848725S04145938WA0125401323
B1720391848700S04145923WA0125601324
B1720431848670S04145909WA0125201320
B1720471848652S04145898WA0127301336
B1720511848635S04145883WA0126901336
B1720551848615S04145866WA0127701343
B1720591848593S04145851WA0127701346
B1721031848569S04145830WA0128201352
B1721071848542S04145814WA0128801360
B1721111848519S04145796WA0130401376
B1721151848502S04145773WA0131301385
B1721191848482S04145751WA0131101385
B1721231848462S04145730WA0131101384
B1721271848441S04145709WA0131701391
B1721311848418S04145691WA0132701402
B1721351848400S04145666WA0133701411
B1721391848406S04145638WA0134601420
B1721431848431S04145634WA0136301434
B1721471848437S04145652WA0136901443
B1721511848427S04145666WA0138501458
B1721551848408S04145648WA0138501463
B1721591848400S04145622WA0140501482
B1722031848395S04145592WA0141201492
B1722071848392S04145561WA0142701507
B1722111848410S04145545WA0143301515
B1722151848420S04145559WA0144401526
B1722191848406S04145567WA0145701539
B1722231848385S04145570WA0146901551
B1722271848370S04145551WA0148001563
B1722311848383S04145520WA0148801571
B1722351848404S04145511WA0150101583
B1722391848425S04145515WA0150401589
B1722431848438S04145526WA0151801603
B1722471848447S04145541WA0152601612
B1722511848451S04145553WA0154101625
B1722551848438S04145559WA0154901634
B1722591848423S04145538WA0155901644
B1723031848430S04145508WA0156901654
B1723071848452S04145489WA0157601663
B1723111848459S04145502WA0158401671
B1723151848447S04145515WA0159601684
B1723191848433S04145523WA0160501692
B1723231848411S04145523WA0161401703
B1723271848390S04145516WA0162401712
B1723311848374S04145491WA0162301711
B1723351848387S04145465WA0161901707
B1723391848406S04145469WA0161501705
B1723431848414S04145484WA0162601714
B1723471848420S04145499WA0162901719
B1723511848427S04145514WA0163701727
B1723551848439S04145537WA0163901731
B1723591848448S04145551WA0165701748
B1724031848455S04145570WA0166101754
B1724071848460S04145585WA0166801759
B1724111848467S04145607WA0166101754
B1724151848480S04145634WA0165901754
B1724191848489S04145656WA0166201756
B1724231848500S04145685WA0166001757
B1724271848510S04145707WA0166501760
B1724311848521S04145732WA0165901755
B1724351848536S04145762WA0164601743
B1724391848552S04145793WA0163801736
B1724431848570S04145826WA0163001728
B1724471848588S04145853WA0162901723
B1724511848606S04145883WA0162101717
B1724551848624S04145916WA0162101717
B1724591848640S04145950WA0161901716
B1725031848654S04145982WA0162101717
B1725071848668S04146013WA0162501720
B1725111848679S04146045WA0163601727
B1725151848687S04146069WA0164501736
B1725191848699S04146099WA0164601741
B1725231848710S04146131WA0164901745
B1725271848722S04146163WA0164901747
B1725311848735S04146196WA0164501742
B1725351848746S04146232WA0163701733
B1725391848760S04146268WA0162801724
B1725431848774S04146305WA0161801714
B1725471848789S04146342WA0161201707
B1725511848799S04146375WA0161101704
B1725551848810S04146409WA0159801693
B1725591848821S04146443WA0159001686
B1726031848831S04146478WA0158201676
B1726071848842S04146513WA0157401668
B1726111848853S04146546WA0156601660
B1726151848861S04146581WA0155701650
B1726191848872S04146613WA0155201644
B1726231848889S04146644WA0154301635
B1726271848904S04146677WA0153701628
B1726311848916S04146711WA0152901620
B1726351848926S04146745WA0152501616
B1726391848936S04146779WA0151601607
B1726431848944S04146814WA0150801598
B1726471848952S04146849WA0150101590
B1726511848960S04146883WA0149201581
B1726551848969S04146917WA0148501572
B1726591848977S04146952WA0147501563
B1727031848985S04146985WA0146801555
B1727071848997S04147017WA0145901545
B1727111849013S04147048WA0145001535
B1727151849033S04147077WA0144101524
B1727191849056S04147105WA0143001513
B1727231849078S04147132WA0142101503
B1727271849096S04147164WA0140801491
B1727311849114S04147196WA0140001482
B1727351849132S04147230WA0139001472
B1727391849151S04147262WA0138201463
B1727431849172S04147292WA0137901458
B1727471849190S04147322WA0137101451
B1727511849210S04147354WA0136301443
B1727551849228S04147386WA0135401434
B1727591849243S04147420WA0134701426
B1728031849256S04147450WA0134401421
B1728071849275S04147477WA0133901415
B1728111849294S04147507WA0132901407
B1728151849312S04147539WA0132301400
B1728191849329S04147572WA0131201390
B1728231849346S04147605WA0130601383
B1728271849359S04147638WA0129701372
B1728311849373S04147672WA0128601361
B1728351849386S04147706WA0127701350
B1728391849403S04147739WA0126701340
B1728431849423S04147769WA0126001332
B1728471849441S04147800WA0125201323
B1728511849457S04147827WA0124601316
B1728551849473S04147859WA0123401306
B1728591849488S04147886WA0122801296
B1729031849507S04147917WA0121201280
B1729071849527S04147952WA0119801267
B1729111849547S04147984WA0119501262
B1729151849566S04148017WA0118401252
B1729191849584S04148047WA0118001246
B1729231849603S04148079WA0116701233
B1729271849623S04148108WA0115701223
B1729311849646S04148136WA0114501210
B1729351849662S04148166WA0113501199
B1729391849676S04148198WA0112501188
B1729431849692S04148229WA0111501179
B1729471849709S04148258WA0110401166
B1729511849732S04148284WA0109601157
B1729551849755S04148305WA0109001151
B1729591849778S04148331WA0108101143
B1730031849800S04148357WA0107001131
B1730071849823S04148384WA0105901120
B1730111849846S04148413WA0104901109
B1730151849867S04148443WA0104201101
B1730191849886S04148473WA0103501094
B1730231849905S04148500WA0103001088
B1730271849929S04148521WA0102201079
B1730311849955S04148543WA0101201069
B1730351849981S04148565WA0101001065
B1730391850004S04148583WA0100901062
B1730431850028S04148605WA0099901054
B1730471850053S04148625WA0099101045
B1730511850080S04148649WA0097701031
B1730551850105S04148677WA0096701021
B1730591850128S04148703WA0095801009
B1731031850149S04148733WA0094500997
B1731071850169S04148761WA0094400994
B1731111850191S04148787WA0094200993
B1731151850210S04148816WA0093700988
B1731191850229S04148845WA0094300991
B1731231850241S04148866WA0095000997
B1731271850249S04148895WA0095301002
B1731311850254S04148920WA0095701007
B1731351850255S04148946WA0096201011
B1731391850253S04148972WA0096401012
B1731431850265S04148999WA0096101010
B1731471850285S04149022WA0096401012
B1731511850307S04149047WA0096401014
B1731551850326S04149072WA0096801016
B1731591850347S04149098WA0096501014
B1732031850364S04149123WA0096901017
B1732071850383S04149149WA0096501014
B1732111850400S04149172WA0096301011
B1732151850420S04149196WA0095301002
B1732191850442S04149222WA0094000990
B1732231850462S04149250WA0093400984
B1732271850481S04149278WA0092500975
B1732311850500S04149306WA0092100969
B1732351850518S04149335WA0091000958
B1732391850538S04149362WA0090200949
B1732431850558S04149389WA0089400940
B1732471850578S04149412WA0089600940
B1732511850596S04149430WA0089400939
B1732551850614S04149452WA0089100935
B1732591850629S04149474WA0088000924
B1733031850647S04149500WA0087000913
B1733071850667S04149527WA0085700900
B1733111850687S04149557WA0085000894
B1733151850707S04149587WA0084600890
B1733191850727S04149617WA0083900883
B1733231850748S04149643WA0083700879
B1733271850765S04149668WA0082500866
B1733311850774S04149696WA0081800859
B1733351850783S04149725WA0080600848
B1733391850788S04149756WA0079600837
B1733431850794S04149782WA0079300831
B1733471850799S04149809WA0078500823
B1733511850800S04149836WA0078000817
B1733551850802S04149861WA0077200808
B1733591850804S04149889WA0076100798
B1734031850804S04149918WA0075100788
B1734071850801S04149949WA0074300780
B1734111850796S04149980WA0073800775
B1734151850790S04150010WA0073500772
B1734191850784S04150040WA0073400769
B1734231850774S04150071WA0073200768
B1734271850768S04150103WA0072700764
B1734311850768S04150136WA0072600762
B1734351850771S04150170WA0071800755
B1734391850778S04150202WA0071900755
B1734431850782S04150233WA0071700753
B1734471850783S04150263WA0071400749
B1734511850783S04150296WA0070800743
B1734551850784S04150329WA0070700741
B1734591850788S04150361WA0070400738
B1735031850790S04150392WA0070100734
B1735071850792S04150420WA0069700728
B1735111850795S04150445WA0069100722
B1735151850810S04150467WA0068800717
B1735191850832S04150481WA0069100720
B1735231850852S04150496WA0068900720
B1735271850868S04150509WA0069500724
B1735311850884S04150522WA0069400724
B1735351850899S04150536WA0069700726
B1735391850918S04150549WA0069500725
B1735431850941S04150557WA0069900729
B1735471850962S04150569WA0070600735
B1735511850959S04150593WA0070500737
B1735551850941S04150589WA0071600747
B1735591850953S04150581WA0072400756
B1736031850974S04150595WA0073000762
B1736071850968S04150618WA0073200764
B1736111850949S04150616WA0074200774
B1736151850944S04150600WA0074900782
B1736191850952S04150585WA0075800791
B1736231850975S04150593WA0076000794
B1736271850978S04150617WA0076500798
B1736311850959S04150617WA0076900804
B1736351850966S04150597WA0077700812
B1736391850988S04150595WA0078200818
B1736431851000S04150617WA0078600821
B1736471850980S04150624WA0078400820
B1736511850968S04150606WA0079100826
B1736551850980S04150586WA0079600833
B1736591851001S04150580WA0080400840
B1737031851024S04150585WA0081000847
B1737071851023S04150606WA0081100849
B1737111851006S04150602WA0081400851
B1737151851014S04150584WA0081600853
B1737191851039S04150591WA0081700855
B1737231851056S04150609WA0082300860
B1737271851066S04150633WA0082600863
B1737311851076S04150657WA0082700865
B1737351851092S04150680WA0082900867
B1737391851109S04150707WA0082000860
B1737431851127S04150734WA0082100861
B1737471851145S04150759WA0081500855
B1737511851161S04150791WA0081300852
B1737551851176S04150819WA0081500854
B1737591851198S04150841WA0081000849
B1738031851220S04150864WA0080500844
B1738071851242S04150889WA0079700837
B1738111851264S04150913WA0079200830
B1738151851284S04150940WA0078200820
B1738191851302S04150968WA0077300811
B1738231851318S04150996WA0076600803
B1738271851331S04151024WA0076100797
B1738311851344S04151050WA0075500791
B1738351851361S04151076WA0074800784
B1738391851380S04151101WA0074100777
B1738431851401S04151126WA0073300768
B1738471851418S04151154WA0072500760
B1738511851424S04151183WA0072300757
B1738551851429S04151214WA0071500749
B1738591851434S04151244WA0071100745
B1739031851434S04151273WA0070700741
B1739071851434S04151304WA0070400738
B1739111851432S04151332WA0070300737
B1739151851429S04151362WA0070000733
B1739191851420S04151391WA0069900733
B1739231851412S04151420WA0069600730
B1739271851405S04151450WA0069600729
B1739311851400S04151480WA0069700729
B1739351851399S04151510WA0069300725
B1739391851392S04151539WA0068800720
B1739431851387S04151571WA0068000713
B1739471851388S04151600WA0067900712
B1739511851401S04151627WA0067500708
B1739551851414S04151654WA0067100703
B1739591851427S04151683WA0066400696
B1740031851437S04151710WA0066000691
B1740071851445S04151740WA0065100682
B1740111851453S04151770WA0064300672
B1740151851459S04151802WA0063700666
B1740191851466S04151832WA0062800656
B1740231851470S04151864WA0062300649
B1740271851473S04151890WA0061700642
B1740311851472S04151919WA0060900634
B1740351851469S04151947WA0060100626
B1740391851467S04151974WA0059300617
B1740431851465S04152001WA0058200606
B1740471851463S04152026WA0057400597
B1740511851460S04152053WA0056300585
B1740551851461S04152077WA0055800579
B1740591851462S04152105WA0054900570
B1741031851460S04152130WA0054600566
B1741071851460S04152156WA0054000561
B1741111851463S04152178WA0053700558
B1741151851464S04152203WA0052900550
B1741191851467S04152228WA0052200543
B1741231851470S04152252WA0051800537
B1741271851472S04152278WA0050900528
B1741311851477S04152302WA0050300522
B1741351851480S04152327WA0049700516
B1741391851486S04152353WA0049100509
B1741431851490S04152377WA0048500503
B1741471851495S04152401WA0047700494
B1741511851502S04152426WA0047000487
B1741551851508S04152451WA0046500480
B1741591851507S04152480WA0045100468
B1742031851507S04152510WA0044500461
B1742071851507S04152541WA0043700453
B1742111851508S04152573WA0043700451
B1742151851511S04152603WA0043400449
B1742191851515S04152635WA0043100446
B1742231851517S04152662WA0043800451
B1742271851516S04152688WA0043700450
B1742311851518S04152713WA0044100453
B1742351851527S04152733WA0044300454
B1742391851550S04152732WA0044200453
B1742431851553S04152718WA0044800459
B1742471851535S04152719WA0044800460
B1742511851536S04152740WA0045000462
B1742551851558S04152745WA0044800460
B1742591851573S04152732WA0045400466
B1743031851586S04152718WA0045700469
B1743071851585S04152704WA0045900471
B1743111851565S04152711WA0045400466
B1743151851566S04152735WA0046000472
B1743191851571S04152758WA0046000472
B1743231851587S04152775WA0046100474
B1743271851607S04152758WA0045600469
B1743311851616S04152739WA0046000474
B1743351851626S04152724WA0046400477
B1743391851645S04152738WA0045900472
B1743431851630S04152756WA0045200466
B1743471851617S04152748WA0045700469
B1743511851600S04152735WA0045200465
B1743551851586S04152727WA0045700469
B1743591851564S04152726WA0045200466
B1744031851561S04152748WA0045100464
B1744071851570S04152771WA0045300466
B1744111851586S04152792WA0044800462
B1744151851600S04152813WA0044800461
B1744191851612S04152838WA0044600459
B1744231851626S04152861WA0044400456
B1744271851647S04152876WA0044000451
B1744311851673S04152862WA0043000442
B1744351851687S04152844WA0042900439
B1744391851701S04152823WA0042600436
B1744431851706S04152804WA0042300433
B1744471851711S04152783WA0041700426
B1744511851723S04152761WA0040900419
B1744551851734S04152739WA0041200421
B1744591851744S04152720WA0041600423
B1745031851744S04152709WA0041900427
B1745071851726S04152718WA0041000420
B1745111851736S04152739WA0041400424
B1745151851755S04152749WA0041700426
B1745191851774S04152757WA0042200431
B1745231851783S04152774WA0042000429
B1745271851769S04152768WA0041200424
B1745311851779S04152747WA0041700426
B1745351851783S04152725WA0041800428
B1745391851777S04152716WA0041700427
B1745431851761S04152724WA0041200423
B1745471851770S04152746WA0041200422
B1745511851789S04152754WA0040900418
B1745551851802S04152772WA0040500414
B1745591851788S04152779WA0040500414
B1746031851781S04152761WA0040500414
B1746071851765S04152750WA0039600405
B1746111851749S04152757WA0039800407
B1746151851734S04152769WA0039400402
B1746191851718S04152782WA0039400403
B1746231851707S04152793WA0039300402
B1746271851694S04152806WA0039400402
B1746311851677S04152810WA0038500394
B1746351851658S04152808WA0038400391
B1746391851639S04152808WA0037800386
B1746431851620S04152801WA0037400382
B1746471851601S04152799WA0037000378
B1746511851580S04152794WA0036900376
B1746551851570S04152780WA0037000376
B1746591851577S04152756WA0036600372
B1747031851575S04152738WA0036600372
B1747071851552S04152737WA0035500363
B1747111851536S04152755WA0035600363
B1747151851529S04152781WA0035400361
B1747191851525S04152806WA0035300360
B1747231851526S04152834WA0035200358
B1747271851534S04152856WA0034900355
B1747311851539S04152880WA0034400350
B1747351851540S04152906WA0033700343
B1747391851525S04152923WA0033000336
B1747431851503S04152934WA0032300329
B1747471851486S04152944WA0032200327
B1747511851470S04152954WA0032200326
B1747551851452S04152954WA0031800323
B1747591851432S04152959WA0031700322
B1748031851415S04152971WA0031500320
B1748071851396S04152981WA0031300317
B1748111851379S04152986WA0030900313
B1748151851357S04152994WA0030400308
B1748191851338S04153002WA0029800302
B1748231851317S04153010WA0029600299
B1748271851296S04153013WA0029100294
B1748311851274S04153013WA0028700290
B1748351851251S04153009WA0028300286
B1748391851235S04152995WA0028000282
B1748431851222S04152977WA0027600278
B1748471851204S04152967WA0027400275
B1748511851182S04152966WA0027000271
B1748551851162S04152956WA0026900270
B1748591851146S04152949WA0027000270
B1749031851132S04152967WA0026400263
B1749071851126S04152992WA0026500264
B1749111851130S04153016WA0026100260
B1749151851138S04153040WA0025700257
B1749191851146S04153066WA0025700257
B1749231851155S04153091WA0025400254
B1749271851160S04153116WA0025800257
B1749311851170S04153137WA0026100260
B1749351851188S04153145WA0026200261
B1749391851203S04153156WA0026100260
B1749431851214S04153177WA0026000259
B1749471851223S04153199WA0026200261
B1749511851224S04153218WA0026200261
B1749551851209S04153235WA0026100260
B1749591851190S04153238WA0026100261
B1750031851174S04153224WA0026300262
B1750071851177S04153202WA0025700256
B1750111851171S04153182WA0025400255
B1750151851164S04153166WA0025300253
B1750191851179S04153151WA0025000249
B1750231851199S04153156WA0025200251
B1750271851216S04153171WA0025300251
B1750311851209S04153191WA0025000248
B1750351851190S04153185WA0024900248
B1750391851172S04153177WA0024900248
B1750431851154S04153185WA0024800246
B1750471851135S04153190WA0024800246
B1750511851134S04153171WA0024100241
B1750551851149S04153163WA0024300241
B1750591851167S04153154WA0024200241
B1751031851184S04153150WA0024300241
B1751071851203S04153152WA0024500243
B1751111851221S04153161WA0024400241
B1751151851225S04153185WA0023700236
B1751191851206S04153196WA0024100239
B1751231851186S04153203WA0023800236
B1751271851175S04153221WA0024000237
B1751311851159S04153230WA0023600234
B1751351851151S04153213WA0023600234
B1751391851158S04153198WA0023800235
B1751431851176S04153200WA0023500232
B1751471851178S04153222WA0023300232
B1751511851164S04153231WA0023700234
B1751551851146S04153233WA0023400232
B1751591851150S04153216WA0022600225
B1752031851169S04153221WA0023200229
B1752071851183S04153239WA0022900227
B1752111851171S04153249WA0022900229
B1752151851167S04153229WA0022700226
B1752191851185S04153219WA0022900227
B1752231851203S04153230WA0022800226
B1752271851200S04153246WA0022800225
B1752311851186S04153255WA0022200220
B1752351851167S04153250WA0022100217
B1752391851159S04153233WA0021800215
B1752431851171S04153222WA0022200218
B1752471851184S04153212WA0021900215
B1752511851170S04153197WA0021100208
B1752551851157S04153187WA0021200208
B1752591851154S04153170WA0021200207
B1753031851155S04153156WA0020900204
B1753071851168S04153147WA0020700202
B1753111851184S04153145WA0020700201
B1753151851187S04153130WA0020400195
B1753191851171S04153126WA0020000190
B1753231851156S04153124WA0019900188
B1753271851142S04153118WA0019400184
B1753311851126S04153121WA0019000180
B1753351851122S04153105WA0018300173
B1753391851123S04153098WA0018200170
B1753431851123S04153097WA0018200168
B1753471851123S04153097WA0018200168
B1753511851123S04153097WA0018200168
B1753551851123S04153097WA0018200167
B1753591851123S04153097WA0018200166
B1754031851123S04153097WA0018200165
B1754071851123S04153097WA0018200165
B1754111851123S04153097WA0018200164
B1754151851123S04153097WA0018200164
B1754191851124S04153097WA0018200164
B1754231851123S04153097WA0018200164
B1754271851123S04153097WA0018200165
B1754311851124S04153097WA0018200164
B1754351851124S04153097WA0018200165
B1754391851124S04153097WA0018200165
B1754431851124S04153097WA0018200165
B1754471851124S04153097WA0018200166
B1754511851124S04153097WA0018200166
B1754551851124S04153097WA0018200166
B1754591851124S04153097WA0018200166
B1755031851124S04153097WA0018200165
B1755071851124S04153097WA0018200165
B1755111851124S04153097WA0018200165
B1755151851124S04153097WA0018200165
B1755191851124S04153097WA0018200165
B1755231851124S04153097WA0018200165
B1755271851124S04153097WA0018200165
B1755311851124S04153097WA0018200165
B1755351851124S04153097WA0018200165
B1755391851124S04153096WA0018200165
B1755431851124S04153096WA0018200165
B1755471851124S04153096WA0018200165
B1755511851124S04153096WA0018200164
B1755551851124S04153096WA0018200164
B1755591851124S04153096WA0018200164
B1756031851124S04153096WA0018200164
B1756071851124S04153096WA0018200165
B1756111851124S04153096WA0018200165
B1756151851124S04153096WA0018200165
B1756191851124S04153096WA0018200166
B1756231851124S04153097WA0018200166
B1756271851124S04153097WA0018200166
B1756311851124S04153097WA0018100166
B1756351851124S04153097WA0018200166
B1756391851124S04153097WA0018100166
B1756431851124S04153097WA0018200166
B1756471851124S04153097WA0018100166
B1756511851124S04153097WA0018100166
B1756551851124S04153097WA0018200167
B1756591851124S04153097WA0018200167
B1757031851124S04153097WA0018100167
B1757071851124S04153097WA0018200167
B1757111851124S04153097WA0018200167
B1757151851124S04153097WA0018100167
B1757191851124S04153097WA0018100167
B1757231851124S04153097WA0018100167
B1757271851124S04153097WA0018100167
B1757311851124S04153098WA0018100167
B1757351851124S04153098WA0018200167
B1757391851124S04153098WA0018200168
B1757431851124S04153098WA0018100168
B1757471851124S04153098WA0018200168
B1757511851124S04153098WA0018200168
B1757551851124S04153098WA0018200168
B1757591851124S04153098WA0018200168
B1758031851124S04153098WA0018200168
B1758071851123S04153098WA0018200168
B1758111851123S04153098WA0018200168
B1758151851123S04153098WA0018200168
B1758191851123S04153098WA0018100168
B1758231851123S04153098WA0018100168
B1758271851124S04153098WA0018200168
B1758311851124S04153098WA0018200167
B1758351851124S04153098WA0018200167
B1758391851124S04153098WA0018200167
B1758431851124S04153098WA0018200167
B1758471851124S04153098WA0018200167
B1758511851124S04153098WA0018100167
B1758551851124S04153098WA0018100167
B1758591851124S04153098WA0018100167
B1759031851124S04153098WA0018200167
B1759071851124S04153098WA0018100167
B1759111851124S04153098WA0018200167
B1759151851124S04153098WA0018100167
B1759191851123S04153098WA0018100167
B1759231851124S04153098WA0018100168
B1759271851124S04153098WA0018100167
B1759311851124S04153098WA0018100167
B1759351851124S04153098WA0018100167
B1759391851124S04153098WA0018100167
B1759431851124S04153098WA0018200167
B1759471851123S04153098WA0018100167
B1759511851124S04153098WA0018100167
B1759551851124S04153098WA0018100167
B1759591851124S04153098WA0018100167
B1800031851124S04153098WA0018100167
B1800071851123S04153098WA0018100167
B1800111851123S04153098WA0018100167
B1800151851123S04153097WA0018100167
B1800191851123S04153097WA0018100167
B1800231851123S04153097WA0018100167
B1800271851123S04153097WA0018100167
B1800311851123S04153097WA0018100167
B1800351851123S04153097WA0018100167
B1800391851123S04153097WA0018100167
B1800431851123S04153097WA0018100167
B1800471851123S04153097WA0018100167
B1800511851123S04153097WA0018100167
B1800551851123S04153097WA0018100167
B1800591851123S04153097WA0018100167
B1801031851123S04153097WA0018100167
B1801071851123S04153097WA0018100167
B1801111851123S04153097WA0018100167
B1801151851123S04153097WA0018100167
B1801191851123S04153097WA0018100167
B1801231851123S04153097WA0018100167
B1801271851123S04153097WA0018100167
B1801311851123S04153097WA0018100166
B1801351851123S04153097WA0018100166
B1801391851123S04153097WA0018100166
B1801431851123S04153097WA0018100166
B1801471851123S04153097WA0018100166
B1801511851123S04153097WA0018100166
B1801551851123S04153097WA0018100167
B1801591851123S04153097WA0018100167
B1802031851123S04153097WA0018100167
B1802071851123S04153097WA0018100167
B1802111851123S04153097WA0018100167
B1802151851123S04153097WA0018100167
B1802191851123S04153097WA0018100167
B1802231851123S04153097WA0018100167
B1802271851123S04153097WA0018000168
B1802311851123S04153097WA0018000168
B1802351851123S04153097WA0018000168
B1802391851123S04153097WA0018000168
B1802431851123S04153097WA0018000168
B1802471851123S04153097WA0018100168
B1802511851123S04153097WA0018100168
B1802551851123S04153097WA0018100168
B1802591851123S04153097WA0018100168
B1803031851123S04153097WA0018100167
B1803071851123S04153097WA0018100167
B1803111851123S04153097WA0018100167
B1803151851123S04153097WA0018100167
B1803191851123S04153097WA0018100167
B1803231851123S04153097WA0018100167
B1803271851123S04153097WA0018100167
B1803311851123S04153097WA0018100168
B1803351851123S04153097WA0018100168
B1803391851123S04153097WA0018100168
B1803431851123S04153097WA0018200168
B1803471851123S04153097WA0018100168
B1803511851123S04153097WA0018100168
B1803551851123S04153097WA0018100168
B1803591851123S04153097WA0018100168
B1804031851123S04153097WA0018200169
B1804071851123S04153097WA0018100168
B1804111851123S04153097WA0018200168
B1804151851123S04153097WA0018100168
B1804191851123S04153097WA0018100168
B1804231851123S04153097WA0018100167
B1804271851123S04153097WA0018200167
B1804311851123S04153097WA0018100167
B1804351851123S04153097WA0018200167
B1804391851123S04153097WA0018100167
B1804431851123S04153097WA0018200167
B1804471851123S04153097WA0018200167
B1804511851123S04153097WA0018200167
B1804551851123S04153097WA0018100167
B1804591851123S04153097WA0018100167
B1805031851123S04153097WA0018200167
B1805071851123S04153097WA0018100167
B1805111851123S04153097WA0018100167
B1805151851123S04153097WA0018200167
B1805191851123S04153097WA0018100167
B1805231851123S04153097WA0018100167
B1805271851123S04153097WA0018200167
B1805311851123S04153097WA0018200167
B1805351851123S04153097WA0018200167
B1805391851123S04153097WA0018200167
B1805431851123S04153097WA0018200167
B1805471851123S04153097WA0018200167
B1805511851123S04153097WA0018200167
B1805551851123S04153097WA0018100167
B1805591851123S04153097WA0018200167
B1806031851123S04153097WA0018200167
B1806071851123S04153097WA0018200167
B1806111851123S04153097WA0018200167
B1806151851123S04153097WA0018200167
B1806191851123S04153097WA0018200167
B1806231851123S04153097WA0018200167
B1806271851123S04153097WA0018200167
B1806311851123S04153097WA0018200167
B1806351851123S04153097WA0018200167
B1806391851123S04153097WA0018200167
B1806431851123S04153097WA0018200167
B1806471851123S04153097WA0018200167
B1806511851123S04153097WA0018200167
B1806551851123S04153097WA0018200167
B1806591851123S04153097WA0018100167
B1807031851123S04153097WA0018200167
B1807071851123S04153097WA0018200167
B1807111851123S04153097WA0018200167
B1807151851123S04153097WA0018200167
B1807191851123S04153097WA0018200167
B1807231851123S04153097WA0018200167
B1807271851123S04153097WA0018200168
B1807311851123S04153097WA0018200167
B1807351851123S04153097WA0018200168
B1807391851123S04153097WA0018200167
B1807431851123S04153097WA0018200167
B1807471851123S04153097WA0018200167
B1807511851123S04153097WA0018200168
B1807551851123S04153097WA0018100168
B1807591851123S04153097WA0018200168
B1808031851123S04153097WA0018200168
B1808071851123S04153097WA0018200168
B1808111851123S04153097WA0018100168
B1808151851123S04153097WA0018100168
B1808191851123S04153097WA0018100168
B1808231851123S04153097WA0018100168
B1808271851123S04153097WA0018100168
B1808311851123S04153097WA0018100168
B1808351851123S04153097WA0018200168
B1808391851123S04153097WA0018100168
B1808431851123S04153097WA0018100168
B1808471851123S04153097WA0018100168
B1808511851123S04153097WA0018100167
B1808551851123S04153097WA0018100167
B1808591851123S04153097WA0018100167
B1809031851123S04153097WA0018100167
B1809071851123S04153097WA0018100167
B1809111851123S04153097WA0018100167
B1809151851123S04153097WA0018100166
B1809191851123S04153096WA0018200166
B1809231851123S04153097WA0018100166
B1809271851123S04153097WA0018100166
B1809311851123S04153097WA0018100166
B1809351851123S04153097WA0018100166
B1809391851123S04153097WA0018100165
B1809431851123S04153097WA0018100165
B1809471851124S04153096WA0018100165
B1809511851124S04153096WA0018100164
B1809551851123S04153096WA0018100164
B1809591851123S04153096WA0018100164
B1810031851124S04153097WA0018100164
B1810071851124S04153097WA0018100164
B1810111851124S04153097WA0018100164
B1810151851123S04153097WA0018100165
B1810191851124S04153096WA0018100165
B1810231851124S04153096WA0018100165
B1810271851124S04153096WA0018100165
B1810311851124S04153096WA0018100165
B1810351851124S04153096WA0018100165
B1810391851124S04153096WA0018100165
B1810431851124S04153096WA0018100165
B1810471851124S04153096WA0018100165
B1810511851123S04153096WA0018100164
B1810551851123S04153096WA0018100164
B1810591851123S04153096WA0018100164
B1811031851123S04153096WA0018100164
B1811071851123S04153096WA0018100165
B1811111851123S04153096WA0018100165
B1811151851123S04153096WA0018100165
B1811191851123S04153096WA0018100165
B1811231851123S04153096WA0018100165
B1811271851123S04153096WA0018100165
B1811311851123S04153096WA0018100165
B1811351851123S04153096WA0018100165
B1811391851123S04153096WA0018100165
B1811431851123S04153096WA0018100164
B1811471851123S04153096WA0018100164
B1811511851123S04153096WA0018100165
B1811551851123S04153096WA0018100165
B1811591851123S04153096WA0018100165
B1812031851123S04153096WA0018100165
B1812071851123S04153096WA0018100165
B1812111851123S04153096WA0018100165
B1812151851123S04153096WA0018100165
B1812191851123S04153096WA0018100164
B1812231851123S04153096WA0018100165
B1812271851123S04153096WA0018100165
B1812311851123S04153096WA0018100164
B1812351851123S04153096WA0018100164
B1812391851123S04153096WA0018100164
B1812431851123S04153096WA0018100164
B1812471851123S04153096WA0018100164
B1812511851123S04153096WA0018100164
B1812551851123S04153096WA0018100163
B1812591851124S04153096WA0018100163
B1813031851124S04153096WA0018100163
B1813071851124S04153096WA0018100163
B1813111851124S04153096WA0018100163
B1813151851124S04153096WA0018100162
B1813191851124S04153096WA0018100163
B1813231851124S04153096WA0018100162
B1813271851124S04153096WA0018100162
B1813311851124S04153096WA0018200162
B1813351851124S04153096WA0018100163
B1813391851124S04153096WA0018100162
B1813431851124S04153096WA0018100162
B1813471851124S04153096WA0018100162
B1813511851124S04153095WA0018100163
B1813551851124S04153095WA0018100163
B1813591851124S04153095WA0018100163
B1814031851124S04153095WA0018100163
B1814071851124S04153096WA0018100163
B1814111851124S04153096WA0018100164
B1814151851123S04153096WA0018100164
B1814191851123S04153096WA0018100164
B1814231851122S04153098WA0018200163
B1814271851121S04153099WA0018200164
B1814311851119S04153101WA0018200164
B1814351851117S04153103WA0018100165
B1814391851116S04153105WA0018100165
B1814431851115S04153108WA0018100165
B1814471851114S04153110WA0018100165
B1814511851112S04153113WA0018000165
B1814551851111S04153115WA0018000165
B1814591851110S04153118WA0018000166
B1815031851109S04153120WA0018000165
B1815071851108S04153122WA0018000164
B1815111851106S04153123WA0017900163
B1815151851105S04153125WA0017900163
B1815191851103S04153127WA0017800163
B1815231851100S04153128WA0017800162
B1815271851098S04153128WA0017700162
B1815311851096S04153128WA0017700161
B1815351851095S04153131WA0017700161
B1815391851094S04153133WA0017700160
B1815431851094S04153135WA0017700161
B1815471851093S04153138WA0017700160
B1815511851092S04153139WA0017700160
B1815551851092S04153139WA0017600159
B1815591851092S04153139WA0017600159
B1816031851092S04153139WA0017600159
B1816071851092S04153139WA0017600159
B1816111851091S04153139WA0017600159
B1816151851090S04153139WA0017700160
B1816191851088S04153140WA0017600161
B1816231851087S04153140WA0017600162
B1816271851085S04153140WA0017600161
B1816311851084S04153139WA0017500161
B1816351851080S04153139WA0017400161
B1816391851077S04153139WA0017400159
B1816431851074S04153139WA0017300158
B1816471851072S04153139WA0017300157
B1816511851069S04153140WA0017300157
B1816551851067S04153139WA0017300157
B1816591851063S04153140WA0017200156
B1817031851061S04153138WA0017300157
B1817071851058S04153136WA0017300158
B1817111851057S04153134WA0017200159
B1817151851056S04153131WA0017200159
B1817191851056S04153129WA0017100161
B1817231851054S04153125WA0017100161
B1817271851053S04153122WA0017100163
B1817311851055S04153120WA0017100166
B1817351851054S04153117WA0017000162
B1817391851055S04153115WA0017000162
B1817431851055S04153113WA0017000161
B1817471851055S04153111WA0017000162
B1817511851054S04153109WA0016900164
B1817551851055S04153107WA0016900167
B1817591851055S04153105WA0016900169
B1818031851055S04153102WA0016800169
B1818071851054S04153100WA0016700167
B1818111851053S04153097WA0016700169
B1818151851052S04153094WA0016600171
B1818191851052S04153092WA0016500176
B1818231851051S04153090WA0016500178
B1818271851050S04153088WA0016300178
B1818311851048S04153085WA0016300178
B1818351851047S04153083WA0016200177
B1818391851045S04153080WA0016200175
B1818431851042S04153079WA0016100172
B1818471851040S04153077WA0016100166
B1818511851038S04153074WA0016100163
B1818551851038S04153074WA0016000160
B1818591851038S04153073WA0016000159
B1819031851038S04153072WA0016000159
B1819071851038S04153072WA0016000158
B1819111851038S04153071WA0016000159
B1819151851038S04153070WA0016000162
B1819191851038S04153069WA0016000164
B1819231851038S04153068WA0016000166
B1819271851038S04153067WA0016000166
B1819311851038S04153068WA0016000165
B1819351851037S04153068WA0016000164
B1819391851037S04153068WA0016000163
B1819431851037S04153067WA0016000163
B1819471851038S04153066WA0016000163
B1819511851039S04153066WA0016000162
B1819551851039S04153066WA0016000162
B1819591851038S04153066WA0016000160
B1820031851038S04153066WA0016000160
B1820071851038S04153066WA0016000159
B1820111851038S04153067WA0016100157
B1820151851038S04153068WA0016000154
B1820191851037S04153071WA0016000150
B1820231851035S04153071WA0016000148
B1820271851034S04153072WA0016000148
B1820311851035S04153072WA0016000145
B1820351851035S04153072WA0016000143
B1820391851035S04153071WA0016000142
B1820431851034S04153071WA0016000142
B1820471851035S04153072WA0016000140
B1820511851036S04153072WA0016000138
B1820551851036S04153073WA0016000137
B1820591851037S04153073WA0016000135
B1821031851037S04153073WA0016000134
B1821071851038S04153073WA0016000135
B1821111851038S04153073WA0016000135
B1821151851038S04153073WA0016000136
B1821191851037S04153073WA0016000137
B1821231851037S04153072WA0016000137
B1821271851037S04153072WA0016000138
B1821311851037S04153072WA0016000138
B1821351851037S04153071WA0016000138
B1821391851036S04153071WA0016000138
B1821431851036S04153071WA0016000139
B1821471851036S04153071WA0016000140
B1821511851036S04153070WA0016000140
B1821551851036S04153070WA0016000140
B1821591851036S04153070WA0016000141
B1822031851036S04153069WA0016000141
B1822071851037S04153069WA0016000142
B1822111851037S04153069WA0016000142
B1822151851037S04153069WA0016000141
B1822191851037S04153069WA0016000141
B1822231851037S04153069WA0016000141
B1822271851037S04153069WA0016000141
B1822311851037S04153068WA0016000141
B1822351851037S04153069WA0016000141
B1822391851037S04153069WA0016000141
B1822431851037S04153069WA0016000142
B1822471851037S04153069WA0016000143
B1822511851037S04153069WA0016000144
B1822551851037S04153069WA0016000144
B1822591851037S04153069WA0016000145
B1823031851037S04153069WA0016000145
B1823071851037S04153069WA0016000145
B1823111851037S04153069WA0016000145
B1823151851037S04153069WA0016000145
B1823191851037S04153069WA0016000145
B1823231851036S04153069WA0016000145
B1823271851036S04153069WA0016000146
B1823311851036S04153069WA0016000146
B1823351851036S04153069WA0016000146
B1823391851036S04153069WA0016000147
B1823431851036S04153069WA0016000147
B1823471851036S04153069WA0016000147
B1823511851036S04153069WA0016000146
B1823551851036S04153069WA0016000146
B1823591851036S04153069WA0016000146
B1824031851036S04153069WA0016000147
B1824071851036S04153069WA0016000147
B1824111851036S04153069WA0016000147
B1824151851036S04153068WA0016000147
B1824191851036S04153068WA0016000147
B1824231851036S04153068WA0016000146
B1824271851037S04153068WA0016000146
B1824311851037S04153067WA0016000146
B1824351851037S04153067WA0016000146
B1824391851036S04153067WA0016000147
B1824431851036S04153067WA0016000147
B1824471851037S04153067WA0016000147
B1824511851037S04153068WA0016000147
B1824551851037S04153068WA0016000147
B1824591851037S04153068WA0016000147
B1825031851037S04153068WA0016000147
B1825071851037S04153068WA0016000147
B1825111851036S04153068WA0016000147
B1825151851036S04153068WA0016000147
B1825191851036S04153068WA0016000147
B1825231851036S04153068WA0016000148
B1825271851036S04153068WA0016000148
B1825311851036S04153068WA0016000148
B1825351851036S04153067WA0016000148
B1825391851036S04153067WA0016000148
B1825431851035S04153067WA0016000149
B1825471851035S04153067WA0016000149
B1825511851035S04153067WA0016000149
B1825551851035S04153067WA0016000149
B1825591851035S04153067WA0016000150
B1826031851035S04153067WA0015900150
B1826071851035S04153067WA0015900150
B1826111851035S04153067WA0015900150
B1826151851036S04153067WA0015900149
B1826191851036S04153067WA0016000149
B1826231851036S04153067WA0015900148
B1826271851036S04153067WA0015900148
B1826311851036S04153067WA0015900148
B1826351851036S04153067WA0015900148
B1826391851036S04153067WA0015900148
B1826431851035S04153067WA0015900148
B1826471851035S04153067WA0015900148
B1826511851035S04153067WA0015900148
B1826551851035S04153068WA0015900147
B1826591851035S04153068WA0015900147
B1827031851036S04153068WA0015900147
B1827071851036S04153068WA0015900147
B1827111851036S04153068WA0015900146
B1827151851036S04153068WA0015900147
B1827191851036S04153069WA0015900147
B1827231851036S04153069WA0015900147
B1827271851035S04153069WA0015900148
B1827311851035S04153069WA0015900149
B1827351851035S04153068WA0015900149
B1827391851035S04153068WA0015900150
B1827431851035S04153068WA0016000150
B1827471851034S04153068WA0015900151
B1827511851035S04153068WA0015900151
B1827551851035S04153067WA0015900150
B1827591851035S04153067WA0015900149
B1828031851035S04153067WA0015900149
B1828071851035S04153067WA0015900148
B1828111851035S04153067WA0015900148
B1828151851035S04153067WA0015900147
B1828191851035S04153067WA0015900147
B1828231851035S04153067WA0015900148
B1828271851035S04153067WA0015900148
B1828311851035S04153067WA0015900149
B1828351851035S04153067WA0015900150
B1828391851035S04153067WA0015900151
B1828431851035S04153067WA0015900151
B1828471851034S04153067WA0015900153
B1828511851034S04153067WA0015900154
B1828551851034S04153067WA0015900154
B1828591851034S04153066WA0016000154
B1829031851034S04153066WA0016000154
B1829071851034S04153067WA0016000154
B1829111851034S04153067WA0016000153
B1829151851034S04153067WA0015900151
B1829191851034S04153067WA0015900151
B1829231851035S04153067WA0015900150
B1829271851035S04153068WA0015900150
B1829311851035S04153068WA0015900150
B1829351851037S04153065WA0016000150
B1829391851036S04153065WA0016000149
B1829431851036S04153066WA0016000147
B1829471851032S04153067WA0015900147
B1829511851031S04153069WA0015900146
B1829551851028S04153072WA0015900147
B1829591851022S04153087WA0016000149
B1830031851013S04153111WA0016100148
B1830071851007S04153135WA0016000150
B1830111851009S04153158WA0016100147
B1830151851009S04153175WA0015900146
B1830191851006S04153186WA0015800143
B1830231851001S04153205WA0016000137
B1830271850997S04153232WA0016100130
B1830311851002S04153262WA0016100126
B1830351851001S04153290WA0016100125
B1830391850990S04153317WA0016300128
B1830431850971S04153345WA0016400127
B1830471850958S04153375WA0016300127
B1830511850949S04153407WA0016300125
B1830551850949S04153437WA0016400127
B1830591850953S04153465WA0016600128
B1831031850961S04153489WA0016500130
B1831071850971S04153507WA0016500130
B1831111850976S04153530WA0016600129
B1831151850988S04153550WA0016400127
B1831191850990S04153575WA0016400124
B1831231850982S04153605WA0016400124
B1831271850968S04153635WA0016300124
B1831311850954S04153667WA0016200124
B1831351850946S04153682WA0015900120
B1831391850939S04153697WA0016000119
B1831431850927S04153718WA0016300119
B1831471850913S04153743WA0016300120
B1831511850905S04153774WA0016300121
B1831551850903S04153806WA0016200122
B1831591850907S04153832WA0016100123
B1832031850907S04153853WA0016100123
B1832071850900S04153881WA0016400123
B1832111850897S04153906WA0016500123
B1832151850902S04153933WA0017000123
B1832191850909S04153968WA0017400128
B1832231850917S04154000WA0017500134
B1832271850925S04154037WA0017500135
B1832311850929S04154073WA0017500135
B1832351850931S04154110WA0017700136
B1832391850928S04154150WA0017800134
B1832431850932S04154190WA0017800134
B1832471850940S04154232WA0017700139
B1832511850947S04154275WA0017900140
B1832551850958S04154314WA0018000140
B1832591850978S04154351WA0018100140
B1833031851000S04154391WA0018100148
B1833071851020S04154432WA0018000152
B1833111851036S04154470WA0017800154
B1833151851044S04154506WA0017400156
B1833191851056S04154543WA0017400156
B1833231851082S04154576WA0017700155
B1833271851111S04154610WA0018100155
B1833311851138S04154642WA0018100158
B1833351851150S04154669WA0017900159
B1833391851148S04154697WA0018000158
B1833431851130S04154719WA0018000161
B1833471851102S04154747WA0017900160
B1833511851090S04154789WA0018000159
B1833551851094S04154839WA0018000157
B1833591851099S04154892WA0017900157
B1834031851104S04154946WA0017900157
B1834071851109S04154999WA0017700157
B1834111851115S04155048WA0017500158
B1834151851126S04155096WA0017500159
B1834191851152S04155139WA0017700155
B1834231851186S04155173WA0017600153
B1834271851224S04155196WA0017500149
B1834311851254S04155221WA0017300146
B1834351851262S04155242WA0016900145
B1834391851268S04155262WA0017000144
B1834431851275S04155281WA0016900143
B1834471851280S04155296WA0017100143
B1834511851296S04155315WA0017400140
B1834551851317S04155326WA0017400140
B1834591851338S04155334WA0017500140
B1835031851366S04155346WA0017800142
B1835071851402S04155361WA0018400142
B1835111851442S04155380WA0018500143
B1835151851481S04155391WA0018400146
B1835191851522S04155396WA0018200145
B1835231851562S04155400WA0018200145
B1835271851604S04155405WA0018300149
B1835311851640S04155419WA0018200154
B1835351851664S04155448WA0018400156
B1835391851677S04155489WA0018600159
B1835431851689S04155530WA0018600162
B1835471851709S04155569WA0018500163
B1835511851732S04155604WA0018600160
B1835551851755S04155638WA0018400156
B1835591851778S04155671WA0018400159
B1836031851799S04155699WA0018400162
B1836071851813S04155721WA0018000164
B1836111851820S04155733WA0017900165
B1836151851826S04155743WA0018000162
B1836191851839S04155756WA0018300161
B1836231851856S04155778WA0018400157
B1836271851875S04155804WA0018600157
B1836311851900S04155830WA0018900157
B1836351851925S04155857WA0019100157
B1836391851954S04155880WA0019200156
B1836431851985S04155901WA0019200156
B1836471852014S04155922WA0019100156
B1836511852045S04155942WA0018900157
B1836551852071S04155954WA0018600159
B1836591852098S04155963WA0018600162
B1837031852126S04155971WA0018600163
B1837071852155S04155979WA0018700165
B1837111852185S04155986WA0019100167
B1837151852202S04156002WA0019400170
B1837191852213S04156021WA0019300173
B1837231852233S04156033WA0019200175
B1837271852257S04156042WA0019100176
B1837311852280S04156050WA0018900176
B1837351852301S04156056WA0018800174
B1837391852327S04156062WA0018800172
B1837431852348S04156066WA0018500172
B1837471852378S04156070WA0018800172
B1837511852412S04156076WA0018800169
B1837551852448S04156071WA0019100172
B1837591852479S04156075WA0019100173
B1838031852496S04156097WA0019000174
B1838071852493S04156131WA0019100171
B1838111852483S04156169WA0019100170
B1838151852478S04156197WA0018100166
B1838191852479S04156214WA0018000161
B1838231852488S04156244WA0018200160
B1838271852501S04156275WA0018100154
B1838311852519S04156305WA0018000151
B1838351852538S04156336WA0018000149
B1838391852555S04156362WA0018100147
B1838431852573S04156390WA0018300150
B1838471852593S04156418WA0018400152
B1838511852612S04156436WA0018200151
B1838551852637S04156460WA0018300149
B1838591852662S04156479WA0017900147
B1839031852680S04156493WA0017600145
B1839071852698S04156504WA0017600144
B1839111852714S04156514WA0017500144
B1839151852736S04156528WA0017900146
B1839191852765S04156545WA0018200146
B1839231852793S04156564WA0018200146
B1839271852819S04156582WA0018100147
B1839311852843S04156602WA0018200147
B1839351852869S04156625WA0018300149
B1839391852887S04156654WA0018100150
B1839431852890S04156676WA0017400150
B1839471852890S04156697WA0017600152
B1839511852903S04156722WA0017700152
B1839551852933S04156732WA0018000157
B1839591852972S04156740WA0018200159
B1840031853011S04156747WA0018100161
B1840071853046S04156756WA0018100163
B1840111853077S04156763WA0017900165
B1840151853106S04156770WA0017800166
B1840191853126S04156774WA0017600168
B1840231853132S04156775WA0017500171
B1840271853130S04156778WA0017500172
B1840311853118S04156786WA0017500173
B1840351853097S04156806WA0017900172
B1840391853079S04156827WA0017600172
B1840431853067S04156845WA0017700171
B1840471853055S04156867WA0017700171
B1840511853042S04156894WA0017800170
B1840551853038S04156927WA0017900170
B1840591853035S04156957WA0017800172
B1841031853030S04156984WA0017600175
B1841071853026S04157006WA0017600174
B1841111853022S04157027WA0017600173
B1841151853017S04157048WA0017600173
B1841191853013S04157072WA0017800172
B1841231853009S04157094WA0017700171
B1841271853004S04157118WA0017700171
B1841311853000S04157142WA0017700170
B1841351852994S04157164WA0017800169
B1841391852989S04157188WA0017700167
B1841431852985S04157210WA0017700165
B1841471852979S04157233WA0017700165
B1841511852975S04157254WA0017600164
B1841551852969S04157279WA0017700163
B1841591852962S04157305WA0017600164
B1842031852956S04157331WA0017600166
B1842071852948S04157360WA0017700166
B1842111852938S04157393WA0017700165
B1842151852925S04157427WA0017600165
B1842191852911S04157458WA0017500165
B1842231852898S04157482WA0017200164
B1842271852888S04157499WA0017200164
B1842311852876S04157517WA0017400163
B1842351852856S04157547WA0017900160
B1842391852825S04157576WA0018500157
B1842431852787S04157611WA0018900156
B1842471852752S04157646WA0018800158
B1842511852729S04157667WA0018300160
B1842551852709S04157663WA0018300162
B1842591852692S04157659WA0017900162
B1843031852681S04157671WA0018100161
B1843071852668S04157683WA0018200160
B1843111852651S04157677WA0018400160
B1843151852621S04157656WA0018700159
B1843191852585S04157633WA0018700159
B1843231852554S04157612WA0018200155
B1843271852537S04157599WA0017800151
B1843311852532S04157594WA0017700147
B1843351852533S04157594WA0017600144
B1843391852533S04157596WA0017600147
B1843431852534S04157596WA0017600147
B1843471852534S04157596WA0017600151
B1843511852534S04157597WA0017600149
B1843551852534S04157598WA0017600156
B1843591852534S04157597WA0017600157
B1844031852534S04157597WA0017600158
B1844071852534S04157598WA0017600158
B1844111852534S04157597WA0017600157
B1844151852534S04157596WA0017600159
B1844191852534S04157596WA0017600164
B1844231852534S04157596WA0017600167
B1844271852535S04157596WA0017600166
B1844311852534S04157595WA0017600165
B1844351852521S04157588WA0017900164
B1844391852495S04157569WA0018200159
B1844431852465S04157549WA0018200159
B1844471852435S04157528WA0018200158
B1844511852408S04157509WA0018000159
B1844551852385S04157492WA0017900160
B1844591852356S04157473WA0018300160
B1845031852320S04157448WA0018600160
B1845071852279S04157418WA0018800159
B1845111852238S04157392WA0019000164
B1845151852195S04157364WA0018900169
B1845191852156S04157336WA0018800171
B1845231852121S04157312WA0018400174
B1845271852101S04157296WA0017700172
B1845311852096S04157290WA0017500171
B1845351852094S04157289WA0017500169
B1845391852094S04157289WA0017500169
B1845431852093S04157291WA0017500170
B1845471852093S04157291WA0017500171
B1845511852094S04157292WA0017500172
B1845551852094S04157294WA0017500172
B1845591852096S04157295WA0017500172
B1846031852096S04157296WA0017500172
B1846071852097S04157296WA0017500172
B1846111852098S04157298WA0017500171
B1846151852098S04157299WA0017500172
B1846191852098S04157301WA0017500169
B1846231852097S04157300WA0017500170
B1846271852096S04157301WA0017500168
B1846311852093S04157297WA0017600167
B1846351852077S04157287WA0017900169
B1846391852052S04157268WA0017900169
B1846431852029S04157249WA0017700165
B1846471852014S04157222WA0017500165
B1846511851991S04157199WA0017500164
B1846551851972S04157178WA0017200162
B1846591851952S04157158WA0017400162
B1847031851932S04157142WA0017300161
B1847071851911S04157124WA0017500161
B1847111851885S04157103WA0017500163
B1847151851861S04157082WA0017500164
B1847191851835S04157057WA0017600165
B1847231851812S04157036WA0017700172
B1847271851792S04157019WA0017800175
B1847311851769S04157000WA0018000178
B1847351851751S04156985WA0017600179
B1847391851750S04156974WA0017700181
B1847431851763S04156956WA0017700187
B1847471851764S04156940WA0017600189
B1847511851746S04156921WA0017900192
B1847551851723S04156901WA0018200192
B1847591851699S04156879WA0018100187
B1848031851680S04156860WA0018000185
B1848071851655S04156838WA0018100180
B1848111851631S04156815WA0018100176
B1848151851609S04156792WA0018000174
B1848191851596S04156775WA0017700170
B1848231851603S04156758WA0017700168
B1848271851619S04156734WA0018000166
B1848311851637S04156716WA0017600164
B1848351851640S04156710WA0017400164
B1848391851648S04156701WA0017600164
B1848431851660S04156685WA0017400165
B1848471851672S04156669WA0016700164
B1848511851670S04156656WA0016600163
B1848551851647S04156638WA0017000161
B1848591851622S04156616WA0017100159
B1849031851597S04156593WA0017100159
B1849071851577S04156581WA0016700157
B1849111851563S04156572WA0016600158
B1849151851554S04156562WA0016600158
B1849191851545S04156553WA0016600156
B1849231851537S04156543WA0016600156
B1849271851530S04156533WA0016600156
B1849311851525S04156526WA0016500155
B1849351851520S04156522WA0016500152
B1849391851517S04156522WA0016600150
B1849431851516S04156524WA0016600150
B1849471851515S04156525WA0016600152
B1849511851515S04156525WA0016600153
B1849551851515S04156525WA0016600154
B1849591851515S04156525WA0016600155
B1850031851515S04156525WA0016600157
B1850071851515S04156525WA0016600157
B1850111851515S04156526WA0016600157
B1850151851515S04156526WA0016500158
B1850191851515S04156527WA0016600158
B1850231851515S04156527WA0016600158
B1850271851516S04156528WA0016600158
B1850311851516S04156528WA0016600157
B1850351851516S04156528WA0016600156
B1850391851516S04156528WA0016600155
B1850431851516S04156529WA0016600154
B1850471851517S04156529WA0016600154
B1850511851517S04156529WA0016600154
B1850551851517S04156529WA0016600154
B1850591851517S04156529WA0016600153
B1851031851517S04156529WA0016600153
B1851071851517S04156529WA0016600153
B1851111851517S04156529WA0016600152
B1851151851517S04156529WA0016600151
B1851191851517S04156529WA0016600151
B1851231851517S04156530WA0016600151
B1851271851518S04156530WA0016600151
B1851311851518S04156530WA0016600150
B1851351851518S04156530WA0016600150
B1851391851518S04156530WA0016600149
B1851431851518S04156530WA0016600149
B1851471851518S04156530WA0016500149
B1851511851518S04156530WA0016600150
B1851551851518S04156530WA0016600150
B1851591851517S04156530WA0016600150
B1852031851517S04156529WA0016600149
B1852071851514S04156528WA0016600150
B1852111851511S04156526WA0016600151
B1852151851510S04156524WA0016600148
B1852191851506S04156522WA0016600148
B1852231851504S04156520WA0016600148
B1852271851504S04156519WA0016600150
B1852311851504S04156519WA0016500150
B1852351851503S04156519WA0016500150
B1852391851503S04156519WA0016600149
B1852431851503S04156519WA0016600150
B1852471851504S04156519WA0016600151
B1852511851504S04156519WA0016600150
B1852551851504S04156519WA0016600150
B1852591851504S04156519WA0016600150
B1853031851504S04156519WA0016600150
B1853071851504S04156519WA0016600150
B1853111851504S04156519WA0016600150
B1853151851504S04156519WA0016600150
B1853191851504S04156519WA0016500149
B1853231851504S04156519WA0016600149
B1853271851504S04156519WA0016500150
B1853311851503S04156519WA0016600151
B1853351851503S04156519WA0016500152
B1853391851503S04156519WA0016500152
B1853431851503S04156519WA0016500153
B1853471851503S04156519WA0016500153
B1853511851503S04156519WA0016500152
B1853551851503S04156519WA0016500152
B1853591851503S04156519WA0016500151
B1854031851503S04156519WA0016500152
B1854071851503S04156519WA0016500152
B1854111851503S04156519WA0016500152
B1854151851503S04156519WA0016500153
B1854191851503S04156519WA0016500153
B1854231851503S04156519WA0016500152
B1854271851503S04156519WA0016500152
B1854311851503S04156519WA0016500152
B1854351851503S04156519WA0016500151
B1854391851503S04156519WA0016500151
B1854431851503S04156519WA0016500151
B1854471851503S04156519WA0016500151
B1854511851503S04156519WA0016500151
B1854551851503S04156519WA0016500151
B1854591851503S04156519WA0016500151
B1855031851503S04156519WA0016500151
B1855071851503S04156519WA0016500151
B1855111851502S04156519WA0016500151
B1855151851502S04156519WA0016500150
B1855191851502S04156519WA0016500150
B1855231851502S04156519WA0016500150
B1855271851502S04156519WA0016500149
B1855311851502S04156519WA0016500149
B1855351851502S04156519WA0016500149
B1855391851502S04156519WA0016500148
B1855431851502S04156519WA0016500148
B1855471851502S04156519WA0016500148
B1855511851502S04156519WA0016500149
B1855551851502S04156519WA0016500149
B1855591851502S04156519WA0016500148
B1856031851502S04156519WA0016500148
B1856071851502S04156519WA0016500148
B1856111851503S04156519WA0016500148
B1856151851503S04156519WA0016500148
B1856191851503S04156519WA0016500147
B1856231851503S04156519WA0016500147
B1856271851503S04156520WA0016500147
B1856311851503S04156519WA0016500147
B1856351851503S04156519WA0016500148
B1856391851503S04156519WA0016500148
B1856431851503S04156519WA0016500147
B1856471851503S04156519WA0016500147
B1856511851503S04156519WA0016500147
B1856551851503S04156519WA0016500147
B1856591851503S04156519WA0016500147
B1857031851503S04156519WA0016500147
B1857071851503S04156519WA0016500148
B1857111851503S04156519WA0016500148
B1857151851503S04156519WA0016500149
B1857191851503S04156519WA0016500149
B1857231851502S04156519WA0016500149
B1857271851502S04156519WA0016500149
B1857311851502S04156519WA0016500149
B1857351851502S04156519WA0016500148
B1857391851502S04156519WA0016500146
B1857431851502S04156519WA0016500146
B1857471851502S04156519WA0016500145
B1857511851502S04156519WA0016500144
B1857551851502S04156519WA0016500145
B1857591851502S04156519WA0016500145
B1858031851502S04156519WA0016500145
B1858071851502S04156519WA0016500145
B1858111851502S04156519WA0016500145
B1858151851502S04156519WA0016500145
B1858191851502S04156519WA0016500145
B1858231851502S04156519WA0016500145
B1858271851502S04156519WA0016500145
B1858311851502S04156519WA0016500145
B1858351851502S04156519WA0016500145
B1858391851502S04156519WA0016500144
B1858431851502S04156519WA0016400145
B1858471851502S04156519WA0016500145
B1858511851502S04156519WA0016500145
B1858551851502S04156519WA0016500146
B1858591851502S04156519WA0016500145
B1859031851502S04156519WA0016500145
B1859071851502S04156519WA0016400145
B1859111851502S04156519WA0016500145
B1859151851502S04156519WA0016500145
B1859191851502S04156520WA0016400145
B1859231851502S04156520WA0016400145
B1859271851502S04156520WA0016400145
B1859311851502S04156520WA0016400146
B1859351851502S04156520WA0016400146
B1859391851502S04156520WA0016400146
B1859431851502S04156519WA0016500146
B1859471851502S04156519WA0016500146
B1859511851502S04156519WA0016400145
B1859551851502S04156519WA0016400145
B1859591851502S04156519WA0016400145
B1900031851502S04156519WA0016400145
B1900071851502S04156519WA0016400145
B1900111851502S04156519WA0016400145
B1900151851502S04156519WA0016500145
B1900191851502S04156519WA0016400145
B1900231851502S04156519WA0016400145
B1900271851502S04156519WA0016400145
B1900311851502S04156519WA0016400145
B1900351851502S04156519WA0016400145
B1900391851502S04156519WA0016400146
B1900431851502S04156519WA0016400145
B1900471851502S04156519WA0016400145
B1900511851502S04156519WA0016400145
B1900551851501S04156519WA0016400145
B1900591851501S04156519WA0016400145
B1901031851502S04156519WA0016400144
B1901071851501S04156519WA0016400144
B1901111851501S04156519WA0016400143
B1901151851502S04156519WA0016400143
B1901191851502S04156519WA0016400144
B1901231851502S04156519WA0016400144
B1901271851502S04156519WA0016400144
B1901311851502S04156519WA0016400144
B1901351851502S04156519WA0016400144
B1901391851502S04156519WA0016400145
B1901431851501S04156519WA0016400145
B1901471851501S04156519WA0016400145
B1901511851501S04156519WA0016400145
B1901551851501S04156519WA0016400145
B1901591851501S04156519WA0016400146
B1902031851501S04156519WA0016400146
B1902071851501S04156519WA0016400147
B1902111851501S04156519WA0016400147
B1902151851501S04156519WA0016400146
B1902191851501S04156519WA0016400146
B1902231851501S04156519WA0016400145
B1902271851501S04156519WA0016400145
B1902311851502S04156519WA0016400145
B1902351851502S04156519WA0016400144
B1902391851502S04156519WA0016400144
B1902431851502S04156519WA0016400144
B1902471851502S04156519WA0016400144
B1902511851502S04156519WA0016400144
B1902551851502S04156519WA0016400144
B1902591851501S04156519WA0016400144
B1903031851501S04156519WA0016400144
B1903071851501S04156519WA0016400144
B1903111851501S04156519WA0016400144
B1903151851501S04156519WA0016400144
B1903191851501S04156519WA0016400144
B1903231851501S04156519WA0016400143
B1903271851501S04156519WA0016400143
B1903311851501S04156519WA0016400144
B1903351851501S04156519WA0016400144
B1903391851501S04156519WA0016400144
B1903431851501S04156519WA0016400144
B1903471851501S04156519WA0016400145
B1903511851501S04156519WA0016400145
B1903551851501S04156519WA0016400145
B1903591851501S04156519WA0016400145
B1904031851501S04156519WA0016400145
B1904071851501S04156519WA0016400145
B1904111851501S04156519WA0016400145
B1904151851502S04156520WA0016400144
B1904191851502S04156520WA0016400144
B1904231851502S04156520WA0016400145
B1904271851502S04156520WA0016400145
B1904311851502S04156520WA0016400145
B1904351851501S04156520WA0016400145
B1904391851501S04156520WA0016400145
B1904431851502S04156520WA0016400145
B1904471851502S04156520WA0016400145
B1904511851502S04156520WA0016400145
B1904551851502S04156520WA0016400146
B1904591851502S04156520WA0016400146
B1905031851502S04156521WA0016400145
B1905071851502S04156521WA0016400145
B1905111851502S04156521WA0016400145
B1905151851502S04156520WA0016400145
B1905191851502S04156520WA0016400146
B1905231851502S04156520WA0016400146
B1905271851502S04156520WA0016400146
B1905311851502S04156520WA0016400146
B1905351851502S04156520WA0016400147
B1905391851502S04156520WA0016400147
B1905431851502S04156520WA0016400147
B1905471851502S04156520WA0016400147
B1905511851502S04156520WA0016400148
B1905551851502S04156520WA0016400148
B1905591851502S04156520WA0016400148
B1906031851502S04156520WA0016400148
B1906071851502S04156520WA0016400148
B1906111851502S04156520WA0016400148
B1906151851502S04156520WA0016400148
B1906191851502S04156520WA0016400148
B1906231851502S04156520WA0016400148
B1906271851502S04156520WA0016400149
B1906311851502S04156520WA0016400149
B1906351851502S04156520WA0016400149
B1906391851502S04156521WA0016400149
B1906431851502S04156521WA0016400149
B1906471851502S04156520WA0016400148
B1906511851502S04156520WA0016400148
B1906551851502S04156520WA0016400148
B1906591851502S04156520WA0016400148
B1907031851502S04156520WA0016400148
B1907071851503S04156520WA0016400148
B1907111851503S04156520WA0016400147
B1907151851503S04156520WA0016400147
B1907191851503S04156520WA0016400147
B1907231851503S04156520WA0016400147
B1907271851503S04156520WA0016400147
B1907311851503S04156520WA0016400147
B1907351851503S04156520WA0016400146
B1907391851503S04156520WA0016400146
B1907431851503S04156520WA0016400146
B1907471851503S04156520WA0016400145
B1907511851503S04156520WA0016400145
B1907551851503S04156520WA0016400145
B1907591851503S04156520WA0016400145
B1908031851503S04156520WA0016400145
B1908071851503S04156520WA0016400145
B1908111851503S04156520WA0016400145
B1908151851503S04156520WA0016400145
B1908191851503S04156520WA0016400145
B1908231851503S04156520WA0016400145
B1908271851503S04156520WA0016400146
B1908311851503S04156520WA0016400145
B1908351851503S04156520WA0016400145
B1908391851503S04156520WA0016400145
B1908431851503S04156520WA0016400145
B1908471851503S04156520WA0016400145
B1908511851503S04156520WA0016400145
B1908551851503S04156520WA0016400145
B1908591851503S04156520WA0016400145
B1909031851503S04156520WA0016400145
B1909071851502S04156519WA0016400145
B1909111851502S04156520WA0016400145
B1909151851502S04156520WA0016400145
B1909191851502S04156520WA0016400146
B1909231851502S04156520WA0016400146
B1909271851502S04156520WA0016400145
B1909311851502S04156520WA0016400145
B1909351851502S04156520WA0016400145
B1909391851502S04156520WA0016400145
B1909431851502S04156520WA0016400144
B1909471851502S04156520WA0016400144
B1909511851502S04156520WA0016400143
B1909551851502S04156520WA0016400143
B1909591851502S04156520WA0016400144
B1910031851502S04156520WA0016400144
B1910071851502S04156520WA0016400144
B1910111851502S04156520WA0016400144
B1910151851502S04156520WA0016400144
B1910191851502S04156520WA0016400144
B1910231851502S04156520WA0016400143
B1910271851502S04156520WA0016400143
B1910311851502S04156520WA0016400142
B1910351851502S04156520WA0016400142
B1910391851502S04156520WA0016400141
B1910431851502S04156520WA0016400141
B1910471851502S04156520WA0016400141
B1910511851502S04156520WA0016400141
B1910551851502S04156520WA0016400141
B1910591851502S04156520WA0016400141
B1911031851502S04156520WA0016400141
B1911071851502S04156520WA0016400141
B1911111851502S04156520WA0016400142
B1911151851502S04156520WA0016400142
B1911191851502S04156520WA0016400142
B1911231851502S04156520WA0016400143
B1911271851502S04156520WA0016400143
B1911311851502S04156520WA0016400144
B1911351851503S04156520WA0016400144
B1911391851503S04156520WA0016400144
B1911431851502S04156520WA0016400145
B1911471851502S04156520WA0016400146
B1911511851502S04156520WA0016400147
B1911551851502S04156520WA0016400147
B1911591851502S04156520WA0016400147
B1912031851502S04156520WA0016400147
B1912071851502S04156520WA0016400147
B1912111851502S04156520WA0016400146
B1912151851502S04156520WA0016400146
B1912191851502S04156520WA0016400146
B1912231851502S04156520WA0016400146
B1912271851502S04156520WA0016400146
B1912311851502S04156520WA0016400146
B1912351851502S04156520WA0016400146
B1912391851502S04156520WA0016400146
B1912431851502S04156520WA0016400146
B1912471851502S04156520WA0016400146
B1912511851502S04156520WA0016400145
B1912551851502S04156520WA0016400145
B1912591851502S04156520WA0016400145
B1913031851502S04156520WA0016400145
B1913071851502S04156520WA0016400144
B1913111851502S04156520WA0016400143
B1913151851502S04156520WA0016400143
B1913191851503S04156520WA0016400142
B1913231851503S04156520WA0016400142
B1913271851503S04156520WA0016400142
B1913311851503S04156520WA0016400143
B1913351851503S04156520WA0016400142
B1913391851503S04156520WA0016400142
B1913431851503S04156520WA0016400142
B1913471851502S04156520WA0016400142
B1913511851502S04156520WA0016400143
B1913551851502S04156520WA0016400144
B1913591851502S04156520WA0016400144
B1914031851502S04156520WA0016400144
B1914071851502S04156520WA0016400145
B1914111851502S04156520WA0016400145
B1914151851502S04156520WA0016400146
B1914191851502S04156520WA0016400146
B1914231851502S04156520WA0016400146
B1914271851502S04156520WA0016400146
B1914311851502S04156520WA0016400146
B1914351851502S04156520WA0016400145
B1914391851502S04156520WA0016400145
B1914431851502S04156520WA0016400145
B1914471851502S04156521WA0016400146
B1914511851502S04156521WA0016400146
B1914551851502S04156521WA0016400146
B1914591851502S04156521WA0016400145
B1915031851502S04156521WA0016400145
B1915071851502S04156520WA0016400144
B1915111851502S04156520WA0016400144
B1915151851502S04156520WA0016400144
B1915191851502S04156520WA0016400143
B1915231851502S04156520WA0016400143
B1915271851502S04156520WA0016400143
B1915311851502S04156520WA0016400143
B1915351851502S04156520WA0016400143
B1915391851502S04156520WA0016400144
B1915431851502S04156520WA0016400145
B1915471851502S04156520WA0016400145
B1915511851502S04156520WA0016400146
B1915551851502S04156520WA0016400146
B1915591851502S04156520WA0016400146
B1916031851502S04156520WA0016400146
B1916071851502S04156520WA0016400146
B1916111851502S04156520WA0016400146
B1916151851502S04156520WA0016400147
B1916191851502S04156520WA0016400148
B1916231851502S04156520WA0016400148
B1916271851502S04156520WA0016400148
B1916311851502S04156520WA0016400148
B1916351851502S04156520WA0016400148
B1916391851502S04156520WA0016400148
B1916431851502S04156520WA0016400148
B1916471851502S04156520WA0016400148
B1916511851502S04156520WA0016400147
B1916551851502S04156520WA0016400146
B1916591851502S04156520WA0016400145
B1917031851502S04156520WA0016400145
B1917071851502S04156520WA0016400145
B1917111851503S04156520WA0016400145
B1917151851503S04156520WA0016400145
B1917191851503S04156520WA0016400144
B1917231851503S04156520WA0016400145
B1917271851503S04156520WA0016400145
B1917311851503S04156520WA0016400145
B1917351851502S04156520WA0016400146
B1917391851502S04156520WA0016400146
B1917431851503S04156520WA0016400145
B1917471851502S04156520WA0016400145
B1917511851502S04156520WA0016400145
B1917551851502S04156520WA0016400145
B1917591851502S04156520WA0016400145
B1918031851502S04156520WA0016400146
B1918071851502S04156519WA0016400147
B1918111851502S04156519WA0016400147
B1918151851502S04156519WA0016400148
B1918191851502S04156519WA0016400147
B1918231851502S04156519WA0016400147
B1918271851502S04156520WA0016400146
B1918311851502S04156520WA0016400146
B1918351851502S04156520WA0016400145
B1918391851502S04156520WA0016300145
B1918431851502S04156520WA0016400144
B1918471851502S04156520WA0016400144
B1918511851502S04156520WA0016400143
B1918551851502S04156520WA0016300142
B1918591851502S04156520WA0016400142
B1919031851503S04156520WA0016400142
B1919071851503S04156520WA0016300143
B1919111851503S04156520WA0016400143
B1919151851503S04156520WA0016300143
B1919191851503S04156520WA0016300144
B1919231851503S04156520WA0016300145
B1919271851503S04156520WA0016400145
B1919311851503S04156520WA0016300146
B1919351851503S04156520WA0016300146
B1919391851503S04156520WA0016300146
B1919431851503S04156520WA0016400146
B1919471851503S04156520WA0016300146
B1919511851503S04156520WA0016400147
B1919551851503S04156520WA0016400147
B1919591851503S04156520WA0016300146
B1920031851503S04156520WA0016400146
B1920071851503S04156520WA0016400146
B1920111851503S04156520WA0016400146
B1920151851503S04156520WA0016400145
B1920191851503S04156520WA0016400145
B1920231851503S04156520WA0016400146
B1920271851503S04156520WA0016300146
B1920311851503S04156520WA0016400146
B1920351851503S04156520WA0016400146
B1920391851503S04156520WA0016400145
B1920431851503S04156520WA0016300145
B1920471851503S04156520WA0016400145
B1920511851503S04156521WA0016400145
B1920551851503S04156521WA0016400144
B1920591851503S04156521WA0016400144
B1921031851503S04156521WA0016400144
B1921071851503S04156521WA0016400144
B1921111851503S04156521WA0016400144
B1921151851503S04156521WA0016400144
B1921191851503S04156521WA0016400144
B1921231851503S04156521WA0016300144
B1921271851503S04156521WA0016400144
B1921311851503S04156521WA0016300144
B1921351851503S04156521WA0016400143
B1921391851503S04156521WA0016300143
B1921431851503S04156521WA0016300143
B1921471851503S04156521WA0016300143
B1921511851503S04156521WA0016300143
B1921551851503S04156521WA0016300143
B1921591851503S04156521WA0016300143
B1922031851502S04156521WA0016300143
B1922071851502S04156521WA0016300143
B1922111851502S04156521WA0016300143
B1922151851502S04156521WA0016300143
B1922191851502S04156521WA0016300143
B1922231851502S04156521WA0016400143
B1922271851502S04156521WA0016300144
B1922311851502S04156521WA0016300144
B1922351851502S04156521WA0016400144
B1922391851502S04156521WA0016300144
B1922431851502S04156521WA0016300144
B1922471851502S04156521WA0016300144
B1922511851502S04156521WA0016300144
B1922551851502S04156521WA0016300144
B1922591851502S04156521WA0016300144
B1923031851502S04156521WA0016300144
B1923071851502S04156521WA0016300144
B1923111851503S04156521WA0016300145
B1923151851503S04156521WA0016300145
B1923191851503S04156521WA0016300145
B1923231851503S04156521WA0016300146
B1923271851503S04156521WA0016300145
B1923311851503S04156521WA0016300146
B1923351851503S04156521WA0016300146
B1923391851503S04156521WA0016300146
B1923431851503S04156521WA0016300146
B1923471851503S04156521WA0016300146
B1923511851503S04156521WA0016300147
B1923551851503S04156521WA0016300148
B1923591851503S04156520WA0016400148
B1924031851503S04156520WA0016400147
B1924071851503S04156520WA0016400147
B1924111851503S04156520WA0016400147
B1924151851503S04156520WA0016400147
B1924191851503S04156520WA0016300147
B1924231851503S04156520WA0016400147
B1924271851503S04156520WA0016400147
B1924311851503S04156520WA0016400147
B1924351851503S04156520WA0016300147
B1924391851503S04156520WA0016400147
B1924431851503S04156520WA0016400147
B1924471851503S04156520WA0016300146
B1924511851503S04156520WA0016300146
B1924551851503S04156521WA0016400146
B1924591851503S04156521WA0016300147
B1925031851503S04156521WA0016400147
B1925071851503S04156521WA0016400147
B1925111851503S04156521WA0016400147
B1925151851503S04156521WA0016400147
B1925191851503S04156521WA0016400146
B1925231851503S04156521WA0016400146
B1925271851503S04156521WA0016400147
B1925311851503S04156521WA0016300147
B1925351851503S04156521WA0016300147
B1925391851503S04156521WA0016300147
B1925431851504S04156521WA0016300146
B1925471851504S04156521WA0016300146
B1925511851504S04156521WA0016300146
B1925551851504S04156521WA0016300146
B1925591851504S04156521WA0016300147
B1926031851504S04156521WA0016300147
B1926071851504S04156521WA0016300146
B1926111851504S04156521WA0016300146
B1926151851504S04156521WA0016300146
B1926191851504S04156520WA0016300146
B1926231851504S04156520WA0016300146
B1926271851503S04156520WA0016300146
B1926311851503S04156520WA0016300145
B1926351851503S04156520WA0016300145
B1926391851503S04156520WA0016300146
B1926431851503S04156520WA0016300146
B1926471851503S04156520WA0016300146
B1926511851503S04156520WA0016300146
B1926551851503S04156520WA0016300146
B1926591851503S04156521WA0016300146
B1927031851503S04156521WA0016300145
B1927071851503S04156521WA0016300145
B1927111851504S04156520WA0016300146
B1927151851504S04156520WA0016300145
B1927191851504S04156520WA0016300145
B1927231851504S04156521WA0016300144
B1927271851504S04156521WA0016300144
B1927311851504S04156521WA0016300144
B1927351851503S04156521WA0016300144
B1927391851503S04156521WA0016300143
B1927431851503S04156521WA0016300143
B1927471851503S04156521WA0016300142
B1927511851504S04156521WA0016300142
B1927551851504S04156521WA0016300141
B1927591851503S04156521WA0016300142
B1928031851503S04156520WA0016300142
B1928071851503S04156520WA0016300143
B1928111851503S04156520WA0016300143
B1928151851503S04156520WA0016300143
B1928191851503S04156520WA0016300143
B1928231851504S04156520WA0016300141
B1928271851504S04156520WA0016300141
B1928311851503S04156520WA0016300142
B1928351851503S04156520WA0016300142
B1928391851503S04156520WA0016300142
B1928431851503S04156521WA0016300142
B1928471851502S04156521WA0016300141
B1928511851502S04156521WA0016300140
B1928551851502S04156522WA0016300139
B1928591851501S04156522WA0016300138
B1929031851501S04156522WA0016300138
B1929071851501S04156522WA0016300138
B1929111851501S04156522WA0016300138
B1929151851501S04156522WA0016300139
B1929191851501S04156522WA0016300141
B1929231851501S04156522WA0016300141
B1929271851501S04156522WA0016300141
B1929311851501S04156522WA0016300141
B1929351851501S04156522WA0016300142
B1929391851501S04156521WA0016300144
B1929431851501S04156521WA0016300145
B1929471851500S04156521WA0016300147
B1929511851500S04156520WA0016300148
B1929551851500S04156520WA0016300149
B1929591851501S04156520WA0016300148
B1930001851501S04156520WA0016300149
