AXFMSFP Flymaster Live, V1.0, S/N 422395
HFDTE260426
HFPLTPILOTINCHARGE:Pamela Diez
B1457031853188S04154909WA0101601075
B1457071853174S04154908WA0101401070
B1457111853158S04154909WA0101101067
B1457151853136S04154925WA0100301058
B1457191853121S04154940WA0100601061
B1457231853108S04154960WA0099801052
B1457271853096S04154982WA0099301049
B1457311853089S04155012WA0098901044
B1457351853082S04155037WA0099301050
B1457391853081S04155057WA0100301061
B1457431853060S04155064WA0100601065
B1457471853042S04155070WA0101501075
B1457511853032S04155052WA0101801079
B1457551853054S04155045WA0102501086
B1457591853054S04155067WA0102801089
B1458031853033S04155070WA0104001101
B1458071853025S04155053WA0104501107
B1458111853011S04155035WA0105201113
B1458151853003S04155012WA0105901121
B1458191852998S04154995WA0107101132
B1458231853011S04154973WA0107501137
B1458271853034S04154991WA0107801138
B1458311853029S04155007WA0108501146
B1458351853012S04155005WA0109401155
B1458391853012S04154986WA0110201164
B1458431853035S04154971WA0110801171
B1458471853057S04154983WA0111901182
B1458511853050S04155003WA0112801192
B1458551853041S04154986WA0113401198
B1458591853068S04154979WA0114401210
B1459031853072S04155001WA0115801224
B1459071853058S04154997WA0116801234
B1459111853066S04154976WA0117701244
B1459151853093S04154978WA0118501253
B1459191853100S04155000WA0119501265
B1459231853087S04154994WA0120701277
B1459271853104S04154977WA0121401283
B1459311853131S04154986WA0122401295
B1459351853145S04155011WA0123501306
B1459391853150S04155032WA0124801317
B1459431853160S04155055WA0125501325
B1459471853165S04155073WA0126801340
B1459511853150S04155085WA0127801350
B1459551853138S04155072WA0128601359
B1459591853146S04155053WA0129601369
B1500031853170S04155056WA0130901383
B1500071853168S04155077WA0131901394
B1500111853150S04155071WA0132901405
B1500151853157S04155049WA0133801414
B1500191853180S04155056WA0134801426
B1500231853186S04155078WA0136301441
B1500271853169S04155086WA0137301452
B1500311853158S04155067WA0138301461
B1500351853174S04155050WA0139101470
B1500391853198S04155056WA0139801478
B1500431853213S04155079WA0140801488
B1500471853205S04155099WA0142101501
B1500511853183S04155106WA0143101512
B1500551853172S04155088WA0144201524
B1500591853189S04155070WA0144801530
B1501031853216S04155086WA0146001543
B1501071853218S04155111WA0147401557
B1501111853206S04155131WA0148701571
B1501151853190S04155139WA0150101586
B1501191853189S04155124WA0151201597
B1501231853216S04155125WA0152401610
B1501271853211S04155148WA0153801624
B1501311853192S04155153WA0155101638
B1501351853185S04155146WA0156501652
B1501391853199S04155131WA0156701655
B1501431853208S04155158WA0157401662
B1501471853188S04155166WA0159101679
B1501511853173S04155166WA0160001688
B1501551853156S04155160WA0160801697
B1501591853165S04155145WA0161401703
B1502031853181S04155169WA0162101710
B1502071853164S04155181WA0163401723
B1502111853151S04155170WA0164001730
B1502151853165S04155157WA0164701737
B1502191853182S04155178WA0164701738
B1502231853165S04155191WA0165801750
B1502271853150S04155185WA0166501758
B1502311853140S04155168WA0166501758
B1502351853131S04155152WA0167201764
B1502391853116S04155140WA0166101751
B1502431853098S04155129WA0165501746
B1502471853104S04155105WA0164501735
B1502511853107S04155080WA0164201733
B1502551853105S04155056WA0163801728
B1502591853099S04155035WA0163501724
B1503031853099S04155008WA0162701716
B1503071853096S04154985WA0162701716
B1503111853091S04154959WA0162001708
B1503151853085S04154936WA0161701705
B1503191853081S04154911WA0161001698
B1503231853083S04154889WA0160601694
B1503271853100S04154871WA0159901687
B1503311853116S04154856WA0159501681
B1503351853136S04154840WA0158901677
B1503391853149S04154820WA0158601674
B1503431853157S04154792WA0157701665
B1503471853173S04154766WA0157501664
B1503511853194S04154747WA0156901657
B1503551853220S04154725WA0156501652
B1503591853235S04154699WA0156501652
B1504031853240S04154667WA0156901655
B1504071853240S04154638WA0157301660
B1504111853247S04154606WA0156801655
B1504151853246S04154578WA0156201648
B1504191853237S04154550WA0155301639
B1504231853224S04154526WA0154701631
B1504271853212S04154497WA0154501629
B1504311853201S04154473WA0153801623
B1504351853191S04154448WA0153301618
B1504391853177S04154424WA0152201606
B1504431853161S04154401WA0151501599
B1504471853144S04154379WA0150501588
B1504511853126S04154359WA0149701580
B1504551853105S04154340WA0148601568
B1504591853086S04154321WA0147701559
B1505031853062S04154306WA0146601548
B1505071853044S04154285WA0145901540
B1505111853026S04154265WA0145501536
B1505151853011S04154246WA0145201532
B1505191852998S04154223WA0144601526
B1505231852982S04154202WA0144001520
B1505271852962S04154185WA0143401514
B1505311852942S04154171WA0143201512
B1505351852921S04154155WA0142401504
B1505391852904S04154137WA0142001500
B1505431852886S04154116WA0141501494
B1505471852871S04154097WA0141401493
B1505511852852S04154077WA0141001488
B1505551852836S04154055WA0140701486
B1505591852819S04154033WA0140501484
B1506031852806S04154009WA0140201480
B1506071852795S04153983WA0139801476
B1506111852784S04153963WA0139301471
B1506151852771S04153940WA0138301459
B1506191852756S04153916WA0137401450
B1506231852742S04153892WA0137301449
B1506271852731S04153873WA0138201460
B1506311852719S04153858WA0138601464
B1506351852710S04153840WA0138601463
B1506391852702S04153822WA0138301460
B1506431852687S04153813WA0138401461
B1506471852679S04153797WA0138201459
B1506511852668S04153775WA0138001457
B1506551852659S04153754WA0138401462
B1506591852651S04153728WA0137901457
B1507031852641S04153703WA0138601464
B1507071852641S04153678WA0138801466
B1507111852661S04153675WA0139001467
B1507151852666S04153697WA0138701464
B1507191852660S04153717WA0139201470
B1507231852645S04153719WA0139201471
B1507271852631S04153699WA0139401473
B1507311852641S04153673WA0139501473
B1507351852659S04153658WA0139401472
B1507391852683S04153650WA0138801466
B1507431852711S04153643WA0138101459
B1507471852739S04153639WA0137701454
B1507511852770S04153632WA0137701454
B1507551852799S04153629WA0138101458
B1507591852824S04153622WA0138401463
B1508031852850S04153627WA0138501463
B1508071852875S04153639WA0138901466
B1508111852886S04153660WA0139101470
B1508151852874S04153672WA0139701477
B1508191852865S04153655WA0140401484
B1508231852883S04153640WA0140901490
B1508271852904S04153651WA0140901490
B1508311852902S04153675WA0141501496
B1508351852884S04153674WA0142001500
B1508391852875S04153659WA0142901511
B1508431852888S04153637WA0143201512
B1508471852905S04153621WA0143601517
B1508511852928S04153605WA0143701518
B1508551852948S04153593WA0143601516
B1508591852970S04153575WA0142901509
B1509031852987S04153558WA0142601507
B1509071853004S04153537WA0141801498
B1509111853018S04153514WA0141401494
B1509151853033S04153491WA0141301492
B1509191853047S04153468WA0141101490
B1509231853059S04153446WA0141401492
B1509271853072S04153425WA0141001489
B1509311853082S04153403WA0141001489
B1509351853090S04153381WA0140601484
B1509391853098S04153358WA0140201480
B1509431853108S04153335WA0139701474
B1509471853118S04153311WA0139301470
B1509511853130S04153289WA0139001467
B1509551853138S04153265WA0138501462
B1509591853145S04153243WA0138101457
B1510031853159S04153222WA0137601453
B1510071853171S04153200WA0137201448
B1510111853182S04153179WA0137201447
B1510151853195S04153152WA0137001445
B1510191853207S04153129WA0137301449
B1510231853219S04153102WA0137001445
B1510271853232S04153077WA0137101446
B1510311853241S04153050WA0137201447
B1510351853249S04153025WA0137401450
B1510391853255S04152997WA0137401449
B1510431853266S04152973WA0137901454
B1510471853288S04152964WA0138101457
B1510511853300S04152984WA0138401460
B1510551853290S04152995WA0138801465
B1510591853274S04152986WA0138901466
B1511031853279S04152962WA0139001467
B1511071853299S04152951WA0139301471
B1511111853314S04152971WA0139401471
B1511151853301S04152978WA0139901476
B1511191853293S04152958WA0139901476
B1511231853312S04152944WA0140101479
B1511271853326S04152962WA0140301480
B1511311853314S04152974WA0140401480
B1511351853297S04152982WA0140301479
B1511391853278S04152989WA0140201478
B1511431853259S04152997WA0140101477
B1511471853241S04153007WA0140101477
B1511511853219S04153018WA0139401470
B1511551853199S04153028WA0139301469
B1511591853179S04153042WA0138501462
B1512031853159S04153055WA0138201459
B1512071853138S04153068WA0137501451
B1512111853116S04153082WA0136901445
B1512151853096S04153098WA0136301439
B1512191853076S04153115WA0135801434
B1512231853054S04153129WA0135301428
B1512271853031S04153137WA0134801422
B1512311853008S04153143WA0134201416
B1512351852986S04153150WA0133601410
B1512391852962S04153156WA0133201406
B1512431852942S04153162WA0132701401
B1512471852921S04153166WA0132301396
B1512511852899S04153170WA0131801392
B1512551852880S04153174WA0131701390
B1512591852856S04153175WA0131001382
B1513031852836S04153172WA0130401377
B1513071852813S04153170WA0129501366
B1513111852794S04153168WA0128701358
B1513151852777S04153167WA0128101351
B1513191852761S04153164WA0128001349
B1513231852741S04153166WA0128301352
B1513271852724S04153169WA0129101361
B1513311852707S04153171WA0130101373
B1513351852700S04153157WA0130701378
B1513391852720S04153139WA0130801379
B1513431852741S04153146WA0131401387
B1513471852736S04153169WA0132001393
B1513511852725S04153170WA0133201406
B1513551852735S04153149WA0133001406
B1513591852753S04153173WA0132901404
B1514031852745S04153184WA0134701423
B1514071852738S04153166WA0134901425
B1514111852765S04153165WA0135601432
B1514151852774S04153189WA0136501441
B1514191852760S04153192WA0137201449
B1514231852770S04153170WA0137701454
B1514271852791S04153189WA0138301461
B1514311852777S04153194WA0139101468
B1514351852784S04153173WA0139801476
B1514391852809S04153186WA0140001478
B1514431852801S04153201WA0140901487
B1514471852786S04153192WA0141501494
B1514511852792S04153171WA0142401503
B1514551852817S04153175WA0142501503
B1514591852822S04153197WA0143701516
B1515031852807S04153194WA0143701516
B1515071852813S04153175WA0144501523
B1515111852840S04153174WA0144701525
B1515151852856S04153199WA0145401532
B1515191852851S04153213WA0146201540
B1515231852841S04153202WA0146301542
B1515271852856S04153183WA0146801547
B1515311852888S04153186WA0147001550
B1515351852900S04153204WA0148001561
B1515391852888S04153220WA0147801559
B1515431852882S04153204WA0147901560
B1515471852903S04153186WA0148101562
B1515511852924S04153167WA0147701559
B1515551852927S04153143WA0148301565
B1515591852937S04153122WA0148901571
B1516031852966S04153128WA0149001573
B1516071852958S04153142WA0149201575
B1516111852956S04153123WA0149701580
B1516151852982S04153108WA0150201585
B1516191853000S04153085WA0150101584
B1516231853000S04153061WA0151001594
B1516271852987S04153046WA0151001594
B1516311852972S04153032WA0151001595
B1516351852957S04153012WA0151301597
B1516391852942S04152996WA0151301597
B1516431852921S04152989WA0151601600
B1516471852900S04152990WA0151601599
B1516511852879S04152997WA0151401597
B1516551852861S04153009WA0151401598
B1516591852848S04153023WA0151801601
B1517031852831S04153028WA0151601599
B1517071852813S04153024WA0152101604
B1517111852810S04153006WA0152301606
B1517151852837S04153002WA0151801600
B1517191852832S04153024WA0151801601
B1517231852819S04153034WA0152101604
B1517271852804S04153035WA0152601610
B1517311852810S04153013WA0152601609
B1517351852834S04153021WA0152501607
B1517391852825S04153037WA0152601608
B1517431852810S04153040WA0153401618
B1517471852800S04153025WA0153101614
B1517511852818S04153011WA0153201616
B1517551852840S04153023WA0152801612
B1517591852830S04153041WA0152801611
B1518031852821S04153028WA0153501619
B1518071852841S04153016WA0152901614
B1518111852852S04153038WA0152701613
B1518151852833S04153038WA0153101617
B1518191852840S04153020WA0153101616
B1518231852863S04153007WA0153101616
B1518271852886S04152993WA0152701611
B1518311852897S04153016WA0151901603
B1518351852880S04153017WA0152401608
B1518391852860S04153018WA0152301607
B1518431852842S04153024WA0152501610
B1518471852823S04153037WA0151701602
B1518511852804S04153049WA0151701602
B1518551852789S04153067WA0151201597
B1518591852778S04153085WA0151501601
B1519031852775S04153109WA0151001595
B1519071852780S04153127WA0151501601
B1519111852779S04153148WA0150701592
B1519151852773S04153163WA0150801593
B1519191852768S04153184WA0150301587
B1519231852762S04153205WA0150301588
B1519271852749S04153219WA0149601580
B1519311852731S04153233WA0148601569
B1519351852719S04153253WA0147701559
B1519391852705S04153275WA0146901551
B1519431852697S04153294WA0146901551
B1519471852684S04153310WA0146101544
B1519511852671S04153327WA0145501537
B1519551852654S04153341WA0144701528
B1519591852638S04153356WA0144101521
B1520031852621S04153370WA0143301514
B1520071852609S04153387WA0142701507
B1520111852595S04153400WA0141901498
B1520151852576S04153396WA0141001489
B1520191852564S04153378WA0139901477
B1520231852565S04153357WA0139601474
B1520271852574S04153334WA0138901466
B1520311852585S04153312WA0139301470
B1520351852594S04153291WA0139801476
B1520391852598S04153270WA0140401482
B1520431852590S04153250WA0141301491
B1520471852576S04153238WA0142401502
B1520511852568S04153221WA0143301512
B1520551852586S04153197WA0144001519
B1520591852612S04153203WA0144401524
B1521031852629S04153214WA0144701526
B1521071852625S04153233WA0144101520
B1521111852611S04153223WA0144901530
B1521151852629S04153203WA0145001530
B1521191852647S04153216WA0145001531
B1521231852655S04153237WA0145301533
B1521271852653S04153254WA0145701539
B1521311852639S04153257WA0146501548
B1521351852647S04153236WA0147201554
B1521391852672S04153249WA0147601558
B1521431852665S04153264WA0148401567
B1521471852659S04153247WA0148801572
B1521511852686S04153239WA0149401578
B1521551852698S04153259WA0150001585
B1521591852683S04153259WA0150101587
B1522031852677S04153240WA0151201598
B1522071852677S04153216WA0152101606
B1522111852706S04153205WA0152501611
B1522151852719S04153223WA0153301619
B1522191852707S04153229WA0153601623
B1522231852703S04153208WA0154201629
B1522271852728S04153190WA0155001638
B1522311852746S04153205WA0155301640
B1522351852729S04153201WA0155401641
B1522391852747S04153175WA0156001645
B1522431852770S04153167WA0156201648
B1522471852781S04153186WA0155901645
B1522511852770S04153186WA0156301650
B1522551852760S04153169WA0156801656
B1522591852774S04153145WA0156701653
B1523031852798S04153148WA0155801644
B1523071852799S04153162WA0155501642
B1523111852786S04153156WA0155401639
B1523151852769S04153145WA0154901634
B1523191852756S04153126WA0154501629
B1523231852736S04153116WA0154101626
B1523271852717S04153109WA0153501620
B1523311852695S04153106WA0153301618
B1523351852678S04153109WA0152601610
B1523391852660S04153118WA0152301607
B1523431852641S04153133WA0152501610
B1523471852625S04153146WA0152601611
B1523511852607S04153158WA0152601611
B1523551852600S04153137WA0152201606
B1523591852626S04153127WA0152101604
B1524031852646S04153136WA0152201606
B1524071852660S04153157WA0151901602
B1524111852660S04153177WA0152101604
B1524151852638S04153183WA0151501598
B1524191852626S04153165WA0151501597
B1524231852618S04153143WA0151201594
B1524271852624S04153121WA0150901591
B1524311852640S04153106WA0150701590
B1524351852661S04153114WA0149901582
B1524391852675S04153134WA0150001583
B1524431852689S04153155WA0149501577
B1524471852704S04153174WA0149501578
B1524511852720S04153192WA0149101574
B1524551852727S04153217WA0148401567
B1524591852750S04153239WA0148101563
B1525031852772S04153257WA0148001563
B1525071852804S04153257WA0148501567
B1525111852832S04153248WA0149801581
B1525151852856S04153262WA0150301586
B1525191852865S04153283WA0151001594
B1525231852853S04153291WA0151301596
B1525271852840S04153281WA0151901603
B1525311852861S04153260WA0152201607
B1525351852885S04153267WA0153801625
B1525391852898S04153283WA0153701623
B1525431852900S04153305WA0153601622
B1525471852894S04153322WA0154101627
B1525511852876S04153330WA0154401631
B1525551852866S04153315WA0155101639
B1525591852874S04153292WA0155901646
B1526031852884S04153267WA0156001647
B1526071852896S04153240WA0156301650
B1526111852905S04153212WA0156901656
B1526151852914S04153187WA0157601663
B1526191852937S04153182WA0156901656
B1526231852951S04153196WA0157401662
B1526271852941S04153204WA0157001658
B1526311852927S04153189WA0157601665
B1526351852924S04153171WA0157001660
B1526391852950S04153161WA0155801647
B1526431852966S04153174WA0155201639
B1526471852981S04153192WA0154701633
B1526511852987S04153214WA0154001627
B1526551852982S04153230WA0154601632
B1526591852976S04153245WA0154501631
B1527031852973S04153263WA0154301629
B1527071852961S04153276WA0154301629
B1527111852943S04153272WA0154101627
B1527151852929S04153268WA0154501630
B1527191852913S04153262WA0154501630
B1527231852898S04153254WA0154601631
B1527271852897S04153232WA0154101627
B1527311852910S04153216WA0154501630
B1527351852931S04153209WA0153901625
B1527391852956S04153209WA0153701623
B1527431852979S04153209WA0153801623
B1527471852998S04153224WA0153801624
B1527511852997S04153240WA0153701622
B1527551852985S04153253WA0153101617
B1527591852970S04153259WA0152901615
B1528031852956S04153243WA0152601611
B1528071852950S04153220WA0152301609
B1528111852945S04153199WA0151701601
B1528151852934S04153172WA0150601590
B1528191852924S04153149WA0150301587
B1528231852916S04153125WA0149401577
B1528271852909S04153089WA0148001563
B1528311852904S04153060WA0148001564
B1528351852896S04153029WA0147101553
B1528391852886S04152995WA0146401545
B1528431852882S04152963WA0146001542
B1528471852874S04152929WA0145401535
B1528511852865S04152894WA0144701528
B1528551852860S04152858WA0144701527
B1528591852854S04152827WA0144901529
B1529031852841S04152799WA0144601525
B1529071852820S04152782WA0144301522
B1529111852789S04152770WA0143001509
B1529151852762S04152761WA0143301512
B1529191852733S04152763WA0142601505
B1529231852701S04152766WA0142401503
B1529271852670S04152771WA0141901498
B1529311852639S04152772WA0142101501
B1529351852614S04152775WA0141601495
B1529391852585S04152788WA0140501483
B1529431852561S04152805WA0140101478
B1529471852537S04152824WA0139201468
B1529511852513S04152843WA0138701463
B1529551852488S04152857WA0138201458
B1529591852466S04152877WA0137501451
B1530031852440S04152891WA0137001446
B1530071852413S04152896WA0136901445
B1530111852386S04152898WA0136301438
B1530151852355S04152903WA0135501429
B1530191852327S04152906WA0134701421
B1530231852299S04152908WA0134201415
B1530271852277S04152910WA0133901412
B1530311852255S04152912WA0133601410
B1530351852235S04152919WA0133601410
B1530391852219S04152931WA0133601409
B1530431852200S04152933WA0133801411
B1530471852184S04152923WA0134401418
B1530511852165S04152905WA0133401408
B1530551852152S04152893WA0134201419
B1530591852140S04152870WA0133801415
B1531031852135S04152853WA0134401420
B1531071852158S04152844WA0133701413
B1531111852179S04152858WA0134501420
B1531151852186S04152878WA0134301419
B1531191852183S04152900WA0134601421
B1531231852195S04152919WA0134301419
B1531271852205S04152940WA0133901414
B1531311852209S04152967WA0133101406
B1531351852208S04152988WA0133501409
B1531391852208S04153009WA0133001403
B1531431852209S04153032WA0132301395
B1531471852210S04153058WA0132101392
B1531511852216S04153080WA0132101392
B1531551852225S04153103WA0132501396
B1531591852235S04153123WA0133001402
B1532031852221S04153141WA0133401407
B1532071852203S04153134WA0133901411
B1532111852214S04153113WA0133601409
B1532151852226S04153127WA0134501418
B1532191852224S04153145WA0134401417
B1532231852216S04153163WA0134901422
B1532271852200S04153163WA0135701430
B1532311852204S04153136WA0136001433
B1532351852227S04153132WA0136301435
B1532391852243S04153146WA0136601439
B1532431852251S04153162WA0137401449
B1532471852236S04153177WA0137301448
B1532511852221S04153174WA0138201456
B1532551852219S04153147WA0137901453
B1532591852240S04153156WA0138101455
B1533031852230S04153171WA0138601459
B1533071852211S04153159WA0138201456
B1533111852216S04153136WA0138701461
B1533151852239S04153135WA0138701462
B1533191852254S04153147WA0139001466
B1533231852268S04153165WA0139301470
B1533271852283S04153182WA0139601472
B1533311852271S04153193WA0140401483
B1533351852268S04153167WA0140301481
B1533391852290S04153161WA0141201490
B1533431852315S04153153WA0141701496
B1533471852339S04153145WA0142901508
B1533511852355S04153159WA0142801507
B1533551852351S04153176WA0143801517
B1533591852331S04153173WA0144201522
B1534031852334S04153149WA0145201532
B1534071852357S04153137WA0146101542
B1534111852379S04153122WA0146001540
B1534151852400S04153104WA0146101542
B1534191852422S04153084WA0146101540
B1534231852440S04153066WA0146301544
B1534271852459S04153046WA0146201542
B1534311852473S04153026WA0146401546
B1534351852481S04153002WA0147101553
B1534391852496S04152980WA0147701560
B1534431852511S04152963WA0147801561
B1534471852533S04152948WA0148601568
B1534511852555S04152944WA0149001572
B1534551852558S04152962WA0148901571
B1534591852541S04152966WA0149701577
B1535031852522S04152954WA0149801578
B1535071852525S04152931WA0150001580
B1535111852547S04152923WA0150601586
B1535151852566S04152923WA0150501584
B1535191852578S04152938WA0150301581
B1535231852589S04152960WA0150301583
B1535271852579S04152978WA0150801587
B1535311852562S04152988WA0151101593
B1535351852542S04152993WA0151401596
B1535391852524S04153001WA0152001602
B1535431852503S04153007WA0152601607
B1535471852483S04153008WA0152701610
B1535511852472S04152987WA0152701610
B1535551852473S04152960WA0152001602
B1535591852489S04152947WA0152101604
B1536031852512S04152947WA0151801601
B1536071852530S04152947WA0151701599
B1536111852555S04152946WA0151601599
B1536151852575S04152944WA0152101605
B1536191852600S04152942WA0152101605
B1536231852626S04152935WA0152401608
B1536271852652S04152930WA0153101617
B1536311852657S04152951WA0153001616
B1536351852640S04152951WA0153901624
B1536391852619S04152943WA0154101627
B1536431852611S04152923WA0154901635
B1536471852634S04152904WA0154301629
B1536511852657S04152895WA0155401641
B1536551852672S04152912WA0154801634
B1536591852660S04152925WA0155701643
B1537031852643S04152916WA0156301648
B1537071852652S04152891WA0156401649
B1537111852675S04152896WA0156701652
B1537151852680S04152917WA0157101656
B1537191852662S04152914WA0157201658
B1537231852655S04152888WA0157901667
B1537271852665S04152863WA0157701664
B1537311852689S04152854WA0157801664
B1537351852707S04152865WA0157601661
B1537391852719S04152883WA0157201657
B1537431852728S04152904WA0156701653
B1537471852731S04152921WA0157101657
B1537511852721S04152940WA0156501652
B1537551852715S04152960WA0156201648
B1537591852708S04152983WA0155701643
B1538031852701S04153001WA0155501641
B1538071852698S04153025WA0155001635
B1538111852701S04153051WA0154801633
B1538151852714S04153076WA0154901635
B1538191852732S04153088WA0155701642
B1538231852759S04153091WA0156001645
B1538271852782S04153095WA0156701652
B1538311852807S04153095WA0157301659
B1538351852825S04153114WA0157501661
B1538391852822S04153131WA0158401671
B1538431852811S04153140WA0159001678
B1538471852793S04153126WA0159601683
B1538511852795S04153103WA0160201690
B1538551852813S04153078WA0160601694
B1538591852838S04153074WA0161201700
B1539031852862S04153086WA0161601703
B1539071852867S04153105WA0161901706
B1539111852855S04153113WA0162801716
B1539151852837S04153113WA0163001718
B1539191852820S04153099WA0163301722
B1539231852809S04153073WA0163601727
B1539271852808S04153050WA0164301733
B1539311852806S04153023WA0164101732
B1539351852799S04153005WA0164901738
B1539391852783S04152998WA0165201742
B1539431852781S04152974WA0165001738
B1539471852786S04152952WA0165101740
B1539511852795S04152925WA0163901727
B1539551852816S04152911WA0163001718
B1539591852841S04152911WA0162501713
B1540031852864S04152923WA0161901708
B1540071852869S04152943WA0161101699
B1540111852867S04152969WA0160801697
B1540151852859S04152990WA0161001700
B1540191852847S04153005WA0161501705
B1540231852833S04153021WA0161301704
B1540271852818S04153030WA0161301704
B1540311852803S04153043WA0161201703
B1540351852792S04153056WA0161201702
B1540391852785S04153074WA0161301703
B1540431852779S04153086WA0161501705
B1540471852765S04153073WA0161101700
B1540511852788S04153052WA0160801696
B1540551852810S04153054WA0161101701
B1540591852818S04153074WA0160801697
B1541031852805S04153083WA0160801696
B1541071852785S04153079WA0161201702
B1541111852770S04153079WA0161801706
B1541151852751S04153081WA0162301712
B1541191852737S04153063WA0162201711
B1541231852736S04153034WA0162401714
B1541271852743S04153009WA0162301713
B1541311852766S04152999WA0162201712
B1541351852780S04153013WA0161601704
B1541391852785S04153033WA0161501703
B1541431852788S04153054WA0161301701
B1541471852791S04153074WA0161801706
B1541511852790S04153088WA0162501713
B1541551852776S04153093WA0162701716
B1541591852785S04153068WA0162401712
B1542031852808S04153074WA0162901717
B1542071852814S04153090WA0163301721
B1542111852796S04153106WA0163301721
B1542151852789S04153122WA0164001729
B1542191852778S04153140WA0164201731
B1542231852759S04153145WA0164801737
B1542271852738S04153134WA0164601733
B1542311852730S04153114WA0164401733
B1542351852739S04153086WA0163901727
B1542391852741S04153064WA0163501723
B1542431852741S04153037WA0163101721
B1542471852749S04153010WA0163001719
B1542511852759S04152984WA0163001719
B1542551852777S04152969WA0162501715
B1542591852799S04152978WA0162301713
B1543031852813S04152995WA0162001709
B1543071852824S04153015WA0162201712
B1543111852838S04153028WA0162501714
B1543151852853S04153048WA0162301711
B1543191852857S04153070WA0162401713
B1543231852852S04153093WA0162401713
B1543271852844S04153113WA0162701716
B1543311852835S04153133WA0162501713
B1543351852825S04153152WA0162101710
B1543391852820S04153174WA0161701705
B1543431852826S04153193WA0161701705
B1543471852838S04153208WA0161501703
B1543511852834S04153225WA0161401703
B1543551852816S04153236WA0161001698
B1543591852792S04153230WA0160501694
B1544031852779S04153208WA0160201691
B1544071852775S04153179WA0159401682
B1544111852774S04153151WA0159101679
B1544151852780S04153124WA0158801675
B1544191852783S04153097WA0158301669
B1544231852787S04153070WA0157901666
B1544271852790S04153038WA0156901655
B1544311852792S04153013WA0156801655
B1544351852787S04152983WA0155701643
B1544391852782S04152954WA0155301640
B1544431852773S04152929WA0154501633
B1544471852762S04152906WA0154101628
B1544511852751S04152883WA0153501621
B1544551852736S04152859WA0153601621
B1544591852726S04152836WA0153401620
B1545031852727S04152806WA0152901614
B1545071852728S04152778WA0152201607
B1545111852744S04152754WA0152401610
B1545151852745S04152730WA0153101617
B1545191852738S04152705WA0154301631
B1545231852736S04152681WA0154301631
B1545271852735S04152654WA0154101628
B1545311852732S04152625WA0154101629
B1545351852730S04152599WA0155301641
B1545391852727S04152568WA0155901647
B1545431852719S04152540WA0156601654
B1545471852712S04152517WA0157901667
B1545511852698S04152494WA0157501664
B1545551852679S04152468WA0157901668
B1545591852661S04152447WA0158001669
B1546031852635S04152426WA0156901657
B1546071852614S04152404WA0157401663
B1546111852594S04152384WA0158001667
B1546151852579S04152359WA0158301671
B1546191852563S04152339WA0159101679
B1546231852550S04152317WA0158601674
B1546271852542S04152283WA0157901667
B1546311852526S04152258WA0158401672
B1546351852511S04152230WA0157701665
B1546391852490S04152203WA0156301651
B1546431852469S04152174WA0155401641
B1546471852450S04152140WA0154401632
B1546511852429S04152109WA0154001626
B1546551852409S04152079WA0152701614
B1546591852387S04152046WA0151501601
B1547031852368S04152023WA0151601602
B1547071852350S04151996WA0150401589
B1547111852330S04151963WA0149701582
B1547151852308S04151937WA0149301578
B1547191852284S04151913WA0148901574
B1547231852258S04151889WA0148101566
B1547271852234S04151864WA0147301557
B1547311852207S04151841WA0146201546
B1547351852178S04151820WA0145301537
B1547391852153S04151796WA0144301527
B1547431852131S04151770WA0143501518
B1547471852105S04151743WA0142201504
B1547511852081S04151717WA0141501497
B1547551852057S04151691WA0140701488
B1547591852033S04151665WA0140001480
B1548031852009S04151641WA0139301472
B1548071851985S04151613WA0138701466
B1548111851960S04151591WA0138401463
B1548151851937S04151566WA0137801456
B1548191851910S04151546WA0137301451
B1548231851883S04151528WA0136501443
B1548271851855S04151510WA0135801436
B1548311851836S04151482WA0135201430
B1548351851817S04151454WA0134501422
B1548391851795S04151423WA0133501410
B1548431851773S04151395WA0132801403
B1548471851748S04151368WA0132101396
B1548511851723S04151342WA0131501390
B1548551851702S04151313WA0130901384
B1548591851687S04151279WA0130201376
B1549031851672S04151245WA0129501368
B1549071851659S04151212WA0128701359
B1549111851648S04151178WA0127301345
B1549151851638S04151143WA0126501336
B1549191851627S04151115WA0125801329
B1549231851614S04151088WA0124401314
B1549271851593S04151062WA0123001299
B1549311851574S04151039WA0122101289
B1549351851556S04151010WA0120501272
B1549391851538S04150984WA0119901266
B1549431851519S04150961WA0119801266
B1549471851501S04150939WA0119801266
B1549511851485S04150916WA0119201259
B1549551851474S04150890WA0119001257
B1549591851462S04150866WA0119001257
B1550031851453S04150836WA0119201259
B1550071851443S04150812WA0119701264
B1550111851431S04150782WA0119301260
B1550151851421S04150753WA0119401260
B1550191851414S04150721WA0119301259
B1550231851406S04150692WA0119701264
B1550271851394S04150666WA0119801265
B1550311851384S04150639WA0119901265
B1550351851376S04150614WA0120201269
B1550391851373S04150593WA0120301271
B1550431851370S04150572WA0120801274
B1550471851358S04150557WA0121001276
B1550511851354S04150537WA0121801284
B1550551851345S04150520WA0122601294
B1550591851341S04150501WA0123101299
B1551031851339S04150484WA0123901306
B1551071851342S04150464WA0124101309
B1551111851369S04150462WA0124301312
B1551151851380S04150482WA0125001318
B1551191851376S04150506WA0125501325
B1551231851360S04150498WA0125501324
B1551271851360S04150476WA0125801327
B1551311851365S04150452WA0126101330
B1551351851374S04150431WA0126501335
B1551391851381S04150401WA0126401336
B1551431851388S04150375WA0126901341
B1551471851388S04150349WA0127001341
B1551511851381S04150319WA0126701338
B1551551851374S04150287WA0126701338
B1551591851362S04150256WA0126301334
B1552031851351S04150219WA0125301323
B1552071851344S04150181WA0125101321
B1552111851336S04150152WA0125301323
B1552151851323S04150125WA0124401314
B1552191851307S04150094WA0123601306
B1552231851289S04150066WA0123001298
B1552271851267S04150040WA0122101289
B1552311851245S04150016WA0121101279
B1552351851220S04149994WA0120401271
B1552391851195S04149973WA0119501262
B1552431851170S04149949WA0118701254
B1552471851147S04149925WA0117701243
B1552511851125S04149902WA0117201238
B1552551851105S04149880WA0116601231
B1552591851082S04149858WA0115601220
B1553031851060S04149837WA0115001215
B1553071851035S04149817WA0113501199
B1553111851008S04149798WA0112301187
B1553151850986S04149780WA0111301176
B1553191850962S04149760WA0109701159
B1553231850936S04149746WA0108201143
B1553271850909S04149741WA0107501136
B1553311850883S04149737WA0107501135
B1553351850857S04149732WA0107101132
B1553391850829S04149722WA0106201122
B1553431850806S04149710WA0106401123
B1553471850786S04149689WA0106301122
B1553511850772S04149667WA0107201132
B1553551850759S04149649WA0107901140
B1553591850746S04149635WA0108901150
B1554031850750S04149616WA0109401154
B1554071850763S04149599WA0110201163
B1554111850785S04149607WA0110301164
B1554151850772S04149628WA0110501167
B1554191850754S04149618WA0111401176
B1554231850747S04149599WA0112201183
B1554271850762S04149582WA0112601189
B1554311850782S04149587WA0113701200
B1554351850779S04149610WA0113601199
B1554391850757S04149604WA0114201206
B1554431850750S04149586WA0115101214
B1554471850751S04149562WA0115501218
B1554511850759S04149543WA0115801223
B1554551850787S04149532WA0116301228
B1554591850810S04149536WA0117001235
B1555031850837S04149553WA0117401240
B1555071850849S04149577WA0118401250
B1555111850835S04149590WA0119401260
B1555151850829S04149569WA0120301271
B1555191850845S04149555WA0121201279
B1555231850871S04149569WA0122101291
B1555271850865S04149591WA0123101300
B1555311850849S04149585WA0124001309
B1555351850839S04149568WA0124701316
B1555391850831S04149549WA0125301323
B1555431850822S04149528WA0125501326
B1555471850808S04149501WA0125001320
B1555511850799S04149471WA0125301322
B1555551850794S04149444WA0125701326
B1555591850784S04149416WA0125301322
B1556031850768S04149392WA0124701316
B1556071850752S04149365WA0123801305
B1556111850736S04149335WA0122601293
B1556151850717S04149309WA0121901286
B1556191850698S04149280WA0121201279
B1556231850680S04149253WA0121301280
B1556271850665S04149230WA0121601282
B1556311850645S04149203WA0120401270
B1556351850619S04149177WA0119501261
B1556391850596S04149152WA0118801253
B1556431850571S04149129WA0118501250
B1556471850551S04149108WA0118001245
B1556511850530S04149082WA0117301239
B1556551850510S04149055WA0116701231
B1556591850489S04149028WA0116101225
B1557031850466S04149006WA0115501219
B1557071850443S04148986WA0114901213
B1557111850418S04148962WA0113801201
B1557151850395S04148937WA0113301196
B1557191850373S04148913WA0112501188
B1557231850349S04148890WA0112001182
B1557271850324S04148871WA0111401176
B1557311850297S04148851WA0110701169
B1557351850271S04148831WA0110201163
B1557391850247S04148810WA0109201154
B1557431850224S04148789WA0108401146
B1557471850204S04148766WA0107701137
B1557511850189S04148740WA0106601126
B1557551850170S04148714WA0105501114
B1557591850150S04148690WA0104801106
B1558031850136S04148668WA0104401101
B1558071850119S04148642WA0102801085
B1558111850099S04148615WA0101601073
B1558151850078S04148592WA0101401071
B1558191850058S04148579WA0102001076
B1558231850038S04148568WA0101901075
B1558271850020S04148545WA0101801075
B1558311850003S04148526WA0101701075
B1558351849978S04148510WA0101101068
B1558391849952S04148490WA0100601062
B1558431849927S04148470WA0100201059
B1558471849904S04148450WA0100101057
B1558511849880S04148434WA0100201057
B1558551849856S04148420WA0100301060
B1558591849829S04148405WA0100101057
B1559031849810S04148394WA0101201068
B1559071849787S04148382WA0100701064
B1559111849761S04148369WA0101101068
B1559151849737S04148357WA0101701075
B1559191849716S04148344WA0102601083
B1559231849693S04148325WA0102901087
B1559271849673S04148306WA0103901098
B1559311849651S04148282WA0104301102
B1559351849630S04148264WA0104801106
B1559391849608S04148249WA0105201110
B1559431849592S04148228WA0105601115
B1559471849589S04148202WA0105601114
B1559511849597S04148169WA0104801107
B1559551849592S04148134WA0104301102
B1559591849586S04148095WA0103401092
B1600031849584S04148054WA0103201090
B1600071849581S04148019WA0102801084
B1600111849570S04147979WA0102101076
B1600151849563S04147956WA0102901085
B1600191849552S04147929WA0102001076
B1600231849539S04147894WA0100601061
B1600271849526S04147859WA0099701051
B1600311849513S04147826WA0098501039
B1600351849499S04147791WA0097201025
B1600391849485S04147766WA0097201024
B1600431849475S04147737WA0096101013
B1600471849466S04147702WA0095001001
B1600511849455S04147669WA0094300994
B1600551849445S04147635WA0093400983
B1600591849436S04147601WA0092700976
B1601031849424S04147569WA0091800966
B1601071849411S04147537WA0091000957
B1601111849396S04147509WA0091000957
B1601151849383S04147483WA0090700955
B1601191849369S04147451WA0089400941
B1601231849356S04147416WA0088200927
B1601271849343S04147387WA0087900924
B1601311849331S04147356WA0086500910
B1601351849319S04147321WA0085400898
B1601391849306S04147288WA0084200885
B1601431849289S04147254WA0082800871
B1601471849279S04147214WA0081300856
B1601511849269S04147175WA0080400845
B1601551849253S04147141WA0079500835
B1601591849238S04147107WA0078600825
B1602031849221S04147080WA0078000819
B1602071849203S04147049WA0076600805
B1602111849185S04147019WA0076000797
B1602151849167S04146991WA0075200788
B1602191849149S04146961WA0074000777
B1602231849131S04146933WA0073300768
B1602271849114S04146903WA0072200758
B1602311849100S04146872WA0071400749
B1602351849086S04146840WA0070100736
B1602391849070S04146807WA0069100725
B1602431849054S04146777WA0068200716
B1602471849040S04146746WA0067500708
B1602511849024S04146717WA0066700699
B1602551849010S04146687WA0065900691
B1602591848995S04146653WA0064600678
B1603031848983S04146619WA0063900671
B1603071848971S04146587WA0062900659
B1603111848962S04146551WA0062000650
B1603151848954S04146520WA0061700648
B1603191848943S04146490WA0060700636
B1603231848931S04146455WA0059300622
B1603271848922S04146424WA0058300611
B1603311848911S04146389WA0057000597
B1603351848899S04146357WA0055900586
B1603391848885S04146326WA0054700572
B1603431848869S04146294WA0053600561
B1603471848855S04146261WA0052800552
B1603511848842S04146226WA0051700541
B1603551848828S04146192WA0050900532
B1603591848812S04146158WA0050200524
B1604031848803S04146130WA0051200535
B1604071848799S04146112WA0052000542
B1604111848793S04146094WA0053100555
B1604151848788S04146077WA0053700561
B1604191848781S04146061WA0054900576
B1604231848774S04146043WA0055500581
B1604271848765S04146021WA0056700593
B1604311848757S04145996WA0057500602
B1604351848752S04145971WA0058800615
B1604391848765S04145960WA0060300633
B1604431848784S04145976WA0061400645
B1604471848797S04145988WA0062600658
B1604511848814S04146004WA0063300665
B1604551848831S04146019WA0064400676
B1604591848837S04146037WA0065600689
B1605031848816S04146041WA0066300695
B1605071848805S04146028WA0067000702
B1605111848794S04146008WA0067900712
B1605151848781S04145991WA0069000724
B1605191848769S04145972WA0070000735
B1605231848787S04145958WA0071100748
B1605271848781S04145981WA0071600752
B1605311848770S04145964WA0072900766
B1605351848790S04145961WA0074000778
B1605391848775S04145979WA0074600784
B1605431848771S04145959WA0075800796
B1605471848790S04145966WA0076400803
B1605511848773S04145979WA0077300813
B1605551848764S04145962WA0078300823
B1605591848777S04145946WA0079300834
B1606031848787S04145965WA0079900841
B1606071848767S04145968WA0080700849
B1606111848761S04145948WA0081500857
B1606151848774S04145924WA0081700859
B1606191848794S04145917WA0082400865
B1606231848789S04145937WA0082900870
B1606271848778S04145923WA0084200885
B1606311848779S04145899WA0084200885
B1606351848764S04145884WA0084900891
B1606391848748S04145865WA0085500898
B1606431848735S04145846WA0086800913
B1606471848717S04145831WA0087700922
B1606511848699S04145840WA0089000934
B1606551848720S04145853WA0090300948
B1606591848735S04145825WA0091400959
B1607031848716S04145809WA0092700973
B1607071848708S04145824WA0094200989
B1607111848733S04145825WA0094900998
B1607151848730S04145797WA0096401011
B1607191848714S04145810WA0097501022
B1607231848738S04145817WA0098601033
B1607271848739S04145790WA0100101047
B1607311848724S04145802WA0101101059
B1607351848749S04145812WA0102301071
B1607391848758S04145786WA0103901089
B1607431848736S04145790WA0104901100
B1607471848758S04145805WA0106101112
B1607511848775S04145784WA0107501127
B1607551848754S04145779WA0108501138
B1607591848765S04145802WA0109901153
B1608031848787S04145784WA0111301165
B1608071848771S04145766WA0112501178
B1608111848770S04145786WA0113801192
B1608151848798S04145778WA0115101207
B1608191848805S04145748WA0116301220
B1608231848798S04145719WA0117201231
B1608271848781S04145699WA0118101241
B1608311848760S04145689WA0119601257
B1608351848743S04145691WA0120701268
B1608391848746S04145710WA0121201275
B1608431848767S04145710WA0122501288
B1608471848770S04145686WA0123101294
B1608511848751S04145673WA0124601311
B1608551848732S04145664WA0124901314
B1608591848715S04145654WA0125901326
B1609031848699S04145640WA0125601325
B1609071848682S04145629WA0126501335
B1609111848665S04145615WA0126601336
B1609151848651S04145600WA0128101352
B1609191848640S04145592WA0129001362
B1609231848626S04145580WA0129301366
B1609271848612S04145572WA0129801371
B1609311848595S04145558WA0129501368
B1609351848581S04145543WA0129701370
B1609391848564S04145528WA0129601369
B1609431848543S04145514WA0129701369
B1609471848520S04145500WA0129601368
B1609511848492S04145484WA0129401366
B1609551848471S04145465WA0130201374
B1609591848446S04145447WA0130401376
B1610031848421S04145433WA0131701391
B1610071848404S04145416WA0132401397
B1610111848384S04145395WA0133301409
B1610151848367S04145376WA0134301420
B1610191848353S04145355WA0135301428
B1610231848339S04145336WA0135701434
B1610271848323S04145312WA0136001436
B1610311848304S04145289WA0136701443
B1610351848286S04145263WA0137301449
B1610391848268S04145244WA0138001456
B1610431848251S04145219WA0137601451
B1610471848231S04145191WA0137201448
B1610511848214S04145165WA0136601441
B1610551848198S04145132WA0135401427
B1610591848182S04145100WA0135001423
B1611031848169S04145069WA0134501418
B1611071848156S04145038WA0134401418
B1611111848145S04145012WA0134601418
B1611151848135S04144980WA0133601408
B1611191848121S04144952WA0133301406
B1611231848105S04144926WA0132201395
B1611271848085S04144896WA0130901379
B1611311848065S04144868WA0129701368
B1611351848043S04144844WA0128701356
B1611391848021S04144821WA0127801346
B1611431847999S04144798WA0127001338
B1611471847978S04144771WA0126401332
B1611511847957S04144746WA0126101329
B1611551847937S04144722WA0125601324
B1611591847915S04144698WA0125201320
B1612031847895S04144679WA0125501325
B1612071847879S04144656WA0124901318
B1612111847860S04144634WA0124501315
B1612151847843S04144610WA0124301311
B1612191847829S04144587WA0124901317
B1612231847814S04144562WA0125201320
B1612271847800S04144537WA0125401323
B1612311847788S04144511WA0125601325
B1612351847773S04144481WA0125401323
B1612391847757S04144454WA0125601325
B1612431847740S04144425WA0125401323
B1612471847722S04144396WA0125901327
B1612511847705S04144367WA0126701335
B1612551847689S04144339WA0127801347
B1612591847672S04144312WA0128301351
B1613031847655S04144283WA0128501355
B1613071847643S04144257WA0129101361
B1613111847631S04144225WA0128701356
B1613151847614S04144193WA0128401353
B1613191847596S04144164WA0128901358
B1613231847580S04144134WA0129501365
B1613271847564S04144102WA0130101371
B1613311847547S04144071WA0130101371
B1613351847528S04144039WA0130301372
B1613391847515S04144009WA0131001381
B1613431847533S04143980WA0131001380
B1613471847560S04143948WA0130201372
B1613511847594S04143917WA0129601366
B1613551847630S04143891WA0129501364
B1613591847669S04143869WA0129801368
B1614031847704S04143857WA0130801378
B1614071847745S04143844WA0130701377
B1614111847775S04143833WA0130901379
B1614151847811S04143823WA0129701366
B1614191847851S04143813WA0128601354
B1614231847890S04143805WA0127401342
B1614271847929S04143798WA0126501333
B1614311847966S04143789WA0125601323
B1614351848004S04143779WA0124601313
B1614391848044S04143772WA0124101307
B1614431848083S04143766WA0124201308
B1614471848118S04143762WA0124501312
B1614511848149S04143755WA0125001316
B1614551848181S04143746WA0124801314
B1614591848214S04143734WA0124101307
B1615031848249S04143722WA0123601301
B1615071848284S04143709WA0123301298
B1615111848316S04143694WA0123001295
B1615151848351S04143682WA0122401289
B1615191848383S04143669WA0122201287
B1615231848411S04143654WA0121701282
B1615271848444S04143644WA0121301277
B1615311848470S04143635WA0122201287
B1615351848497S04143630WA0122801293
B1615391848524S04143626WA0123401300
B1615431848553S04143623WA0123901305
B1615471848582S04143620WA0124201308
B1615511848614S04143614WA0124501312
B1615551848643S04143601WA0125001317
B1615591848674S04143589WA0124901316
B1616031848706S04143576WA0124701314
B1616071848741S04143567WA0124201307
B1616111848779S04143565WA0123701303
B1616151848815S04143561WA0123201297
B1616191848850S04143551WA0122501290
B1616231848884S04143534WA0121701282
B1616271848919S04143520WA0120901273
B1616311848956S04143510WA0120001264
B1616351848993S04143500WA0119201255
B1616391849031S04143495WA0118401246
B1616431849069S04143492WA0117601238
B1616471849103S04143490WA0117301233
B1616511849136S04143490WA0117601237
B1616551849168S04143486WA0117501236
B1616591849202S04143487WA0117201232
B1617031849238S04143490WA0117101231
B1617071849272S04143484WA0117101233
B1617111849304S04143473WA0117001230
B1617151849336S04143469WA0116801228
B1617191849370S04143464WA0116201221
B1617231849400S04143447WA0115701217
B1617271849432S04143431WA0114601205
B1617311849465S04143418WA0113701195
B1617351849497S04143405WA0112601184
B1617391849528S04143388WA0111801176
B1617431849553S04143372WA0111601174
B1617471849584S04143353WA0110101158
B1617511849615S04143337WA0109701154
B1617551849646S04143322WA0109001145
B1617591849681S04143310WA0108501141
B1618031849717S04143296WA0108201138
B1618071849746S04143283WA0108001135
B1618111849780S04143268WA0107101126
B1618151849809S04143248WA0106701123
B1618191849840S04143230WA0106201116
B1618231849871S04143209WA0105801112
B1618271849900S04143186WA0105301107
B1618311849931S04143161WA0104801101
B1618351849960S04143140WA0104701101
B1618391849993S04143125WA0104201095
B1618431850029S04143112WA0103701090
B1618471850064S04143099WA0103501087
B1618511850096S04143084WA0103201084
B1618551850129S04143066WA0102401077
B1618591850163S04143049WA0101501067
B1619031850201S04143033WA0100401057
B1619071850238S04143018WA0099801050
B1619111850274S04143003WA0099201043
B1619151850311S04142985WA0098301034
B1619191850347S04142968WA0097401024
B1619231850385S04142956WA0096401014
B1619271850423S04142948WA0095601006
B1619311850457S04142945WA0094500994
B1619351850495S04142942WA0093100979
B1619391850532S04142938WA0092100968
B1619431850569S04142934WA0090800955
B1619471850606S04142934WA0089600943
B1619511850642S04142934WA0088500930
B1619551850678S04142936WA0087300917
B1619591850714S04142940WA0086100904
B1620031850750S04142942WA0085000893
B1620071850787S04142945WA0083900881
B1620111850824S04142946WA0082600869
B1620151850861S04142951WA0081400857
B1620191850893S04142961WA0080700849
B1620231850927S04142973WA0079200832
B1620271850964S04142977WA0078400822
B1620311850987S04142951WA0077200809
B1620351850995S04142916WA0075900796
B1620391851004S04142880WA0074600783
B1620431851014S04142845WA0073800774
B1620471851025S04142811WA0072800764
B1620511851034S04142776WA0071900755
B1620551851041S04142743WA0071400749
B1620591851045S04142708WA0070200736
B1621031851047S04142671WA0068900723
B1621071851052S04142634WA0068100715
B1621111851062S04142603WA0067500709
B1621151851092S04142595WA0067100704
B1621191851118S04142592WA0067700710
B1621231851146S04142603WA0066800701
B1621271851169S04142627WA0066700699
B1621311851189S04142646WA0066500698
B1621351851177S04142677WA0065800690
B1621391851170S04142701WA0066100692
B1621431851159S04142718WA0065700688
B1621471851139S04142721WA0065800690
B1621511851118S04142716WA0065000682
B1621551851099S04142696WA0064500676
B1621591851092S04142667WA0063700668
B1622031851103S04142637WA0062500655
B1622071851115S04142603WA0061500645
B1622111851122S04142570WA0061400642
B1622151851128S04142540WA0061100640
B1622191851139S04142512WA0060900637
B1622231851154S04142484WA0060500634
B1622271851159S04142456WA0061500643
B1622311851168S04142440WA0061700644
B1622351851181S04142456WA0061400642
B1622391851165S04142473WA0061900646
B1622431851147S04142486WA0062300650
B1622471851132S04142477WA0062500653
B1622511851148S04142458WA0062100649
B1622551851168S04142466WA0062800655
B1622591851169S04142486WA0062800655
B1623031851150S04142485WA0062800656
B1623071851164S04142467WA0062900657
B1623111851180S04142481WA0063400663
B1623151851165S04142497WA0063200660
B1623191851146S04142489WA0063700665
B1623231851137S04142472WA0063200660
B1623271851133S04142450WA0063400661
B1623311851135S04142428WA0063600664
B1623351851153S04142415WA0063800666
B1623391851166S04142430WA0063800667
B1623431851145S04142439WA0063600665
B1623471851130S04142426WA0064200670
B1623511851127S04142404WA0063900668
B1623551851142S04142381WA0063800666
B1623591851162S04142365WA0064400672
B1624031851184S04142348WA0065100680
B1624071851206S04142344WA0066400694
B1624111851204S04142362WA0066800696
B1624151851187S04142357WA0067900708
B1624191851183S04142333WA0068900719
B1624231851200S04142317WA0069800729
B1624271851212S04142331WA0070600737
B1624311851194S04142340WA0071200744
B1624351851178S04142329WA0072400756
B1624391851164S04142307WA0072900762
B1624431851171S04142285WA0073700770
B1624471851193S04142272WA0074900783
B1624511851209S04142286WA0075600789
B1624551851201S04142301WA0076600801
B1624591851181S04142294WA0077800814
B1625031851172S04142269WA0078500822
B1625071851164S04142245WA0079700834
B1625111851155S04142221WA0080300841
B1625151851155S04142199WA0080600844
B1625191851181S04142194WA0080400842
B1625231851204S04142197WA0080800846
B1625271851230S04142206WA0081000848
B1625311851252S04142218WA0081900858
B1625351851264S04142230WA0083200872
B1625391851249S04142246WA0083500876
B1625431851238S04142254WA0084900891
B1625471851219S04142244WA0085800901
B1625511851224S04142223WA0086900912
B1625551851250S04142222WA0087700920
B1625591851254S04142242WA0088900932
B1626031851237S04142245WA0089600940
B1626071851236S04142220WA0090600951
B1626111851260S04142212WA0091600962
B1626151851271S04142228WA0092800974
B1626191851252S04142236WA0093400981
B1626231851236S04142225WA0094800996
B1626271851217S04142212WA0095601004
B1626311851202S04142196WA0096401014
B1626351851185S04142178WA0096601016
B1626391851162S04142155WA0096401014
B1626431851139S04142138WA0096601016
B1626471851114S04142120WA0095601006
B1626511851087S04142104WA0095101001
B1626551851062S04142086WA0094500993
B1626591851044S04142060WA0094600995
B1627031851031S04142035WA0094900997
B1627071851012S04142007WA0094200990
B1627111850989S04141979WA0094000987
B1627151850968S04141957WA0093700985
B1627191850944S04141931WA0092600973
B1627231850924S04141904WA0091600963
B1627271850906S04141874WA0090400950
B1627311850885S04141844WA0089400939
B1627351850862S04141815WA0088300927
B1627391850836S04141789WA0087600919
B1627431850814S04141761WA0087200915
B1627471850793S04141742WA0087800921
B1627511850770S04141720WA0087900921
B1627551850751S04141693WA0088300926
B1627591850737S04141665WA0088600930
B1628031850727S04141632WA0088800931
B1628071850721S04141602WA0089300937
B1628111850705S04141569WA0089300937
B1628151850699S04141540WA0090200947
B1628191850691S04141507WA0090000946
B1628231850680S04141472WA0090500951
B1628271850667S04141442WA0090700953
B1628311850645S04141416WA0090500951
B1628351850615S04141401WA0090200948
B1628391850588S04141385WA0089700941
B1628431850557S04141371WA0089200935
B1628471850536S04141366WA0090300947
B1628511850513S04141363WA0090700952
B1628551850492S04141356WA0091600961
B1628591850474S04141365WA0092200968
B1629031850456S04141373WA0092500972
B1629071850434S04141372WA0092900975
B1629111850426S04141351WA0093200978
B1629151850444S04141338WA0093200978
B1629191850468S04141340WA0093300979
B1629231850489S04141338WA0093400980
B1629271850497S04141315WA0093600981
B1629311850497S04141298WA0094100986
B1629351850496S04141272WA0093000978
B1629391850488S04141251WA0093100976
B1629431850472S04141226WA0091700964
B1629471850455S04141200WA0091000956
B1629511850431S04141173WA0090000946
B1629551850408S04141147WA0089200938
B1629591850385S04141115WA0088300928
B1630031850363S04141088WA0088300927
B1630071850342S04141059WA0088000924
B1630111850322S04141027WA0088100924
B1630151850307S04141000WA0089300937
B1630191850293S04140975WA0089800942
B1630231850283S04140955WA0090600950
B1630271850271S04140929WA0089800941
B1630311850253S04140897WA0089000933
B1630351850237S04140865WA0088600928
B1630391850221S04140833WA0088000922
B1630431850202S04140800WA0087500918
B1630471850186S04140769WA0087000912
B1630511850169S04140736WA0086400906
B1630551850155S04140709WA0086800910
B1630591850142S04140681WA0086400906
B1631031850128S04140646WA0085700899
B1631071850114S04140613WA0086100904
B1631111850104S04140581WA0086300905
B1631151850094S04140545WA0086100903
B1631191850085S04140519WA0087100913
B1631231850080S04140490WA0087400916
B1631271850077S04140464WA0088200925
B1631311850070S04140438WA0088700930
B1631351850061S04140418WA0090000944
B1631391850063S04140392WA0090500949
B1631431850082S04140398WA0091000956
B1631471850066S04140407WA0092100968
B1631511850055S04140387WA0093100977
B1631551850075S04140371WA0093700984
B1631591850078S04140388WA0094600995
B1632031850062S04140373WA0095401003
B1632071850083S04140361WA0096301011
B1632111850077S04140379WA0097101020
B1632151850063S04140363WA0098101030
B1632191850074S04140339WA0099201043
B1632231850089S04140351WA0099701048
B1632271850067S04140352WA0100501055
B1632311850059S04140329WA0102001071
B1632351850075S04140305WA0103301085
B1632391850090S04140316WA0104301097
B1632431850068S04140319WA0105201104
B1632471850054S04140297WA0106801122
B1632511850064S04140278WA0108401138
B1632551850080S04140288WA0109301147
B1632591850060S04140283WA0110701164
B1633031850073S04140258WA0112401181
B1633071850093S04140266WA0113801194
B1633111850079S04140278WA0114801207
B1633151850067S04140255WA0116701226
B1633191850084S04140234WA0118001239
B1633231850100S04140249WA0119001249
B1633271850086S04140262WA0120501266
B1633311850068S04140264WA0122301284
B1633351850049S04140252WA0123401296
B1633391850030S04140238WA0124401308
B1633431850015S04140220WA0126301327
B1633471850030S04140198WA0127201335
B1633511850050S04140208WA0128401348
B1633551850053S04140229WA0129301357
B1633591850041S04140243WA0130501370
B1634031850022S04140233WA0131801384
B1634071850006S04140219WA0133101398
B1634111849988S04140203WA0134301412
B1634151849971S04140189WA0134401412
B1634191849944S04140171WA0133201401
B1634231849911S04140147WA0132201390
B1634271849876S04140124WA0131901386
B1634311849844S04140102WA0132201390
B1634351849813S04140088WA0132201391
B1634391849781S04140069WA0131401382
B1634431849750S04140050WA0130701374
B1634471849720S04140027WA0129901366
B1634511849690S04140008WA0129401361
B1634551849659S04139992WA0129001356
B1634591849628S04139976WA0128501351
B1635031849595S04139962WA0127901344
B1635071849564S04139944WA0127601342
B1635111849537S04139925WA0127501340
B1635151849506S04139909WA0127201338
B1635191849476S04139898WA0127001336
B1635231849444S04139884WA0126201327
B1635271849416S04139870WA0125701323
B1635311849387S04139852WA0124801313
B1635351849359S04139827WA0124101305
B1635391849333S04139804WA0123401298
B1635431849307S04139778WA0122701290
B1635471849283S04139751WA0122001282
B1635511849258S04139728WA0121201274
B1635551849235S04139710WA0120701268
B1635591849213S04139692WA0119801259
B1636031849190S04139671WA0118601247
B1636071849168S04139647WA0117701237
B1636111849144S04139622WA0117401234
B1636151849120S04139602WA0117201232
B1636191849093S04139582WA0116501225
B1636231849067S04139567WA0116001219
B1636271849039S04139550WA0115201211
B1636311849010S04139538WA0115001209
B1636351848981S04139531WA0114501204
B1636391848948S04139524WA0113901198
B1636431848919S04139517WA0114301202
B1636471848889S04139509WA0114001199
B1636511848856S04139502WA0113801197
B1636551848827S04139494WA0113901198
B1636591848798S04139488WA0113601195
B1637031848767S04139477WA0113301192
B1637071848738S04139466WA0113301192
B1637111848709S04139451WA0112701187
B1637151848677S04139434WA0112601186
B1637191848646S04139419WA0112601186
B1637231848614S04139400WA0111901178
B1637271848582S04139385WA0111601174
B1637311848549S04139371WA0111601175
B1637351848524S04139362WA0112601185
B1637391848500S04139343WA0112501184
B1637431848491S04139310WA0112801187
B1637471848501S04139276WA0112901187
B1637511848516S04139244WA0113001189
B1637551848538S04139207WA0112601184
B1637591848557S04139176WA0113401192
B1638031848575S04139146WA0113601194
B1638071848596S04139114WA0113501193
B1638111848621S04139086WA0113501192
B1638151848648S04139061WA0113501191
B1638191848675S04139039WA0113101188
B1638231848707S04139022WA0112301179
B1638271848740S04139014WA0111501171
B1638311848773S04139010WA0110201158
B1638351848808S04139009WA0108801143
B1638391848840S04139015WA0107501129
B1638431848874S04139020WA0105801111
B1638471848912S04139020WA0104401096
B1638511848946S04139016WA0103201083
B1638551848982S04139009WA0102001070
B1638591849017S04139004WA0101201062
B1639031849050S04139001WA0100001049
B1639071849083S04139009WA0098701036
B1639111849115S04139015WA0097501023
B1639151849148S04139021WA0096301010
B1639191849182S04139026WA0095000996
B1639231849216S04139032WA0093800984
B1639271849250S04139034WA0092500970
B1639311849284S04139037WA0091000954
B1639351849318S04139049WA0089300937
B1639391849343S04139067WA0089000933
B1639431849366S04139079WA0088500929
B1639471849395S04139089WA0088100923
B1639511849422S04139099WA0088100924
B1639551849454S04139111WA0087600918
B1639591849483S04139123WA0087500918
B1640031849513S04139135WA0087200914
B1640071849539S04139148WA0087500917
B1640111849566S04139161WA0086800911
B1640151849598S04139169WA0086000903
B1640191849626S04139179WA0085200893
B1640231849658S04139192WA0084100882
B1640271849687S04139204WA0084100882
B1640311849716S04139213WA0083400875
B1640351849747S04139226WA0082800867
B1640391849778S04139239WA0082400863
B1640431849806S04139252WA0082300862
B1640471849833S04139265WA0082400863
B1640511849853S04139273WA0083900879
B1640551849873S04139282WA0084500886
B1640591849885S04139294WA0085500896
B1641031849871S04139309WA0085900900
B1641071849859S04139286WA0086500906
B1641111849871S04139274WA0087400916
B1641151849892S04139275WA0087500917
B1641191849911S04139278WA0088200925
B1641231849918S04139291WA0088500928
B1641271849892S04139293WA0088300926
B1641311849883S04139268WA0089100934
B1641351849890S04139249WA0089800942
B1641391849908S04139234WA0089700942
B1641431849927S04139215WA0090000944
B1641471849946S04139214WA0091300958
B1641511849940S04139233WA0091700962
B1641551849923S04139217WA0091700961
B1641591849926S04139186WA0092500971
B1642031849941S04139169WA0093500981
B1642071849957S04139149WA0093600982
B1642111849979S04139135WA0093200977
B1642151850006S04139123WA0093600982
B1642191850031S04139116WA0094400991
B1642231850059S04139110WA0095000997
B1642271850084S04139101WA0095301002
B1642311850106S04139090WA0095000997
B1642351850138S04139080WA0093300979
B1642391850171S04139070WA0092500971
B1642431850207S04139055WA0091200958
B1642471850244S04139043WA0090400949
B1642511850280S04139031WA0089900944
B1642551850313S04139019WA0089800943
B1642591850347S04139003WA0089200936
B1643031850378S04138984WA0088300926
B1643071850414S04138968WA0087300915
B1643111850442S04138951WA0087500918
B1643151850474S04138934WA0087000913
B1643191850510S04138916WA0086400905
B1643231850541S04138903WA0087200913
B1643271850569S04138891WA0087400916
B1643311850600S04138877WA0086800910
B1643351850634S04138867WA0086400905
B1643391850667S04138857WA0085800899
B1643431850702S04138846WA0085800898
B1643471850735S04138837WA0086600908
B1643511850758S04138828WA0088300925
B1643551850778S04138812WA0088800930
B1643591850790S04138783WA0089400937
B1644031850799S04138757WA0090000944
B1644071850811S04138728WA0090500949
B1644111850832S04138706WA0091500958
B1644151850859S04138697WA0092500969
B1644191850879S04138712WA0093000975
B1644231850888S04138732WA0094000985
B1644271850892S04138756WA0094400990
B1644311850887S04138776WA0095401001
B1644351850874S04138783WA0096601014
B1644391850862S04138758WA0096801016
B1644431850883S04138739WA0097501022
B1644471850904S04138739WA0098501033
B1644511850920S04138758WA0098801037
B1644551850931S04138778WA0100101051
B1644591850910S04138782WA0100701057
B1645031850914S04138756WA0101801069
B1645071850933S04138751WA0102901080
B1645111850960S04138745WA0103401087
B1645151850984S04138735WA0104501098
B1645191851004S04138726WA0105201105
B1645231851025S04138713WA0105301106
B1645271851048S04138701WA0105501108
B1645311851074S04138686WA0106101114
B1645351851101S04138674WA0106901122
B1645391851128S04138661WA0107301126
B1645431851156S04138646WA0107301126
B1645471851186S04138630WA0107101124
B1645511851222S04138616WA0106901121
B1645551851257S04138609WA0107301125
B1645591851289S04138592WA0106901121
B1646031851322S04138572WA0107201124
B1646071851343S04138557WA0108501138
B1646111851369S04138545WA0108401136
B1646151851396S04138530WA0108201134
B1646191851429S04138511WA0107601127
B1646231851457S04138491WA0107401126
B1646271851480S04138467WA0107601127
B1646311851498S04138446WA0108601137
B1646351851518S04138426WA0108401136
B1646391851538S04138402WA0109001143
B1646431851555S04138375WA0109601149
B1646471851571S04138351WA0110601159
B1646511851587S04138325WA0111201165
B1646551851603S04138303WA0112101176
B1646591851625S04138308WA0112701181
B1647031851624S04138323WA0113501191
B1647071851607S04138318WA0114101197
B1647111851614S04138290WA0114801204
B1647151851639S04138282WA0115501213
B1647191851646S04138299WA0116001218
B1647231851629S04138291WA0116501225
B1647271851632S04138262WA0117501234
B1647311851642S04138236WA0118201242
B1647351851669S04138229WA0118401245
B1647391851694S04138222WA0119201253
B1647431851722S04138218WA0120001262
B1647471851753S04138219WA0120101262
B1647511851787S04138213WA0120301264
B1647551851816S04138202WA0120601268
B1647591851846S04138183WA0120301266
B1648031851877S04138159WA0120001262
B1648071851909S04138134WA0119601259
B1648111851940S04138110WA0119801259
B1648151851968S04138085WA0119601257
B1648191851997S04138059WA0119301254
B1648231852021S04138034WA0119001251
B1648271852047S04138006WA0117801239
B1648311852069S04137980WA0117001230
B1648351852091S04137950WA0115701216
B1648391852113S04137922WA0114701206
B1648431852136S04137892WA0113401192
B1648471852158S04137878WA0113101189
B1648511852167S04137897WA0112201178
B1648551852163S04137918WA0111701173
B1648591852153S04137943WA0110401161
B1649031852139S04137968WA0109901155
B1649071852124S04137996WA0108601140
B1649111852105S04138022WA0107601130
B1649151852082S04138046WA0106301117
B1649191852058S04138069WA0105501108
B1649231852035S04138093WA0104601099
B1649271852011S04138116WA0103801091
B1649311851989S04138136WA0103401085
B1649351851963S04138160WA0102301073
B1649391851943S04138181WA0102401074
B1649431851918S04138200WA0101101061
B1649471851893S04138220WA0100701058
B1649511851877S04138236WA0101101061
B1649551851855S04138252WA0100201051
B1649591851829S04138268WA0100401054
B1650031851819S04138276WA0102401075
B1650071851824S04138296WA0102501077
B1650111851831S04138311WA0103501087
B1650151851813S04138315WA0103201084
B1650191851798S04138306WA0104001093
B1650231851776S04138301WA0103901092
B1650271851756S04138307WA0104601099
B1650311851729S04138313WA0104701100
B1650351851701S04138321WA0105301107
B1650391851675S04138330WA0105801111
B1650431851650S04138343WA0106601119
B1650471851630S04138358WA0107101124
B1650511851609S04138377WA0107901132
B1650551851599S04138389WA0109301147
B1650591851580S04138386WA0109201147
B1651031851571S04138373WA0109401147
B1651071851591S04138351WA0109601151
B1651111851609S04138351WA0110801162
B1651151851627S04138363WA0111301167
B1651191851611S04138375WA0111401169
B1651231851603S04138359WA0112201176
B1651271851598S04138334WA0112401179
B1651311851595S04138309WA0112801183
B1651351851591S04138281WA0113401190
B1651391851591S04138254WA0114001196
B1651431851591S04138228WA0114401201
B1651471851575S04138211WA0114701204
B1651511851556S04138210WA0114901206
B1651551851542S04138226WA0115401212
B1651591851537S04138249WA0115401212
B1652031851529S04138278WA0115701215
B1652071851526S04138300WA0116801227
B1652111851529S04138321WA0117001230
B1652151851534S04138347WA0117001229
B1652191851538S04138375WA0116701227
B1652231851541S04138403WA0117601236
B1652271851539S04138430WA0118101241
B1652311851544S04138454WA0119001251
B1652351851549S04138477WA0119401255
B1652391851540S04138496WA0120001262
B1652431851527S04138499WA0119501257
B1652471851502S04138494WA0118601247
B1652511851475S04138492WA0118001241
B1652551851446S04138492WA0117501236
B1652591851416S04138489WA0117301234
B1653031851384S04138493WA0117201232
B1653071851355S04138496WA0117501236
B1653111851325S04138498WA0117401233
B1653151851296S04138504WA0117901238
B1653191851278S04138513WA0119201251
B1653231851259S04138520WA0120101260
B1653271851255S04138501WA0120301261
B1653311851282S04138495WA0120801268
B1653351851291S04138514WA0121801278
B1653391851289S04138537WA0122201283
B1653431851273S04138543WA0123001292
B1653471851278S04138522WA0123601299
B1653511851299S04138536WA0124201305
B1653551851288S04138551WA0124601309
B1653591851271S04138539WA0125501319
B1654031851272S04138518WA0126301327
B1654071851275S04138493WA0127801342
B1654111851298S04138488WA0128801351
B1654151851307S04138512WA0129301357
B1654191851288S04138518WA0129701360
B1654231851276S04138497WA0130301369
B1654271851278S04138469WA0130601371
B1654311851285S04138442WA0130901375
B1654351851284S04138417WA0131001376
B1654391851286S04138390WA0131501382
B1654431851305S04138372WA0132001387
B1654471851324S04138387WA0132301390
B1654511851316S04138399WA0133001397
B1654551851300S04138412WA0132801395
B1654591851290S04138429WA0133301401
B1655031851276S04138451WA0132501394
B1655071851258S04138476WA0132401393
B1655111851246S04138497WA0132801396
B1655151851231S04138517WA0133301402
B1655191851212S04138540WA0132901398
B1655231851191S04138566WA0133101400
B1655271851174S04138585WA0133601406
B1655311851151S04138612WA0133101398
B1655351851128S04138638WA0133401402
B1655391851111S04138665WA0132801397
B1655431851089S04138690WA0132101389
B1655471851069S04138715WA0131301380
B1655511851048S04138739WA0130301369
B1655551851027S04138761WA0129401360
B1655591851005S04138784WA0128301349
B1656031850981S04138808WA0126901334
B1656071850954S04138827WA0125901323
B1656111850927S04138848WA0124501309
B1656151850903S04138872WA0124001303
B1656191850883S04138894WA0123501299
B1656231850864S04138917WA0122801291
B1656271850842S04138937WA0122201285
B1656311850822S04138960WA0121501277
B1656351850802S04138983WA0120801269
B1656391850784S04139005WA0119901261
B1656431850764S04139029WA0119101252
B1656471850746S04139051WA0118301243
B1656511850723S04139072WA0117401234
B1656551850702S04139095WA0116801227
B1656591850681S04139118WA0116001218
B1657031850662S04139143WA0115401212
B1657071850641S04139168WA0113901197
B1657111850620S04139194WA0112801185
B1657151850597S04139219WA0111501171
B1657191850574S04139246WA0110301159
B1657231850549S04139273WA0109001144
B1657271850524S04139294WA0109101145
B1657311850502S04139315WA0108801141
B1657351850478S04139337WA0108901142
B1657391850455S04139356WA0109001143
B1657431850430S04139378WA0108701140
B1657471850407S04139401WA0108901142
B1657511850380S04139423WA0108801142
B1657551850354S04139445WA0108801141
B1657591850330S04139466WA0108401137
B1658031850312S04139478WA0109001142
B1658071850301S04139484WA0109401148
B1658111850282S04139493WA0109101144
B1658151850260S04139506WA0109601149
B1658191850243S04139519WA0110301157
B1658231850222S04139529WA0111001165
B1658271850198S04139538WA0111201167
B1658311850172S04139543WA0111601171
B1658351850153S04139550WA0111901174
B1658391850139S04139569WA0111401169
B1658431850131S04139590WA0110801163
B1658471850119S04139615WA0110201156
B1658511850108S04139644WA0109401148
B1658551850100S04139676WA0108401138
B1658591850091S04139711WA0107101125
B1659031850082S04139744WA0106601119
B1659071850072S04139776WA0105401107
B1659111850064S04139811WA0104401095
B1659151850056S04139844WA0103601088
B1659191850048S04139876WA0102901080
B1659231850042S04139902WA0102901079
B1659271850042S04139932WA0101801069
B1659311850041S04139964WA0100801058
B1659351850031S04139994WA0099901049
B1659391850018S04140022WA0099401044
B1659431850003S04140049WA0098801037
B1659471849986S04140077WA0098201030
B1659511849971S04140102WA0098001028
B1659551849954S04140125WA0097201019
B1659591849930S04140148WA0097201018
B1700031849921S04140162WA0098501032
B1700071849912S04140184WA0099001037
B1700111849899S04140198WA0099901047
B1700151849886S04140179WA0100101048
B1700191849908S04140169WA0100201049
B1700231849923S04140184WA0101001057
B1700271849930S04140206WA0101601064
B1700311849935S04140229WA0102101071
B1700351849924S04140250WA0102701076
B1700391849905S04140241WA0103201081
B1700431849914S04140222WA0103801088
B1700471849937S04140226WA0104401093
B1700511849944S04140248WA0104901100
B1700551849932S04140263WA0105501106
B1700591849913S04140257WA0105901110
B1701031849923S04140234WA0106301115
B1701071849944S04140227WA0107101123
B1701111849967S04140233WA0107601128
B1701151849972S04140253WA0107901131
B1701191849950S04140259WA0108001132
B1701231849941S04140236WA0108401136
B1701271849948S04140214WA0109101143
B1701311849968S04140197WA0109501148
B1701351849990S04140195WA0110201155
B1701391850006S04140211WA0109801151
B1701431850013S04140233WA0109901151
B1701471850021S04140259WA0109201145
B1701511850027S04140291WA0108801141
B1701551850037S04140326WA0108601138
B1701591850045S04140360WA0108301135
B1702031850053S04140401WA0107301124
B1702071850063S04140437WA0106801119
B1702111850073S04140472WA0105501105
B1702151850079S04140509WA0104201091
B1702191850086S04140546WA0102901077
B1702231850094S04140583WA0101701065
B1702271850103S04140619WA0100801055
B1702311850114S04140654WA0099801045
B1702351850129S04140690WA0098601032
B1702391850139S04140728WA0097601022
B1702431850146S04140767WA0096301008
B1702471850156S04140805WA0095300997
B1702511850168S04140843WA0094400988
B1702551850179S04140880WA0093700980
B1702591850192S04140917WA0092600969
B1703031850206S04140954WA0091700960
B1703071850218S04140990WA0091000952
B1703111850229S04141023WA0090600948
B1703151850239S04141056WA0089800939
B1703191850250S04141086WA0089400935
B1703231850260S04141117WA0088600926
B1703271850266S04141150WA0088000920
B1703311850273S04141180WA0087800918
B1703351850282S04141209WA0087400914
B1703391850288S04141239WA0087600915
B1703431850297S04141267WA0087500914
B1703471850306S04141297WA0087000909
B1703511850314S04141328WA0086900908
B1703551850323S04141352WA0087200910
B1703591850322S04141374WA0087000909
B1704031850322S04141401WA0086600904
B1704071850323S04141425WA0087100910
B1704111850325S04141445WA0087800917
B1704151850325S04141468WA0088600927
B1704191850335S04141486WA0089600936
B1704231850357S04141478WA0090200943
B1704271850346S04141460WA0090400945
B1704311850332S04141475WA0091000952
B1704351850347S04141489WA0091800961
B1704391850373S04141479WA0092400967
B1704431850384S04141498WA0092300966
B1704471850371S04141503WA0093200975
B1704511850370S04141477WA0093000973
B1704551850395S04141473WA0093600980
B1704591850407S04141491WA0093800982
B1705031850409S04141511WA0094200987
B1705071850400S04141523WA0094100985
B1705111850383S04141527WA0094600990
B1705151850365S04141519WA0095200997
B1705191850378S04141503WA0095801004
B1705231850391S04141524WA0096601013
B1705271850377S04141535WA0097501022
B1705311850372S04141511WA0097501022
B1705351850393S04141508WA0098501034
B1705391850391S04141529WA0099201042
B1705431850385S04141507WA0099401045
B1705471850406S04141506WA0100601058
B1705511850425S04141521WA0101401068
B1705551850411S04141533WA0102001074
B1705591850410S04141510WA0102901083
B1706031850434S04141516WA0103801092
B1706071850427S04141535WA0104401098
B1706111850409S04141526WA0105001105
B1706151850418S04141504WA0105701112
B1706191850444S04141510WA0106401119
B1706231850441S04141532WA0106901124
B1706271850421S04141526WA0107101124
B1706311850413S04141507WA0108001136
B1706351850435S04141494WA0108501140
B1706391850455S04141500WA0109401149
B1706431850457S04141522WA0109801154
B1706471850442S04141529WA0109901154
B1706511850426S04141512WA0109801154
B1706551850444S04141497WA0110601161
B1706591850465S04141504WA0111201168
B1707031850463S04141528WA0111101167
B1707071850444S04141530WA0111301168
B1707111850432S04141509WA0111101167
B1707151850444S04141496WA0111801175
B1707191850468S04141487WA0111901175
B1707231850493S04141486WA0112301180
B1707271850509S04141508WA0112201178
B1707311850511S04141529WA0112601183
B1707351850492S04141537WA0111901174
B1707391850477S04141527WA0111501169
B1707431850481S04141506WA0111501169
B1707471850503S04141499WA0111701172
B1707511850522S04141513WA0111701172
B1707551850531S04141541WA0111201167
B1707591850539S04141566WA0110301158
B1708031850542S04141599WA0108601139
B1708071850547S04141637WA0107001122
B1708111850554S04141677WA0105801110
B1708151850562S04141711WA0105201104
B1708191850572S04141744WA0104401095
B1708231850580S04141778WA0103701087
B1708271850589S04141811WA0102901079
B1708311850598S04141844WA0102001070
B1708351850606S04141877WA0101301061
B1708391850616S04141909WA0100201051
B1708431850627S04141941WA0099201040
B1708471850638S04141972WA0098201029
B1708511850646S04142004WA0097301021
B1708551850656S04142031WA0096801015
B1708591850668S04142062WA0095901004
B1709031850682S04142088WA0095500999
B1709071850696S04142114WA0094600990
B1709111850713S04142140WA0093900983
B1709151850733S04142165WA0093300977
B1709191850752S04142192WA0092500969
B1709231850771S04142213WA0092400967
B1709271850794S04142233WA0091500957
B1709311850815S04142256WA0091100953
B1709351850837S04142279WA0090600948
B1709391850861S04142303WA0090200944
B1709431850883S04142330WA0089800940
B1709471850904S04142355WA0089700938
B1709511850922S04142369WA0090400946
B1709551850940S04142389WA0090100942
B1709591850959S04142410WA0089800939
B1710031850974S04142434WA0089100932
B1710071850991S04142461WA0088000920
B1710111851010S04142486WA0087400914
B1710151851027S04142509WA0086900907
B1710191851041S04142527WA0086300902
B1710231851059S04142547WA0085400892
B1710271851076S04142565WA0084700885
B1710311851091S04142585WA0084100877
B1710351851106S04142607WA0083100867
B1710391851114S04142629WA0083000867
B1710431851123S04142652WA0082400860
B1710471851133S04142671WA0082200858
B1710511851145S04142696WA0080800844
B1710551851156S04142721WA0080200837
B1710591851168S04142746WA0079100826
B1711031851180S04142772WA0078500819
B1711071851189S04142800WA0077800811
B1711111851198S04142827WA0077200805
B1711151851207S04142856WA0076400797
B1711191851215S04142885WA0075800791
B1711231851225S04142914WA0075100783
B1711271851236S04142942WA0074400776
B1711311851249S04142970WA0073600767
B1711351851263S04142998WA0072900761
B1711391851277S04143027WA0072300754
B1711431851288S04143057WA0071700747
B1711471851301S04143085WA0070700737
B1711511851314S04143113WA0069600726
B1711551851326S04143144WA0068500712
B1711591851338S04143172WA0067700705
B1712031851352S04143200WA0066900696
B1712071851364S04143220WA0066400689
B1712111851370S04143247WA0065400679
B1712151851375S04143274WA0064600672
B1712191851379S04143304WA0063900665
B1712231851382S04143332WA0063500661
B1712271851382S04143362WA0062800653
B1712311851378S04143391WA0062300648
B1712351851371S04143422WA0061900644
B1712391851365S04143452WA0061500640
B1712431851363S04143477WA0061500640
B1712471851362S04143505WA0060800632
B1712511851360S04143535WA0060600630
B1712551851355S04143564WA0060200626
B1712591851346S04143590WA0059700620
B1713031851334S04143617WA0059200615
B1713071851325S04143644WA0058900611
B1713111851315S04143674WA0058400606
B1713151851309S04143703WA0058200603
B1713191851303S04143733WA0057700598
B1713231851288S04143759WA0057300594
B1713271851271S04143779WA0057100591
B1713311851251S04143792WA0057600596
B1713351851235S04143799WA0058100601
B1713391851219S04143809WA0058700606
B1713431851212S04143834WA0058900607
B1713471851199S04143847WA0059800618
B1713511851186S04143833WA0060300623
B1713551851199S04143816WA0060800628
B1713591851223S04143817WA0061100631
B1714031851238S04143838WA0061000630
B1714071851233S04143858WA0061900640
B1714111851216S04143861WA0062100642
B1714151851221S04143844WA0062700647
B1714191851241S04143862WA0062400646
B1714231851226S04143871WA0063500656
B1714271851214S04143861WA0064200663
B1714311851226S04143844WA0064200665
B1714351851252S04143850WA0064200664
B1714391851263S04143876WA0064000661
B1714431851261S04143897WA0064500668
B1714471851248S04143911WA0064800670
B1714511851232S04143915WA0065200674
B1714551851214S04143909WA0065200674
B1714591851204S04143893WA0065500678
B1715031851210S04143876WA0065800680
B1715071851228S04143865WA0066100684
B1715111851252S04143873WA0066400688
B1715151851262S04143897WA0066500689
B1715191851261S04143919WA0066700690
B1715231851247S04143932WA0066800691
B1715271851235S04143922WA0066700690
B1715311851248S04143906WA0066500688
B1715351851267S04143904WA0067100695
B1715391851284S04143922WA0067100695
B1715431851281S04143943WA0067200696
B1715471851263S04143944WA0066900694
B1715511851249S04143930WA0067100696
B1715551851239S04143911WA0067100696
B1715591851236S04143890WA0067700701
B1716031851245S04143874WA0068300707
B1716071851267S04143883WA0068700712
B1716111851267S04143908WA0068900714
B1716151851251S04143922WA0069000714
B1716191851233S04143911WA0069200717
B1716231851236S04143891WA0069600720
B1716271851257S04143886WA0069800722
B1716311851277S04143900WA0070500730
B1716351851277S04143922WA0070500729
B1716391851259S04143926WA0071000735
B1716431851249S04143908WA0071100736
B1716471851262S04143894WA0071500741
B1716511851281S04143904WA0071700743
B1716551851290S04143923WA0072300750
B1716591851275S04143942WA0072300749
B1717031851258S04143935WA0072800755
B1717071851253S04143917WA0073000756
B1717111851271S04143907WA0073100757
B1717151851287S04143919WA0073400760
B1717191851292S04143940WA0073700764
B1717231851288S04143963WA0073900766
B1717271851281S04143984WA0074100769
B1717311851271S04144006WA0074600773
B1717351851254S04144011WA0074300771
B1717391851250S04143988WA0074100768
B1717431851266S04143976WA0074800776
B1717471851287S04143984WA0075200782
B1717511851289S04144009WA0075400784
B1717551851284S04144035WA0076000791
B1717591851277S04144060WA0075600788
B1718031851268S04144088WA0074600777
B1718071851254S04144123WA0073300764
B1718111851246S04144156WA0072400754
B1718151851236S04144190WA0071600745
B1718191851225S04144222WA0070900737
B1718231851213S04144258WA0069800726
B1718271851203S04144294WA0069000717
B1718311851193S04144331WA0068000705
B1718351851189S04144369WA0067700702
B1718391851188S04144406WA0067700703
B1718431851186S04144444WA0067800703
B1718471851185S04144478WA0068500710
B1718511851183S04144511WA0069000716
B1718551851183S04144548WA0069700723
B1718591851181S04144581WA0070300729
B1719031851183S04144612WA0071300740
B1719071851180S04144644WA0071600744
B1719111851177S04144673WA0072900758
B1719151851170S04144696WA0073700765
B1719191851156S04144696WA0074200771
B1719231851161S04144682WA0074800777
B1719271851182S04144678WA0075400783
B1719311851197S04144703WA0076200792
B1719351851191S04144727WA0077000800
B1719391851176S04144741WA0077600807
B1719431851174S04144725WA0077800810
B1719471851200S04144731WA0078700820
B1719511851195S04144757WA0079000823
B1719551851177S04144756WA0080000832
B1719591851180S04144739WA0080600839
B1720031851195S04144724WA0081200845
B1720071851217S04144721WA0082100856
B1720111851234S04144747WA0082600860
B1720151851241S04144780WA0083200867
B1720191851249S04144813WA0084000876
B1720231851243S04144840WA0084700884
B1720271851230S04144862WA0085500892
B1720311851210S04144885WA0085300889
B1720351851188S04144909WA0086200897
B1720391851170S04144927WA0086700903
B1720431851145S04144949WA0086700903
B1720471851125S04144970WA0087000906
B1720511851102S04144994WA0086700903
B1720551851075S04145018WA0086400900
B1720591851049S04145038WA0087300910
B1721031851028S04145055WA0088000916
B1721071851004S04145068WA0088800924
B1721111850981S04145076WA0089500932
B1721151850955S04145083WA0090500944
B1721191850941S04145066WA0091100949
B1721231850954S04145044WA0092000959
B1721271850967S04145061WA0093000970
B1721311850947S04145067WA0094000981
B1721351850947S04145044WA0094700989
B1721391850971S04145053WA0095700999
B1721431850959S04145069WA0097001011
B1721471850953S04145047WA0097401016
B1721511850976S04145046WA0098901032
B1721551850974S04145068WA0099901042
B1721591850962S04145054WA0100801052
B1722031850985S04145048WA0102301068
B1722071851001S04145065WA0103701084
B1722111850988S04145084WA0104801096
B1722151850981S04145064WA0105901108
B1722191851001S04145065WA0107501125
B1722231851004S04145091WA0108701139
B1722271850983S04145092WA0109501148
B1722311850973S04145072WA0110701161
B1722351850987S04145059WA0111701172
B1722391851010S04145066WA0112801183
B1722431851021S04145096WA0113101186
B1722471851021S04145123WA0114901206
B1722511851001S04145130WA0115301209
B1722551850986S04145112WA0115901216
B1722591850991S04145090WA0116601225
B1723031851011S04145092WA0117201230
B1723071851014S04145120WA0117701235
B1723111850993S04145125WA0118701245
B1723151850973S04145112WA0119401252
B1723191850952S04145097WA0119701255
B1723231850931S04145084WA0120901267
B1723271850920S04145059WA0121401273
B1723311850921S04145035WA0122901288
B1723351850934S04145014WA0124301304
B1723391850950S04145021WA0125401315
B1723431850953S04145043WA0126801331
B1723471850931S04145048WA0127801341
B1723511850924S04145024WA0129001352
B1723551850937S04145011WA0130601370
B1723591850953S04145025WA0131701381
B1724031850944S04145045WA0132801393
B1724071850923S04145040WA0134001405
B1724111850918S04145014WA0134701413
B1724151850931S04144998WA0136101429
B1724191850947S04145006WA0136301429
B1724231850957S04145026WA0137301439
B1724271850967S04145043WA0139001457
B1724311850976S04145064WA0139901467
B1724351850984S04145083WA0141301483
B1724391850990S04145107WA0141201482
B1724431851001S04145130WA0141601486
B1724471851010S04145159WA0141201481
B1724511851016S04145183WA0142101492
B1724551851025S04145210WA0141501485
B1724591851036S04145241WA0141601487
B1725031851045S04145272WA0141501485
B1725071851051S04145306WA0141701487
B1725111851058S04145338WA0141701487
B1725151851068S04145377WA0141501485
B1725191851076S04145408WA0142601498
B1725231851084S04145436WA0143001502
B1725271851091S04145471WA0142701499
B1725311851101S04145506WA0142601498
B1725351851113S04145542WA0142001492
B1725391851124S04145580WA0141701489
B1725431851136S04145616WA0141401486
B1725471851147S04145655WA0141001482
B1725511851154S04145692WA0140701478
B1725551851164S04145722WA0141301484
B1725591851171S04145751WA0141001481
B1726031851181S04145784WA0140801480
B1726071851191S04145815WA0140701479
B1726111851200S04145848WA0140301475
B1726151851205S04145882WA0140101472
B1726191851214S04145915WA0140201473
B1726231851223S04145949WA0140001471
B1726271851234S04145980WA0140201472
B1726311851244S04146008WA0139801469
B1726351851262S04146040WA0138901458
B1726391851272S04146074WA0138401454
B1726431851280S04146108WA0138001451
B1726471851290S04146145WA0137701447
B1726511851301S04146176WA0137601447
B1726551851315S04146209WA0136801437
B1726591851326S04146244WA0136401433
B1727031851338S04146276WA0136201430
B1727071851348S04146310WA0136001429
B1727111851357S04146347WA0135301421
B1727151851364S04146383WA0134901417
B1727191851370S04146408WA0134701415
B1727231851375S04146440WA0133201399
B1727271851381S04146477WA0131601383
B1727311851385S04146513WA0130301369
B1727351851391S04146548WA0128901354
B1727391851397S04146584WA0127801342
B1727431851404S04146618WA0126701330
B1727471851410S04146656WA0125401317
B1727511851418S04146691WA0125001313
B1727551851426S04146723WA0124801310
B1727591851431S04146755WA0124301305
B1728031851433S04146790WA0123601298
B1728071851438S04146821WA0123001291
B1728111851445S04146853WA0122201283
B1728151851450S04146887WA0121901279
B1728191851457S04146918WA0121801278
B1728231851464S04146955WA0121301273
B1728271851466S04146990WA0121301273
B1728311851472S04147025WA0121001270
B1728351851479S04147060WA0120401264
B1728391851483S04147100WA0119601255
B1728431851488S04147137WA0119401252
B1728471851492S04147173WA0118601244
B1728511851499S04147209WA0117801236
B1728551851506S04147245WA0117201230
B1728591851514S04147279WA0116601223
B1729031851523S04147314WA0115601213
B1729071851531S04147351WA0114901205
B1729111851538S04147386WA0114301199
B1729151851545S04147421WA0113801193
B1729191851553S04147454WA0113001184
B1729231851559S04147489WA0112201176
B1729271851561S04147523WA0111801171
B1729311851560S04147556WA0111001163
B1729351851561S04147593WA0110301156
B1729391851559S04147629WA0110001153
B1729431851556S04147663WA0110001153
B1729471851554S04147699WA0110101153
B1729511851553S04147730WA0110701160
B1729551851551S04147762WA0110701160
B1729591851546S04147798WA0110301157
B1730031851542S04147834WA0110601159
B1730071851537S04147866WA0111001163
B1730111851528S04147901WA0110801162
B1730151851521S04147932WA0111601170
B1730191851516S04147964WA0111401168
B1730231851509S04148000WA0111001165
B1730271851503S04148034WA0111301167
B1730311851498S04148067WA0110901164
B1730351851492S04148101WA0110201156
B1730391851486S04148132WA0110801162
B1730431851482S04148157WA0111201166
B1730471851478S04148191WA0110901162
B1730511851473S04148224WA0111101166
B1730551851468S04148251WA0110901162
B1730591851460S04148284WA0109801151
B1731031851452S04148321WA0108801140
B1731071851446S04148355WA0108101132
B1731111851443S04148386WA0108001132
B1731151851441S04148415WA0107801129
B1731191851434S04148448WA0106801119
B1731231851423S04148483WA0106101111
B1731271851412S04148518WA0105001100
B1731311851401S04148552WA0104201091
B1731351851392S04148581WA0104401094
B1731391851381S04148612WA0104101089
B1731431851372S04148642WA0104401094
B1731471851365S04148671WA0104101091
B1731511851357S04148702WA0103701086
B1731551851346S04148733WA0102701076
B1731591851337S04148766WA0101701065
B1732031851328S04148801WA0101401061
B1732071851322S04148831WA0101601063
B1732111851319S04148866WA0101001058
B1732151851316S04148902WA0100901056
B1732191851315S04148937WA0100901056
B1732231851314S04148973WA0100701055
B1732271851313S04149012WA0100201050
B1732311851314S04149049WA0099901046
B1732351851314S04149089WA0098901036
B1732391851313S04149128WA0098001026
B1732431851310S04149165WA0097301019
B1732471851307S04149203WA0096701013
B1732511851305S04149239WA0096301009
B1732551851302S04149277WA0095300999
B1732591851301S04149312WA0095000996
B1733031851303S04149343WA0094200987
B1733071851304S04149379WA0093100975
B1733111851307S04149415WA0092700971
B1733151851309S04149448WA0092000964
B1733191851307S04149479WA0091100954
B1733231851306S04149511WA0090300945
B1733271851304S04149540WA0089900941
B1733311851305S04149572WA0089000931
B1733351851306S04149604WA0088500926
B1733391851305S04149637WA0087800919
B1733431851301S04149666WA0088000920
B1733471851295S04149687WA0088100921
B1733511851286S04149711WA0087200912
B1733551851277S04149744WA0086200901
B1733591851271S04149769WA0085900897
B1734031851271S04149799WA0084400881
B1734071851278S04149832WA0083600872
B1734111851287S04149867WA0082400857
B1734151851294S04149907WA0082000855
B1734191851299S04149939WA0082200857
B1734231851303S04149975WA0081900854
B1734271851308S04150007WA0081700852
B1734311851312S04150042WA0081400847
B1734351851321S04150074WA0081000842
B1734391851328S04150101WA0081200845
B1734431851334S04150130WA0080900841
B1734471851340S04150155WA0081100844
B1734511851342S04150184WA0080900842
B1734551851345S04150211WA0080900842
B1734591851346S04150239WA0080700840
B1735031851339S04150265WA0080000832
B1735071851321S04150279WA0079700830
B1735111851298S04150289WA0079600828
B1735151851279S04150300WA0080000833
B1735191851259S04150307WA0080300835
B1735231851242S04150310WA0081100843
B1735271851234S04150294WA0081300845
B1735311851253S04150286WA0081800852
B1735351851278S04150301WA0081900853
B1735391851298S04150319WA0082500859
B1735431851302S04150348WA0082400857
B1735471851290S04150371WA0082900863
B1735511851282S04150396WA0082700861
B1735551851274S04150423WA0082600860
B1735591851276S04150455WA0082900864
B1736031851283S04150483WA0082900863
B1736071851265S04150505WA0082500860
B1736111851237S04150512WA0082300858
B1736151851209S04150522WA0081900852
B1736191851182S04150533WA0081600850
B1736231851153S04150544WA0081400848
B1736271851122S04150555WA0081600849
B1736311851099S04150567WA0082100855
B1736351851072S04150579WA0082200855
B1736391851047S04150584WA0083100865
B1736431851025S04150594WA0083600870
B1736471851003S04150602WA0084100875
B1736511850981S04150609WA0084300878
B1736551850967S04150598WA0084900883
B1736591850978S04150577WA0084900884
B1737031851002S04150576WA0085100885
B1737071851029S04150593WA0085000885
B1737111851052S04150615WA0085400889
B1737151851073S04150641WA0085400889
B1737191851090S04150670WA0085500890
B1737231851109S04150699WA0085400888
B1737271851128S04150725WA0085200887
B1737311851152S04150748WA0084900883
B1737351851176S04150771WA0084600879
B1737391851200S04150795WA0084200875
B1737431851223S04150818WA0084000873
B1737471851245S04150842WA0083400866
B1737511851266S04150867WA0082900861
B1737551851285S04150893WA0082100852
B1737591851308S04150916WA0081500845
B1738031851336S04150936WA0080600836
B1738071851361S04150960WA0080000830
B1738111851381S04150986WA0079300822
B1738151851398S04151013WA0078500814
B1738191851413S04151042WA0077700806
B1738231851429S04151072WA0076700794
B1738271851444S04151100WA0076500792
B1738311851464S04151126WA0075800786
B1738351851481S04151153WA0075400780
B1738391851497S04151183WA0075000777
B1738431851508S04151212WA0074500771
B1738471851521S04151245WA0073900766
B1738511851533S04151273WA0073700763
B1738551851543S04151303WA0073000756
B1738591851554S04151335WA0072000745
B1739031851564S04151367WA0071300738
B1739071851575S04151401WA0070600731
B1739111851585S04151431WA0070500731
B1739151851594S04151462WA0070100726
B1739191851607S04151494WA0069400718
B1739231851619S04151524WA0069000714
B1739271851630S04151554WA0068500709
B1739311851642S04151583WA0068200706
B1739351851649S04151615WA0067300697
B1739391851655S04151645WA0066700691
B1739431851662S04151677WA0065900682
B1739471851670S04151709WA0065400677
B1739511851676S04151740WA0064300666
B1739551851687S04151773WA0063200654
B1739591851702S04151805WA0062500647
B1740031851716S04151836WA0061800639
B1740071851729S04151869WA0061200632
B1740111851741S04151900WA0060500625
B1740151851752S04151935WA0059800617
B1740191851758S04151969WA0059100610
B1740231851768S04152004WA0058700606
B1740271851777S04152038WA0058200600
B1740311851782S04152070WA0058700605
B1740351851787S04152098WA0059000609
B1740391851791S04152126WA0059500614
B1740431851793S04152151WA0059700617
B1740471851797S04152183WA0059300613
B1740511851806S04152214WA0059500616
B1740551851813S04152247WA0058900610
B1740591851817S04152282WA0058100601
B1741031851825S04152318WA0058000599
B1741071851834S04152351WA0057900598
B1741111851842S04152387WA0057500594
B1741151851850S04152419WA0057100590
B1741191851858S04152451WA0056500583
B1741231851863S04152483WA0055900577
B1741271851872S04152516WA0055300570
B1741311851879S04152549WA0054800565
B1741351851885S04152582WA0054200559
B1741391851888S04152617WA0054100558
B1741431851895S04152653WA0054400561
B1741471851905S04152678WA0055700575
B1741511851909S04152702WA0055700573
B1741551851913S04152731WA0056100578
B1741591851917S04152758WA0056600583
B1742031851923S04152784WA0057200590
B1742071851929S04152810WA0057100589
B1742111851938S04152838WA0056900586
B1742151851949S04152864WA0056800586
B1742191851965S04152890WA0056800586
B1742231851975S04152915WA0056800585
B1742271851984S04152944WA0057100588
B1742311851993S04152971WA0057200589
B1742351852000S04152999WA0057300591
B1742391852007S04153030WA0057300591
B1742431852021S04153058WA0057600594
B1742471852037S04153082WA0057900597
B1742511852046S04153108WA0057800594
B1742551852054S04153137WA0057300589
B1742591852056S04153164WA0057300590
B1743031852055S04153191WA0057200588
B1743071852050S04153215WA0057100586
B1743111852046S04153240WA0057600593
B1743151852054S04153268WA0058100597
B1743191852062S04153292WA0059400611
B1743231852076S04153316WA0060100619
B1743271852089S04153335WA0060700626
B1743311852094S04153360WA0060500624
B1743351852090S04153381WA0060500624
B1743391852080S04153401WA0060300622
B1743431852067S04153418WA0060100620
B1743471852055S04153437WA0059800616
B1743511852042S04153456WA0059600613
B1743551852030S04153477WA0059700615
B1743591852027S04153503WA0059600613
B1744031852026S04153532WA0059500611
B1744071852026S04153559WA0059600613
B1744111852023S04153583WA0060200619
B1744151852020S04153606WA0060000617
B1744191852025S04153627WA0060400622
B1744231852029S04153651WA0060300621
B1744271852027S04153675WA0060100619
B1744311852027S04153700WA0060100618
B1744351852025S04153726WA0060000618
B1744391852027S04153751WA0060200620
B1744431852034S04153772WA0060700625
B1744471852040S04153795WA0060800627
B1744511852038S04153815WA0060500624
B1744551852033S04153841WA0059500614
B1744591852023S04153860WA0059400613
B1745031852009S04153874WA0059300612
B1745071851992S04153891WA0059000609
B1745111851980S04153911WA0059000607
B1745151851968S04153929WA0058900606
B1745191851953S04153944WA0058100598
B1745231851938S04153960WA0057200589
B1745271851917S04153978WA0055700573
B1745311851900S04153997WA0055000565
B1745351851890S04154022WA0054000554
B1745391851882S04154047WA0053300546
B1745431851863S04154070WA0052000533
B1745471851846S04154089WA0051500526
B1745511851834S04154115WA0049900511
B1745551851826S04154146WA0048600497
B1745591851819S04154177WA0047700487
B1746031851811S04154210WA0047100480
B1746071851807S04154240WA0046800477
B1746111851810S04154273WA0045900467
B1746151851816S04154306WA0045200460
B1746191851816S04154338WA0044300449
B1746231851817S04154365WA0044100447
B1746271851810S04154393WA0043000435
B1746311851794S04154419WA0042300429
B1746351851779S04154447WA0041400419
B1746391851765S04154476WA0040700412
B1746431851750S04154503WA0039800402
B1746471851732S04154525WA0039300397
B1746511851720S04154542WA0038900395
B1746551851707S04154565WA0038200387
B1746591851693S04154584WA0037600380
B1747031851670S04154589WA0037100374
B1747071851650S04154582WA0036600369
B1747111851627S04154573WA0035300355
B1747151851603S04154565WA0034700349
B1747191851581S04154556WA0034000340
B1747231851559S04154542WA0033700337
B1747271851538S04154531WA0033600335
B1747311851521S04154518WA0033900338
B1747351851506S04154504WA0034000338
B1747391851492S04154490WA0033700335
B1747431851476S04154476WA0033500332
B1747471851460S04154476WA0033000327
B1747511851439S04154488WA0032700324
B1747551851421S04154507WA0032700325
B1747591851411S04154526WA0032700325
B1748031851403S04154546WA0032700325
B1748071851395S04154568WA0031900317
B1748111851384S04154590WA0031400314
B1748151851370S04154611WA0030700306
B1748191851358S04154632WA0030100300
B1748231851347S04154656WA0028800287
B1748271851331S04154676WA0028100279
B1748311851331S04154700WA0028300282
B1748351851325S04154729WA0028100278
B1748391851320S04154753WA0028800286
B1748431851318S04154778WA0028800286
B1748471851308S04154802WA0028600283
B1748511851296S04154823WA0028500283
B1748551851285S04154846WA0028300281
B1748591851276S04154868WA0028500282
B1749031851268S04154891WA0028600283
B1749071851262S04154916WA0028600284
B1749111851255S04154936WA0028900286
B1749151851249S04154959WA0028700285
B1749191851243S04154982WA0028600284
B1749231851238S04155006WA0028400281
B1749271851235S04155028WA0028400281
B1749311851233S04155052WA0027900276
B1749351851231S04155076WA0027600272
B1749391851227S04155102WA0026900265
B1749431851224S04155127WA0026600261
B1749471851219S04155150WA0026100256
B1749511851214S04155172WA0025600251
B1749551851212S04155195WA0025300248
B1749591851208S04155219WA0025000244
B1750031851203S04155239WA0024300238
B1750071851208S04155265WA0023700231
B1750111851217S04155290WA0023300226
B1750151851217S04155313WA0022700219
B1750191851204S04155328WA0022000212
B1750231851189S04155337WA0021600206
B1750271851174S04155346WA0020900199
B1750311851159S04155352WA0020200190
B1750351851147S04155340WA0019100178
B1750391851135S04155329WA0018500172
B1750431851140S04155311WA0017800161
B1750471851161S04155303WA0017600158
B1750511851178S04155290WA0016900151
B1750551851186S04155272WA0016700149
B1750591851188S04155262WA0016500146
B1751031851188S04155262WA0016500146
B1751071851188S04155262WA0016400147
B1751111851187S04155262WA0016300148
B1751151851187S04155262WA0016400148
B1751191851187S04155262WA0016600149
B1751231851187S04155262WA0016500149
B1751271851188S04155262WA0016500149
B1751311851188S04155262WA0016500150
B1751351851188S04155261WA0016500150
B1751391851188S04155260WA0016400150
B1751431851189S04155260WA0016500150
B1751471851189S04155260WA0016400149
B1751511851190S04155259WA0016500149
B1751551851190S04155258WA0016400149
B1751591851191S04155257WA0016500148
B1752031851191S04155256WA0016500148
B1752071851191S04155254WA0016500148
B1752111851191S04155254WA0016400147
B1752151851191S04155254WA0016500147
B1752191851191S04155254WA0016500145
B1752231851191S04155254WA0016400145
B1752271851191S04155254WA0016500146
B1752311851191S04155254WA0016400146
B1752351851191S04155254WA0016400146
B1752391851191S04155254WA0016400146
B1752431851191S04155254WA0016500146
B1752471851191S04155254WA0016500146
B1752511851191S04155254WA0016400146
B1752551851191S04155254WA0016400146
B1752591851191S04155254WA0016500146
B1753031851191S04155254WA0016500146
B1753071851191S04155254WA0016400146
B1753111851191S04155254WA0016400147
B1753151851190S04155254WA0016400147
B1753191851191S04155254WA0016400147
B1753231851191S04155254WA0016400147
B1753271851191S04155254WA0016500147
B1753311851191S04155254WA0016400146
B1753351851191S04155254WA0016500146
B1753391851191S04155254WA0016500146
B1753431851191S04155254WA0016500146
B1753471851191S04155254WA0016500146
B1753511851191S04155255WA0016400146
B1753551851191S04155255WA0016400146
B1753591851191S04155255WA0016400147
B1754031851191S04155255WA0016400148
B1754071851190S04155255WA0016400148
B1754111851190S04155255WA0016400148
B1754151851190S04155254WA0016400149
B1754191851190S04155255WA0016400148
B1754231851190S04155255WA0016400149
B1754271851190S04155255WA0016400149
B1754311851190S04155255WA0016400149
B1754351851190S04155255WA0016400149
B1754391851190S04155255WA0016400149
B1754431851190S04155255WA0016400149
B1754471851190S04155255WA0016400149
B1754511851190S04155255WA0016400149
B1754551851190S04155255WA0016400150
B1754591851190S04155255WA0016400150
B1755031851190S04155254WA0016400150
B1755071851190S04155254WA0016400150
B1755111851190S04155254WA0016400149
B1755151851190S04155254WA0016400149
B1755191851190S04155254WA0016400149
B1755231851190S04155254WA0016400149
B1755271851190S04155254WA0016400150
B1755311851190S04155254WA0016400149
B1755351851190S04155254WA0016400149
B1755391851190S04155254WA0016400149
B1755431851190S04155254WA0016400149
B1755471851190S04155254WA0016400149
B1755511851190S04155254WA0016400149
B1755551851190S04155254WA0016400149
B1755591851190S04155254WA0016400149
B1756031851190S04155254WA0016400149
B1756071851190S04155254WA0016400149
B1756111851190S04155254WA0016400148
B1756151851190S04155254WA0016400148
B1756191851190S04155254WA0016400148
B1756231851190S04155254WA0016400148
B1756271851190S04155254WA0016400148
B1756311851190S04155254WA0016400148
B1756351851191S04155254WA0016400148
B1756391851190S04155254WA0016400148
B1756431851190S04155254WA0016400148
B1756471851190S04155254WA0016400147
B1756511851190S04155254WA0016400147
B1756551851190S04155254WA0016400147
B1756591851190S04155254WA0016400146
B1757031851190S04155254WA0016400146
B1757071851190S04155255WA0016400146
B1757111851190S04155255WA0016400146
B1757151851190S04155255WA0016500146
B1757191851190S04155254WA0016200146
B1757231851190S04155254WA0016100147
B1757271851190S04155254WA0016200146
B1757311851190S04155254WA0016100146
B1757351851190S04155254WA0016100146
B1757391851190S04155254WA0016100146
B1757431851190S04155254WA0016100145
B1757471851190S04155255WA0016100145
B1757511851190S04155255WA0016300145
B1757551851190S04155255WA0016300145
B1757591851190S04155255WA0016300146
B1758031851190S04155255WA0016300146
B1758071851190S04155255WA0016300145
B1758111851190S04155255WA0016300145
B1758151851190S04155255WA0016100145
B1758191851190S04155255WA0016100146
B1758231851190S04155255WA0016100146
B1758271851190S04155255WA0016100146
B1758311851190S04155255WA0016100146
B1758351851190S04155255WA0016100146
B1758391851190S04155255WA0016100146
B1758431851190S04155255WA0016100145
B1758471851190S04155255WA0016100145
B1758511851190S04155255WA0016100145
B1758551851191S04155255WA0016100145
B1758591851191S04155255WA0016100145
B1759031851191S04155255WA0016100145
B1759071851190S04155255WA0016200146
B1759111851190S04155255WA0016300146
B1759151851190S04155255WA0016100146
B1759191851191S04155255WA0016100146
B1759231851191S04155255WA0016100146
B1759271851190S04155255WA0016200146
B1759311851190S04155255WA0016200146
B1759351851191S04155255WA0016300146
B1759391851191S04155255WA0016300146
B1759431851190S04155254WA0016300146
B1759471851190S04155254WA0016100146
B1759511851191S04155255WA0016100146
B1759551851191S04155255WA0016100146
B1759591851191S04155255WA0016100145
B1800031851191S04155255WA0016100145
B1800071851191S04155255WA0016100145
B1800111851191S04155255WA0016100144
B1800151851191S04155255WA0016100145
B1800191851191S04155255WA0016300145
B1800231851191S04155255WA0016300145
B1800271851191S04155255WA0016300145
B1800311851191S04155255WA0016300144
B1800351851191S04155255WA0016300144
B1800391851191S04155255WA0016400143
B1800431851191S04155255WA0016300143
B1800471851191S04155255WA0016300144
B1800511851191S04155255WA0016400144
B1800551851191S04155255WA0016400144
B1800591851191S04155255WA0016300144
B1801031851190S04155255WA0016300144
B1801071851190S04155255WA0016300144
B1801111851190S04155255WA0016300144
B1801151851190S04155255WA0016300144
B1801191851190S04155255WA0016300145
B1801231851190S04155255WA0016100145
B1801271851190S04155255WA0016100145
B1801311851190S04155255WA0016100145
B1801351851190S04155255WA0016100145
B1801391851190S04155255WA0016100145
B1801431851190S04155255WA0016100145
B1801471851190S04155255WA0016100145
B1801511851190S04155255WA0016100145
B1801551851190S04155255WA0016100145
B1801591851190S04155255WA0016100145
B1802031851190S04155255WA0016200145
B1802071851190S04155255WA0016300145
B1802111851190S04155255WA0016400145
B1802151851190S04155255WA0016400145
B1802191851190S04155255WA0016400145
B1802231851190S04155255WA0016400146
B1802271851190S04155255WA0016400146
B1802311851190S04155255WA0016400146
B1802351851190S04155255WA0016400145
B1802391851190S04155255WA0016400145
B1802431851190S04155255WA0016400145
B1802471851190S04155254WA0016400146
B1802511851190S04155254WA0016400146
B1802551851190S04155254WA0016400146
B1802591851190S04155254WA0016400146
B1803031851190S04155254WA0016400146
B1803071851190S04155254WA0016400146
B1803111851190S04155254WA0016400146
B1803151851190S04155254WA0016400146
B1803191851190S04155254WA0016400146
B1803231851190S04155255WA0016400146
B1803271851190S04155255WA0016400146
B1803311851190S04155254WA0016400146
B1803351851190S04155254WA0016400146
B1803391851190S04155254WA0016400146
B1803431851190S04155254WA0016400146
B1803471851190S04155254WA0016400146
B1803511851190S04155254WA0016400146
B1803551851190S04155254WA0016400146
B1803591851190S04155254WA0016400146
B1804031851190S04155254WA0016400146
B1804071851190S04155254WA0016400146
B1804111851190S04155254WA0016400146
B1804151851190S04155254WA0016400146
B1804191851190S04155254WA0016400146
B1804231851190S04155254WA0016400146
B1804271851190S04155254WA0016400146
B1804311851190S04155254WA0016400146
B1804351851190S04155254WA0016400146
B1804391851190S04155254WA0016400146
B1804431851190S04155254WA0016400146
B1804471851190S04155254WA0016400146
B1804511851190S04155254WA0016400146
B1804551851190S04155254WA0016400146
B1804591851191S04155254WA0016400146
B1805031851191S04155254WA0016400146
B1805071851191S04155254WA0016400146
B1805111851190S04155254WA0016400146
B1805151851190S04155254WA0016400146
B1805191851190S04155254WA0016400146
B1805231851191S04155254WA0016400146
B1805271851191S04155254WA0016400146
B1805311851191S04155254WA0016400146
B1805351851191S04155254WA0016400146
B1805391851191S04155254WA0016400146
B1805431851190S04155254WA0016400146
B1805471851190S04155254WA0016400146
B1805511851190S04155254WA0016400145
B1805551851191S04155254WA0016400145
B1805591851191S04155254WA0016400145
B1806031851191S04155254WA0016400145
B1806071851191S04155254WA0016400145
B1806111851191S04155254WA0016400145
B1806151851191S04155254WA0016400145
B1806191851191S04155254WA0016400145
B1806231851191S04155254WA0016400145
B1806271851191S04155254WA0016400144
B1806311851191S04155254WA0016400145
B1806351851191S04155254WA0016400145
B1806391851191S04155254WA0016400145
B1806431851191S04155254WA0016400145
B1806471851191S04155254WA0016400145
B1806511851191S04155254WA0016400145
B1806551851191S04155254WA0016400146
B1806591851191S04155254WA0016400146
B1807031851191S04155254WA0016400146
B1807071851191S04155254WA0016400146
B1807111851191S04155254WA0016400146
B1807151851191S04155254WA0016400146
B1807191851190S04155254WA0016400146
B1807231851190S04155254WA0016400146
B1807271851190S04155254WA0016400146
B1807311851190S04155254WA0016400147
B1807351851190S04155254WA0016400146
B1807391851190S04155254WA0016400146
B1807431851191S04155254WA0016400146
B1807471851191S04155254WA0016400146
B1807511851191S04155254WA0016400146
B1807551851191S04155254WA0016400145
B1807591851191S04155254WA0016400145
B1808031851191S04155254WA0016400145
B1808071851191S04155254WA0016400145
B1808111851191S04155254WA0016400145
B1808151851191S04155254WA0016400145
B1808191851191S04155254WA0016400145
B1808231851191S04155254WA0016400145
B1808271851191S04155254WA0016400145
B1808311851191S04155254WA0016400145
B1808351851191S04155254WA0016400145
B1808391851191S04155254WA0016400145
B1808431851191S04155254WA0016400145
B1808471851191S04155254WA0016400145
B1808511851191S04155254WA0016400145
B1808551851191S04155254WA0016400146
B1808591851191S04155254WA0016400146
B1809031851191S04155254WA0016500146
B1809071851191S04155254WA0016500146
B1809111851191S04155254WA0016500146
B1809151851191S04155254WA0016400146
B1809191851191S04155254WA0016500146
B1809231851190S04155254WA0016500146
B1809271851190S04155254WA0016500146
B1809311851191S04155254WA0016500146
B1809351851190S04155254WA0016500146
B1809391851191S04155254WA0016500146
B1809431851190S04155254WA0016500146
B1809471851191S04155254WA0016500146
B1809511851191S04155254WA0016500146
B1809551851191S04155254WA0016500146
B1809591851190S04155254WA0016500147
B1810031851190S04155254WA0016400146
B1810071851191S04155254WA0016500146
B1810111851190S04155254WA0016500146
B1810151851190S04155254WA0016500146
B1810191851190S04155254WA0016500147
B1810231851190S04155254WA0016500147
B1810271851190S04155254WA0016500147
B1810311851190S04155254WA0016400147
B1810351851190S04155254WA0016400147
B1810391851190S04155254WA0016400147
B1810431851190S04155254WA0016400147
B1810471851190S04155254WA0016400147
B1810511851190S04155254WA0016400147
B1810551851190S04155254WA0016400147
B1810591851190S04155254WA0016400147
B1811031851190S04155254WA0016400147
B1811071851190S04155254WA0016400147
B1811111851190S04155254WA0016400147
B1811151851190S04155254WA0016400147
B1811191851190S04155254WA0016400147
B1811231851190S04155254WA0016400147
B1811271851190S04155254WA0016400147
B1811311851190S04155254WA0016400147
B1811351851190S04155254WA0016400147
B1811391851190S04155254WA0016400147
B1811431851190S04155254WA0016400147
B1811471851191S04155254WA0016400147
B1811511851191S04155254WA0016400146
B1811551851191S04155254WA0016400146
B1811591851191S04155254WA0016400146
B1812031851191S04155254WA0016400146
B1812071851191S04155254WA0016400146
B1812111851191S04155254WA0016400146
B1812151851191S04155254WA0016400146
B1812191851191S04155254WA0016400146
B1812231851190S04155254WA0016400146
B1812271851190S04155254WA0016400147
B1812311851190S04155254WA0016400147
B1812351851190S04155254WA0016400147
B1812391851190S04155254WA0016500147
B1812431851190S04155254WA0016400147
B1812471851190S04155254WA0016500147
B1812511851190S04155254WA0016400147
B1812551851190S04155254WA0016400147
B1812591851190S04155254WA0016400147
B1813031851190S04155254WA0016400146
B1813071851190S04155254WA0016400146
B1813111851190S04155253WA0016400145
B1813151851190S04155253WA0016400145
B1813191851190S04155253WA0016400145
B1813231851190S04155253WA0016400145
B1813271851190S04155253WA0016400145
B1813311851190S04155253WA0016400145
B1813351851190S04155254WA0016400146
B1813391851190S04155254WA0016400146
B1813431851190S04155254WA0016400146
B1813471851190S04155254WA0016400146
B1813511851190S04155253WA0016400146
B1813551851190S04155253WA0016400146
B1813591851190S04155253WA0016400146
B1814031851190S04155253WA0016500146
B1814071851190S04155253WA0016400146
B1814111851190S04155253WA0016500146
B1814151851190S04155253WA0016500146
B1814191851191S04155253WA0016500146
B1814231851191S04155253WA0016400146
B1814271851191S04155253WA0016400146
B1814311851191S04155253WA0016500146
B1814351851190S04155253WA0016400146
B1814391851190S04155253WA0016400146
B1814431851190S04155253WA0016500147
B1814471851190S04155253WA0016500147
B1814511851190S04155253WA0016500147
B1814551851190S04155253WA0016500146
B1814591851190S04155253WA0016500146
B1815031851190S04155253WA0016400146
B1815071851190S04155253WA0016400145
B1815111851191S04155253WA0016400145
B1815151851191S04155253WA0016500144
B1815191851191S04155253WA0016400145
B1815231851191S04155253WA0016400144
B1815271851191S04155253WA0016400144
B1815311851191S04155253WA0016400145
B1815351851191S04155253WA0016400145
B1815391851191S04155253WA0016400145
B1815431851191S04155253WA0016400144
B1815471851191S04155253WA0016400145
B1815511851191S04155253WA0016400145
B1815551851191S04155253WA0016500144
B1815591851191S04155253WA0016400144
B1816031851191S04155253WA0016500145
B1816071851191S04155253WA0016400145
B1816111851191S04155253WA0016500145
B1816151851191S04155253WA0016500145
B1816191851191S04155254WA0016500145
B1816231851191S04155253WA0016500145
B1816271851191S04155253WA0016400145
B1816311851191S04155253WA0016500145
B1816351851191S04155253WA0016500145
B1816391851191S04155253WA0016500145
B1816431851191S04155253WA0016500145
B1816471851191S04155253WA0016500145
B1816511851191S04155253WA0016500145
B1816551851191S04155253WA0016500145
B1816591851191S04155253WA0016500145
B1817031851191S04155253WA0016500146
B1817071851191S04155253WA0016500146
B1817111851191S04155253WA0016400146
B1817151851191S04155253WA0016500146
B1817191851191S04155253WA0016400146
B1817231851191S04155253WA0016500145
B1817271851191S04155254WA0016500145
B1817311851191S04155254WA0016500145
B1817351851191S04155254WA0016500145
B1817391851191S04155254WA0016500145
B1817431851191S04155254WA0016500145
B1817471851191S04155254WA0016500145
B1817511851191S04155254WA0016500145
B1817551851191S04155254WA0016500145
B1817591851191S04155254WA0016500145
B1818031851191S04155254WA0016500146
B1818071851191S04155254WA0016500146
B1818111851191S04155254WA0016500146
B1818151851191S04155254WA0016500146
B1818191851191S04155254WA0016500146
B1818231851191S04155254WA0016500147
B1818271851191S04155254WA0016400147
B1818311851191S04155254WA0016500147
B1818351851191S04155254WA0016500147
B1818391851191S04155254WA0016400147
B1818431851191S04155254WA0016400147
B1818471851191S04155254WA0016400147
B1818511851191S04155254WA0016500147
B1818551851191S04155254WA0016500147
B1818591851191S04155254WA0016500147
B1819031851191S04155254WA0016500147
B1819071851191S04155254WA0016500147
B1819111851191S04155254WA0016500146
B1819151851191S04155254WA0016500146
B1819191851191S04155254WA0016400146
B1819231851191S04155254WA0016400146
B1819271851191S04155254WA0016400146
B1819311851191S04155254WA0016400146
B1819351851191S04155254WA0016500146
B1819391851191S04155254WA0016400146
B1819431851190S04155254WA0016500146
B1819471851190S04155254WA0016500146
B1819511851191S04155254WA0016400146
B1819551851191S04155254WA0016400146
B1819591851190S04155254WA0016400146
B1820031851191S04155254WA0016400146
B1820071851191S04155254WA0016500147
B1820111851191S04155254WA0016500147
B1820151851191S04155254WA0016400147
B1820191851191S04155254WA0016500147
B1820231851190S04155254WA0016500147
B1820271851190S04155253WA0016500147
B1820311851190S04155253WA0016500147
B1820351851190S04155253WA0016500148
B1820391851190S04155253WA0016500148
B1820431851190S04155253WA0016400148
B1820471851190S04155254WA0016400147
B1820511851190S04155254WA0016400146
B1820551851190S04155254WA0016500146
B1820591851190S04155254WA0016500146
B1821031851190S04155254WA0016400146
B1821071851190S04155254WA0016400146
B1821111851190S04155254WA0016400146
B1821151851190S04155254WA0016400145
B1821191851190S04155254WA0016400145
B1821231851190S04155254WA0016400145
B1821271851190S04155254WA0016400145
B1821311851190S04155254WA0016400145
B1821351851190S04155254WA0016400145
B1821391851190S04155254WA0016400144
B1821431851190S04155254WA0016400144
B1821471851190S04155254WA0016400144
B1821511851190S04155254WA0016400144
B1821551851190S04155254WA0016400144
B1821591851190S04155254WA0016400144
B1822031851190S04155254WA0016400144
B1822071851190S04155254WA0016400144
B1822111851190S04155254WA0016400144
B1822151851190S04155254WA0016400144
B1822191851190S04155254WA0016400144
B1822231851190S04155254WA0016400144
B1822271851190S04155254WA0016400144
B1822311851190S04155254WA0016400143
B1822351851190S04155254WA0016400143
B1822391851190S04155254WA0016400143
B1822431851190S04155254WA0016400143
B1822471851190S04155254WA0016400144
B1822511851190S04155254WA0016400144
B1822551851190S04155254WA0016400144
B1822591851191S04155254WA0016400144
B1823031851191S04155254WA0016400144
B1823071851190S04155254WA0016400144
B1823111851190S04155254WA0016400144
B1823151851190S04155254WA0016400145
B1823191851190S04155254WA0016400145
B1823231851190S04155254WA0016400144
B1823271851190S04155254WA0016400145
B1823311851190S04155254WA0016400145
B1823351851190S04155254WA0016400144
B1823391851190S04155254WA0016400144
B1823431851190S04155254WA0016400144
B1823471851190S04155254WA0016400144
B1823511851190S04155254WA0016400145
B1823551851190S04155254WA0016400145
B1823591851190S04155254WA0016400145
B1824031851190S04155254WA0016400145
B1824071851190S04155254WA0016200145
B1824111851190S04155254WA0016100145
B1824151851190S04155254WA0016100145
B1824191851190S04155254WA0016100146
B1824231851190S04155254WA0016100146
B1824271851190S04155254WA0016100146
B1824311851190S04155254WA0016400146
B1824351851190S04155254WA0016400146
B1824391851190S04155254WA0016400146
B1824431851190S04155254WA0016100146
B1824471851190S04155254WA0016100146
B1824511851190S04155254WA0016100146
B1824551851190S04155254WA0016100146
B1824591851190S04155254WA0016400146
B1825031851190S04155254WA0016500147
B1825071851191S04155252WA0016500148
B1825111851192S04155249WA0016500148
B1825151851192S04155246WA0016500147
B1825191851192S04155243WA0016500146
B1825231851192S04155241WA0016500146
B1825271851190S04155239WA0016500146
B1825311851188S04155238WA0016500146
B1825351851188S04155237WA0016500146
B1825391851187S04155236WA0016500146
B1825431851188S04155235WA0016500146
B1825471851188S04155234WA0016500146
B1825511851187S04155232WA0016500146
B1825551851185S04155232WA0016500146
B1825591851184S04155231WA0016500146
B1826031851183S04155229WA0016500146
B1826071851182S04155228WA0016500146
B1826111851182S04155227WA0016500146
B1826151851182S04155227WA0016500146
B1826191851181S04155227WA0016500147
B1826231851182S04155227WA0016500147
B1826271851182S04155227WA0016500147
B1826311851182S04155227WA0016500147
B1826351851182S04155228WA0016500147
B1826391851182S04155228WA0016500146
B1826431851182S04155228WA0016500146
B1826471851182S04155228WA0016500146
B1826511851182S04155228WA0016500146
B1826551851182S04155228WA0016500146
B1826591851182S04155228WA0016500147
B1827031851184S04155229WA0016500147
B1827071851185S04155228WA0016500147
B1827111851187S04155229WA0016500147
B1827151851190S04155228WA0016500147
B1827191851192S04155229WA0016500147
B1827231851193S04155232WA0016500147
B1827271851194S04155234WA0016600148
B1827311851197S04155235WA0016500148
B1827351851199S04155237WA0016600148
B1827391851201S04155238WA0016500148
B1827431851203S04155240WA0016600148
B1827471851205S04155240WA0016600148
B1827511851207S04155241WA0016600148
B1827551851207S04155241WA0016600148
B1827591851207S04155241WA0016600148
B1828031851207S04155241WA0016500147
B1828071851207S04155241WA0016500147
B1828111851208S04155240WA0016500147
B1828151851210S04155242WA0016600147
B1828191851212S04155244WA0016600147
B1828231851214S04155246WA0016600148
B1828271851216S04155247WA0016600148
B1828311851217S04155248WA0016600148
B1828351851220S04155248WA0016600148
B1828391851222S04155248WA0016600148
B1828431851223S04155248WA0016600149
B1828471851225S04155247WA0016600149
B1828511851227S04155247WA0016600149
B1828551851229S04155245WA0016600149
B1828591851230S04155244WA0016700149
B1829031851232S04155243WA0016700149
B1829071851234S04155242WA0016600149
B1829111851236S04155241WA0016600150
B1829151851239S04155241WA0016700150
B1829191851241S04155242WA0016700150
B1829231851244S04155243WA0016700150
B1829271851247S04155243WA0016700149
B1829311851249S04155243WA0016700149
B1829351851252S04155242WA0016700149
B1829391851255S04155242WA0016800149
B1829431851258S04155242WA0016800150
B1829471851259S04155240WA0016800150
B1829511851260S04155238WA0016900150
B1829551851259S04155235WA0016900150
B1829591851258S04155233WA0016900150
B1830031851256S04155231WA0016800150
B1830071851256S04155230WA0016800150
B1830111851256S04155230WA0016900150
B1830151851256S04155230WA0016900151
B1830191851256S04155229WA0016900151
B1830231851256S04155229WA0016900151
B1830271851256S04155229WA0016900151
B1830311851256S04155229WA0016900151
B1830351851255S04155229WA0016900150
B1830391851255S04155229WA0016900150
B1830431851255S04155229WA0016900151
B1830471851255S04155229WA0016900151
B1830511851255S04155229WA0016900151
B1830551851255S04155229WA0016800151
B1830591851255S04155229WA0016800150
B1831031851256S04155230WA0016900151
B1831071851256S04155230WA0016900151
B1831111851256S04155229WA0016900151
B1831151851256S04155229WA0016900150
B1831191851256S04155229WA0016900151
B1831231851256S04155229WA0016800151
B1831271851256S04155229WA0016800151
B1831311851256S04155229WA0016900151
B1831351851256S04155229WA0016900151
B1831391851256S04155229WA0016800150
B1831431851256S04155229WA0016800149
B1831471851256S04155228WA0016800149
B1831511851256S04155228WA0016800149
B1831551851256S04155228WA0016800149
B1831591851256S04155228WA0016800149
B1832031851256S04155228WA0016800148
B1832071851256S04155228WA0016800148
B1832111851256S04155228WA0016800148
B1832151851256S04155228WA0016800148
B1832191851256S04155228WA0016800148
B1832231851256S04155228WA0016800149
B1832271851256S04155228WA0016800149
B1832311851256S04155228WA0016800149
B1832351851256S04155228WA0016800149
B1832391851256S04155228WA0016800149
B1832431851256S04155228WA0016800150
B1832471851256S04155228WA0016800150
B1832511851256S04155229WA0016800150
B1832551851256S04155229WA0016800150
B1832591851256S04155229WA0016800150
B1833031851256S04155229WA0016800150
B1833071851256S04155229WA0016900150
B1833111851256S04155229WA0016900151
B1833151851256S04155229WA0016900151
B1833191851256S04155229WA0016800151
B1833231851256S04155229WA0016900151
B1833271851256S04155229WA0016800151
B1833311851256S04155228WA0016800151
B1833351851255S04155228WA0016900151
B1833391851255S04155229WA0016800151
B1833431851255S04155229WA0016800151
B1833471851255S04155229WA0016800151
B1833511851255S04155229WA0016800151
B1833551851255S04155229WA0016800151
B1833591851255S04155229WA0016800150
B1834031851255S04155229WA0016900150
B1834071851255S04155229WA0016800150
B1834111851255S04155229WA0016800150
B1834151851255S04155229WA0016800150
B1834191851255S04155229WA0016800151
B1834231851255S04155229WA0016800151
B1834271851255S04155229WA0016900151
B1834311851255S04155229WA0016900151
B1834351851256S04155229WA0016900151
B1834391851256S04155228WA0016900151
B1834431851256S04155228WA0016900151
B1834471851256S04155228WA0016900151
B1834511851256S04155228WA0016900151
B1834551851256S04155228WA0016900151
B1834591851256S04155228WA0016900152
B1835031851256S04155228WA0016800152
B1835071851256S04155228WA0016900152
B1835111851256S04155228WA0016900152
B1835151851257S04155228WA0016900151
B1835191851257S04155228WA0016800151
B1835231851257S04155228WA0016800151
B1835271851257S04155228WA0016800151
B1835311851257S04155228WA0016800151
B1835351851257S04155228WA0016800151
B1835391851256S04155228WA0016800151
B1835431851256S04155228WA0016800151
B1835471851256S04155228WA0016800151
B1835511851256S04155228WA0016800150
B1835551851257S04155228WA0016800150
B1835591851256S04155228WA0016800149
B1836031851257S04155228WA0016800149
B1836071851257S04155228WA0016800149
B1836111851257S04155228WA0016800149
B1836151851257S04155228WA0016800148
B1836191851257S04155228WA0016800149
B1836231851257S04155228WA0016800148
B1836271851257S04155228WA0016800148
B1836311851257S04155228WA0016800148
B1836351851257S04155228WA0016800149
B1836391851257S04155229WA0016800149
B1836431851257S04155229WA0016800150
B1836471851257S04155228WA0016800150
B1836511851257S04155229WA0016800150
B1836551851257S04155229WA0016800150
B1836591851257S04155229WA0016800150
B1837031851257S04155229WA0016800150
B1837071851257S04155229WA0016800150
B1837111851257S04155229WA0016800150
B1837151851257S04155229WA0016800150
B1837191851257S04155229WA0016800151
B1837231851257S04155229WA0016800150
B1837271851257S04155229WA0016800150
B1837311851257S04155229WA0016800150
B1837351851257S04155229WA0016800150
B1837391851257S04155229WA0016800149
B1837431851257S04155229WA0016800149
B1837471851257S04155229WA0016800148
B1837511851257S04155229WA0016800147
B1837551851257S04155229WA0016800147
B1837591851257S04155229WA0016900147
B1838031851257S04155229WA0016900147
B1838071851257S04155229WA0016900147
B1838111851257S04155229WA0016800147
B1838151851257S04155229WA0016800147
B1838191851257S04155228WA0016900147
B1838231851257S04155228WA0016900147
B1838271851257S04155229WA0016900147
B1838311851257S04155229WA0016800147
B1838351851257S04155229WA0016900147
B1838391851257S04155229WA0016800147
B1838431851257S04155229WA0016800147
B1838471851257S04155229WA0016800147
B1838511851257S04155229WA0016800147
B1838551851257S04155229WA0016800147
B1838591851257S04155229WA0016800147
B1839031851257S04155229WA0016800147
B1839071851257S04155229WA0016800147
B1839111851257S04155229WA0016800147
B1839151851257S04155229WA0016800148
B1839191851257S04155229WA0016800148
B1839231851257S04155229WA0016800148
B1839271851257S04155229WA0016800148
B1839311851257S04155229WA0016800148
B1839351851257S04155229WA0016800148
B1839391851257S04155229WA0016800148
B1839431851257S04155229WA0016800148
B1839471851257S04155229WA0016800148
B1839511851257S04155229WA0016800148
B1839551851257S04155229WA0016800148
B1839591851257S04155229WA0016800148
B1840031851257S04155229WA0016800147
B1840071851257S04155229WA0016800147
B1840111851257S04155229WA0016800147
B1840151851258S04155229WA0016800147
B1840191851258S04155229WA0016800146
B1840231851258S04155229WA0016800147
B1840271851258S04155229WA0016800147
B1840311851258S04155229WA0016800147
B1840351851258S04155229WA0016800147
B1840391851258S04155229WA0016800147
B1840431851258S04155229WA0016800146
B1840471851258S04155229WA0016800147
B1840511851258S04155229WA0016800147
B1840551851258S04155229WA0016800148
B1840591851258S04155229WA0016800148
B1841031851258S04155229WA0016800148
B1841071851258S04155229WA0016800148
B1841111851258S04155229WA0016800147
B1841151851258S04155229WA0016800147
B1841191851258S04155229WA0016800147
B1841231851258S04155229WA0016800147
B1841271851258S04155229WA0016800147
B1841311851258S04155229WA0016800147
B1841351851258S04155229WA0016800147
B1841391851258S04155229WA0016800148
B1841431851258S04155229WA0016800148
B1841471851258S04155229WA0016800148
B1841511851258S04155229WA0016800147
B1841551851258S04155229WA0016800147
B1841591851258S04155228WA0016800147
B1842031851258S04155228WA0016800148
B1842071851258S04155228WA0016800148
B1842111851258S04155228WA0016800148
B1842151851258S04155228WA0016800147
B1842191851258S04155228WA0016800147
B1842231851258S04155228WA0016800147
B1842271851258S04155228WA0016800147
B1842311851258S04155228WA0016800147
B1842351851258S04155228WA0016800147
B1842391851258S04155228WA0016800147
B1842431851258S04155228WA0016800148
B1842471851258S04155228WA0016800148
B1842511851258S04155228WA0016800148
B1842551851258S04155229WA0016800149
B1842591851258S04155229WA0016800149
B1843031851258S04155229WA0016800149
B1843071851258S04155229WA0016800149
B1843111851258S04155229WA0016800149
B1843151851258S04155229WA0016800149
B1843191851257S04155229WA0016800148
B1843231851257S04155229WA0016800148
B1843271851257S04155229WA0016800148
B1843311851257S04155229WA0016800148
B1843351851257S04155229WA0016800148
B1843391851257S04155229WA0016800149
B1843431851257S04155229WA0016800149
B1843471851257S04155229WA0016800149
B1843511851257S04155229WA0016800150
B1843551851257S04155229WA0016800150
B1843591851257S04155229WA0016800150
B1844031851257S04155229WA0016800151
B1844071851257S04155229WA0016800152
B1844111851257S04155229WA0016800152
B1844151851258S04155229WA0016800153
B1844191851257S04155229WA0016800153
B1844231851258S04155229WA0016800153
B1844271851258S04155229WA0016800153
B1844311851258S04155229WA0016800153
B1844351851257S04155229WA0016800153
B1844391851257S04155229WA0016800153
B1844431851257S04155229WA0016800153
B1844471851258S04155229WA0016800153
B1844511851257S04155229WA0016800153
B1844551851257S04155229WA0016800153
B1844591851257S04155229WA0016800154
B1845031851257S04155230WA0016800154
B1845071851257S04155230WA0016800155
B1845111851257S04155230WA0016800155
B1845151851257S04155230WA0016800155
B1845191851257S04155230WA0016800155
B1845231851257S04155230WA0016800156
B1845271851257S04155230WA0016800156
B1845311851257S04155230WA0016800157
B1845351851257S04155231WA0016800158
B1845391851257S04155231WA0016800159
B1845431851256S04155231WA0016800159
B1845471851256S04155231WA0016800159
B1845511851257S04155231WA0016800160
B1845551851257S04155231WA0016800160
B1845591851257S04155231WA0016800160
B1846031851257S04155231WA0016800159
B1846071851257S04155231WA0016800159
B1846111851257S04155231WA0016800158
B1846151851257S04155231WA0016800158
B1846191851257S04155231WA0016800157
B1846231851257S04155231WA0016800157
B1846271851257S04155231WA0016800157
B1846311851257S04155231WA0016800157
B1846351851257S04155231WA0016800157
B1846391851256S04155231WA0016800156
B1846431851256S04155231WA0016800156
B1846471851256S04155231WA0016800156
B1846511851256S04155231WA0016800156
B1846551851256S04155231WA0016800156
B1846591851256S04155231WA0016800156
B1847031851256S04155232WA0016800156
B1847071851256S04155232WA0016800156
B1847111851256S04155232WA0016800156
B1847151851256S04155232WA0016800156
B1847191851256S04155232WA0016800156
B1847231851256S04155232WA0016800156
B1847271851256S04155232WA0016800156
B1847311851256S04155232WA0016800156
B1847351851256S04155231WA0016800156
B1847391851256S04155231WA0016800155
B1847431851256S04155231WA0016800155
B1847471851256S04155231WA0016800155
B1847511851256S04155231WA0016800154
B1847551851256S04155231WA0016800154
B1847591851257S04155231WA0016800154
B1848031851257S04155231WA0016800154
B1848071851257S04155231WA0016800154
B1848111851257S04155231WA0016800154
B1848151851257S04155231WA0016800153
B1848191851257S04155230WA0016800153
B1848231851257S04155230WA0016800153
B1848271851257S04155230WA0016800153
B1848311851257S04155230WA0016800153
B1848351851257S04155230WA0016800153
B1848391851258S04155230WA0016800152
B1848431851258S04155229WA0016800151
B1848471851258S04155229WA0016800151
B1848511851257S04155229WA0016800149
B1848551851257S04155229WA0016800149
B1848591851257S04155229WA0016800149
B1849031851257S04155228WA0016800148
B1849071851257S04155228WA0016800148
B1849111851257S04155228WA0016800148
B1849151851257S04155229WA0016800148
B1849191851257S04155229WA0016800149
B1849231851257S04155229WA0016800149
B1849271851257S04155229WA0016800149
B1849311851256S04155229WA0016800150
B1849351851256S04155229WA0016800150
B1849391851256S04155229WA0016800150
B1849431851257S04155229WA0016800150
B1849471851257S04155229WA0016800150
B1849511851257S04155229WA0016800150
B1849551851257S04155229WA0016800150
B1849591851257S04155229WA0016800149
B1850031851257S04155229WA0016800150
B1850071851257S04155229WA0016800150
B1850111851257S04155229WA0016800150
B1850151851257S04155229WA0016800150
B1850191851257S04155229WA0016800150
B1850231851257S04155229WA0016800150
B1850271851257S04155229WA0016800150
B1850311851257S04155229WA0016800151
B1850351851258S04155229WA0016800151
B1850391851258S04155229WA0016800151
B1850431851258S04155229WA0016800152
B1850471851258S04155229WA0016800152
B1850511851258S04155229WA0016800152
B1850551851258S04155229WA0016800152
B1850591851258S04155229WA0016800152
B1851031851258S04155229WA0016800151
B1851071851258S04155229WA0016800151
B1851111851258S04155229WA0016800151
B1851151851258S04155229WA0016800150
B1851191851258S04155229WA0016800150
B1851231851258S04155228WA0016800150
B1851271851259S04155228WA0016800149
B1851311851259S04155228WA0016800150
B1851351851259S04155228WA0016800150
B1851391851259S04155228WA0016800150
B1851431851259S04155228WA0016800150
B1851471851259S04155228WA0016800150
B1851511851259S04155228WA0016800149
B1851551851259S04155228WA0016800148
B1851591851259S04155228WA0016800149
B1852031851259S04155228WA0016800149
B1852071851259S04155228WA0016800149
B1852111851259S04155228WA0016800148
B1852151851259S04155228WA0016800148
B1852191851259S04155228WA0016800147
B1852231851259S04155228WA0016800147
B1852271851259S04155228WA0016800147
B1852311851259S04155228WA0016800146
B1852351851259S04155227WA0016800146
B1852391851259S04155227WA0016800146
B1852431851259S04155227WA0016800147
B1852471851259S04155227WA0016800146
B1852511851259S04155227WA0016800146
B1852551851259S04155227WA0016800146
B1852591851259S04155227WA0016800146
B1853031851259S04155227WA0016800147
B1853071851259S04155227WA0016800147
B1853111851259S04155227WA0016800146
B1853151851259S04155227WA0016800145
B1853191851259S04155227WA0016800146
B1853231851258S04155227WA0016800146
B1853271851258S04155228WA0016800146
B1853311851258S04155228WA0016700146
B1853351851258S04155228WA0016800146
B1853391851258S04155228WA0016800146
B1853431851258S04155228WA0016800146
B1853471851258S04155228WA0016800147
B1853511851258S04155228WA0016800147
B1853551851258S04155228WA0016800148
B1853591851258S04155228WA0016800148
B1854031851258S04155228WA0016800148
B1854071851258S04155228WA0016800149
B1854111851258S04155228WA0016800150
B1854151851258S04155228WA0016800150
B1854191851258S04155228WA0016800150
B1854231851258S04155229WA0016800150
B1854271851258S04155229WA0016800151
B1854311851258S04155229WA0016800150
B1854351851258S04155229WA0016800150
B1854391851258S04155229WA0016800150
B1854431851258S04155229WA0016800150
B1854471851258S04155229WA0016800151
B1854511851257S04155229WA0016800151
B1854551851257S04155229WA0016700151
B1854591851257S04155229WA0016800151
B1855031851257S04155229WA0016700151
B1855071851257S04155229WA0016700151
B1855111851257S04155229WA0016700150
B1855151851257S04155229WA0016800151
B1855191851257S04155228WA0016800151
B1855231851257S04155228WA0016800150
B1855271851257S04155228WA0016800150
B1855311851257S04155228WA0016800150
B1855351851257S04155228WA0016800151
B1855391851258S04155228WA0016800151
B1855431851258S04155229WA0016800151
B1855471851258S04155229WA0016800151
B1855511851258S04155229WA0016800151
B1855551851258S04155229WA0016800151
B1855591851258S04155229WA0016800152
B1856031851258S04155229WA0016800152
B1856071851258S04155229WA0016800152
B1856111851258S04155229WA0016700153
B1856151851258S04155229WA0016800153
B1856191851257S04155230WA0016700153
B1856231851257S04155230WA0016800153
B1856271851257S04155230WA0016800153
B1856311851257S04155230WA0016700153
B1856351851257S04155230WA0016700154
B1856391851257S04155230WA0016700154
B1856431851257S04155230WA0016700154
B1856471851257S04155230WA0016800154
B1856511851257S04155231WA0016700153
B1856551851257S04155231WA0016700153
B1856591851257S04155231WA0016700153
B1857031851257S04155230WA0016700153
B1857071851257S04155230WA0016700153
B1857111851257S04155230WA0016700153
B1857151851257S04155230WA0016700153
B1857191851257S04155230WA0016700152
B1857231851257S04155230WA0016700152
B1857271851258S04155230WA0016700152
B1857311851258S04155230WA0016700151
B1857351851258S04155230WA0016700152
B1857391851258S04155230WA0016700152
B1857431851258S04155231WA0016700152
B1857471851260S04155232WA0016700152
B1857511851262S04155235WA0016800152
B1857551851262S04155236WA0016800152
B1857591851262S04155236WA0016800152
B1858031851262S04155236WA0016700152
B1858071851262S04155236WA0016800151
B1858111851262S04155236WA0016800152
B1858151851262S04155237WA0016800152
B1858191851263S04155241WA0016800150
B1858231851266S04155248WA0016800150
B1858271851269S04155260WA0016900151
B1858311851272S04155271WA0016900150
B1858351851276S04155285WA0017000150
B1858391851283S04155299WA0017200150
B1858431851294S04155312WA0017200149
B1858471851310S04155322WA0017300150
B1858511851325S04155329WA0017400151
B1858551851342S04155335WA0017500153
B1858591851362S04155344WA0017600154
B1859031851383S04155353WA0017700154
B1859071851406S04155363WA0017700154
B1859111851432S04155375WA0017700155
B1859151851458S04155387WA0017800156
B1859191851486S04155393WA0017800157
B1859231851516S04155396WA0017600154
B1859271851545S04155399WA0017500154
B1859311851574S04155402WA0017500155
B1859351851601S04155405WA0017500156
B1859391851626S04155410WA0017600159
B1859431851647S04155423WA0017700161
B1859471851662S04155443WA0017900163
B1859511851671S04155469WA0017900162
B1859551851678S04155496WA0017900161
B1859591851686S04155524WA0017900160
B1900031851697S04155550WA0017900159
B1900071851712S04155574WA0017900159
B1900111851726S04155598WA0017900158
B1900151851740S04155620WA0017900159
B1900191851756S04155642WA0017900159
B1900231851771S04155664WA0017900160
B1900271851787S04155685WA0017900160
B1900311851801S04155705WA0018000160
B1900351851812S04155722WA0017900160
B1900391851816S04155729WA0017900160
B1900431851818S04155732WA0018000160
B1900471851820S04155734WA0018000159
B1900511851823S04155737WA0018000158
B1900551851829S04155743WA0018000158
B1900591851836S04155751WA0018100157
B1901031851844S04155762WA0018100156
B1901071851854S04155776WA0018200157
B1901111851864S04155790WA0018200157
B1901151851873S04155804WA0018200155
B1901191851884S04155818WA0018300154
B1901231851899S04155832WA0018400155
B1901271851913S04155846WA0018500156
B1901311851929S04155862WA0018600159
B1901351851947S04155877WA0018600160
B1901391851967S04155892WA0018600161
B1901431851988S04155907WA0018600161
B1901471852009S04155921WA0018600163
B1901511852028S04155934WA0018400163
B1901551852044S04155942WA0018400162
B1901591852059S04155950WA0018300163
B1902031852070S04155955WA0018300164
B1902071852077S04155959WA0018300165
B1902111852088S04155962WA0018300165
B1902151852103S04155966WA0018400164
B1902191852123S04155970WA0018300162
B1902231852143S04155975WA0018300162
B1902271852162S04155980WA0018500161
B1902311852181S04155986WA0018700164
B1902351852196S04155992WA0019100167
B1902391852206S04156006WA0019200169
B1902431852216S04156023WA0019100166
B1902471852235S04156035WA0019000163
B1902511852257S04156041WA0018900162
B1902551852278S04156048WA0018700163
B1902591852294S04156053WA0018600165
B1903031852311S04156058WA0018600167
B1903071852328S04156065WA0018400168
B1903111852340S04156068WA0018300165
B1903151852354S04156070WA0018300164
B1903191852375S04156074WA0018300165
B1903231852398S04156078WA0018400166
B1903271852421S04156081WA0018500167
B1903311852444S04156077WA0018700170
B1903351852467S04156077WA0018800170
B1903391852487S04156089WA0018700171
B1903431852498S04156111WA0018600172
B1903471852493S04156136WA0018700173
B1903511852484S04156164WA0018600174
B1903551852476S04156193WA0018300173
B1903591852476S04156222WA0018000169
B1904031852485S04156250WA0017800166
B1904071852496S04156275WA0017700163
B1904111852506S04156291WA0017600160
B1904151852516S04156305WA0017600156
B1904191852528S04156321WA0017500155
B1904231852543S04156339WA0017500151
B1904271852557S04156360WA0017700151
B1904311852572S04156381WA0017900151
B1904351852585S04156401WA0018000151
B1904391852595S04156415WA0017900151
B1904431852600S04156422WA0017900150
B1904471852609S04156433WA0017900150
B1904511852622S04156446WA0017800148
B1904551852636S04156460WA0017600148
B1904591852651S04156472WA0017500150
B1905031852665S04156484WA0017500150
B1905071852683S04156496WA0017500150
B1905111852702S04156508WA0017400150
B1905151852712S04156515WA0017400153
B1905191852720S04156521WA0017500153
B1905231852732S04156529WA0017600154
B1905271852747S04156538WA0017700156
B1905311852764S04156550WA0017700157
B1905351852782S04156561WA0017700157
B1905391852800S04156572WA0017700156
B1905431852817S04156584WA0017700156
B1905471852832S04156595WA0017700156
B1905511852848S04156608WA0017700156
B1905551852866S04156622WA0017700157
B1905591852881S04156639WA0017700158
B1906031852891S04156658WA0017500158
B1906071852893S04156674WA0017300158
B1906111852892S04156685WA0017300157
B1906151852893S04156701WA0017300155
B1906191852901S04156719WA0017400154
B1906231852921S04156727WA0017500152
B1906271852944S04156732WA0017500152
B1906311852969S04156739WA0017500155
B1906351852996S04156745WA0017600156
B1906391853024S04156752WA0017600155
B1906431853052S04156759WA0017500154
B1906471853072S04156762WA0017400154
B1906511853078S04156770WA0017500155
B1906551853076S04156783WA0017500154
B1906591853072S04156801WA0017500154
B1907031853069S04156822WA0017500153
B1907071853063S04156846WA0017500155
B1907111853056S04156871WA0017600156
B1907151853048S04156894WA0017500156
B1907191853041S04156917WA0017500157
B1907231853039S04156936WA0017400155
B1907271853038S04156948WA0017400153
B1907311853038S04156959WA0017500152
B1907351853037S04156974WA0017500153
B1907391853033S04156993WA0017600154
B1907431853028S04157016WA0017600154
B1907471853023S04157040WA0017600156
B1907511853017S04157066WA0017600156
B1907551853012S04157093WA0017600156
B1907591853006S04157119WA0017700157
B1908031853000S04157147WA0017600157
B1908071852995S04157174WA0017700156
B1908111852989S04157202WA0017700156
B1908151852983S04157230WA0017700155
B1908191852977S04157258WA0017600154
B1908231852971S04157287WA0017500154
B1908271852965S04157318WA0017500154
B1908311852957S04157351WA0017500153
B1908351852947S04157385WA0017400153
B1908391852935S04157417WA0017300154
B1908431852924S04157442WA0017200153
B1908471852913S04157465WA0017200153
B1908511852901S04157487WA0017200153
B1908551852889S04157508WA0017200153
B1908591852873S04157531WA0017300154
B1909031852855S04157554WA0017400155
B1909071852833S04157574WA0017600157
B1909111852810S04157592WA0017700158
B1909151852789S04157613WA0017800159
B1909191852768S04157634WA0018000161
B1909231852748S04157655WA0018100163
B1909271852734S04157668WA0018100164
B1909311852723S04157666WA0018100163
B1909351852710S04157656WA0018000162
B1909391852697S04157652WA0017900158
B1909431852690S04157657WA0017900154
B1909471852683S04157670WA0018000155
B1909511852676S04157682WA0018100157
B1909551852665S04157680WA0018200159
B1909591852650S04157670WA0018200160
B1910031852630S04157657WA0018100159
B1910071852605S04157640WA0018100159
B1910111852577S04157621WA0018000157
B1910151852545S04157600WA0018000158
B1910191852512S04157577WA0017900157
B1910231852476S04157554WA0018000157
B1910271852441S04157530WA0017900157
B1910311852409S04157509WA0017800157
B1910351852393S04157498WA0017600159
B1910391852392S04157498WA0017600159
B1910431852392S04157498WA0017600159
B1910471852392S04157498WA0017600158
B1910511852392S04157498WA0017600158
B1910551852392S04157498WA0017600158
B1910591852392S04157498WA0017600159
B1911031852392S04157498WA0017600160
B1911071852392S04157498WA0017600160
B1911111852392S04157498WA0017600160
B1911151852392S04157498WA0017600160
B1911191852392S04157498WA0017600160
B1911231852392S04157498WA0017600160
B1911271852392S04157498WA0017600160
B1911311852392S04157498WA0017600161
B1911351852392S04157498WA0017600161
B1911391852392S04157498WA0017600162
B1911431852392S04157498WA0017600162
B1911471852391S04157498WA0017600162
B1911511852391S04157498WA0017600162
B1911551852388S04157496WA0017700161
B1911591852380S04157491WA0017700160
B1912031852366S04157482WA0017700160
B1912071852349S04157470WA0017700159
B1912111852328S04157456WA0017700158
B1912151852305S04157440WA0017700158
B1912191852280S04157423WA0017800158
B1912231852251S04157404WA0017800157
B1912271852222S04157383WA0017800156
B1912311852191S04157362WA0017800156
B1912351852159S04157340WA0017800155
B1912391852131S04157321WA0017700155
B1912431852111S04157306WA0017600154
B1912471852102S04157300WA0017500154
B1912511852100S04157299WA0017600155
B1912551852100S04157299WA0017500155
B1912591852100S04157299WA0017600154
B1913031852100S04157299WA0017500153
B1913071852100S04157299WA0017500153
B1913111852100S04157299WA0017500153
B1913151852100S04157299WA0017500154
B1913191852100S04157299WA0017600154
B1913231852100S04157299WA0017500154
B1913271852100S04157299WA0017500154
B1913311852100S04157299WA0017500154
B1913351852100S04157299WA0017500154
B1913391852100S04157299WA0017500154
B1913431852100S04157299WA0017500153
B1913471852100S04157299WA0017500154
B1913511852100S04157298WA0017500154
B1913551852100S04157298WA0017500154
B1913591852097S04157296WA0017600154
B1914031852088S04157290WA0017600154
B1914071852073S04157279WA0017600154
B1914111852055S04157267WA0017500153
B1914151852037S04157254WA0017500151
B1914191852025S04157236WA0017300152
B1914231852015S04157217WA0017200149
B1914271852000S04157201WA0017200149
B1914311851985S04157186WA0017100149
B1914351851975S04157175WA0017000148
B1914391851964S04157164WA0017100148
B1914431851951S04157151WA0017100146
B1914471851936S04157138WA0017000146
B1914511851922S04157125WA0017000144
B1914551851906S04157108WA0017100142
B1914591851887S04157092WA0017200142
B1915031851867S04157074WA0017200143
B1915071851848S04157057WA0017200144
B1915111851830S04157040WA0017200144
B1915151851812S04157022WA0017400146
B1915191851795S04157007WA0017500147
B1915231851777S04156991WA0017600147
B1915271851758S04156974WA0017600148
B1915311851740S04156957WA0017600147
B1915351851721S04156939WA0017700146
B1915391851704S04156923WA0017700147
B1915431851688S04156909WA0017600148
B1915471851672S04156895WA0017600148
B1915511851659S04156885WA0017600149
B1915551851654S04156878WA0017500151
B1915591851657S04156873WA0017500152
B1916031851662S04156866WA0017600155
B1916071851664S04156863WA0017600156
B1916111851665S04156862WA0017500156
B1916151851666S04156861WA0017500157
B1916191851671S04156855WA0017600157
B1916231851676S04156848WA0017500156
B1916271851672S04156839WA0017600158
B1916311851661S04156829WA0017600159
B1916351851646S04156816WA0017700159
B1916391851629S04156801WA0017700161
B1916431851612S04156785WA0017700161
B1916471851594S04156769WA0017600161
B1916511851578S04156753WA0017600160
B1916551851562S04156739WA0017600160
B1916591851550S04156728WA0017500160
B1917031851544S04156723WA0017400159
B1917071851543S04156722WA0017500160
B1917111851543S04156722WA0017500161
B1917151851543S04156722WA0017500161
B1917191851543S04156722WA0017500161
B1917231851544S04156721WA0017500160
B1917271851543S04156721WA0017500161
B1917311851543S04156721WA0017500161
B1917351851544S04156721WA0017500161
B1917391851544S04156721WA0017400160
B1917431851543S04156721WA0017500161
B1917471851542S04156721WA0017400163
B1917511851538S04156718WA0017500163
B1917551851528S04156720WA0017500162
B1917591851519S04156727WA0017600162
B1918031851509S04156726WA0017600162
B1918071851502S04156714WA0017600161
B1918111851493S04156700WA0017600159
B1918151851482S04156683WA0017600159
B1918191851471S04156666WA0017600159
B1918231851461S04156649WA0017500158
B1918271851454S04156635WA0017500158
B1918311851459S04156625WA0017500158
B1918351851471S04156617WA0017500158
B1918391851485S04156609WA0017400158
B1918431851496S04156608WA0017400155
B1918471851507S04156603WA0017400152
B1918511851517S04156595WA0017400152
B1918551851528S04156590WA0017300152
B1918591851535S04156586WA0017200152
B1919031851539S04156583WA0017200152
B1919071851539S04156580WA0017200152
B1919111851538S04156578WA0017200152
B1919151851538S04156578WA0017200153
B1919191851538S04156578WA0017200153
B1919231851538S04156579WA0017200153
B1919271851537S04156578WA0017200154
B1919311851536S04156576WA0017200154
B1919351851534S04156574WA0017200155
B1919391851532S04156573WA0017200156
B1919431851530S04156572WA0017200156
B1919471851530S04156572WA0017200156
B1919511851530S04156571WA0017200156
B1919551851530S04156571WA0017200156
B1919591851530S04156572WA0017200157
B1920031851530S04156572WA0017200159
B1920071851530S04156572WA0017200159
B1920111851530S04156572WA0017200160
B1920151851530S04156572WA0017200160
B1920191851530S04156572WA0017200161
B1920231851530S04156572WA0017200161
B1920271851531S04156572WA0017200162
B1920311851530S04156572WA0017200163
B1920351851530S04156572WA0017200163
B1920391851530S04156572WA0017200163
B1920431851530S04156572WA0017200163
B1920471851530S04156572WA0017300162
B1920511851530S04156571WA0017300160
B1920551851530S04156570WA0017200159
B1920591851530S04156570WA0017200159
B1921031851530S04156570WA0017200157
B1921071851529S04156569WA0017200157
B1921111851529S04156567WA0017100156
B1921151851530S04156565WA0017100154
B1921191851530S04156565WA0017100155
B1921231851529S04156564WA0017100154
B1921271851529S04156564WA0017100154
B1921311851528S04156563WA0017200155
B1921351851529S04156563WA0017200157
B1921391851530S04156565WA0017200156
B1921431851531S04156565WA0017200156
B1921471851531S04156565WA0017200156
B1921511851532S04156565WA0017200155
B1921551851532S04156565WA0017200154
B1921591851531S04156564WA0017200154
B1922031851530S04156562WA0017200155
B1922071851529S04156559WA0017200156
B1922111851528S04156557WA0017100159
B1922151851527S04156554WA0017000160
B1922191851527S04156551WA0017000161
B1922231851526S04156549WA0016900162
B1922271851525S04156546WA0016800160
B1922311851525S04156544WA0016800160
B1922351851524S04156542WA0016700161
B1922391851523S04156540WA0016600162
B1922431851523S04156537WA0016600163
B1922471851522S04156534WA0016600164
B1922511851523S04156532WA0016600167
B1922551851524S04156530WA0016600170
B1922591851525S04156527WA0016500170
B1923031851524S04156525WA0016500171
B1923071851522S04156524WA0016500171
B1923111851519S04156523WA0016500169
B1923151851516S04156522WA0016500167
B1923191851514S04156522WA0016500167
B1923231851511S04156522WA0016500165
B1923271851510S04156522WA0016500164
B1923311851509S04156522WA0016500164
B1923351851509S04156522WA0016500163
B1923391851509S04156522WA0016400162
B1923431851508S04156521WA0016400160
B1923471851507S04156521WA0016400159
B1923511851507S04156521WA0016500159
B1923551851506S04156521WA0016500159
B1923591851506S04156521WA0016400159
B1924031851505S04156521WA0016400159
B1924071851505S04156521WA0016400159
B1924111851505S04156521WA0016500158
B1924151851505S04156521WA0016400158
B1924191851505S04156521WA0016400157
B1924231851505S04156521WA0016400157
B1924271851504S04156521WA0016400156
B1924311851504S04156521WA0016400156
B1924351851504S04156521WA0016400155
B1924391851504S04156521WA0016500155
B1924431851504S04156521WA0016500155
B1924471851504S04156521WA0016400154
B1924511851504S04156521WA0016400154
B1924551851504S04156521WA0016400154
B1924591851504S04156521WA0016400153
B1925031851504S04156520WA0016400154
B1925071851504S04156520WA0016400154
B1925111851504S04156520WA0016400153
B1925151851504S04156521WA0016400153
B1925191851504S04156521WA0016400153
B1925231851504S04156521WA0016400153
B1925271851504S04156521WA0016400153
B1925311851504S04156521WA0016400153
B1925351851504S04156521WA0016500153
B1925391851504S04156521WA0016400153
B1925431851504S04156521WA0016400152
B1925471851504S04156521WA0016400151
B1925511851504S04156521WA0016400151
B1925551851504S04156521WA0016400151
B1925591851504S04156521WA0016400151
B1926031851503S04156521WA0016400151
B1926071851503S04156521WA0016400150
B1926111851503S04156521WA0016400150
B1926151851503S04156521WA0016400150
B1926191851504S04156521WA0016400150
B1926231851504S04156521WA0016400150
B1926271851504S04156521WA0016400150
B1926311851504S04156521WA0016400150
B1926351851504S04156521WA0016400150
B1926391851503S04156521WA0016400150
B1926431851503S04156521WA0016400150
B1926471851503S04156521WA0016400150
B1926511851503S04156521WA0016400150
B1926551851503S04156521WA0016400150
B1926591851503S04156521WA0016400150
B1927031851503S04156521WA0016400150
B1927071851503S04156521WA0016400149
B1927111851503S04156521WA0016400149
B1927151851503S04156521WA0016400148
B1927191851503S04156521WA0016400148
B1927231851503S04156521WA0016400149
B1927271851503S04156520WA0016400149
B1927311851503S04156520WA0016400149
B1927351851503S04156520WA0016400150
B1927391851503S04156520WA0016400150
B1927431851503S04156520WA0016400150
B1927471851503S04156520WA0016400150
B1927511851503S04156520WA0016400150
B1927551851503S04156520WA0016400150
B1927591851503S04156520WA0016400150
B1928031851503S04156520WA0016400150
B1928071851503S04156520WA0016400151
B1928111851503S04156520WA0016400151
B1928151851503S04156520WA0016400151
B1928191851503S04156520WA0016400151
B1928231851503S04156520WA0016400151
B1928271851503S04156520WA0016400151
B1928311851503S04156521WA0016400151
B1928351851503S04156521WA0016400150
B1928391851503S04156521WA0016400150
B1928431851503S04156521WA0016400150
B1928471851503S04156521WA0016400150
B1928511851503S04156520WA0016400150
B1928551851503S04156520WA0016400150
B1928591851503S04156520WA0016400150
B1929031851503S04156520WA0016400150
B1929071851503S04156520WA0016400150
B1929111851503S04156520WA0016400150
B1929151851503S04156520WA0016400150
B1929191851503S04156520WA0016300150
B1929231851503S04156520WA0016300150
B1929271851503S04156520WA0016300150
B1929311851503S04156520WA0016400150
B1929351851503S04156520WA0016400150
B1929391851503S04156520WA0016400150
B1929431851503S04156520WA0016400150
B1929471851503S04156521WA0016400149
B1929511851503S04156521WA0016400149
B1929551851503S04156521WA0016400150
B1929591851503S04156521WA0016400150
B1930001851503S04156521WA0016400150
