AXFMSFP Flymaster Live, V1.0, S/N 116307
HFDTE220426
HFPLTPILOTINCHARGE:Doug Degeorge
B1327551853184S04154968WA0099101078
B1327591853185S04154967WA0099201075
B1328031853185S04154965WA0099101070
B1328071853187S04154964WA0099101065
B1328111853189S04154967WA0099101067
B1328151853189S04154967WA0099101064
B1328191853188S04154967WA0099101069
B1328231853188S04154967WA0099201070
B1328271853187S04154967WA0099201069
B1328311853186S04154966WA0099201070
B1328351853187S04154964WA0099201070
B1328391853187S04154963WA0099201072
B1328431853188S04154962WA0099201073
B1328471853189S04154960WA0099201077
B1328511853189S04154958WA0099201080
B1328551853190S04154957WA0099101081
B1328591853191S04154956WA0099101082
B1329031853192S04154955WA0099101083
B1329071853193S04154954WA0099101083
B1329111853194S04154953WA0099001083
B1329151853195S04154953WA0099001083
B1329191853197S04154953WA0099001083
B1329231853198S04154953WA0098901082
B1329271853197S04154952WA0098901082
B1329311853197S04154951WA0098901082
B1329351853197S04154951WA0098901081
B1329391853197S04154950WA0098901082
B1329431853197S04154950WA0098901081
B1329471853197S04154949WA0098801080
B1329511853196S04154949WA0098801079
B1329551853196S04154949WA0098801079
B1329591853196S04154949WA0098901079
B1330031853196S04154949WA0098901079
B1330071853196S04154949WA0098901078
B1330111853195S04154949WA0098901078
B1330151853195S04154948WA0098901078
B1330191853195S04154949WA0098901077
B1330231853195S04154949WA0098901077
B1330271853195S04154949WA0098901077
B1330311853194S04154949WA0098901076
B1330351853194S04154949WA0098901076
B1330391853195S04154949WA0098901076
B1330431853195S04154950WA0098901077
B1330471853195S04154950WA0098901077
B1330511853196S04154950WA0098901078
B1330551853196S04154950WA0098901078
B1330591853196S04154950WA0098901079
B1331031853196S04154950WA0098901079
B1331071853197S04154950WA0098901079
B1331111853197S04154950WA0098901079
B1331151853197S04154950WA0098901080
B1331191853197S04154950WA0098901080
B1331231853197S04154950WA0098901081
B1331271853197S04154950WA0098901081
B1331311853198S04154950WA0098901081
B1331351853198S04154950WA0098901082
B1331391853198S04154950WA0098901082
B1331431853198S04154950WA0098901082
B1331471853198S04154950WA0098901082
B1331511853198S04154950WA0098901083
B1331551853198S04154950WA0098901083
B1331591853198S04154950WA0098901083
B1332031853198S04154950WA0098901084
B1332071853198S04154950WA0098901084
B1332111853198S04154950WA0098901084
B1332151853199S04154950WA0098901084
B1332191853198S04154950WA0098901083
B1332231853198S04154951WA0098901083
B1332271853198S04154951WA0098901083
B1332311853199S04154951WA0098901083
B1332351853198S04154951WA0098901084
B1332391853198S04154952WA0098901084
B1332431853198S04154952WA0098901083
B1332471853198S04154952WA0098901084
B1332511853198S04154951WA0098901083
B1332551853198S04154951WA0098901084
B1332591853199S04154951WA0098901083
B1333031853199S04154950WA0098901083
B1333071853199S04154950WA0098901082
B1333111853199S04154951WA0098901081
B1333151853198S04154950WA0098901081
B1333191853198S04154951WA0098901080
B1333231853199S04154951WA0098901079
B1333271853198S04154951WA0098901078
B1333311853198S04154951WA0098901080
B1333351853198S04154950WA0098901080
B1333391853198S04154950WA0098901080
B1333431853198S04154950WA0098901080
B1333471853198S04154950WA0098901081
B1333511853198S04154950WA0098901082
B1333551853198S04154950WA0098901083
B1333591853198S04154950WA0098901083
B1334031853198S04154950WA0098901083
B1334071853198S04154950WA0098901083
B1334111853198S04154950WA0098901083
B1334151853198S04154950WA0098901083
B1334191853198S04154949WA0098901083
B1334231853198S04154949WA0098901083
B1334271853198S04154949WA0098901084
B1334311853198S04154949WA0098901083
B1334351853198S04154949WA0098901084
B1334391853198S04154949WA0098901085
B1334431853199S04154949WA0098901085
B1334471853199S04154949WA0098901085
B1334511853199S04154949WA0098801084
B1334551853199S04154949WA0098801084
B1334591853198S04154949WA0098701084
B1335031853198S04154949WA0098801084
B1335071853197S04154948WA0098501083
B1335111853197S04154949WA0098601084
B1335151853197S04154949WA0098601084
B1335191853197S04154949WA0098601085
B1335231853197S04154949WA0098701084
B1335271853197S04154949WA0098701084
B1335311853197S04154950WA0098701084
B1335351853197S04154950WA0098701084
B1335391853197S04154950WA0098701084
B1335431853197S04154950WA0098701084
B1335471853197S04154950WA0098701084
B1335511853197S04154950WA0098601084
B1335551853197S04154950WA0098601084
B1335591853197S04154950WA0098601084
B1336031853197S04154950WA0098501085
B1336071853197S04154950WA0098501086
B1336111853197S04154950WA0098501087
B1336151853198S04154950WA0098301087
B1336191853198S04154949WA0098301088
B1336231853198S04154950WA0098301089
B1336271853198S04154949WA0098301090
B1336311853199S04154949WA0098401090
B1336351853199S04154949WA0098501091
B1336391853199S04154949WA0098701091
B1336431853199S04154949WA0098901092
B1336471853199S04154949WA0098801089
B1336511853199S04154949WA0098901087
B1336551853199S04154949WA0098901086
B1336591853199S04154949WA0098901086
B1337031853199S04154949WA0098901085
B1337071853199S04154949WA0098901084
B1337111853199S04154949WA0098901084
B1337151853199S04154950WA0098901084
B1337191853199S04154950WA0098901084
B1337231853200S04154950WA0098901085
B1337271853200S04154951WA0098901086
B1337311853200S04154951WA0098901087
B1337351853200S04154951WA0098901087
B1337391853200S04154951WA0098901087
B1337431853200S04154951WA0098901087
B1337471853200S04154951WA0098901087
B1337511853200S04154952WA0098901087
B1337551853200S04154952WA0098901087
B1337591853200S04154952WA0098901088
B1338031853200S04154952WA0098901088
B1338071853200S04154951WA0098901087
B1338111853200S04154951WA0098901087
B1338151853200S04154951WA0098901085
B1338191853200S04154951WA0098901085
B1338231853200S04154950WA0098901085
B1338271853200S04154950WA0098901085
B1338311853200S04154950WA0098901085
B1338351853200S04154950WA0098901084
B1338391853200S04154950WA0098901083
B1338431853200S04154950WA0098901084
B1338471853200S04154950WA0098901084
B1338511853200S04154950WA0098901085
B1338551853200S04154950WA0098901084
B1338591853200S04154950WA0098901084
B1339031853200S04154950WA0098901084
B1339071853200S04154950WA0098901085
B1339111853200S04154950WA0098901085
B1339151853200S04154950WA0098901086
B1339191853200S04154950WA0098901086
B1339231853200S04154950WA0098901086
B1339271853200S04154950WA0098901086
B1339311853200S04154950WA0098901086
B1339351853200S04154950WA0098901087
B1339391853200S04154950WA0098901087
B1339431853200S04154950WA0098901088
B1339471853201S04154951WA0098901088
B1339511853201S04154951WA0098901089
B1339551853201S04154950WA0098901088
B1339591853200S04154950WA0098901088
B1340031853200S04154950WA0098901087
B1340071853200S04154950WA0098901087
B1340111853200S04154949WA0098901086
B1340151853200S04154949WA0098901085
B1340191853200S04154949WA0098901084
B1340231853200S04154949WA0098901084
B1340271853200S04154949WA0098901084
B1340311853200S04154949WA0098901085
B1340351853200S04154949WA0098901085
B1340391853200S04154950WA0098901086
B1340431853200S04154950WA0098901086
B1340471853200S04154950WA0098901087
B1340511853200S04154950WA0098901087
B1340551853200S04154950WA0098901088
B1340591853200S04154950WA0098901088
B1341031853200S04154950WA0098901088
B1341071853200S04154950WA0098901087
B1341111853200S04154950WA0098901087
B1341151853200S04154950WA0098901087
B1341191853200S04154949WA0098901086
B1341231853200S04154949WA0098901086
B1341271853200S04154949WA0098901086
B1341311853200S04154949WA0098901087
B1341351853200S04154949WA0098901087
B1341391853200S04154949WA0098901086
B1341431853200S04154949WA0098901086
B1341471853200S04154949WA0098901086
B1341511853200S04154950WA0098901088
B1341551853200S04154950WA0098901089
B1341591853201S04154950WA0098901090
B1342031853201S04154950WA0098901090
B1342071853201S04154950WA0098901089
B1342111853200S04154949WA0098901088
B1342151853200S04154949WA0098901087
B1342191853200S04154949WA0098901087
B1342231853200S04154949WA0098901087
B1342271853200S04154949WA0098901086
B1342311853200S04154949WA0098901086
B1342351853200S04154949WA0098901086
B1342391853200S04154949WA0098901086
B1342431853201S04154949WA0098901086
B1342471853201S04154949WA0098901086
B1342511853201S04154949WA0098901086
B1342551853201S04154949WA0098901086
B1342591853201S04154949WA0098901086
B1343031853201S04154949WA0098901086
B1343071853201S04154949WA0098901085
B1343111853200S04154949WA0098901085
B1343151853200S04154949WA0098901084
B1343191853200S04154949WA0098901084
B1343231853200S04154948WA0098901084
B1343271853200S04154948WA0098901084
B1343311853200S04154949WA0098901085
B1343351853201S04154949WA0098901085
B1343391853201S04154949WA0098901086
B1343431853201S04154949WA0098901086
B1343471853201S04154949WA0098901087
B1343511853201S04154949WA0098901087
B1343551853200S04154949WA0098901086
B1343591853200S04154949WA0098901086
B1344031853200S04154949WA0098901086
B1344071853200S04154949WA0098901087
B1344111853200S04154949WA0098901087
B1344151853200S04154949WA0098901087
B1344191853200S04154949WA0098901087
B1344231853200S04154949WA0098901087
B1344271853200S04154949WA0098901088
B1344311853200S04154949WA0098901088
B1344351853200S04154949WA0098901088
B1344391853200S04154950WA0098901089
B1344431853200S04154949WA0098901088
B1344471853199S04154949WA0098901088
B1344511853199S04154949WA0098901087
B1344551853199S04154949WA0098901086
B1344591853199S04154949WA0098901085
B1345031853199S04154949WA0098901084
B1345071853199S04154949WA0098901083
B1345111853198S04154948WA0098901082
B1345151853198S04154948WA0098901082
B1345191853198S04154948WA0099001081
B1345231853198S04154948WA0098901081
B1345271853198S04154948WA0098901080
B1345311853198S04154948WA0098901080
B1345351853198S04154948WA0098901081
B1345391853198S04154948WA0098901082
B1345431853199S04154949WA0098901082
B1345471853198S04154949WA0098901082
B1345511853198S04154949WA0098901082
B1345551853199S04154949WA0098901082
B1345591853199S04154949WA0098901083
B1346031853199S04154949WA0098901083
B1346071853199S04154950WA0098901084
B1346111853199S04154950WA0098901085
B1346151853199S04154950WA0098901085
B1346191853199S04154950WA0098901085
B1346231853199S04154950WA0098901085
B1346271853199S04154950WA0098901085
B1346311853199S04154950WA0098901085
B1346351853199S04154950WA0098901085
B1346391853199S04154950WA0098901085
B1346431853199S04154950WA0098901085
B1346471853199S04154950WA0098901085
B1346511853199S04154950WA0098901085
B1346551853199S04154950WA0098901085
B1346591853198S04154950WA0098901085
B1347031853198S04154950WA0098901084
B1347071853198S04154950WA0098901084
B1347111853199S04154950WA0098901085
B1347151853199S04154950WA0098901085
B1347191853199S04154950WA0098901085
B1347231853199S04154950WA0098901086
B1347271853199S04154950WA0098901086
B1347311853199S04154950WA0098901085
B1347351853199S04154950WA0098901085
B1347391853199S04154950WA0098901085
B1347431853199S04154950WA0098901085
B1347471853199S04154950WA0098901085
B1347511853199S04154950WA0098901085
B1347551853199S04154950WA0098901085
B1347591853199S04154950WA0098901085
B1348031853199S04154950WA0098901085
B1348071853199S04154950WA0098901085
B1348111853199S04154950WA0098901085
B1348151853199S04154950WA0098901085
B1348191853199S04154950WA0098901085
B1348231853199S04154950WA0098901085
B1348271853199S04154950WA0098901084
B1348311853199S04154950WA0098901084
B1348351853199S04154950WA0098901084
B1348391853199S04154950WA0098901084
B1348431853199S04154950WA0098901084
B1348471853199S04154950WA0098901084
B1348511853199S04154950WA0098901084
B1348551853199S04154950WA0098901084
B1348591853199S04154950WA0098901084
B1349031853199S04154950WA0098901085
B1349071853199S04154950WA0098901085
B1349111853199S04154950WA0098901085
B1349151853199S04154951WA0098901085
B1349191853199S04154951WA0098901085
B1349231853199S04154951WA0098901084
B1349271853199S04154951WA0098901085
B1349311853199S04154951WA0098901085
B1349351853199S04154951WA0098901085
B1349391853199S04154951WA0098901085
B1349431853199S04154951WA0098901085
B1349471853199S04154951WA0098901085
B1349511853199S04154951WA0098901085
B1349551853199S04154951WA0099001084
B1349591853199S04154951WA0099001084
B1350031853199S04154951WA0098901084
B1350071853199S04154951WA0099001084
B1350111853199S04154951WA0098901084
B1350151853199S04154951WA0099001084
B1350191853199S04154950WA0098901084
B1350231853199S04154950WA0099001083
B1350271853199S04154950WA0099001083
B1350311853199S04154950WA0099001083
B1350351853199S04154950WA0099001083
B1350391853199S04154950WA0099001083
B1350431853199S04154950WA0099001083
B1350471853199S04154950WA0098901083
B1350511853199S04154950WA0098901083
B1350551853199S04154950WA0099001084
B1350591853199S04154950WA0099001084
B1351031853199S04154950WA0099001085
B1351071853199S04154950WA0099001086
B1351111853199S04154951WA0099001086
B1351151853199S04154951WA0098901087
B1351191853199S04154951WA0099001087
B1351231853199S04154951WA0098901088
B1351271853199S04154951WA0099001088
B1351311853199S04154951WA0099001088
B1351351853199S04154951WA0099001088
B1351391853199S04154950WA0099001088
B1351431853199S04154950WA0099001088
B1351471853199S04154950WA0099001088
B1351511853199S04154950WA0099001088
B1351551853199S04154950WA0099001088
B1351591853200S04154950WA0099001088
B1352031853200S04154950WA0099001088
B1352071853200S04154950WA0099001087
B1352111853200S04154950WA0099001087
B1352151853200S04154950WA0099001086
B1352191853199S04154950WA0099001086
B1352231853199S04154950WA0099001085
B1352271853199S04154949WA0099001085
B1352311853199S04154949WA0099001085
B1352351853200S04154949WA0099001085
B1352391853200S04154950WA0099001085
B1352431853200S04154950WA0099001085
B1352471853200S04154950WA0099001085
B1352511853199S04154949WA0099001085
B1352551853199S04154949WA0099001084
B1352591853199S04154949WA0099001084
B1353031853199S04154949WA0099001083
B1353071853199S04154949WA0099001083
B1353111853199S04154949WA0099001083
B1353151853199S04154949WA0099001083
B1353191853199S04154949WA0099001083
B1353231853199S04154949WA0099001083
B1353271853199S04154949WA0099001084
B1353311853199S04154949WA0099001084
B1353351853199S04154949WA0099001085
B1353391853200S04154950WA0099001086
B1353431853200S04154950WA0099001087
B1353471853200S04154950WA0099001087
B1353511853200S04154950WA0099001087
B1353551853200S04154950WA0099001088
B1353591853200S04154950WA0099001088
B1354031853200S04154950WA0099001088
B1354071853200S04154950WA0099001088
B1354111853200S04154950WA0099001088
B1354151853200S04154950WA0099001087
B1354191853200S04154950WA0099101087
B1354231853200S04154950WA0099001087
B1354271853200S04154950WA0099001087
B1354311853200S04154950WA0099001087
B1354351853200S04154950WA0099001086
B1354391853200S04154950WA0099001086
B1354431853200S04154950WA0099001086
B1354471853199S04154950WA0099101086
B1354511853200S04154950WA0099001086
B1354551853200S04154950WA0099001087
B1354591853200S04154951WA0099001088
B1355031853200S04154951WA0099001088
B1355071853200S04154951WA0099001089
B1355111853200S04154951WA0099001089
B1355151853200S04154951WA0099001090
B1355191853200S04154951WA0099001090
B1355231853200S04154951WA0099001090
B1355271853200S04154951WA0099001091
B1355311853201S04154951WA0099001091
B1355351853201S04154951WA0099001091
B1355391853201S04154951WA0099001091
B1355431853201S04154951WA0099001091
B1355471853201S04154952WA0099001092
B1355511853201S04154952WA0099001093
B1355551853201S04154952WA0099001093
B1355591853201S04154952WA0099001093
B1356031853201S04154952WA0099101093
B1356071853201S04154951WA0099101092
B1356111853200S04154951WA0099101092
B1356151853200S04154951WA0099001091
B1356191853200S04154951WA0099001091
B1356231853200S04154950WA0099101090
B1356271853200S04154950WA0099101089
B1356311853200S04154950WA0099101089
B1356351853200S04154950WA0099101090
B1356391853200S04154950WA0099101090
B1356431853200S04154950WA0099101091
B1356471853200S04154950WA0099101092
B1356511853201S04154950WA0099101092
B1356551853201S04154951WA0099101093
B1356591853201S04154951WA0099001093
B1357031853201S04154951WA0099001093
B1357071853201S04154951WA0099001093
B1357111853201S04154951WA0099101092
B1357151853201S04154951WA0099101092
B1357191853200S04154951WA0099101091
B1357231853200S04154951WA0099001091
B1357271853200S04154951WA0099101090
B1357311853200S04154951WA0099101090
B1357351853200S04154951WA0099101089
B1357391853200S04154951WA0099101089
B1357431853200S04154951WA0099101089
B1357471853200S04154951WA0099101088
B1357511853200S04154950WA0099101087
B1357551853200S04154950WA0099101086
B1357591853200S04154950WA0099101087
B1358031853200S04154950WA0099101087
B1358071853200S04154950WA0099101087
B1358111853200S04154950WA0099101087
B1358151853200S04154950WA0099101087
B1358191853200S04154950WA0099101087
B1358231853200S04154950WA0099101088
B1358271853200S04154950WA0099101088
B1358311853200S04154950WA0099101088
B1358351853200S04154950WA0099101089
B1358391853200S04154950WA0099101089
B1358431853200S04154950WA0099101089
B1358471853200S04154950WA0099101090
B1358511853200S04154950WA0099101090
B1358551853200S04154950WA0099101091
B1358591853201S04154950WA0099101091
B1359031853201S04154950WA0099101092
B1359071853201S04154950WA0099101092
B1359111853201S04154950WA0099101093
B1359151853201S04154950WA0099101093
B1359191853201S04154950WA0099101093
B1359231853201S04154950WA0099101093
B1359271853201S04154950WA0099101093
B1359311853201S04154950WA0099101094
B1359351853201S04154950WA0099101093
B1359391853201S04154950WA0099101093
B1359431853201S04154950WA0099101093
B1359471853201S04154950WA0099101093
B1359511853201S04154950WA0099101093
B1359551853201S04154950WA0099101093
B1359591853201S04154950WA0099101093
B1400031853201S04154950WA0099101093
B1400071853201S04154950WA0099101093
B1400111853201S04154950WA0099101093
B1400151853201S04154950WA0099101092
B1400191853201S04154949WA0099101092
B1400231853201S04154949WA0099101092
B1400271853201S04154949WA0099101093
B1400311853201S04154949WA0099101093
B1400351853201S04154949WA0099101093
B1400391853201S04154949WA0099101092
B1400431853201S04154949WA0099101092
B1400471853201S04154949WA0099101092
B1400511853201S04154949WA0099101092
B1400551853202S04154949WA0099101092
B1400591853202S04154949WA0099101092
B1401031853202S04154949WA0099101091
B1401071853202S04154949WA0099101091
B1401111853202S04154949WA0099101091
B1401151853202S04154949WA0099101090
B1401191853202S04154949WA0099101090
B1401231853202S04154949WA0099101090
B1401271853202S04154949WA0099101090
B1401311853202S04154949WA0099101089
B1401351853202S04154949WA0099101089
B1401391853202S04154949WA0099101089
B1401431853202S04154949WA0099101089
B1401471853201S04154949WA0099101088
B1401511853201S04154949WA0099101088
B1401551853201S04154949WA0099101089
B1401591853202S04154949WA0099101089
B1402031853202S04154949WA0099101090
B1402071853202S04154949WA0099101090
B1402111853202S04154950WA0099101091
B1402151853202S04154950WA0099201091
B1402191853202S04154950WA0099101091
B1402231853202S04154950WA0099101091
B1402271853202S04154950WA0099101092
B1402311853202S04154950WA0099101092
B1402351853202S04154950WA0099101092
B1402391853202S04154950WA0099101092
B1402431853202S04154950WA0099101092
B1402471853202S04154950WA0099101092
B1402511853202S04154950WA0099201092
B1402551853202S04154950WA0099201091
B1402591853202S04154950WA0099201091
B1403031853202S04154950WA0099201091
B1403071853202S04154950WA0099201091
B1403111853202S04154950WA0099201091
B1403151853202S04154950WA0099201091
B1403191853202S04154950WA0099201091
B1403231853202S04154950WA0099201090
B1403271853202S04154950WA0099201090
B1403311853202S04154950WA0099201090
B1403351853202S04154950WA0099201090
B1403391853202S04154950WA0099201090
B1403431853201S04154950WA0099201090
B1403471853201S04154949WA0099201090
B1403511853201S04154949WA0099201090
B1403551853201S04154949WA0099201090
B1403591853201S04154949WA0099201090
B1404031853201S04154949WA0099201090
B1404071853201S04154949WA0099201089
B1404111853201S04154949WA0099201089
B1404151853201S04154949WA0099201089
B1404191853201S04154949WA0099301089
B1404231853201S04154949WA0099201089
B1404271853200S04154949WA0099301089
B1404311853200S04154949WA0099201089
B1404351853200S04154949WA0099201088
B1404391853200S04154949WA0099201088
B1404431853200S04154949WA0099301088
B1404471853200S04154949WA0099301088
B1404511853201S04154949WA0099301089
B1404551853201S04154950WA0099301089
B1404591853201S04154950WA0099301089
B1405031853201S04154950WA0099201090
B1405071853201S04154950WA0099301090
B1405111853201S04154950WA0099301091
B1405151853201S04154950WA0099201092
B1405191853201S04154950WA0099301092
B1405231853202S04154950WA0099301093
B1405271853202S04154950WA0099301093
B1405311853202S04154950WA0099301094
B1405351853202S04154950WA0099301094
B1405391853202S04154950WA0099301094
B1405431853202S04154951WA0099301095
B1405471853202S04154951WA0099301095
B1405511853202S04154951WA0099301094
B1405551853202S04154951WA0099301094
B1405591853202S04154951WA0099301095
B1406031853202S04154951WA0099301095
B1406071853203S04154951WA0099301095
B1406111853203S04154951WA0099301096
B1406151853203S04154951WA0099301096
B1406191853203S04154951WA0099301096
B1406231853203S04154951WA0099301096
B1406271853203S04154951WA0099301096
B1406311853203S04154951WA0099301096
B1406351853203S04154951WA0099301096
B1406391853203S04154951WA0099301095
B1406431853203S04154951WA0099301095
B1406471853203S04154951WA0099301095
B1406511853202S04154951WA0099301095
B1406551853202S04154951WA0099301095
B1406591853202S04154951WA0099301094
B1407031853202S04154951WA0099301094
B1407071853202S04154951WA0099301094
B1407111853202S04154951WA0099301094
B1407151853202S04154951WA0099301093
B1407191853202S04154951WA0099301093
B1407231853202S04154951WA0099301093
B1407271853202S04154951WA0099301093
B1407311853202S04154951WA0099301093
B1407351853202S04154951WA0099301094
B1407391853202S04154951WA0099301094
B1407431853202S04154950WA0099301094
B1407471853202S04154950WA0099301094
B1407511853202S04154950WA0099301094
B1407551853202S04154950WA0099301093
B1407591853201S04154950WA0099301093
B1408031853201S04154950WA0099301093
B1408071853201S04154950WA0099301093
B1408111853201S04154950WA0099301093
B1408151853201S04154950WA0099301092
B1408191853201S04154950WA0099401092
B1408231853201S04154950WA0099301091
B1408271853201S04154950WA0099301091
B1408311853201S04154950WA0099301091
B1408351853201S04154950WA0099401091
B1408391853201S04154950WA0099401091
B1408431853201S04154950WA0099301091
B1408471853201S04154950WA0099401091
B1408511853201S04154950WA0099401091
B1408551853201S04154950WA0099401090
B1408591853201S04154950WA0099401090
B1409031853201S04154950WA0099401090
B1409071853201S04154950WA0099401090
B1409111853201S04154949WA0099401090
B1409151853201S04154949WA0099401090
B1409191853201S04154949WA0099401090
B1409231853201S04154949WA0099401090
B1409271853201S04154949WA0099401090
B1409311853201S04154949WA0099401090
B1409351853201S04154949WA0099401091
B1409391853201S04154949WA0099401091
B1409431853201S04154949WA0099401091
B1409471853201S04154949WA0099401090
B1409511853201S04154948WA0099401090
B1409551853201S04154948WA0099401089
B1409591853201S04154948WA0099401089
B1410031853201S04154948WA0099401089
B1410071853201S04154948WA0099401089
B1410111853201S04154948WA0099401088
B1410151853201S04154948WA0099401088
B1410191853201S04154948WA0099401088
B1410231853201S04154948WA0099401088
B1410271853201S04154948WA0099401088
B1410311853201S04154948WA0099401088
B1410351853201S04154948WA0099401088
B1410391853201S04154948WA0099401089
B1410431853201S04154948WA0099401090
B1410471853201S04154949WA0099401091
B1410511853201S04154949WA0099401091
B1410551853201S04154949WA0099401092
B1410591853201S04154949WA0099401092
B1411031853202S04154949WA0099401092
B1411071853202S04154949WA0099401092
B1411111853202S04154949WA0099401092
B1411151853202S04154950WA0099401092
B1411191853202S04154950WA0099401092
B1411231853202S04154950WA0099401092
B1411271853202S04154949WA0099401092
B1411311853202S04154949WA0099401092
B1411351853202S04154949WA0099401091
B1411391853202S04154949WA0099401091
B1411431853202S04154949WA0099401090
B1411471853202S04154949WA0099401090
B1411511853202S04154949WA0099401090
B1411551853201S04154949WA0099401090
B1411591853201S04154949WA0099401090
B1412031853201S04154948WA0099401089
B1412071853201S04154948WA0099401090
B1412111853201S04154948WA0099401090
B1412151853201S04154948WA0099401089
B1412191853201S04154948WA0099401089
B1412231853201S04154948WA0099401089
B1412271853201S04154947WA0099401089
B1412311853201S04154947WA0099401089
B1412351853201S04154947WA0099401088
B1412391853201S04154947WA0099401088
B1412431853201S04154947WA0099401088
B1412471853202S04154947WA0099401088
B1412511853202S04154947WA0099401087
B1412551853202S04154948WA0099401087
B1412591853202S04154948WA0099401087
B1413031853201S04154948WA0099401086
B1413071853201S04154948WA0099401087
B1413111853201S04154949WA0099401087
B1413151853201S04154949WA0099401088
B1413191853201S04154949WA0099401089
B1413231853201S04154949WA0099401089
B1413271853201S04154949WA0099401089
B1413311853201S04154950WA0099401089
B1413351853201S04154950WA0099401090
B1413391853201S04154950WA0099401090
B1413431853201S04154950WA0099401089
B1413471853201S04154950WA0099401089
B1413511853201S04154950WA0099401089
B1413551853201S04154950WA0099401089
B1413591853201S04154951WA0099401089
B1414031853201S04154951WA0099401089
B1414071853201S04154951WA0099401088
B1414111853201S04154951WA0099401088
B1414151853201S04154951WA0099401088
B1414191853201S04154951WA0099401087
B1414231853201S04154951WA0099401086
B1414271853201S04154951WA0099401085
B1414311853201S04154951WA0099401085
B1414351853201S04154951WA0099401084
B1414391853201S04154951WA0099401084
B1414431853200S04154952WA0099401083
B1414471853200S04154952WA0099401082
B1414511853200S04154952WA0099401082
B1414551853200S04154952WA0099401082
B1414591853200S04154952WA0099401081
B1415031853200S04154952WA0099401080
B1415071853200S04154952WA0099401080
B1415111853200S04154952WA0099401080
B1415151853200S04154952WA0099401080
B1415191853200S04154952WA0099401081
B1415231853200S04154952WA0099401081
B1415271853200S04154953WA0099401080
B1415311853200S04154953WA0099401080
B1415351853200S04154953WA0099401080
B1415391853200S04154953WA0099401080
B1415431853200S04154953WA0099401080
B1415471853200S04154953WA0099501080
B1415511853200S04154953WA0099501080
B1415551853200S04154953WA0099501080
B1415591853200S04154953WA0099501080
B1416031853200S04154953WA0099501079
B1416071853200S04154953WA0099501080
B1416111853200S04154953WA0099501080
B1416151853200S04154952WA0099501080
B1416191853200S04154952WA0099501079
B1416231853200S04154952WA0099501079
B1416271853200S04154952WA0099501079
B1416311853200S04154953WA0099501078
B1416351853200S04154953WA0099501078
B1416391853200S04154953WA0099501077
B1416431853200S04154952WA0099501077
B1416471853200S04154952WA0099501077
B1416511853200S04154952WA0099501077
B1416551853201S04154951WA0099501078
B1416591853201S04154951WA0099501077
B1417031853201S04154951WA0099501077
B1417071853201S04154950WA0099501077
B1417111853201S04154950WA0099501076
B1417151853201S04154950WA0099501076
B1417191853201S04154950WA0099501076
B1417231853201S04154950WA0099501076
B1417271853201S04154950WA0099501076
B1417311853201S04154950WA0099501076
B1417351853201S04154950WA0099501076
B1417391853201S04154950WA0099501076
B1417431853201S04154949WA0099501076
B1417471853201S04154949WA0099501076
B1417511853201S04154949WA0099501076
B1417551853201S04154949WA0099501076
B1417591853201S04154949WA0099501076
B1418031853201S04154949WA0099501076
B1418071853201S04154949WA0099501076
B1418111853201S04154949WA0099501076
B1418151853201S04154949WA0099501076
B1418191853201S04154949WA0099501077
B1418231853201S04154949WA0099401077
B1418271853201S04154949WA0099501077
B1418311853201S04154949WA0099501077
B1418351853201S04154949WA0099501078
B1418391853201S04154949WA0099501078
B1418431853201S04154949WA0099501079
B1418471853201S04154950WA0099401079
B1418511853201S04154950WA0099501079
B1418551853201S04154950WA0099501079
B1418591853201S04154950WA0099501080
B1419031853201S04154950WA0099501080
B1419071853201S04154950WA0099501080
B1419111853202S04154950WA0099501081
B1419151853202S04154950WA0099501081
B1419191853202S04154950WA0099501082
B1419231853202S04154950WA0099501082
B1419271853202S04154950WA0099501082
B1419311853202S04154950WA0099501082
B1419351853202S04154950WA0099501082
B1419391853202S04154950WA0099501083
B1419431853202S04154950WA0099501083
B1419471853202S04154950WA0099501083
B1419511853202S04154950WA0099501084
B1419551853202S04154951WA0099501084
B1419591853202S04154951WA0099501084
B1420031853202S04154951WA0099501084
B1420071853202S04154951WA0099501084
B1420111853202S04154951WA0099501085
B1420151853202S04154951WA0099501085
B1420191853202S04154951WA0099501085
B1420231853202S04154951WA0099501085
B1420271853202S04154951WA0099501084
B1420311853202S04154951WA0099501084
B1420351853202S04154951WA0099501084
B1420391853202S04154951WA0099501084
B1420431853202S04154951WA0099501083
B1420471853202S04154951WA0099501083
B1420511853202S04154951WA0099501083
B1420551853202S04154951WA0099501083
B1420591853202S04154951WA0099501083
B1421031853202S04154951WA0099501083
B1421071853202S04154951WA0099501083
B1421111853202S04154951WA0099501084
B1421151853202S04154950WA0099501084
B1421191853202S04154950WA0099501084
B1421231853202S04154950WA0099501084
B1421271853202S04154950WA0099501083
B1421311853201S04154950WA0099501083
B1421351853201S04154950WA0099501083
B1421391853202S04154950WA0099501083
B1421431853202S04154950WA0099501083
B1421471853202S04154950WA0099501082
B1421511853202S04154950WA0099501083
B1421551853202S04154950WA0099501083
B1421591853202S04154950WA0099501083
B1422031853202S04154950WA0099501083
B1422071853202S04154950WA0099501083
B1422111853202S04154950WA0099501084
B1422151853202S04154950WA0099501084
B1422191853202S04154950WA0099501085
B1422231853202S04154950WA0099501085
B1422271853202S04154950WA0099501085
B1422311853202S04154950WA0099601085
B1422351853202S04154950WA0099601084
B1422391853202S04154950WA0099501084
B1422431853202S04154950WA0099501084
B1422471853202S04154951WA0099501083
B1422511853201S04154951WA0099501082
B1422551853202S04154951WA0099601082
B1422591853202S04154951WA0099501082
B1423031853202S04154951WA0099501082
B1423071853202S04154951WA0099501082
B1423111853202S04154951WA0099601082
B1423151853202S04154951WA0099501083
B1423191853202S04154951WA0099501083
B1423231853202S04154950WA0099601084
B1423271853202S04154950WA0099501084
B1423311853202S04154950WA0099501084
B1423351853202S04154951WA0099501084
B1423391853202S04154951WA0099601083
B1423431853202S04154951WA0099601083
B1423471853202S04154951WA0099601083
B1423511853202S04154951WA0099601082
B1423551853202S04154951WA0099501082
B1423591853202S04154951WA0099501081
B1424031853202S04154951WA0099501081
B1424071853202S04154951WA0099501080
B1424111853202S04154951WA0099501080
B1424151853202S04154951WA0099501079
B1424191853202S04154951WA0099601079
B1424231853202S04154951WA0099501079
B1424271853202S04154951WA0099501079
B1424311853202S04154951WA0099601080
B1424351853202S04154951WA0099601080
B1424391853203S04154951WA0099601080
B1424431853203S04154951WA0099501080
B1424471853203S04154951WA0099601080
B1424511853203S04154952WA0099601080
B1424551853203S04154952WA0099501079
B1424591853203S04154952WA0099501079
B1425031853203S04154952WA0099501079
B1425071853203S04154952WA0099501079
B1425111853203S04154952WA0099501079
B1425151853203S04154952WA0099501079
B1425191853203S04154952WA0099501079
B1425231853203S04154952WA0099501079
B1425271853203S04154952WA0099501079
B1425311853203S04154952WA0099501079
B1425351853203S04154951WA0099601079
B1425391853203S04154951WA0099601079
B1425431853203S04154951WA0099601079
B1425471853203S04154951WA0099501079
B1425511853203S04154951WA0099501079
B1425551853203S04154951WA0099501080
B1425591853203S04154951WA0099501080
B1426031853203S04154951WA0099501080
B1426071853203S04154951WA0099501080
B1426111853203S04154951WA0099501080
B1426151853203S04154950WA0099501080
B1426191853203S04154950WA0099501080
B1426231853202S04154950WA0099501080
B1426271853202S04154950WA0099501080
B1426311853202S04154950WA0099501080
B1426351853202S04154950WA0099501079
B1426391853202S04154950WA0099501079
B1426431853202S04154950WA0099501079
B1426471853201S04154950WA0099601078
B1426511853201S04154951WA0099501078
B1426551853201S04154951WA0099501078
B1426591853201S04154950WA0099501077
B1427031853201S04154950WA0099501077
B1427071853201S04154950WA0099501077
B1427111853201S04154950WA0099501077
B1427151853201S04154950WA0099501077
B1427191853201S04154950WA0099501077
B1427231853201S04154950WA0099501077
B1427271853201S04154950WA0099501077
B1427311853201S04154950WA0099501077
B1427351853201S04154950WA0099501077
B1427391853201S04154950WA0099501077
B1427431853201S04154950WA0099601077
B1427471853201S04154950WA0099501077
B1427511853201S04154951WA0099501077
B1427551853201S04154951WA0099501077
B1427591853201S04154951WA0099501078
B1428031853201S04154951WA0099501078
B1428071853201S04154951WA0099501078
B1428111853201S04154951WA0099501079
B1428151853201S04154951WA0099501079
B1428191853201S04154951WA0099501080
B1428231853202S04154951WA0099501080
B1428271853202S04154951WA0099501080
B1428311853202S04154951WA0099501081
B1428351853202S04154951WA0099501081
B1428391853202S04154951WA0099501081
B1428431853203S04154951WA0099501081
B1428471853202S04154951WA0099501082
B1428511853202S04154951WA0099501081
B1428551853203S04154951WA0099501081
B1428591853203S04154951WA0099601081
B1429031853203S04154951WA0099501081
B1429071853203S04154951WA0099501081
B1429111853203S04154952WA0099601081
B1429151853203S04154952WA0099501082
B1429191853203S04154952WA0099501082
B1429231853203S04154952WA0099501082
B1429271853203S04154952WA0099501082
B1429311853203S04154952WA0099501082
B1429351853203S04154952WA0099501082
B1429391853203S04154952WA0099501082
B1429431853203S04154952WA0099501083
B1429471853203S04154952WA0099501083
B1429511853203S04154952WA0099501083
B1429551853203S04154952WA0099501083
B1429591853203S04154952WA0099501082
B1430031853203S04154952WA0099501082
B1430071853203S04154952WA0099501082
B1430111853203S04154952WA0099501081
B1430151853203S04154952WA0099501081
B1430191853203S04154952WA0099501081
B1430231853203S04154952WA0099501081
B1430271853203S04154952WA0099601081
B1430311853203S04154952WA0099501081
B1430351853203S04154952WA0099501081
B1430391853203S04154952WA0099501081
B1430431853203S04154952WA0099601081
B1430471853203S04154952WA0099501081
B1430511853203S04154951WA0099501081
B1430551853203S04154951WA0099501082
B1430591853203S04154951WA0099501082
B1431031853203S04154951WA0099501082
B1431071853203S04154951WA0099501082
B1431111853203S04154951WA0099501082
B1431151853203S04154951WA0099501082
B1431191853203S04154951WA0099501082
B1431231853202S04154951WA0099601082
B1431271853202S04154951WA0099501082
B1431311853202S04154951WA0099501082
B1431351853202S04154951WA0099501082
B1431391853202S04154951WA0099501082
B1431431853202S04154951WA0099501082
B1431471853202S04154951WA0099501082
B1431511853202S04154951WA0099501082
B1431551853202S04154952WA0099501081
B1431591853202S04154952WA0099501081
B1432031853202S04154952WA0099501081
B1432071853202S04154952WA0099501080
B1432111853202S04154952WA0099501080
B1432151853202S04154951WA0099501081
B1432191853202S04154951WA0099501081
B1432231853202S04154951WA0099501081
B1432271853202S04154951WA0099501081
B1432311853202S04154951WA0099501081
B1432351853202S04154951WA0099501082
B1432391853202S04154951WA0099501082
B1432431853202S04154951WA0099501081
B1432471853202S04154951WA0099501081
B1432511853202S04154951WA0099501081
B1432551853202S04154951WA0099501080
B1432591853201S04154951WA0099501079
B1433031853201S04154951WA0099501079
B1433071853201S04154951WA0099501078
B1433111853201S04154951WA0099501077
B1433151853201S04154951WA0099601077
B1433191853201S04154952WA0099601077
B1433231853201S04154951WA0099501077
B1433271853201S04154951WA0099501077
B1433311853201S04154951WA0099601077
B1433351853201S04154951WA0099501077
B1433391853201S04154951WA0099601077
B1433431853202S04154951WA0099501077
B1433471853202S04154951WA0099501077
B1433511853202S04154951WA0099601078
B1433551853202S04154951WA0099501077
B1433591853202S04154951WA0099501077
B1434031853202S04154951WA0099601077
B1434071853202S04154951WA0099601077
B1434111853202S04154951WA0099601076
B1434151853202S04154952WA0099601076
B1434191853202S04154952WA0099601075
B1434231853202S04154952WA0099601075
B1434271853202S04154952WA0099501074
B1434311853202S04154952WA0099501074
B1434351853202S04154952WA0099601074
B1434391853202S04154952WA0099501074
B1434431853202S04154952WA0099601074
B1434471853202S04154952WA0099501074
B1434511853202S04154952WA0099501074
B1434551853202S04154952WA0099501075
B1434591853202S04154952WA0099501075
B1435031853202S04154952WA0099501076
B1435071853202S04154952WA0099601076
B1435111853202S04154952WA0099501076
B1435151853202S04154952WA0099501077
B1435191853202S04154952WA0099501077
B1435231853202S04154952WA0099601077
B1435271853202S04154952WA0099601078
B1435311853202S04154952WA0099601078
B1435351853202S04154952WA0099601079
B1435391853202S04154951WA0099601079
B1435431853202S04154951WA0099601080
B1435471853202S04154951WA0099601080
B1435511853202S04154951WA0099601080
B1435551853202S04154951WA0099601080
B1435591853202S04154951WA0099601080
B1436031853202S04154951WA0099601080
B1436071853202S04154951WA0099601080
B1436111853202S04154951WA0099601081
B1436151853202S04154951WA0099601081
B1436191853202S04154951WA0099601081
B1436231853202S04154951WA0099601082
B1436271853202S04154951WA0099601082
B1436311853202S04154951WA0099601083
B1436351853202S04154951WA0099601083
B1436391853202S04154951WA0099601083
B1436431853202S04154951WA0099601083
B1436471853202S04154951WA0099601084
B1436511853202S04154951WA0099601084
B1436551853202S04154951WA0099601083
B1436591853202S04154952WA0099601083
B1437031853202S04154952WA0099601083
B1437071853202S04154952WA0099601083
B1437111853202S04154952WA0099601082
B1437151853202S04154952WA0099601082
B1437191853202S04154952WA0099601082
B1437231853202S04154952WA0099601081
B1437271853203S04154952WA0099601081
B1437311853203S04154952WA0099601081
B1437351853203S04154952WA0099601081
B1437391853203S04154952WA0099601081
B1437431853203S04154952WA0099601081
B1437471853203S04154952WA0099601081
B1437511853203S04154952WA0099601080
B1437551853203S04154952WA0099601080
B1437591853203S04154952WA0099601080
B1438031853203S04154952WA0099601080
B1438071853203S04154952WA0099601080
B1438111853203S04154952WA0099601080
B1438151853203S04154952WA0099601080
B1438191853203S04154952WA0099601080
B1438231853203S04154952WA0099601080
B1438271853203S04154952WA0099601080
B1438311853203S04154952WA0099601079
B1438351853204S04154952WA0099601079
B1438391853204S04154952WA0099601079
B1438431853204S04154952WA0099601079
B1438471853204S04154952WA0099601079
B1438511853204S04154952WA0099601079
B1438551853204S04154952WA0099601079
B1438591853204S04154952WA0099601078
B1439031853204S04154952WA0099601078
B1439071853204S04154952WA0099601079
B1439111853204S04154952WA0099601078
B1439151853204S04154952WA0099601078
B1439191853204S04154952WA0099601078
B1439231853204S04154952WA0099601078
B1439271853203S04154952WA0099601078
B1439311853203S04154952WA0099601077
B1439351853203S04154952WA0099701077
B1439391853203S04154952WA0099701077
B1439431853203S04154951WA0099601076
B1439471853203S04154951WA0099601077
B1439511853203S04154952WA0099601077
B1439551853203S04154952WA0099601077
B1439591853203S04154952WA0099601077
B1440031853203S04154952WA0099601077
B1440071853203S04154952WA0099601077
B1440111853203S04154952WA0099601077
B1440151853203S04154951WA0099601078
B1440191853203S04154951WA0099601079
B1440231853202S04154951WA0099601079
B1440271853202S04154951WA0099601079
B1440311853202S04154951WA0099601080
B1440351853202S04154951WA0099601080
B1440391853202S04154951WA0099601080
B1440431853202S04154951WA0099601080
B1440471853202S04154951WA0099601080
B1440511853202S04154951WA0099601080
B1440551853202S04154951WA0099601080
B1440591853202S04154952WA0099601080
B1441031853202S04154952WA0099601080
B1441071853202S04154952WA0099601080
B1441111853202S04154952WA0099601080
B1441151853202S04154952WA0099601080
B1441191853201S04154952WA0099601080
B1441231853202S04154952WA0099601080
B1441271853201S04154952WA0099601080
B1441311853201S04154952WA0099601079
B1441351853201S04154951WA0099601079
B1441391853201S04154951WA0099601079
B1441431853201S04154951WA0099601079
B1441471853201S04154951WA0099601079
B1441511853201S04154951WA0099601079
B1441551853201S04154951WA0099601078
B1441591853201S04154951WA0099601077
B1442031853201S04154951WA0099601078
B1442071853201S04154951WA0099601078
B1442111853201S04154951WA0099601078
B1442151853201S04154951WA0099601079
B1442191853201S04154950WA0099601079
B1442231853201S04154950WA0099601079
B1442271853201S04154950WA0099601079
B1442311853201S04154950WA0099601079
B1442351853201S04154950WA0099601078
B1442391853201S04154951WA0099601078
B1442431853201S04154951WA0099601078
B1442471853201S04154951WA0099601077
B1442511853201S04154951WA0099601077
B1442551853201S04154951WA0099601076
B1442591853201S04154951WA0099601075
B1443031853201S04154951WA0099601075
B1443071853201S04154951WA0099601074
B1443111853201S04154951WA0099601073
B1443151853201S04154951WA0099601073
B1443191853201S04154951WA0099601074
B1443231853201S04154951WA0099601074
B1443271853201S04154951WA0099601074
B1443311853201S04154951WA0099601075
B1443351853202S04154951WA0099601075
B1443391853202S04154951WA0099601075
B1443431853202S04154951WA0099701075
B1443471853202S04154951WA0099601075
B1443511853202S04154951WA0099701075
B1443551853202S04154951WA0099601075
B1443591853202S04154951WA0099601076
B1444031853202S04154951WA0099601076
B1444071853202S04154951WA0099601076
B1444111853202S04154951WA0099601077
B1444151853202S04154951WA0099601077
B1444191853202S04154951WA0099601078
B1444231853202S04154951WA0099601078
B1444271853202S04154951WA0099601079
B1444311853202S04154951WA0099601079
B1444351853202S04154951WA0099601079
B1444391853202S04154951WA0099601080
B1444431853202S04154950WA0099701081
B1444471853202S04154950WA0099601082
B1444511853202S04154950WA0099701083
B1444551853202S04154950WA0099601083
B1444591853202S04154950WA0099701084
B1445031853202S04154949WA0099601084
B1445071853202S04154949WA0099701085
B1445111853202S04154949WA0099701085
B1445151853202S04154949WA0099701085
B1445191853202S04154949WA0099701085
B1445231853202S04154949WA0099701085
B1445271853202S04154949WA0099701085
B1445311853202S04154949WA0099701085
B1445351853202S04154950WA0099701084
B1445391853202S04154950WA0099701084
B1445431853202S04154950WA0099701083
B1445471853202S04154950WA0099701082
B1445511853202S04154950WA0099701082
B1445551853202S04154951WA0099701082
B1445591853202S04154951WA0099701082
B1446031853202S04154951WA0099701081
B1446071853202S04154950WA0099701082
B1446111853202S04154950WA0099701082
B1446151853202S04154950WA0099701083
B1446191853202S04154950WA0099701084
B1446231853202S04154950WA0099701085
B1446271853202S04154949WA0099701086
B1446311853201S04154949WA0099701087
B1446351853201S04154949WA0099701087
B1446391853201S04154949WA0099701088
B1446431853202S04154949WA0099701088
B1446471853202S04154949WA0099701088
B1446511853202S04154949WA0099701088
B1446551853202S04154949WA0099701089
B1446591853201S04154949WA0099701089
B1447031853201S04154949WA0099701089
B1447071853201S04154949WA0099701089
B1447111853201S04154949WA0099701088
B1447151853201S04154949WA0099701088
B1447191853201S04154949WA0099701087
B1447231853201S04154950WA0099701087
B1447271853202S04154950WA0099701086
B1447311853202S04154950WA0099701086
B1447351853202S04154950WA0099701085
B1447391853202S04154950WA0099701084
B1447431853202S04154950WA0099601084
B1447471853202S04154950WA0099701084
B1447511853202S04154950WA0099701084
B1447551853202S04154950WA0099701083
B1447591853202S04154950WA0099701084
B1448031853202S04154950WA0099601083
B1448071853202S04154950WA0099701083
B1448111853202S04154950WA0099701083
B1448151853202S04154950WA0099701083
B1448191853202S04154951WA0099701083
B1448231853203S04154951WA0099701083
B1448271853203S04154951WA0099701083
B1448311853203S04154951WA0099701083
B1448351853203S04154951WA0099701083
B1448391853203S04154951WA0099701083
B1448431853202S04154951WA0099701083
B1448471853202S04154951WA0099701083
B1448511853202S04154951WA0099701083
B1448551853202S04154951WA0099701083
B1448591853202S04154951WA0099701083
B1449031853202S04154951WA0099701083
B1449071853202S04154951WA0099701084
B1449111853203S04154951WA0099701084
B1449151853203S04154951WA0099701085
B1449191853203S04154951WA0099701085
B1449231853203S04154951WA0099701085
B1449271853203S04154951WA0099701086
B1449311853203S04154951WA0099701086
B1449351853203S04154951WA0099701086
B1449391853203S04154951WA0099701085
B1449431853203S04154951WA0099701085
B1449471853203S04154951WA0099701085
B1449511853203S04154951WA0099701084
B1449551853203S04154951WA0099701084
B1449591853203S04154951WA0099701084
B1450031853203S04154951WA0099701084
B1450071853202S04154951WA0099701084
B1450111853202S04154951WA0099701084
B1450151853202S04154951WA0099701085
B1450191853202S04154951WA0099701085
B1450231853202S04154951WA0099701085
B1450271853202S04154951WA0099801085
B1450311853202S04154951WA0099501085
B1450351853202S04154951WA0099801084
B1450391853202S04154951WA0099801084
B1450431853202S04154951WA0099801082
B1450471853202S04154951WA0099801082
B1450511853202S04154952WA0099801081
B1450551853202S04154952WA0099801080
B1450591853203S04154952WA0099801079
B1451031853203S04154952WA0099701079
B1451071853203S04154952WA0099801079
B1451111853203S04154951WA0099801079
B1451151853203S04154951WA0099701079
B1451191853203S04154951WA0099701079
B1451231853203S04154951WA0099701079
B1451271853203S04154951WA0099701079
B1451311853203S04154951WA0099701079
B1451351853203S04154951WA0099701079
B1451391853203S04154951WA0099701080
B1451431853203S04154951WA0099801081
B1451471853203S04154951WA0099801081
B1451511853203S04154951WA0099801081
B1451551853203S04154951WA0099801081
B1451591853203S04154951WA0099801082
B1452031853203S04154951WA0099801082
B1452071853203S04154951WA0099701082
B1452111853203S04154951WA0099901082
B1452151853203S04154951WA0099801082
B1452191853203S04154951WA0099701082
B1452231853203S04154951WA0099801082
B1452271853203S04154950WA0099801083
B1452311853203S04154950WA0099801083
B1452351853203S04154950WA0099801084
B1452391853203S04154950WA0099701086
B1452431853203S04154949WA0099701088
B1452471853203S04154949WA0099801089
B1452511853203S04154949WA0099801090
B1452551853202S04154950WA0099801090
B1452591853202S04154950WA0099801091
B1453031853202S04154950WA0099801092
B1453071853202S04154950WA0099801092
B1453111853202S04154950WA0099701092
B1453151853202S04154950WA0099701092
B1453191853202S04154950WA0099701092
B1453231853202S04154950WA0099701092
B1453271853202S04154950WA0099701093
B1453311853202S04154950WA0099801092
B1453351853202S04154950WA0099801092
B1453391853202S04154950WA0099801091
B1453431853202S04154950WA0099801091
B1453471853202S04154950WA0099801092
B1453511853202S04154950WA0099801092
B1453551853202S04154950WA0099701092
B1453591853202S04154950WA0099701093
B1454031853202S04154950WA0099701094
B1454071853202S04154950WA0099701094
B1454111853202S04154950WA0099801094
B1454151853202S04154950WA0099801095
B1454191853202S04154950WA0099801095
B1454231853202S04154949WA0099801095
B1454271853202S04154949WA0099801095
B1454311853202S04154949WA0099801095
B1454351853202S04154949WA0099801095
B1454391853202S04154949WA0099801096
B1454431853202S04154949WA0099801095
B1454471853202S04154949WA0099801096
B1454511853202S04154949WA0099801097
B1454551853201S04154950WA0099801098
B1454591853201S04154950WA0099801097
B1455031853201S04154950WA0099801096
B1455071853201S04154950WA0099801097
B1455111853201S04154949WA0099801096
B1455151853201S04154950WA0099801095
B1455191853202S04154950WA0099901094
B1455231853202S04154950WA0099801091
B1455271853202S04154950WA0099901091
B1455311853202S04154950WA0099801090
B1455351853202S04154950WA0099901090
B1455391853202S04154949WA0099801090
B1455431853203S04154949WA0099801091
B1455471853203S04154949WA0099801091
B1455511853203S04154949WA0099801092
B1455551853203S04154949WA0099801091
B1455591853203S04154949WA0099801091
B1456031853203S04154950WA0099801090
B1456071853203S04154950WA0099801090
B1456111853203S04154950WA0099801090
B1456151853203S04154950WA0099801090
B1456191853204S04154951WA0099801090
B1456231853204S04154950WA0099801089
B1456271853204S04154950WA0099801089
B1456311853204S04154950WA0099801088
B1456351853204S04154951WA0099801087
B1456391853204S04154951WA0099801086
B1456431853203S04154951WA0099901086
B1456471853204S04154951WA0099801087
B1456511853203S04154951WA0099801087
B1456551853203S04154951WA0099801086
B1456591853203S04154951WA0099801085
B1457031853203S04154951WA0099801086
B1457071853202S04154951WA0099801086
B1457111853203S04154951WA0099801087
B1457151853203S04154951WA0099801088
B1457191853203S04154951WA0099801089
B1457231853203S04154950WA0099801089
B1457271853203S04154950WA0099801089
B1457311853203S04154950WA0099801090
B1457351853203S04154950WA0099801090
B1457391853203S04154950WA0099801090
B1457431853203S04154949WA0099801091
B1457471853202S04154949WA0099801091
B1457511853202S04154949WA0099801090
B1457551853202S04154949WA0099801091
B1457591853202S04154949WA0099801089
B1458031853202S04154949WA0099801089
B1458071853202S04154950WA0099801088
B1458111853203S04154950WA0099801088
B1458151853203S04154950WA0099801088
B1458191853203S04154950WA0099801087
B1458231853203S04154950WA0099801087
B1458271853202S04154949WA0099801087
B1458311853202S04154949WA0099801088
B1458341853202S04154949WA0099801088
B1458381853202S04154948WA0099801088
B1458421853202S04154948WA0099801089
B1458461853202S04154948WA0099901089
B1458501853202S04154948WA0099901089
B1458541853202S04154948WA0099901089
B1458581853202S04154948WA0099901090
B1459021853202S04154948WA0099901089
B1459061853202S04154948WA0099901090
B1459101853202S04154948WA0099901090
B1459141853202S04154948WA0099901090
B1459181853202S04154948WA0099801090
B1459221853202S04154948WA0099901090
B1459261853202S04154948WA0099801091
B1459301853202S04154948WA0099801091
B1459341853202S04154949WA0099801092
B1459381853202S04154949WA0099901091
B1459421853203S04154949WA0099901091
B1459461853203S04154949WA0099801091
B1459501853203S04154949WA0099801091
B1459541853203S04154949WA0099801090
B1459581853203S04154949WA0099801090
B1500021853203S04154948WA0099801089
B1500061853202S04154946WA0099801089
B1500101853201S04154944WA0099901087
B1500141853199S04154943WA0099901087
B1500181853198S04154942WA0099901086
B1500221853196S04154941WA0099901085
B1500261853194S04154940WA0099901083
B1500301853195S04154939WA0099901084
B1500341853194S04154937WA0099801083
B1500381853194S04154937WA0099801084
B1500421853194S04154936WA0099701085
B1500461853194S04154936WA0099801086
B1500501853194S04154933WA0099701086
B1500541853195S04154931WA0099601084
B1500581853195S04154929WA0099601083
B1501021853195S04154927WA0099501083
B1501061853195S04154926WA0099501083
B1501101853195S04154926WA0099501082
B1501141853195S04154925WA0099501082
B1501181853196S04154926WA0099501081
B1501221853196S04154926WA0099501080
B1501261853196S04154925WA0099501080
B1501301853196S04154926WA0099501081
B1501341853196S04154925WA0099501081
B1501381853196S04154926WA0099501081
B1501421853195S04154926WA0099501080
B1501461853196S04154926WA0099501080
B1501501853196S04154926WA0099501080
B1501541853196S04154926WA0099501081
B1501581853196S04154926WA0099501080
B1502021853196S04154926WA0099501080
B1502061853196S04154926WA0099501080
B1502101853196S04154926WA0099501079
B1502141853196S04154925WA0099501080
B1502181853196S04154925WA0099501080
B1502221853196S04154925WA0099501080
B1502261853196S04154926WA0099501079
B1502301853196S04154926WA0099501079
B1502341853196S04154926WA0099501079
B1502381853196S04154925WA0099601079
B1502421853195S04154924WA0099501079
B1502461853195S04154923WA0099501079
B1502501853195S04154921WA0099501080
B1502541853195S04154921WA0099501080
B1502581853195S04154921WA0099501081
B1503021853195S04154921WA0099501081
B1503061853195S04154921WA0099501081
B1503101853195S04154921WA0099501081
B1503141853195S04154920WA0099501082
B1503181853195S04154920WA0099501083
B1503221853195S04154920WA0099501082
B1503261853195S04154920WA0099501082
B1503301853195S04154920WA0099501081
B1503341853196S04154920WA0099501081
B1503381853196S04154921WA0099501080
B1503421853196S04154921WA0099501080
B1503461853196S04154921WA0099501080
B1503501853195S04154921WA0099501080
B1503541853196S04154921WA0099501080
B1503581853196S04154921WA0099501079
B1504021853195S04154921WA0099501079
B1504061853195S04154921WA0099501079
B1504101853195S04154921WA0099501079
B1504141853195S04154922WA0099501079
B1504181853195S04154922WA0099501078
B1504221853196S04154922WA0099501078
B1504261853196S04154922WA0099501078
B1504301853196S04154922WA0099501078
B1504341853196S04154921WA0099501078
B1504381853196S04154921WA0099501079
B1504421853196S04154921WA0099501079
B1504461853196S04154921WA0099501079
B1504501853196S04154921WA0099601079
B1504541853196S04154921WA0099601079
B1504581853196S04154921WA0099501079
B1505021853196S04154921WA0099501078
B1505061853196S04154921WA0099501079
B1505101853196S04154921WA0099601079
B1505141853196S04154921WA0099601079
B1505181853196S04154921WA0099601079
B1505221853196S04154921WA0099601079
B1505261853195S04154921WA0099601079
B1505301853195S04154921WA0099601081
B1505341853195S04154921WA0099601081
B1505381853195S04154921WA0099601080
B1505421853195S04154921WA0099601080
B1505461853195S04154921WA0099601080
B1505501853195S04154921WA0099601080
B1505541853195S04154921WA0099601080
B1505581853195S04154922WA0099601080
B1506021853195S04154922WA0099601080
B1506061853195S04154922WA0099601080
B1506101853195S04154922WA0099601080
B1506141853195S04154922WA0099601080
B1506181853195S04154922WA0099601080
B1506221853195S04154922WA0099601079
B1506261853195S04154923WA0099601078
B1506301853195S04154923WA0099601078
B1506341853195S04154923WA0099601078
B1506381853195S04154923WA0099601078
B1506421853195S04154923WA0099601077
B1506461853194S04154924WA0099601078
B1506501853193S04154924WA0099501079
B1506541853193S04154924WA0099601080
B1506581853193S04154924WA0099601080
B1507021853193S04154923WA0099501080
B1507061853192S04154923WA0099501081
B1507101853191S04154922WA0099501082
B1507141853190S04154922WA0099501083
B1507181853189S04154921WA0099501084
B1507221853189S04154921WA0099501084
B1507261853189S04154921WA0099401085
B1507301853189S04154921WA0099501085
B1507341853189S04154920WA0099501085
B1507381853189S04154921WA0099401084
B1507421853190S04154920WA0099401085
B1507461853190S04154920WA0099501084
B1507501853189S04154920WA0099501084
B1507541853189S04154920WA0099501085
B1507581853189S04154920WA0099501085
B1508021853189S04154920WA0099401085
B1508061853189S04154920WA0099501085
B1508101853189S04154920WA0099401085
B1508141853189S04154920WA0099401086
B1508181853189S04154920WA0099501086
B1508221853189S04154920WA0099401086
B1508261853189S04154919WA0099501087
B1508301853189S04154919WA0099501087
B1508341853189S04154919WA0099501088
B1508381853189S04154918WA0099501088
B1508421853189S04154919WA0099501088
B1508461853189S04154919WA0099501088
B1508501853189S04154919WA0099501087
B1508541853189S04154919WA0099501086
B1508581853189S04154919WA0099501086
B1509021853188S04154920WA0099501086
B1509061853188S04154921WA0099501086
B1509101853189S04154921WA0099501086
B1509141853189S04154921WA0099501087
B1509181853188S04154921WA0099501087
B1509221853188S04154922WA0099501087
B1509261853188S04154922WA0099501088
B1509301853188S04154922WA0099501087
B1509341853189S04154922WA0099501087
B1509381853189S04154922WA0099501087
B1509421853189S04154922WA0099501087
B1509461853189S04154922WA0099501088
B1509501853189S04154922WA0099501088
B1509541853189S04154921WA0099501088
B1509581853189S04154921WA0099601088
B1510021853189S04154921WA0099501088
B1510061853189S04154921WA0099501088
B1510101853187S04154920WA0099501087
B1510141853179S04154920WA0098901083
B1510181853155S04154925WA0098001073
B1510221853134S04154922WA0097801071
B1510261853113S04154929WA0097701071
B1510301853094S04154938WA0097201066
B1510341853077S04154946WA0096701061
B1510381853059S04154955WA0097301068
B1510421853048S04154954WA0098001075
B1510461853037S04154972WA0098101077
B1510501853027S04154985WA0098501080
B1510541853008S04154982WA0098101079
B1510581852996S04154968WA0098901085
B1511021852977S04154968WA0099001087
B1511061852963S04154977WA0099801097
B1511101852945S04154978WA0100101101
B1511141852948S04154959WA0100001099
B1511181852967S04154951WA0100901108
B1511221852986S04154968WA0101401111
B1511261852989S04154995WA0102001118
B1511301852973S04154993WA0103401132
B1511341852973S04154979WA0104601144
B1511381852997S04154973WA0105401151
B1511421853016S04154994WA0106201159
B1511461853015S04155016WA0108001177
B1511501852998S04155015WA0109301192
B1511541853001S04154998WA0111001208
B1511581853027S04154996WA0112001219
B1512021853036S04155021WA0113601237
B1512061853021S04155022WA0115301255
B1512101853031S04155007WA0116801269
B1512141853056S04155010WA0118601288
B1512181853065S04155029WA0120201306
B1512221853050S04155026WA0121801324
B1512261853059S04155007WA0123901344
B1512301853081S04155002WA0125801363
B1512341853101S04155012WA0127701383
B1512381853092S04155030WA0128701395
B1512421853075S04155025WA0130401412
B1512461853066S04155017WA0132701435
B1512501853051S04155014WA0133301441
B1512541853039S04155011WA0133701445
B1512581853025S04155004WA0132701435
B1513021853008S04154993WA0132101429
B1513061852992S04154979WA0131601424
B1513101852976S04154962WA0131701427
B1513141852962S04154952WA0132501435
B1513181852950S04154937WA0132701437
B1513221852937S04154918WA0132701438
B1513251852927S04154901WA0132401435
B1513291852916S04154883WA0133101441
B1513331852910S04154861WA0133201442
B1513371852905S04154839WA0133301443
B1513411852902S04154816WA0132901437
B1513451852891S04154795WA0132901437
B1513491852877S04154779WA0132701434
B1513531852862S04154765WA0132901436
B1513571852845S04154752WA0132501432
B1514011852833S04154734WA0132301429
B1514051852824S04154709WA0132301429
B1514091852823S04154689WA0133501442
B1514131852820S04154665WA0134001446
B1514171852814S04154646WA0135301460
B1514211852803S04154631WA0135601462
B1514251852790S04154614WA0135601462
B1514291852780S04154597WA0136001466
B1514331852768S04154583WA0136501470
B1514371852750S04154571WA0137101477
B1514411852734S04154558WA0137601483
B1514451852719S04154546WA0138101489
B1514491852708S04154536WA0138701495
B1514531852700S04154524WA0138101489
B1514571852691S04154509WA0137801485
B1515011852684S04154490WA0137501484
B1515051852681S04154475WA0137901487
B1515091852676S04154459WA0138101489
B1515131852666S04154442WA0138001488
B1515171852652S04154418WA0137101479
B1515211852644S04154399WA0137101477
B1515251852633S04154375WA0136201469
B1515291852623S04154357WA0136001466
B1515331852614S04154334WA0135401460
B1515371852605S04154315WA0135201457
B1515411852598S04154291WA0134801453
B1515451852591S04154271WA0134901454
B1515491852577S04154253WA0135301457
B1515531852558S04154241WA0135701462
B1515571852539S04154227WA0135501460
B1516011852523S04154211WA0134901455
B1516051852506S04154193WA0134001445
B1516091852494S04154173WA0133601441
B1516131852483S04154152WA0132901435
B1516171852475S04154131WA0132601432
B1516211852470S04154110WA0132601431
B1516251852468S04154089WA0132501429
B1516291852467S04154067WA0132301427
B1516331852467S04154042WA0131701422
B1516371852470S04154021WA0131501420
B1516411852472S04153999WA0130401409
B1516451852480S04153977WA0129901404
B1516491852488S04153955WA0129201396
B1516531852501S04153938WA0128801392
B1516571852515S04153921WA0128101385
B1517011852525S04153904WA0127501378
B1517051852537S04153887WA0127401377
B1517091852549S04153868WA0127101374
B1517131852559S04153849WA0127301376
B1517171852567S04153827WA0127101374
B1517211852575S04153809WA0127501378
B1517251852584S04153788WA0127701379
B1517291852586S04153769WA0127901381
B1517331852589S04153745WA0128201383
B1517371852584S04153727WA0129301395
B1517411852584S04153711WA0129701398
B1517451852611S04153705WA0130201405
B1517491852626S04153725WA0131501420
B1517531852615S04153741WA0132801435
B1517571852603S04153730WA0133201439
B1518011852600S04153711WA0134201449
B1518051852595S04153694WA0134401451
B1518091852591S04153673WA0134701454
B1518131852591S04153649WA0134701453
B1518171852598S04153630WA0135101458
B1518211852603S04153607WA0135001456
B1518251852607S04153584WA0135601462
B1518291852613S04153558WA0136001466
B1518331852624S04153539WA0137101477
B1518371852622S04153525WA0137801484
B1518411852608S04153522WA0138601493
B1518451852600S04153513WA0139201499
B1518491852586S04153515WA0139101499
B1518531852572S04153510WA0139501504
B1518571852555S04153515WA0139701507
B1519011852535S04153514WA0140101511
B1519051852519S04153507WA0140001508
B1519091852507S04153491WA0139301501
B1519131852492S04153470WA0138801495
B1519171852482S04153454WA0139101498
B1519211852467S04153438WA0139101498
B1519251852452S04153419WA0139101499
B1519291852437S04153404WA0139801505
B1519331852412S04153393WA0139801506
B1519371852394S04153377WA0140601514
B1519411852376S04153359WA0141001518
B1519451852364S04153338WA0141501522
B1519491852367S04153317WA0140601514
B1519531852386S04153310WA0139601504
B1519571852405S04153324WA0138801498
B1520011852415S04153343WA0139001500
B1520051852405S04153365WA0139501507
B1520091852390S04153382WA0140001512
B1520131852367S04153395WA0139801511
B1520171852347S04153389WA0140301516
B1520211852334S04153371WA0140101514
B1520251852336S04153354WA0139501507
B1520291852353S04153348WA0138301494
B1520331852370S04153362WA0137401486
B1520371852381S04153387WA0136801480
B1520411852389S04153413WA0136801480
B1520451852382S04153442WA0136801480
B1520491852368S04153472WA0136901482
B1520531852363S04153501WA0138001494
B1520571852355S04153533WA0138201496
B1521011852334S04153554WA0139101507
B1521051852309S04153555WA0140001517
B1521091852296S04153543WA0140801523
B1521131852292S04153524WA0141601531
B1521171852303S04153508WA0141801533
B1521211852311S04153493WA0142601541
B1521251852312S04153472WA0142001535
B1521291852305S04153456WA0141701532
B1521331852288S04153441WA0140301518
B1521371852285S04153421WA0139601510
B1521411852306S04153415WA0138801502
B1521451852324S04153434WA0138401498
B1521491852338S04153457WA0138301497
B1521531852347S04153486WA0137801492
B1521571852351S04153519WA0137701492
B1522011852356S04153552WA0137601491
B1522051852353S04153587WA0138001496
B1522091852349S04153618WA0139101507
B1522131852338S04153647WA0139401511
B1522171852323S04153668WA0139901517
B1522211852306S04153668WA0139801516
B1522251852309S04153654WA0140101519
B1522291852320S04153641WA0140101518
B1522331852324S04153625WA0140101516
B1522371852329S04153610WA0139901514
B1522411852338S04153594WA0139701512
B1522451852347S04153578WA0139601510
B1522491852360S04153565WA0140001514
B1522531852363S04153549WA0140501519
B1522571852364S04153530WA0141001524
B1523011852364S04153509WA0141801531
B1523051852356S04153489WA0142301536
B1523091852355S04153470WA0142201534
B1523131852372S04153457WA0141601529
B1523171852394S04153450WA0141401526
B1523211852416S04153451WA0140801520
B1523251852438S04153445WA0140601517
B1523291852462S04153439WA0140501517
B1523331852480S04153427WA0141201524
B1523371852491S04153408WA0140601517
B1523411852498S04153386WA0140401515
B1523451852501S04153361WA0139401505
B1523491852504S04153338WA0139401506
B1523531852507S04153315WA0138701498
B1523571852511S04153292WA0138501496
B1524011852522S04153271WA0138201493
B1524051852536S04153252WA0137901490
B1524091852550S04153234WA0137601486
B1524131852566S04153218WA0137301483
B1524171852580S04153206WA0137901490
B1524211852602S04153210WA0137801489
B1524251852617S04153233WA0138201495
B1524291852605S04153257WA0138201495
B1524331852581S04153257WA0137801489
B1524371852564S04153248WA0137401485
B1524411852555S04153231WA0137301483
B1524451852557S04153213WA0137901490
B1524491852573S04153201WA0137801490
B1524531852594S04153206WA0138301496
B1524571852603S04153232WA0138101495
B1525011852602S04153261WA0138801504
B1525051852598S04153286WA0138501500
B1525091852576S04153299WA0137701491
B1525131852555S04153296WA0137201486
B1525171852535S04153287WA0136801482
B1525211852529S04153267WA0136401477
B1525251852538S04153252WA0136601478
B1525291852557S04153244WA0136101473
B1525331852578S04153251WA0136401476
B1525371852594S04153273WA0135801471
B1525411852596S04153301WA0135901473
B1525451852584S04153324WA0135501469
B1525491852571S04153347WA0135301466
B1525531852557S04153372WA0134701460
B1525571852542S04153398WA0134501458
B1526011852529S04153424WA0134701460
B1526051852516S04153453WA0134801462
B1526091852503S04153478WA0135001464
B1526131852486S04153503WA0134701463
B1526171852469S04153527WA0135501470
B1526211852451S04153540WA0136901484
B1526251852431S04153535WA0138001494
B1526291852431S04153519WA0139701512
B1526331852441S04153515WA0140801523
B1526371852463S04153521WA0140601522
B1526411852467S04153550WA0141301529
B1526451852449S04153561WA0142801544
B1526491852432S04153555WA0144201558
B1526531852415S04153552WA0145201568
B1526571852392S04153546WA0145901574
B1527011852378S04153531WA0146801583
B1527051852381S04153511WA0147301588
B1527091852398S04153497WA0147501590
B1527131852418S04153484WA0147601592
B1527171852442S04153480WA0148001596
B1527211852465S04153474WA0148101597
B1527251852488S04153480WA0148101598
B1527291852505S04153502WA0148401601
B1527331852510S04153529WA0148401601
B1527371852502S04153559WA0148401601
B1527411852484S04153581WA0148801606
B1527451852464S04153583WA0149201610
B1527491852449S04153570WA0149801616
B1527531852439S04153555WA0150201620
B1527571852435S04153535WA0150401622
B1528011852443S04153516WA0150601624
B1528051852461S04153503WA0150601624
B1528091852483S04153499WA0150701625
B1528131852496S04153485WA0150901627
B1528171852511S04153472WA0150901625
B1528211852527S04153459WA0150601623
B1528251852537S04153442WA0150601622
B1528291852534S04153421WA0149901616
B1528331852516S04153418WA0149901615
B1528371852497S04153431WA0149201608
B1528411852483S04153453WA0149001606
B1528451852471S04153477WA0148701603
B1528491852456S04153499WA0148601603
B1528531852439S04153517WA0148301601
B1528571852424S04153537WA0148301601
B1529011852410S04153558WA0148301602
B1529051852398S04153582WA0148401604
B1529091852383S04153604WA0148801608
B1529131852365S04153620WA0149201612
B1529171852343S04153621WA0150201622
B1529211852330S04153603WA0150201622
B1529251852330S04153579WA0150001621
B1529291852336S04153554WA0149801619
B1529331852337S04153531WA0149801618
B1529371852335S04153506WA0149701616
B1529411852350S04153488WA0149501614
B1529451852374S04153480WA0149501615
B1529491852400S04153479WA0149601614
B1529531852424S04153472WA0149501614
B1529571852445S04153479WA0149401613
B1530011852462S04153496WA0149101611
B1530051852489S04153496WA0148501606
B1530091852514S04153495WA0148601607
B1530131852540S04153494WA0148401604
B1530171852566S04153493WA0148301604
B1530211852591S04153489WA0148401604
B1530251852617S04153484WA0148001600
B1530291852644S04153482WA0147701597
B1530331852670S04153474WA0147201590
B1530371852696S04153465WA0146801585
B1530411852720S04153454WA0146501581
B1530451852746S04153468WA0145801575
B1530491852738S04153492WA0145401572
B1530531852719S04153491WA0145101568
B1530571852700S04153499WA0144901566
B1531011852681S04153500WA0144401560
B1531051852663S04153500WA0144001556
B1531091852639S04153502WA0143501551
B1531131852621S04153502WA0143401549
B1531171852598S04153494WA0142401539
B1531211852580S04153484WA0142201536
B1531251852564S04153485WA0142101536
B1531291852543S04153487WA0141601530
B1531331852521S04153480WA0141101526
B1531371852498S04153473WA0140301516
B1531411852475S04153468WA0140201514
B1531451852452S04153466WA0139801510
B1531491852433S04153469WA0139501506
B1531531852412S04153477WA0138301495
B1531571852384S04153496WA0137601488
B1532011852365S04153509WA0138501499
B1532051852346S04153531WA0138401498
B1532091852332S04153544WA0139401509
B1532131852313S04153544WA0139501509
B1532171852305S04153524WA0140001515
B1532211852325S04153507WA0140101516
B1532251852347S04153519WA0140201517
B1532291852344S04153544WA0140101516
B1532331852325S04153561WA0140401520
B1532371852309S04153566WA0141101526
B1532411852293S04153556WA0140701522
B1532451852280S04153543WA0140801522
B1532491852274S04153519WA0140301516
B1532531852277S04153493WA0139801510
B1532571852288S04153470WA0138901501
B1533011852310S04153460WA0138401497
B1533051852333S04153456WA0138001493
B1533091852359S04153453WA0137401487
B1533131852382S04153442WA0136901482
B1533171852400S04153425WA0135901473
B1533211852421S04153412WA0134901462
B1533251852444S04153405WA0133901451
B1533291852466S04153396WA0133601449
B1533331852485S04153384WA0133101445
B1533371852510S04153378WA0133001446
B1533411852532S04153366WA0132301438
B1533451852559S04153350WA0132001436
B1533491852582S04153338WA0132201437
B1533531852609S04153323WA0132101434
B1533571852630S04153309WA0132801441
B1534011852649S04153288WA0132501438
B1534051852668S04153270WA0133401445
B1534091852691S04153257WA0133901450
B1534131852715S04153272WA0134201453
B1534171852712S04153295WA0135101463
B1534211852696S04153297WA0135401466
B1534251852678S04153284WA0135701470
B1534291852672S04153263WA0136401477
B1534331852687S04153243WA0136701481
B1534371852709S04153232WA0137401488
B1534411852733S04153245WA0137001485
B1534451852751S04153266WA0137101486
B1534491852764S04153295WA0137201490
B1534531852759S04153318WA0137901498
B1534571852745S04153330WA0138201501
B1535011852727S04153326WA0138201500
B1535051852717S04153305WA0138101499
B1535091852719S04153280WA0138001497
B1535131852728S04153255WA0138401500
B1535171852752S04153241WA0138201499
B1535211852778S04153240WA0138201498
B1535251852805S04153249WA0138001496
B1535291852819S04153271WA0137701493
B1535331852823S04153295WA0138101498
B1535371852809S04153309WA0138201499
B1535411852795S04153324WA0138601503
B1535451852781S04153341WA0138901506
B1535491852763S04153345WA0139001507
B1535531852746S04153336WA0138501502
B1535571852737S04153318WA0138801504
B1536011852743S04153295WA0138901504
B1536051852758S04153274WA0139201506
B1536091852783S04153262WA0138601500
B1536131852811S04153267WA0138601501
B1536171852830S04153284WA0138401500
B1536211852835S04153310WA0138201498
B1536251852829S04153330WA0138201500
B1536291852823S04153350WA0138101500
B1536331852806S04153364WA0137501494
B1536371852787S04153365WA0137701494
B1536411852768S04153360WA0137401490
B1536451852754S04153346WA0137901493
B1536491852756S04153325WA0138301496
B1536531852773S04153305WA0138601498
B1536571852797S04153294WA0138601498
B1537011852824S04153290WA0137701490
B1537051852856S04153290WA0137401487
B1537091852877S04153303WA0136901482
B1537131852882S04153326WA0136801480
B1537171852877S04153351WA0136301476
B1537211852868S04153374WA0136501479
B1537251852852S04153395WA0136501479
B1537291852833S04153409WA0136501480
B1537331852814S04153418WA0136901484
B1537371852799S04153427WA0137201486
B1537411852777S04153424WA0136601482
B1537451852771S04153407WA0136901483
B1537491852775S04153384WA0136801482
B1537531852780S04153364WA0136901483
B1537571852795S04153345WA0136901482
B1538011852818S04153344WA0136501476
B1538051852842S04153351WA0135901471
B1538091852867S04153355WA0135301464
B1538131852892S04153358WA0135701468
B1538171852912S04153351WA0136601478
B1538211852936S04153352WA0137101485
B1538251852959S04153363WA0137601489
B1538291852984S04153378WA0138001495
B1538331852998S04153404WA0139101505
B1538371853015S04153426WA0139801513
B1538411853020S04153453WA0140101516
B1538451853009S04153472WA0140001515
B1538491852990S04153470WA0139001504
B1538531852983S04153450WA0139001503
B1538571852991S04153428WA0139501508
B1539011853012S04153411WA0140201515
B1539051853041S04153411WA0141101524
B1539091853060S04153431WA0141701531
B1539131853064S04153456WA0142201537
B1539171853048S04153470WA0142201538
B1539211853031S04153469WA0142101537
B1539251853019S04153452WA0142201538
B1539291853012S04153434WA0142901544
B1539331853011S04153416WA0144001555
B1539371853010S04153401WA0144601559
B1539411853009S04153379WA0143701550
B1539451853004S04153363WA0143401547
B1539491853003S04153343WA0142401536
B1539531853030S04153332WA0141501528
B1539571853059S04153332WA0141001522
B1540011853085S04153322WA0140301515
B1540051853107S04153306WA0139701508
B1540091853134S04153316WA0138901501
B1540131853147S04153345WA0138001493
B1540171853146S04153371WA0137501489
B1540211853142S04153399WA0136501480
B1540251853136S04153426WA0136001475
B1540291853127S04153449WA0136001474
B1540331853115S04153465WA0136201476
B1540371853096S04153477WA0136201477
B1540411853077S04153485WA0136901484
B1540451853065S04153479WA0137801493
B1540491853073S04153461WA0137701492
B1540531853088S04153440WA0138201497
B1540571853106S04153424WA0138701500
B1541011853130S04153412WA0138901502
B1541051853157S04153420WA0138801501
B1541091853168S04153447WA0138701500
B1541131853163S04153472WA0138901503
B1541171853151S04153496WA0139301509
B1541211853137S04153514WA0139701513
B1541251853121S04153527WA0140001516
B1541291853100S04153527WA0140001517
B1541331853084S04153521WA0140601524
B1541371853074S04153508WA0140501522
B1541411853068S04153487WA0140001517
B1541451853070S04153466WA0140101517
B1541491853076S04153444WA0139701513
B1541531853082S04153422WA0139801512
B1541571853083S04153398WA0138401501
B1542011853086S04153369WA0137801495
B1542051853093S04153344WA0137701492
B1542091853102S04153317WA0137201488
B1542131853112S04153292WA0136901485
B1542171853111S04153269WA0136801482
B1542211853113S04153245WA0136201476
B1542251853109S04153223WA0135901472
B1542291853108S04153203WA0136101473
B1542331853105S04153181WA0136401475
B1542371853103S04153162WA0136901480
B1542411853095S04153144WA0137001481
B1542451853093S04153123WA0137201482
B1542491853108S04153106WA0137601486
B1542531853135S04153104WA0138001491
B1542571853156S04153124WA0138601497
B1543011853160S04153152WA0139001502
B1543051853150S04153173WA0139101505
B1543091853132S04153178WA0139201506
B1543131853120S04153165WA0139501508
B1543171853112S04153144WA0139901512
B1543211853115S04153123WA0140401518
B1543251853135S04153105WA0140401518
B1543291853163S04153106WA0140701522
B1543331853180S04153128WA0141101526
B1543371853180S04153153WA0141601532
B1543411853166S04153163WA0141801534
B1543451853147S04153158WA0141901536
B1543491853132S04153154WA0142401541
B1543531853115S04153155WA0142701544
B1543571853098S04153163WA0143001548
B1544011853078S04153170WA0143401553
B1544051853064S04153167WA0144101559
B1544091853056S04153150WA0144101559
B1544131853067S04153130WA0144301560
B1544171853094S04153132WA0144201559
B1544211853112S04153157WA0144501563
B1544251853106S04153180WA0145201571
B1544291853091S04153184WA0145501574
B1544331853082S04153167WA0145601574
B1544371853073S04153148WA0145801578
B1544411853065S04153135WA0146501583
B1544451853051S04153124WA0147001589
B1544491853038S04153114WA0147801597
B1544531853034S04153097WA0148101599
B1544571853047S04153079WA0148401602
B1545011853070S04153088WA0148601605
B1545051853074S04153117WA0149001610
B1545091853059S04153137WA0149401614
B1545131853042S04153150WA0149801620
B1545171853027S04153161WA0150101621
B1545211853011S04153169WA0150201623
B1545251852996S04153169WA0150101621
B1545291852984S04153158WA0149901618
B1545331852974S04153144WA0149801617
B1545371852964S04153136WA0150501624
B1545411852951S04153125WA0151101630
B1545451852943S04153127WA0152301640
B1545491852929S04153142WA0152201639
B1545531852918S04153160WA0152201639
B1545571852904S04153171WA0151901636
B1546011852895S04153158WA0151301631
B1546051852911S04153143WA0151501634
B1546091852925S04153132WA0151101629
B1546131852925S04153116WA0150801627
B1546171852925S04153099WA0151001629
B1546211852931S04153084WA0152201641
B1546251852953S04153086WA0153101652
B1546291852955S04153116WA0153501656
B1546331852935S04153121WA0153901659
B1546371852924S04153115WA0154801668
B1546411852912S04153104WA0155001671
B1546451852896S04153095WA0154901670
B1546491852879S04153087WA0154501666
B1546531852868S04153072WA0154101661
B1546571852857S04153057WA0153901658
B1547011852846S04153037WA0153501654
B1547051852842S04153017WA0153601655
B1547091852836S04152993WA0153201651
B1547131852821S04152979WA0153401652
B1547171852798S04152985WA0153101649
B1547211852781S04153001WA0153501654
B1547251852770S04153022WA0153301652
B1547291852776S04153049WA0152801648
B1547331852782S04153074WA0152301643
B1547371852777S04153102WA0151501636
B1547411852768S04153129WA0150801630
B1547451852759S04153152WA0150601628
B1547491852740S04153158WA0150301624
B1547531852724S04153143WA0149601618
B1547571852725S04153122WA0149001611
B1548011852727S04153097WA0148201604
B1548051852727S04153075WA0147801599
B1548091852728S04153050WA0147301593
B1548131852732S04153026WA0147001590
B1548171852731S04153003WA0146601585
B1548211852723S04152981WA0145801577
B1548251852709S04152962WA0144801567
B1548291852695S04152943WA0144801567
B1548331852677S04152931WA0144501564
B1548371852661S04152913WA0144201561
B1548411852648S04152898WA0143901557
B1548451852649S04152872WA0142701542
B1548491852656S04152850WA0142501541
B1548531852667S04152829WA0141801533
B1548571852685S04152812WA0141901533
B1549011852706S04152800WA0142101537
B1549051852729S04152789WA0142101537
B1549091852756S04152788WA0142401540
B1549131852774S04152800WA0143801554
B1549171852777S04152821WA0144501563
B1549211852757S04152827WA0145201571
B1549251852749S04152808WA0146101580
B1549291852762S04152789WA0146801587
B1549331852783S04152796WA0147401594
B1549371852784S04152820WA0148001600
B1549411852764S04152827WA0148701607
B1549451852748S04152812WA0149501616
B1549491852750S04152789WA0149901618
B1549531852772S04152776WA0150001619
B1549571852793S04152788WA0149901618
B1550011852799S04152809WA0150201620
B1550051852792S04152832WA0149701615
B1550091852773S04152846WA0150101621
B1550131852750S04152851WA0150701627
B1550171852727S04152843WA0150901628
B1550211852716S04152823WA0150801628
B1550251852731S04152806WA0150401622
B1550291852756S04152810WA0149901618
B1550331852768S04152829WA0150201621
B1550371852771S04152848WA0150801628
B1550411852762S04152868WA0150901630
B1550451852742S04152869WA0150701628
B1550491852729S04152848WA0150401625
B1550531852743S04152829WA0150101620
B1550571852768S04152829WA0149301611
B1551011852788S04152843WA0150001619
B1551051852791S04152863WA0150001621
B1551091852791S04152882WA0150201622
B1551131852774S04152888WA0149701618
B1551171852751S04152878WA0149401613
B1551211852730S04152865WA0149301612
B1551251852719S04152842WA0148701605
B1551291852727S04152818WA0148101599
B1551331852739S04152797WA0147801596
B1551371852759S04152780WA0147401592
B1551411852787S04152772WA0146901587
B1551451852813S04152766WA0146601584
B1551491852840S04152768WA0145901577
B1551531852864S04152782WA0145401571
B1551571852883S04152804WA0145101568
B1552011852903S04152819WA0144901566
B1552051852926S04152833WA0144701564
B1552091852939S04152851WA0144701564
B1552131852949S04152877WA0144501561
B1552171852954S04152906WA0144601562
B1552211852962S04152938WA0145001567
B1552251852974S04152967WA0145601574
B1552291852962S04152986WA0145401572
B1552331852948S04152976WA0145201569
B1552371852961S04152962WA0145401572
B1552411852981S04152963WA0145901577
B1552451852995S04152983WA0145901577
B1552491852991S04153012WA0145901577
B1552531852971S04153027WA0145801576
B1552571852949S04153032WA0145701574
B1553011852931S04153023WA0145101569
B1553051852932S04153005WA0144901566
B1553091852948S04152992WA0144601564
B1553131852964S04152983WA0144601564
B1553171852981S04152973WA0144701564
B1553211853001S04152971WA0144401561
B1553251853030S04152971WA0143901556
B1553291853061S04152979WA0144201560
B1553331853089S04152996WA0144801567
B1553371853104S04153022WA0145701577
B1553411853097S04153040WA0146201583
B1553451853085S04153036WA0146601586
B1553491853094S04153024WA0147101591
B1553531853120S04153021WA0147301594
B1553571853144S04153038WA0147901599
B1554011853143S04153064WA0148001601
B1554051853133S04153076WA0148801608
B1554091853120S04153072WA0148801608
B1554131853127S04153057WA0149301612
B1554171853149S04153048WA0149501614
B1554211853175S04153065WA0149801617
B1554251853172S04153088WA0150301624
B1554291853160S04153090WA0150801627
B1554331853159S04153073WA0150701625
B1554371853176S04153060WA0151101629
B1554411853201S04153065WA0151501634
B1554451853209S04153092WA0151901639
B1554491853197S04153105WA0152401644
B1554531853183S04153102WA0152201642
B1554571853181S04153087WA0152601645
B1555011853201S04153077WA0152801647
B1555051853221S04153095WA0153101651
B1555091853216S04153123WA0153201653
B1555131853200S04153132WA0153401655
B1555171853189S04153126WA0153401654
B1555211853180S04153110WA0153701657
B1555251853171S04153099WA0154101660
B1555291853162S04153084WA0154001659
B1555331853155S04153072WA0154701666
B1555371853141S04153057WA0154601665
B1555411853127S04153045WA0155301673
B1555451853110S04153044WA0156201681
B1555491853095S04153063WA0156601685
B1555531853080S04153073WA0156801687
B1555571853068S04153066WA0157101690
B1556011853069S04153054WA0157301691
B1556051853083S04153045WA0157101689
B1556091853105S04153060WA0157201691
B1556131853109S04153088WA0157601697
B1556171853091S04153104WA0157801699
B1556211853075S04153102WA0158201703
B1556251853063S04153095WA0157601697
B1556291853061S04153079WA0156701688
B1556331853074S04153057WA0155601677
B1556371853087S04153038WA0155301674
B1556411853104S04153016WA0154401663
B1556451853127S04153006WA0154501661
B1556491853141S04152993WA0154501661
B1556531853165S04152983WA0154801665
B1556571853187S04153000WA0155301671
B1557011853180S04153021WA0155901680
B1557051853165S04153028WA0156601688
B1557091853151S04153021WA0157201693
B1557131853138S04153026WA0156701687
B1557171853129S04153011WA0155701679
B1557211853150S04152997WA0155301674
B1557251853174S04153007WA0155601676
B1557291853179S04153032WA0155501675
B1557331853172S04153054WA0155501676
B1557371853153S04153066WA0155101673
B1557411853140S04153059WA0155601676
B1557451853128S04153048WA0155901678
B1557491853111S04153039WA0155901679
B1557531853100S04153024WA0156301683
B1557571853092S04153010WA0156701687
B1558011853082S04152994WA0155701677
B1558051853068S04152977WA0155501675
B1558091853054S04152963WA0154901668
B1558131853041S04152946WA0154701666
B1558171853029S04152929WA0154101660
B1558211853015S04152911WA0153701656
B1558251853000S04152899WA0153301651
B1558291852984S04152886WA0153201650
B1558331852971S04152870WA0153201649
B1558371852956S04152861WA0154101659
B1558411852936S04152861WA0154801666
B1558451852929S04152841WA0156101680
B1558491852942S04152824WA0157601695
B1558531852966S04152823WA0158401705
B1558571852979S04152854WA0159601722
B1559011852990S04152875WA0160801734
B1559051853002S04152903WA0161501740
B1559091853007S04152930WA0161601740
B1559131853001S04152961WA0161101736
B1559171852993S04152983WA0160301728
B1559211852977S04153003WA0159501720
B1559251852957S04153013WA0158901714
B1559291852939S04153023WA0159301717
B1559331852918S04153033WA0158101705
B1559371852887S04153038WA0157201696
B1559411852860S04153036WA0157301695
B1559451852832S04153035WA0156801691
B1559491852808S04153029WA0156901692
B1559531852787S04153026WA0156701690
B1559571852764S04153015WA0156101684
B1600011852743S04152997WA0155601680
B1600051852725S04152975WA0155201675
B1600091852703S04152958WA0155601679
B1600131852685S04152937WA0155401676
B1600171852665S04152916WA0154901671
B1600211852644S04152897WA0155001671
B1600251852622S04152878WA0154501664
B1600291852596S04152858WA0153601655
B1600331852572S04152833WA0152301642
B1600371852547S04152807WA0151201630
B1600411852521S04152781WA0150201619
B1600451852499S04152751WA0148901605
B1600491852476S04152721WA0147401590
B1600531852454S04152686WA0145901574
B1600571852424S04152662WA0145201566
B1601011852398S04152635WA0144101553
B1601051852368S04152610WA0143101543
B1601091852342S04152584WA0142301535
B1601131852313S04152560WA0141401526
B1601171852285S04152539WA0140701519
B1601211852256S04152520WA0140301515
B1601251852231S04152499WA0140201514
B1601291852206S04152479WA0139401506
B1601331852177S04152457WA0138401496
B1601371852151S04152434WA0137801490
B1601411852124S04152412WA0136901480
B1601451852097S04152388WA0136101472
B1601491852072S04152363WA0135301463
B1601531852047S04152337WA0134301453
B1601571852020S04152311WA0133401444
B1602011851992S04152288WA0132601436
B1602051851961S04152266WA0131501424
B1602091851934S04152247WA0131201421
B1602131851907S04152225WA0130301411
B1602171851878S04152204WA0129801406
B1602211851854S04152183WA0129301401
B1602251851828S04152160WA0128201390
B1602291851802S04152135WA0127201380
B1602331851774S04152111WA0126301371
B1602371851747S04152088WA0125801365
B1602411851721S04152066WA0125101357
B1602451851695S04152042WA0124401350
B1602491851670S04152018WA0123701342
B1602531851645S04151995WA0122801334
B1602571851620S04151972WA0122001325
B1603011851593S04151950WA0121301318
B1603051851565S04151936WA0120801312
B1603091851536S04151924WA0119901304
B1603131851507S04151916WA0119601301
B1603171851481S04151902WA0119101295
B1603211851454S04151885WA0118201286
B1603251851426S04151865WA0117601279
B1603291851399S04151844WA0117501279
B1603331851377S04151824WA0118001283
B1603371851358S04151803WA0117501278
B1603411851331S04151783WA0116901272
B1603451851304S04151763WA0116501269
B1603491851278S04151742WA0115901262
B1603531851251S04151722WA0115401256
B1603571851226S04151702WA0114801251
B1604011851202S04151684WA0114401246
B1604051851180S04151667WA0113201234
B1604091851158S04151646WA0111901221
B1604131851144S04151622WA0111201212
B1604171851128S04151601WA0109801197
B1604211851109S04151580WA0108401183
B1604251851095S04151562WA0108001179
B1604291851079S04151548WA0107101170
B1604331851060S04151530WA0106001157
B1604371851042S04151511WA0104801145
B1604411851024S04151492WA0103801133
B1604451851004S04151474WA0102801123
B1604491850985S04151455WA0102101116
B1604531850962S04151442WA0101601110
B1604571850937S04151431WA0101301108
B1605011850917S04151420WA0101301107
B1605051850895S04151407WA0101001104
B1605091850875S04151389WA0100701101
B1605131850858S04151367WA0101201107
B1605171850852S04151356WA0102901121
B1605211850845S04151342WA0103001122
B1605251850836S04151328WA0103701129
B1605291850827S04151313WA0104201134
B1605331850822S04151296WA0104301135
B1605371850819S04151275WA0104201136
B1605411850812S04151262WA0104901142
B1605451850799S04151249WA0104801142
B1605491850784S04151247WA0105401147
B1605531850766S04151263WA0105501150
B1605571850756S04151287WA0105801152
B1606011850766S04151318WA0105801153
B1606051850788S04151335WA0106001156
B1606091850815S04151329WA0105801155
B1606131850827S04151310WA0105901155
B1606171850832S04151292WA0106301160
B1606211850829S04151277WA0106401161
B1606251850820S04151262WA0106401161
B1606291850806S04151257WA0106401160
B1606331850784S04151246WA0105401152
B1606371850765S04151236WA0105601155
B1606411850744S04151230WA0105601154
B1606451850723S04151224WA0105801157
B1606491850708S04151220WA0106501164
B1606531850697S04151211WA0106601165
B1606571850688S04151197WA0106701166
B1607011850687S04151180WA0106601165
B1607051850687S04151159WA0106401164
B1607091850686S04151141WA0106501163
B1607131850687S04151116WA0105901158
B1607171850688S04151087WA0106001160
B1607211850685S04151062WA0106201161
B1607251850684S04151037WA0106601164
B1607291850684S04151011WA0106301162
B1607331850686S04150980WA0105701157
B1607371850688S04150951WA0105401154
B1607411850685S04150924WA0104601145
B1607451850685S04150894WA0103201132
B1607491850686S04150864WA0102601125
B1607531850685S04150838WA0102401123
B1607571850681S04150811WA0102001119
B1608011850685S04150782WA0101401112
B1608051850687S04150756WA0100801106
B1608091850688S04150729WA0099601093
B1608131850684S04150698WA0098601081
B1608171850673S04150676WA0099101087
B1608211850666S04150651WA0099201087
B1608251850666S04150629WA0100201097
B1608291850684S04150623WA0100301099
B1608331850694S04150645WA0100301101
B1608371850675S04150657WA0100801107
B1608411850659S04150646WA0101201111
B1608451850655S04150626WA0101101109
B1608491850654S04150601WA0100601105
B1608531850656S04150571WA0100001099
B1608571850657S04150546WA0100201102
B1609011850657S04150519WA0100201102
B1609051850656S04150498WA0101301112
B1609091850652S04150484WA0101601113
B1609131850660S04150464WA0101901117
B1609171850674S04150448WA0101901118
B1609211850682S04150424WA0102501124
B1609251850686S04150408WA0104001139
B1609291850706S04150401WA0104601145
B1609331850711S04150423WA0104901149
B1609371850693S04150429WA0105901160
B1609411850686S04150414WA0107301174
B1609451850702S04150403WA0108301184
B1609491850722S04150413WA0108901192
B1609531850718S04150437WA0109301195
B1609571850699S04150445WA0110401208
B1610011850692S04150435WA0110901211
B1610051850705S04150413WA0110901212
B1610091850731S04150412WA0112001223
B1610131850743S04150431WA0112601229
B1610171850729S04150450WA0113301236
B1610211850716S04150450WA0114601250
B1610251850712S04150433WA0114501249
B1610291850723S04150409WA0114601250
B1610331850746S04150396WA0115801263
B1610371850766S04150385WA0116601271
B1610411850776S04150370WA0117301279
B1610451850765S04150356WA0117701284
B1610491850752S04150343WA0118601292
B1610531850764S04150327WA0119201298
B1610571850790S04150344WA0119901305
B1611011850795S04150373WA0120501312
B1611051850783S04150392WA0121501322
B1611091850769S04150381WA0121701324
B1611131850786S04150364WA0122201330
B1611171850808S04150381WA0122501332
B1611211850800S04150405WA0123101337
B1611251850783S04150406WA0123801344
B1611291850770S04150387WA0124301351
B1611331850758S04150371WA0125301361
B1611371850769S04150354WA0125901367
B1611411850795S04150369WA0126501374
B1611451850790S04150392WA0126701377
B1611491850773S04150394WA0127601386
B1611531850758S04150391WA0128201394
B1611571850741S04150379WA0128801400
B1612011850724S04150370WA0129601407
B1612051850705S04150354WA0129701409
B1612091850689S04150331WA0130201415
B1612131850678S04150316WA0131401424
B1612171850669S04150300WA0131501426
B1612211850661S04150280WA0132001432
B1612251850651S04150262WA0132301435
B1612291850639S04150245WA0133101443
B1612331850627S04150226WA0133801450
B1612371850615S04150206WA0134601457
B1612411850601S04150184WA0135401466
B1612451850589S04150159WA0136301476
B1612491850578S04150137WA0136901482
B1612531850565S04150109WA0136901484
B1612571850551S04150094WA0137801492
B1613011850533S04150073WA0136601479
B1613051850516S04150045WA0135301468
B1613091850498S04150019WA0135701471
B1613131850479S04149997WA0135601470
B1613171850457S04149971WA0135201467
B1613211850437S04149941WA0134601460
B1613251850418S04149909WA0133801453
B1613291850401S04149882WA0133301447
B1613331850386S04149854WA0132401436
B1613371850370S04149825WA0131301426
B1613411850354S04149797WA0130601417
B1613451850337S04149768WA0129801408
B1613491850321S04149741WA0129201402
B1613531850304S04149711WA0128301392
B1613571850285S04149682WA0127601387
B1614011850265S04149656WA0126901378
B1614051850246S04149628WA0126001370
B1614091850227S04149600WA0125401364
B1614131850206S04149573WA0124401354
B1614171850188S04149546WA0124101345
B1614211850168S04149559WA0123501339
B1614251850148S04149552WA0123101334
B1614291850129S04149540WA0122901332
B1614331850115S04149519WA0122101326
B1614371850099S04149494WA0121301319
B1614411850083S04149464WA0119801305
B1614451850067S04149432WA0119001297
B1614491850049S04149412WA0119601301
B1614531850034S04149388WA0119701302
B1614571850021S04149365WA0119201297
B1615011850005S04149338WA0118501290
B1615051849989S04149311WA0117801283
B1615091849972S04149280WA0117301279
B1615131849957S04149253WA0117501280
B1615171849941S04149225WA0116501270
B1615211849923S04149195WA0115601260
B1615251849906S04149168WA0114601250
B1615291849889S04149139WA0113501239
B1615331849872S04149111WA0112401227
B1615371849855S04149083WA0111701220
B1615411849840S04149061WA0111401215
B1615451849829S04149031WA0109501198
B1615491849812S04149002WA0109201193
B1615531849795S04148983WA0108801188
B1615571849778S04148955WA0107501177
B1616011849760S04148931WA0107101172
B1616051849743S04148908WA0106401164
B1616091849723S04148888WA0105801158
B1616131849696S04148879WA0105301152
B1616171849668S04148871WA0104601145
B1616211849642S04148859WA0104001140
B1616251849616S04148848WA0103401133
B1616291849592S04148834WA0102701125
B1616331849573S04148814WA0101901118
B1616371849555S04148791WA0101201111
B1616411849536S04148770WA0100901106
B1616451849522S04148744WA0099901096
B1616491849504S04148719WA0099101087
B1616531849482S04148698WA0098401081
B1616571849466S04148678WA0098601082
B1617011849451S04148659WA0097801075
B1617051849431S04148638WA0096801064
B1617091849417S04148614WA0096101056
B1617131849397S04148591WA0095101046
B1617171849378S04148567WA0094401039
B1617211849358S04148542WA0093901033
B1617251849345S04148520WA0094101035
B1617291849333S04148497WA0093201026
B1617331849320S04148473WA0093301027
B1617371849306S04148449WA0093101025
B1617411849291S04148422WA0092601020
B1617451849274S04148394WA0092201016
B1617491849255S04148367WA0091901013
B1617531849237S04148345WA0091401008
B1617571849221S04148319WA0090500998
B1618011849203S04148295WA0089400988
B1618051849186S04148271WA0088500978
B1618091849171S04148242WA0087000963
B1618131849156S04148220WA0086700958
B1618171849137S04148199WA0085600946
B1618211849118S04148177WA0084600936
B1618251849104S04148151WA0083800928
B1618291849092S04148121WA0083000920
B1618331849075S04148094WA0082500915
B1618371849063S04148063WA0082000910
B1618411849053S04148032WA0081500904
B1618451849042S04148002WA0081200902
B1618491849030S04147972WA0081000900
B1618531849017S04147941WA0081000900
B1618571849004S04147914WA0081900907
B1619011848994S04147895WA0083500922
B1619051848978S04147878WA0084300930
B1619091848981S04147855WA0085000938
B1619131848998S04147847WA0086200951
B1619171849003S04147871WA0086400953
B1619211848980S04147876WA0087300963
B1619251848967S04147858WA0088400973
B1619291848983S04147843WA0089000978
B1619331848989S04147865WA0089400982
B1619371848966S04147877WA0090500996
B1619411848951S04147864WA0091501004
B1619451848962S04147845WA0091601005
B1619491848980S04147853WA0092501016
B1619531848982S04147876WA0093201023
B1619571848962S04147888WA0093901031
B1620011848953S04147871WA0094601037
B1620051848967S04147862WA0095101043
B1620091848970S04147880WA0095601046
B1620131848945S04147887WA0096001051
B1620171848929S04147876WA0097001059
B1620211848930S04147856WA0096801056
B1620251848947S04147863WA0097201062
B1620291848945S04147884WA0097801069
B1620331848921S04147883WA0098001073
B1620371848909S04147865WA0098701079
B1620411848893S04147844WA0098601079
B1620451848882S04147813WA0098501080
B1620491848874S04147784WA0099701091
B1620531848867S04147767WA0101101104
B1620571848882S04147762WA0100601100
B1621011848892S04147779WA0101101105
B1621051848874S04147797WA0101801111
B1621091848845S04147787WA0102001116
B1621131848831S04147777WA0103201127
B1621171848825S04147756WA0102901126
B1621211848818S04147735WA0102901128
B1621251848809S04147710WA0101401115
B1621291848804S04147677WA0100101102
B1621331848798S04147647WA0100001102
B1621371848792S04147617WA0099601098
B1621411848786S04147585WA0099101091
B1621451848776S04147551WA0098701087
B1621491848769S04147523WA0099201091
B1621531848768S04147496WA0099901096
B1621571848772S04147471WA0100701104
B1622011848768S04147445WA0101301112
B1622051848762S04147421WA0102301121
B1622091848755S04147396WA0102701125
B1622131848750S04147370WA0103301132
B1622171848744S04147346WA0103901138
B1622211848732S04147324WA0104401142
B1622251848716S04147301WA0104601145
B1622291848707S04147276WA0104501143
B1622331848700S04147248WA0104001137
B1622371848692S04147212WA0102601125
B1622411848685S04147176WA0102501123
B1622451848683S04147143WA0102301121
B1622491848680S04147112WA0102401121
B1622531848680S04147085WA0103001126
B1622571848680S04147057WA0103301130
B1623011848678S04147027WA0103601134
B1623051848677S04147001WA0104901146
B1623091848677S04146981WA0105801156
B1623131848672S04146953WA0105701156
B1623171848662S04146927WA0105701156
B1623211848647S04146900WA0105001149
B1623251848628S04146871WA0104201141
B1623291848609S04146841WA0103801137
B1623331848594S04146815WA0104301142
B1623371848576S04146792WA0104001139
B1623411848563S04146771WA0103401132
B1623451848548S04146746WA0102301122
B1623491848531S04146721WA0101701115
B1623531848514S04146696WA0101001109
B1623571848495S04146673WA0100501103
B1624011848477S04146649WA0099501093
B1624051848460S04146627WA0099101087
B1624091848446S04146608WA0099401091
B1624131848431S04146583WA0099401091
B1624171848414S04146560WA0100101098
B1624211848393S04146536WA0099701094
B1624251848370S04146510WA0099501092
B1624291848350S04146483WA0098901087
B1624331848331S04146455WA0097701075
B1624371848311S04146429WA0096801066
B1624411848291S04146404WA0096301059
B1624451848265S04146386WA0096001056
B1624491848238S04146371WA0096001056
B1624531848217S04146349WA0096701062
B1624571848215S04146330WA0098401078
B1625011848210S04146309WA0099101087
B1625051848198S04146297WA0100301100
B1625091848177S04146305WA0100901107
B1625131848157S04146309WA0101901116
B1625171848144S04146328WA0102301120
B1625211848155S04146351WA0103201130
B1625251848180S04146354WA0103801136
B1625291848198S04146340WA0104601144
B1625331848200S04146320WA0105701156
B1625371848185S04146313WA0106301163
B1625411848165S04146327WA0106901169
B1625451848169S04146350WA0107701177
B1625491848191S04146360WA0107801179
B1625531848216S04146351WA0108301185
B1625571848231S04146337WA0109401196
B1626011848226S04146320WA0110301207
B1626051848207S04146330WA0110901214
B1626091848211S04146354WA0111801222
B1626131848235S04146360WA0112501229
B1626171848251S04146345WA0113501238
B1626211848250S04146322WA0114101245
B1626251848235S04146313WA0115601261
B1626291848225S04146299WA0116001265
B1626331848227S04146277WA0117101276
B1626371848245S04146269WA0118201286
B1626411848258S04146290WA0118601290
B1626451848241S04146310WA0118701292
B1626491848217S04146312WA0119701302
B1626531848197S04146306WA0120801314
B1626571848193S04146288WA0121901325
B1627011848213S04146283WA0123001336
B1627051848216S04146304WA0124001347
B1627091848198S04146309WA0125001358
B1627131848194S04146291WA0126001369
B1627171848214S04146283WA0127001380
B1627211848222S04146303WA0127801389
B1627251848198S04146305WA0128401394
B1627291848184S04146294WA0130101411
B1627331848169S04146276WA0130601417
B1627371848157S04146263WA0131401426
B1627411848143S04146243WA0131101424
B1627451848124S04146217WA0130001415
B1627491848102S04146189WA0129901413
B1627531848082S04146164WA0129701411
B1627571848063S04146137WA0129101404
B1628011848042S04146110WA0128101394
B1628051848021S04146081WA0127301385
B1628091848000S04146053WA0126401376
B1628131847977S04146023WA0125001363
B1628171847953S04145997WA0123901350
B1628211847929S04145969WA0122201333
B1628251847902S04145948WA0121601327
B1628291847879S04145928WA0120901319
B1628331847856S04145902WA0119901309
B1628371847835S04145877WA0119301302
B1628411847813S04145851WA0118501294
B1628451847793S04145824WA0117901288
B1628491847772S04145798WA0117101279
B1628531847751S04145771WA0116301271
B1628571847729S04145745WA0115501263
B1629011847709S04145717WA0114501252
B1629051847690S04145689WA0113901245
B1629091847672S04145661WA0113201237
B1629131847652S04145632WA0112301228
B1629171847633S04145606WA0111701221
B1629211847613S04145579WA0110801213
B1629251847593S04145555WA0110301208
B1629291847574S04145531WA0109701201
B1629331847554S04145508WA0109001194
B1629371847533S04145483WA0108201186
B1629411847513S04145457WA0107701180
B1629451847492S04145433WA0107201174
B1629491847471S04145410WA0106801169
B1629531847451S04145386WA0106101163
B1629571847429S04145360WA0105301155
B1630011847407S04145334WA0104801150
B1630051847386S04145307WA0104301144
B1630091847365S04145280WA0103701138
B1630131847343S04145253WA0103401135
B1630171847319S04145229WA0102801129
B1630211847294S04145203WA0102101121
B1630251847273S04145176WA0101901119
B1630291847251S04145150WA0101601115
B1630331847228S04145124WA0101301112
B1630371847210S04145094WA0100901107
B1630411847193S04145066WA0100301100
B1630451847174S04145039WA0099401091
B1630491847155S04145010WA0098401080
B1630531847138S04144983WA0098501081
B1630571847125S04144959WA0098201078
B1631011847106S04144933WA0097401069
B1631051847086S04144908WA0096701064
B1631091847066S04144886WA0096201058
B1631131847044S04144865WA0095201048
B1631171847020S04144844WA0094001037
B1631211846992S04144821WA0092801024
B1631251846968S04144799WA0092101017
B1631291846944S04144779WA0091301008
B1631331846918S04144757WA0090501000
B1631371846895S04144736WA0090000994
B1631411846872S04144719WA0089300987
B1631451846851S04144701WA0088200975
B1631491846827S04144685WA0087000962
B1631531846801S04144671WA0085900951
B1631571846777S04144653WA0084800939
B1632011846755S04144631WA0083900929
B1632051846731S04144618WA0083300922
B1632091846707S04144604WA0082200911
B1632131846680S04144591WA0081100899
B1632171846652S04144584WA0080300891
B1632211846627S04144569WA0079300880
B1632251846601S04144555WA0078400872
B1632291846573S04144542WA0077600864
B1632331846553S04144526WA0077800865
B1632371846531S04144517WA0077800865
B1632411846504S04144515WA0077500862
B1632451846478S04144511WA0077400860
B1632491846458S04144508WA0077100857
B1632531846437S04144503WA0077200859
B1632571846414S04144499WA0076600852
B1633011846391S04144491WA0076700854
B1633051846366S04144487WA0076400852
B1633091846342S04144485WA0076200849
B1633131846320S04144483WA0076100847
B1633171846292S04144483WA0075600845
B1633211846265S04144493WA0076200848
B1633251846239S04144499WA0076400848
B1633291846213S04144500WA0076000845
B1633331846185S04144495WA0075400840
B1633371846162S04144496WA0075000834
B1633411846137S04144495WA0074100826
B1633451846115S04144491WA0073500818
B1633491846088S04144485WA0072700811
B1633531846061S04144485WA0073400818
B1633571846042S04144497WA0074100825
B1634011846045S04144519WA0073900823
B1634051846068S04144519WA0073200817
B1634091846073S04144498WA0074100825
B1634131846065S04144478WA0074500829
B1634171846043S04144480WA0075100835
B1634211846043S04144504WA0075100835
B1634251846067S04144509WA0075300837
B1634291846082S04144496WA0076000844
B1634331846077S04144477WA0075700840
B1634371846058S04144470WA0075800841
B1634411846038S04144466WA0075900842
B1634451846023S04144478WA0075600839
B1634491846027S04144501WA0075500839
B1634531846050S04144505WA0075200834
B1634571846068S04144499WA0075800840
B1635011846085S04144486WA0075300835
B1635051846093S04144469WA0074700829
B1635091846087S04144449WA0073400815
B1635131846066S04144443WA0072800809
B1635171846047S04144430WA0072200803
B1635211846042S04144410WA0072000801
B1635251846042S04144387WA0071300794
B1635291846043S04144365WA0070700786
B1635331846043S04144340WA0069600775
B1635371846043S04144316WA0069300771
B1635411846056S04144299WA0068600763
B1635451846074S04144286WA0067700756
B1635491846100S04144272WA0066000740
B1635531846132S04144265WA0064900729
B1635571846162S04144260WA0064300722
B1636011846192S04144255WA0063300711
B1636051846225S04144253WA0061900697
B1636091846257S04144249WA0061300690
B1636131846290S04144246WA0060400681
B1636171846319S04144243WA0060400681
B1636211846342S04144233WA0060100677
B1636251846369S04144222WA0058900665
B1636291846399S04144208WA0057500651
B1636331846430S04144195WA0056200637
B1636371846461S04144181WA0054800621
B1636411846491S04144164WA0053600609
B1636451846520S04144150WA0052600598
B1636491846552S04144136WA0051300584
B1636531846585S04144126WA0050400574
B1636571846613S04144116WA0050400573
B1637011846639S04144109WA0050600574
B1637051846654S04144103WA0051200579
B1637091846677S04144102WA0050800574
B1637131846694S04144117WA0051000577
B1637171846710S04144138WA0050700575
B1637211846717S04144160WA0051700584
B1637251846707S04144178WA0051500583
B1637291846691S04144163WA0051700586
B1637331846705S04144150WA0052300591
B1637371846728S04144155WA0052300591
B1637411846738S04144177WA0052500593
B1637451846734S04144204WA0052500593
B1637491846733S04144227WA0053000599
B1637531846734S04144255WA0053300602
B1637571846734S04144280WA0054100609
B1638011846735S04144306WA0054300612
B1638051846711S04144314WA0054100610
B1638091846703S04144298WA0054200612
B1638131846709S04144279WA0054200612
B1638171846722S04144261WA0054600616
B1638211846736S04144250WA0055600625
B1638251846753S04144245WA0056300632
B1638291846756S04144269WA0056500633
B1638331846731S04144270WA0057000637
B1638371846729S04144253WA0057800647
B1638411846748S04144256WA0058700657
B1638451846746S04144277WA0059500665
B1638491846724S04144284WA0060000671
B1638531846710S04144269WA0060900681
B1638571846716S04144251WA0061700690
B1639011846735S04144255WA0062500698
B1639051846735S04144278WA0063000705
B1639091846712S04144279WA0063900714
B1639131846705S04144260WA0064800724
B1639171846720S04144250WA0065300729
B1639211846733S04144266WA0066100737
B1639251846728S04144287WA0067100747
B1639291846707S04144294WA0067700754
B1639331846697S04144277WA0068500763
B1639371846711S04144265WA0068900768
B1639411846732S04144275WA0069200770
B1639451846746S04144297WA0069800777
B1639491846746S04144322WA0071100790
B1639531846724S04144330WA0071500796
B1639571846716S04144312WA0072500808
B1640011846734S04144306WA0073500816
B1640051846751S04144321WA0074200823
B1640091846753S04144345WA0075100833
B1640131846734S04144364WA0075500837
B1640171846708S04144366WA0076300847
B1640211846701S04144349WA0077100856
B1640251846721S04144346WA0077800863
B1640291846733S04144368WA0078600871
B1640331846719S04144395WA0079200878
B1640371846696S04144409WA0080200888
B1640411846675S04144399WA0080700892
B1640451846676S04144380WA0081400899
B1640491846695S04144386WA0081900904
B1640531846694S04144409WA0082700913
B1640571846677S04144425WA0083600923
B1641011846656S04144414WA0083900925
B1641051846646S04144393WA0084500932
B1641091846641S04144371WA0085300940
B1641131846648S04144356WA0086100949
B1641171846667S04144365WA0086800955
B1641211846660S04144388WA0087500962
B1641251846639S04144387WA0088200969
B1641291846634S04144368WA0088700975
B1641331846651S04144361WA0089100979
B1641371846663S04144384WA0089700986
B1641411846659S04144411WA0090600994
B1641451846639S04144420WA0091101000
B1641491846629S04144402WA0091501004
B1641531846646S04144389WA0091801007
B1641571846663S04144405WA0092601016
B1642011846655S04144432WA0092801019
B1642051846637S04144446WA0093701028
B1642091846619S04144434WA0093801028
B1642131846616S04144411WA0094301035
B1642171846627S04144393WA0094801039
B1642211846647S04144396WA0095401046
B1642251846656S04144416WA0095701048
B1642291846643S04144442WA0095501047
B1642331846625S04144450WA0096501056
B1642371846605S04144438WA0096501057
B1642411846595S04144419WA0097001063
B1642451846601S04144397WA0097201065
B1642491846615S04144377WA0097501069
B1642531846634S04144361WA0097601069
B1642571846658S04144367WA0097801072
B1643011846658S04144389WA0098101074
B1643051846636S04144381WA0097701071
B1643091846621S04144366WA0098601082
B1643131846613S04144345WA0098801084
B1643171846601S04144327WA0099201089
B1643211846592S04144305WA0099301090
B1643251846588S04144282WA0099701093
B1643291846581S04144258WA0099501091
B1643331846574S04144237WA0099701093
B1643371846572S04144213WA0099301088
B1643411846562S04144190WA0098801084
B1643451846551S04144162WA0097701073
B1643491846540S04144135WA0097101067
B1643531846527S04144108WA0096601061
B1643571846517S04144087WA0096801062
B1644011846503S04144067WA0095801055
B1644051846485S04144037WA0094201040
B1644091846466S04144009WA0093601033
B1644131846449S04143981WA0092601022
B1644171846430S04143953WA0091401009
B1644211846413S04143925WA0090200997
B1644251846398S04143894WA0089000983
B1644291846381S04143865WA0087900972
B1644331846360S04143840WA0086900961
B1644371846335S04143818WA0086000952
B1644411846311S04143796WA0084800940
B1644451846288S04143771WA0083700927
B1644491846267S04143746WA0082800918
B1644531846244S04143719WA0081700907
B1644571846223S04143693WA0080800897
B1645011846201S04143666WA0079700885
B1645051846178S04143639WA0078500873
B1645091846156S04143612WA0077500863
B1645131846135S04143584WA0076100849
B1645171846114S04143557WA0075000837
B1645211846093S04143529WA0073900825
B1645251846071S04143502WA0073200817
B1645291846051S04143476WA0072200806
B1645331846028S04143448WA0070900793
B1645371846008S04143420WA0069800781
B1645411845987S04143392WA0068600767
B1645451845961S04143363WA0067200754
B1645491845931S04143342WA0067400756
B1645531845907S04143332WA0068200764
B1645571845884S04143323WA0068500767
B1646011845859S04143328WA0069300775
B1646051845853S04143351WA0069300776
B1646091845872S04143363WA0069400777
B1646131845885S04143349WA0069500778
B1646171845883S04143327WA0069900784
B1646211845872S04143306WA0070300789
B1646251845857S04143293WA0071100797
B1646291845839S04143305WA0070900797
B1646331845845S04143329WA0070900795
B1646371845867S04143331WA0071000796
B1646411845880S04143315WA0071500801
B1646451845877S04143295WA0071800804
B1646491845861S04143279WA0071800805
B1646531845844S04143261WA0072100807
B1646571845832S04143240WA0072000806
B1647011845822S04143219WA0072000806
B1647051845812S04143197WA0071800804
B1647091845804S04143178WA0071500800
B1647131845790S04143158WA0070400790
B1647171845771S04143138WA0069000775
B1647211845750S04143111WA0067200757
B1647251845732S04143087WA0066300746
B1647291845715S04143063WA0064700729
B1647331845691S04143042WA0063200713
B1647371845664S04143022WA0061700698
B1647411845639S04142997WA0060600686
B1647451845617S04142970WA0059500675
B1647491845597S04142943WA0058400664
B1647531845575S04142915WA0057200651
B1647571845555S04142886WA0056000638
B1648011845534S04142855WA0054600623
B1648051845510S04142824WA0053800613
B1648091845487S04142794WA0052700602
B1648131845465S04142765WA0051900593
B1648171845446S04142735WA0050800582
B1648211845428S04142708WA0051400586
B1648251845422S04142697WA0052000592
B1648291845406S04142683WA0051700588
B1648331845392S04142665WA0051500586
B1648371845380S04142643WA0051400586
B1648411845375S04142620WA0051500587
B1648451845371S04142596WA0051600588
B1648491845371S04142574WA0051800591
B1648531845380S04142558WA0052700599
B1648571845400S04142556WA0052700598
B1649011845419S04142570WA0053400606
B1649051845408S04142594WA0053700609
B1649091845382S04142591WA0053400608
B1649131845367S04142576WA0054200616
B1649171845358S04142555WA0054400620
B1649211845361S04142541WA0055300627
B1649251845382S04142548WA0055000622
B1649291845387S04142573WA0055400627
B1649331845366S04142586WA0055600629
B1649371845348S04142577WA0056100635
B1649411845344S04142553WA0056200639
B1649451845347S04142535WA0057600652
B1649491845367S04142535WA0058000656
B1649531845365S04142561WA0058300659
B1649571845342S04142568WA0059300668
B1650011845332S04142549WA0059500672
B1650051845345S04142542WA0060800684
B1650091845352S04142562WA0061700692
B1650131845336S04142582WA0062100697
B1650171845318S04142574WA0062500701
B1650211845309S04142550WA0062500703
B1650251845310S04142525WA0063100710
B1650291845325S04142514WA0063700715
B1650331845340S04142530WA0064200719
B1650371845330S04142552WA0064800726
B1650411845306S04142553WA0065100728
B1650451845297S04142531WA0065400733
B1650491845312S04142520WA0066100739
B1650531845322S04142539WA0066500743
B1650571845305S04142555WA0066900747
B1651011845286S04142549WA0067300752
B1651051845270S04142527WA0067200751
B1651091845255S04142511WA0067900759
B1651131845237S04142488WA0068000760
B1651171845223S04142470WA0068700768
B1651211845204S04142449WA0069500776
B1651251845193S04142433WA0071000791
B1651291845208S04142422WA0071400797
B1651331845213S04142444WA0072400807
B1651371845193S04142453WA0073600818
B1651411845184S04142434WA0074300826
B1651451845203S04142430WA0075300837
B1651491845209S04142451WA0076500850
B1651531845191S04142466WA0077500860
B1651571845171S04142456WA0078300868
B1652011845170S04142431WA0079300879
B1652051845185S04142422WA0080500891
B1652091845193S04142441WA0081600902
B1652131845171S04142452WA0082600913
B1652171845157S04142434WA0084000927
B1652211845171S04142423WA0085200939
B1652251845177S04142439WA0086500954
B1652291845154S04142448WA0087500964
B1652331845142S04142430WA0088800979
B1652371845156S04142416WA0089900990
B1652411845168S04142432WA0091101002
B1652451845156S04142445WA0092601018
B1652491845138S04142433WA0093401028
B1652531845144S04142412WA0094401038
B1652571845163S04142413WA0095801053
B1653011845159S04142431WA0097001066
B1653051845138S04142429WA0098601083
B1653091845137S04142406WA0099401091
B1653131845154S04142396WA0100601103
B1653171845159S04142412WA0101801115
B1653211845140S04142418WA0103101128
B1653251845128S04142401WA0104101140
B1653291845141S04142379WA0105001149
B1653331845156S04142384WA0106301163
B1653371845147S04142401WA0107301174
B1653411845128S04142389WA0108701189
B1653451845127S04142365WA0109901201
B1653491845142S04142352WA0111201214
B1653531845153S04142370WA0112101223
B1653571845135S04142375WA0113501238
B1654011845122S04142353WA0114801252
B1654051845132S04142337WA0116201267
B1654091845150S04142351WA0116901272
B1654131845138S04142364WA0118201287
B1654171845120S04142348WA0119401301
B1654211845128S04142330WA0120601313
B1654251845146S04142340WA0121501322
B1654291845138S04142359WA0122001328
B1654331845117S04142351WA0123501342
B1654371845112S04142330WA0124501354
B1654411845131S04142322WA0125101359
B1654451845137S04142344WA0125801367
B1654491845112S04142340WA0126101371
B1654531845093S04142328WA0127501386
B1654571845077S04142306WA0127201384
B1655011845060S04142281WA0127501389
B1655051845046S04142255WA0127901393
B1655091845028S04142229WA0127801393
B1655131845009S04142203WA0127501390
B1655171844991S04142178WA0127301387
B1655211844973S04142150WA0126601380
B1655251844959S04142119WA0125701371
B1655291844942S04142088WA0125001363
B1655331844929S04142063WA0124401357
B1655371844916S04142030WA0123201344
B1655411844903S04142001WA0122801339
B1655451844883S04141974WA0121801331
B1655491844869S04141945WA0121801330
B1655531844856S04141919WA0121301325
B1655571844854S04141894WA0121501327
B1656011844880S04141870WA0120701322
B1656051844906S04141851WA0121301328
B1656091844928S04141832WA0120601320
B1656131844962S04141816WA0119201306
B1656171844995S04141801WA0118701298
B1656211845027S04141785WA0117901290
B1656251845055S04141767WA0117701287
B1656291845084S04141758WA0116801276
B1656331845114S04141747WA0115601264
B1656371845145S04141737WA0114301250
B1656411845180S04141728WA0112601233
B1656451845215S04141722WA0111801223
B1656491845246S04141715WA0111201215
B1656531845278S04141710WA0110101204
B1656571845310S04141704WA0108901192
B1657011845337S04141694WA0108501187
B1657051845361S04141676WA0107501176
B1657091845388S04141653WA0106601167
B1657131845408S04141629WA0106201163
B1657171845434S04141611WA0105701157
B1657211845465S04141600WA0105101150
B1657251845495S04141590WA0104401143
B1657291845525S04141581WA0103301131
B1657331845554S04141571WA0102401122
B1657371845584S04141560WA0101101109
B1657411845616S04141555WA0100101099
B1657451845647S04141550WA0099301090
B1657491845678S04141544WA0098301079
B1657531845707S04141539WA0097501070
B1657571845735S04141534WA0096901062
B1658011845765S04141531WA0095601049
B1658051845794S04141528WA0094701040
B1658091845819S04141520WA0094001032
B1658131845847S04141512WA0092701017
B1658171845879S04141508WA0091401003
B1658211845910S04141499WA0090600994
B1658251845936S04141492WA0090800994
B1658291845961S04141481WA0090700993
B1658331845992S04141474WA0090200988
B1658371846025S04141468WA0090500991
B1658411846053S04141464WA0091300997
B1658451846070S04141459WA0091401000
B1658491846097S04141453WA0090400990
B1658531846121S04141446WA0089700984
B1658571846152S04141439WA0088500972
B1659011846182S04141432WA0087800964
B1659051846213S04141427WA0086800953
B1659091846243S04141421WA0086100944
B1659131846275S04141415WA0084900932
B1659171846308S04141409WA0083600918
B1659211846343S04141404WA0082200904
B1659251846377S04141400WA0081100892
B1659291846409S04141398WA0080000881
B1659331846442S04141398WA0079100872
B1659371846471S04141399WA0078700866
B1659411846502S04141401WA0077600855
B1659451846532S04141401WA0076800846
B1659491846562S04141402WA0075700835
B1659531846591S04141405WA0074800826
B1659571846622S04141407WA0073700814
B1700011846652S04141408WA0073000806
B1700051846683S04141411WA0072300799
B1700091846709S04141414WA0072500800
B1700131846735S04141417WA0072300799
B1700171846759S04141416WA0072700802
B1700211846779S04141417WA0072900802
B1700251846800S04141420WA0072400797
B1700291846817S04141424WA0072100794
B1700331846837S04141427WA0071100782
B1700371846866S04141430WA0070300776
B1700411846892S04141427WA0071000781
B1700451846909S04141426WA0072000790
B1700491846919S04141447WA0071900789
B1700531846900S04141466WA0072300795
B1700571846875S04141475WA0072700800
B1701011846859S04141465WA0072800804
B1701051846857S04141447WA0073400812
B1701091846872S04141433WA0073100810
B1701131846890S04141428WA0073900817
B1701171846915S04141429WA0073600815
B1701211846933S04141442WA0073700814
B1701251846951S04141461WA0073000807
B1701291846967S04141477WA0072900805
B1701331846987S04141482WA0072600801
B1701371847006S04141495WA0073000805
B1701411847017S04141496WA0074000815
B1701451847030S04141504WA0074300818
B1701491847017S04141531WA0073800814
B1701531846992S04141530WA0074100819
B1701571846982S04141513WA0074400824
B1702011846990S04141502WA0074800828
B1702051847003S04141514WA0075300833
B1702091847002S04141539WA0075500834
B1702131846985S04141563WA0075400833
B1702171846960S04141567WA0075500836
B1702211846952S04141554WA0075700839
B1702251846962S04141541WA0075500836
B1702291846971S04141528WA0076000841
B1702331846989S04141537WA0075600837
B1702371846992S04141564WA0076200841
B1702411846982S04141588WA0076400841
B1702451846957S04141596WA0076400843
B1702491846942S04141584WA0076600847
B1702531846942S04141569WA0076500845
B1702571846969S04141563WA0075700840
B1703011846989S04141562WA0076200843
B1703051847013S04141553WA0075400836
B1703091847038S04141544WA0075400836
B1703131847060S04141538WA0075500836
B1703171847081S04141530WA0075400834
B1703211847102S04141525WA0076200841
B1703251847115S04141534WA0076900846
B1703291847106S04141557WA0076900848
B1703331847084S04141547WA0076700845
B1703371847086S04141525WA0077100848
B1703411847098S04141508WA0077700856
B1703451847112S04141509WA0078200859
B1703491847126S04141529WA0078300860
B1703531847143S04141535WA0078400860
B1703571847164S04141543WA0078400859
B1704011847183S04141544WA0078700863
B1704051847203S04141540WA0079300869
B1704091847210S04141527WA0079800877
B1704131847193S04141517WA0080100882
B1704171847177S04141537WA0080300886
B1704211847188S04141559WA0080700891
B1704251847205S04141565WA0081000890
B1704291847228S04141560WA0081100892
B1704331847250S04141558WA0081300894
B1704371847272S04141555WA0082000903
B1704411847295S04141553WA0081900902
B1704451847314S04141549WA0082500908
B1704491847326S04141536WA0083400918
B1704531847312S04141519WA0083500921
B1704571847292S04141530WA0084200926
B1705011847291S04141556WA0084100925
B1705051847312S04141569WA0084200925
B1705091847330S04141564WA0085100935
B1705131847335S04141542WA0085700942
B1705171847317S04141528WA0086400953
B1705211847296S04141542WA0086700957
B1705251847298S04141567WA0087000959
B1705291847316S04141586WA0087500964
B1705331847331S04141585WA0088600973
B1705371847335S04141565WA0088800975
B1705411847319S04141553WA0089600984
B1705451847298S04141566WA0090100991
B1705491847304S04141593WA0090300994
B1705531847320S04141594WA0091601007
B1705571847322S04141574WA0092001012
B1706011847299S04141569WA0092701019
B1706051847286S04141590WA0093401026
B1706091847299S04141612WA0093901034
B1706131847317S04141611WA0094901043
B1706171847317S04141593WA0095201048
B1706211847299S04141579WA0095801055
B1706251847277S04141588WA0096401062
B1706291847274S04141614WA0097001068
B1706331847294S04141619WA0097101070
B1706371847298S04141601WA0098101078
B1706411847276S04141591WA0098401082
B1706451847260S04141611WA0098901085
B1706491847276S04141632WA0099001086
B1706531847294S04141626WA0099701091
B1706571847286S04141606WA0099801093
B1707011847263S04141614WA0100501099
B1707051847260S04141641WA0100501099
B1707091847280S04141655WA0100901102
B1707131847296S04141646WA0101301105
B1707171847313S04141634WA0101401108
B1707211847330S04141626WA0101601109
B1707251847349S04141617WA0100801102
B1707291847365S04141602WA0100801101
B1707331847383S04141588WA0100001093
B1707371847403S04141564WA0099101086
B1707411847421S04141542WA0099101085
B1707451847442S04141521WA0098701080
B1707491847462S04141497WA0098701080
B1707531847485S04141478WA0098201075
B1707571847513S04141461WA0097401067
B1708011847544S04141448WA0096901061
B1708051847573S04141435WA0096301054
B1708091847599S04141418WA0095501045
B1708131847628S04141399WA0094101031
B1708171847654S04141379WA0093401023
B1708211847680S04141361WA0092401011
B1708251847709S04141345WA0091501002
B1708291847738S04141331WA0090800994
B1708331847770S04141320WA0089800983
B1708371847804S04141311WA0088800973
B1708411847836S04141305WA0088100965
B1708451847868S04141296WA0086900952
B1708491847901S04141283WA0085800940
B1708531847930S04141267WA0084800930
B1708571847960S04141251WA0083700917
B1709011847987S04141229WA0082200902
B1709051848014S04141210WA0081400893
B1709091848039S04141194WA0080400883
B1709131848064S04141175WA0079200870
B1709171848089S04141155WA0078200859
B1709211848113S04141134WA0077200848
B1709251848139S04141115WA0075900834
B1709291848165S04141095WA0074700822
B1709331848188S04141073WA0073700811
B1709371848209S04141049WA0073000803
B1709411848231S04141031WA0072400797
B1709451848257S04141014WA0071400787
B1709491848284S04140997WA0070600778
B1709531848311S04140977WA0070000772
B1709571848339S04140957WA0069400765
B1710011848367S04140936WA0068900760
B1710051848394S04140915WA0068500756
B1710091848415S04140895WA0068500755
B1710131848431S04140880WA0068800758
B1710171848451S04140860WA0068000751
B1710211848473S04140843WA0068400755
B1710251848487S04140825WA0068900760
B1710291848504S04140807WA0068600757
B1710331848525S04140790WA0068200753
B1710371848548S04140776WA0068500755
B1710411848569S04140758WA0068600757
B1710451848593S04140737WA0068700757
B1710491848621S04140717WA0068700758
B1710531848642S04140702WA0070600773
B1710571848653S04140695WA0072000785
B1711011848664S04140709WA0072300790
B1711051848646S04140726WA0073300801
B1711091848627S04140718WA0074400814
B1711131848629S04140698WA0075500826
B1711171848644S04140702WA0076500836
B1711211848646S04140722WA0077300846
B1711251848625S04140736WA0078000854
B1711291848610S04140723WA0079100866
B1711331848620S04140706WA0079900875
B1711371848635S04140720WA0080900885
B1711411848622S04140738WA0081700894
B1711451848601S04140730WA0082600905
B1711491848604S04140711WA0083600915
B1711531848621S04140713WA0084500926
B1711571848616S04140737WA0085000931
B1712011848595S04140742WA0086100943
B1712051848583S04140726WA0086800952
B1712091848591S04140706WA0087400958
B1712131848606S04140713WA0088300966
B1712171848601S04140737WA0088300967
B1712211848579S04140756WA0089100975
B1712251848558S04140758WA0090100986
B1712291848554S04140737WA0090300987
B1712331848573S04140737WA0090700991
B1712371848571S04140761WA0091500998
B1712411848549S04140770WA0092301007
B1712451848538S04140753WA0092701012
B1712491848544S04140729WA0092901014
B1712531848553S04140709WA0093701022
B1712571848559S04140689WA0094001026
B1713011848578S04140690WA0094001026
B1713051848589S04140705WA0094801035
B1713091848592S04140731WA0095301041
B1713131848574S04140751WA0096101048
B1713171848552S04140750WA0096801056
B1713211848548S04140727WA0097201059
B1713251848564S04140722WA0097601063
B1713291848568S04140743WA0098101068
B1713331848550S04140764WA0098501073
B1713371848525S04140763WA0099201081
B1713411848511S04140747WA0099501086
B1713451848507S04140720WA0099401084
B1713491848506S04140695WA0099801087
B1713531848521S04140682WA0100001090
B1713571848533S04140698WA0100301092
B1714011848515S04140713WA0100701097
B1714051848495S04140697WA0100901100
B1714091848499S04140671WA0101101101
B1714131848508S04140648WA0101501105
B1714171848520S04140628WA0102301114
B1714211848536S04140620WA0103201123
B1714251848538S04140641WA0103601127
B1714291848513S04140641WA0104401136
B1714331848506S04140619WA0105201144
B1714371848520S04140606WA0105701150
B1714411848536S04140611WA0106501157
B1714451848533S04140632WA0106801162
B1714491848507S04140634WA0107301167
B1714531848498S04140612WA0108001174
B1714571848510S04140594WA0108901183
B1715011848526S04140599WA0109601190
B1715051848517S04140618WA0110001194
B1715091848494S04140607WA0110401199
B1715131848488S04140582WA0111101206
B1715171848494S04140566WA0111901213
B1715211848515S04140571WA0111601209
B1715251848532S04140581WA0112401219
B1715291848543S04140597WA0112801223
B1715331848522S04140605WA0112801224
B1715371848515S04140580WA0112601221
B1715411848529S04140560WA0113201227
B1715451848548S04140552WA0113601231
B1715491848571S04140557WA0114401238
B1715531848591S04140564WA0115001243
B1715571848605S04140576WA0116201255
B1716011848616S04140592WA0116901263
B1716051848599S04140612WA0117601270
B1716091848576S04140608WA0118201275
B1716131848577S04140586WA0118301279
B1716171848600S04140588WA0119001285
B1716211848615S04140592WA0120101296
B1716251848631S04140605WA0120801303
B1716291848636S04140626WA0121701312
B1716331848613S04140640WA0122401319
B1716371848598S04140626WA0123301329
B1716411848606S04140612WA0124001337
B1716451848621S04140622WA0124801346
B1716491848611S04140646WA0125301352
B1716531848587S04140649WA0126101360
B1716571848580S04140630WA0126701367
B1717011848596S04140619WA0127401375
B1717051848615S04140613WA0128001382
B1717091848637S04140619WA0128601388
B1717131848655S04140626WA0129101393
B1717171848674S04140639WA0129301394
B1717211848692S04140652WA0129901400
B1717251848711S04140664WA0130201402
B1717291848732S04140675WA0130001400
B1717331848754S04140688WA0129701397
B1717371848774S04140703WA0128601387
B1717411848802S04140723WA0126701369
B1717451848828S04140741WA0126301365
B1717491848854S04140755WA0125601356
B1717531848884S04140772WA0124301344
B1717571848916S04140791WA0123801338
B1718011848945S04140809WA0123301332
B1718051848976S04140827WA0122501324
B1718091849004S04140843WA0122201320
B1718131849030S04140862WA0120901307
B1718171849058S04140879WA0119901296
B1718211849086S04140899WA0118801285
B1718251849114S04140917WA0118201279
B1718291849137S04140935WA0117501271
B1718331849162S04140952WA0116501261
B1718371849186S04140968WA0116001255
B1718411849212S04140991WA0115601252
B1718451849226S04141004WA0117101265
B1718491849243S04141016WA0116101255
B1718531849257S04141034WA0116501258
B1718571849269S04141055WA0116401257
B1719011849275S04141078WA0117901278
B1719051849276S04141093WA0118701287
B1719091849274S04141116WA0118601287
B1719131849276S04141138WA0119101293
B1719171849280S04141160WA0119501296
B1719211849293S04141181WA0119701299
B1719251849298S04141204WA0120601308
B1719291849316S04141223WA0120501307
B1719331849329S04141241WA0121601317
B1719371849329S04141264WA0121801321
B1719411849306S04141268WA0122501327
B1719451849303S04141249WA0123401335
B1719491849320S04141244WA0123901339
B1719531849338S04141260WA0124201342
B1719571849351S04141281WA0125001350
B1720011849368S04141296WA0125901360
B1720051849372S04141319WA0127001371
B1720091849351S04141329WA0127801381
B1720131849350S04141310WA0128701391
B1720171849367S04141308WA0129901402
B1720211849377S04141328WA0130601409
B1720251849363S04141349WA0131401417
B1720291849342S04141349WA0132301428
B1720331849338S04141330WA0133301438
B1720371849355S04141326WA0134101447
B1720411849366S04141346WA0134601453
B1720451849350S04141367WA0135101459
B1720491849328S04141376WA0136301471
B1720531849310S04141364WA0136701474
B1720571849309S04141340WA0137601486
B1721011849325S04141333WA0138901498
B1721051849337S04141352WA0139401503
B1721091849322S04141374WA0140001510
B1721131849303S04141369WA0141101520
B1721171849305S04141352WA0141801527
B1721211849325S04141355WA0142601535
B1721251849326S04141381WA0142601537
B1721291849304S04141385WA0143001540
B1721331849311S04141362WA0143301542
B1721371849320S04141349WA0144501554
B1721411849337S04141340WA0144501555
B1721451849356S04141336WA0145001560
B1721491849377S04141333WA0145101560
B1721531849396S04141328WA0145201561
B1721571849417S04141325WA0145301562
B1722011849440S04141327WA0145601565
B1722051849458S04141329WA0146101569
B1722091849478S04141322WA0146101570
B1722131849498S04141314WA0146301573
B1722171849517S04141311WA0146601574
B1722211849539S04141304WA0146301574
B1722251849562S04141298WA0145901568
B1722291849593S04141292WA0145001560
B1722331849625S04141292WA0144601557
B1722371849658S04141292WA0144001551
B1722411849692S04141291WA0143301543
B1722451849724S04141289WA0142301533
B1722491849753S04141282WA0141101521
B1722531849785S04141282WA0139701506
B1722571849817S04141284WA0138401493
B1723011849848S04141281WA0137101479
B1723051849881S04141283WA0135401461
B1723091849915S04141286WA0134001447
B1723131849951S04141285WA0132801434
B1723171849985S04141282WA0132201427
B1723211850018S04141284WA0131101416
B1723251850052S04141285WA0130301406
B1723291850084S04141284WA0129501398
B1723331850118S04141285WA0128401388
B1723371850153S04141286WA0127501377
B1723411850185S04141285WA0127001372
B1723451850217S04141283WA0126401366
B1723491850250S04141285WA0125801359
B1723531850281S04141286WA0125201353
B1723571850313S04141290WA0124401344
B1724011850345S04141291WA0123801338
B1724051850377S04141289WA0123101330
B1724091850409S04141286WA0122501324
B1724131850439S04141286WA0121901318
B1724171850470S04141285WA0121301311
B1724211850498S04141283WA0120601303
B1724251850528S04141283WA0119301291
B1724291850560S04141284WA0118101278
B1724331850591S04141284WA0117001268
B1724371850621S04141286WA0116401260
B1724411850651S04141289WA0115101247
B1724451850683S04141291WA0114001235
B1724491850715S04141293WA0112801222
B1724531850746S04141296WA0112101214
B1724571850776S04141298WA0111201204
B1725011850805S04141302WA0110601198
B1725051850831S04141308WA0109601188
B1725091850859S04141313WA0108801178
B1725131850887S04141318WA0107901170
B1725171850915S04141320WA0107001160
B1725211850945S04141326WA0105901148
B1725251850974S04141334WA0105001139
B1725291851004S04141343WA0104001128
B1725331851035S04141353WA0103001118
B1725371851061S04141353WA0102701114
B1725411851088S04141352WA0101801104
B1725451851117S04141353WA0101001096
B1725491851140S04141354WA0100901095
B1725531851165S04141353WA0100201087
B1725571851193S04141348WA0099401079
B1726011851219S04141341WA0098501070
B1726051851249S04141333WA0097701062
B1726091851279S04141329WA0097401059
B1726131851311S04141327WA0096801053
B1726171851343S04141323WA0096401050
B1726211851372S04141323WA0096201048
B1726251851402S04141324WA0095701043
B1726291851431S04141324WA0095501041
B1726331851461S04141324WA0095001036
B1726371851490S04141322WA0094601032
B1726411851519S04141320WA0094201028
B1726451851550S04141322WA0093301018
B1726491851581S04141324WA0092601012
B1726531851611S04141326WA0092001006
B1726571851638S04141322WA0091300997
B1727011851667S04141318WA0090300989
B1727051851695S04141314WA0089900984
B1727091851725S04141312WA0089400978
B1727131851756S04141310WA0088700972
B1727171851785S04141308WA0088600971
B1727211851811S04141307WA0088600969
B1727251851840S04141305WA0088200965
B1727291851866S04141297WA0088100963
B1727331851896S04141290WA0087400956
B1727371851929S04141284WA0087100954
B1727411851955S04141283WA0088400965
B1727451851978S04141280WA0088400964
B1727491852001S04141275WA0088400964
B1727531852025S04141268WA0087500957
B1727571852052S04141258WA0086500947
B1728011852076S04141250WA0085700939
B1728051852105S04141244WA0084800930
B1728091852132S04141238WA0084300924
B1728131852159S04141228WA0083700917
B1728171852187S04141222WA0082800908
B1728211852215S04141212WA0082400904
B1728251852236S04141208WA0082400905
B1728291852250S04141230WA0080900889
B1728331852234S04141256WA0080200882
B1728371852208S04141263WA0080100880
B1728411852185S04141272WA0079400873
B1728451852156S04141282WA0078200862
B1728491852129S04141293WA0077700856
B1728531852110S04141302WA0077200850
B1728571852083S04141318WA0075700835
B1729011852059S04141339WA0075100828
B1729051852033S04141358WA0074300819
B1729091852006S04141371WA0073700812
B1729131851975S04141386WA0072600802
B1729171851947S04141400WA0072400799
B1729211851921S04141413WA0072000794
B1729251851893S04141428WA0070700781
B1729291851865S04141442WA0070300776
B1729331851837S04141456WA0069500767
B1729371851808S04141468WA0069000761
B1729411851780S04141482WA0068400754
B1729451851751S04141496WA0068100752
B1729491851722S04141504WA0067900749
B1729531851691S04141513WA0068000749
B1729571851665S04141513WA0068200751
B1730011851637S04141513WA0068200752
B1730051851611S04141514WA0068100751
B1730091851586S04141520WA0067700746
B1730131851560S04141526WA0067300741
B1730171851538S04141541WA0067100740
B1730211851516S04141561WA0066600735
B1730251851498S04141584WA0065800728
B1730291851481S04141615WA0064700717
B1730331851469S04141642WA0064500715
B1730371851457S04141667WA0064800718
B1730411851448S04141686WA0065100721
B1730451851441S04141709WA0065200722
B1730491851435S04141730WA0065300723
B1730531851427S04141752WA0066000730
B1730571851412S04141769WA0066400734
B1731011851386S04141769WA0066400734
B1731051851377S04141747WA0066700737
B1731091851393S04141739WA0067100742
B1731131851414S04141741WA0067200743
B1731171851428S04141748WA0067700746
B1731211851424S04141768WA0067100741
B1731251851402S04141782WA0067300743
B1731291851376S04141789WA0067400744
B1731331851352S04141778WA0067500746
B1731371851336S04141761WA0068300753
B1731411851318S04141744WA0068200753
B1731451851306S04141725WA0068800759
B1731491851306S04141707WA0068700759
B1731531851327S04141709WA0068100752
B1731571851341S04141720WA0068800758
B1732011851346S04141746WA0068600757
B1732051851331S04141767WA0069000763
B1732091851315S04141794WA0068800762
B1732131851298S04141825WA0068900763
B1732171851280S04141851WA0069200765
B1732211851259S04141879WA0068800762
B1732251851241S04141903WA0069100765
B1732291851222S04141928WA0069000764
B1732331851203S04141956WA0068800762
B1732371851184S04141982WA0068900762
B1732411851164S04142007WA0069000762
B1732451851143S04142027WA0069700770
B1732491851129S04142046WA0070700779
B1732531851139S04142066WA0071300784
B1732571851156S04142058WA0071600789
B1733011851161S04142039WA0071800791
B1733051851149S04142018WA0072000795
B1733091851128S04142015WA0072700802
B1733131851112S04142035WA0072800804
B1733171851115S04142058WA0073400810
B1733211851129S04142069WA0073900815
B1733251851143S04142057WA0073800814
B1733291851142S04142034WA0073700814
B1733331851129S04142017WA0074300821
B1733371851108S04142012WA0074400822
B1733411851086S04142020WA0074700824
B1733451851067S04142040WA0074800826
B1733491851065S04142065WA0074900827
B1733531851083S04142076WA0075000826
B1733571851093S04142067WA0075500831
B1734011851104S04142048WA0075300829
B1734051851120S04142036WA0075700832
B1734091851138S04142037WA0075800832
B1734131851156S04142030WA0075200826
B1734171851164S04142009WA0074900822
B1734211851172S04141989WA0074600819
B1734251851185S04141966WA0074200816
B1734291851198S04141948WA0074200815
B1734331851207S04141926WA0074500817
B1734371851214S04141902WA0074400818
B1734411851226S04141880WA0074300817
B1734451851243S04141868WA0075100825
B1734491851261S04141877WA0075600830
B1734531851250S04141897WA0075500830
B1734571851226S04141892WA0075600831
B1735011851210S04141874WA0076000835
B1735051851212S04141853WA0076600841
B1735091851228S04141856WA0077700851
B1735131851219S04141877WA0078300859
B1735171851203S04141867WA0079200868
B1735211851204S04141848WA0079900877
B1735251851222S04141845WA0080700885
B1735291851229S04141865WA0081400895
B1735331851212S04141874WA0082200903
B1735371851200S04141855WA0082700907
B1735411851209S04141841WA0083800917
B1735451851224S04141851WA0084600926
B1735491851212S04141867WA0085100932
B1735531851196S04141853WA0085800938
B1735571851201S04141836WA0086800948
B1736011851214S04141831WA0087400954
B1736051851217S04141853WA0087200955
B1736091851196S04141869WA0088000964
B1736131851173S04141870WA0089000972
B1736171851164S04141854WA0089500978
B1736211851176S04141842WA0090200985
B1736251851190S04141848WA0090900991
B1736291851183S04141869WA0091300995
B1736331851160S04141870WA0091901001
B1736371851154S04141852WA0092601007
B1736411851162S04141838WA0093001011
B1736451851179S04141841WA0093601017
B1736491851188S04141858WA0094201023
B1736531851172S04141877WA0094301025
B1736571851146S04141872WA0094701030
B1737011851134S04141852WA0095501038
B1737051851140S04141837WA0096201045
B1737091851152S04141849WA0096601049
B1737131851144S04141871WA0097301055
B1737171851118S04141878WA0097601058
B1737211851101S04141862WA0098301066
B1737251851108S04141845WA0098501070
B1737291851122S04141847WA0099101076
B1737331851132S04141867WA0099301078
B1737371851131S04141891WA0099901085
B1737411851107S04141903WA0100101087
B1737451851087S04141890WA0100401090
B1737491851097S04141871WA0100101087
B1737531851117S04141879WA0100901094
B1737571851121S04141899WA0101501101
B1738011851118S04141929WA0101201098
B1738051851124S04141953WA0101401099
B1738091851131S04141982WA0101101097
B1738131851138S04142007WA0101601102
B1738171851148S04142037WA0101001095
B1738211851155S04142066WA0101101096
B1738251851160S04142101WA0099801083
B1738291851172S04142135WA0099201076
B1738331851181S04142166WA0098901072
B1738371851191S04142197WA0098301067
B1738411851203S04142227WA0097901062
B1738451851211S04142252WA0098201066
B1738491851216S04142277WA0097601059
B1738531851224S04142303WA0097101054
B1738571851231S04142328WA0096301045
B1739011851243S04142351WA0095701038
B1739051851256S04142380WA0094201026
B1739091851274S04142414WA0093001015
B1739131851287S04142446WA0092101003
B1739171851302S04142479WA0090600987
B1739211851318S04142510WA0089500976
B1739251851334S04142543WA0088000961
B1739291851350S04142576WA0086800949
B1739331851365S04142609WA0085800937
B1739371851382S04142643WA0084800927
B1739411851400S04142673WA0084200920
B1739451851417S04142704WA0083600913
B1739491851437S04142737WA0083700911
B1739531851446S04142757WA0085200927
B1739571851436S04142780WA0085000925
B1740011851415S04142771WA0085100926
B1740051851419S04142752WA0084800924
B1740091851440S04142744WA0084700922
B1740131851457S04142761WA0084800923
B1740171851466S04142789WA0084700923
B1740211851473S04142816WA0084800923
B1740251851480S04142843WA0084100914
B1740291851489S04142867WA0083500910
B1740331851500S04142898WA0081600893
B1740371851510S04142936WA0080100878
B1740411851519S04142970WA0079200869
B1740451851530S04143005WA0078000856
B1740491851549S04143035WA0077100845
B1740531851572S04143065WA0075900834
B1740571851595S04143092WA0075600830
B1741011851614S04143121WA0074900821
B1741051851633S04143152WA0074000810
B1741091851649S04143187WA0073000801
B1741131851665S04143215WA0072500795
B1741171851682S04143245WA0071500784
B1741211851700S04143275WA0070600774
B1741251851717S04143306WA0069500763
B1741291851738S04143335WA0068600754
B1741331851761S04143361WA0067700744
B1741371851783S04143388WA0066700733
B1741411851804S04143416WA0066000725
B1741451851821S04143446WA0065300717
B1741491851833S04143481WA0064400708
B1741531851842S04143515WA0064300707
B1741571851848S04143543WA0065200715
B1742011851855S04143565WA0064900712
B1742051851874S04143578WA0064300708
B1742091851893S04143592WA0063700702
B1742131851904S04143614WA0063600701
B1742171851910S04143641WA0062300687
B1742211851917S04143664WA0061800682
B1742251851930S04143691WA0060000667
B1742291851944S04143727WA0058600653
B1742331851957S04143758WA0058000646
B1742371851971S04143791WA0056800634
B1742411851984S04143826WA0055600622
B1742451851998S04143858WA0054900613
B1742491852019S04143883WA0053900602
B1742531852043S04143906WA0052600589
B1742571852064S04143932WA0051800580
B1743011852082S04143957WA0050900570
B1743051852103S04143984WA0049600556
B1743091852125S04144008WA0048700545
B1743131852148S04144032WA0047600533
B1743171852171S04144061WA0046400521
B1743211852194S04144089WA0045600512
B1743251852215S04144115WA0044800504
B1743491852383S04144209WA0039300446
B1743531852416S04144223WA0038500438
B1743571852446S04144238WA0038700439
B1744011852465S04144254WA0040200453
B1744051852479S04144266WA0040800460
B1744091852492S04144257WA0041000464
B1744131852481S04144241WA0041800472
B1744171852461S04144251WA0042500481
B1744211852455S04144281WA0042600482
B1744251852454S04144310WA0043300489
B1744291852472S04144324WA0043700492
B1744331852489S04144321WA0044000495
B1744371852496S04144301WA0044200499
B1744411852488S04144283WA0044700504
B1744451852467S04144279WA0045600515
B1744491852452S04144301WA0045700518
B1744531852448S04144331WA0046100522
B1744571852446S04144358WA0046600528
B1745011852457S04144375WA0046900531
B1745051852476S04144371WA0047100535
B1745091852489S04144354WA0046900532
B1745131852502S04144336WA0047300537
B1745171852506S04144316WA0047600539
B1745211852486S04144304WA0047800542
B1745251852458S04144309WA0048700550
B1745291852443S04144331WA0049100555
B1745331852456S04144350WA0049700561
B1745371852473S04144344WA0050000564
B1745411852476S04144323WA0050800572
B1745451852457S04144310WA0051500579
B1745491852432S04144318WA0052100585
B1745531852424S04144344WA0052700591
B1745571852435S04144362WA0053500598
B1746011852451S04144352WA0053700603
B1746051852446S04144334WA0054700613
B1746091852422S04144334WA0055400620
B1746131852408S04144357WA0056300628
B1746171852417S04144378WA0057000634
B1746211852432S04144371WA0057400639
B1746251852427S04144355WA0058400650
B1746291852403S04144351WA0059000656
B1746331852388S04144374WA0059700662
B1746371852393S04144398WA0060200667
B1746411852410S04144406WA0060800674
B1746451852418S04144390WA0060900676
B1746491852408S04144372WA0061700684
B1746531852385S04144369WA0062400691
B1746571852368S04144388WA0062900696
B1747011852373S04144413WA0063300700
B1747051852389S04144419WA0064000706
B1747091852401S04144403WA0064200710
B1747131852390S04144383WA0064700716
B1747171852368S04144380WA0065500723
B1747211852350S04144400WA0066000728
B1747251852352S04144425WA0066500734
B1747291852368S04144439WA0067000740
B1747331852381S04144426WA0067300742
B1747371852379S04144402WA0067800749
B1747411852370S04144386WA0068400755
B1747451852345S04144391WA0068900759
B1747491852339S04144416WA0069400762
B1747531852353S04144434WA0069600765
B1747571852369S04144428WA0069900768
B1748011852380S04144410WA0070200771
B1748051852377S04144389WA0070500775
B1748091852354S04144375WA0070800780
B1748131852330S04144384WA0071400787
B1748171852319S04144410WA0071700790
B1748211852326S04144434WA0072000791
B1748251852343S04144441WA0072500797
B1748291852350S04144421WA0072800802
B1748331852337S04144404WA0073400809
B1748371852311S04144403WA0073800814
B1748411852298S04144425WA0074100817
B1748451852300S04144453WA0074200817
B1748491852313S04144474WA0074600822
B1748531852330S04144479WA0075200827
B1748571852338S04144460WA0075400830
B1749011852323S04144446WA0075900835
B1749051852298S04144461WA0075900837
B1749091852290S04144484WA0076400841
B1749131852292S04144514WA0076600843
B1749171852303S04144531WA0077100848
B1749211852324S04144529WA0077100848
B1749251852341S04144520WA0077600853
B1749291852348S04144501WA0077800854
B1749331852333S04144488WA0078300859
B1749371852309S04144499WA0078200858
B1749411852303S04144523WA0078800865
B1749451852315S04144544WA0078800865
B1749491852333S04144549WA0079300869
B1749531852351S04144544WA0079600871
B1749571852354S04144524WA0079800874
B1750011852334S04144516WA0079800874
B1750051852313S04144534WA0079800874
B1750091852305S04144555WA0080400881
B1750131852318S04144571WA0080400881
B1750171852337S04144565WA0080400881
B1750211852350S04144550WA0080800884
B1750251852349S04144526WA0080500883
B1750291852336S04144510WA0080300879
B1750331852306S04144520WA0078800866
B1750371852299S04144546WA0079700874
B1750411852298S04144576WA0079100867
B1750451852300S04144602WA0079700872
B1750491852300S04144629WA0079300867
B1750531852302S04144655WA0079000862
B1750571852305S04144681WA0078500856
B1751011852311S04144707WA0078000850
B1751051852317S04144733WA0077400843
B1751091852319S04144759WA0077400843
B1751131852322S04144786WA0077200840
B1751171852324S04144814WA0077100839
B1751211852328S04144839WA0076600833
B1751251852333S04144868WA0076000826
B1751291852336S04144896WA0075700821
B1751331852338S04144925WA0075000815
B1751371852340S04144953WA0074400809
B1751411852342S04144981WA0074000805
B1751451852345S04145009WA0073200796
B1751491852347S04145036WA0072700791
B1751531852350S04145065WA0072100785
B1751571852351S04145094WA0071900783
B1752011852352S04145124WA0071600780
B1752051852354S04145153WA0071600781
B1752091852354S04145182WA0071200776
B1752131852354S04145212WA0070900774
B1752171852356S04145241WA0070400769
B1752211852358S04145272WA0070000764
B1752251852360S04145304WA0069500760
B1752291852360S04145334WA0069100755
B1752331852364S04145366WA0068200746
B1752371852369S04145396WA0067400737
B1752411852371S04145431WA0066100723
B1752451852373S04145458WA0066100724
B1752491852379S04145485WA0065000713
B1752531852392S04145513WA0064000705
B1752571852406S04145549WA0062300689
B1753011852418S04145588WA0061400680
B1753051852428S04145624WA0060400669
B1753091852437S04145663WA0059200657
B1753131852443S04145702WA0058100645
B1753171852450S04145741WA0057100634
B1753211852456S04145783WA0056000622
B1753251852459S04145817WA0056200622
B1753291852461S04145841WA0055600616
B1753331852460S04145874WA0055000610
B1753371852458S04145904WA0054200601
B1753411852459S04145938WA0053700596
B1753451852458S04145968WA0053700597
B1753491852458S04146001WA0052800588
B1753531852463S04146031WA0052300582
B1753571852468S04146061WA0051600573
B1754011852475S04146088WA0050900566
B1754051852485S04146117WA0050000558
B1754091852496S04146146WA0049000547
B1754131852505S04146175WA0048500544
B1754171852519S04146200WA0047700531
B1754211852533S04146227WA0046900524
B1754251852548S04146262WA0045000510
B1754291852567S04146303WA0043600499
B1754331852587S04146336WA0043200493
B1754371852606S04146374WA0042000481
B1754411852625S04146411WA0041200472
B1754451852644S04146450WA0040300463
B1754491852662S04146488WA0039600454
B1754531852679S04146526WA0038800445
B1754571852695S04146566WA0037500431
B1755011852711S04146607WA0036700422
B1755051852725S04146646WA0035900412
B1755091852736S04146686WA0035100403
B1755131852749S04146725WA0034600396
B1755171852765S04146760WA0034700394
B1755211852777S04146780WA0035600401
B1755251852790S04146803WA0035600400
B1755291852809S04146815WA0036000400
B1755331852830S04146809WA0035800397
B1755371852837S04146789WA0035900397
B1755411852833S04146770WA0036200401
B1755451852828S04146752WA0036400404
B1755491852811S04146751WA0036000401
B1755531852796S04146768WA0036100403
B1755571852788S04146791WA0035800401
B1756011852782S04146815WA0035900401
B1756051852786S04146843WA0035700401
B1756091852797S04146868WA0035800401
B1756131852804S04146897WA0035800402
B1756171852811S04146922WA0035500399
B1756211852821S04146949WA0034900394
B1756251852837S04146966WA0034500389
B1756291852862S04146973WA0033600380
B1756331852883S04146973WA0033200375
B1756371852901S04146961WA0032400366
B1756411852915S04146944WA0032000360
B1756451852929S04146928WA0031700357
B1756491852942S04146910WA0031000351
B1756531852945S04146889WA0030800349
B1756571852937S04146868WA0030300344
B1757011852925S04146849WA0030200343
B1757051852910S04146832WA0030300345
B1757091852896S04146820WA0030400346
B1757131852880S04146813WA0030200344
B1757171852859S04146815WA0029400337
B1757211852833S04146821WA0028900332
B1757251852810S04146828WA0028600329
B1757291852785S04146839WA0028100324
B1757331852761S04146849WA0028300325
B1757371852738S04146863WA0028000323
B1757411852719S04146872WA0028400326
B1757451852704S04146893WA0027700320
B1757491852687S04146912WA0027500319
B1757531852668S04146929WA0027400319
B1757571852650S04146941WA0027800323
B1758011852637S04146928WA0027300316
B1758051852651S04146920WA0027000312
B1758091852669S04146936WA0026600307
B1758131852671S04146964WA0027000311
B1758171852665S04146988WA0027100311
B1758211852642S04146994WA0026800309
B1758251852629S04146986WA0026500304
B1758291852646S04146980WA0025500293
B1758331852664S04146995WA0025300290
B1758371852682S04147019WA0024900286
B1758411852695S04147039WA0025300289
B1758451852702S04147067WA0025000287
B1758491852705S04147097WA0024600283
B1758531852693S04147123WA0024500280
B1758571852692S04147148WA0024800282
B1759011852699S04147177WA0024400278
B1759051852698S04147204WA0024400277
B1759091852693S04147230WA0024100275
B1759131852686S04147256WA0024100275
B1759171852679S04147280WA0023900273
B1759211852668S04147300WA0023900273
B1759251852656S04147319WA0023600268
B1759291852649S04147341WA0023500266
B1759331852642S04147366WA0022900260
B1759371852633S04147391WA0022500256
B1759411852624S04147415WA0022100252
B1759451852613S04147437WA0021600247
B1759491852603S04147461WA0021300244
B1759531852593S04147485WA0020900241
B1759571852586S04147510WA0020600237
B1800011852580S04147536WA0020200233
B1800051852573S04147563WA0020100232
B1800091852566S04147589WA0020000230
B1800131852562S04147618WA0019700227
B1800171852557S04147649WA0019200223
B1800211852550S04147677WA0018900220
B1800251852542S04147703WA0018500216
B1800291852534S04147732WA0018000212
B1800331852530S04147759WA0017900210
B1800371852531S04147790WA0017100201
B1800411852536S04147820WA0016800199
B1800451852545S04147848WA0016500195
B1800491852550S04147874WA0015800189
B1800531852549S04147902WA0015800188
B1800571852546S04147926WA0015700188
B1801011852540S04147950WA0015400184
B1801051852544S04147977WA0014800177
B1801091852548S04148007WA0014500174
B1801131852553S04148030WA0014500173
B1801171852559S04148053WA0014100168
B1801211852549S04148072WA0013800166
B1801251852535S04148077WA0013800166
B1801291852523S04148075WA0013400163
B1801331852526S04148058WA0013000158
B1801371852526S04148044WA0012700154
B1801411852520S04148034WA0012300148
B1801451852521S04148034WA0012300146
B1801491852521S04148034WA0012300146
B1801531852521S04148034WA0012300146
B1801571852521S04148034WA0012300146
B1802011852521S04148033WA0012300146
B1802051852521S04148033WA0012300146
B1802091852522S04148033WA0012300146
B1802131852522S04148033WA0012300146
B1802171852523S04148033WA0012300147
B1802211852524S04148032WA0012300146
B1802251852524S04148031WA0012300147
B1802291852523S04148032WA0012300147
B1802331852522S04148033WA0012300147
B1802371852522S04148036WA0012300147
B1802411852524S04148037WA0012300147
B1802451852525S04148039WA0012300146
B1802491852526S04148040WA0012300146
B1802531852526S04148040WA0012300147
B1802571852526S04148040WA0012300148
B1803011852526S04148041WA0012300148
B1803051852526S04148041WA0012300148
B1803091852526S04148041WA0012300147
B1803131852526S04148041WA0012300147
B1803171852526S04148041WA0012300147
B1803211852526S04148041WA0012300146
B1803251852526S04148041WA0012300146
B1803291852526S04148041WA0012300146
B1803331852526S04148041WA0012300146
B1803371852526S04148041WA0012300146
B1803411852526S04148041WA0012400145
B1803451852526S04148041WA0012300145
B1803491852526S04148041WA0012300145
B1803531852525S04148041WA0012200145
B1803571852526S04148041WA0012300144
B1804011852526S04148041WA0012200143
B1804051852525S04148041WA0012200143
B1804091852525S04148041WA0012200143
B1804131852526S04148041WA0012200142
B1804171852526S04148041WA0012300142
B1804211852526S04148041WA0012300142
B1804251852526S04148042WA0012300142
B1804291852526S04148042WA0012300142
B1804331852526S04148042WA0012200142
B1804371852526S04148042WA0012300142
B1804411852526S04148042WA0012300142
B1804451852526S04148042WA0012300142
B1804491852526S04148041WA0012300142
B1804531852525S04148041WA0012300142
B1804571852526S04148041WA0012300142
B1805011852526S04148041WA0012300142
B1805051852526S04148041WA0012300143
B1805091852526S04148041WA0012300143
B1805131852525S04148041WA0012300143
B1805171852526S04148041WA0012300143
B1805211852526S04148041WA0012300143
B1805251852526S04148041WA0012300143
B1805291852526S04148041WA0012300144
B1805331852526S04148041WA0012300143
B1805371852526S04148041WA0012300143
B1805411852526S04148041WA0012300143
B1805451852526S04148041WA0012300144
B1805491852526S04148041WA0012300143
B1805531852526S04148041WA0012300144
B1805571852526S04148041WA0012300144
B1806011852526S04148041WA0012300144
B1806051852526S04148041WA0012300144
B1806091852526S04148041WA0012300144
B1806131852526S04148041WA0012300144
B1806171852526S04148041WA0012300144
B1806211852526S04148041WA0012300144
B1806251852526S04148041WA0012300145
B1806291852526S04148041WA0012300145
B1806331852526S04148041WA0012300145
B1806371852526S04148041WA0012300145
B1806411852526S04148041WA0012300144
B1806451852526S04148041WA0012300144
B1806491852526S04148041WA0012300144
B1806531852526S04148041WA0012300144
B1806571852526S04148041WA0012300143
B1807011852526S04148041WA0012300143
B1807051852526S04148041WA0012300143
B1807091852526S04148041WA0012300143
B1807131852526S04148041WA0012300143
B1807171852526S04148041WA0012300143
B1807211852526S04148041WA0012300143
B1807251852526S04148041WA0012300143
B1807291852526S04148041WA0012300143
B1807331852526S04148041WA0012300143
B1807371852526S04148041WA0012300144
B1807411852526S04148041WA0012300144
B1807451852526S04148041WA0012300144
B1807491852526S04148041WA0012300144
B1807531852526S04148041WA0012300144
B1807571852526S04148042WA0012300144
B1808011852526S04148042WA0012300144
B1808051852526S04148042WA0012300145
B1808091852526S04148041WA0012300145
B1808131852526S04148041WA0012300145
B1808171852526S04148041WA0012300144
B1808211852526S04148042WA0012300144
B1808251852526S04148042WA0012300144
B1808291852526S04148042WA0012300144
B1808331852526S04148042WA0012300144
B1808371852526S04148042WA0012300145
B1808411852526S04148042WA0012300145
B1808451852526S04148042WA0012300145
B1808491852526S04148042WA0012300144
B1808531852526S04148042WA0012300145
B1808571852526S04148041WA0012300145
B1809011852526S04148041WA0012200145
B1809051852526S04148041WA0012300145
B1809091852526S04148041WA0012300145
B1809131852526S04148041WA0012300145
B1809171852526S04148042WA0012300145
B1809211852526S04148041WA0012300145
B1809251852526S04148042WA0012300145
B1809291852526S04148041WA0012300145
B1809331852526S04148042WA0012300145
B1809371852526S04148041WA0012300144
B1809411852526S04148041WA0012200145
B1809451852526S04148041WA0012000145
B1809491852526S04148041WA0012100145
B1809531852526S04148041WA0012100145
B1809571852526S04148041WA0012000145
B1810011852526S04148041WA0012000145
B1810051852526S04148041WA0012100145
B1810091852526S04148041WA0012100145
B1810131852526S04148041WA0012100145
B1810171852526S04148041WA0012000145
B1810211852526S04148041WA0012000145
B1810251852526S04148041WA0012100145
B1810291852526S04148042WA0012300145
B1810331852526S04148042WA0012300145
B1810371852526S04148042WA0012300144
B1810411852527S04148042WA0012300144
B1810451852527S04148042WA0012300144
B1810491852527S04148042WA0012300144
B1810531852527S04148041WA0012300144
B1810571852527S04148041WA0012300144
B1811011852527S04148041WA0012300144
B1811051852527S04148041WA0012300144
B1811091852527S04148041WA0012300144
B1811131852527S04148041WA0012300144
B1811171852527S04148041WA0012300145
B1811211852527S04148041WA0012300145
B1811251852527S04148041WA0012300145
B1811291852526S04148041WA0012300145
B1811331852527S04148041WA0012300145
B1811371852527S04148041WA0012300145
B1811411852527S04148041WA0012300145
B1811451852527S04148041WA0012300145
B1811491852527S04148041WA0012300145
B1811531852527S04148041WA0012300145
B1811571852527S04148041WA0012300145
B1812011852527S04148041WA0012300145
B1812051852527S04148041WA0012300145
B1812091852527S04148041WA0012300145
B1812131852527S04148041WA0012300146
B1812171852527S04148041WA0012300145
B1812211852527S04148041WA0012300145
B1812251852527S04148041WA0012300145
B1812291852527S04148041WA0012300145
B1812331852527S04148041WA0012300145
B1812371852527S04148041WA0012300145
B1812411852527S04148041WA0012300145
B1812451852527S04148041WA0012300146
B1812491852527S04148041WA0012300145
B1812531852527S04148041WA0012300145
B1812571852527S04148041WA0012300145
B1813011852527S04148041WA0012300145
B1813051852527S04148041WA0012300145
B1813091852527S04148041WA0012300145
B1813131852527S04148041WA0012300146
B1813171852527S04148041WA0012300146
B1813211852527S04148041WA0012300146
B1813251852526S04148041WA0012300146
B1813291852526S04148041WA0012300146
B1813331852526S04148041WA0012300146
B1813371852527S04148041WA0012300146
B1813411852527S04148041WA0012300146
B1813451852527S04148041WA0012300146
B1813491852526S04148041WA0012300146
B1813531852526S04148041WA0012300145
B1813571852526S04148041WA0012300145
B1814011852526S04148041WA0012300146
B1814051852526S04148041WA0012300146
B1814091852526S04148042WA0012300146
B1814131852526S04148042WA0012300146
B1814171852526S04148041WA0012300146
B1814211852526S04148041WA0012300146
B1814251852526S04148041WA0012300146
B1814291852526S04148041WA0012300145
B1814331852526S04148041WA0012300145
B1814371852526S04148041WA0012300145
B1814411852526S04148041WA0012300145
B1814451852527S04148041WA0012300145
B1814491852527S04148041WA0012300145
B1814531852527S04148041WA0012300145
B1814571852526S04148041WA0012300145
B1815011852527S04148041WA0012300145
B1815051852527S04148041WA0012300145
B1815091852527S04148041WA0012300145
B1815131852527S04148042WA0012300145
B1815171852527S04148041WA0012300145
B1815211852527S04148041WA0012300145
B1815251852527S04148041WA0012300145
B1815291852526S04148041WA0012300145
B1815331852526S04148041WA0012300145
B1815371852527S04148041WA0012300145
B1815411852526S04148041WA0012300145
B1815451852526S04148041WA0012400145
B1815491852526S04148041WA0012400145
B1815531852526S04148041WA0012300144
B1815571852526S04148041WA0012300144
B1816011852526S04148041WA0012300144
B1816051852526S04148041WA0012300144
B1816091852526S04148042WA0012300144
B1816131852526S04148042WA0012300144
B1816171852526S04148041WA0012300144
B1816211852526S04148041WA0012300143
B1816251852526S04148041WA0012300144
B1816291852526S04148041WA0012300144
B1816331852526S04148041WA0012300144
B1816371852526S04148041WA0012300143
B1816411852526S04148041WA0012300144
B1816451852526S04148042WA0012300144
B1816491852527S04148042WA0012300142
B1816531852527S04148042WA0012300143
B1816571852527S04148042WA0012300143
B1817011852527S04148042WA0012200142
B1817051852527S04148042WA0012100142
B1817091852527S04148042WA0012100142
B1817131852527S04148042WA0012100142
B1817171852527S04148042WA0012100142
B1817211852527S04148042WA0012100142
B1817251852527S04148042WA0012100141
B1817291852527S04148042WA0012100141
B1817331852527S04148042WA0012100141
B1817371852527S04148042WA0012100141
B1817411852527S04148042WA0012100141
B1817451852527S04148042WA0012100141
B1817491852527S04148042WA0012100141
B1817531852527S04148042WA0012100141
B1817571852527S04148042WA0012100141
B1818011852527S04148042WA0012100141
B1818051852527S04148042WA0012100141
B1818091852527S04148042WA0012100141
B1818131852527S04148042WA0012100141
B1818171852527S04148042WA0012100141
B1818211852527S04148042WA0012100141
B1818251852527S04148042WA0012100141
B1818291852527S04148042WA0012100141
B1818331852527S04148042WA0012100141
B1818371852527S04148042WA0012100140
B1818411852527S04148042WA0012200140
B1818451852527S04148042WA0012100140
B1818491852527S04148042WA0012100140
B1818531852527S04148042WA0012100140
B1818571852527S04148042WA0012100140
B1819011852527S04148042WA0012100140
B1819051852527S04148042WA0012100140
B1819091852527S04148042WA0012100140
B1819131852527S04148042WA0012100140
B1819171852527S04148042WA0012100140
B1819211852527S04148042WA0012100140
B1819251852527S04148042WA0012100140
B1819291852527S04148042WA0012100140
B1819331852527S04148042WA0012100140
B1819371852527S04148042WA0012100140
B1819411852527S04148042WA0012100140
B1819451852527S04148042WA0012100140
B1819491852527S04148042WA0012100140
B1819531852527S04148042WA0012100140
B1819571852527S04148042WA0012200140
B1820011852527S04148042WA0012100140
B1820051852527S04148042WA0012200140
B1820091852527S04148042WA0012200140
B1820131852527S04148042WA0012100140
B1820171852527S04148042WA0012100139
B1820211852527S04148042WA0012200140
B1820251852527S04148042WA0012100140
B1820291852527S04148041WA0012100140
B1820331852527S04148041WA0012100140
B1820371852527S04148041WA0012200140
B1820411852528S04148041WA0012200140
B1820451852528S04148041WA0012100141
B1820491852528S04148041WA0012200141
B1820531852528S04148041WA0012200141
B1820571852528S04148041WA0012200141
B1821011852528S04148041WA0012200141
B1821051852527S04148041WA0012100141
B1821091852528S04148041WA0012100141
B1821131852527S04148042WA0012100141
B1821171852527S04148042WA0012100141
B1821211852527S04148042WA0012100141
B1821251852527S04148042WA0012100141
B1821291852527S04148042WA0012200141
B1821331852527S04148042WA0012200141
B1821371852527S04148042WA0012100141
B1821411852527S04148042WA0012100141
B1821451852527S04148042WA0012100141
B1821491852528S04148042WA0012100141
B1821531852527S04148042WA0012100141
B1821571852527S04148042WA0012100141
B1822011852527S04148042WA0012100141
B1822051852527S04148042WA0012100141
B1822091852527S04148042WA0012100141
B1822131852527S04148041WA0012100142
B1822171852528S04148041WA0012100142
B1822211852528S04148041WA0012100142
B1822251852528S04148041WA0012100142
B1822291852527S04148041WA0012200142
B1822331852527S04148041WA0012100142
B1822371852527S04148041WA0012100142
B1822411852527S04148041WA0012100142
B1822451852527S04148041WA0012200142
B1822491852528S04148041WA0012200142
B1822531852527S04148041WA0012100142
B1822571852527S04148041WA0012100142
B1823011852527S04148042WA0012100142
B1823051852527S04148042WA0012000141
B1823091852527S04148042WA0011900142
B1823131852527S04148042WA0012000142
B1823171852527S04148042WA0012000143
B1823211852527S04148041WA0011900143
B1823251852527S04148041WA0012000143
B1823291852527S04148041WA0012000143
B1823331852527S04148041WA0011900144
B1823371852527S04148041WA0011900144
B1823411852527S04148041WA0012000144
B1823451852527S04148041WA0011900143
B1823491852527S04148041WA0011900143
B1823531852527S04148041WA0012000143
B1823571852527S04148041WA0011900143
B1824011852527S04148041WA0011900143
B1824051852527S04148041WA0012000143
B1824091852528S04148041WA0012000143
B1824131852528S04148041WA0012000144
B1824171852528S04148041WA0012000144
B1824211852528S04148041WA0012000144
B1824251852527S04148041WA0012000144
B1824291852527S04148041WA0012000144
B1824331852527S04148041WA0012000144
B1824371852527S04148041WA0012000144
B1824411852527S04148041WA0012000145
B1824451852527S04148041WA0012000145
B1824491852527S04148041WA0012000146
B1824531852527S04148041WA0012000146
B1824571852527S04148040WA0012300145
B1825011852527S04148041WA0012300145
B1825051852527S04148041WA0012300146
B1825091852527S04148041WA0012300146
B1825131852527S04148041WA0012300146
B1825171852527S04148041WA0012300146
B1825211852527S04148041WA0012300146
B1825251852527S04148040WA0012300146
B1825291852527S04148041WA0012300146
B1825331852527S04148041WA0012300145
B1825371852527S04148041WA0012300145
B1825411852527S04148041WA0012300144
B1825451852527S04148041WA0012300144
B1825491852527S04148041WA0012300144
B1825531852526S04148041WA0012300145
B1825571852526S04148041WA0012300145
B1826011852526S04148041WA0012300144
B1826051852526S04148041WA0012300144
B1826091852526S04148041WA0012300144
B1826131852526S04148041WA0012300144
B1826171852526S04148041WA0012300144
B1826211852526S04148041WA0012300144
B1826251852526S04148041WA0012300144
B1826291852526S04148041WA0012300144
B1826331852526S04148041WA0012300144
B1826371852526S04148041WA0012300144
B1826411852526S04148041WA0012300144
B1826451852526S04148041WA0012300144
B1826491852526S04148041WA0012300144
B1826531852526S04148041WA0012300144
B1826571852526S04148041WA0012300144
B1827011852526S04148041WA0012300144
B1827051852526S04148041WA0012300144
B1827091852526S04148041WA0012300144
B1827131852526S04148041WA0012300144
B1827171852526S04148041WA0012300144
B1827211852526S04148041WA0012300144
B1827251852526S04148041WA0012300144
B1827291852526S04148041WA0012300144
B1827331852526S04148041WA0012300144
B1827371852526S04148041WA0012300144
B1827411852526S04148041WA0012300144
B1827451852526S04148041WA0012300144
B1827491852526S04148041WA0012300144
B1827531852526S04148041WA0012300144
B1827571852526S04148041WA0012300144
B1828011852526S04148041WA0012300144
B1828051852526S04148041WA0012300144
B1828091852526S04148041WA0012300144
B1828131852525S04148041WA0012400144
B1828171852525S04148041WA0012500144
B1828211852525S04148041WA0012400144
B1828251852525S04148041WA0012400144
B1828291852525S04148041WA0012500144
B1828331852526S04148040WA0012500143
B1828371852526S04148040WA0012400142
B1828411852526S04148040WA0012500141
B1828451852526S04148040WA0012500141
B1828491852526S04148040WA0012500141
B1828531852526S04148040WA0012500142
B1828571852527S04148040WA0012500142
B1829011852530S04148040WA0012500142
B1829051852530S04148041WA0012500142
B1829091852530S04148041WA0012500141
B1829131852531S04148041WA0012500141
B1829171852531S04148041WA0012500141
B1829211852531S04148041WA0012500141
B1829251852531S04148041WA0012500140
B1829291852531S04148041WA0012500139
B1829331852532S04148041WA0012500139
B1829371852532S04148041WA0012500138
B1829411852532S04148041WA0012500138
B1829451852532S04148042WA0012500138
B1829491852534S04148042WA0012500137
B1829531852536S04148042WA0012500137
B1829571852536S04148043WA0012500137
B1830011852538S04148045WA0012500137
B1830051852539S04148044WA0012500138
B1830091852540S04148044WA0012500138
B1830131852543S04148044WA0012500140
B1830171852543S04148044WA0012500140
B1830211852544S04148043WA0012500141
B1830251852543S04148044WA0012500140
B1830291852542S04148044WA0012500141
B1830331852542S04148044WA0012500141
B1830371852542S04148043WA0012500142
B1830411852542S04148043WA0012500142
B1830451852542S04148043WA0012500142
B1830491852540S04148044WA0012500142
B1830531852539S04148046WA0012500141
B1830571852540S04148048WA0012500140
B1831011852540S04148049WA0012500139
B1831051852539S04148050WA0012500139
B1831091852540S04148052WA0012500138
B1831131852541S04148054WA0012500138
B1831171852542S04148056WA0012500139
B1831211852544S04148057WA0012500140
B1831251852545S04148056WA0012500141
B1831291852546S04148054WA0012500142
B1831331852547S04148055WA0012500140
B1831371852549S04148057WA0012500141
B1831411852550S04148057WA0012500141
B1831451852552S04148058WA0012500141
B1831491852554S04148057WA0012500139
B1831531852556S04148058WA0012500140
B1831571852557S04148060WA0012500142
B1832011852559S04148060WA0012500143
B1832051852560S04148062WA0012500144
B1832091852561S04148064WA0012500142
B1832131852561S04148066WA0012500143
B1832171852560S04148066WA0012500142
B1832211852560S04148066WA0012500142
B1832251852560S04148066WA0012500141
B1832291852560S04148066WA0012500142
B1832331852560S04148066WA0012500142
B1832371852560S04148066WA0012500143
B1832411852560S04148066WA0012500143
B1832451852560S04148067WA0012500142
B1832491852560S04148067WA0012500142
B1832531852561S04148068WA0012500139
B1832571852562S04148068WA0012500137
B1833011852563S04148066WA0012500138
B1833051852565S04148067WA0012500138
B1833091852566S04148066WA0012500139
B1833131852567S04148067WA0012500139
B1833171852567S04148069WA0012500139
B1833211852568S04148071WA0012500139
B1833251852568S04148071WA0012500139
B1833291852568S04148071WA0012500139
B1833331852568S04148071WA0012500141
B1833371852568S04148071WA0012500141
B1833411852569S04148071WA0012500142
B1833451852572S04148070WA0012500141
B1833491852575S04148071WA0012500139
B1833531852576S04148074WA0012500140
B1833571852576S04148077WA0012500140
B1834011852577S04148079WA0012500141
B1834051852577S04148081WA0012400141
B1834091852578S04148083WA0012500139
B1834131852578S04148085WA0012500139
B1834171852579S04148088WA0012500140
B1834211852579S04148090WA0012500141
B1834251852579S04148092WA0012500142
B1834291852580S04148094WA0012500141
B1834331852581S04148097WA0012500142
B1834371852582S04148099WA0012500141
B1834411852583S04148102WA0012500141
B1834451852584S04148104WA0012500141
B1834491852585S04148106WA0012500140
B1834531852585S04148108WA0012500140
B1834571852586S04148110WA0012500140
B1835011852586S04148112WA0012600140
B1835051852585S04148113WA0012600139
B1835091852585S04148113WA0012600139
B1835131852584S04148113WA0012600139
B1835171852585S04148114WA0012600139
B1835211852584S04148116WA0012600140
B1835251852584S04148116WA0012600140
B1835291852584S04148116WA0012600141
B1835331852585S04148117WA0012600141
B1835371852585S04148117WA0012600142
B1835411852585S04148118WA0012600142
B1835451852587S04148119WA0012600142
B1835491852588S04148120WA0012600141
B1835531852589S04148120WA0012600142
B1835571852589S04148120WA0012600142
B1836011852588S04148121WA0012600143
B1836051852588S04148121WA0012600143
B1836091852588S04148121WA0012500143
B1836131852588S04148122WA0012600143
B1836171852588S04148122WA0012500144
B1836211852588S04148122WA0012600144
B1836251852588S04148122WA0012500145
B1836291852588S04148122WA0012500146
B1836331852588S04148122WA0012600146
B1836371852588S04148121WA0012500146
B1836411852588S04148121WA0012500145
B1836451852588S04148121WA0012500144
B1836491852587S04148120WA0012600146
B1836531852585S04148119WA0012600144
B1836571852584S04148119WA0012600142
B1837011852586S04148120WA0012600142
B1837051852588S04148122WA0012600139
B1837091852588S04148122WA0012600140
B1837131852588S04148122WA0012600141
B1837171852588S04148122WA0012600142
B1837211852589S04148121WA0012600142
B1837251852589S04148121WA0012500143
B1837291852589S04148121WA0012500143
B1837331852589S04148122WA0012500144
B1837371852589S04148122WA0012500144
B1837411852589S04148122WA0012500143
B1837451852589S04148122WA0012500142
B1837491852589S04148122WA0012500142
B1837531852589S04148122WA0012500142
B1837571852590S04148122WA0012500142
B1838011852590S04148122WA0012500140
B1838051852590S04148122WA0012500140
B1838091852590S04148121WA0012500139
B1838131852590S04148121WA0012500139
B1838171852590S04148121WA0012500138
B1838211852590S04148121WA0012500138
B1838251852590S04148120WA0012500139
B1838291852590S04148121WA0012500140
B1838331852590S04148121WA0012500140
B1838371852589S04148121WA0012500141
B1838411852589S04148121WA0012500142
B1838451852589S04148121WA0012500144
B1838491852589S04148122WA0012500145
B1838531852589S04148123WA0012500147
B1838571852589S04148123WA0012500147
B1839011852589S04148123WA0012500147
B1839051852589S04148123WA0012500148
B1839091852589S04148123WA0012500147
B1839131852589S04148123WA0012500148
B1839171852588S04148123WA0012500148
B1839211852588S04148123WA0012500147
B1839251852588S04148123WA0012500148
B1839291852588S04148123WA0012500148
B1839331852588S04148123WA0012500147
B1839371852587S04148123WA0012500147
B1839411852588S04148123WA0012500147
B1839451852588S04148123WA0012500146
B1839491852588S04148123WA0012500145
B1839531852587S04148123WA0012500145
B1839571852588S04148123WA0012500144
B1840011852588S04148122WA0012500144
B1840051852588S04148122WA0012500143
B1840091852588S04148123WA0012500143
B1840131852589S04148122WA0012500144
B1840171852589S04148122WA0012500144
B1840211852589S04148122WA0012500143
B1840251852589S04148121WA0012500143
B1840291852589S04148121WA0012500142
B1840331852589S04148121WA0012500142
B1840371852588S04148120WA0012500141
B1840411852588S04148120WA0012500141
B1840451852588S04148120WA0012500141
B1840491852588S04148120WA0012500141
B1840531852588S04148120WA0012500142
B1840571852588S04148120WA0012500143
B1841011852588S04148119WA0012500143
B1841051852588S04148119WA0012500143
B1841091852588S04148119WA0012500142
B1841131852588S04148119WA0012500142
B1841171852588S04148119WA0012500142
B1841211852588S04148119WA0012500142
B1841251852588S04148119WA0012500142
B1841291852588S04148119WA0012500142
B1841331852588S04148120WA0012500143
B1841371852588S04148120WA0012600144
B1841411852588S04148120WA0012600146
B1841451852589S04148120WA0012600147
B1841491852589S04148120WA0012500147
B1841531852589S04148120WA0012500147
B1841571852589S04148121WA0012600147
B1842011852589S04148121WA0012500147
B1842051852589S04148121WA0012600147
B1842091852589S04148122WA0012600148
B1842131852589S04148122WA0012600148
B1842171852588S04148122WA0012600148
B1842211852588S04148122WA0012600148
B1842251852588S04148123WA0012500149
B1842291852588S04148123WA0012400150
B1842331852589S04148123WA0012500150
B1842371852589S04148123WA0012400150
B1842411852589S04148122WA0012500149
B1842451852590S04148122WA0012400149
B1842491852590S04148122WA0012400149
B1842531852590S04148122WA0012400149
B1842571852590S04148122WA0012400149
B1843011852590S04148122WA0012500149
B1843051852590S04148122WA0012400149
B1843091852590S04148122WA0012400149
B1843131852590S04148122WA0012500148
B1843171852590S04148122WA0012500148
B1843211852590S04148122WA0012400148
B1843251852589S04148122WA0012500147
B1843291852589S04148122WA0012500147
B1843331852589S04148122WA0012400147
B1843371852589S04148122WA0012400146
B1843411852589S04148122WA0012400146
B1843451852589S04148122WA0012400146
B1843491852589S04148122WA0012400145
B1843531852589S04148122WA0012400145
B1843571852589S04148122WA0012400144
B1844011852589S04148122WA0012400145
B1844051852589S04148122WA0012400145
B1844091852589S04148122WA0012400145
B1844131852589S04148122WA0012400145
B1844171852589S04148122WA0012400145
B1844211852589S04148122WA0012400145
B1844251852589S04148122WA0012400144
B1844291852589S04148122WA0012400144
B1844331852589S04148122WA0012400145
B1844371852589S04148122WA0012400144
B1844411852589S04148122WA0012400145
B1844451852589S04148122WA0012400145
B1844491852590S04148123WA0012400146
B1844531852589S04148123WA0012400146
B1844571852589S04148122WA0012400146
B1845011852589S04148123WA0012400147
B1845051852589S04148122WA0012400147
B1845091852589S04148122WA0012400147
B1845131852589S04148122WA0012400147
B1845171852589S04148122WA0012400146
B1845211852589S04148122WA0012400146
B1845251852589S04148122WA0012400146
B1845291852589S04148122WA0012400145
B1845331852589S04148122WA0012400145
B1845371852589S04148122WA0012400145
B1845411852589S04148122WA0012400145
B1845451852589S04148122WA0012400144
B1845491852589S04148122WA0012400144
B1845531852589S04148122WA0012400144
B1845571852589S04148121WA0012400144
B1846011852589S04148121WA0012400144
B1846051852589S04148121WA0012400144
B1846091852588S04148121WA0012400144
B1846131852588S04148122WA0012400144
B1846171852589S04148122WA0012400144
B1846211852588S04148122WA0012400144
B1846251852589S04148122WA0012400144
B1846291852589S04148122WA0012400145
B1846331852589S04148122WA0012400145
B1846371852589S04148122WA0012400145
B1846411852589S04148122WA0012400145
B1846451852589S04148122WA0012400146
B1846491852589S04148122WA0012400146
B1846531852589S04148122WA0012400146
B1846571852589S04148122WA0012400146
B1847011852590S04148122WA0012400147
B1847051852590S04148122WA0012400147
B1847091852589S04148122WA0012400146
B1847131852589S04148122WA0012400145
B1847171852589S04148122WA0012400145
B1847211852589S04148122WA0012400145
B1847251852589S04148122WA0012400145
B1847291852588S04148122WA0012400144
B1847331852588S04148122WA0012400144
B1847371852588S04148122WA0012400144
B1847411852588S04148122WA0012400144
B1847451852588S04148122WA0012400144
B1847491852588S04148122WA0012400145
B1847531852588S04148122WA0012400145
B1847571852588S04148122WA0012400145
B1848011852588S04148122WA0012400146
B1848051852588S04148122WA0012400146
B1848091852589S04148122WA0012400147
B1848131852589S04148122WA0012400147
B1848171852589S04148122WA0012400147
B1848211852589S04148121WA0012400147
B1848251852589S04148121WA0012400147
B1848291852589S04148121WA0012400146
B1848331852589S04148121WA0012400146
B1848371852589S04148121WA0012400146
B1848411852589S04148121WA0012400145
B1848451852589S04148121WA0012400144
B1848491852589S04148121WA0012500144
B1848531852588S04148121WA0012400144
B1848571852588S04148121WA0012400143
B1849011852588S04148121WA0012400143
B1849051852588S04148121WA0012400143
B1849091852588S04148121WA0012400142
B1849131852588S04148121WA0012400142
B1849171852588S04148121WA0012400142
B1849211852588S04148121WA0012400142
B1849251852589S04148121WA0012400141
B1849291852589S04148121WA0012400140
B1849331852589S04148121WA0012400140
B1849371852589S04148121WA0012400141
B1849411852589S04148121WA0012400141
B1849451852589S04148121WA0012400141
B1849491852588S04148121WA0012400141
B1849531852588S04148121WA0012400141
B1849571852588S04148121WA0012400141
B1850011852588S04148121WA0012400141
B1850051852588S04148121WA0012400142
B1850091852588S04148121WA0012400144
B1850131852588S04148122WA0012400150
B1850171852588S04148122WA0012400152
B1850211852587S04148122WA0012400155
B1850251852587S04148123WA0012400156
B1850291852587S04148123WA0012400157
B1850331852587S04148123WA0012400158
B1850371852588S04148123WA0012400156
B1850411852588S04148123WA0012400155
B1850451852588S04148123WA0012400155
B1850491852588S04148124WA0012400155
B1850531852588S04148124WA0012400156
B1850571852588S04148124WA0012400157
B1851011852588S04148124WA0012400157
B1851051852588S04148124WA0012400156
B1851091852588S04148124WA0012400155
B1851131852588S04148124WA0012400154
B1851171852587S04148124WA0012400154
B1851211852588S04148123WA0012400155
B1851251852588S04148124WA0012400155
B1851291852588S04148124WA0012500156
B1851331852589S04148124WA0012500157
B1851371852589S04148123WA0012500159
B1851411852590S04148123WA0012400160
B1851451852590S04148123WA0012500161
B1851491852590S04148123WA0012400161
B1851531852590S04148123WA0012400161
B1851571852590S04148123WA0012400160
B1852011852591S04148123WA0012400159
B1852051852591S04148123WA0012500159
B1852091852591S04148123WA0012400158
B1852131852590S04148122WA0012400159
B1852171852590S04148122WA0012400159
B1852211852590S04148122WA0012500160
B1852251852589S04148122WA0012500160
B1852291852589S04148123WA0012500161
B1852331852589S04148122WA0012400161
B1852371852588S04148123WA0012400161
B1852411852588S04148123WA0012400161
B1852451852588S04148123WA0012400161
B1852491852588S04148123WA0012500160
B1852531852588S04148123WA0012400160
B1852571852588S04148123WA0012400160
B1853011852589S04148122WA0012500159
B1853051852589S04148122WA0012500156
B1853091852589S04148121WA0012500154
B1853131852589S04148121WA0012500153
B1853171852589S04148121WA0012400152
B1853211852589S04148121WA0012500152
B1853251852589S04148121WA0012500152
B1853291852589S04148121WA0012500152
B1853331852589S04148121WA0012500153
B1853371852588S04148121WA0012400152
B1853411852588S04148121WA0012500151
B1853451852588S04148120WA0012500151
B1853491852588S04148120WA0012400151
B1853531852588S04148120WA0012500151
B1853571852588S04148120WA0012400151
B1854011852589S04148121WA0012400150
B1854051852589S04148121WA0012400150
B1854091852588S04148121WA0012500149
B1854131852588S04148121WA0012400149
B1854171852588S04148121WA0012500148
B1854211852588S04148121WA0012500148
B1854251852588S04148121WA0012500148
B1854291852588S04148121WA0012400147
B1854331852588S04148121WA0012400146
B1854371852588S04148121WA0012400146
B1854411852588S04148121WA0012500145
B1854451852588S04148121WA0012500145
B1854491852588S04148121WA0012500145
B1854531852588S04148121WA0012500144
B1854571852588S04148121WA0012500143
B1855011852588S04148121WA0012500143
B1855051852588S04148121WA0012400143
B1855091852588S04148121WA0012400144
B1855131852588S04148121WA0012400144
B1855171852588S04148121WA0012400145
B1855211852588S04148121WA0012400146
B1855251852588S04148121WA0012400146
B1855291852588S04148120WA0012400146
B1855331852588S04148121WA0012500146
B1855371852588S04148121WA0012500146
B1855411852588S04148121WA0012400146
B1855451852588S04148121WA0012500146
B1855491852588S04148121WA0012500145
B1855531852588S04148121WA0012500146
B1855571852588S04148121WA0012500146
B1856011852588S04148121WA0012400146
B1856051852588S04148121WA0012500145
B1856091852588S04148121WA0012400145
B1856131852588S04148121WA0012400144
B1856171852588S04148121WA0012400145
B1856211852588S04148121WA0012400145
B1856251852588S04148121WA0012400146
B1856291852588S04148121WA0012400146
B1856331852588S04148121WA0012400147
B1856371852588S04148121WA0012400147
B1856411852587S04148121WA0012400147
B1856451852587S04148121WA0012400148
B1856491852587S04148121WA0012400148
B1856531852587S04148122WA0012400148
B1856571852587S04148121WA0012400148
B1857011852587S04148121WA0012400148
B1857051852587S04148121WA0012400148
B1857091852587S04148121WA0012400148
B1857131852587S04148121WA0012400149
B1857171852587S04148121WA0012400149
B1857211852587S04148121WA0012400149
B1857251852587S04148121WA0012400150
B1857291852587S04148121WA0012400149
B1857331852588S04148121WA0012400150
B1857371852588S04148121WA0012400150
B1857411852588S04148121WA0012400150
B1857451852588S04148121WA0012400150
B1857491852588S04148121WA0012400151
B1857531852588S04148121WA0012400151
B1857571852588S04148120WA0012400151
B1858011852588S04148120WA0012400151
B1858051852588S04148120WA0012400150
B1858091852588S04148120WA0012400149
B1858131852588S04148121WA0012400149
B1858171852588S04148121WA0012400148
B1858211852588S04148121WA0012400148
B1858251852588S04148121WA0012400147
B1858291852588S04148121WA0012400147
B1858331852588S04148121WA0012400147
B1858371852588S04148121WA0012400147
B1858411852588S04148121WA0012400146
B1858451852588S04148121WA0012400147
B1858491852588S04148121WA0012400146
B1858531852588S04148121WA0012400147
B1858571852588S04148121WA0012400146
B1859011852589S04148121WA0012400147
B1859051852589S04148121WA0012400146
B1859091852589S04148121WA0012400146
B1859131852589S04148121WA0012400146
B1859171852589S04148121WA0012400146
B1859211852589S04148121WA0012400146
B1859251852589S04148121WA0012400147
B1859291852589S04148121WA0012400147
B1859331852589S04148120WA0012400148
B1859371852589S04148120WA0012400149
B1859411852589S04148120WA0012400149
B1859451852589S04148120WA0012400150
B1859491852589S04148120WA0012400150
B1859531852589S04148120WA0012400150
B1859571852589S04148120WA0012400151
B1900011852589S04148120WA0012400151
B1900051852589S04148120WA0012400150
B1900091852589S04148120WA0012400150
B1900131852589S04148120WA0012400150
B1900171852589S04148121WA0012400149
B1900211852588S04148121WA0012400149
B1900251852588S04148121WA0012400149
B1900291852588S04148121WA0012400148
B1900331852588S04148121WA0012400148
B1900371852588S04148121WA0012400148
B1900411852588S04148121WA0012400148
B1900451852588S04148121WA0012400148
B1900491852588S04148121WA0012400148
B1900531852588S04148121WA0012400148
B1900571852588S04148121WA0012400148
B1901011852588S04148121WA0012400148
B1901051852588S04148121WA0012400147
B1901091852588S04148121WA0012400147
B1901131852588S04148121WA0012400147
B1901171852588S04148121WA0012400146
B1901211852588S04148121WA0012400145
B1901251852588S04148121WA0012400144
B1901291852588S04148121WA0012400143
B1901331852588S04148121WA0012400143
B1901371852588S04148121WA0012400143
B1901411852588S04148121WA0012400143
B1901451852588S04148121WA0012400143
B1901491852588S04148121WA0012400143
B1901531852588S04148121WA0012400142
B1901571852588S04148121WA0012400142
B1902011852588S04148121WA0012400143
B1902051852588S04148121WA0012400143
B1902091852588S04148121WA0012400143
B1902131852589S04148121WA0012400144
B1902171852588S04148121WA0012400143
B1902211852588S04148121WA0012400143
B1902251852589S04148121WA0012400145
B1902291852589S04148121WA0012400146
B1902331852589S04148121WA0012400146
B1902371852589S04148121WA0012400147
B1902411852589S04148121WA0012400148
B1902451852589S04148121WA0012400149
B1902491852589S04148121WA0012400149
B1902531852589S04148121WA0012400150
B1902571852589S04148121WA0012400150
B1903011852589S04148121WA0012400150
B1903051852589S04148121WA0012400150
B1903091852589S04148121WA0012400150
B1903131852589S04148121WA0012400150
B1903171852589S04148121WA0012400150
B1903211852589S04148121WA0012400149
B1903251852589S04148121WA0012400149
B1903291852589S04148121WA0012400149
B1903331852589S04148121WA0012400149
B1903371852589S04148121WA0012400148
B1903411852589S04148121WA0012400148
B1903451852589S04148121WA0012400148
B1903491852589S04148121WA0012400148
B1903531852589S04148121WA0012400148
B1903571852589S04148121WA0012400148
B1904011852589S04148121WA0012400148
B1904051852589S04148121WA0012400148
B1904091852589S04148121WA0012400148
B1904131852589S04148121WA0012400149
B1904171852589S04148121WA0012400149
B1904211852589S04148121WA0012400149
B1904251852589S04148121WA0012400149
B1904291852589S04148121WA0012400149
B1904331852589S04148121WA0012400148
B1904371852589S04148121WA0012400149
B1904411852589S04148121WA0012400149
B1904451852589S04148121WA0012400148
B1904491852589S04148121WA0012400148
B1904531852589S04148121WA0012400148
B1904571852589S04148121WA0012400148
B1905011852589S04148121WA0012400148
B1905051852589S04148122WA0012400148
B1905091852589S04148122WA0012400148
B1905131852589S04148122WA0012400148
B1905171852589S04148122WA0012400148
B1905211852589S04148122WA0012400148
B1905251852589S04148122WA0012400148
B1905291852589S04148122WA0012400148
B1905331852589S04148122WA0012400147
B1905371852589S04148122WA0012400147
B1905411852589S04148122WA0012400147
B1905451852589S04148122WA0012400147
B1905491852589S04148122WA0012400147
B1905531852589S04148122WA0012400147
B1905571852589S04148122WA0012400147
B1906011852589S04148122WA0012400148
B1906051852589S04148122WA0012400147
B1906091852589S04148122WA0012400147
B1906131852590S04148122WA0012400148
B1906171852590S04148122WA0012400148
B1906211852590S04148122WA0012400147
B1906251852590S04148122WA0012400147
B1906291852590S04148121WA0012400147
B1906331852590S04148121WA0012400147
B1906371852589S04148121WA0012400147
B1906411852589S04148121WA0012400146
B1906451852589S04148121WA0012400146
B1906491852589S04148121WA0012400145
B1906531852589S04148121WA0012400146
B1906571852589S04148121WA0012400147
B1907011852589S04148121WA0012400147
B1907051852589S04148121WA0012400147
B1907091852589S04148121WA0012400147
B1907131852589S04148121WA0012400147
B1907171852589S04148121WA0012400147
B1907211852589S04148121WA0012400146
B1907251852589S04148121WA0012400145
B1907291852589S04148121WA0012400145
B1907331852590S04148121WA0012400145
B1907371852590S04148121WA0012400145
B1907411852590S04148121WA0012400146
B1907451852590S04148121WA0012400146
B1907491852590S04148121WA0012400146
B1907531852590S04148121WA0012400145
B1907571852590S04148121WA0012400145
B1908011852590S04148121WA0012400143
B1908051852590S04148121WA0012400143
B1908091852590S04148121WA0012400144
B1908131852590S04148121WA0012400144
B1908171852590S04148121WA0012400144
B1908211852590S04148121WA0012400144
B1908251852590S04148121WA0012400143
B1908291852590S04148121WA0012400144
B1908331852590S04148121WA0012400143
B1908371852590S04148121WA0012400144
B1908411852590S04148121WA0012400144
B1908451852590S04148121WA0012400145
B1908491852590S04148121WA0012400146
B1908531852590S04148121WA0012400146
B1908571852590S04148121WA0012400147
B1909011852590S04148121WA0012400147
B1909051852590S04148121WA0012400148
B1909091852590S04148121WA0012400148
B1909131852590S04148121WA0012400148
B1909171852590S04148121WA0012400148
B1909211852590S04148121WA0012400148
B1909251852590S04148121WA0012400148
B1909291852590S04148121WA0012400148
B1909331852590S04148121WA0012400148
B1909371852590S04148121WA0012400148
B1909411852590S04148122WA0012400148
B1909451852590S04148122WA0012400148
B1909491852591S04148122WA0012400147
B1909531852591S04148122WA0012400147
B1909571852591S04148122WA0012400148
B1910011852591S04148122WA0012400147
B1910051852591S04148122WA0012400147
B1910091852591S04148122WA0012400147
B1910131852591S04148122WA0012400148
B1910171852591S04148122WA0012400148
B1910211852591S04148122WA0012400148
B1910251852591S04148122WA0012400148
B1910291852591S04148122WA0012400148
B1910331852591S04148122WA0012400148
B1910371852590S04148122WA0012400148
B1910411852590S04148122WA0012400148
B1910451852590S04148122WA0012400148
B1910491852590S04148122WA0012300148
B1910531852590S04148122WA0012400147
B1910571852590S04148122WA0012400147
B1911011852590S04148122WA0012400147
B1911051852590S04148122WA0012400147
B1911091852590S04148122WA0012400147
B1911131852590S04148122WA0012400147
B1911171852590S04148122WA0012400147
B1911211852590S04148122WA0012400147
B1911251852590S04148122WA0012400147
B1911291852590S04148122WA0012400147
B1911331852590S04148122WA0012400147
B1911371852590S04148123WA0012400147
B1911411852590S04148123WA0012500147
B1911451852590S04148123WA0012400147
B1911491852589S04148123WA0012400147
B1911531852587S04148125WA0012400147
B1911571852586S04148126WA0012400147
B1912011852586S04148126WA0012400145
B1912051852586S04148126WA0012400143
B1912091852585S04148126WA0012400143
B1912131852586S04148127WA0012400143
B1912171852585S04148128WA0012400142
B1912211852584S04148128WA0012400141
B1912251852584S04148128WA0012400141
B1912291852584S04148127WA0012400141
B1912331852584S04148127WA0012400144
B1912371852586S04148127WA0012400147
B1912411852587S04148127WA0012400149
B1912451852587S04148127WA0012400149
B1912491852586S04148126WA0012400149
B1912531852585S04148126WA0012400150
B1912571852583S04148126WA0012400150
B1913011852584S04148127WA0012400148
B1913051852583S04148127WA0012400144
B1913091852584S04148127WA0012400144
B1913131852585S04148126WA0012400144
B1913171852585S04148126WA0012400145
B1913211852584S04148126WA0012400146
B1913251852581S04148125WA0012400143
B1913291852578S04148124WA0012400139
B1913331852577S04148126WA0012400137
B1913371852578S04148127WA0012400135
B1913411852579S04148127WA0012400133
B1913451852579S04148127WA0012400131
B1913491852580S04148127WA0012400132
B1913531852581S04148127WA0012400132
B1913571852581S04148127WA0012400130
B1914011852581S04148126WA0012400130
B1914051852580S04148126WA0012400131
B1914091852580S04148126WA0012400131
B1914131852578S04148126WA0012400131
B1914171852576S04148126WA0012400128
B1914211852575S04148126WA0012400127
B1914251852575S04148126WA0012400127
B1914291852575S04148125WA0012400126
B1914331852575S04148125WA0012400126
B1914371852577S04148125WA0012400127
B1914411852579S04148126WA0012400127
B1914451852581S04148127WA0012400128
B1914491852582S04148127WA0012400128
B1914531852585S04148128WA0012400129
B1914571852589S04148127WA0012400130
B1915011852589S04148128WA0012400131
B1915051852591S04148128WA0012400132
B1915091852591S04148127WA0012400132
B1915131852592S04148127WA0012400133
B1915171852592S04148127WA0012400133
B1915211852592S04148127WA0012400134
B1915251852594S04148127WA0012400135
B1915291852593S04148126WA0012400137
B1915331852592S04148126WA0012400139
B1915371852593S04148126WA0012400140
B1915411852593S04148127WA0012400142
B1915451852591S04148127WA0012400142
B1915491852587S04148126WA0012400142
B1915531852589S04148130WA0012400140
B1915571852596S04148145WA0012400142
B1916011852601S04148168WA0012400141
B1916051852608S04148194WA0012400141
B1916091852613S04148219WA0012400142
B1916131852619S04148247WA0012400145
B1916171852628S04148279WA0012500146
B1916211852636S04148311WA0012400148
B1916251852644S04148344WA0012500149
B1916291852652S04148376WA0012500150
B1916331852661S04148408WA0012500151
B1916371852667S04148439WA0012400152
B1916411852668S04148470WA0012400151
B1916451852665S04148500WA0012500151
B1916491852661S04148527WA0012400151
B1916531852656S04148544WA0012400148
B1916571852650S04148564WA0012500147
B1917011852646S04148590WA0012500145
B1917051852638S04148620WA0012500145
B1917091852631S04148652WA0012500145
B1917131852623S04148686WA0012500144
B1917171852615S04148720WA0012500142
B1917211852607S04148754WA0012500142
B1917251852597S04148789WA0012600142
B1917291852588S04148823WA0012600142
B1917331852574S04148856WA0012700143
B1917371852557S04148888WA0012700143
B1917411852537S04148920WA0012700143
B1917451852519S04148952WA0012800142
B1917491852500S04148985WA0012800143
B1917531852480S04149017WA0012800142
B1917571852459S04149052WA0012700143
B1918011852438S04149086WA0012600145
B1918051852418S04149122WA0012600149
B1918091852399S04149156WA0012500151
B1918131852380S04149189WA0012500152
B1918171852360S04149223WA0012500154
B1918211852341S04149257WA0012500155
B1918251852321S04149292WA0012600156
B1918291852300S04149329WA0012600159
B1918331852279S04149365WA0012600161
B1918371852257S04149399WA0012600166
B1918411852238S04149430WA0012500165
B1918451852220S04149460WA0012500167
B1918491852207S04149493WA0012400167
B1918531852201S04149524WA0012400165
B1918571852196S04149556WA0012400162
B1919011852191S04149589WA0012400159
B1919051852186S04149623WA0012400159
B1919091852180S04149659WA0012400157
B1919131852170S04149693WA0012400156
B1919171852156S04149726WA0012400156
B1919211852140S04149760WA0012400154
B1919251852124S04149794WA0012400153
B1919291852107S04149828WA0012500151
B1919331852091S04149859WA0012400148
B1919371852077S04149883WA0012300144
B1919411852064S04149902WA0012400143
B1919451852050S04149924WA0012400141
B1919491852036S04149948WA0012300140
B1919531852020S04149972WA0012300141
B1919571852001S04150000WA0012400142
B1920011851979S04150031WA0012400143
B1920051851956S04150066WA0012400142
B1920091851933S04150100WA0012400142
B1920131851910S04150134WA0012400143
B1920171851888S04150167WA0012400144
B1920211851866S04150197WA0012400146
B1920251851847S04150228WA0012400148
B1920291851831S04150264WA0012400148
B1920331851823S04150302WA0012400150
B1920371851821S04150341WA0012400151
B1920411851820S04150380WA0012400152
B1920451851819S04150420WA0012400152
B1920491851818S04150457WA0012400154
B1920531851818S04150493WA0012400156
B1920571851817S04150526WA0012400157
B1921011851816S04150560WA0012400158
B1921051851815S04150595WA0012500157
B1921091851814S04150629WA0012500156
B1921131851806S04150661WA0012400156
B1921171851800S04150683WA0012400155
B1921211851800S04150695WA0012400151
B1921251851802S04150709WA0012400148
B1921291851807S04150729WA0012400150
B1921331851809S04150757WA0012400149
B1921371851810S04150788WA0012400147
B1921411851810S04150814WA0012400142
B1921451851808S04150838WA0012500140
B1921491851804S04150865WA0012400136
B1921531851796S04150897WA0012400134
B1921571851787S04150932WA0012400134
B1922011851781S04150961WA0012300132
B1922051851775S04150986WA0012300126
B1922091851772S04151003WA0012300119
B1922131851767S04151023WA0012300115
B1922171851759S04151049WA0012300113
B1922211851751S04151076WA0012300114
B1922251851744S04151106WA0012300113
B1922291851741S04151140WA0012300115
B1922331851741S04151176WA0012400117
B1922371851743S04151214WA0012400123
B1922411851745S04151251WA0012400127
B1922451851748S04151288WA0012400130
B1922491851750S04151323WA0012400134
B1922531851752S04151355WA0012400136
B1922571851753S04151386WA0012600138
B1923011851746S04151420WA0012600140
B1923051851734S04151460WA0012600141
B1923091851720S04151493WA0012600139
B1923131851706S04151524WA0012600143
B1923171851694S04151554WA0012600146
B1923211851678S04151579WA0012600147
B1923251851665S04151602WA0012600146
B1923291851654S04151624WA0012600146
B1923331851646S04151645WA0012600147
B1923371851646S04151658WA0012600147
B1923411851655S04151665WA0012700149
B1923451851660S04151674WA0012700148
B1923491851652S04151688WA0012700149
B1923531851639S04151707WA0012700150
B1923571851621S04151730WA0012800149
B1924011851601S04151750WA0012800147
B1924051851589S04151773WA0012800147
B1924091851578S04151796WA0013000148
B1924131851564S04151817WA0013000149
B1924171851547S04151845WA0013000149
B1924211851528S04151877WA0013100148
B1924251851507S04151908WA0013400148
B1924291851484S04151934WA0013700148
B1924331851456S04151961WA0013900149
B1924371851430S04151992WA0014100151
B1924411851413S04152020WA0014300154
B1924451851407S04152036WA0014300156
B1924491851401S04152052WA0014100158
B1924531851400S04152061WA0014000159
B1924571851398S04152075WA0013900159
B1925011851400S04152090WA0013800159
B1925051851405S04152104WA0013600157
B1925091851413S04152120WA0013600158
B1925131851417S04152135WA0013700157
B1925171851419S04152141WA0013700154
B1925211851419S04152150WA0013800150
B1925251851421S04152165WA0013900149
B1925291851425S04152182WA0013900148
B1925331851430S04152197WA0013800146
B1925371851436S04152208WA0013800145
B1925411851443S04152219WA0013800146
B1925451851443S04152230WA0013800147
B1925491851439S04152242WA0013600147
B1925531851436S04152251WA0013400144
B1925571851435S04152253WA0013400143
B1926011851435S04152253WA0013400141
B1926051851434S04152254WA0013400140
B1926091851431S04152261WA0013400141
B1926131851424S04152277WA0013400142
B1926171851413S04152301WA0013500139
B1926211851401S04152332WA0013500139
B1926251851391S04152364WA0013500138
B1926291851382S04152400WA0013600138
B1926331851371S04152434WA0013600138
B1926371851357S04152465WA0013600139
B1926411851341S04152491WA0013500140
B1926451851327S04152516WA0013300140
B1926491851308S04152539WA0012900139
B1926531851288S04152564WA0012800138
B1926571851269S04152590WA0012700137
B1927011851250S04152616WA0012700137
B1927051851233S04152645WA0012600137
B1927091851216S04152676WA0012600138
B1927131851198S04152705WA0012600139
B1927171851177S04152738WA0012600139
B1927211851161S04152771WA0012700139
B1927251851149S04152802WA0012800140
B1927291851142S04152833WA0012800143
B1927331851127S04152865WA0012700142
B1927371851113S04152898WA0012700141
B1927411851098S04152934WA0012700140
B1927451851083S04152970WA0012800139
B1927491851065S04153006WA0012800137
B1927531851047S04153043WA0012800136
B1927571851032S04153076WA0012700136
B1928011851021S04153104WA0012700135
B1928051851009S04153128WA0012600134
B1928091851006S04153152WA0012700132
B1928131851006S04153179WA0012600130
B1928171851005S04153190WA0012600128
B1928211851002S04153203WA0012600126
B1928251850997S04153224WA0012600126
B1928291850997S04153252WA0012600127
B1928331851002S04153282WA0012600129
B1928371850996S04153312WA0012700129
B1928411850976S04153341WA0012700132
B1928451850956S04153372WA0012700136
B1928491850942S04153404WA0012700139
B1928531850935S04153433WA0012800142
B1928571850940S04153462WA0013000141
B1929011850946S04153489WA0013100139
B1929051850955S04153508WA0013100137
B1929091850960S04153528WA0013200138
B1929131850969S04153547WA0013000141
B1929171850979S04153566WA0012800141
B1929211850983S04153590WA0012700139
B1929251850982S04153618WA0012700134
B1929291850974S04153647WA0012700133
B1929331850962S04153675WA0012700132
B1929371850948S04153703WA0012800128
B1929411850931S04153726WA0012700127
B1929471850913S04153777WA0012700126
B1929511850901S04153809WA0012600123
B1929591850880S04153865WA0012800123
B1930001850878S04153874WA0012800122
