AXFMSFP Flymaster Live, V1.0, S/N 949175
HFDTE220426
HFPLTPILOTINCHARGE:Christiaan Durrant
B1326361853191S04154961WA0099701091
B1326401853191S04154963WA0099701091
B1326441853191S04154964WA0099701090
B1326481853191S04154965WA0099701091
B1326521853190S04154966WA0099701092
B1326561853190S04154966WA0099701093
B1327001853190S04154966WA0099801096
B1327041853190S04154966WA0099701096
B1327081853190S04154965WA0099701097
B1327121853190S04154965WA0099701097
B1327161853190S04154966WA0099701096
B1327201853189S04154966WA0099701096
B1327241853189S04154966WA0099801094
B1327281853189S04154966WA0099801094
B1327321853188S04154966WA0099801093
B1327361853188S04154966WA0099701093
B1327401853187S04154965WA0099701092
B1327441853187S04154965WA0099801093
B1327481853187S04154965WA0099801092
B1327521853187S04154964WA0099801092
B1327561853188S04154963WA0099801095
B1328001853188S04154961WA0099801095
B1328041853188S04154960WA0099701093
B1328081853189S04154960WA0099701093
B1328121853191S04154960WA0099701095
B1328161853192S04154960WA0099701092
B1328201853194S04154961WA0099701091
B1328241853195S04154961WA0099601089
B1328281853196S04154958WA0099501085
B1328321853197S04154955WA0099501083
B1328361853197S04154955WA0099401084
B1328401853197S04154955WA0099501086
B1328441853197S04154955WA0099501086
B1328481853198S04154955WA0099401087
B1328521853198S04154955WA0099501087
B1328561853198S04154955WA0099501086
B1329001853198S04154955WA0099501087
B1329041853198S04154955WA0099501088
B1329081853198S04154955WA0099501089
B1329121853199S04154955WA0099501090
B1329161853199S04154955WA0099501090
B1329201853199S04154955WA0099501091
B1329241853199S04154955WA0099501091
B1329281853199S04154955WA0099501092
B1329321853199S04154955WA0099501093
B1329361853199S04154955WA0099501093
B1329401853199S04154954WA0099501093
B1329441853199S04154954WA0099501093
B1329481853199S04154954WA0099501094
B1329521853199S04154954WA0099501094
B1329561853199S04154955WA0099501095
B1330001853199S04154955WA0099501095
B1330041853199S04154955WA0099501096
B1330081853199S04154955WA0099501095
B1330121853199S04154955WA0099501094
B1330161853199S04154954WA0099601094
B1330201853199S04154955WA0099501093
B1330241853199S04154955WA0099501093
B1330281853199S04154955WA0099501094
B1330321853199S04154955WA0099501094
B1330361853199S04154955WA0099501094
B1330401853199S04154955WA0099501095
B1330441853199S04154955WA0099501094
B1330481853199S04154955WA0099501095
B1330521853199S04154955WA0099501095
B1330561853199S04154954WA0099501095
B1331001853199S04154954WA0099501095
B1331041853199S04154954WA0099501095
B1331081853199S04154954WA0099501095
B1331121853198S04154954WA0099601094
B1331161853199S04154954WA0099501095
B1331201853198S04154954WA0099501095
B1331241853199S04154954WA0099501095
B1331281853199S04154954WA0099501095
B1331321853199S04154954WA0099501095
B1331361853199S04154954WA0099501094
B1331401853199S04154954WA0099501094
B1331441853199S04154954WA0099501095
B1331481853199S04154954WA0099501094
B1331521853199S04154954WA0099501095
B1331561853199S04154954WA0099501095
B1332001853199S04154954WA0099501095
B1332041853199S04154954WA0099401095
B1332081853199S04154954WA0099501094
B1332121853199S04154954WA0099501094
B1332161853200S04154955WA0099501093
B1332201853200S04154955WA0099501092
B1332241853200S04154955WA0099501092
B1332281853200S04154955WA0099501092
B1332321853200S04154955WA0099501092
B1332361853200S04154955WA0099501092
B1332401853200S04154955WA0099501092
B1332441853200S04154955WA0099501092
B1332481853200S04154955WA0099501092
B1332521853200S04154954WA0099501091
B1332561853200S04154954WA0099501090
B1333001853200S04154954WA0099501090
B1333041853200S04154954WA0099501090
B1333081853200S04154955WA0099501090
B1333121853200S04154955WA0099501090
B1333161853200S04154955WA0099501090
B1333201853200S04154955WA0099501090
B1333241853200S04154955WA0099501090
B1333281853200S04154955WA0099501090
B1333321853200S04154955WA0099501090
B1333361853200S04154955WA0099501091
B1333401853200S04154955WA0099501092
B1333441853200S04154955WA0099601093
B1333481853200S04154955WA0099501094
B1333521853200S04154955WA0099501094
B1333561853200S04154955WA0099501095
B1334001853199S04154955WA0099501095
B1334041853199S04154955WA0099501095
B1334081853199S04154954WA0099501094
B1334121853199S04154954WA0099501095
B1334161853199S04154954WA0099501096
B1334201853199S04154954WA0099501098
B1334241853199S04154954WA0099501098
B1334281853200S04154954WA0099501099
B1334321853200S04154954WA0099501099
B1334361853200S04154954WA0099601099
B1334401853200S04154954WA0099501099
B1334441853200S04154955WA0099501098
B1334481853200S04154955WA0099501097
B1334521853200S04154955WA0099501097
B1334561853200S04154955WA0099501097
B1335001853200S04154955WA0099501097
B1335041853200S04154955WA0099601097
B1335081853200S04154955WA0099501096
B1335121853200S04154955WA0099501097
B1335161853200S04154955WA0099501097
B1335201853200S04154955WA0099301097
B1335241853200S04154955WA0099601097
B1335281853200S04154955WA0099601096
B1335321853200S04154955WA0099501096
B1335361853199S04154955WA0099601097
B1335401853199S04154955WA0099601096
B1335441853199S04154955WA0099701095
B1335481853198S04154955WA0099601094
B1335521853199S04154955WA0099601093
B1335561853198S04154955WA0099601092
B1336001853198S04154955WA0099601090
B1336041853198S04154955WA0099601089
B1336081853198S04154955WA0099601089
B1336121853198S04154955WA0099601088
B1336161853198S04154955WA0099601087
B1336201853198S04154955WA0099601086
B1336241853198S04154955WA0099501086
B1336281853199S04154956WA0099501083
B1336321853199S04154956WA0099501084
B1336361853199S04154956WA0099601085
B1336401853199S04154956WA0099601086
B1336441853199S04154956WA0099501085
B1336481853199S04154956WA0099501085
B1336521853199S04154956WA0099501086
B1336561853199S04154956WA0099501087
B1337001853199S04154956WA0099501087
B1337041853199S04154956WA0099501087
B1337081853199S04154956WA0099501087
B1337121853199S04154955WA0099501087
B1337161853199S04154955WA0099501086
B1337201853200S04154955WA0099501086
B1337241853200S04154956WA0099401086
B1337281853200S04154956WA0099501086
B1337321853200S04154956WA0099501087
B1337361853200S04154956WA0099501087
B1337401853201S04154956WA0099501087
B1337441853201S04154955WA0099501088
B1337481853201S04154956WA0099501088
B1337521853200S04154956WA0099501089
B1337561853200S04154956WA0099601088
B1338001853200S04154956WA0099501088
B1338041853200S04154956WA0099601088
B1338081853199S04154956WA0099501089
B1338121853199S04154956WA0099501089
B1338161853200S04154956WA0099501090
B1338201853200S04154956WA0099501092
B1338241853200S04154955WA0099501092
B1338281853200S04154955WA0099501094
B1338321853200S04154955WA0099501095
B1338361853200S04154955WA0099501094
B1338401853199S04154955WA0099601093
B1338441853199S04154955WA0099501093
B1338481853199S04154955WA0099601092
B1338521853199S04154955WA0099501092
B1338561853200S04154956WA0099601091
B1339001853200S04154956WA0099501090
B1339041853200S04154956WA0099601090
B1339081853201S04154956WA0099501091
B1339121853201S04154956WA0099601092
B1339161853200S04154956WA0099501092
B1339201853199S04154955WA0099601092
B1339241853199S04154955WA0099601091
B1339281853199S04154955WA0099601091
B1339321853199S04154956WA0099601091
B1339361853199S04154956WA0099501090
B1339401853199S04154956WA0099601090
B1339441853199S04154956WA0099601088
B1339481853199S04154956WA0099501087
B1339521853199S04154956WA0099501088
B1339561853199S04154956WA0099501087
B1340001853199S04154956WA0099401086
B1340041853199S04154955WA0099501085
B1340081853199S04154956WA0099501086
B1340121853199S04154956WA0099501087
B1340161853198S04154956WA0099601087
B1340201853198S04154956WA0099601088
B1340241853198S04154956WA0099601089
B1340281853198S04154955WA0099601089
B1340321853198S04154955WA0099601090
B1340361853197S04154955WA0099601091
B1340401853197S04154956WA0099601091
B1340441853195S04154956WA0099701091
B1340481853194S04154956WA0099701093
B1340521853193S04154957WA0099801093
B1340561853192S04154956WA0099801092
B1341001853191S04154956WA0099801093
B1341041853190S04154957WA0099801093
B1341081853189S04154957WA0099801092
B1341121853189S04154957WA0099801093
B1341161853189S04154957WA0099801094
B1341201853189S04154957WA0099801094
B1341241853189S04154957WA0099801094
B1341281853188S04154956WA0099801095
B1341321853188S04154957WA0099801096
B1341361853189S04154957WA0099801096
B1341401853190S04154957WA0099801095
B1341441853190S04154959WA0099801095
B1341481853189S04154960WA0099801095
B1341521853189S04154961WA0099801095
B1341561853189S04154962WA0099801095
B1342001853188S04154963WA0099801095
B1342041853187S04154964WA0099801094
B1342081853186S04154964WA0099801094
B1342121853186S04154964WA0099801094
B1342161853187S04154965WA0099801092
B1342201853186S04154965WA0099801091
B1342241853187S04154966WA0099801092
B1342281853187S04154966WA0099801090
B1342321853188S04154965WA0099801089
B1342361853188S04154966WA0099801088
B1342401853188S04154967WA0099801087
B1342441853187S04154967WA0099801086
B1342481853187S04154967WA0099801089
B1342521853187S04154968WA0099801089
B1342561853187S04154968WA0099801087
B1343001853185S04154969WA0099801087
B1343041853185S04154972WA0099801084
B1343081853184S04154972WA0099801084
B1343121853184S04154971WA0099801083
B1343161853185S04154971WA0099801082
B1343201853186S04154972WA0099801077
B1343241853186S04154972WA0099801077
B1343281853187S04154973WA0099801077
B1343321853187S04154972WA0099801077
B1343361853187S04154973WA0099801077
B1343401853187S04154972WA0099801076
B1343441853187S04154973WA0099801077
B1343481853187S04154973WA0099801076
B1343521853187S04154974WA0099901076
B1343561853188S04154975WA0099901075
B1344001853188S04154975WA0099801073
B1344041853188S04154976WA0099801071
B1344081853188S04154975WA0099801072
B1344121853188S04154975WA0099901072
B1344161853187S04154974WA0099801073
B1344201853187S04154974WA0099801074
B1344241853187S04154973WA0099901074
B1344281853187S04154974WA0099901074
B1344321853187S04154974WA0099901075
B1344361853187S04154974WA0099901076
B1344401853188S04154974WA0099801076
B1344441853187S04154973WA0099801077
B1344481853188S04154972WA0099901076
B1344521853188S04154971WA0099901075
B1344561853188S04154970WA0099901075
B1345001853188S04154970WA0099901076
B1345041853188S04154969WA0099901076
B1345081853187S04154969WA0099901076
B1345121853187S04154968WA0099901077
B1345161853187S04154968WA0099901079
B1345201853187S04154968WA0099901079
B1345241853186S04154968WA0099901079
B1345281853185S04154968WA0099801079
B1345321853185S04154968WA0099901080
B1345361853185S04154968WA0099901080
B1345401853185S04154969WA0099901081
B1345441853185S04154969WA0099801082
B1345481853186S04154968WA0099901084
B1345521853187S04154966WA0099901086
B1345561853188S04154964WA0099901087
B1346001853189S04154963WA0099901087
B1346041853191S04154963WA0099901087
B1346081853192S04154962WA0099801087
B1346121853194S04154961WA0099801087
B1346161853194S04154960WA0099701086
B1346201853196S04154959WA0099701086
B1346241853198S04154959WA0099701085
B1346281853198S04154959WA0099601085
B1346321853199S04154958WA0099601085
B1346361853200S04154957WA0099601085
B1346401853200S04154956WA0099601085
B1346441853201S04154955WA0099501085
B1346481853201S04154952WA0099501085
B1346521853200S04154950WA0099601085
B1346561853200S04154948WA0099601086
B1347001853199S04154946WA0099601087
B1347041853199S04154945WA0099601088
B1347081853198S04154944WA0099701089
B1347121853197S04154943WA0099701089
B1347161853197S04154943WA0099701089
B1347201853197S04154942WA0099701090
B1347241853196S04154941WA0099701089
B1347281853197S04154941WA0099601090
B1347321853195S04154941WA0099701090
B1347361853193S04154941WA0099601090
B1347401853191S04154941WA0099701090
B1347441853189S04154941WA0099701090
B1347481853188S04154941WA0099601091
B1347521853188S04154941WA0099601092
B1347561853188S04154941WA0099601092
B1348001853187S04154941WA0099601093
B1348041853187S04154941WA0099601094
B1348081853187S04154941WA0099601094
B1348121853187S04154941WA0099601095
B1348161853187S04154940WA0099601096
B1348201853187S04154940WA0099601096
B1348241853187S04154940WA0099601096
B1348281853187S04154940WA0099601096
B1348321853187S04154940WA0099601096
B1348361853187S04154940WA0099601097
B1348401853187S04154940WA0099601097
B1348441853187S04154940WA0099601096
B1348481853187S04154940WA0099601097
B1348521853187S04154940WA0099601096
B1348561853187S04154940WA0099601096
B1349001853187S04154940WA0099601096
B1349041853187S04154940WA0099601096
B1349081853187S04154940WA0099601097
B1349121853186S04154940WA0099601098
B1349161853186S04154940WA0099601098
B1349201853186S04154940WA0099601098
B1349241853187S04154940WA0099601097
B1349281853187S04154940WA0099601097
B1349321853187S04154940WA0099601097
B1349361853187S04154940WA0099601097
B1349401853186S04154940WA0099601098
B1349441853186S04154939WA0099601099
B1349481853186S04154939WA0099601098
B1349521853186S04154940WA0099601098
B1349561853186S04154939WA0099601098
B1350001853186S04154939WA0099601099
B1350041853186S04154939WA0099601099
B1350081853185S04154939WA0099601099
B1350121853186S04154939WA0099601098
B1350161853186S04154939WA0099601098
B1350201853186S04154940WA0099601097
B1350241853186S04154940WA0099601097
B1350281853186S04154940WA0099601097
B1350321853186S04154940WA0099601097
B1350361853186S04154939WA0099601097
B1350401853186S04154939WA0099601096
B1350441853186S04154939WA0099601096
B1350481853186S04154940WA0099601096
B1350521853186S04154939WA0099601095
B1350561853186S04154939WA0099601095
B1351001853186S04154939WA0099601095
B1351041853186S04154939WA0099601095
B1351081853186S04154939WA0099601095
B1351121853186S04154939WA0099601095
B1351161853186S04154939WA0099601095
B1351201853186S04154939WA0099601095
B1351241853186S04154939WA0099601095
B1351281853186S04154939WA0099601095
B1351321853186S04154939WA0099601095
B1351361853186S04154939WA0099601095
B1351401853186S04154938WA0099601095
B1351441853186S04154938WA0099601095
B1351481853186S04154938WA0099601095
B1351521853186S04154938WA0099601095
B1351561853186S04154939WA0099701095
B1352001853186S04154939WA0099601094
B1352041853186S04154939WA0099701093
B1352081853186S04154939WA0099601093
B1352121853186S04154939WA0099601092
B1352161853186S04154939WA0099601092
B1352201853186S04154939WA0099601092
B1352241853186S04154939WA0099701092
B1352281853186S04154938WA0099601093
B1352321853186S04154938WA0099701093
B1352361853186S04154939WA0099701093
B1352401853186S04154939WA0099601093
B1352441853186S04154939WA0099601093
B1352481853186S04154939WA0099601093
B1352521853186S04154939WA0099601093
B1352561853186S04154939WA0099601093
B1353001853186S04154939WA0099601093
B1353041853187S04154940WA0099601092
B1353081853189S04154941WA0099701092
B1353121853190S04154942WA0099701090
B1353161853191S04154942WA0099801090
B1353201853190S04154945WA0099801092
B1353241853190S04154947WA0099801091
B1353281853190S04154949WA0099901091
B1353321853191S04154952WA0099901090
B1353361853192S04154954WA0099901091
B1353401853193S04154955WA0099901091
B1353441853194S04154955WA0099801091
B1353481853195S04154956WA0099801090
B1353521853196S04154956WA0099801088
B1353561853197S04154955WA0099701087
B1354001853198S04154955WA0099701086
B1354041853199S04154955WA0099701086
B1354081853199S04154955WA0099701088
B1354121853198S04154955WA0099701089
B1354161853198S04154956WA0099701090
B1354201853197S04154957WA0099801091
B1354241853195S04154957WA0099901091
B1354281853194S04154957WA0099901091
B1354321853192S04154958WA0099901090
B1354361853192S04154960WA0099901089
B1354401853191S04154963WA0099901091
B1354441853190S04154964WA0100001092
B1354481853189S04154966WA0100001093
B1354521853189S04154966WA0099901094
B1354561853190S04154966WA0099901093
B1355001853190S04154966WA0099901095
B1355041853189S04154966WA0099901094
B1355081853189S04154967WA0100001095
B1355121853188S04154966WA0100001096
B1355161853188S04154966WA0099901093
B1355201853187S04154969WA0100001090
B1355241853187S04154969WA0100001090
B1355281853186S04154970WA0099901088
B1355321853185S04154971WA0099901088
B1355361853185S04154972WA0099901088
B1355401853184S04154972WA0099901087
B1355441853184S04154971WA0099901086
B1355481853185S04154972WA0099901085
B1355521853186S04154973WA0099901083
B1355561853187S04154974WA0099901084
B1356001853188S04154975WA0099901089
B1356041853188S04154976WA0099901093
B1356081853188S04154978WA0099901097
B1356121853187S04154980WA0100001100
B1356161853187S04154980WA0099901102
B1356201853189S04154982WA0099901105
B1356241853190S04154982WA0099901108
B1356281853190S04154982WA0100001109
B1356321853189S04154981WA0100001110
B1356361853188S04154982WA0099901111
B1356401853189S04154982WA0100001109
B1356441853188S04154984WA0100001107
B1356481853188S04154984WA0099901107
B1356521853188S04154983WA0100001106
B1356561853190S04154980WA0099901104
B1357001853189S04154983WA0100001106
B1357041853191S04154981WA0100001107
B1357081853192S04154981WA0099901107
B1357121853192S04154983WA0099901107
B1357161853192S04154984WA0100001108
B1357201853192S04154983WA0100001106
B1357241853190S04154981WA0099901107
B1357281853190S04154980WA0100001107
B1357321853190S04154979WA0099901104
B1357361853192S04154979WA0100001102
B1357401853191S04154981WA0100001102
B1357441853189S04154980WA0099901101
B1357481853189S04154980WA0099901100
B1357521853189S04154978WA0099901099
B1357561853189S04154975WA0099901097
B1358001853191S04154976WA0099901095
B1358041853192S04154976WA0100001093
B1358081853191S04154977WA0100001092
B1358121853190S04154979WA0100001093
B1358161853190S04154979WA0100001093
B1358201853189S04154981WA0100001093
B1358241853189S04154979WA0100001095
B1358281853188S04154979WA0100001095
B1358321853188S04154977WA0100001094
B1358361853187S04154975WA0100001092
B1358401853186S04154973WA0100001090
B1358441853186S04154969WA0100001088
B1358481853186S04154968WA0100001088
B1358521853187S04154966WA0100001088
B1358561853188S04154965WA0100001087
B1359001853188S04154962WA0100001087
B1359041853189S04154961WA0100001086
B1359081853190S04154960WA0099901085
B1359121853189S04154957WA0099901083
B1359161853189S04154956WA0099901083
B1359201853190S04154955WA0099901082
B1359241853192S04154955WA0099901080
B1359281853194S04154954WA0099801080
B1359321853195S04154953WA0099801083
B1359361853194S04154953WA0099801085
B1359401853194S04154953WA0099801084
B1359441853193S04154953WA0099901084
B1359481853193S04154953WA0099901085
B1359521853192S04154953WA0099901085
B1359561853192S04154952WA0099901087
B1400001853193S04154951WA0099901086
B1400041853193S04154950WA0099901086
B1400081853193S04154950WA0099901087
B1400121853193S04154950WA0099901087
B1400161853193S04154950WA0099901088
B1400201853193S04154950WA0099901089
B1400241853194S04154950WA0099901089
B1400281853194S04154950WA0099901091
B1400321853194S04154950WA0100001091
B1400361853195S04154950WA0099901090
B1400401853197S04154950WA0099801089
B1400441853199S04154950WA0099801088
B1400481853200S04154950WA0099701086
B1400521853201S04154952WA0099701087
B1400561853201S04154955WA0099701088
B1401001853200S04154956WA0099801089
B1401041853199S04154957WA0099801090
B1401081853199S04154957WA0099801090
B1401121853199S04154957WA0099801091
B1401161853198S04154957WA0099901092
B1401201853198S04154957WA0099801092
B1401241853198S04154958WA0099801093
B1401281853198S04154958WA0099801094
B1401321853198S04154957WA0099901095
B1401361853198S04154957WA0099901094
B1401401853198S04154957WA0099901094
B1401441853197S04154957WA0099901093
B1401481853197S04154957WA0099901093
B1401521853197S04154957WA0099901093
B1401561853197S04154957WA0099901093
B1402001853197S04154957WA0099901094
B1402041853197S04154957WA0099901094
B1402081853197S04154957WA0099901095
B1402121853197S04154957WA0099901095
B1402161853196S04154957WA0099901094
B1402201853196S04154957WA0099901094
B1402241853196S04154957WA0099901095
B1402281853196S04154958WA0099901096
B1402321853196S04154958WA0099901096
B1402361853196S04154957WA0099901095
B1402401853196S04154958WA0099901095
B1402441853196S04154958WA0099901094
B1402481853196S04154958WA0099901093
B1402521853196S04154958WA0099901092
B1402561853196S04154958WA0099901092
B1403001853196S04154958WA0099901092
B1403041853196S04154958WA0099901091
B1403081853196S04154958WA0099901092
B1403121853196S04154958WA0099901092
B1403161853196S04154958WA0099901092
B1403201853196S04154958WA0099901091
B1403241853196S04154958WA0099901092
B1403281853196S04154959WA0100001091
B1403321853196S04154959WA0100001091
B1403361853195S04154960WA0100001091
B1403401853195S04154960WA0100001092
B1403441853195S04154959WA0100001092
B1403481853195S04154959WA0100001093
B1403521853195S04154959WA0100101093
B1403561853195S04154959WA0100101092
B1404001853195S04154959WA0100001092
B1404041853195S04154959WA0100001093
B1404081853195S04154959WA0100001094
B1404121853195S04154959WA0100001095
B1404161853195S04154959WA0100101095
B1404201853196S04154959WA0100001095
B1404241853196S04154959WA0100101096
B1404281853196S04154959WA0100101096
B1404321853195S04154959WA0100101097
B1404361853195S04154960WA0100101097
B1404401853195S04154960WA0100101098
B1404441853195S04154960WA0100101098
B1404481853195S04154960WA0100101098
B1404521853195S04154960WA0100101099
B1404561853195S04154960WA0100101099
B1405001853196S04154960WA0100101100
B1405041853195S04154960WA0100101100
B1405081853195S04154960WA0100001100
B1405121853195S04154960WA0100101100
B1405161853195S04154960WA0100101100
B1405201853195S04154960WA0100101100
B1405241853195S04154960WA0100101099
B1405281853195S04154960WA0100101099
B1405321853195S04154960WA0100101098
B1405361853195S04154960WA0100101098
B1405401853195S04154960WA0100101098
B1405441853195S04154960WA0100101098
B1405481853195S04154960WA0100101098
B1405521853195S04154960WA0100101098
B1405561853195S04154960WA0100101098
B1406001853195S04154960WA0100101098
B1406041853195S04154959WA0100101097
B1406081853195S04154959WA0100101096
B1406121853195S04154959WA0100101096
B1406161853195S04154959WA0100101096
B1406201853195S04154959WA0100101095
B1406241853195S04154959WA0100101095
B1406281853196S04154959WA0100001093
B1406321853195S04154959WA0100001093
B1406361853196S04154959WA0100201092
B1406401853196S04154959WA0100101093
B1406441853196S04154959WA0100101092
B1406481853195S04154959WA0100101090
B1406521853195S04154960WA0100101089
B1406561853195S04154960WA0100101090
B1407001853195S04154960WA0100101090
B1407041853195S04154960WA0100101090
B1407081853195S04154960WA0100101091
B1407121853195S04154961WA0100101092
B1407161853195S04154961WA0100101093
B1407201853195S04154961WA0100101095
B1407241853195S04154961WA0100101096
B1407281853195S04154961WA0100101096
B1407321853195S04154962WA0100101097
B1407361853195S04154962WA0100101097
B1407401853195S04154962WA0100101098
B1407441853195S04154962WA0100101098
B1407481853195S04154962WA0100101098
B1407521853195S04154962WA0100101098
B1407561853195S04154962WA0100101098
B1408001853195S04154962WA0100101097
B1408041853195S04154962WA0100101097
B1408081853195S04154962WA0100201097
B1408121853195S04154962WA0100101098
B1408161853195S04154962WA0100201097
B1408201853195S04154962WA0100201097
B1408241853195S04154962WA0100201097
B1408281853195S04154962WA0100201098
B1408321853194S04154962WA0100201098
B1408361853194S04154962WA0100201098
B1408401853195S04154962WA0100201098
B1408441853195S04154962WA0100201098
B1408481853195S04154962WA0100201098
B1408521853195S04154962WA0100201098
B1408561853195S04154962WA0100201097
B1409001853195S04154962WA0100201097
B1409041853195S04154962WA0100201097
B1409081853195S04154961WA0100201097
B1409121853195S04154961WA0100201096
B1409161853195S04154961WA0100201096
B1409201853195S04154961WA0100201096
B1409241853195S04154961WA0100201096
B1409281853195S04154961WA0100201095
B1409321853194S04154961WA0100201094
B1409361853194S04154962WA0100201093
B1409401853194S04154961WA0100201092
B1409441853194S04154961WA0100201092
B1409481853194S04154961WA0100201092
B1409521853194S04154961WA0100201092
B1409561853194S04154961WA0100201092
B1410001853194S04154962WA0100201093
B1410041853194S04154962WA0100201093
B1410081853194S04154962WA0100201093
B1410121853194S04154962WA0100201092
B1410161853194S04154961WA0100201092
B1410201853194S04154961WA0100201091
B1410241853194S04154961WA0100201091
B1410281853194S04154961WA0100201092
B1410321853194S04154961WA0100201093
B1410361853194S04154961WA0100201094
B1410401853195S04154961WA0100201094
B1410441853195S04154961WA0100201094
B1410481853195S04154961WA0100201094
B1410521853195S04154961WA0100201094
B1410561853195S04154961WA0100201094
B1411001853195S04154961WA0100201094
B1411041853195S04154961WA0100201094
B1411081853195S04154961WA0100201095
B1411121853195S04154961WA0100201096
B1411161853194S04154962WA0100201094
B1411201853193S04154962WA0100201094
B1411241853191S04154962WA0100201094
B1411281853191S04154962WA0100201094
B1411321853191S04154962WA0100201094
B1411361853190S04154962WA0100201094
B1411401853190S04154962WA0100201095
B1411441853190S04154962WA0100201096
B1411481853190S04154962WA0100201096
B1411521853190S04154962WA0100201097
B1411561853190S04154962WA0100201098
B1412001853189S04154962WA0100201097
B1412041853189S04154961WA0100201098
B1412081853188S04154962WA0100201097
B1412121853187S04154963WA0100201097
B1412161853186S04154963WA0100201095
B1412201853184S04154963WA0100101095
B1412241853183S04154962WA0100101094
B1412281853181S04154961WA0100001093
B1412321853180S04154961WA0099901093
B1412361853179S04154960WA0099901092
B1412401853178S04154961WA0099801091
B1412441853178S04154960WA0099701089
B1412481853179S04154960WA0099701086
B1412521853179S04154959WA0099701085
B1412561853179S04154959WA0099701084
B1413001853179S04154959WA0099701084
B1413041853178S04154959WA0099701084
B1413081853178S04154960WA0099701083
B1413121853178S04154960WA0099701082
B1413161853178S04154960WA0099701081
B1413201853178S04154960WA0099701080
B1413241853178S04154960WA0099701079
B1413281853178S04154960WA0099701078
B1413321853178S04154959WA0099701079
B1413361853178S04154959WA0099701080
B1413401853178S04154959WA0099701080
B1413441853178S04154958WA0099701080
B1413481853178S04154958WA0099701080
B1413521853178S04154958WA0099701080
B1413561853178S04154958WA0099701080
B1414001853178S04154958WA0099701079
B1414041853178S04154958WA0099701079
B1414081853178S04154958WA0099701078
B1414121853178S04154958WA0099701078
B1414161853178S04154958WA0099701078
B1414201853178S04154958WA0099701077
B1414241853178S04154958WA0099701076
B1414281853178S04154958WA0099701075
B1414321853179S04154957WA0099701075
B1414361853179S04154957WA0099701074
B1414401853179S04154957WA0099701074
B1414441853179S04154957WA0099701073
B1414481853179S04154958WA0099701073
B1414521853178S04154958WA0099701072
B1414561853178S04154958WA0099701072
B1415001853178S04154958WA0099701071
B1415041853178S04154959WA0099701071
B1415081853178S04154959WA0099701070
B1415121853178S04154959WA0099701070
B1415161853179S04154959WA0099701069
B1415201853178S04154959WA0099701069
B1415241853178S04154959WA0099701069
B1415281853178S04154959WA0099701068
B1415321853179S04154960WA0099701068
B1415361853179S04154960WA0099701067
B1415401853178S04154960WA0099701067
B1415441853178S04154960WA0099701068
B1415481853178S04154960WA0099701069
B1415521853178S04154960WA0099701069
B1415561853178S04154960WA0099701069
B1416001853178S04154960WA0099701069
B1416041853178S04154960WA0099701068
B1416081853178S04154961WA0099701068
B1416121853178S04154961WA0099801067
B1416161853178S04154961WA0099801067
B1416201853178S04154961WA0099701066
B1416241853178S04154961WA0099701066
B1416281853178S04154962WA0099701066
B1416321853178S04154962WA0099701066
B1416361853178S04154962WA0099701065
B1416401853178S04154962WA0099801064
B1416441853178S04154963WA0099701064
B1416481853178S04154963WA0099701063
B1416521853177S04154963WA0099701063
B1416561853177S04154963WA0099801064
B1417001853177S04154963WA0099801064
B1417041853177S04154962WA0099701065
B1417081853177S04154962WA0099701065
B1417121853177S04154962WA0099801066
B1417161853177S04154961WA0099701067
B1417201853177S04154961WA0099701068
B1417241853177S04154960WA0099801069
B1417281853177S04154960WA0099801069
B1417321853177S04154960WA0099801069
B1417361853177S04154960WA0099801070
B1417401853177S04154960WA0099701070
B1417441853177S04154960WA0099701069
B1417481853177S04154960WA0099701069
B1417521853177S04154960WA0099801069
B1417561853177S04154960WA0099701070
B1418001853177S04154960WA0099701070
B1418041853177S04154960WA0099701069
B1418081853177S04154960WA0099701069
B1418121853177S04154960WA0099701069
B1418161853177S04154961WA0099701068
B1418201853177S04154960WA0099801068
B1418241853177S04154961WA0099801068
B1418281853177S04154961WA0099701067
B1418321853178S04154961WA0099701066
B1418361853178S04154961WA0099801065
B1418401853178S04154962WA0099701065
B1418441853178S04154962WA0099701064
B1418481853178S04154961WA0099701065
B1418521853178S04154961WA0099801065
B1418561853178S04154960WA0099701066
B1419001853178S04154960WA0099701066
B1419041853178S04154960WA0099701066
B1419081853178S04154960WA0099801067
B1419121853178S04154961WA0099701067
B1419161853178S04154961WA0099801067
B1419201853178S04154961WA0099801067
B1419241853178S04154961WA0099801067
B1419281853178S04154962WA0099801066
B1419321853178S04154962WA0099801066
B1419361853178S04154962WA0099801066
B1419401853178S04154962WA0099701066
B1419441853178S04154962WA0099801066
B1419481853178S04154962WA0099801066
B1419521853178S04154961WA0099701067
B1419561853178S04154961WA0099801067
B1420001853178S04154961WA0099801067
B1420041853178S04154960WA0099701068
B1420081853178S04154961WA0099801068
B1420121853178S04154961WA0099801068
B1420161853178S04154960WA0099801068
B1420201853178S04154960WA0099801069
B1420241853178S04154960WA0099801069
B1420281853178S04154960WA0099801069
B1420321853178S04154960WA0099801069
B1420361853178S04154960WA0099801069
B1420401853178S04154960WA0099801069
B1420441853178S04154960WA0099801069
B1420481853178S04154960WA0099801069
B1420521853178S04154961WA0099801069
B1420561853178S04154960WA0099801070
B1421001853178S04154960WA0099801070
B1421041853178S04154960WA0099801070
B1421081853178S04154960WA0099801070
B1421121853178S04154961WA0099801070
B1421161853178S04154960WA0099801070
B1421201853178S04154960WA0099801071
B1421241853178S04154960WA0099801071
B1421281853178S04154960WA0099801071
B1421321853178S04154960WA0099801072
B1421361853178S04154960WA0099801072
B1421401853178S04154960WA0099801072
B1421441853177S04154960WA0099801072
B1421481853177S04154960WA0099801072
B1421521853177S04154960WA0099801072
B1421561853177S04154960WA0099801073
B1422001853177S04154960WA0099801073
B1422041853177S04154960WA0099801073
B1422081853177S04154961WA0099801073
B1422121853177S04154961WA0099801073
B1422161853177S04154960WA0099801073
B1422201853177S04154961WA0099801072
B1422241853177S04154961WA0099801072
B1422281853177S04154961WA0099801071
B1422321853177S04154961WA0099801071
B1422361853177S04154961WA0099801071
B1422401853177S04154961WA0099801071
B1422441853177S04154961WA0099801071
B1422481853177S04154961WA0099801071
B1422521853177S04154961WA0099801071
B1422561853177S04154961WA0099801071
B1423001853177S04154961WA0099801071
B1423041853177S04154961WA0099901071
B1423081853177S04154961WA0099901072
B1423121853177S04154960WA0099901073
B1423161853177S04154961WA0099901072
B1423201853177S04154962WA0099901071
B1423241853177S04154962WA0099901070
B1423281853177S04154963WA0099901070
B1423321853177S04154964WA0099901068
B1423361853177S04154964WA0099901067
B1423401853177S04154964WA0099801066
B1423441853177S04154964WA0099801066
B1423481853177S04154964WA0099801065
B1423521853177S04154964WA0099801065
B1423561853177S04154964WA0099801066
B1424001853177S04154964WA0099801066
B1424041853177S04154964WA0099801065
B1424081853177S04154964WA0099801066
B1424121853177S04154964WA0099801066
B1424161853177S04154963WA0099801066
B1424201853177S04154963WA0099801067
B1424241853177S04154963WA0099801067
B1424281853177S04154963WA0099801066
B1424321853177S04154963WA0099801066
B1424361853177S04154963WA0099801066
B1424401853177S04154964WA0099801066
B1424441853177S04154964WA0099801065
B1424481853177S04154964WA0099801065
B1424521853177S04154965WA0099801064
B1424561853177S04154965WA0099801063
B1425001853177S04154966WA0099801062
B1425041853177S04154966WA0099801062
B1425081853177S04154966WA0099801061
B1425121853177S04154966WA0099801061
B1425161853177S04154967WA0099801061
B1425201853177S04154967WA0099801061
B1425241853177S04154968WA0099801060
B1425281853177S04154967WA0099801060
B1425321853177S04154968WA0099801060
B1425361853177S04154967WA0099801061
B1425401853177S04154967WA0099801063
B1425441853177S04154966WA0099801064
B1425481853177S04154966WA0099801065
B1425521853177S04154966WA0099801065
B1425561853177S04154966WA0099801065
B1426001853177S04154967WA0099801064
B1426041853177S04154967WA0099801064
B1426081853177S04154967WA0099801065
B1426121853177S04154966WA0099801065
B1426161853177S04154966WA0099801065
B1426201853177S04154966WA0099801066
B1426241853177S04154966WA0099801066
B1426281853177S04154967WA0099801066
B1426321853177S04154967WA0099801066
B1426361853177S04154966WA0099801066
B1426401853177S04154966WA0099801067
B1426441853177S04154966WA0099801068
B1426481853177S04154965WA0099801069
B1426521853177S04154965WA0099801070
B1426561853177S04154965WA0099801070
B1427001853177S04154964WA0099801070
B1427041853177S04154964WA0099801071
B1427081853177S04154964WA0099801072
B1427121853177S04154963WA0099801073
B1427161853177S04154964WA0099801073
B1427201853177S04154964WA0099801073
B1427241853177S04154963WA0099801073
B1427281853177S04154963WA0099801074
B1427321853177S04154964WA0099801074
B1427361853177S04154964WA0099801074
B1427401853177S04154964WA0099801074
B1427441853177S04154964WA0099801074
B1427481853177S04154964WA0099801073
B1427521853177S04154964WA0099801073
B1427561853177S04154964WA0099801073
B1428001853177S04154964WA0099801072
B1428041853178S04154963WA0099901073
B1428081853178S04154963WA0099901074
B1428121853178S04154962WA0099901076
B1428161853178S04154962WA0099901076
B1428201853178S04154962WA0099901075
B1428241853178S04154961WA0099901076
B1428281853178S04154960WA0099901076
B1428321853178S04154960WA0099901077
B1428361853179S04154959WA0099901078
B1428401853179S04154959WA0099901078
B1428441853179S04154959WA0099901077
B1428481853180S04154958WA0099901079
B1428521853181S04154957WA0100001079
B1428561853183S04154957WA0100101080
B1429001853184S04154956WA0100101082
B1429041853185S04154956WA0100201083
B1429081853187S04154956WA0100301082
B1429121853188S04154956WA0100301083
B1429161853190S04154956WA0100401083
B1429201853192S04154956WA0100401084
B1429241853193S04154956WA0100401085
B1429281853194S04154957WA0100401083
B1429321853195S04154957WA0100301083
B1429361853197S04154957WA0100301082
B1429401853198S04154957WA0100201083
B1429441853199S04154957WA0100201083
B1429481853201S04154958WA0100201084
B1429521853203S04154957WA0100101085
B1429561853204S04154956WA0100101084
B1430001853204S04154956WA0100101083
B1430041853205S04154955WA0100101082
B1430081853206S04154954WA0100101081
B1430121853207S04154954WA0100101082
B1430161853207S04154954WA0100101082
B1430201853207S04154954WA0100101082
B1430241853206S04154955WA0100101082
B1430281853205S04154956WA0100101082
B1430321853204S04154956WA0100101085
B1430361853203S04154956WA0100101085
B1430401853203S04154956WA0100101085
B1430441853203S04154956WA0100101086
B1430481853203S04154956WA0100201086
B1430521853203S04154956WA0100101086
B1430561853202S04154957WA0100101086
B1431001853202S04154957WA0100101086
B1431041853202S04154957WA0100101083
B1431081853202S04154958WA0100101080
B1431121853202S04154958WA0100101078
B1431161853202S04154958WA0100201077
B1431201853201S04154958WA0100201079
B1431241853200S04154958WA0100201079
B1431281853199S04154959WA0100301080
B1431321853197S04154960WA0100401079
B1431361853196S04154961WA0100401079
B1431401853195S04154963WA0100401079
B1431441853194S04154964WA0100401077
B1431481853194S04154965WA0100401076
B1431521853194S04154967WA0100401077
B1431561853194S04154969WA0100401080
B1432001853194S04154970WA0100401082
B1432041853193S04154971WA0100401083
B1432081853191S04154973WA0100401084
B1432121853190S04154972WA0100401087
B1432161853189S04154971WA0100401087
B1432201853189S04154970WA0100401088
B1432241853189S04154967WA0100401090
B1432281853187S04154964WA0100401086
B1432321853183S04154962WA0100401085
B1432361853184S04154960WA0100401082
B1432401853182S04154957WA0100401083
B1432441853180S04154954WA0100401086
B1432481853181S04154953WA0100301089
B1432521853180S04154952WA0100301079
B1432561853177S04154948WA0100301070
B1433001853177S04154950WA0100301068
B1433041853180S04154950WA0100301060
B1433081853178S04154953WA0100301058
B1433121853180S04154954WA0100301055
B1433161853180S04154957WA0100301052
B1433201853182S04154955WA0100301050
B1433241853191S04154959WA0100301058
B1433281853192S04154957WA0100401063
B1433321853198S04154952WA0100301065
B1433361853199S04154953WA0100401055
B1433401853196S04154954WA0100301040
B1433441853191S04154953WA0100301039
B1433481853190S04154957WA0100301047
B1433521853187S04154961WA0100401042
B1433561853186S04154964WA0100401036
B1434001853184S04154962WA0100401023
B1434041853183S04154957WA0100401026
B1434081853179S04154956WA0100401020
B1434121853183S04154953WA0100401017
B1434161853183S04154949WA0100400997
B1434201853184S04154949WA0100400999
B1434241853186S04154950WA0100400992
B1434281853187S04154950WA0100400988
B1434321853187S04154955WA0100400988
B1434361853184S04154959WA0100400991
B1434401853184S04154959WA0100400990
B1434441853184S04154958WA0100400989
B1434481853185S04154960WA0100400980
B1434521853182S04154962WA0100400996
B1434561853180S04154962WA0100401041
B1435001853181S04154965WA0100401060
B1435041853183S04154967WA0100401058
B1435081853186S04154970WA0100401075
B1435121853187S04154968WA0100401083
B1435161853188S04154966WA0100401085
B1435201853189S04154963WA0100401086
B1435241853190S04154962WA0100401086
B1435281853192S04154961WA0100401085
B1435321853194S04154960WA0100301085
B1435361853196S04154960WA0100201083
B1435401853197S04154959WA0100201083
B1435441853199S04154959WA0100101081
B1435481853200S04154958WA0100201082
B1435521853200S04154959WA0100201082
B1435561853200S04154959WA0100201081
B1436001853201S04154959WA0100201081
B1436041853201S04154959WA0100101080
B1436081853201S04154959WA0100201079
B1436121853202S04154959WA0100101078
B1436161853202S04154959WA0100201077
B1436201853202S04154959WA0100201076
B1436241853202S04154959WA0100201075
B1436281853202S04154959WA0100201073
B1436321853203S04154959WA0100201073
B1436361853203S04154959WA0100201073
B1436401853203S04154959WA0100201073
B1436441853203S04154959WA0100201072
B1436481853203S04154959WA0100201072
B1436521853203S04154959WA0100201072
B1436561853203S04154959WA0100101072
B1437001853203S04154959WA0100201073
B1437041853203S04154959WA0100201074
B1437081853202S04154959WA0100201075
B1437121853202S04154959WA0100201075
B1437161853202S04154959WA0100201076
B1437201853203S04154958WA0100201077
B1437241853203S04154959WA0100201077
B1437281853203S04154958WA0100201079
B1437321853203S04154958WA0100201080
B1437361853203S04154958WA0100201081
B1437401853203S04154958WA0100201082
B1437441853203S04154958WA0100201082
B1437481853203S04154958WA0100201082
B1437521853203S04154958WA0100201082
B1437561853202S04154958WA0100201082
B1438001853203S04154957WA0100201082
B1438041853203S04154957WA0100301082
B1438081853203S04154957WA0100201081
B1438121853203S04154957WA0100201081
B1438161853203S04154957WA0100201080
B1438201853203S04154958WA0100201080
B1438241853203S04154958WA0100201080
B1438281853203S04154957WA0100201081
B1438321853203S04154957WA0100201080
B1438361853203S04154958WA0100201081
B1438401853203S04154958WA0100201080
B1438441853203S04154958WA0100201080
B1438481853202S04154958WA0100201079
B1438521853202S04154958WA0100201079
B1438561853202S04154958WA0100201079
B1439001853202S04154958WA0100201078
B1439041853202S04154958WA0100201078
B1439081853202S04154958WA0100201078
B1439121853202S04154958WA0100201078
B1439161853202S04154958WA0100201077
B1439201853203S04154958WA0100301077
B1439241853203S04154958WA0100201077
B1439281853203S04154958WA0100201077
B1439321853203S04154958WA0100201078
B1439361853203S04154958WA0100201078
B1439401853203S04154958WA0100201078
B1439441853202S04154958WA0100201080
B1439481853203S04154958WA0100201080
B1439521853203S04154958WA0100201080
B1439561853203S04154958WA0100201079
B1440001853203S04154958WA0100201079
B1440041853203S04154958WA0100201079
B1440081853203S04154958WA0100201079
B1440121853203S04154958WA0100201078
B1440161853203S04154958WA0100201078
B1440201853203S04154958WA0100201078
B1440241853203S04154958WA0100201076
B1440281853203S04154958WA0100201075
B1440321853203S04154958WA0100201075
B1440361853203S04154958WA0100201075
B1440401853203S04154958WA0100201075
B1440441853203S04154958WA0100201075
B1440481853203S04154959WA0100201074
B1440521853203S04154959WA0100201074
B1440561853203S04154959WA0100201074
B1441001853203S04154959WA0100201074
B1441041853203S04154959WA0100201074
B1441081853203S04154959WA0100201075
B1441121853203S04154959WA0100201075
B1441161853203S04154959WA0100201075
B1441201853203S04154959WA0100201075
B1441241853203S04154959WA0100201076
B1441281853203S04154959WA0100201076
B1441321853203S04154959WA0100201077
B1441361853203S04154959WA0100201078
B1441401853203S04154959WA0100201078
B1441441853203S04154959WA0100201078
B1441481853202S04154959WA0100201079
B1441521853202S04154959WA0100201079
B1441561853202S04154959WA0100301078
B1442001853203S04154959WA0100201078
B1442041853203S04154959WA0100201078
B1442081853203S04154959WA0100201078
B1442121853203S04154959WA0100201079
B1442161853203S04154958WA0100201080
B1442201853203S04154958WA0100301081
B1442241853203S04154957WA0100201082
B1442281853203S04154958WA0100301082
B1442321853203S04154958WA0100201082
B1442361853203S04154958WA0100201082
B1442401853203S04154958WA0100201081
B1442441853203S04154958WA0100201080
B1442481853203S04154958WA0100201080
B1442521853203S04154958WA0100201080
B1442561853203S04154958WA0100201080
B1443001853203S04154958WA0100201080
B1443041853203S04154958WA0100201079
B1443081853203S04154958WA0100201078
B1443121853203S04154958WA0100201078
B1443161853203S04154959WA0100201077
B1443201853203S04154959WA0100201076
B1443241853203S04154959WA0100201076
B1443281853203S04154960WA0100201076
B1443321853203S04154960WA0100201076
B1443361853202S04154960WA0100201076
B1443401853202S04154959WA0100201077
B1443441853202S04154959WA0100201076
B1443481853202S04154959WA0100201076
B1443521853202S04154959WA0100201078
B1443561853202S04154958WA0100201078
B1444001853202S04154958WA0100301079
B1444041853202S04154958WA0100201079
B1444081853201S04154958WA0100301079
B1444121853201S04154958WA0100301080
B1444161853201S04154958WA0100201080
B1444201853202S04154958WA0100301079
B1444241853203S04154956WA0100201078
B1444281853203S04154955WA0100201078
B1444321853203S04154953WA0100201077
B1444361853202S04154952WA0100201077
B1444401853202S04154950WA0100301077
B1444441853201S04154948WA0100301077
B1444481853201S04154947WA0100301078
B1444521853200S04154946WA0100301079
B1444561853199S04154945WA0100401079
B1445001853198S04154943WA0100301079
B1445041853198S04154942WA0100301079
B1445081853198S04154942WA0100201080
B1445121853198S04154941WA0100201081
B1445161853198S04154941WA0100201082
B1445201853197S04154939WA0100201082
B1445241853196S04154938WA0100201083
B1445281853196S04154936WA0100101082
B1445321853196S04154933WA0100101083
B1445361853195S04154932WA0100101082
B1445401853194S04154931WA0100101081
B1445441853193S04154929WA0099901080
B1445481853192S04154927WA0099901079
B1445521853193S04154925WA0099901079
B1445561853195S04154923WA0099901078
B1446001853196S04154922WA0099901079
B1446041853197S04154921WA0099901078
B1446081853199S04154920WA0099901078
B1446121853199S04154919WA0099801078
B1446161853200S04154918WA0099901079
B1446201853200S04154918WA0099901080
B1446241853201S04154916WA0099901079
B1446281853201S04154916WA0099901082
B1446321853202S04154916WA0099901082
B1446361853201S04154916WA0099901083
B1446401853201S04154916WA0099901082
B1446441853201S04154916WA0099901081
B1446481853201S04154916WA0099901080
B1446521853200S04154915WA0099801081
B1446561853200S04154916WA0099801081
B1447001853201S04154916WA0099801080
B1447041853201S04154916WA0099901080
B1447081853200S04154916WA0099901081
B1447121853200S04154916WA0099901082
B1447161853200S04154915WA0099901083
B1447201853200S04154915WA0099901084
B1447241853200S04154915WA0099901084
B1447281853200S04154915WA0099901086
B1447321853200S04154915WA0099901086
B1447361853200S04154915WA0099801084
B1447401853200S04154915WA0099801083
B1447441853200S04154915WA0099801082
B1447481853201S04154916WA0099901081
B1447521853200S04154916WA0099901080
B1447561853200S04154916WA0099901078
B1448001853200S04154917WA0099901078
B1448041853200S04154917WA0099901077
B1448081853201S04154917WA0099901077
B1448121853201S04154917WA0099801077
B1448161853200S04154917WA0099901076
B1448201853200S04154917WA0099901076
B1448241853200S04154917WA0099901075
B1448281853200S04154917WA0099901076
B1448321853201S04154917WA0099901076
B1448361853201S04154917WA0099901076
B1448401853201S04154917WA0099901076
B1448441853201S04154917WA0099901075
B1448481853201S04154917WA0099901075
B1448521853201S04154917WA0099901075
B1448561853201S04154917WA0099801074
B1449001853201S04154916WA0099901077
B1449041853201S04154916WA0099901077
B1449081853201S04154916WA0099901078
B1449121853201S04154915WA0099901079
B1449161853201S04154915WA0099901080
B1449201853201S04154915WA0099901080
B1449241853201S04154915WA0099901080
B1449281853201S04154915WA0099901080
B1449321853201S04154915WA0099901080
B1449361853201S04154915WA0099901080
B1449401853201S04154915WA0099901081
B1449441853201S04154915WA0099901081
B1449481853200S04154915WA0099901082
B1449521853199S04154915WA0099901083
B1449561853199S04154915WA0100001083
B1450001853201S04154915WA0100001082
B1450041853202S04154915WA0099901081
B1450081853202S04154915WA0100001081
B1450121853202S04154915WA0100001082
B1450161853202S04154915WA0099901083
B1450201853202S04154915WA0099901083
B1450241853202S04154915WA0099901083
B1450281853201S04154915WA0099901083
B1450321853200S04154916WA0099901084
B1450361853199S04154916WA0099901085
B1450401853199S04154916WA0099901086
B1450441853199S04154916WA0099901087
B1450481853199S04154916WA0099901087
B1450521853199S04154916WA0099901087
B1450561853199S04154915WA0099901088
B1451001853199S04154915WA0099901088
B1451041853198S04154916WA0099901088
B1451081853198S04154915WA0100001088
B1451121853200S04154914WA0100001088
B1451161853201S04154913WA0099901088
B1451201853201S04154914WA0099901088
B1451241853201S04154914WA0099901088
B1451281853201S04154914WA0099901088
B1451321853201S04154914WA0099901088
B1451361853201S04154914WA0099901088
B1451401853201S04154914WA0099901087
B1451441853202S04154914WA0099901087
B1451481853201S04154914WA0099901087
B1451521853201S04154914WA0099901087
B1451561853201S04154914WA0099901087
B1452001853201S04154914WA0099901087
B1452041853201S04154913WA0099901087
B1452081853201S04154913WA0099901087
B1452121853201S04154913WA0099901087
B1452161853202S04154913WA0099901086
B1452201853202S04154913WA0099901086
B1452241853202S04154913WA0099901086
B1452281853202S04154914WA0099901086
B1452321853202S04154914WA0099901086
B1452361853202S04154914WA0099901083
B1452401853203S04154914WA0099901082
B1452441853203S04154914WA0099901081
B1452481853202S04154914WA0099901081
B1452521853202S04154914WA0099901082
B1452561853202S04154914WA0099901084
B1453001853202S04154914WA0099901083
B1453041853202S04154913WA0099901084
B1453081853202S04154914WA0099901084
B1453121853202S04154914WA0099901084
B1453161853202S04154914WA0099901082
B1453201853202S04154914WA0099901082
B1453241853202S04154914WA0099901082
B1453281853202S04154914WA0099901082
B1453321853202S04154914WA0099901081
B1453361853202S04154914WA0099901081
B1453401853202S04154914WA0099901081
B1453441853202S04154914WA0099901082
B1453481853202S04154914WA0099901082
B1453521853202S04154914WA0099901081
B1453561853202S04154914WA0100001081
B1454001853202S04154914WA0099901080
B1454041853202S04154915WA0100001079
B1454081853202S04154915WA0099901079
B1454121853202S04154915WA0099901080
B1454161853202S04154915WA0099901081
B1454201853202S04154914WA0099901081
B1454241853202S04154914WA0099901081
B1454281853202S04154914WA0099901082
B1454321853201S04154914WA0099901082
B1454361853201S04154914WA0099901082
B1454401853202S04154914WA0100001081
B1454441853202S04154915WA0100001081
B1454481853202S04154915WA0100001081
B1454521853202S04154915WA0099901080
B1454561853202S04154915WA0099901081
B1455001853202S04154914WA0099901082
B1455041853202S04154914WA0100001082
B1455081853202S04154914WA0100001083
B1455121853202S04154914WA0100001082
B1455161853202S04154914WA0100001082
B1455201853202S04154914WA0100001082
B1455241853202S04154914WA0100001082
B1455281853202S04154914WA0100001082
B1455321853202S04154914WA0100001082
B1455361853202S04154914WA0100001082
B1455401853202S04154914WA0100001082
B1455441853202S04154914WA0100001082
B1455481853202S04154914WA0100001081
B1455521853202S04154914WA0100001080
B1455561853202S04154914WA0100001080
B1456001853202S04154914WA0100001080
B1456041853202S04154914WA0099901079
B1456081853202S04154914WA0100001078
B1456121853202S04154914WA0100001078
B1456161853202S04154914WA0100001078
B1456201853202S04154914WA0100001078
B1456241853202S04154914WA0100001079
B1456281853202S04154914WA0100001079
B1456321853202S04154914WA0100001079
B1456361853202S04154914WA0100001079
B1456401853202S04154915WA0100001079
B1456441853202S04154915WA0100001079
B1456481853202S04154915WA0100001079
B1456521853202S04154915WA0100001079
B1456561853202S04154915WA0100001079
B1457001853202S04154915WA0100001079
B1457041853202S04154915WA0100001079
B1457081853202S04154915WA0100001079
B1457121853202S04154915WA0099901078
B1457161853202S04154915WA0099901079
B1457201853202S04154915WA0099901078
B1457241853203S04154916WA0099901077
B1457281853203S04154916WA0100001077
B1457321853203S04154916WA0100001076
B1457361853203S04154916WA0100001077
B1457401853203S04154916WA0100001077
B1457441853203S04154916WA0100001078
B1457481853203S04154916WA0100001078
B1457521853203S04154916WA0100001077
B1457561853203S04154916WA0100001076
B1458001853203S04154916WA0100001076
B1458041853202S04154917WA0100001076
B1458081853203S04154916WA0100001075
B1458121853203S04154916WA0100001076
B1458161853202S04154916WA0100001076
B1458201853202S04154916WA0099901077
B1458241853202S04154916WA0100001077
B1458281853202S04154916WA0099901078
B1458321853202S04154916WA0100001077
B1458361853202S04154916WA0100001077
B1458401853202S04154916WA0099901078
B1458441853202S04154916WA0100001078
B1458481853202S04154916WA0100001078
B1458521853202S04154916WA0100001078
B1458561853202S04154916WA0100001077
B1459001853202S04154916WA0100001077
B1459041853202S04154916WA0100001078
B1459081853202S04154916WA0100001077
B1459121853202S04154916WA0099901077
B1459161853201S04154916WA0100001077
B1459201853201S04154916WA0100001078
B1459241853201S04154916WA0100001078
B1459281853201S04154916WA0100001078
B1459321853201S04154916WA0100001078
B1459361853202S04154916WA0100001078
B1459401853202S04154917WA0100001077
B1459441853202S04154917WA0100001077
B1459481853202S04154917WA0100001077
B1459521853202S04154917WA0100001077
B1459561853202S04154916WA0100001077
B1500001853202S04154916WA0100001077
B1500041853202S04154916WA0100001077
B1500081853202S04154916WA0100001077
B1500121853202S04154916WA0100001077
B1500161853202S04154916WA0100001077
B1500201853202S04154916WA0100001078
B1500241853202S04154916WA0100001078
B1500281853202S04154916WA0100001079
B1500321853202S04154916WA0100001079
B1500361853202S04154916WA0100001080
B1500401853201S04154916WA0100001081
B1500441853202S04154916WA0100001081
B1500481853202S04154916WA0100001081
B1500521853202S04154916WA0100001080
B1500561853202S04154916WA0100001080
B1501001853202S04154916WA0100001080
B1501041853202S04154916WA0100001079
B1501081853202S04154916WA0100001079
B1501121853202S04154916WA0100001078
B1501161853202S04154916WA0100001078
B1501201853202S04154916WA0100001078
B1501241853202S04154916WA0100001078
B1501281853202S04154916WA0100001078
B1501321853202S04154916WA0100001078
B1501361853202S04154916WA0100001079
B1501401853202S04154916WA0100001079
B1501441853202S04154915WA0100001081
B1501481853202S04154915WA0100001082
B1501521853202S04154915WA0100001083
B1501561853201S04154915WA0100001084
B1502001853201S04154915WA0100001085
B1502041853201S04154915WA0100001086
B1502081853200S04154915WA0100001087
B1502121853200S04154915WA0100001088
B1502161853200S04154914WA0100001088
B1502201853201S04154914WA0100001088
B1502241853201S04154915WA0100001088
B1502281853201S04154915WA0100001086
B1502321853201S04154915WA0100001085
B1502361853201S04154915WA0100001084
B1502401853202S04154915WA0100001083
B1502441853202S04154915WA0100001082
B1502481853202S04154915WA0100101082
B1502521853202S04154915WA0100101082
B1502561853202S04154915WA0100001082
B1503001853201S04154915WA0100001083
B1503041853201S04154915WA0100001083
B1503081853201S04154915WA0100001083
B1503121853201S04154915WA0100101084
B1503161853201S04154915WA0100001084
B1503201853201S04154915WA0100001085
B1503241853201S04154915WA0100101084
B1503281853201S04154915WA0100101084
B1503321853201S04154915WA0100101084
B1503361853201S04154915WA0100101084
B1503401853201S04154915WA0100101083
B1503441853201S04154915WA0100101083
B1503481853201S04154915WA0100101083
B1503521853201S04154915WA0100101083
B1503561853201S04154915WA0100101083
B1504001853201S04154915WA0100101083
B1504041853202S04154915WA0100101082
B1504081853201S04154915WA0100101082
B1504121853201S04154915WA0100101083
B1504161853201S04154915WA0100101083
B1504201853201S04154915WA0100101083
B1504241853201S04154915WA0100101083
B1504281853201S04154915WA0100101084
B1504321853201S04154915WA0100101084
B1504361853201S04154914WA0100101085
B1504401853200S04154914WA0100101086
B1504441853200S04154914WA0100101086
B1504481853200S04154914WA0100101086
B1504521853201S04154914WA0100101086
B1504561853201S04154915WA0100101085
B1505001853201S04154915WA0100101085
B1505041853201S04154915WA0100101085
B1505081853201S04154915WA0100101085
B1505121853201S04154915WA0100101085
B1505161853201S04154914WA0100101086
B1505201853201S04154914WA0100101086
B1505241853201S04154914WA0100101085
B1505281853201S04154914WA0100101085
B1505321853201S04154914WA0100101085
B1505361853201S04154914WA0100101086
B1505401853201S04154914WA0100101086
B1505441853201S04154914WA0100101086
B1505481853201S04154914WA0100101085
B1505521853201S04154914WA0100101085
B1505561853201S04154914WA0100101085
B1506001853201S04154914WA0100101086
B1506041853201S04154914WA0100101086
B1506081853201S04154914WA0100101087
B1506121853201S04154914WA0100101086
B1506161853200S04154914WA0100101086
B1506201853201S04154914WA0100101085
B1506241853201S04154914WA0100101085
B1506281853200S04154914WA0100201085
B1506321853200S04154914WA0100101085
B1506361853200S04154914WA0100101085
B1506401853199S04154914WA0100201085
B1506441853199S04154915WA0100101086
B1506481853199S04154915WA0100101087
B1506521853198S04154915WA0100201087
B1506561853198S04154915WA0100201087
B1507001853198S04154915WA0100201088
B1507041853198S04154915WA0100201088
B1507081853198S04154915WA0100201088
B1507121853198S04154915WA0100201088
B1507161853198S04154914WA0100201089
B1507201853198S04154913WA0100201087
B1507241853198S04154911WA0100201086
B1507281853199S04154910WA0100201085
B1507321853199S04154909WA0100201084
B1507361853199S04154907WA0100201084
B1507401853199S04154905WA0100101084
B1507441853199S04154903WA0100101084
B1507481853199S04154901WA0100101084
B1507521853199S04154900WA0100101083
B1507561853199S04154898WA0100101082
B1508001853199S04154897WA0100101082
B1508041853198S04154897WA0100101082
B1508081853199S04154898WA0100101081
B1508121853198S04154898WA0100101080
B1508161853199S04154897WA0100101081
B1508201853198S04154897WA0100101081
B1508241853199S04154898WA0100101081
B1508281853199S04154898WA0100101081
B1508321853199S04154898WA0100101080
B1508361853199S04154898WA0100101080
B1508401853199S04154898WA0100101080
B1508441853199S04154898WA0100101079
B1508481853199S04154898WA0100101080
B1508521853199S04154898WA0100101079
B1508561853199S04154898WA0100101078
B1509001853199S04154898WA0100101077
B1509041853200S04154899WA0100101077
B1509081853200S04154898WA0100101076
B1509121853200S04154898WA0100101076
B1509161853200S04154898WA0100101076
B1509201853199S04154898WA0100101076
B1509241853199S04154899WA0100101077
B1509281853199S04154899WA0100101077
B1509321853199S04154898WA0100101078
B1509361853199S04154898WA0100101078
B1509401853199S04154898WA0100101079
B1509441853199S04154898WA0100101080
B1509481853199S04154898WA0100101080
B1509521853199S04154898WA0100101080
B1509561853199S04154898WA0100101080
B1510001853199S04154898WA0100101080
B1510041853199S04154898WA0100101079
B1510081853199S04154898WA0100101079
B1510121853199S04154898WA0100101079
B1510161853199S04154898WA0100101079
B1510201853199S04154898WA0100101079
B1510241853199S04154898WA0100101078
B1510281853199S04154898WA0100101079
B1510321853199S04154898WA0100101079
B1510361853199S04154898WA0100101079
B1510401853199S04154898WA0100201079
B1510441853199S04154898WA0100101079
B1510481853199S04154898WA0100101079
B1510521853199S04154898WA0100201079
B1510561853199S04154898WA0100201079
B1511001853199S04154898WA0100101079
B1511041853199S04154898WA0100101079
B1511081853199S04154897WA0100101079
B1511121853199S04154897WA0100101079
B1511161853199S04154897WA0100101079
B1511201853199S04154897WA0100101079
B1511241853199S04154895WA0100101079
B1511281853199S04154893WA0100101079
B1511321853198S04154892WA0100101079
B1511361853198S04154892WA0100101079
B1511401853198S04154892WA0100101079
B1511441853198S04154892WA0100101079
B1511481853198S04154892WA0100101079
B1511521853197S04154892WA0100101079
B1511561853197S04154891WA0100101078
B1512001853196S04154890WA0100101077
B1512041853194S04154890WA0100001077
B1512081853194S04154890WA0099901077
B1512121853194S04154890WA0100001077
B1512161853194S04154890WA0100001076
B1512201853194S04154890WA0100001077
B1512241853193S04154890WA0100001078
B1512281853193S04154890WA0100001079
B1512321853193S04154890WA0100001080
B1512361853193S04154889WA0100001081
B1512401853193S04154889WA0100001081
B1512441853193S04154889WA0100001081
B1512481853193S04154889WA0100001081
B1512521853193S04154890WA0100001081
B1512561853193S04154890WA0100001081
B1513001853193S04154890WA0100001082
B1513041853193S04154890WA0100001082
B1513081853193S04154890WA0100001083
B1513121853193S04154890WA0100001083
B1513161853193S04154890WA0099901084
B1513201853192S04154890WA0099901083
B1513241853189S04154889WA0099801082
B1513281853176S04154889WA0099201077
B1513321853160S04154881WA0098701070
B1513361853148S04154865WA0098701069
B1513401853131S04154854WA0098601068
B1513441853115S04154847WA0098001064
B1513481853095S04154841WA0097401057
B1513521853073S04154831WA0096201048
B1513561853045S04154818WA0095701041
B1514001853020S04154806WA0095401037
B1514041852995S04154794WA0094901031
B1514081852967S04154788WA0093501018
B1514121852937S04154784WA0093001012
B1514161852909S04154782WA0093001012
B1514201852879S04154785WA0092501009
B1514241852851S04154791WA0092901013
B1514281852829S04154792WA0093501018
B1514321852818S04154781WA0093801019
B1514361852821S04154761WA0094001021
B1514401852832S04154742WA0094101022
B1514441852853S04154738WA0094601026
B1514481852863S04154754WA0095101031
B1514521852861S04154776WA0095301036
B1514561852843S04154789WA0095501039
B1515001852826S04154786WA0096301047
B1515041852811S04154768WA0096401047
B1515081852796S04154754WA0096901053
B1515121852777S04154741WA0097701060
B1515161852767S04154725WA0099101073
B1515201852789S04154718WA0099501079
B1515241852799S04154735WA0101101094
B1515281852780S04154745WA0101701101
B1515321852765S04154733WA0102901112
B1515361852774S04154717WA0103201115
B1515401852794S04154710WA0103601117
B1515441852817S04154711WA0103701119
B1515481852830S04154727WA0104701131
B1515521852821S04154744WA0105301140
B1515561852803S04154752WA0105901147
B1516001852783S04154751WA0106601155
B1516041852779S04154739WA0107101157
B1516081852792S04154721WA0107401161
B1516121852808S04154716WA0107801164
B1516161852832S04154717WA0107401163
B1516201852852S04154725WA0108601174
B1516241852862S04154742WA0109201182
B1516281852858S04154759WA0109801189
B1516321852842S04154765WA0111001203
B1516361852833S04154749WA0111701210
B1516401852853S04154741WA0112601219
B1516441852873S04154758WA0113301229
B1516481852870S04154777WA0114301240
B1516521852857S04154791WA0115801255
B1516561852841S04154792WA0116901266
B1517001852840S04154773WA0117701276
B1517041852865S04154776WA0118801284
B1517081852881S04154792WA0119901298
B1517121852873S04154811WA0121201313
B1517161852855S04154815WA0122501326
B1517201852841S04154801WA0124001340
B1517241852847S04154784WA0125201351
B1517281852873S04154786WA0125401354
B1517321852874S04154812WA0126201364
B1517361852855S04154810WA0127701378
B1517401852845S04154795WA0128801387
B1517441852840S04154780WA0129701396
B1517481852837S04154762WA0130001398
B1517521852838S04154743WA0130401401
B1517561852841S04154721WA0130201400
B1518001852838S04154702WA0130801405
B1518041852832S04154682WA0130701405
B1518081852824S04154666WA0131101409
B1518121852816S04154653WA0131601413
B1518161852811S04154638WA0131301410
B1518201852805S04154619WA0131101409
B1518241852799S04154598WA0131001408
B1518281852790S04154576WA0131201410
B1518321852782S04154560WA0132001418
B1518361852772S04154542WA0132601426
B1518401852766S04154527WA0133201430
B1518441852758S04154512WA0133201430
B1518481852750S04154492WA0132101420
B1518521852745S04154468WA0132201420
B1518561852742S04154443WA0132201421
B1519001852740S04154422WA0132701425
B1519041852739S04154400WA0132101420
B1519081852737S04154376WA0132101419
B1519121852735S04154354WA0131901417
B1519161852734S04154337WA0131601411
B1519201852735S04154311WA0130201399
B1519241852733S04154287WA0129401391
B1519281852730S04154264WA0129101387
B1519321852729S04154239WA0128601383
B1519361852733S04154216WA0129501392
B1519401852728S04154194WA0130501402
B1519441852728S04154175WA0132001417
B1519481852727S04154150WA0132801428
B1519521852722S04154133WA0134001439
B1519561852717S04154116WA0134501444
B1520001852710S04154095WA0134101441
B1520041852704S04154076WA0134501445
B1520081852694S04154054WA0134701448
B1520121852683S04154034WA0134601446
B1520161852675S04154014WA0135401451
B1520201852659S04153998WA0135501455
B1520241852646S04153987WA0136701465
B1520281852625S04153980WA0137001469
B1520321852606S04153974WA0137801479
B1520361852586S04153970WA0138701488
B1520401852569S04153967WA0139601496
B1520441852561S04153951WA0140201503
B1520481852559S04153929WA0140201505
B1520521852561S04153911WA0140701508
B1520561852563S04153892WA0140701508
B1521001852561S04153873WA0140901510
B1521041852561S04153851WA0141001512
B1521081852561S04153834WA0142201525
B1521121852559S04153814WA0142201528
B1521161852555S04153797WA0143101535
B1521201852549S04153783WA0142901534
B1521241852542S04153767WA0142801532
B1521281852532S04153750WA0142701532
B1521321852519S04153734WA0142801533
B1521361852503S04153721WA0143401539
B1521401852484S04153712WA0144201546
B1521441852465S04153700WA0144401550
B1521481852445S04153686WA0144901555
B1521521852428S04153673WA0145601563
B1521561852411S04153657WA0146001567
B1522001852390S04153641WA0146301570
B1522041852370S04153622WA0146801575
B1522081852352S04153606WA0147601582
B1522121852332S04153590WA0147701585
B1522161852313S04153573WA0147601582
B1522201852294S04153557WA0147701582
B1522241852285S04153533WA0147201578
B1522281852289S04153515WA0147201575
B1522321852299S04153495WA0145401559
B1522361852313S04153471WA0143901546
B1522401852330S04153450WA0143001536
B1522441852343S04153430WA0143101537
B1522481852360S04153414WA0142601532
B1522521852384S04153404WA0142301530
B1522561852405S04153401WA0142901534
B1523001852426S04153398WA0142701529
B1523041852445S04153406WA0142301526
B1523081852468S04153407WA0141801521
B1523121852483S04153394WA0141701520
B1523161852495S04153376WA0140801511
B1523201852501S04153355WA0139901502
B1523241852503S04153334WA0139501497
B1523281852508S04153312WA0138601489
B1523321852517S04153291WA0138301488
B1523361852530S04153267WA0137601482
B1523401852538S04153243WA0137601481
B1523441852539S04153218WA0137201478
B1523481852534S04153193WA0136701471
B1523521852530S04153170WA0136701472
B1523561852532S04153154WA0136701470
B1524001852532S04153130WA0135601460
B1524041852528S04153108WA0135701460
B1524081852526S04153085WA0135101454
B1524121852524S04153062WA0134601448
B1524161852524S04153037WA0134001442
B1524201852528S04153015WA0134401446
B1524241852528S04152996WA0134601447
B1524281852528S04152975WA0134601447
B1524321852528S04152956WA0134901451
B1524361852524S04152936WA0134901450
B1524401852513S04152920WA0135001451
B1524441852500S04152904WA0134601447
B1524481852485S04152891WA0134501445
B1524521852468S04152878WA0134301443
B1524561852452S04152865WA0134501445
B1525001852437S04152849WA0135201452
B1525041852424S04152834WA0134901449
B1525081852404S04152825WA0134801446
B1525121852381S04152820WA0134401443
B1525161852355S04152821WA0134601446
B1525201852335S04152823WA0135101450
B1525241852314S04152816WA0135001450
B1525281852307S04152795WA0134401442
B1525321852314S04152772WA0133701435
B1525361852333S04152760WA0133601436
B1525401852348S04152748WA0134401445
B1525441852366S04152736WA0134901450
B1525481852388S04152737WA0134801451
B1525521852411S04152742WA0135801459
B1525561852424S04152757WA0136201464
B1526001852425S04152779WA0137001471
B1526041852407S04152794WA0137301476
B1526081852387S04152789WA0137901482
B1526121852375S04152771WA0138301485
B1526161852373S04152753WA0139201493
B1526201852383S04152736WA0139101493
B1526241852396S04152715WA0139401496
B1526281852408S04152700WA0139901502
B1526321852420S04152711WA0139501499
B1526361852419S04152732WA0140001503
B1526401852416S04152755WA0139901503
B1526441852410S04152777WA0140301507
B1526481852392S04152789WA0140301508
B1526521852372S04152789WA0140501509
B1526561852350S04152782WA0140201506
B1527001852336S04152767WA0140601508
B1527041852342S04152747WA0140001502
B1527081852351S04152729WA0140101504
B1527121852367S04152726WA0140001503
B1527161852386S04152730WA0140201506
B1527201852393S04152750WA0139701502
B1527241852402S04152770WA0139601501
B1527281852404S04152794WA0139401501
B1527321852397S04152817WA0139301500
B1527361852378S04152829WA0139501501
B1527401852360S04152824WA0139201498
B1527441852347S04152806WA0138401488
B1527481852338S04152787WA0138101485
B1527521852343S04152770WA0137301477
B1527561852359S04152759WA0137501478
B1528001852376S04152755WA0137201477
B1528041852391S04152762WA0137501477
B1528081852408S04152775WA0137101474
B1528121852422S04152789WA0136901471
B1528161852430S04152813WA0136401467
B1528201852433S04152839WA0136201465
B1528241852440S04152865WA0136001463
B1528281852449S04152888WA0136001464
B1528321852458S04152912WA0136201466
B1528361852469S04152936WA0136001465
B1528401852479S04152961WA0136301466
B1528441852488S04152988WA0135501461
B1528481852499S04153013WA0135901464
B1528521852505S04153040WA0136101467
B1528561852510S04153067WA0136301470
B1529001852512S04153093WA0136901475
B1529041852507S04153121WA0137001478
B1529081852507S04153150WA0138101489
B1529121852503S04153181WA0138401492
B1529161852488S04153202WA0138901497
B1529201852468S04153199WA0138801498
B1529241852474S04153184WA0139501502
B1529281852494S04153183WA0139501502
B1529321852512S04153197WA0140001508
B1529361852517S04153223WA0139801506
B1529401852513S04153251WA0140401511
B1529441852503S04153277WA0140101509
B1529481852491S04153306WA0140001508
B1529521852485S04153335WA0139701506
B1529561852478S04153362WA0139701506
B1530001852473S04153386WA0139301501
B1530041852471S04153414WA0138501494
B1530081852469S04153438WA0138801498
B1530121852468S04153455WA0139601505
B1530161852449S04153446WA0139601507
B1530201852457S04153429WA0140201509
B1530241852475S04153419WA0140001508
B1530281852489S04153439WA0139201499
B1530321852500S04153464WA0139401501
B1530361852508S04153486WA0139501503
B1530401852517S04153504WA0139701505
B1530441852532S04153518WA0139701505
B1530481852541S04153538WA0139901508
B1530521852539S04153557WA0140101510
B1530561852534S04153579WA0140901518
B1531001852532S04153603WA0141601526
B1531041852522S04153620WA0142501534
B1531081852502S04153610WA0142901540
B1531121852507S04153595WA0143701545
B1531161852523S04153578WA0144101550
B1531201852547S04153575WA0144001550
B1531241852552S04153593WA0144601554
B1531281852538S04153606WA0145301561
B1531321852522S04153608WA0145801565
B1531361852506S04153601WA0145801567
B1531401852487S04153593WA0145901568
B1531441852470S04153588WA0146301572
B1531481852449S04153579WA0146701576
B1531521852435S04153563WA0147701584
B1531561852428S04153538WA0148801596
B1532001852431S04153515WA0149501602
B1532041852428S04153492WA0148601593
B1532081852420S04153470WA0148101589
B1532121852416S04153446WA0148301590
B1532161852408S04153425WA0147701585
B1532201852395S04153404WA0147301581
B1532241852375S04153399WA0146701575
B1532281852354S04153407WA0146401572
B1532321852335S04153413WA0146001568
B1532361852317S04153422WA0145101559
B1532401852301S04153436WA0144201549
B1532441852292S04153417WA0142701533
B1532481852312S04153410WA0142401528
B1532521852333S04153414WA0141501520
B1532561852350S04153432WA0140601511
B1533001852368S04153451WA0140301509
B1533041852383S04153468WA0139801505
B1533081852392S04153486WA0139701503
B1533121852398S04153508WA0138801495
B1533161852401S04153531WA0138301490
B1533201852406S04153554WA0137801486
B1533241852414S04153576WA0137601485
B1533281852421S04153597WA0137701486
B1533321852432S04153617WA0137601487
B1533361852449S04153633WA0138801498
B1533401852456S04153662WA0139501506
B1533441852458S04153688WA0140201514
B1533481852469S04153714WA0140901521
B1533521852476S04153739WA0142201532
B1533561852462S04153757WA0142501536
B1534001852448S04153747WA0142801536
B1534041852442S04153728WA0142601533
B1534081852440S04153706WA0142301529
B1534121852441S04153686WA0142201528
B1534161852447S04153662WA0141901525
B1534201852456S04153644WA0143101537
B1534241852471S04153637WA0143501543
B1534281852482S04153657WA0144601552
B1534321852474S04153679WA0145401560
B1534361852456S04153672WA0145901564
B1534401852462S04153657WA0147001573
B1534441852482S04153657WA0147401582
B1534481852492S04153677WA0148901595
B1534521852487S04153700WA0149601604
B1534561852469S04153712WA0150401611
B1535001852448S04153711WA0150001606
B1535041852427S04153700WA0148801595
B1535081852415S04153682WA0148301586
B1535121852427S04153658WA0147601579
B1535161852448S04153657WA0147401577
B1535201852467S04153667WA0148001585
B1535241852478S04153684WA0148601590
B1535281852477S04153707WA0149401601
B1535321852463S04153706WA0150401609
B1535361852449S04153689WA0150601611
B1535401852431S04153672WA0150801613
B1535441852419S04153652WA0150001607
B1535481852413S04153626WA0150201607
B1535521852413S04153598WA0149901605
B1535561852414S04153580WA0150801615
B1536001852429S04153562WA0149701605
B1536041852454S04153558WA0149501602
B1536081852475S04153568WA0149201601
B1536121852489S04153587WA0149101599
B1536161852502S04153610WA0148401593
B1536201852520S04153628WA0148501594
B1536241852538S04153645WA0148601595
B1536281852555S04153665WA0148601596
B1536321852569S04153686WA0148901597
B1536361852584S04153714WA0149101602
B1536401852579S04153737WA0149901610
B1536441852572S04153766WA0150401617
B1536481852557S04153788WA0150801621
B1536521852538S04153806WA0151201625
B1536561852518S04153824WA0151301626
B1537001852498S04153840WA0151501627
B1537041852482S04153846WA0150801620
B1537081852468S04153836WA0150201614
B1537121852459S04153821WA0150401613
B1537161852453S04153803WA0150301613
B1537201852451S04153784WA0150201612
B1537241852448S04153767WA0150801617
B1537281852440S04153750WA0151101621
B1537321852434S04153737WA0152601634
B1537361852434S04153714WA0152501635
B1537401852435S04153697WA0153101641
B1537441852451S04153680WA0152301636
B1537481852470S04153669WA0151901632
B1537521852491S04153668WA0151401627
B1537561852513S04153667WA0151601628
B1538001852533S04153667WA0151701631
B1538041852553S04153677WA0151401628
B1538081852566S04153698WA0151201625
B1538121852569S04153726WA0151301626
B1538161852556S04153750WA0151301626
B1538201852539S04153755WA0151801629
B1538241852518S04153757WA0151901631
B1538281852499S04153757WA0152501637
B1538321852477S04153762WA0152701639
B1538361852459S04153780WA0152901642
B1538401852443S04153801WA0153801650
B1538441852422S04153804WA0153601650
B1538481852404S04153789WA0153801651
B1538521852402S04153768WA0153801650
B1538561852409S04153749WA0153801651
B1539001852426S04153750WA0154501656
B1539041852435S04153769WA0154501657
B1539081852427S04153792WA0154701659
B1539121852409S04153785WA0155101659
B1539161852397S04153769WA0154801656
B1539201852395S04153749WA0154301651
B1539241852412S04153739WA0153901647
B1539281852437S04153738WA0153501644
B1539321852456S04153751WA0153601644
B1539361852466S04153777WA0152901638
B1539401852451S04153796WA0152701636
B1539441852434S04153804WA0152801636
B1539481852420S04153793WA0151801626
B1539521852427S04153776WA0152101627
B1539561852441S04153763WA0152001627
B1540001852465S04153763WA0151901626
B1540041852485S04153777WA0151601623
B1540081852491S04153804WA0150801615
B1540121852486S04153826WA0150701614
B1540161852487S04153850WA0150301611
B1540201852478S04153870WA0150301610
B1540241852458S04153877WA0149601606
B1540281852457S04153863WA0149801606
B1540321852468S04153849WA0149801605
B1540361852485S04153838WA0149401601
B1540401852507S04153832WA0148801596
B1540441852527S04153827WA0148101590
B1540481852549S04153821WA0147901589
B1540521852567S04153818WA0148301593
B1540561852584S04153810WA0149001602
B1541001852596S04153797WA0148401597
B1541041852603S04153779WA0149301606
B1541081852606S04153757WA0149001604
B1541121852606S04153733WA0148901602
B1541161852606S04153709WA0149101604
B1541201852603S04153685WA0148901602
B1541241852604S04153658WA0148901603
B1541281852605S04153639WA0149801609
B1541321852601S04153618WA0149901611
B1541361852599S04153601WA0151101624
B1541401852606S04153585WA0152001632
B1541441852634S04153589WA0152001635
B1541481852633S04153612WA0152901642
B1541521852618S04153611WA0153701648
B1541561852609S04153599WA0154701658
B1542001852620S04153583WA0154801660
B1542041852643S04153595WA0155101663
B1542081852631S04153610WA0156201671
B1542121852620S04153603WA0157301680
B1542161852618S04153586WA0157401682
B1542201852642S04153585WA0156301672
B1542241852650S04153606WA0156701675
B1542281852639S04153618WA0157301680
B1542321852627S04153610WA0157601683
B1542361852628S04153593WA0157001676
B1542401852642S04153575WA0157301679
B1542441852661S04153558WA0156401673
B1542481852680S04153543WA0156501673
B1542521852696S04153524WA0156201671
B1542561852711S04153502WA0155601665
B1543001852724S04153477WA0154701657
B1543041852731S04153451WA0154701655
B1543081852735S04153425WA0154001648
B1543121852736S04153399WA0153301642
B1543161852737S04153374WA0153101641
B1543201852743S04153351WA0152801638
B1543241852745S04153326WA0152201633
B1543281852746S04153303WA0152101630
B1543321852743S04153280WA0151901627
B1543361852741S04153257WA0151301624
B1543401852741S04153236WA0151401623
B1543441852748S04153213WA0150701617
B1543481852758S04153192WA0150401614
B1543521852770S04153170WA0149901609
B1543561852782S04153150WA0149601605
B1544001852793S04153130WA0149301603
B1544041852803S04153112WA0148701597
B1544081852812S04153097WA0148501595
B1544121852825S04153081WA0147601587
B1544161852834S04153066WA0147601583
B1544201852844S04153046WA0146401573
B1544241852863S04153034WA0146801579
B1544281852879S04153023WA0147601587
B1544321852896S04153010WA0148101592
B1544361852906S04152993WA0148901601
B1544401852914S04152975WA0149901611
B1544441852919S04152957WA0150501618
B1544481852926S04152940WA0151501627
B1544521852937S04152923WA0151801632
B1544561852946S04152906WA0152901643
B1545001852948S04152890WA0154101656
B1545041852946S04152875WA0154501660
B1545081852946S04152862WA0154901663
B1545121852943S04152844WA0154401658
B1545161852954S04152824WA0155501668
B1545201852979S04152811WA0156101674
B1545241853005S04152799WA0156601679
B1545281853035S04152787WA0156901683
B1545321853060S04152775WA0156901683
B1545361853087S04152764WA0156901682
B1545401853112S04152750WA0156401678
B1545441853140S04152736WA0156301678
B1545481853168S04152734WA0155801672
B1545521853189S04152755WA0154901665
B1545561853193S04152777WA0155601668
B1546001853181S04152784WA0154601662
B1546041853170S04152781WA0154601659
B1546081853159S04152770WA0154201656
B1546121853150S04152757WA0153401648
B1546161853137S04152746WA0153101645
B1546201853124S04152735WA0152501638
B1546241853107S04152731WA0152301636
B1546281853092S04152723WA0151801632
B1546321853081S04152713WA0151901632
B1546361853071S04152705WA0152301634
B1546401853056S04152698WA0151201625
B1546441853042S04152692WA0151701628
B1546481853026S04152685WA0151401626
B1546521853008S04152689WA0151501627
B1546561852991S04152702WA0151201623
B1547001852982S04152721WA0150901621
B1547041852971S04152735WA0150401617
B1547081852957S04152744WA0150201614
B1547121852941S04152755WA0149801608
B1547161852925S04152769WA0149601604
B1547201852910S04152785WA0149801609
B1547241852893S04152795WA0150601618
B1547281852880S04152791WA0151101622
B1547321852888S04152772WA0151301623
B1547361852911S04152773WA0151601627
B1547401852929S04152793WA0152101632
B1547441852931S04152818WA0153201643
B1547481852920S04152832WA0154001651
B1547521852909S04152818WA0154601659
B1547561852931S04152812WA0155601667
B1548001852944S04152833WA0156701677
B1548041852936S04152856WA0157401685
B1548081852928S04152875WA0158601698
B1548121852911S04152888WA0159101704
B1548161852892S04152895WA0159401707
B1548201852873S04152899WA0159801710
B1548241852851S04152901WA0159501708
B1548281852834S04152902WA0159701709
B1548321852814S04152903WA0159101705
B1548361852796S04152910WA0159101705
B1548401852776S04152914WA0158501699
B1548441852752S04152917WA0157901693
B1548481852730S04152921WA0157801692
B1548521852708S04152929WA0157801693
B1548561852689S04152927WA0157401689
B1549001852669S04152918WA0157401689
B1549041852659S04152900WA0156801683
B1549081852664S04152877WA0156901683
B1549121852669S04152854WA0156701683
B1549161852673S04152831WA0156101677
B1549201852673S04152809WA0155901673
B1549241852675S04152786WA0155701672
B1549281852673S04152767WA0155701671
B1549321852673S04152746WA0155601670
B1549361852671S04152723WA0155301669
B1549401852666S04152702WA0155501670
B1549441852657S04152680WA0155201667
B1549481852650S04152659WA0155501670
B1549521852644S04152639WA0155501669
B1549561852638S04152620WA0155601670
B1550001852652S04152603WA0155401668
B1550041852675S04152609WA0155401667
B1550081852689S04152629WA0155601668
B1550121852691S04152653WA0155101664
B1550161852682S04152670WA0155301665
B1550201852667S04152680WA0155201663
B1550241852651S04152669WA0155001662
B1550281852642S04152653WA0155401663
B1550321852632S04152636WA0155001661
B1550361852627S04152620WA0155101661
B1550401852622S04152605WA0154401654
B1550441852605S04152596WA0153601646
B1550481852585S04152592WA0153201641
B1550521852560S04152589WA0152601636
B1550561852536S04152583WA0152701638
B1551001852518S04152579WA0153501644
B1551041852503S04152565WA0153201641
B1551081852517S04152552WA0152701636
B1551121852539S04152556WA0153201638
B1551161852561S04152569WA0152901637
B1551201852575S04152591WA0153201640
B1551241852578S04152622WA0153001639
B1551281852566S04152644WA0153201640
B1551321852543S04152642WA0152201631
B1551361852537S04152626WA0152601632
B1551401852547S04152609WA0152101628
B1551441852562S04152597WA0152301630
B1551481852579S04152587WA0152201630
B1551521852596S04152575WA0152201630
B1551561852611S04152560WA0152101630
B1552001852622S04152541WA0152101629
B1552041852631S04152522WA0152301631
B1552081852641S04152506WA0152701635
B1552121852659S04152496WA0152801637
B1552161852683S04152496WA0153201642
B1552201852702S04152508WA0154101653
B1552241852706S04152534WA0154301655
B1552281852691S04152554WA0154901661
B1552321852672S04152557WA0155501666
B1552361852657S04152545WA0155101662
B1552401852655S04152524WA0155401665
B1552441852663S04152506WA0155701668
B1552481852678S04152490WA0156301675
B1552521852699S04152485WA0156601680
B1552561852721S04152481WA0157201685
B1553001852744S04152471WA0157401690
B1553041852758S04152458WA0158001695
B1553081852764S04152439WA0158001697
B1553121852767S04152422WA0158501700
B1553161852766S04152404WA0159001703
B1553201852762S04152386WA0159501708
B1553241852754S04152367WA0158601703
B1553281852762S04152351WA0158401700
B1553321852784S04152362WA0157501691
B1553361852789S04152387WA0157601688
B1553401852789S04152416WA0156901682
B1553441852786S04152445WA0157301686
B1553481852784S04152472WA0157601690
B1553521852774S04152493WA0158101694
B1553561852755S04152498WA0157801691
B1554001852748S04152484WA0157301684
B1554041852764S04152470WA0157201683
B1554081852786S04152466WA0157301684
B1554121852810S04152473WA0157701687
B1554161852833S04152490WA0157901691
B1554201852838S04152517WA0158201694
B1554241852822S04152528WA0158601698
B1554281852810S04152519WA0159001703
B1554321852816S04152501WA0159301704
B1554361852840S04152502WA0159201704
B1554401852847S04152529WA0159501706
B1554441852833S04152544WA0160101711
B1554481852816S04152539WA0160401715
B1554521852807S04152525WA0160601716
B1554561852804S04152509WA0160701719
B1555001852828S04152509WA0160101712
B1555041852846S04152532WA0160201713
B1555081852851S04152560WA0160301715
B1555121852837S04152576WA0160601716
B1555161852824S04152568WA0160501715
B1555201852837S04152552WA0160301712
B1555241852861S04152555WA0160501713
B1555281852878S04152579WA0160401712
B1555321852869S04152600WA0160601713
B1555361852855S04152597WA0160901716
B1555401852844S04152586WA0160701714
B1555441852829S04152577WA0160201711
B1555481852809S04152578WA0160101710
B1555521852790S04152592WA0160101710
B1555561852770S04152602WA0160101711
B1556001852750S04152601WA0160801717
B1556041852730S04152595WA0161001719
B1556081852720S04152576WA0161201722
B1556121852730S04152557WA0160901719
B1556161852755S04152557WA0160701720
B1556201852776S04152570WA0160701721
B1556241852785S04152592WA0160801722
B1556281852772S04152608WA0161101722
B1556321852756S04152598WA0161401724
B1556361852752S04152578WA0161401723
B1556401852766S04152562WA0161101723
B1556441852790S04152566WA0160901720
B1556481852798S04152590WA0160401716
B1556521852791S04152612WA0160901720
B1556561852772S04152618WA0160601719
B1557001852759S04152603WA0161001722
B1557041852756S04152584WA0160801721
B1557081852762S04152565WA0160901721
B1557121852783S04152555WA0160001714
B1557161852804S04152572WA0159601710
B1557201852818S04152593WA0159401709
B1557241852823S04152618WA0159501708
B1557281852822S04152646WA0158901703
B1557321852814S04152668WA0159301706
B1557361852797S04152682WA0159201705
B1557401852780S04152683WA0159401704
B1557441852758S04152685WA0159201703
B1557481852746S04152675WA0159101701
B1557521852761S04152663WA0158901697
B1557561852781S04152669WA0158901698
B1558001852805S04152681WA0158901698
B1558041852815S04152706WA0158301695
B1558081852807S04152724WA0158901699
B1558121852791S04152737WA0158901699
B1558161852773S04152742WA0158701697
B1558201852754S04152739WA0158601696
B1558241852747S04152726WA0158701697
B1558281852754S04152712WA0158901698
B1558321852770S04152703WA0159301702
B1558361852789S04152693WA0159201703
B1558401852806S04152684WA0159801709
B1558441852828S04152694WA0159801710
B1558481852839S04152715WA0160501715
B1558521852863S04152733WA0159801711
B1558561852885S04152727WA0160401718
B1559001852901S04152710WA0160201717
B1559041852907S04152689WA0160601721
B1559081852901S04152670WA0160501720
B1559121852884S04152657WA0159901716
B1559161852865S04152655WA0159601710
B1559201852842S04152658WA0158801702
B1559241852823S04152667WA0158701700
B1559281852803S04152678WA0157901692
B1559321852787S04152694WA0157701688
B1559361852771S04152706WA0157001680
B1559401852757S04152724WA0156601677
B1559441852755S04152750WA0156801681
B1559481852766S04152772WA0157201685
B1559521852790S04152778WA0156801682
B1559561852805S04152766WA0157101684
B1600001852819S04152750WA0156901684
B1600041852828S04152735WA0156601679
B1600081852825S04152715WA0155701672
B1600121852820S04152694WA0154901665
B1600161852815S04152671WA0154301659
B1600201852809S04152648WA0153701653
B1600241852802S04152627WA0153001646
B1600281852788S04152609WA0151901635
B1600321852774S04152588WA0151201629
B1600361852755S04152570WA0151001628
B1600401852742S04152552WA0151301627
B1600441852727S04152530WA0150401620
B1600481852711S04152516WA0150801623
B1600521852694S04152496WA0150201616
B1600561852678S04152475WA0149801612
B1601001852664S04152454WA0149801611
B1601041852650S04152433WA0149701610
B1601081852633S04152414WA0149501609
B1601121852621S04152394WA0149201605
B1601161852607S04152370WA0148801601
B1601201852595S04152346WA0148601598
B1601241852585S04152320WA0147601588
B1601281852572S04152293WA0147001581
B1601321852558S04152269WA0147201581
B1601361852544S04152244WA0146801579
B1601401852529S04152218WA0146201574
B1601441852514S04152193WA0145701568
B1601481852495S04152166WA0144901559
B1601521852478S04152140WA0144401555
B1601561852457S04152113WA0143901550
B1602001852439S04152088WA0144301554
B1602041852422S04152062WA0144101552
B1602081852405S04152045WA0144201552
B1602121852385S04152026WA0143801550
B1602161852359S04152011WA0143201543
B1602201852333S04151996WA0142901540
B1602241852306S04151979WA0142401534
B1602281852278S04151965WA0141801528
B1602321852247S04151950WA0140601516
B1602361852215S04151937WA0139501506
B1602401852183S04151924WA0138401493
B1602441852151S04151908WA0137901485
B1602481852119S04151892WA0136501472
B1602521852084S04151878WA0135801465
B1602561852055S04151865WA0135501461
B1603001852023S04151850WA0134501451
B1603041851992S04151836WA0134401447
B1603081851960S04151824WA0133301437
B1603121851929S04151811WA0132801431
B1603161851900S04151796WA0131901423
B1603201851869S04151780WA0131101415
B1603241851839S04151766WA0130601408
B1603281851808S04151751WA0129601399
B1603321851779S04151737WA0129001393
B1603361851750S04151723WA0128001382
B1603401851720S04151709WA0127201374
B1603441851690S04151695WA0126301364
B1603481851659S04151682WA0125301355
B1603521851631S04151669WA0124801351
B1603561851603S04151655WA0124001342
B1604001851574S04151638WA0123501336
B1604041851546S04151623WA0123001330
B1604081851516S04151608WA0122001322
B1604121851486S04151592WA0121301313
B1604161851456S04151575WA0120801306
B1604201851427S04151557WA0119901298
B1604241851396S04151540WA0119101289
B1604281851370S04151523WA0118501283
B1604321851345S04151504WA0117901277
B1604361851322S04151487WA0116901267
B1604401851297S04151471WA0115601256
B1604441851273S04151456WA0114701246
B1604481851249S04151442WA0113901236
B1604521851224S04151425WA0113201230
B1604561851198S04151413WA0112401223
B1605001851174S04151399WA0111301211
B1605041851147S04151387WA0109801196
B1605081851119S04151376WA0108601184
B1605121851094S04151363WA0108101178
B1605161851070S04151349WA0106801164
B1605201851047S04151337WA0107001165
B1605241851026S04151331WA0106101155
B1605281851003S04151317WA0105501148
B1605321850984S04151304WA0105101144
B1605361850963S04151289WA0104201135
B1605401850943S04151276WA0104101134
B1605441850924S04151262WA0103601129
B1605481850905S04151246WA0103301126
B1605521850886S04151234WA0103201124
B1605561850866S04151221WA0102801119
B1606001850849S04151203WA0102001113
B1606041850837S04151183WA0101601107
B1606081850826S04151159WA0100601096
B1606121850815S04151134WA0100101090
B1606161850809S04151110WA0099901088
B1606201850806S04151085WA0099701085
B1606241850803S04151060WA0099901087
B1606281850800S04151035WA0099701086
B1606321850795S04151010WA0099401082
B1606361850792S04150987WA0099201081
B1606401850791S04150962WA0098201071
B1606441850785S04150933WA0097401063
B1606481850781S04150908WA0096801056
B1606521850775S04150880WA0095301039
B1606561850770S04150853WA0095301041
B1607001850767S04150830WA0095601044
B1607041850765S04150812WA0096801056
B1607081850763S04150795WA0096801057
B1607121850758S04150771WA0097101062
B1607161850758S04150752WA0097801067
B1607201850755S04150729WA0097601066
B1607241850756S04150709WA0099101082
B1607281850759S04150692WA0099601086
B1607321850760S04150666WA0099101083
B1607361850760S04150641WA0099401085
B1607401850760S04150612WA0098901082
B1607441850758S04150587WA0098701078
B1607481850754S04150556WA0097501069
B1607521850742S04150525WA0097201066
B1607561850734S04150496WA0097401067
B1608001850730S04150464WA0097101064
B1608041850732S04150433WA0097501066
B1608081850733S04150403WA0098001070
B1608121850737S04150374WA0098501076
B1608161850742S04150347WA0099601087
B1608201850750S04150323WA0100401097
B1608241850762S04150309WA0101801110
B1608281850756S04150292WA0102001113
B1608321850744S04150305WA0103101123
B1608361850753S04150329WA0104401137
B1608401850777S04150345WA0105301147
B1608441850801S04150339WA0106001155
B1608481850808S04150321WA0106501160
B1608521850802S04150305WA0107001165
B1608561850791S04150292WA0107301168
B1609001850777S04150281WA0107401170
B1609041850763S04150264WA0107401171
B1609081850748S04150252WA0108201179
B1609121850732S04150241WA0108801186
B1609161850718S04150242WA0110001196
B1609201850701S04150253WA0110101200
B1609241850696S04150279WA0111301211
B1609281850690S04150298WA0112301221
B1609321850678S04150314WA0113801233
B1609361850676S04150336WA0114801247
B1609401850684S04150359WA0116201260
B1609441850693S04150376WA0117701274
B1609481850710S04150393WA0119001289
B1609521850735S04150398WA0119601295
B1609561850763S04150394WA0120101303
B1610001850783S04150379WA0121301316
B1610041850795S04150354WA0121401320
B1610081850808S04150328WA0122001326
B1610121850820S04150303WA0122701333
B1610161850828S04150279WA0123101338
B1610201850834S04150255WA0123901345
B1610241850839S04150234WA0124101347
B1610281850843S04150211WA0124301350
B1610321850840S04150190WA0124801356
B1610361850832S04150172WA0125801367
B1610401850824S04150152WA0126401373
B1610441850812S04150136WA0127301381
B1610481850799S04150124WA0127401382
B1610521850789S04150108WA0127401381
B1610561850789S04150086WA0127601384
B1611001850798S04150064WA0127501383
B1611041850806S04150042WA0128201388
B1611081850798S04150027WA0128501392
B1611121850786S04150012WA0129001396
B1611161850768S04150001WA0129201400
B1611201850752S04149990WA0129601404
B1611241850742S04149980WA0130701410
B1611281850733S04149964WA0130801412
B1611321850723S04149944WA0130301409
B1611361850705S04149927WA0129601403
B1611401850690S04149908WA0128601391
B1611441850673S04149879WA0127701383
B1611481850666S04149863WA0129201397
B1611521850665S04149841WA0128901392
B1611561850684S04149844WA0128701389
B1612001850677S04149861WA0129201392
B1612041850658S04149861WA0129501393
B1612081850641S04149847WA0129501394
B1612121850627S04149827WA0129201393
B1612161850611S04149799WA0128701389
B1612201850593S04149774WA0128201384
B1612241850574S04149747WA0126901371
B1612281850553S04149720WA0125901361
B1612321850534S04149691WA0124901351
B1612361850517S04149659WA0124201342
B1612401850499S04149630WA0123501335
B1612441850484S04149602WA0123001328
B1612481850468S04149573WA0121801317
B1612521850448S04149544WA0120601305
B1612561850428S04149520WA0119701296
B1613001850406S04149493WA0118001280
B1613041850388S04149466WA0117601273
B1613081850374S04149440WA0116901267
B1613121850357S04149411WA0115901258
B1613161850341S04149386WA0115601255
B1613201850329S04149365WA0115701254
B1613241850314S04149343WA0114901247
B1613281850296S04149319WA0113901238
B1613321850278S04149295WA0113401231
B1613361850257S04149271WA0112601223
B1613401850233S04149252WA0112501221
B1613441850207S04149232WA0111901215
B1613481850181S04149214WA0111701212
B1613521850151S04149193WA0111001204
B1613561850122S04149172WA0110801202
B1614001850097S04149150WA0111001203
B1614041850083S04149129WA0111101202
B1614081850062S04149107WA0109201186
B1614121850036S04149082WA0107801171
B1614161850011S04149059WA0106901160
B1614201849989S04149034WA0105901150
B1614241849969S04149009WA0104801139
B1614281849946S04148986WA0103901129
B1614321849926S04148966WA0103601124
B1614361849908S04148943WA0102401113
B1614401849899S04148916WA0101801108
B1614441849885S04148892WA0100801099
B1614481849866S04148867WA0100001091
B1614521849847S04148843WA0099401083
B1614561849826S04148818WA0098301073
B1615001849806S04148793WA0097701068
B1615041849790S04148768WA0097101062
B1615081849772S04148741WA0096201055
B1615121849757S04148716WA0096001051
B1615161849743S04148692WA0095301044
B1615201849727S04148664WA0094301034
B1615241849714S04148640WA0094001030
B1615281849699S04148616WA0093101021
B1615321849684S04148595WA0092201012
B1615361849669S04148573WA0091401003
B1615401849655S04148549WA0090300992
B1615441849641S04148526WA0090300991
B1615481849625S04148503WA0089400982
B1615521849607S04148480WA0088500973
B1615561849590S04148457WA0087500961
B1616001849573S04148434WA0086600951
B1616041849556S04148413WA0085600941
B1616081849536S04148388WA0084300928
B1616121849518S04148366WA0083800920
B1616161849500S04148344WA0082800910
B1616201849483S04148319WA0081900900
B1616241849464S04148296WA0081000890
B1616281849446S04148272WA0080500884
B1616321849426S04148249WA0079200872
B1616361849406S04148223WA0078100860
B1616401849385S04148200WA0077800856
B1616441849362S04148177WA0077500853
B1616481849347S04148155WA0077900857
B1616521849325S04148131WA0077100850
B1616561849300S04148108WA0077200849
B1617001849277S04148085WA0076600843
B1617041849250S04148062WA0075900836
B1617081849225S04148038WA0076000835
B1617121849201S04148014WA0075800834
B1617161849178S04147990WA0076200838
B1617201849158S04147971WA0076900845
B1617241849137S04147949WA0076900846
B1617281849119S04147929WA0077500851
B1617321849102S04147903WA0076900847
B1617361849078S04147881WA0076700845
B1617401849050S04147864WA0076700844
B1617441849024S04147848WA0077200848
B1617481849001S04147832WA0077700853
B1617521848976S04147815WA0078100857
B1617561848954S04147806WA0079200867
B1618001848928S04147796WA0079200868
B1618041848902S04147787WA0079800875
B1618081848872S04147782WA0079600875
B1618121848842S04147784WA0080600885
B1618161848826S04147779WA0081600892
B1618201848830S04147761WA0081400891
B1618241848851S04147766WA0081900895
B1618281848867S04147783WA0082600903
B1618321848872S04147804WA0083200909
B1618361848867S04147831WA0083900916
B1618401848850S04147851WA0084500922
B1618441848829S04147859WA0085400933
B1618481848822S04147843WA0085600934
B1618521848839S04147837WA0086200940
B1618561848855S04147852WA0086600946
B1619001848850S04147876WA0087700951
B1619041848832S04147892WA0088100955
B1619081848817S04147883WA0088300956
B1619121848812S04147865WA0088100954
B1619161848812S04147843WA0087800955
B1619201848816S04147821WA0087800955
B1619241848816S04147798WA0088300962
B1619281848809S04147778WA0088500964
B1619321848808S04147757WA0088800967
B1619361848808S04147737WA0088200962
B1619401848810S04147712WA0087500955
B1619441848812S04147684WA0087100953
B1619481848815S04147656WA0087000952
B1619521848818S04147623WA0086600949
B1619561848818S04147599WA0087700956
B1620001848821S04147574WA0086800947
B1620041848823S04147542WA0085700938
B1620081848828S04147509WA0085400935
B1620121848830S04147476WA0085200931
B1620161848832S04147445WA0084900928
B1620201848835S04147414WA0084400924
B1620241848840S04147386WA0084600925
B1620281848841S04147358WA0084600926
B1620321848828S04147337WA0085300932
B1620361848818S04147320WA0086100941
B1620401848821S04147305WA0087000949
B1620441848841S04147309WA0086800946
B1620481848840S04147334WA0086700944
B1620521848822S04147338WA0087500951
B1620561848801S04147340WA0087800955
B1621001848781S04147338WA0088400962
B1621041848765S04147328WA0089100968
B1621081848748S04147330WA0090000977
B1621121848744S04147351WA0090500983
B1621161848759S04147371WA0090500985
B1621201848783S04147370WA0090800989
B1621241848796S04147356WA0091400995
B1621281848795S04147339WA0092001003
B1621321848783S04147329WA0092701009
B1621361848764S04147331WA0093301017
B1621401848756S04147350WA0094001024
B1621441848767S04147371WA0094301028
B1621481848791S04147367WA0094401031
B1621521848800S04147353WA0095501041
B1621561848800S04147335WA0095701043
B1622001848790S04147322WA0096001046
B1622041848780S04147304WA0095601043
B1622081848774S04147279WA0095001037
B1622121848765S04147254WA0094601034
B1622161848756S04147224WA0094401030
B1622201848747S04147204WA0095601040
B1622241848740S04147183WA0095301038
B1622281848731S04147156WA0094901035
B1622321848722S04147128WA0094701034
B1622361848715S04147101WA0094901036
B1622401848708S04147075WA0095101038
B1622441848706S04147052WA0096201048
B1622481848708S04147034WA0096601052
B1622521848709S04147008WA0097001055
B1622561848704S04146985WA0097601062
B1623001848699S04146962WA0098101068
B1623041848695S04146941WA0098901076
B1623081848695S04146916WA0099401082
B1623121848703S04146894WA0100301089
B1623161848701S04146871WA0100401090
B1623201848692S04146848WA0100701093
B1623241848683S04146826WA0100901095
B1623281848672S04146801WA0099601084
B1623321848658S04146775WA0099101078
B1623361848640S04146751WA0098101071
B1623401848620S04146725WA0097601067
B1623441848604S04146705WA0097701066
B1623481848589S04146680WA0096601055
B1623521848571S04146655WA0095501044
B1623561848553S04146633WA0094901037
B1624001848536S04146612WA0093901026
B1624041848520S04146591WA0093401019
B1624081848515S04146572WA0093901023
B1624121848504S04146549WA0092801014
B1624161848492S04146528WA0093101017
B1624201848481S04146508WA0093201016
B1624241848469S04146488WA0092001005
B1624281848447S04146463WA0090200990
B1624321848425S04146440WA0089500983
B1624361848401S04146423WA0088700975
B1624401848375S04146406WA0087600963
B1624441848348S04146388WA0086400951
B1624481848320S04146369WA0085500942
B1624521848296S04146348WA0085300938
B1624561848272S04146326WA0084900934
B1625001848253S04146304WA0085600940
B1625041848237S04146284WA0085800942
B1625081848218S04146263WA0085700941
B1625121848204S04146242WA0086400947
B1625161848189S04146226WA0087600960
B1625201848175S04146212WA0088900972
B1625241848167S04146197WA0090300987
B1625281848168S04146179WA0091400999
B1625321848187S04146186WA0092301008
B1625361848181S04146207WA0094001022
B1625401848164S04146219WA0095401034
B1625441848153S04146209WA0096201042
B1625481848172S04146199WA0097401055
B1625521848188S04146212WA0099301072
B1625561848194S04146237WA0100401086
B1626001848176S04146246WA0101501096
B1626041848168S04146231WA0102701108
B1626081848177S04146213WA0103901121
B1626121848192S04146206WA0105201135
B1626161848209S04146219WA0105501139
B1626201848196S04146236WA0106901150
B1626241848183S04146236WA0108501167
B1626281848174S04146221WA0109101174
B1626321848195S04146217WA0110001185
B1626361848195S04146241WA0111101195
B1626401848179S04146251WA0112401208
B1626441848161S04146243WA0113201220
B1626481848159S04146227WA0114501232
B1626521848173S04146208WA0114601236
B1626561848193S04146199WA0115801245
B1627001848218S04146207WA0116401251
B1627041848231S04146230WA0117001260
B1627081848233S04146254WA0117901269
B1627121848237S04146276WA0118501279
B1627161848222S04146285WA0119501288
B1627201848214S04146273WA0120901299
B1627241848215S04146252WA0121301307
B1627281848218S04146234WA0122701322
B1627321848219S04146216WA0123601330
B1627361848214S04146196WA0124101337
B1627401848202S04146179WA0125001348
B1627441848200S04146162WA0126401361
B1627481848221S04146154WA0126401360
B1627521848233S04146176WA0126901365
B1627561848225S04146194WA0128001373
B1628001848208S04146203WA0129101385
B1628041848190S04146207WA0129401388
B1628081848170S04146205WA0130101396
B1628121848149S04146204WA0130501401
B1628161848128S04146199WA0131301410
B1628201848110S04146191WA0131701415
B1628241848094S04146175WA0131601416
B1628281848079S04146160WA0131101411
B1628321848062S04146139WA0130001401
B1628361848045S04146121WA0129201392
B1628401848030S04146100WA0128001382
B1628441848011S04146075WA0126601368
B1628481847993S04146050WA0125801361
B1628521847974S04146023WA0124601348
B1628561847954S04145998WA0123601338
B1629001847938S04145978WA0123301334
B1629041847920S04145955WA0122101324
B1629081847901S04145934WA0121801319
B1629121847880S04145911WA0120701310
B1629161847861S04145890WA0120601306
B1629201847842S04145868WA0119601298
B1629241847821S04145846WA0119201294
B1629281847802S04145827WA0118701289
B1629321847781S04145804WA0117901280
B1629361847762S04145782WA0117501274
B1629401847743S04145758WA0116701265
B1629441847725S04145734WA0116301261
B1629481847711S04145708WA0115501254
B1629521847694S04145685WA0115001249
B1629561847675S04145664WA0114301242
B1630001847655S04145643WA0113801235
B1630041847637S04145622WA0113201229
B1630081847619S04145601WA0112901225
B1630121847602S04145579WA0112301218
B1630161847585S04145556WA0111601212
B1630201847567S04145535WA0111201207
B1630241847547S04145513WA0110601201
B1630281847529S04145492WA0110201198
B1630321847511S04145468WA0109501191
B1630361847496S04145447WA0109901192
B1630401847483S04145426WA0109301186
B1630441847466S04145403WA0109201185
B1630481847451S04145379WA0108701181
B1630521847430S04145354WA0108001176
B1630561847413S04145330WA0108201175
B1631001847395S04145305WA0107601170
B1631041847376S04145283WA0107801170
B1631081847353S04145260WA0107201166
B1631121847333S04145239WA0107201166
B1631161847312S04145218WA0106601161
B1631201847290S04145196WA0106301157
B1631241847268S04145174WA0105801152
B1631281847244S04145153WA0105601150
B1631321847222S04145132WA0105401148
B1631361847201S04145110WA0104801143
B1631401847180S04145089WA0104201136
B1631441847158S04145067WA0103401129
B1631481847139S04145044WA0103101125
B1631521847119S04145021WA0102501120
B1631561847102S04144996WA0101801112
B1632001847082S04144970WA0101101104
B1632041847066S04144947WA0101001100
B1632081847050S04144922WA0099901090
B1632121847033S04144899WA0099301082
B1632161847015S04144876WA0098501074
B1632201846996S04144853WA0097801066
B1632241846977S04144831WA0097101060
B1632281846957S04144811WA0096501054
B1632321846940S04144789WA0096001048
B1632361846923S04144766WA0095001038
B1632401846907S04144742WA0094401031
B1632441846900S04144712WA0092801019
B1632481846892S04144680WA0092101009
B1632521846888S04144651WA0091000997
B1632561846883S04144620WA0089400981
B1633001846878S04144589WA0088700973
B1633041846876S04144560WA0087900964
B1633081846872S04144529WA0086700952
B1633121846866S04144502WA0086000943
B1633161846858S04144473WA0084800930
B1633201846849S04144443WA0083800921
B1633241846841S04144415WA0082800909
B1633281846831S04144385WA0081600896
B1633321846822S04144357WA0081200890
B1633361846816S04144331WA0080900886
B1633401846809S04144305WA0080500883
B1633441846804S04144278WA0080400881
B1633481846802S04144250WA0079700875
B1633521846797S04144225WA0079800875
B1633561846791S04144201WA0079600872
B1634001846784S04144174WA0080000877
B1634041846776S04144145WA0080300879
B1634081846767S04144118WA0080600882
B1634121846756S04144091WA0080700883
B1634161846743S04144065WA0080500882
B1634201846738S04144040WA0080600882
B1634241846751S04144014WA0081000886
B1634281846771S04143996WA0081500891
B1634321846792S04143990WA0082300897
B1634361846812S04143990WA0082700901
B1634401846820S04143969WA0082700902
B1634441846812S04143948WA0083100906
B1634481846796S04143929WA0082600904
B1634521846776S04143922WA0082900905
B1634561846755S04143916WA0082800906
B1635001846732S04143913WA0082200903
B1635041846707S04143902WA0082200902
B1635081846684S04143890WA0082200902
B1635121846664S04143873WA0082200902
B1635161846648S04143859WA0081800897
B1635201846633S04143844WA0080900888
B1635241846619S04143830WA0080300882
B1635281846606S04143813WA0079200871
B1635321846591S04143792WA0078200862
B1635361846578S04143771WA0077400854
B1635401846568S04143750WA0076800847
B1635441846552S04143731WA0075500833
B1635481846538S04143711WA0074900826
B1635521846526S04143691WA0074400820
B1635561846514S04143671WA0074300818
B1636001846512S04143649WA0074000813
B1636041846498S04143627WA0073200804
B1636081846484S04143607WA0072800800
B1636121846468S04143587WA0072000792
B1636161846452S04143567WA0071600788
B1636201846436S04143547WA0071100782
B1636241846418S04143528WA0070400776
B1636281846401S04143509WA0070000772
B1636321846386S04143489WA0069600767
B1636361846370S04143469WA0069000761
B1636401846354S04143450WA0068600757
B1636441846338S04143430WA0068000750
B1636481846328S04143409WA0068100751
B1636521846321S04143387WA0067300743
B1636561846312S04143363WA0067100741
B1637001846307S04143340WA0067600745
B1637041846305S04143319WA0067800746
B1637081846295S04143295WA0067200743
B1637121846282S04143273WA0066500736
B1637161846261S04143253WA0065500726
B1637201846244S04143234WA0064700717
B1637241846227S04143212WA0063900708
B1637281846211S04143193WA0063200701
B1637321846195S04143173WA0062600695
B1637361846179S04143154WA0062000689
B1637401846161S04143135WA0061800682
B1637441846143S04143119WA0061000674
B1637481846126S04143102WA0060000667
B1637521846111S04143082WA0058800657
B1637561846098S04143062WA0058000648
B1638001846083S04143040WA0056700636
B1638041846067S04143023WA0056300630
B1638081846050S04143004WA0055500622
B1638121846040S04142984WA0054600613
B1638161846024S04142960WA0053900606
B1638201846012S04142940WA0053600601
B1638241845998S04142917WA0052500590
B1638281845982S04142896WA0051800583
B1638321845964S04142876WA0051300578
B1638361845945S04142857WA0050500571
B1638401845925S04142838WA0050000565
B1638441845903S04142819WA0049600560
B1638481845884S04142800WA0048900553
B1638521845866S04142780WA0048100544
B1638561845844S04142762WA0047300536
B1639001845822S04142746WA0046600529
B1639041845800S04142728WA0045800521
B1639081845779S04142708WA0045400515
B1639121845757S04142686WA0044800511
B1639161845735S04142664WA0044300505
B1639201845712S04142642WA0043900501
B1639241845687S04142621WA0043700499
B1639281845666S04142603WA0043600498
B1639321845643S04142583WA0043300495
B1639361845625S04142563WA0043200493
B1639401845608S04142540WA0043000492
B1639441845594S04142516WA0043000492
B1639481845581S04142488WA0043100494
B1639521845569S04142463WA0043400496
B1639561845555S04142442WA0043400497
B1640001845535S04142428WA0043900502
B1640041845540S04142411WA0044900510
B1640081845557S04142416WA0044500506
B1640121845556S04142442WA0044000501
B1640161845547S04142459WA0044400504
B1640201845527S04142465WA0044300504
B1640241845516S04142452WA0044900510
B1640281845516S04142433WA0045100513
B1640321845534S04142432WA0045300516
B1640361845540S04142452WA0046100521
B1640401845525S04142467WA0046400521
B1640441845509S04142467WA0046600522
B1640481845501S04142449WA0046500522
B1640521845517S04142438WA0047200530
B1640561845530S04142452WA0047500534
B1641001845519S04142469WA0047500534
B1641041845505S04142456WA0047900537
B1641081845502S04142437WA0048000539
B1641121845500S04142418WA0048900547
B1641161845513S04142407WA0048600542
B1641201845524S04142425WA0048800541
B1641241845514S04142444WA0049000543
B1641281845499S04142459WA0049500552
B1641321845481S04142465WA0049600555
B1641361845470S04142452WA0050300565
B1641401845489S04142449WA0050200564
B1641441845498S04142472WA0050700569
B1641481845489S04142493WA0051200577
B1641521845469S04142496WA0052700589
B1641561845458S04142476WA0053000595
B1642001845474S04142468WA0054300608
B1642041845495S04142473WA0055200615
B1642081845490S04142494WA0055400619
B1642121845476S04142483WA0056800634
B1642161845486S04142466WA0057500642
B1642201845506S04142473WA0058600652
B1642241845512S04142497WA0058400651
B1642281845495S04142513WA0059700663
B1642321845472S04142517WA0060100668
B1642361845456S04142500WA0060600676
B1642401845473S04142486WA0061400682
B1642441845485S04142502WA0062200690
B1642481845474S04142518WA0063200698
B1642521845453S04142520WA0063800705
B1642561845435S04142511WA0064700715
B1643001845418S04142498WA0065200722
B1643041845402S04142484WA0066100730
B1643081845385S04142467WA0066500735
B1643121845372S04142448WA0067100741
B1643161845360S04142426WA0067100742
B1643201845347S04142401WA0067200743
B1643241845335S04142376WA0067100743
B1643281845319S04142350WA0067100744
B1643321845303S04142326WA0067200745
B1643361845286S04142304WA0067000743
B1643401845271S04142281WA0066600739
B1643441845264S04142260WA0066400735
B1643481845252S04142234WA0066000733
B1643521845240S04142207WA0065600728
B1643561845227S04142182WA0065800730
B1644001845215S04142167WA0066600736
B1644041845203S04142150WA0067000741
B1644081845190S04142134WA0067600746
B1644121845179S04142116WA0068200753
B1644161845166S04142093WA0068800759
B1644201845155S04142072WA0070100773
B1644241845144S04142048WA0071100783
B1644281845131S04142028WA0071400787
B1644321845117S04142003WA0071200785
B1644361845103S04141979WA0071300787
B1644401845089S04141955WA0072000794
B1644441845078S04141934WA0073000804
B1644481845064S04141910WA0073400809
B1644521845049S04141889WA0074300818
B1644561845033S04141868WA0074900824
B1645001845014S04141845WA0075600833
B1645041845000S04141824WA0076700843
B1645081844979S04141803WA0077100846
B1645121844960S04141781WA0077600852
B1645161844943S04141757WA0078300859
B1645201844927S04141733WA0079300870
B1645241844910S04141711WA0079300869
B1645281844911S04141684WA0078800866
B1645321844929S04141686WA0079000866
B1645361844940S04141701WA0078800861
B1645401844947S04141729WA0078700862
B1645441844949S04141747WA0080300879
B1645481844937S04141767WA0081200888
B1645521844912S04141764WA0082100896
B1645561844889S04141757WA0082800904
B1646001844895S04141735WA0082400903
B1646041844904S04141745WA0083700913
B1646081844909S04141762WA0083800912
B1646121844906S04141780WA0085600930
B1646161844896S04141805WA0086100939
B1646201844888S04141826WA0087600956
B1646241844900S04141841WA0088200964
B1646281844911S04141834WA0089200973
B1646321844903S04141814WA0089300974
B1646361844876S04141811WA0089900981
B1646401844857S04141829WA0090500990
B1646441844855S04141850WA0091401000
B1646481844861S04141871WA0092501011
B1646521844869S04141891WA0093401019
B1646561844882S04141906WA0094501030
B1647001844898S04141914WA0095401041
B1647041844909S04141925WA0096801055
B1647081844920S04141941WA0098001067
B1647121844933S04141955WA0099001078
B1647161844949S04141955WA0100101091
B1647201844952S04141935WA0101101102
B1647241844930S04141928WA0102101112
B1647281844919S04141948WA0103201123
B1647321844926S04141968WA0104201133
B1647361844936S04141975WA0105601145
B1647401844953S04141974WA0105301146
B1647441844970S04141970WA0105801149
B1647481844991S04141955WA0106001148
B1647521845008S04141942WA0106401151
B1647561845027S04141932WA0105701147
B1648001845050S04141934WA0105101143
B1648041845073S04141932WA0104601135
B1648081845096S04141926WA0104401131
B1648121845119S04141923WA0104201133
B1648161845140S04141926WA0104101131
B1648201845171S04141926WA0103201126
B1648241845201S04141923WA0103301126
B1648281845233S04141917WA0102801122
B1648321845263S04141914WA0103201123
B1648361845293S04141916WA0102501116
B1648401845324S04141917WA0101601106
B1648441845352S04141921WA0100801095
B1648481845384S04141923WA0099601085
B1648521845415S04141922WA0098801076
B1648561845448S04141917WA0097801064
B1649001845481S04141912WA0097001054
B1649041845515S04141908WA0095901044
B1649081845548S04141904WA0095101036
B1649121845582S04141899WA0094201027
B1649161845610S04141890WA0093701021
B1649201845641S04141878WA0092201007
B1649241845671S04141867WA0091400997
B1649281845702S04141855WA0090100982
B1649321845733S04141844WA0088700968
B1649361845764S04141834WA0087500954
B1649401845793S04141829WA0086900947
B1649441845823S04141823WA0085600934
B1649481845854S04141814WA0084500922
B1649521845883S04141806WA0083700913
B1649561845911S04141796WA0082900904
B1650001845939S04141787WA0082200896
B1650041845968S04141776WA0081200886
B1650081845997S04141769WA0080500878
B1650121846027S04141765WA0079800870
B1650161846057S04141761WA0079300865
B1650201846083S04141756WA0079200862
B1650241846110S04141754WA0077900853
B1650281846139S04141755WA0077500847
B1650321846169S04141763WA0076800841
B1650361846202S04141771WA0076400838
B1650401846229S04141781WA0076600838
B1650441846255S04141794WA0076800840
B1650481846278S04141802WA0077100844
B1650521846297S04141805WA0077100845
B1650561846321S04141810WA0076700841
B1651001846347S04141809WA0076500840
B1651041846374S04141806WA0076200837
B1651081846401S04141805WA0076300838
B1651121846424S04141803WA0077100845
B1651161846447S04141799WA0077600850
B1651201846470S04141795WA0078100856
B1651241846495S04141791WA0078400859
B1651281846517S04141788WA0078500859
B1651321846539S04141780WA0078000854
B1651361846569S04141770WA0076400842
B1651401846595S04141760WA0076500841
B1651441846615S04141754WA0075600830
B1651481846643S04141738WA0073400811
B1651521846670S04141719WA0072400799
B1651561846695S04141704WA0072000792
B1652001846719S04141687WA0070600778
B1652041846743S04141668WA0069200763
B1652081846764S04141645WA0067700747
B1652121846782S04141624WA0067100739
B1652161846799S04141604WA0066100729
B1652201846817S04141583WA0065100717
B1652241846836S04141560WA0064300709
B1652281846857S04141544WA0064100707
B1652321846876S04141530WA0063600700
B1652361846897S04141516WA0063100695
B1652401846917S04141503WA0062700691
B1652441846938S04141490WA0062400686
B1652481846961S04141479WA0062000682
B1652521846988S04141468WA0061100674
B1652561847012S04141452WA0061000673
B1653001847034S04141435WA0060800669
B1653041847053S04141420WA0059900660
B1653081847074S04141401WA0058800648
B1653121847097S04141381WA0058100643
B1653161847118S04141366WA0058800648
B1653201847142S04141355WA0058600647
B1653241847165S04141344WA0059500655
B1653281847186S04141336WA0060400663
B1653321847206S04141326WA0061000668
B1653361847231S04141322WA0061100671
B1653401847260S04141319WA0061100672
B1653441847280S04141318WA0062900689
B1653481847302S04141322WA0063300695
B1653521847326S04141322WA0063700701
B1653561847350S04141320WA0064500709
B1654001847371S04141316WA0065200716
B1654041847396S04141308WA0066200726
B1654081847415S04141302WA0067500739
B1654121847434S04141297WA0068800752
B1654161847449S04141305WA0069700762
B1654201847452S04141331WA0070800770
B1654241847430S04141348WA0071300776
B1654281847403S04141338WA0072400790
B1654321847398S04141322WA0073900801
B1654361847413S04141314WA0074300807
B1654401847426S04141330WA0075600819
B1654441847424S04141355WA0076300827
B1654481847417S04141376WA0077300840
B1654521847406S04141399WA0078100849
B1654561847384S04141407WA0079200860
B1655001847359S04141398WA0080300872
B1655041847346S04141380WA0081500885
B1655081847343S04141359WA0082300894
B1655121847354S04141349WA0083200903
B1655161847367S04141354WA0084100912
B1655201847370S04141375WA0085100923
B1655241847362S04141396WA0086200935
B1655281847339S04141405WA0086800941
B1655321847325S04141388WA0088100954
B1655361847331S04141373WA0088800960
B1655401847347S04141370WA0089700971
B1655441847362S04141378WA0090600980
B1655481847370S04141392WA0091700989
B1655521847380S04141409WA0092400997
B1655561847396S04141410WA0092901004
B1656001847412S04141414WA0094101016
B1656041847411S04141435WA0094701022
B1656081847386S04141448WA0095301028
B1656121847361S04141449WA0095701034
B1656161847335S04141448WA0096401044
B1656201847312S04141448WA0097801059
B1656241847294S04141433WA0098801069
B1656281847280S04141416WA0099501077
B1656321847284S04141398WA0100601087
B1656361847299S04141390WA0101201094
B1656401847316S04141393WA0102301106
B1656441847332S04141402WA0103201115
B1656481847347S04141414WA0104501128
B1656521847363S04141429WA0105201136
B1656561847377S04141444WA0106201148
B1657001847392S04141448WA0106901153
B1657041847412S04141448WA0106401151
B1657081847429S04141442WA0107501161
B1657121847446S04141436WA0107701164
B1657161847465S04141425WA0108001167
B1657201847481S04141412WA0107801163
B1657241847501S04141408WA0107701164
B1657281847523S04141405WA0107701163
B1657321847544S04141396WA0107901161
B1657361847566S04141390WA0108201164
B1657401847590S04141385WA0108001163
B1657441847616S04141381WA0108701168
B1657481847642S04141375WA0108801171
B1657521847663S04141366WA0108901174
B1657561847688S04141359WA0107901167
B1658001847716S04141353WA0107401162
B1658041847745S04141348WA0106701153
B1658081847774S04141343WA0106201148
B1658121847797S04141340WA0106601148
B1658161847823S04141337WA0105701139
B1658201847852S04141332WA0104601129
B1658241847886S04141326WA0103601118
B1658281847918S04141319WA0103001111
B1658321847952S04141315WA0102101102
B1658361847984S04141307WA0100901091
B1658401848015S04141300WA0100501086
B1658441848045S04141293WA0099501076
B1658481848075S04141284WA0098501065
B1658521848107S04141275WA0097501054
B1658561848137S04141269WA0097101050
B1659001848161S04141266WA0097101048
B1659041848188S04141264WA0095801037
B1659081848211S04141261WA0095601034
B1659121848240S04141253WA0093801020
B1659161848269S04141238WA0093301009
B1659201848296S04141223WA0092401000
B1659241848323S04141215WA0091400993
B1659281848351S04141203WA0090500981
B1659321848378S04141188WA0090000974
B1659361848403S04141180WA0089100968
B1659401848430S04141179WA0088000957
B1659441848456S04141174WA0087400953
B1659481848481S04141165WA0086800942
B1659521848505S04141154WA0086100934
B1659561848529S04141140WA0084900922
B1700001848553S04141135WA0084200917
B1700041848576S04141123WA0082600903
B1700081848597S04141109WA0082100896
B1700121848620S04141102WA0081100886
B1700161848644S04141089WA0080500878
B1700201848666S04141074WA0080100872
B1700241848689S04141058WA0079600866
B1700281848707S04141041WA0078800857
B1700321848729S04141030WA0077700848
B1700361848750S04141013WA0076400834
B1700401848769S04141002WA0076000829
B1700441848783S04140995WA0075400821
B1700481848807S04140984WA0073900808
B1700521848831S04140976WA0073900808
B1700561848853S04140966WA0073900808
B1701001848879S04140957WA0073300802
B1701041848909S04140949WA0072900798
B1701081848933S04140950WA0073700804
B1701121848959S04140949WA0074100808
B1701161848981S04140945WA0074100806
B1701201849006S04140937WA0072500792
B1701241849036S04140926WA0071000778
B1701281849065S04140915WA0070100768
B1701321849096S04140909WA0069000756
B1701361849122S04140904WA0068600751
B1701401849151S04140898WA0067700742
B1701441849180S04140893WA0067300736
B1701481849208S04140885WA0066100723
B1701521849238S04140873WA0065100713
B1701561849269S04140865WA0064300704
B1702001849297S04140857WA0064200702
B1702041849323S04140848WA0063500697
B1702081849353S04140840WA0062600688
B1702121849382S04140830WA0061600677
B1702161849415S04140823WA0060400665
B1702201849444S04140814WA0059700655
B1702241849474S04140801WA0058400643
B1702281849503S04140787WA0057900637
B1702321849532S04140770WA0057100629
B1702361849558S04140752WA0056800625
B1702401849586S04140735WA0056300621
B1702441849609S04140721WA0057200627
B1702481849625S04140712WA0058200637
B1702521849642S04140722WA0058400639
B1702561849631S04140741WA0058700643
B1703001849612S04140737WA0059600652
B1703041849596S04140721WA0059800656
B1703081849598S04140697WA0060300662
B1703121849601S04140674WA0061100670
B1703161849615S04140660WA0061700676
B1703201849632S04140663WA0062900688
B1703241849646S04140655WA0064100700
B1703281849645S04140638WA0065000710
B1703321849626S04140629WA0065800721
B1703361849609S04140628WA0066800731
B1703401849590S04140636WA0068100748
B1703441849575S04140648WA0068400753
B1703481849572S04140671WA0068800760
B1703521849576S04140685WA0070200774
B1703561849591S04140694WA0070400778
B1704001849602S04140685WA0072000791
B1704041849610S04140665WA0072500798
B1704081849602S04140647WA0074100814
B1704121849579S04140645WA0074600823
B1704161849576S04140668WA0075900837
B1704201849593S04140681WA0076700847
B1704241849606S04140672WA0078600863
B1704281849610S04140658WA0080000877
B1704321849593S04140648WA0081000889
B1704361849570S04140643WA0081600896
B1704401849553S04140664WA0082800911
B1704441849557S04140687WA0083700919
B1704481849571S04140701WA0085100934
B1704521849586S04140705WA0087000954
B1704561849594S04140688WA0087800962
B1705001849591S04140674WA0089800980
B1705041849577S04140657WA0090100986
B1705081849557S04140655WA0091601002
B1705121849534S04140666WA0092701014
B1705161849533S04140690WA0094101028
B1705201849546S04140709WA0095401041
B1705241849568S04140709WA0096101049
B1705281849574S04140693WA0097601063
B1705321849568S04140674WA0098701074
B1705361849557S04140657WA0099801086
B1705401849540S04140654WA0100501092
B1705441849521S04140668WA0101001098
B1705481849506S04140691WA0102101109
B1705521849513S04140710WA0103501124
B1705561849530S04140723WA0104601134
B1706001849549S04140733WA0105601145
B1706041849567S04140729WA0107001160
B1706081849578S04140714WA0107701167
B1706121849578S04140696WA0108801180
B1706161849567S04140682WA0109601188
B1706201849552S04140674WA0110501198
B1706241849534S04140675WA0111101204
B1706281849513S04140683WA0111801209
B1706321849495S04140694WA0112501215
B1706361849474S04140709WA0113001222
B1706401849462S04140731WA0114101234
B1706441849455S04140750WA0115001246
B1706481849470S04140764WA0115701255
B1706521849489S04140758WA0116701264
B1706561849503S04140744WA0118101277
B1707001849517S04140728WA0119101288
B1707041849539S04140727WA0120201298
B1707081849560S04140723WA0121201309
B1707121849581S04140720WA0122001317
B1707161849600S04140713WA0122801325
B1707201849618S04140708WA0124001336
B1707241849639S04140705WA0123501332
B1707281849663S04140703WA0123401328
B1707321849686S04140699WA0123101326
B1707361849714S04140696WA0122101315
B1707401849746S04140695WA0121301307
B1707441849776S04140693WA0120801302
B1707481849807S04140691WA0120301296
B1707521849837S04140692WA0119801292
B1707561849868S04140693WA0119201285
B1708001849901S04140695WA0118401277
B1708041849932S04140694WA0117901269
B1708081849963S04140697WA0117001259
B1708121849994S04140698WA0116301251
B1708161850018S04140698WA0116401249
B1708201850044S04140701WA0115801244
B1708241850074S04140707WA0115301240
B1708281850099S04140715WA0115601242
B1708321850127S04140721WA0115001237
B1708361850156S04140727WA0114901236
B1708401850185S04140735WA0114901235
B1708441850213S04140743WA0115301239
B1708481850242S04140753WA0115101239
B1708521850266S04140763WA0116201247
B1708561850283S04140770WA0116001245
B1709001850309S04140775WA0114701233
B1709041850337S04140780WA0113901225
B1709081850365S04140785WA0113001215
B1709121850393S04140790WA0112201206
B1709161850422S04140794WA0111001193
B1709201850452S04140798WA0110001183
B1709241850481S04140803WA0108801171
B1709281850511S04140807WA0107401155
B1709321850540S04140811WA0106701148
B1709361850570S04140814WA0105901140
B1709401850602S04140818WA0104901130
B1709441850632S04140822WA0104201122
B1709481850666S04140825WA0103001110
B1709521850696S04140830WA0102601104
B1709561850728S04140834WA0101501095
B1710001850760S04140835WA0100901087
B1710041850791S04140837WA0100101079
B1710081850821S04140836WA0099301071
B1710121850852S04140836WA0098701064
B1710161850883S04140832WA0097801056
B1710201850915S04140829WA0097101049
B1710241850943S04140830WA0096701044
B1710281850973S04140832WA0095401032
B1710321851002S04140831WA0094501023
B1710361851032S04140831WA0093601014
B1710401851063S04140831WA0092701004
B1710441851097S04140831WA0091400991
B1710481851128S04140831WA0090900986
B1710521851156S04140833WA0090100977
B1710561851185S04140835WA0089200969
B1711001851213S04140837WA0088300959
B1711041851241S04140836WA0087600952
B1711081851270S04140836WA0086700943
B1711121851298S04140837WA0086300937
B1711161851327S04140837WA0085200926
B1711201851355S04140839WA0084700919
B1711241851383S04140845WA0083700910
B1711281851411S04140850WA0082800900
B1711321851438S04140854WA0081900891
B1711361851467S04140857WA0080600878
B1711401851495S04140861WA0079900869
B1711441851521S04140864WA0079100859
B1711481851550S04140872WA0077900849
B1711521851577S04140881WA0077300842
B1711561851607S04140889WA0076300832
B1712001851635S04140899WA0075600824
B1712041851664S04140911WA0074500814
B1712081851690S04140926WA0074200808
B1712121851715S04140943WA0073100797
B1712161851742S04140952WA0072500790
B1712201851770S04140955WA0071500780
B1712241851800S04140956WA0070500770
B1712281851828S04140956WA0069800761
B1712321851855S04140955WA0069300754
B1712361851871S04140964WA0069400754
B1712401851889S04140971WA0069000746
B1712441851908S04140977WA0068100739
B1712481851930S04140987WA0066800728
B1712521851954S04141001WA0065800718
B1712561851975S04141017WA0065100709
B1713001852001S04141033WA0064100699
B1713041852020S04141048WA0064000698
B1713081852042S04141068WA0062700686
B1713121852063S04141086WA0062700685
B1713161852085S04141105WA0062000679
B1713201852109S04141115WA0062100680
B1713241852129S04141131WA0061500677
B1713281852134S04141163WA0061800681
B1713321852135S04141188WA0062600689
B1713361852136S04141215WA0063000695
B1713401852131S04141243WA0064100707
B1713441852122S04141268WA0065200718
B1713481852119S04141295WA0065900726
B1713521852117S04141325WA0066800736
B1713561852115S04141353WA0067700745
B1714001852113S04141383WA0068500753
B1714041852121S04141412WA0069200763
B1714081852127S04141433WA0071300784
B1714121852120S04141452WA0072200792
B1714161852095S04141452WA0072200795
B1714201852092S04141433WA0074600817
B1714241852099S04141421WA0075600827
B1714281852111S04141434WA0076200836
B1714321852086S04141437WA0077500844
B1714361852078S04141423WA0079200858
B1714401852091S04141411WA0080000869
B1714441852097S04141427WA0081200881
B1714481852085S04141444WA0082300892
B1714521852063S04141447WA0082800901
B1714561852054S04141431WA0084300913
B1715001852063S04141417WA0085100923
B1715041852079S04141414WA0086300934
B1715081852086S04141428WA0087100943
B1715121852075S04141447WA0087600950
B1715161852054S04141459WA0088600960
B1715201852035S04141477WA0089200970
B1715241852016S04141495WA0090400983
B1715281851991S04141506WA0091300994
B1715321851963S04141520WA0091601000
B1715361851933S04141539WA0092101005
B1715401851907S04141558WA0093101015
B1715441851879S04141578WA0093201019
B1715481851855S04141600WA0093801025
B1715521851833S04141624WA0094301031
B1715561851810S04141650WA0094901037
B1716001851785S04141678WA0095501044
B1716041851762S04141703WA0096601055
B1716081851745S04141728WA0098401071
B1716121851731S04141754WA0098801077
B1716161851711S04141785WA0099401085
B1716201851698S04141806WA0101901108
B1716241851677S04141817WA0102501116
B1716281851673S04141799WA0103101123
B1716321851692S04141807WA0104401131
B1716361851704S04141831WA0105801147
B1716401851689S04141855WA0106601157
B1716441851665S04141856WA0108201172
B1716481851647S04141849WA0109301183
B1716521851647S04141831WA0110001190
B1716561851665S04141825WA0111201202
B1717001851682S04141844WA0112101210
B1717041851670S04141868WA0113101221
B1717081851649S04141862WA0114101232
B1717121851661S04141849WA0115101240
B1717161851683S04141851WA0116401253
B1717201851703S04141857WA0117201262
B1717241851708S04141887WA0117801267
B1717281851686S04141902WA0118501274
B1717321851666S04141897WA0119501286
B1717361851651S04141886WA0120701299
B1717401851659S04141872WA0121301305
B1717441851679S04141880WA0122101314
B1717481851693S04141905WA0123201325
B1717521851703S04141931WA0123701329
B1717561851701S04141962WA0124201334
B1718001851687S04141989WA0124701340
B1718041851668S04142015WA0124401341
B1718081851652S04142045WA0125301350
B1718121851637S04142073WA0124901348
B1718161851626S04142103WA0124701345
B1718201851613S04142128WA0124001337
B1718241851594S04142159WA0122701329
B1718281851579S04142179WA0124001339
B1718321851561S04142201WA0123301334
B1718361851542S04142225WA0123201334
B1718401851520S04142253WA0122701331
B1718441851499S04142282WA0122701329
B1718481851478S04142312WA0121901322
B1718521851459S04142344WA0121101314
B1718561851442S04142371WA0121601317
B1719001851424S04142400WA0121101313
B1719041851405S04142431WA0120701310
B1719081851382S04142461WA0120401307
B1719121851361S04142493WA0120101304
B1719161851339S04142526WA0120001303
B1719201851316S04142559WA0119901301
B1719241851295S04142589WA0119901300
B1719281851276S04142622WA0119301294
B1719321851261S04142659WA0118401286
B1719361851245S04142697WA0117601278
B1719401851230S04142732WA0117101272
B1719441851213S04142767WA0116101262
B1719481851194S04142801WA0115001250
B1719521851178S04142836WA0114101240
B1719561851163S04142871WA0112901229
B1720001851148S04142905WA0112101220
B1720041851134S04142938WA0111301211
B1720081851124S04142970WA0110801204
B1720121851110S04142995WA0110301198
B1720161851092S04143023WA0108601184
B1720201851073S04143054WA0108101178
B1720241851053S04143083WA0107301170
B1720281851035S04143114WA0106801164
B1720321851015S04143146WA0106701164
B1720361850997S04143180WA0107001168
B1720401850976S04143215WA0107001168
B1720441850958S04143236WA0109001184
B1720481850940S04143260WA0108601183
B1720521850920S04143290WA0108501182
B1720561850899S04143318WA0108001177
B1721001850877S04143350WA0107601173
B1721041850855S04143377WA0107801172
B1721081850835S04143411WA0106901166
B1721121850814S04143443WA0107701173
B1721161850793S04143474WA0107701172
B1721201850773S04143510WA0106901165
B1721241850753S04143546WA0106501159
B1721281850738S04143583WA0105701152
B1721321850725S04143620WA0105801151
B1721361850710S04143652WA0106301157
B1721401850695S04143684WA0106501159
B1721441850683S04143711WA0107101162
B1721481850666S04143742WA0106201155
B1721521850651S04143774WA0106501158
B1721561850633S04143808WA0105801153
B1722001850615S04143839WA0106101152
B1722041850599S04143871WA0105101143
B1722081850584S04143905WA0104501136
B1722121850566S04143940WA0103101122
B1722161850550S04143976WA0102101111
B1722201850533S04144010WA0101101098
B1722241850520S04144047WA0099301082
B1722281850505S04144085WA0098101069
B1722321850491S04144118WA0097401060
B1722361850477S04144157WA0096001047
B1722401850465S04144196WA0095401039
B1722441850452S04144236WA0094201028
B1722481850437S04144275WA0093501019
B1722521850428S04144315WA0092101005
B1722561850425S04144357WA0090800992
B1723001850424S04144400WA0089500978
B1723041850420S04144441WA0088800970
B1723081850419S04144481WA0087600955
B1723121850418S04144523WA0086800946
B1723161850410S04144555WA0086300939
B1723201850405S04144596WA0084700925
B1723241850407S04144636WA0084200920
B1723281850410S04144673WA0083600914
B1723321850409S04144711WA0082700906
B1723361850409S04144749WA0081800896
B1723401850405S04144786WA0081100888
B1723441850399S04144825WA0080000878
B1723481850392S04144861WA0079900874
B1723521850389S04144897WA0078500862
B1723561850387S04144936WA0077900855
B1724001850387S04144973WA0077500851
B1724041850388S04145008WA0076900845
B1724081850384S04145045WA0076200839
B1724121850376S04145076WA0075800834
B1724161850366S04145108WA0075000824
B1724201850355S04145143WA0073900814
B1724241850347S04145178WA0073500809
B1724281850338S04145215WA0072700802
B1724321850329S04145251WA0072300798
B1724361850321S04145285WA0071800792
B1724401850312S04145322WA0070900784
B1724441850300S04145359WA0070100775
B1724481850288S04145394WA0069700770
B1724521850277S04145431WA0068800761
B1724561850266S04145467WA0068300755
B1725001850253S04145501WA0067800749
B1725041850239S04145538WA0067000741
B1725081850222S04145576WA0066200731
B1725121850201S04145611WA0065700726
B1725161850181S04145646WA0065100720
B1725201850159S04145678WA0065500724
B1725241850136S04145709WA0065200722
B1725281850106S04145735WA0065200721
B1725321850079S04145766WA0065000720
B1725361850057S04145799WA0064800719
B1725401850037S04145830WA0064800717
B1725441850017S04145860WA0064000709
B1725481849998S04145893WA0063400703
B1725521849983S04145924WA0063300701
B1725561849969S04145956WA0063300701
B1726001849952S04145983WA0064400711
B1726041849935S04146003WA0064300710
B1726081849919S04146033WA0064000708
B1726121849903S04146060WA0063900706
B1726161849887S04146090WA0063300701
B1726201849871S04146122WA0062900696
B1726241849854S04146155WA0062000688
B1726281849837S04146191WA0061500682
B1726321849823S04146227WA0060900676
B1726361849810S04146266WA0060500672
B1726401849800S04146304WA0060400670
B1726441849787S04146328WA0061900682
B1726481849770S04146352WA0061600681
B1726521849755S04146384WA0061500682
B1726561849748S04146409WA0062400687
B1727001849742S04146438WA0061900684
B1727041849740S04146468WA0062000686
B1727081849737S04146491WA0062700692
B1727121849733S04146518WA0062100687
B1727161849729S04146552WA0061700684
B1727201849728S04146579WA0062500690
B1727241849726S04146605WA0062500691
B1727281849721S04146634WA0062900696
B1727321849701S04146660WA0062900695
B1727361849676S04146686WA0062800696
B1727401849651S04146707WA0063600702
B1727441849628S04146729WA0063600702
B1727481849608S04146757WA0062900698
B1727521849599S04146791WA0062500694
B1727561849576S04146817WA0061700686
B1728001849544S04146834WA0061400683
B1728041849508S04146843WA0061700684
B1728081849479S04146849WA0062600692
B1728121849451S04146845WA0063700704
B1728161849430S04146834WA0063900706
B1728201849432S04146813WA0064100707
B1728241849443S04146811WA0064800712
B1728281849454S04146815WA0065200712
B1728321849450S04146837WA0064600706
B1728361849422S04146841WA0065100711
B1728401849400S04146831WA0066000720
B1728441849377S04146814WA0066000721
B1728481849360S04146798WA0066200724
B1728521849341S04146778WA0066300725
B1728561849323S04146758WA0066300726
B1729001849310S04146730WA0066300726
B1729041849301S04146699WA0066800732
B1729081849292S04146670WA0067500739
B1729121849286S04146648WA0068000742
B1729161849297S04146647WA0067700740
B1729201849303S04146661WA0067900740
B1729241849305S04146682WA0067600739
B1729281849306S04146702WA0068000744
B1729321849308S04146721WA0068500748
B1729361849314S04146739WA0068600750
B1729401849318S04146760WA0069100755
B1729441849325S04146777WA0070100765
B1729481849337S04146788WA0070600771
B1729521849334S04146803WA0071300779
B1729561849307S04146803WA0071800783
B1730001849300S04146782WA0072500790
B1730041849295S04146760WA0073100796
B1730081849299S04146740WA0073900805
B1730121849312S04146734WA0074800813
B1730161849320S04146751WA0075500820
B1730201849306S04146770WA0076300828
B1730241849282S04146781WA0077400838
B1730281849258S04146780WA0078200847
B1730321849235S04146768WA0078600853
B1730361849221S04146745WA0079300861
B1730401849224S04146725WA0080400869
B1730441849235S04146714WA0080700872
B1730481849248S04146719WA0081300880
B1730521849253S04146737WA0081600885
B1730561849243S04146757WA0082500894
B1731001849221S04146770WA0083100902
B1731041849199S04146758WA0084300912
B1731081849198S04146739WA0085000918
B1731121849210S04146730WA0085900928
B1731161849220S04146741WA0086200929
B1731201849212S04146761WA0086900938
B1731241849190S04146773WA0087800948
B1731281849165S04146776WA0088700957
B1731321849141S04146767WA0089500965
B1731361849129S04146747WA0090500976
B1731401849126S04146727WA0091000983
B1731441849136S04146715WA0091800989
B1731481849148S04146718WA0091900991
B1731521849154S04146734WA0092600998
B1731561849143S04146755WA0092700999
B1732001849120S04146769WA0093801010
B1732041849093S04146779WA0094201017
B1732081849070S04146776WA0095101026
B1732121849055S04146757WA0095901034
B1732161849049S04146738WA0096401039
B1732201849060S04146727WA0096201038
B1732241849070S04146723WA0097001045
B1732281849083S04146726WA0096901044
B1732321849085S04146745WA0097501049
B1732361849090S04146770WA0097501051
B1732401849092S04146793WA0099101067
B1732441849079S04146811WA0100001076
B1732481849052S04146803WA0101001085
B1732521849049S04146785WA0102501099
B1732561849062S04146780WA0103201107
B1733001849072S04146790WA0104401120
B1733041849073S04146812WA0105001127
B1733081849050S04146826WA0105701134
B1733121849028S04146816WA0106901147
B1733161849027S04146797WA0107901158
B1733201849037S04146794WA0108901169
B1733241849044S04146812WA0109301173
B1733281849045S04146835WA0109901178
B1733321849050S04146864WA0109801181
B1733361849057S04146897WA0110701192
B1733401849064S04146928WA0111601201
B1733441849068S04146960WA0112201208
B1733481849072S04146992WA0112201209
B1733521849083S04147026WA0112201209
B1733561849095S04147059WA0112801215
B1734001849103S04147088WA0113801225
B1734041849110S04147113WA0114101227
B1734081849121S04147145WA0112601213
B1734121849134S04147179WA0112201209
B1734161849147S04147211WA0111601202
B1734201849157S04147249WA0110501192
B1734241849166S04147285WA0109901185
B1734281849177S04147325WA0108801175
B1734321849184S04147364WA0108901174
B1734361849192S04147396WA0108401170
B1734401849201S04147431WA0107601161
B1734441849211S04147467WA0106901153
B1734481849224S04147506WA0105601141
B1734521849236S04147545WA0104701132
B1734561849247S04147585WA0103701122
B1735001849259S04147624WA0103201116
B1735041849267S04147661WA0102901112
B1735081849280S04147699WA0102101104
B1735121849296S04147735WA0101501097
B1735161849308S04147774WA0100601089
B1735201849320S04147811WA0099701079
B1735241849334S04147849WA0098801069
B1735281849345S04147888WA0097601058
B1735321849356S04147929WA0096601047
B1735361849371S04147966WA0095601036
B1735401849390S04148002WA0094301023
B1735441849410S04148039WA0093201011
B1735481849424S04148076WA0092601004
B1735521849434S04148116WA0091400993
B1735561849445S04148157WA0090500982
B1736001849453S04148197WA0089600973
B1736041849463S04148238WA0088500962
B1736081849476S04148276WA0087700953
B1736121849490S04148313WA0086700943
B1736161849502S04148349WA0086000935
B1736201849512S04148386WA0085000924
B1736241849525S04148422WA0084200915
B1736281849535S04148457WA0083500908
B1736321849546S04148492WA0082300896
B1736361849555S04148527WA0081400885
B1736401849565S04148562WA0080200873
B1736441849577S04148596WA0079300863
B1736481849587S04148629WA0078600854
B1736521849595S04148664WA0077600844
B1736561849602S04148698WA0076900837
B1737001849608S04148731WA0076300831
B1737041849613S04148765WA0075600823
B1737081849611S04148799WA0075500820
B1737121849607S04148831WA0075800824
B1737161849609S04148859WA0076600829
B1737201849607S04148889WA0076400828
B1737241849608S04148921WA0076600831
B1737281849609S04148953WA0076900833
B1737321849614S04148984WA0077100835
B1737361849619S04149015WA0077000835
B1737401849623S04149045WA0076500831
B1737441849627S04149071WA0076400829
B1737481849623S04149100WA0075500820
B1737521849614S04149130WA0074600811
B1737561849602S04149159WA0073900804
B1738001849589S04149187WA0073200797
B1738041849582S04149215WA0072500790
B1738081849577S04149245WA0071800783
B1738121849570S04149274WA0071300778
B1738161849564S04149307WA0070600772
B1738201849563S04149338WA0070400770
B1738241849564S04149364WA0070600771
B1738281849569S04149388WA0070500768
B1738321849575S04149416WA0070000763
B1738361849581S04149447WA0069800762
B1738401849588S04149479WA0069500760
B1738441849594S04149508WA0069700761
B1738481849597S04149535WA0069500758
B1738521849595S04149562WA0068900752
B1738561849593S04149590WA0068700749
B1739001849591S04149619WA0067700741
B1739041849591S04149651WA0067300736
B1739081849593S04149681WA0066300727
B1739121849592S04149715WA0065400718
B1739161849592S04149746WA0064900711
B1739201849598S04149779WA0064700704
B1739241849602S04149814WA0063700695
B1739281849607S04149847WA0062700685
B1739321849612S04149883WA0062000677
B1739361849614S04149918WA0061200669
B1739401849616S04149955WA0060500663
B1739441849620S04149987WA0060200658
B1739481849625S04150022WA0058800647
B1739521849630S04150055WA0058000639
B1739561849623S04150088WA0057000629
B1740001849615S04150123WA0056200623
B1740041849609S04150159WA0055400616
B1740081849602S04150194WA0054900610
B1740121849598S04150226WA0054100601
B1740161849595S04150260WA0053000590
B1740201849587S04150289WA0052900587
B1740241849578S04150321WA0052100579
B1740281849573S04150344WA0052600581
B1740321849565S04150373WA0050900567
B1740361849561S04150407WA0050100559
B1740401849558S04150439WA0049700555
B1740441849555S04150472WA0049100548
B1740481849551S04150505WA0049100548
B1740521849549S04150536WA0048900545
B1740561849550S04150571WA0048300540
B1741001849552S04150604WA0048200541
B1741041849550S04150635WA0047400531
B1741081849554S04150670WA0046300520
B1741121849561S04150702WA0045500511
B1741161849569S04150736WA0044600502
B1741201849578S04150766WA0044200497
B1741241849581S04150801WA0043500490
B1741281849585S04150837WA0043200486
B1741321849589S04150874WA0042400478
B1741361849597S04150909WA0042100474
B1741401849606S04150943WA0041300464
B1741441849611S04150976WA0040800458
B1741481849625S04151005WA0039800447
B1741521849643S04151031WA0038900438
B1741561849664S04151057WA0038100430
B1742001849683S04151082WA0037300422
B1742041849704S04151108WA0036400413
B1742081849722S04151138WA0035500404
B1742121849735S04151162WA0035900405
B1742161849750S04151187WA0034900396
B1742201849766S04151210WA0034300389
B1742241849783S04151235WA0033600381
B1742281849798S04151264WA0032900374
B1742321849810S04151282WA0033600381
B1742361849826S04151302WA0033300377
B1742401849845S04151315WA0033800381
B1742441849864S04151318WA0034400387
B1742481849878S04151310WA0035400400
B1742521849881S04151294WA0036200407
B1742561849891S04151283WA0037400419
B1743001849884S04151264WA0037700423
B1743041849867S04151249WA0038300430
B1743081849840S04151243WA0039400439
B1743121849816S04151246WA0039400440
B1743161849802S04151274WA0038600433
B1743201849817S04151294WA0038300429
B1743241849829S04151309WA0038800432
B1743281849839S04151314WA0040100444
B1743321849852S04151313WA0040700450
B1743361849866S04151311WA0041600462
B1743401849877S04151306WA0042900472
B1743441849875S04151290WA0043500481
B1743481849854S04151285WA0044600492
B1743521849834S04151281WA0044800495
B1743561849810S04151280WA0045000498
B1744001849787S04151295WA0044100491
B1744041849779S04151326WA0043600489
B1744081849794S04151343WA0043200481
B1744121849807S04151348WA0043100479
B1744161849821S04151345WA0043600484
B1744201849829S04151335WA0044600493
B1744241849836S04151324WA0045300498
B1744281849846S04151315WA0046300508
B1744321849858S04151309WA0046800513
B1744361849867S04151297WA0047300520
B1744401849879S04151290WA0048100530
B1744441849893S04151281WA0048400534
B1744481849905S04151271WA0049100541
B1744521849916S04151261WA0049800549
B1744561849924S04151250WA0050200552
B1745001849918S04151232WA0050500555
B1745041849896S04151229WA0050800557
B1745081849874S04151244WA0051100563
B1745121849863S04151268WA0051200566
B1745161849871S04151291WA0051700572
B1745201849887S04151301WA0052200576
B1745241849903S04151301WA0052800581
B1745281849913S04151290WA0052900583
B1745321849900S04151275WA0053100585
B1745361849876S04151273WA0053400589
B1745401849852S04151280WA0053500591
B1745441849828S04151291WA0054000598
B1745481849806S04151302WA0054500604
B1745521849784S04151320WA0054900610
B1745561849767S04151341WA0055100612
B1746001849749S04151362WA0055700619
B1746041849733S04151386WA0055600619
B1746081849712S04151412WA0055700620
B1746121849700S04151440WA0055500617
B1746161849714S04151455WA0055400616
B1746201849719S04151461WA0056600625
B1746241849731S04151464WA0056900628
B1746281849732S04151455WA0057100629
B1746321849711S04151442WA0057100631
B1746361849688S04151460WA0057900638
B1746401849683S04151487WA0057800639
B1746441849678S04151517WA0058400643
B1746481849682S04151545WA0059300653
B1746521849696S04151568WA0059700657
B1746561849708S04151591WA0060400666
B1747001849717S04151620WA0060800670
B1747041849726S04151653WA0060600669
B1747081849741S04151689WA0060100665
B1747121849756S04151721WA0060100663
B1747161849771S04151753WA0059300655
B1747201849788S04151788WA0058500646
B1747241849803S04151821WA0058000638
B1747281849809S04151850WA0058000636
B1747321849816S04151880WA0057100628
B1747361849826S04151913WA0056300621
B1747401849838S04151943WA0055700614
B1747441849849S04151973WA0055100608
B1747481849862S04152002WA0054700604
B1747521849873S04152029WA0054600601
B1747561849888S04152060WA0053700592
B1748001849904S04152088WA0053000584
B1748041849925S04152116WA0051900572
B1748081849943S04152144WA0051000561
B1748121849958S04152175WA0049800551
B1748161849971S04152207WA0049200543
B1748201849983S04152240WA0048000532
B1748241849999S04152271WA0047200521
B1748281850017S04152301WA0046500515
B1748321850034S04152331WA0045800506
B1748361850052S04152363WA0045100499
B1748401850066S04152391WA0044900497
B1748441850081S04152419WA0044700495
B1748481850095S04152448WA0044400491
B1748521850111S04152478WA0043500483
B1748561850131S04152504WA0042800476
B1749001850151S04152532WA0041900467
B1749041850172S04152560WA0041600463
B1749081850194S04152588WA0041000457
B1749121850215S04152616WA0041100456
B1749161850237S04152643WA0040800454
B1749201850257S04152670WA0040800453
B1749241850277S04152697WA0040500451
B1749281850297S04152723WA0040600452
B1749321850313S04152746WA0041000456
B1749361850327S04152772WA0041500461
B1749401850341S04152797WA0042200469
B1749441850352S04152824WA0042500473
B1749481850364S04152855WA0042500473
B1749521850375S04152885WA0042600474
B1749561850386S04152916WA0042100469
B1750001850395S04152945WA0041800465
B1750041850408S04152974WA0041000457
B1750081850420S04153003WA0040400450
B1750121850431S04153033WA0039800443
B1750161850441S04153064WA0039200439
B1750201850454S04153087WA0039200436
B1750241850472S04153109WA0038300429
B1750281850492S04153129WA0037800425
B1750321850518S04153144WA0036900416
B1750361850544S04153158WA0036200408
B1750401850571S04153172WA0035600401
B1750441850597S04153183WA0035100393
B1750481850626S04153194WA0034100385
B1750521850653S04153203WA0033700379
B1750561850681S04153209WA0032800370
B1751001850709S04153213WA0032000362
B1751041850738S04153216WA0031100354
B1751081850766S04153212WA0030300345
B1751121850794S04153207WA0029400335
B1751161850823S04153207WA0028700326
B1751201850852S04153208WA0028000320
B1751241850881S04153211WA0027500314
B1751281850911S04153220WA0026800308
B1751321850940S04153220WA0026400302
B1751361850968S04153216WA0025800296
B1751401850998S04153214WA0025100289
B1751441851027S04153216WA0024400280
B1751481851058S04153217WA0023800273
B1751521851086S04153213WA0023400267
B1751561851105S04153212WA0023500267
B1752001851129S04153208WA0023000262
B1752041851150S04153202WA0023100263
B1752081851173S04153198WA0023400264
B1752121851196S04153199WA0023800267
B1752161851213S04153196WA0023800267
B1752201851227S04153180WA0023300264
B1752241851239S04153165WA0023400263
B1752281851246S04153148WA0023000259
B1752321851230S04153146WA0022300251
B1752361851214S04153164WA0021800246
B1752401851205S04153187WA0021400242
B1752441851202S04153215WA0021000238
B1752481851200S04153242WA0020800237
B1752521851195S04153262WA0021200240
B1752561851178S04153261WA0020600234
B1753001851167S04153250WA0020800232
B1753041851156S04153236WA0020600230
B1753081851145S04153224WA0020800231
B1753121851134S04153215WA0021100231
B1753161851117S04153231WA0020400227
B1753201851129S04153255WA0020400228
B1753241851151S04153257WA0020400229
B1753281851171S04153249WA0020300228
B1753321851182S04153237WA0020400229
B1753361851188S04153219WA0019900226
B1753401851189S04153202WA0019700223
B1753441851181S04153184WA0018700214
B1753481851169S04153167WA0018400210
B1753521851163S04153146WA0017900206
B1753561851152S04153127WA0017700203
B1754001851141S04153109WA0017400199
B1754041851128S04153091WA0017200198
B1754081851115S04153081WA0016800193
B1754121851103S04153062WA0016300188
B1754161851095S04153045WA0015800180
B1754201851087S04153025WA0015400175
B1754241851085S04153008WA0015500175
B1754281851084S04152990WA0014900169
B1754321851090S04152971WA0014900169
B1754361851094S04152951WA0014800167
B1754401851102S04152932WA0014700168
B1754441851098S04152917WA0014700168
B1754481851078S04152924WA0014200165
B1754521851065S04152941WA0014200163
B1754561851049S04152940WA0013600152
B1755001851052S04152919WA0013100149
B1755041851056S04152906WA0012600148
B1755081851059S04152901WA0013000145
B1755121851060S04152900WA0013000146
B1755161851061S04152900WA0013000146
B1755201851061S04152900WA0013000146
B1755241851061S04152900WA0013000146
B1755281851060S04152900WA0013000147
B1755321851060S04152901WA0013000148
B1755361851059S04152902WA0013000149
B1755401851059S04152902WA0012900147
B1755441851058S04152902WA0013000147
B1755481851059S04152902WA0013000148
B1755521851058S04152902WA0013000148
B1755561851058S04152902WA0013000150
B1756001851058S04152901WA0013000151
B1756041851058S04152901WA0013000152
B1756081851058S04152901WA0013000153
B1756121851058S04152900WA0012900153
B1756161851058S04152900WA0013000152
B1756201851059S04152901WA0013000151
B1756241851059S04152901WA0013000150
B1756281851059S04152901WA0013000150
B1756321851059S04152901WA0013000150
B1756361851059S04152901WA0013000150
B1756401851059S04152900WA0012900150
B1756441851059S04152900WA0013100150
B1756481851059S04152900WA0012900150
B1756521851058S04152900WA0013000151
B1756561851059S04152900WA0013000151
B1757001851058S04152900WA0013000151
B1757041851059S04152900WA0012900150
B1757081851058S04152901WA0013000150
B1757121851058S04152901WA0012900149
B1757161851058S04152901WA0012900149
B1757201851059S04152901WA0013000149
B1757241851059S04152901WA0013000149
B1757281851059S04152901WA0012900148
B1757321851059S04152901WA0012900148
B1757361851059S04152901WA0013000148
B1757401851059S04152900WA0012900148
B1757441851060S04152901WA0012900147
B1757481851060S04152901WA0012900147
B1757521851060S04152901WA0013000146
B1757561851059S04152901WA0012900146
B1758001851059S04152901WA0013000146
B1758041851059S04152901WA0012900146
B1758081851060S04152901WA0012900147
B1758121851060S04152901WA0012900146
B1758161851059S04152902WA0012900146
B1758201851059S04152902WA0012900147
B1758241851059S04152902WA0012900148
B1758281851059S04152901WA0012900148
B1758321851059S04152901WA0012900148
B1758361851059S04152901WA0013000149
B1758401851059S04152901WA0012900150
B1758441851059S04152901WA0012900150
B1758481851059S04152901WA0013000150
B1758521851059S04152901WA0013000151
B1758561851059S04152901WA0013000152
B1759001851059S04152901WA0012900152
B1759041851059S04152901WA0013000151
B1759081851059S04152901WA0013000150
B1759121851059S04152901WA0013000149
B1759161851059S04152901WA0012900148
B1759201851059S04152901WA0013000148
B1759241851059S04152901WA0013000148
B1759281851059S04152901WA0012900148
B1759321851058S04152901WA0012900147
B1759361851058S04152901WA0013000147
B1759401851058S04152901WA0013000148
B1759441851058S04152900WA0013000148
B1759481851058S04152901WA0012900148
B1759521851058S04152901WA0013000147
B1759561851058S04152901WA0013000146
B1800001851058S04152901WA0013000145
B1800041851059S04152901WA0013000145
B1800081851059S04152901WA0013000144
B1800121851059S04152901WA0013000144
B1800161851059S04152901WA0013000144
B1800201851059S04152900WA0013000144
B1800241851059S04152900WA0013000145
B1800281851059S04152900WA0013000144
B1800321851059S04152900WA0013000144
B1800361851059S04152900WA0013000144
B1800401851059S04152900WA0013000144
B1800441851060S04152900WA0013000145
B1800481851060S04152899WA0013000145
B1800521851060S04152899WA0013000145
B1800561851059S04152900WA0012900145
B1801001851059S04152900WA0013000147
B1801041851059S04152899WA0013000148
B1801081851060S04152899WA0013000148
B1801121851060S04152899WA0013000148
B1801161851060S04152899WA0013000147
B1801201851059S04152899WA0013000147
B1801241851059S04152899WA0013000148
B1801281851059S04152900WA0012900148
B1801321851059S04152900WA0013000147
B1801361851059S04152900WA0013000147
B1801401851059S04152901WA0013000146
B1801441851059S04152901WA0013000146
B1801481851058S04152901WA0013000147
B1801521851058S04152902WA0013000148
B1801561851059S04152902WA0013000147
B1802001851059S04152902WA0013000148
B1802041851059S04152902WA0013000148
B1802081851058S04152902WA0013000148
B1802121851059S04152901WA0013000148
B1802161851059S04152901WA0013000148
B1802201851059S04152901WA0013000147
B1802241851059S04152901WA0013000147
B1802281851059S04152900WA0013000148
B1802321851058S04152901WA0013000147
B1802361851058S04152901WA0013000147
B1802401851058S04152900WA0013000148
B1802441851058S04152900WA0013000148
B1802481851058S04152900WA0013000148
B1802521851057S04152900WA0013000149
B1802561851057S04152900WA0013000149
B1803001851057S04152900WA0013000148
B1803041851057S04152900WA0012900148
B1803081851057S04152899WA0012900149
B1803121851058S04152899WA0013000149
B1803161851058S04152899WA0012900149
B1803201851059S04152899WA0013000148
B1803241851059S04152899WA0013000147
B1803281851059S04152899WA0013000147
B1803321851059S04152899WA0013000146
B1803361851059S04152899WA0013000146
B1803401851059S04152899WA0013000146
B1803441851059S04152899WA0013000147
B1803481851059S04152899WA0013000147
B1803521851060S04152899WA0013000148
B1803561851060S04152898WA0013000147
B1804001851060S04152899WA0013000147
B1804041851059S04152899WA0013000147
B1804081851059S04152900WA0013000147
B1804121851059S04152900WA0013000147
B1804161851059S04152899WA0013000146
B1804201851060S04152900WA0013000147
B1804241851060S04152899WA0013000145
B1804281851059S04152900WA0013000146
B1804321851059S04152900WA0013000146
B1804361851058S04152900WA0013000145
B1804401851058S04152901WA0013000146
B1804441851058S04152901WA0013000146
B1804481851058S04152901WA0013000146
B1804521851058S04152900WA0013000145
B1804561851058S04152900WA0013000144
B1805001851059S04152901WA0013000144
B1805041851059S04152900WA0013000143
B1805081851060S04152901WA0013000143
B1805121851059S04152901WA0013000144
B1805161851059S04152901WA0013000142
B1805201851059S04152901WA0013000143
B1805241851059S04152901WA0013000142
B1805281851059S04152901WA0013000143
B1805321851060S04152900WA0012900146
B1805361851060S04152900WA0013000143
B1805401851060S04152901WA0013100143
B1805441851060S04152901WA0013000144
B1805481851060S04152901WA0013000144
B1805521851059S04152901WA0012900144
B1805561851060S04152901WA0012900143
B1806001851059S04152901WA0013000143
B1806041851060S04152901WA0013000143
B1806081851060S04152901WA0012900144
B1806121851060S04152900WA0012900144
B1806161851060S04152900WA0012900144
B1806201851060S04152900WA0012900143
B1806241851060S04152900WA0012900142
B1806281851060S04152900WA0012900142
B1806321851060S04152900WA0013000142
B1806361851060S04152900WA0013000142
B1806401851060S04152901WA0013000142
B1806441851059S04152901WA0013000141
B1806481851059S04152901WA0013000141
B1806521851059S04152900WA0013000142
B1806561851059S04152900WA0013000143
B1807001851059S04152900WA0013000143
B1807041851059S04152900WA0013000143
B1807081851059S04152900WA0013000143
B1807121851059S04152901WA0013000143
B1807161851059S04152901WA0013000143
B1807201851059S04152901WA0013000143
B1807241851059S04152902WA0012900143
B1807281851059S04152902WA0013000143
B1807321851058S04152902WA0013000144
B1807361851058S04152902WA0013000143
B1807401851058S04152902WA0013000144
B1807441851059S04152902WA0013000145
B1807481851059S04152902WA0013000145
B1807521851059S04152901WA0013000146
B1807561851059S04152901WA0013000146
B1808001851060S04152901WA0013000146
B1808041851060S04152901WA0013000145
B1808081851060S04152901WA0013000144
B1808121851060S04152901WA0013000144
B1808161851060S04152901WA0012900143
B1808201851060S04152901WA0013000143
B1808241851060S04152901WA0013000144
B1808281851060S04152900WA0013000144
B1808321851059S04152901WA0013000144
B1808361851058S04152901WA0013000145
B1808401851058S04152902WA0013000144
B1808441851058S04152902WA0013000143
B1808481851057S04152902WA0013000143
B1808521851057S04152902WA0013000143
B1808561851057S04152902WA0013000143
B1809001851059S04152902WA0013000144
B1809041851059S04152901WA0013000143
B1809081851059S04152901WA0013000144
B1809121851059S04152901WA0013000144
B1809161851059S04152902WA0013000144
B1809201851059S04152902WA0013000145
B1809241851058S04152902WA0013000146
B1809281851059S04152902WA0013000146
B1809321851058S04152902WA0013000147
B1809361851058S04152901WA0013000147
B1809401851058S04152901WA0013000148
B1809441851059S04152901WA0013000148
B1809481851058S04152900WA0013000147
B1809521851058S04152899WA0013000149
B1809561851059S04152899WA0013000149
B1810001851058S04152899WA0013000149
B1810041851058S04152898WA0013000150
B1810081851059S04152898WA0013000150
B1810121851059S04152898WA0013000150
B1810161851059S04152898WA0013000150
B1810201851059S04152899WA0013000148
B1810241851059S04152899WA0013000148
B1810281851059S04152898WA0013000149
B1810321851059S04152898WA0013000150
B1810361851059S04152898WA0013000150
B1810401851059S04152898WA0013000151
B1810441851059S04152898WA0013000151
B1810481851058S04152898WA0013000152
B1810521851058S04152898WA0013100152
B1810561851058S04152897WA0013100154
B1811001851056S04152899WA0013000155
B1811041851056S04152899WA0013100154
B1811081851056S04152900WA0013000151
B1811121851056S04152900WA0013100147
B1811161851056S04152900WA0013000144
B1811201851057S04152900WA0013000143
B1811241851056S04152900WA0013100143
B1811281851057S04152900WA0013000143
B1811321851057S04152900WA0013000143
B1811361851057S04152900WA0013100143
B1811401851057S04152900WA0013000144
B1811441851057S04152900WA0013000145
B1811481851058S04152899WA0013000145
B1811521851058S04152899WA0013000145
B1811561851059S04152899WA0013000145
B1812001851059S04152899WA0013000146
B1812041851059S04152900WA0013000145
B1812081851059S04152900WA0013000144
B1812121851059S04152900WA0013000143
B1812161851059S04152900WA0013000143
B1812201851059S04152900WA0013000144
B1812241851059S04152899WA0013000144
B1812281851059S04152899WA0013000145
B1812321851059S04152899WA0013000144
B1812361851059S04152899WA0013000144
B1812401851060S04152899WA0012900144
B1812441851060S04152899WA0013000144
B1812481851060S04152899WA0013000144
B1812521851059S04152900WA0013000143
B1812561851060S04152900WA0013000142
B1813001851060S04152900WA0013000142
B1813041851060S04152901WA0013000142
B1813081851061S04152901WA0013000143
B1813121851062S04152900WA0013000145
B1813161851064S04152899WA0013000146
B1813201851065S04152898WA0013000147
B1813241851067S04152898WA0013000143
B1813281851067S04152898WA0013000144
B1813321851068S04152899WA0013000146
B1813361851069S04152900WA0013000147
B1813401851071S04152900WA0013000145
B1813441851073S04152900WA0013000143
B1813481851075S04152900WA0013000141
B1813521851077S04152900WA0013000140
B1813561851079S04152899WA0013000139
B1814001851081S04152899WA0013000141
B1814041851082S04152897WA0013000141
B1814081851084S04152896WA0013000142
B1814121851086S04152896WA0013000142
B1814161851087S04152896WA0013000142
B1814201851087S04152895WA0013000142
B1814241851088S04152895WA0013000142
B1814281851090S04152895WA0013000141
B1814321851091S04152894WA0013000143
B1814361851093S04152895WA0013000144
B1814401851094S04152895WA0013000146
B1814441851096S04152894WA0013000148
B1814481851097S04152893WA0013000149
B1814521851098S04152892WA0013000149
B1814561851100S04152892WA0013000148
B1815001851101S04152892WA0013000148
B1815041851102S04152892WA0013000149
B1815081851104S04152892WA0013000150
B1815121851105S04152892WA0013100151
B1815161851106S04152891WA0013100152
B1815201851107S04152890WA0013100153
B1815241851108S04152889WA0013000153
B1815281851110S04152889WA0013100154
B1815321851111S04152888WA0013100152
B1815361851113S04152887WA0013100152
B1815401851115S04152885WA0013100153
B1815441851117S04152885WA0013100153
B1815481851118S04152886WA0013100155
B1815521851119S04152886WA0013100156
B1815561851121S04152887WA0013100156
B1816001851121S04152887WA0013200155
B1816041851120S04152886WA0013000153
B1816081851121S04152886WA0013100151
B1816121851120S04152885WA0013200151
B1816161851120S04152885WA0013100150
B1816201851121S04152885WA0013100149
B1816241851121S04152885WA0013300148
B1816281851122S04152885WA0013200148
B1816321851122S04152885WA0013200147
B1816361851122S04152885WA0013200147
B1816401851123S04152884WA0013200149
B1816441851123S04152885WA0013200148
B1816481851123S04152884WA0013200150
B1816521851122S04152884WA0013200150
B1816561851122S04152884WA0013200151
B1817001851123S04152883WA0013200154
B1817041851124S04152881WA0013200158
B1817081851125S04152880WA0013200157
B1817121851127S04152878WA0013200155
B1817161851128S04152876WA0013200153
B1817201851130S04152875WA0013300152
B1817241851130S04152875WA0013300150
B1817281851131S04152876WA0013300149
B1817321851132S04152877WA0013300151
B1817361851133S04152877WA0013200149
B1817401851133S04152877WA0013200149
B1817441851134S04152878WA0013200148
B1817481851134S04152878WA0013200147
B1817521851134S04152879WA0013200146
B1817561851134S04152879WA0013300145
B1818001851134S04152879WA0013200145
B1818041851134S04152879WA0013200144
B1818081851134S04152879WA0013300146
B1818121851134S04152880WA0013200147
B1818161851134S04152880WA0013300149
B1818201851135S04152880WA0013200150
B1818241851135S04152881WA0013300151
B1818281851135S04152881WA0013300150
B1818321851135S04152881WA0013300149
B1818361851134S04152880WA0013300149
B1818401851134S04152879WA0013200150
B1818441851134S04152878WA0013200149
B1818481851134S04152878WA0013200148
B1818521851134S04152878WA0013200146
B1818561851134S04152878WA0013300145
B1819001851134S04152879WA0013200145
B1819041851134S04152879WA0013200147
B1819081851134S04152878WA0013200148
B1819121851134S04152878WA0013200148
B1819161851134S04152877WA0013200148
B1819201851134S04152877WA0013200146
B1819241851134S04152878WA0013200145
B1819281851134S04152878WA0013300143
B1819321851134S04152879WA0013200143
B1819361851134S04152879WA0013200141
B1819401851134S04152879WA0013200142
B1819441851135S04152879WA0013200142
B1819481851134S04152880WA0013200141
B1819521851135S04152881WA0013300140
B1819561851134S04152881WA0013300138
B1820001851134S04152881WA0013200137
B1820041851134S04152882WA0013300136
B1820081851134S04152883WA0013200136
B1820121851134S04152883WA0013300136
B1820161851134S04152882WA0013300135
B1820201851134S04152882WA0013300135
B1820241851134S04152881WA0013300135
B1820281851134S04152881WA0013300135
B1820321851134S04152882WA0013200135
B1820361851134S04152881WA0013300134
B1820401851134S04152881WA0013200133
B1820441851134S04152881WA0013200134
B1820481851134S04152881WA0013300134
B1820521851134S04152881WA0013300134
B1820561851134S04152880WA0013300134
B1821001851134S04152880WA0013300135
B1821041851134S04152880WA0013300135
B1821081851134S04152880WA0013200137
B1821121851135S04152881WA0013200138
B1821161851135S04152881WA0013200138
B1821201851135S04152880WA0013300137
B1821241851135S04152881WA0013200138
B1821281851136S04152880WA0013200137
B1821321851135S04152881WA0013200137
B1821361851135S04152881WA0013200137
B1821401851134S04152880WA0013200136
B1821441851134S04152880WA0013200135
B1821481851135S04152881WA0013200136
B1821521851134S04152880WA0013200137
B1821561851134S04152879WA0013200138
B1822001851134S04152878WA0013200139
B1822041851134S04152878WA0013200140
B1822081851134S04152877WA0013200143
B1822121851134S04152876WA0013200145
B1822161851134S04152876WA0013200147
B1822201851134S04152876WA0013200149
B1822241851134S04152876WA0013200151
B1822281851134S04152875WA0013200152
B1822321851134S04152875WA0013200152
B1822361851134S04152874WA0013200153
B1822401851134S04152875WA0013200153
B1822441851134S04152874WA0013200153
B1822481851134S04152874WA0013200154
B1822521851133S04152874WA0013200155
B1822561851133S04152873WA0013200156
B1823001851133S04152872WA0013300157
B1823041851132S04152870WA0013200158
B1823081851132S04152870WA0013200158
B1823121851131S04152868WA0013200158
B1823161851131S04152869WA0013300158
B1823201851131S04152869WA0013200158
B1823241851131S04152869WA0013200158
B1823281851131S04152869WA0013200156
B1823321851131S04152869WA0013200156
B1823361851131S04152870WA0013200156
B1823401851131S04152871WA0013200157
B1823441851131S04152871WA0013200158
B1823481851131S04152872WA0013200158
B1823521851132S04152874WA0013200157
B1823561851132S04152875WA0013200159
B1824001851132S04152876WA0013200160
B1824041851132S04152877WA0013200160
B1824081851132S04152876WA0013200160
B1824121851132S04152876WA0013300160
B1824161851132S04152875WA0013200160
B1824201851131S04152874WA0013200160
B1824241851131S04152874WA0013200160
B1824281851131S04152873WA0013200160
B1824321851131S04152873WA0013200160
B1824361851132S04152874WA0013200159
B1824401851131S04152874WA0013200158
B1824441851131S04152874WA0013200157
B1824481851131S04152875WA0013200155
B1824521851131S04152875WA0013200154
B1824561851131S04152875WA0013200153
B1825001851131S04152876WA0013200152
B1825041851131S04152876WA0013200153
B1825081851131S04152876WA0013200153
B1825121851131S04152875WA0013200153
B1825161851131S04152875WA0013200153
B1825201851131S04152875WA0013200153
B1825241851131S04152875WA0013200152
B1825281851132S04152876WA0013200152
B1825321851132S04152876WA0013200152
B1825361851132S04152875WA0013200152
B1825401851132S04152874WA0013200154
B1825441851132S04152874WA0013200154
B1825481851131S04152873WA0013200155
B1825521851131S04152872WA0013200156
B1825561851131S04152873WA0013200154
B1826001851132S04152873WA0013200155
B1826041851132S04152874WA0013200155
B1826081851132S04152874WA0013200155
B1826121851132S04152875WA0013200154
B1826161851133S04152875WA0013200154
B1826201851132S04152875WA0013200153
B1826241851133S04152875WA0013200152
B1826281851132S04152874WA0013200150
B1826321851132S04152874WA0013200150
B1826361851132S04152873WA0013200150
B1826401851132S04152873WA0013200149
B1826441851132S04152874WA0013200148
B1826481851132S04152874WA0013200146
B1826521851132S04152875WA0013200146
B1826561851132S04152875WA0013200147
B1827001851132S04152876WA0013200147
B1827041851132S04152876WA0013200146
B1827081851132S04152876WA0013200147
B1827121851132S04152876WA0013200146
B1827161851132S04152876WA0013200145
B1827201851132S04152876WA0013200143
B1827241851132S04152876WA0013200142
B1827281851131S04152875WA0013200142
B1827321851131S04152876WA0013200142
B1827361851131S04152876WA0013200142
B1827401851131S04152875WA0013200142
B1827441851131S04152875WA0013200142
B1827481851130S04152874WA0013200144
B1827521851130S04152873WA0013200145
B1827561851130S04152873WA0013200146
B1828001851131S04152873WA0013200148
B1828041851131S04152873WA0013200150
B1828081851131S04152872WA0013200151
B1828121851131S04152872WA0013200152
B1828161851131S04152871WA0013200153
B1828201851131S04152870WA0013200154
B1828241851131S04152870WA0013200155
B1828281851132S04152871WA0013200156
B1828321851132S04152871WA0013200156
B1828361851132S04152872WA0013200155
B1828401851132S04152872WA0013200155
B1828441851132S04152872WA0013200155
B1828481851131S04152872WA0013200155
B1828521851132S04152872WA0013200155
B1828561851132S04152872WA0013200154
B1829001851132S04152872WA0013200154
B1829041851132S04152872WA0013200154
B1829081851132S04152871WA0013200155
B1829121851132S04152871WA0013200155
B1829161851132S04152872WA0013200155
B1829201851132S04152872WA0013200155
B1829241851132S04152873WA0013200154
B1829281851132S04152873WA0013200154
B1829321851133S04152873WA0013200154
B1829361851133S04152873WA0013200153
B1829401851133S04152873WA0013200155
B1829441851133S04152874WA0013200155
B1829481851133S04152874WA0013200154
B1829521851133S04152875WA0013300153
B1829561851133S04152875WA0013300152
B1830001851132S04152875WA0013300151
B1830041851132S04152875WA0013300152
B1830081851132S04152874WA0013300152
B1830121851131S04152874WA0013300152
B1830161851132S04152876WA0013300151
B1830201851132S04152876WA0013300151
B1830241851132S04152876WA0013300150
B1830281851132S04152876WA0013300150
B1830321851132S04152876WA0013200149
B1830361851131S04152876WA0013200149
B1830401851129S04152879WA0013200149
B1830441851128S04152881WA0013200148
B1830481851130S04152884WA0013200148
B1830521851131S04152884WA0013200148
B1830561851130S04152884WA0013200148
B1831001851129S04152882WA0013200148
B1831041851129S04152881WA0013200148
B1831081851129S04152881WA0013200147
B1831121851130S04152882WA0013200147
B1831161851130S04152881WA0013200146
B1831201851130S04152881WA0013200147
B1831241851130S04152881WA0013200149
B1831281851130S04152881WA0013200150
B1831321851129S04152881WA0013200152
B1831361851129S04152881WA0013200153
B1831401851129S04152880WA0013200154
B1831441851128S04152881WA0013200153
B1831481851127S04152882WA0013200154
B1831521851127S04152882WA0013200155
B1831561851127S04152882WA0013200155
B1832001851127S04152882WA0013200156
B1832041851126S04152882WA0013200157
B1832081851126S04152882WA0013200158
B1832121851126S04152882WA0013200158
B1832161851126S04152882WA0013200159
B1832201851125S04152882WA0013200158
B1832241851124S04152883WA0013200157
B1832281851123S04152883WA0013200156
B1832321851123S04152884WA0013200155
B1832361851124S04152884WA0013200154
B1832401851124S04152884WA0013200152
B1832441851124S04152884WA0013200153
B1832481851123S04152883WA0013200154
B1832521851123S04152883WA0013200155
B1832561851124S04152883WA0013200154
B1833001851124S04152883WA0013200153
B1833041851123S04152883WA0013200153
B1833081851124S04152882WA0013200153
B1833121851124S04152882WA0013200152
B1833161851124S04152882WA0013200151
B1833201851124S04152882WA0013200150
B1833241851124S04152882WA0013200147
B1833281851124S04152882WA0013200146
B1833321851124S04152882WA0013200148
B1833361851124S04152882WA0013200148
B1833401851125S04152882WA0013200148
B1833441851125S04152882WA0013200144
B1833481851125S04152882WA0013200141
B1833521851126S04152882WA0013200139
B1833561851127S04152882WA0013200139
B1834001851128S04152882WA0013200141
B1834041851128S04152882WA0013200142
B1834081851127S04152882WA0013200143
B1834121851125S04152881WA0013200147
B1834161851126S04152881WA0013300146
B1834201851125S04152881WA0013200146
B1834241851126S04152882WA0013300147
B1834281851127S04152882WA0013200150
B1834321851127S04152883WA0013200153
B1834361851127S04152882WA0013200153
B1834401851127S04152882WA0013300155
B1834441851128S04152882WA0013300155
B1834481851129S04152882WA0013300154
B1834521851129S04152882WA0013300153
B1834561851129S04152883WA0013300151
B1835001851130S04152884WA0013300148
B1835041851130S04152884WA0013300148
B1835081851131S04152884WA0013300146
B1835121851131S04152884WA0013300149
B1835161851131S04152884WA0013300148
B1835201851131S04152884WA0013300146
B1835241851131S04152884WA0013300144
B1835281851131S04152884WA0013300144
B1835321851130S04152883WA0013300144
B1835361851129S04152883WA0013300144
B1835401851128S04152883WA0013300143
B1835441851129S04152884WA0013300143
B1835481851129S04152884WA0013300143
B1835521851129S04152884WA0013300143
B1835561851129S04152885WA0013300144
B1836001851129S04152884WA0013300145
B1836041851129S04152884WA0013300146
B1836081851128S04152883WA0013300146
B1836121851128S04152883WA0013300147
B1836161851128S04152883WA0013300147
B1836201851128S04152883WA0013300148
B1836241851128S04152883WA0013300148
B1836281851127S04152883WA0013300148
B1836321851128S04152882WA0013300148
B1836361851129S04152882WA0013300148
B1836401851129S04152882WA0013300148
B1836441851129S04152882WA0013300147
B1836481851129S04152882WA0013300146
B1836521851130S04152882WA0013300146
B1836561851130S04152882WA0013300144
B1837001851131S04152883WA0013300143
B1837041851132S04152884WA0013300145
B1837081851132S04152883WA0013300143
B1837121851132S04152884WA0013300147
B1837161851132S04152885WA0013300147
B1837201851132S04152885WA0013300146
B1837241851132S04152884WA0013300146
B1837281851131S04152883WA0013300145
B1837321851131S04152883WA0013300145
B1837361851130S04152883WA0013300146
B1837401851129S04152883WA0013300146
B1837441851129S04152882WA0013300148
B1837481851129S04152882WA0013300151
B1837521851128S04152882WA0013300151
B1837561851128S04152880WA0013300153
B1838001851130S04152873WA0013300152
B1838041851134S04152865WA0013400149
B1838081851137S04152857WA0013400146
B1838121851141S04152851WA0013500146
B1838161851145S04152848WA0013500146
B1838201851146S04152845WA0013500147
B1838241851145S04152843WA0013500146
B1838281851143S04152842WA0013400144
B1838321851142S04152843WA0013400143
B1838361851141S04152844WA0013400142
B1838401851139S04152848WA0013400141
B1838441851137S04152855WA0013400141
B1838481851132S04152865WA0013400141
B1838521851127S04152877WA0013400142
B1838561851122S04152891WA0013400142
B1839001851116S04152906WA0013300142
B1839041851111S04152920WA0013300142
B1839081851104S04152932WA0013300143
B1839121851099S04152947WA0013400143
B1839161851094S04152960WA0013400144
B1839201851087S04152976WA0013400144
B1839241851079S04152992WA0013400145
B1839281851073S04153007WA0013400144
B1839321851067S04153021WA0013400144
B1839361851060S04153033WA0013500144
B1839401851054S04153046WA0013600144
B1839441851046S04153060WA0013500143
B1839481851038S04153072WA0013500144
B1839521851029S04153085WA0013400144
B1839561851022S04153100WA0013400143
B1840001851015S04153115WA0013300144
B1840041851010S04153130WA0013400144
B1840081851010S04153147WA0013400143
B1840121851013S04153167WA0013400142
B1840161851014S04153181WA0013400141
B1840201851012S04153191WA0013400140
B1840241851009S04153203WA0013400139
B1840281851006S04153215WA0013400139
B1840321851002S04153232WA0013300138
B1840361851003S04153247WA0013300136
B1840401851006S04153264WA0013300134
B1840441851008S04153283WA0013300134
B1840481851002S04153301WA0013300134
B1840521850992S04153316WA0013300136
B1840561850981S04153332WA0013400136
B1841001850969S04153349WA0013400136
B1841041850959S04153368WA0013400135
B1841081850951S04153388WA0013400135
B1841121850947S04153406WA0013400136
B1841161850945S04153423WA0013500137
B1841201850944S04153442WA0013600135
B1841241850946S04153460WA0013700134
B1841281850949S04153478WA0013800135
B1841321850958S04153492WA0013900135
B1841361850966S04153502WA0013800133
B1841401850969S04153519WA0013900132
B1841441850977S04153537WA0013800130
B1841481850987S04153555WA0013600128
B1841521850987S04153576WA0013500126
B1841561850982S04153594WA0013400125
B1842001850975S04153610WA0013400122
B1842041850968S04153625WA0013300119
B1842081850961S04153639WA0013300117
B1842121850953S04153655WA0013400116
B1842161850945S04153671WA0013400113
B1842201850939S04153684WA0013400112
B1842241850930S04153698WA0013500114
B1842281850918S04153711WA0013500112
B1842321850907S04153728WA0013400113
B1842361850898S04153749WA0013300112
B1842401850892S04153769WA0013300114
B1842441850889S04153789WA0013300112
B1842481850894S04153814WA0013400113
B1842521850898S04153835WA0013400112
B1842561850895S04153858WA0013500111
B1843001850889S04153878WA0013700112
B1843041850889S04153900WA0014000111
B1843081850894S04153923WA0014200112
B1843121850900S04153950WA0014400112
B1843161850906S04153977WA0014500115
B1843201850913S04154004WA0014500116
B1843241850918S04154030WA0014500117
B1843281850924S04154055WA0014500111
B1843321850927S04154080WA0014600110
B1843361850928S04154106WA0014700107
B1843401850926S04154134WA0014700107
B1843441850927S04154162WA0014700105
B1843481850933S04154194WA0014500105
B1843521850939S04154226WA0014500104
B1843561850943S04154254WA0014600105
B1844001850949S04154281WA0014700105
B1844041850957S04154305WA0014900107
B1844081850969S04154328WA0014900110
B1844121850982S04154352WA0014900110
B1844161850995S04154376WA0014800114
B1844201851007S04154400WA0014700120
B1844241851018S04154422WA0014700124
B1844281851027S04154445WA0014600125
B1844321851036S04154468WA0014500128
B1844361851040S04154492WA0014300129
B1844401851045S04154516WA0014200130
B1844441851051S04154536WA0014200132
B1844481851062S04154554WA0014300133
B1844521851076S04154570WA0014400134
B1844561851090S04154587WA0014500137
B1845001851102S04154604WA0014600140
B1845041851113S04154621WA0014800140
B1845081851127S04154638WA0014900140
B1845121851141S04154656WA0015100142
B1845161851143S04154675WA0015100140
B1845201851139S04154696WA0015100139
B1845241851124S04154712WA0015100141
B1845281851105S04154727WA0014900139
B1845321851090S04154746WA0014800138
B1845361851083S04154771WA0014600142
B1845401851085S04154797WA0014500150
B1845441851088S04154825WA0014400152
B1845481851091S04154854WA0014300152
B1845521851094S04154883WA0014200152
B1845561851097S04154910WA0014100152
B1846001851099S04154937WA0014100151
B1846041851103S04154964WA0014100153
B1846081851106S04154991WA0014000155
B1846121851109S04155018WA0014100155
B1846161851112S04155043WA0014100155
B1846201851117S04155068WA0014100156
B1846241851127S04155093WA0014100157
B1846281851137S04155117WA0014100157
B1846321851151S04155138WA0014100159
B1846361851170S04155156WA0014200160
B1846401851188S04155170WA0014100161
B1846441851207S04155182WA0014100161
B1846481851224S04155192WA0014100163
B1846521851240S04155203WA0014100163
B1846561851251S04155213WA0014100164
B1847001851259S04155222WA0014200163
B1847041851263S04155228WA0014200163
B1847081851265S04155232WA0014200162
B1847121851267S04155234WA0014200162
B1847161851268S04155236WA0014200161
B1847201851267S04155238WA0014200158
B1847241851267S04155239WA0014200156
B1847281851267S04155239WA0014200154
B1847321851266S04155240WA0014200153
B1847361851265S04155241WA0014200152
B1847401851265S04155242WA0014200152
B1847441851264S04155243WA0014200152
B1847481851264S04155244WA0014200152
B1847521851263S04155244WA0014200152
B1847561851263S04155244WA0014200151
B1848001851264S04155245WA0014200151
B1848041851264S04155245WA0014200150
B1848081851264S04155245WA0014200151
B1848121851263S04155245WA0014200152
B1848161851263S04155246WA0014200152
B1848201851263S04155245WA0014200152
B1848241851263S04155245WA0014200153
B1848281851263S04155245WA0014200154
B1848321851263S04155246WA0014200155
B1848361851262S04155246WA0014200155
B1848401851263S04155246WA0014200156
B1848441851263S04155246WA0014200157
B1848481851264S04155246WA0014200156
B1848521851264S04155245WA0014200156
B1848561851264S04155244WA0014200156
B1849001851264S04155245WA0014200157
B1849041851264S04155244WA0014200158
B1849081851265S04155244WA0014200158
B1849121851265S04155244WA0014200158
B1849161851264S04155244WA0014200158
B1849201851264S04155244WA0014200157
B1849241851264S04155244WA0014200157
B1849281851265S04155244WA0014100155
B1849321851265S04155244WA0014200156
B1849361851265S04155244WA0014200157
B1849401851264S04155244WA0014200157
B1849441851264S04155244WA0014200158
B1849481851264S04155244WA0014200158
B1849521851264S04155244WA0014200158
B1849561851265S04155244WA0014200157
B1850001851265S04155244WA0014200157
B1850041851265S04155244WA0014200157
B1850081851265S04155244WA0014200157
B1850121851265S04155243WA0014200157
B1850161851265S04155244WA0014200157
B1850201851266S04155243WA0014200157
B1850241851266S04155243WA0014200157
B1850281851266S04155243WA0014200157
B1850321851266S04155243WA0014200157
B1850361851266S04155243WA0014200159
B1850401851266S04155243WA0014200158
B1850441851266S04155243WA0014200158
B1850481851266S04155243WA0014200159
B1850521851266S04155243WA0014200159
B1850561851266S04155243WA0014200161
B1851001851265S04155243WA0014200161
B1851041851265S04155244WA0014200162
B1851081851265S04155244WA0014200163
B1851121851265S04155244WA0014200163
B1851161851265S04155244WA0014200163
B1851201851265S04155244WA0014200163
B1851241851265S04155244WA0014200164
B1851281851265S04155245WA0014200165
B1851321851265S04155244WA0014200165
B1851361851266S04155245WA0014200166
B1851401851265S04155244WA0014200163
B1851441851266S04155243WA0014200162
B1851481851265S04155244WA0014200162
B1851521851265S04155244WA0014200162
B1851561851265S04155243WA0014200160
B1852001851265S04155242WA0014200159
B1852041851265S04155241WA0014200157
B1852081851265S04155241WA0014200155
B1852121851266S04155240WA0014200154
B1852161851265S04155242WA0014200156
B1852201851266S04155242WA0014200159
B1852241851266S04155243WA0014200161
B1852281851266S04155244WA0014200163
B1852321851265S04155244WA0014200163
B1852361851265S04155244WA0014200164
B1852401851265S04155244WA0014200162
B1852441851265S04155244WA0014200162
B1852481851265S04155244WA0014200161
B1852521851265S04155244WA0014200161
B1852561851265S04155245WA0014300161
B1853001851265S04155244WA0014200160
B1853041851265S04155244WA0014100159
B1853081851264S04155244WA0014200160
B1853121851265S04155244WA0014100160
B1853161851265S04155244WA0014200160
B1853201851265S04155243WA0014200160
B1853241851265S04155244WA0014200160
B1853281851265S04155244WA0014200160
B1853321851265S04155244WA0014200161
B1853361851265S04155244WA0014200162
B1853401851266S04155244WA0014200164
B1853441851267S04155245WA0014200162
B1853481851268S04155248WA0014200161
B1853521851268S04155247WA0014200160
B1853561851269S04155247WA0014200160
B1854001851269S04155247WA0014200161
B1854041851270S04155247WA0014200160
B1854081851270S04155247WA0014200160
B1854121851270S04155248WA0014200157
B1854161851270S04155248WA0014200156
B1854201851270S04155248WA0014200155
B1854241851269S04155248WA0014200154
B1854281851269S04155248WA0014200155
B1854321851269S04155248WA0014200154
B1854361851268S04155248WA0014200154
B1854401851268S04155247WA0014200154
B1854441851268S04155248WA0014200153
B1854481851268S04155248WA0014200154
B1854521851269S04155247WA0014200156
B1854561851269S04155247WA0014200156
B1855001851269S04155248WA0014200156
B1855041851269S04155248WA0014200156
B1855081851269S04155248WA0014200155
B1855121851269S04155249WA0014200154
B1855161851268S04155249WA0014200154
B1855201851269S04155249WA0014200153
B1855241851269S04155249WA0014200153
B1855281851270S04155248WA0014200154
B1855321851269S04155248WA0014200153
B1855361851270S04155248WA0014200153
B1855401851270S04155248WA0014200152
B1855441851270S04155248WA0014200152
B1855481851270S04155248WA0014200152
B1855521851270S04155248WA0014200153
B1855561851269S04155248WA0014200154
B1856001851269S04155248WA0014200153
B1856041851269S04155249WA0014200154
B1856081851269S04155250WA0014200154
B1856121851269S04155249WA0014200154
B1856161851268S04155249WA0014200155
B1856201851268S04155249WA0014200156
B1856241851268S04155249WA0014200156
B1856281851268S04155249WA0014200157
B1856321851268S04155248WA0014200157
B1856361851268S04155248WA0014200158
B1856401851268S04155248WA0014200159
B1856441851268S04155248WA0014100159
B1856481851268S04155248WA0014200159
B1856521851268S04155248WA0014200159
B1856561851268S04155248WA0014200160
B1857001851268S04155248WA0014200160
B1857041851268S04155247WA0014200160
B1857081851268S04155247WA0014200160
B1857121851268S04155247WA0014200161
B1857161851268S04155247WA0014200161
B1857201851268S04155247WA0014200162
B1857241851268S04155247WA0014200162
B1857281851268S04155247WA0014200163
B1857321851268S04155247WA0014200162
B1857361851268S04155248WA0014200161
B1857401851269S04155248WA0014200162
B1857441851269S04155248WA0014200162
B1857481851269S04155248WA0014200162
B1857521851269S04155248WA0014200162
B1857561851269S04155248WA0014200163
B1858001851269S04155248WA0014200163
B1858041851269S04155248WA0014200162
B1858081851269S04155248WA0014200161
B1858121851269S04155248WA0014200160
B1858161851269S04155248WA0014200160
B1858201851269S04155248WA0014200160
B1858241851269S04155248WA0014200160
B1858281851269S04155248WA0014200160
B1858321851268S04155248WA0014200160
B1858361851268S04155248WA0014200160
B1858401851268S04155248WA0014200159
B1858441851268S04155248WA0014200159
B1858481851269S04155248WA0014200159
B1858521851269S04155248WA0014200160
B1858561851269S04155248WA0014200160
B1859001851269S04155248WA0014200160
B1859041851269S04155248WA0014200160
B1859081851269S04155248WA0014200160
B1859121851269S04155248WA0014200159
B1859161851269S04155248WA0014200159
B1859201851269S04155248WA0014200159
B1859241851269S04155248WA0014200158
B1859281851269S04155248WA0014200158
B1859321851269S04155248WA0014200158
B1859361851269S04155248WA0014200158
B1859401851268S04155248WA0014200157
B1859441851268S04155248WA0014200156
B1859481851268S04155248WA0014200155
B1859521851268S04155247WA0014200156
B1859561851268S04155249WA0014200156
B1900001851268S04155248WA0014200156
B1900041851267S04155249WA0014200155
B1900081851268S04155248WA0014200153
B1900121851268S04155248WA0014200153
B1900161851268S04155249WA0014200152
B1900201851268S04155249WA0014200152
B1900241851269S04155249WA0014200152
B1900281851269S04155248WA0014200153
B1900321851269S04155247WA0014200154
B1900361851269S04155247WA0014200154
B1900401851269S04155248WA0014200156
B1900441851269S04155248WA0014200157
B1900481851268S04155249WA0014200157
B1900521851269S04155249WA0014200157
B1900561851269S04155249WA0014200157
B1901001851269S04155249WA0014200156
B1901041851269S04155249WA0014200156
B1901081851269S04155249WA0014200156
B1901121851269S04155248WA0014200156
B1901161851269S04155248WA0014200157
B1901201851269S04155248WA0014200157
B1901241851269S04155249WA0014200157
B1901281851269S04155249WA0014200158
B1901321851269S04155248WA0014200159
B1901361851269S04155249WA0014200159
B1901401851269S04155249WA0014200159
B1901441851269S04155250WA0014200159
B1901481851269S04155250WA0014200159
B1901521851269S04155250WA0014200160
B1901561851268S04155250WA0014200161
B1902001851268S04155249WA0014200161
B1902041851268S04155249WA0014200162
B1902081851267S04155249WA0014200161
B1902121851267S04155249WA0014200161
B1902161851268S04155248WA0014200160
B1902201851268S04155248WA0014200159
B1902241851268S04155248WA0014200159
B1902281851268S04155247WA0014200161
B1902321851268S04155247WA0014200161
B1902361851268S04155247WA0014200161
B1902401851268S04155248WA0014200163
B1902441851268S04155248WA0014200163
B1902481851268S04155248WA0014200164
B1902521851268S04155248WA0014200163
B1902561851267S04155249WA0014200164
B1903001851267S04155249WA0014200164
B1903041851267S04155248WA0014200165
B1903081851267S04155248WA0014200164
B1903121851268S04155248WA0014200164
B1903161851267S04155248WA0014200165
B1903201851267S04155248WA0014200166
B1903241851267S04155247WA0014200165
B1903281851267S04155248WA0014200165
B1903321851268S04155248WA0014200164
B1903361851267S04155248WA0014200163
B1903401851267S04155248WA0014200163
B1903441851267S04155248WA0014200164
B1903481851267S04155249WA0014200163
B1903521851267S04155249WA0014200164
B1903561851267S04155249WA0014200162
B1904001851268S04155248WA0014200161
B1904041851268S04155248WA0014200160
B1904081851269S04155247WA0014200160
B1904121851270S04155247WA0014200161
B1904161851269S04155247WA0014100161
B1904201851270S04155247WA0014200159
B1904241851270S04155246WA0014100159
B1904281851270S04155246WA0014200158
B1904321851271S04155248WA0014200157
B1904361851271S04155248WA0014100157
B1904401851272S04155248WA0014100154
B1904441851271S04155248WA0014100155
B1904481851271S04155249WA0014100158
B1904521851271S04155248WA0014100159
B1904561851270S04155249WA0014100160
B1905001851270S04155249WA0014200161
B1905041851270S04155249WA0014100161
B1905081851269S04155249WA0014100161
B1905121851269S04155249WA0014100161
B1905161851269S04155250WA0014100161
B1905201851269S04155250WA0014100160
B1905241851270S04155249WA0014100160
B1905281851272S04155248WA0014200161
B1905321851272S04155248WA0014200160
B1905361851272S04155247WA0014200158
B1905401851272S04155247WA0014200158
B1905441851272S04155246WA0014200158
B1905481851271S04155246WA0014200156
B1905521851271S04155246WA0014200156
B1905561851271S04155246WA0014100155
B1906001851270S04155246WA0014200153
B1906041851270S04155246WA0014200153
B1906081851271S04155246WA0014100153
B1906121851271S04155246WA0014200152
B1906161851271S04155247WA0014200153
B1906201851271S04155247WA0014200155
B1906241851271S04155247WA0014200155
B1906281851270S04155247WA0014200157
B1906321851270S04155247WA0014100157
B1906361851269S04155247WA0014100158
B1906401851270S04155246WA0014100160
B1906441851273S04155250WA0014200161
B1906481851274S04155264WA0014300161
B1906521851277S04155285WA0014400163
B1906561851281S04155306WA0014600164
B1907001851288S04155326WA0014700163
B1907041851307S04155333WA0014800169
B1907081851332S04155342WA0014900172
B1907121851361S04155353WA0015000175
B1907161851388S04155364WA0015100176
B1907201851417S04155380WA0015200177
B1907241851449S04155393WA0015200177
B1907281851482S04155396WA0015100176
B1907321851514S04155399WA0014900180
B1907361851545S04155403WA0014800178
B1907401851576S04155404WA0014900180
B1907441851606S04155408WA0015000180
B1907481851633S04155419WA0015000181
B1907521851653S04155442WA0015200182
B1907561851668S04155469WA0015300185
B1908001851679S04155503WA0015400185
B1908041851697S04155539WA0015400181
B1908081851716S04155573WA0015400179
B1908121851734S04155606WA0015300178
B1908161851754S04155634WA0015300175
B1908201851771S04155659WA0015300172
B1908241851790S04155685WA0015400169
B1908281851806S04155707WA0015400169
B1908321851816S04155722WA0015300168
B1908361851819S04155729WA0015300164
B1908401851825S04155737WA0015300160
B1908441851835S04155750WA0015400157
B1908481851849S04155764WA0015500158
B1908521851860S04155780WA0015500161
B1908561851872S04155795WA0015600160
B1909001851888S04155813WA0015800161
B1909041851907S04155831WA0015900159
B1909081851923S04155851WA0016000158
B1909121851940S04155872WA0016100156
B1909161851962S04155887WA0016100157
B1909201851987S04155905WA0016000157
B1909241852013S04155925WA0016000156
B1909281852041S04155942WA0015900158
B1909321852070S04155955WA0015900158
B1909361852098S04155965WA0015800157
B1909401852123S04155970WA0015700155
B1909441852147S04155975WA0015700154
B1909481852170S04155982WA0015900152
B1909521852192S04155989WA0016300149
B1909561852210S04155998WA0016600147
B1910001852224S04156009WA0016500148
B1910041852240S04156025WA0016400148
B1910081852265S04156035WA0016300149
B1910121852287S04156044WA0016100150
B1910161852297S04156048WA0016000151
B1910201852311S04156052WA0016000149
B1910241852331S04156057WA0015900151
B1910281852342S04156062WA0015700151
B1910321852354S04156065WA0015700150
B1910361852369S04156071WA0015700148
B1910401852390S04156077WA0015700151
B1910441852410S04156083WA0015900161
B1910481852435S04156082WA0016000166
B1910521852457S04156078WA0016200171
B1910561852475S04156079WA0016100176
B1911001852489S04156084WA0016000178
B1911041852497S04156093WA0016000183
B1911081852505S04156104WA0016000186
B1911121852505S04156123WA0016000186
B1911161852499S04156147WA0015900183
B1911201852492S04156168WA0015700187
B1911241852484S04156189WA0015500187
B1911281852482S04156209WA0015300186
B1911321852485S04156233WA0015100185
B1911361852490S04156256WA0015100187
B1911401852501S04156280WA0015000187
B1911441852512S04156305WA0015000185
B1911481852530S04156325WA0014900183
B1911521852545S04156346WA0014900181
B1911561852559S04156367WA0015100180
B1912001852573S04156387WA0015300175
B1912041852588S04156405WA0015300173
B1912081852599S04156419WA0015300169
B1912121852608S04156430WA0015200167
B1912161852622S04156443WA0015100165
B1912201852637S04156458WA0015000167
B1912241852654S04156475WA0014900165
B1912281852670S04156492WA0014800163
B1912321852685S04156503WA0014800159
B1912361852700S04156511WA0014800157
B1912401852709S04156517WA0014900162
B1912441852718S04156524WA0014900168
B1912481852730S04156534WA0015000169
B1912521852744S04156544WA0015000172
B1912561852760S04156552WA0015000176
B1913001852778S04156562WA0015000177
B1913041852798S04156574WA0015100179
B1913081852818S04156586WA0015100177
B1913121852839S04156600WA0015100177
B1913161852857S04156614WA0015100176
B1913201852877S04156629WA0015100174
B1913241852889S04156643WA0015000172
B1913281852899S04156661WA0014800168
B1913321852903S04156674WA0014700165
B1913361852905S04156694WA0014800164
B1913401852911S04156715WA0014800162
B1913441852924S04156725WA0014800157
B1913481852939S04156737WA0014900154
B1913521852960S04156744WA0014900152
B1913561852983S04156753WA0015000150
B1914001853009S04156761WA0015000151
B1914041853033S04156767WA0014900150
B1914081853055S04156772WA0014800146
B1914121853073S04156778WA0014900146
B1914161853085S04156795WA0015000145
B1914201853087S04156818WA0015000147
B1914241853081S04156838WA0014900147
B1914281853073S04156850WA0014900145
B1914321853068S04156861WA0014900142
B1914361853060S04156880WA0014900140
B1914401853052S04156906WA0014900135
B1914441853048S04156932WA0014900134
B1914481853045S04156954WA0014900133
B1914521853043S04156977WA0015000134
B1914561853036S04157005WA0015000136
B1915001853030S04157032WA0015000137
B1915041853023S04157057WA0015000139
B1915081853017S04157080WA0015000143
B1915121853012S04157099WA0015000146
B1915161853008S04157120WA0015000148
B1915201853005S04157138WA0014900149
B1915241853004S04157148WA0014900149
B1915281853003S04157155WA0014900149
B1915321853000S04157168WA0014900150
B1915361852997S04157184WA0015000153
B1915401852993S04157200WA0015000154
B1915441852988S04157219WA0015000156
B1915481852984S04157237WA0014900157
B1915521852980S04157257WA0015000160
B1915561852974S04157278WA0014900160
B1916001852969S04157303WA0014800162
B1916041852964S04157328WA0014800162
B1916081852957S04157354WA0014800164
B1916121852950S04157384WA0014700163
B1916161852941S04157411WA0014700163
B1916201852932S04157436WA0014700164
B1916241852921S04157462WA0014600165
B1916281852910S04157483WA0014600166
B1916321852898S04157503WA0014600166
B1916361852883S04157524WA0014700169
B1916401852865S04157546WA0014700168
B1916441852846S04157567WA0014900168
B1916481852823S04157584WA0015000169
B1916521852799S04157604WA0015200172
B1916561852775S04157628WA0015400173
B1917001852750S04157651WA0015500177
B1917041852730S04157668WA0015500183
B1917081852716S04157669WA0015500186
B1917121852702S04157659WA0015400186
B1917161852688S04157656WA0015300185
B1917201852677S04157665WA0015400182
B1917241852670S04157678WA0015500178
B1917281852660S04157680WA0015600177
B1917321852644S04157673WA0015600175
B1917361852627S04157659WA0015400177
B1917401852602S04157641WA0015300177
B1917441852580S04157625WA0015300177
B1917481852559S04157608WA0015200177
B1917521852544S04157599WA0015100177
B1917561852536S04157593WA0015000178
B1918001852529S04157587WA0015000177
B1918041852524S04157581WA0015000175
B1918081852524S04157579WA0015000173
B1918121852523S04157579WA0015000170
B1918161852526S04157580WA0015000171
B1918201852527S04157582WA0015000167
B1918241852525S04157583WA0015000163
B1918281852525S04157585WA0015000165
B1918321852527S04157589WA0015000167
B1918361852528S04157593WA0015000168
B1918401852528S04157596WA0015000171
B1918441852528S04157595WA0015000175
B1918481852527S04157595WA0015000180
B1918521852516S04157586WA0015100183
B1918561852494S04157570WA0015200186
B1919001852468S04157550WA0015200189
B1919041852440S04157531WA0015200190
B1919081852411S04157512WA0015200194
B1919121852382S04157493WA0015200196
B1919161852352S04157472WA0015100198
B1919201852317S04157451WA0015200198
B1919241852282S04157427WA0015200200
B1919281852249S04157405WA0015200201
B1919321852219S04157385WA0015100204
B1919361852192S04157363WA0015100206
B1919401852167S04157346WA0015100207
B1919441852140S04157330WA0015100208
B1919481852123S04157318WA0015000209
B1919521852109S04157309WA0015000211
B1919561852102S04157302WA0014900211
B1920001852100S04157303WA0014900209
B1920041852101S04157303WA0014900207
B1920081852101S04157304WA0014900206
B1920121852102S04157304WA0014900204
B1920161852102S04157305WA0014900203
B1920201852102S04157304WA0014900201
B1920241852102S04157304WA0014900201
B1920281852102S04157304WA0014900199
B1920321852103S04157303WA0014900199
B1920361852103S04157303WA0014900200
B1920401852103S04157303WA0014900201
B1920441852103S04157303WA0014900201
B1920481852101S04157301WA0014900202
B1920521852092S04157295WA0015000200
B1920561852079S04157287WA0014900199
B1921001852062S04157274WA0014900198
B1921041852046S04157260WA0014800197
B1921081852030S04157249WA0014700198
B1921121852019S04157232WA0014500197
B1921161852006S04157214WA0014400195
B1921201851989S04157198WA0014400193
B1921241851976S04157185WA0014300191
B1921281851966S04157176WA0014400189
B1921321851951S04157167WA0014400189
B1921361851935S04157156WA0014400190
B1921401851922S04157142WA0014400190
B1921441851905S04157128WA0014400189
B1921481851887S04157111WA0014400184
B1921521851869S04157094WA0014400182
B1921561851850S04157077WA0014400181
B1922001851833S04157060WA0014500180
B1922041851817S04157046WA0014500181
B1922081851803S04157032WA0014700180
B1922121851790S04157018WA0014800180
B1922161851774S04157007WA0014900181
B1922201851757S04156993WA0014900181
B1922241851745S04156979WA0014800181
B1922281851741S04156970WA0014900182
B1922321851747S04156960WA0014900181
B1922361851752S04156955WA0014900181
B1922401851755S04156952WA0014900180
B1922441851756S04156951WA0014900178
B1922481851756S04156951WA0014900177
B1922521851756S04156951WA0014900175
B1922561851757S04156951WA0014900172
B1923001851757S04156952WA0014900169
B1923041851758S04156952WA0014900166
B1923081851758S04156951WA0014900165
B1923121851758S04156951WA0014900166
B1923161851759S04156949WA0014900168
B1923201851763S04156942WA0014900173
B1923241851769S04156931WA0014900173
B1923281851765S04156919WA0014900175
B1923321851753S04156904WA0015000176
B1923361851738S04156889WA0015000176
B1923401851727S04156877WA0014900175
B1923441851727S04156868WA0015000173
B1923481851738S04156856WA0015100171
B1923521851747S04156843WA0015100170
B1923561851757S04156829WA0015100166
B1924001851763S04156819WA0015100165
B1924041851768S04156810WA0015100163
B1924081851770S04156799WA0015300161
B1924121851773S04156787WA0015400160
B1924161851769S04156769WA0015200159
B1924201851760S04156751WA0014900155
B1924241851751S04156737WA0014800155
B1924341851738S04156709WA0014900155
B1924431851733S04156713WA0014900162
B1924471851726S04156718WA0014800161
B1924511851719S04156723WA0014800160
B1924551851710S04156731WA0014800160
B1924591851709S04156734WA0014800160
B1925031851706S04156738WA0014800160
B1925071851701S04156740WA0014800160
B1925111851699S04156741WA0014800160
B1925151851680S04156735WA0014900160
B1925191851659S04156721WA0014900160
B1925231851649S04156712WA0014800159
B1925271851645S04156710WA0014800160
B1925311851644S04156704WA0014800160
B1925351851645S04156687WA0014500154
B1925391851646S04156666WA0014100149
B1925431851654S04156652WA0013900143
B1925471851655S04156643WA0014000139
B1925511851652S04156630WA0014000138
B1925551851644S04156617WA0014000137
B1925591851636S04156607WA0013900134
B1926031851630S04156595WA0014000132
B1926071851613S04156576WA0014000131
B1926111851596S04156557WA0013900129
B1926151851584S04156539WA0013900130
B1926191851575S04156533WA0013900128
B1926231851569S04156531WA0013800131
B1926271851557S04156533WA0013800147
B1926311851552S04156532WA0013800149
B1926351851547S04156532WA0013800153
B1926391851543S04156533WA0013800156
B1926431851542S04156532WA0013800158
B1926471851540S04156532WA0013800160
B1926511851540S04156532WA0013800161
B1926551851540S04156532WA0013800163
B1926591851539S04156532WA0013800163
B1927031851538S04156533WA0013800164
B1927071851538S04156533WA0013800165
B1927111851537S04156533WA0013800164
B1927151851537S04156533WA0013800165
B1927191851536S04156533WA0013800163
B1927231851536S04156533WA0013800161
B1927271851535S04156533WA0013800161
B1927311851534S04156533WA0013800162
B1927351851533S04156531WA0013800162
B1927391851532S04156530WA0013900162
B1927431851530S04156528WA0013800161
B1927471851528S04156527WA0013800161
B1927511851527S04156526WA0013900162
B1927551851525S04156525WA0013900162
B1927591851523S04156526WA0013900162
B1928031851523S04156526WA0013900162
B1928071851523S04156526WA0013900161
B1928111851523S04156524WA0013900160
B1928151851522S04156522WA0013900159
B1928191851520S04156521WA0013900159
B1928231851519S04156522WA0013900159
B1928271851519S04156523WA0013900157
B1928311851518S04156524WA0013800157
B1928351851518S04156526WA0013900157
B1928391851518S04156528WA0013900156
B1928431851517S04156530WA0013900158
B1928471851517S04156532WA0013900158
B1928511851517S04156535WA0013900159
B1928551851517S04156537WA0014000160
B1928591851517S04156539WA0014000161
B1929031851517S04156541WA0014100161
B1929071851518S04156543WA0014200162
B1929111851518S04156544WA0014200165
B1929151851519S04156546WA0014200166
B1929191851519S04156547WA0014300168
B1929231851519S04156549WA0014300168
B1929271851519S04156550WA0014400169
B1929311851520S04156551WA0014400168
B1929351851521S04156552WA0014500168
B1929391851522S04156553WA0014500168
B1929431851523S04156554WA0014500169
B1929471851524S04156555WA0014500169
B1929511851524S04156556WA0014500169
B1929551851524S04156557WA0014600169
B1929591851524S04156559WA0014600169
B1930001851523S04156559WA0014600169
