AXFMSFP Flymaster Live, V1.0, S/N 997965
HFDTE240426
HFPLTPILOTINCHARGE:Juan Carlos Moran
B1220391853197S04154954WA0099801096
B1220431853197S04154955WA0099801097
B1220471853197S04154954WA0099801097
B1220511853197S04154954WA0099801098
B1220551853197S04154954WA0099801098
B1220591853197S04154954WA0099801099
B1221031853197S04154953WA0099801099
B1221071853197S04154953WA0099801099
B1221111853197S04154952WA0099801100
B1221151853197S04154952WA0099801100
B1221191853197S04154952WA0099801100
B1221231853197S04154952WA0099801100
B1221271853198S04154952WA0099801101
B1221311853198S04154952WA0099801101
B1221351853198S04154952WA0099801101
B1221391853198S04154952WA0099801101
B1221431853198S04154952WA0099801101
B1221471853198S04154952WA0099801101
B1221511853198S04154952WA0099801100
B1221551853198S04154952WA0099801100
B1221591853198S04154952WA0099801099
B1222031853198S04154952WA0099801100
B1222071853198S04154952WA0099801099
B1222111853198S04154952WA0099801099
B1222151853198S04154951WA0099801099
B1222191853198S04154951WA0099801099
B1222231853198S04154951WA0099801099
B1222271853198S04154951WA0099801099
B1222311853198S04154951WA0099801099
B1222351853197S04154951WA0099801099
B1222391853197S04154951WA0099801098
B1222431853197S04154951WA0099801098
B1222471853197S04154951WA0099801098
B1222511853197S04154950WA0099801099
B1222551853197S04154950WA0099801099
B1222591853197S04154950WA0099801099
B1223031853197S04154950WA0099801099
B1223071853197S04154950WA0099801099
B1223111853197S04154950WA0099801099
B1223151853196S04154950WA0099801099
B1223191853196S04154949WA0099801099
B1223231853196S04154949WA0099801099
B1223271853196S04154949WA0099801099
B1223311853196S04154949WA0099801099
B1223351853196S04154949WA0099801099
B1223391853196S04154949WA0099801099
B1223431853196S04154949WA0099801098
B1223471853196S04154949WA0099801098
B1223511853196S04154949WA0099801098
B1223551853196S04154949WA0099801098
B1223591853196S04154949WA0099801098
B1224031853196S04154949WA0099801098
B1224071853196S04154949WA0099801097
B1224111853196S04154949WA0099801097
B1224151853196S04154949WA0099801097
B1224191853196S04154949WA0099801097
B1224231853196S04154949WA0099801097
B1224271853196S04154949WA0099801097
B1224311853196S04154949WA0099801096
B1224351853196S04154949WA0099801095
B1224391853196S04154949WA0099801095
B1224431853196S04154949WA0099801095
B1224471853196S04154949WA0099801095
B1224511853196S04154949WA0099801095
B1224551853197S04154949WA0099801095
B1224591853197S04154949WA0099801096
B1225031853197S04154949WA0099801096
B1225071853197S04154949WA0099801096
B1225111853197S04154949WA0099801096
B1225151853197S04154949WA0099801096
B1225191853197S04154949WA0099801096
B1225231853197S04154949WA0099801096
B1225271853197S04154949WA0099801096
B1225311853197S04154949WA0099801096
B1225351853196S04154949WA0099801095
B1225391853196S04154949WA0099801095
B1225431853196S04154949WA0099801095
B1225471853196S04154949WA0099801095
B1225511853196S04154949WA0099801095
B1225551853196S04154949WA0099801095
B1225591853196S04154949WA0099801095
B1226031853196S04154949WA0099801095
B1226071853196S04154949WA0099801096
B1226111853196S04154949WA0099801096
B1226151853196S04154949WA0099801095
B1226191853196S04154949WA0099801095
B1226231853196S04154949WA0099801095
B1226271853196S04154949WA0099801095
B1226311853197S04154949WA0099801095
B1226351853197S04154949WA0099801095
B1226391853197S04154949WA0099801095
B1226431853197S04154949WA0099801094
B1226471853197S04154949WA0099801094
B1226511853197S04154949WA0099801094
B1226551853197S04154950WA0099801094
B1226591853197S04154950WA0099801093
B1227031853197S04154950WA0099801094
B1227071853197S04154950WA0099801094
B1227111853197S04154950WA0099801094
B1227151853197S04154950WA0099801094
B1227191853197S04154950WA0099801094
B1227231853197S04154950WA0099801094
B1227271853197S04154950WA0099801094
B1227311853197S04154950WA0099801094
B1227351853197S04154950WA0099801094
B1227391853197S04154950WA0099801094
B1227431853197S04154950WA0099801094
B1227471853197S04154950WA0099801095
B1227511853197S04154950WA0099801094
B1227551853197S04154950WA0099801095
B1227591853197S04154950WA0099801095
B1228031853197S04154950WA0099801096
B1228071853197S04154950WA0099801096
B1228111853197S04154950WA0099801096
B1228151853197S04154950WA0099801095
B1228191853197S04154950WA0099801095
B1228231853197S04154950WA0099801095
B1228271853197S04154950WA0099801094
B1228311853197S04154950WA0099801094
B1228351853197S04154950WA0099801094
B1228391853197S04154950WA0099801094
B1228431853197S04154950WA0099801094
B1228471853197S04154950WA0099801094
B1228511853197S04154950WA0099801094
B1228551853197S04154950WA0099801095
B1228591853198S04154950WA0099801095
B1229031853197S04154950WA0099801094
B1229071853197S04154950WA0099801094
B1229111853197S04154950WA0099801094
B1229151853197S04154950WA0099801094
B1229191853197S04154950WA0099801093
B1229231853197S04154950WA0099801093
B1229271853197S04154950WA0099801093
B1229311853197S04154950WA0099801093
B1229351853197S04154950WA0099801093
B1229391853197S04154950WA0099801093
B1229431853197S04154950WA0099801092
B1229471853197S04154950WA0099801092
B1229511853197S04154950WA0099801092
B1229551853197S04154950WA0099801092
B1229591853197S04154950WA0099801091
B1230031853197S04154950WA0099801091
B1230071853197S04154950WA0099801091
B1230111853197S04154950WA0099801091
B1230151853197S04154950WA0099801091
B1230191853197S04154950WA0099801092
B1230231853197S04154950WA0099801092
B1230271853197S04154950WA0099801092
B1230311853197S04154950WA0099801092
B1230351853197S04154950WA0099801092
B1230391853197S04154950WA0099801092
B1230431853197S04154950WA0099801093
B1230471853197S04154950WA0099801093
B1230511853197S04154950WA0099801093
B1230551853197S04154950WA0099801093
B1230591853197S04154950WA0099801093
B1231031853197S04154950WA0099801093
B1231071853197S04154950WA0099801092
B1231111853197S04154950WA0099801092
B1231151853197S04154950WA0099801091
B1231191853197S04154950WA0099801091
B1231231853197S04154950WA0099801091
B1231271853197S04154950WA0099801092
B1231311853197S04154950WA0099801092
B1231351853196S04154950WA0099801092
B1231391853196S04154950WA0099801093
B1231431853196S04154950WA0099801092
B1231471853196S04154950WA0099801092
B1231511853196S04154950WA0099801091
B1231551853196S04154950WA0099801091
B1231591853196S04154950WA0099801090
B1232031853197S04154950WA0099801090
B1232071853197S04154950WA0099801089
B1232111853197S04154950WA0099801090
B1232151853197S04154950WA0099801090
B1232191853197S04154950WA0099801090
B1232231853197S04154950WA0099801090
B1232271853197S04154950WA0099801090
B1232311853197S04154950WA0099801091
B1232351853197S04154950WA0099801091
B1232391853197S04154950WA0099801091
B1232431853197S04154950WA0099801092
B1232471853197S04154950WA0099801092
B1232511853197S04154950WA0099701093
B1232551853197S04154950WA0099801093
B1232591853197S04154951WA0099801093
B1233031853196S04154951WA0099801093
B1233071853196S04154951WA0099801093
B1233111853196S04154951WA0099801092
B1233151853197S04154951WA0099801091
B1233191853197S04154951WA0099801091
B1233231853197S04154951WA0099801091
B1233271853197S04154951WA0099801091
B1233311853197S04154951WA0099801091
B1233351853197S04154951WA0099801090
B1233391853197S04154951WA0099801091
B1233431853197S04154951WA0099801091
B1233471853197S04154951WA0099801091
B1233511853197S04154951WA0099801090
B1233551853197S04154951WA0099801091
B1233591853197S04154951WA0099801091
B1234031853197S04154951WA0099801091
B1234071853197S04154951WA0099801090
B1234111853197S04154951WA0099801090
B1234151853197S04154951WA0099801089
B1234191853197S04154952WA0099801090
B1234231853198S04154952WA0099801090
B1234271853198S04154952WA0099801090
B1234311853198S04154952WA0099801090
B1234351853198S04154952WA0099801090
B1234391853198S04154952WA0099801090
B1234431853198S04154952WA0099801090
B1234471853198S04154952WA0099801090
B1234511853198S04154952WA0099801090
B1234551853198S04154952WA0099801090
B1234591853198S04154952WA0099801090
B1235031853198S04154951WA0099801090
B1235071853198S04154951WA0099801090
B1235111853198S04154951WA0099801090
B1235151853198S04154951WA0099801090
B1235191853198S04154951WA0099801091
B1235231853198S04154951WA0099801091
B1235271853198S04154951WA0099801091
B1235311853198S04154951WA0099801092
B1235351853198S04154951WA0099801092
B1235391853198S04154951WA0099801092
B1235431853198S04154951WA0099801092
B1235471853198S04154951WA0099701093
B1235511853198S04154951WA0099801093
B1235551853198S04154951WA0099801093
B1235591853198S04154951WA0099801093
B1236031853198S04154951WA0099801093
B1236071853198S04154951WA0099801093
B1236111853198S04154951WA0099801093
B1236151853198S04154951WA0099801093
B1236191853198S04154951WA0099801093
B1236231853197S04154951WA0099801094
B1236271853197S04154951WA0099801094
B1236311853197S04154952WA0099801093
B1236351853197S04154952WA0099801092
B1236391853197S04154952WA0099801091
B1236431853197S04154952WA0099801090
B1236471853197S04154952WA0099801090
B1236511853197S04154952WA0099801090
B1236551853198S04154952WA0099801090
B1236591853198S04154951WA0099801090
B1237031853197S04154951WA0099801089
B1237071853197S04154951WA0099801088
B1237111853197S04154951WA0099801088
B1237151853197S04154951WA0099801087
B1237191853197S04154951WA0099801087
B1237231853197S04154951WA0099801086
B1237271853197S04154951WA0099801086
B1237311853197S04154951WA0099801086
B1237351853197S04154951WA0099801085
B1237391853197S04154951WA0099801085
B1237431853197S04154951WA0099801086
B1237471853197S04154951WA0099801085
B1237511853198S04154951WA0099801085
B1237551853197S04154951WA0099801085
B1237591853198S04154951WA0099801085
B1238031853198S04154951WA0099801085
B1238071853198S04154951WA0099801086
B1238111853197S04154951WA0099801086
B1238151853197S04154951WA0099801086
B1238191853197S04154951WA0099801087
B1238231853197S04154951WA0099801087
B1238271853197S04154951WA0099801087
B1238311853197S04154951WA0099801087
B1238351853197S04154951WA0099801087
B1238391853197S04154951WA0099801087
B1238431853198S04154951WA0099801087
B1238471853198S04154951WA0099801088
B1238511853198S04154951WA0099801088
B1238551853198S04154951WA0099801088
B1238591853197S04154951WA0099801087
B1239031853197S04154951WA0099801088
B1239071853198S04154951WA0099801087
B1239111853198S04154951WA0099801087
B1239151853198S04154951WA0099801087
B1239191853198S04154951WA0099801087
B1239231853198S04154951WA0099801086
B1239271853198S04154951WA0099801087
B1239311853198S04154951WA0099801087
B1239351853198S04154951WA0099801089
B1239391853198S04154951WA0099801089
B1239431853197S04154951WA0099801089
B1239471853197S04154951WA0099801090
B1239511853197S04154951WA0099801090
B1239551853197S04154951WA0099801090
B1239591853197S04154951WA0099801090
B1240031853197S04154951WA0099801091
B1240071853197S04154951WA0099801091
B1240111853198S04154951WA0099801091
B1240151853198S04154951WA0099801091
B1240191853197S04154951WA0099801091
B1240231853197S04154950WA0099801091
B1240271853197S04154950WA0099801091
B1240311853197S04154950WA0099801091
B1240351853198S04154950WA0099801091
B1240391853198S04154950WA0099801091
B1240431853198S04154950WA0099801091
B1240471853198S04154950WA0099801091
B1240511853198S04154950WA0099801091
B1240551853198S04154950WA0099801092
B1240591853198S04154950WA0099801092
B1241031853198S04154950WA0099801092
B1241071853198S04154950WA0099801092
B1241111853198S04154950WA0099801092
B1241151853198S04154950WA0099801092
B1241191853198S04154950WA0099801092
B1241231853198S04154950WA0099801092
B1241271853198S04154950WA0099801092
B1241311853198S04154950WA0099801092
B1241351853198S04154950WA0099801092
B1241391853198S04154950WA0099801092
B1241431853198S04154950WA0099801091
B1241471853198S04154950WA0099801091
B1241511853198S04154951WA0099801091
B1241551853198S04154951WA0099801091
B1241591853198S04154951WA0099801091
B1242031853198S04154951WA0099801091
B1242071853198S04154951WA0099801091
B1242111853198S04154951WA0099801091
B1242151853198S04154951WA0099801091
B1242191853198S04154951WA0099801091
B1242231853198S04154951WA0099801091
B1242271853198S04154951WA0099801091
B1242311853198S04154951WA0099801091
B1242351853198S04154951WA0099801090
B1242391853198S04154950WA0099801090
B1242431853198S04154950WA0099801090
B1242471853198S04154950WA0099701090
B1242511853198S04154950WA0099701090
B1242551853198S04154950WA0099701089
B1242591853198S04154950WA0099701089
B1243031853198S04154950WA0099801089
B1243071853198S04154950WA0099801089
B1243111853198S04154950WA0099801089
B1243151853198S04154950WA0099801089
B1243191853197S04154949WA0099801089
B1243231853197S04154949WA0099801089
B1243271853198S04154949WA0099701089
B1243311853198S04154949WA0099701089
B1243351853197S04154949WA0099701090
B1243391853197S04154949WA0099801090
B1243431853197S04154949WA0099801089
B1243471853197S04154949WA0099801090
B1243511853197S04154950WA0099801089
B1243551853197S04154950WA0099801089
B1243591853197S04154950WA0099801090
B1244031853197S04154950WA0099701090
B1244071853197S04154950WA0099701090
B1244111853197S04154950WA0099701090
B1244151853197S04154950WA0099701090
B1244191853197S04154951WA0099701090
B1244231853197S04154951WA0099701090
B1244271853197S04154951WA0099801090
B1244311853197S04154951WA0099701090
B1244351853197S04154951WA0099701090
B1244391853197S04154951WA0099701090
B1244431853198S04154951WA0099701090
B1244471853198S04154951WA0099701090
B1244511853198S04154951WA0099701090
B1244551853198S04154951WA0099801090
B1244591853197S04154951WA0099801090
B1245031853197S04154951WA0099701091
B1245071853197S04154952WA0099701091
B1245111853197S04154952WA0099701091
B1245151853198S04154952WA0099701091
B1245191853198S04154952WA0099701090
B1245231853198S04154952WA0099701090
B1245271853198S04154952WA0099701090
B1245311853198S04154951WA0099701090
B1245351853198S04154952WA0099701090
B1245391853198S04154952WA0099701091
B1245431853198S04154952WA0099701091
B1245471853198S04154952WA0099701092
B1245511853197S04154952WA0099701092
B1245551853197S04154952WA0099701092
B1245591853197S04154952WA0099701093
B1246031853198S04154952WA0099701094
B1246071853197S04154952WA0099701094
B1246111853198S04154952WA0099701094
B1246151853198S04154952WA0099701094
B1246191853198S04154952WA0099701093
B1246231853198S04154952WA0099701093
B1246271853198S04154952WA0099701093
B1246311853198S04154952WA0099701093
B1246351853198S04154952WA0099701094
B1246391853198S04154952WA0099701093
B1246431853198S04154952WA0099701094
B1246471853198S04154952WA0099701093
B1246511853198S04154952WA0099701093
B1246551853198S04154952WA0099701093
B1246591853198S04154952WA0099701093
B1247031853198S04154952WA0099701092
B1247071853197S04154951WA0099701092
B1247111853197S04154951WA0099701092
B1247151853197S04154951WA0099701093
B1247191853197S04154951WA0099701093
B1247231853197S04154951WA0099701093
B1247271853197S04154951WA0099701093
B1247311853197S04154951WA0099701093
B1247351853197S04154951WA0099701093
B1247391853197S04154951WA0099701094
B1247431853197S04154951WA0099701094
B1247471853197S04154951WA0099701094
B1247511853197S04154951WA0099701094
B1247551853197S04154951WA0099701094
B1247591853197S04154951WA0099701094
B1248031853197S04154951WA0099701094
B1248071853197S04154951WA0099701093
B1248111853197S04154951WA0099701093
B1248151853197S04154951WA0099701093
B1248191853197S04154951WA0099701092
B1248231853197S04154951WA0099701092
B1248271853197S04154951WA0099701092
B1248311853197S04154951WA0099701091
B1248351853197S04154951WA0099701091
B1248391853197S04154951WA0099701091
B1248431853197S04154951WA0099701091
B1248471853197S04154951WA0099701091
B1248511853197S04154951WA0099701091
B1248551853197S04154951WA0099701091
B1248591853197S04154951WA0099701091
B1249031853197S04154952WA0099701091
B1249071853197S04154951WA0099701092
B1249111853197S04154951WA0099701092
B1249151853197S04154951WA0099701092
B1249191853197S04154951WA0099701092
B1249231853197S04154951WA0099701093
B1249271853197S04154951WA0099701093
B1249311853197S04154951WA0099701093
B1249351853197S04154951WA0099701094
B1249391853197S04154951WA0099701093
B1249431853197S04154951WA0099701093
B1249471853197S04154951WA0099701094
B1249511853197S04154951WA0099701094
B1249551853197S04154951WA0099701094
B1249591853197S04154951WA0099701093
B1250031853197S04154951WA0099701093
B1250071853197S04154951WA0099701093
B1250111853197S04154951WA0099701093
B1250151853197S04154951WA0099701093
B1250191853198S04154951WA0099701094
B1250231853198S04154951WA0099701093
B1250271853198S04154951WA0099701093
B1250311853198S04154951WA0099701093
B1250351853198S04154951WA0099701093
B1250391853198S04154951WA0099701093
B1250431853198S04154951WA0099701093
B1250471853198S04154951WA0099701093
B1250511853198S04154951WA0099701092
B1250551853198S04154952WA0099701092
B1250591853198S04154952WA0099701092
B1251031853198S04154952WA0099701093
B1251071853198S04154952WA0099701093
B1251111853198S04154952WA0099701093
B1251151853198S04154952WA0099701094
B1251191853198S04154952WA0099701094
B1251231853198S04154952WA0099701094
B1251271853198S04154952WA0099701094
B1251311853198S04154952WA0099701094
B1251351853198S04154952WA0099701094
B1251391853198S04154952WA0099701094
B1251431853198S04154952WA0099701094
B1251471853198S04154952WA0099701094
B1251511853198S04154952WA0099701095
B1251551853198S04154952WA0099701096
B1251591853198S04154952WA0099701096
B1252031853198S04154952WA0099701096
B1252071853198S04154952WA0099701096
B1252111853198S04154952WA0099701096
B1252151853198S04154953WA0099701097
B1252191853198S04154953WA0099701097
B1252231853198S04154953WA0099701096
B1252271853198S04154953WA0099701096
B1252311853198S04154953WA0099701095
B1252351853198S04154953WA0099701095
B1252391853199S04154953WA0099701095
B1252431853199S04154953WA0099701095
B1252471853199S04154953WA0099701094
B1252511853199S04154952WA0099701094
B1252551853199S04154952WA0099701093
B1252591853199S04154952WA0099701093
B1253031853199S04154952WA0099701093
B1253071853199S04154952WA0099701092
B1253111853199S04154952WA0099701092
B1253151853199S04154952WA0099701092
B1253191853199S04154952WA0099701091
B1253231853198S04154952WA0099701091
B1253271853198S04154952WA0099701091
B1253311853198S04154952WA0099701091
B1253351853198S04154951WA0099701091
B1253391853198S04154951WA0099701091
B1253431853198S04154951WA0099701091
B1253471853198S04154951WA0099701091
B1253511853198S04154951WA0099701091
B1253551853198S04154951WA0099701091
B1253591853198S04154951WA0099701091
B1254031853198S04154951WA0099701091
B1254071853198S04154951WA0099701091
B1254111853198S04154951WA0099701091
B1254151853198S04154951WA0099701091
B1254191853198S04154951WA0099701090
B1254231853198S04154951WA0099701090
B1254271853198S04154951WA0099701091
B1254311853198S04154952WA0099701091
B1254351853198S04154952WA0099701091
B1254391853198S04154952WA0099701091
B1254431853198S04154952WA0099701091
B1254471853198S04154952WA0099701092
B1254511853198S04154952WA0099701092
B1254551853198S04154952WA0099701092
B1254591853198S04154952WA0099701092
B1255031853198S04154952WA0099701093
B1255071853198S04154952WA0099701093
B1255111853198S04154952WA0099701093
B1255151853198S04154952WA0099701093
B1255191853198S04154952WA0099701092
B1255231853198S04154952WA0099701092
B1255271853198S04154952WA0099701092
B1255311853198S04154952WA0099701092
B1255351853199S04154952WA0099701092
B1255391853199S04154952WA0099701091
B1255431853199S04154952WA0099701091
B1255471853199S04154952WA0099701092
B1255511853199S04154952WA0099701092
B1255551853199S04154952WA0099701092
B1255591853199S04154952WA0099701092
B1256031853199S04154952WA0099701092
B1256071853199S04154952WA0099701092
B1256111853199S04154952WA0099701092
B1256151853199S04154952WA0099701092
B1256191853199S04154952WA0099701093
B1256231853199S04154952WA0099701093
B1256271853199S04154952WA0099701093
B1256311853199S04154952WA0099701093
B1256351853198S04154952WA0099701094
B1256391853198S04154952WA0099701094
B1256431853198S04154952WA0099701094
B1256471853198S04154952WA0099701094
B1256511853198S04154952WA0099701094
B1256551853198S04154952WA0099701093
B1256591853198S04154952WA0099701093
B1257031853198S04154951WA0099701093
B1257071853198S04154951WA0099701092
B1257111853198S04154951WA0099701092
B1257151853198S04154951WA0099701092
B1257191853198S04154951WA0099701092
B1257231853198S04154951WA0099701092
B1257271853198S04154952WA0099701092
B1257311853198S04154952WA0099701092
B1257351853198S04154952WA0099701092
B1257391853198S04154952WA0099701092
B1257431853198S04154952WA0099701092
B1257471853198S04154952WA0099701092
B1257511853198S04154952WA0099701092
B1257551853198S04154952WA0099701091
B1257591853199S04154952WA0099701091
B1258031853199S04154952WA0099701091
B1258071853199S04154952WA0099701091
B1258111853199S04154952WA0099701091
B1258151853199S04154952WA0099701091
B1258191853199S04154952WA0099701091
B1258231853199S04154952WA0099701092
B1258271853199S04154952WA0099701092
B1258311853199S04154952WA0099701092
B1258351853199S04154952WA0099701092
B1258391853199S04154952WA0099701092
B1258431853199S04154952WA0099701093
B1258471853199S04154952WA0099701092
B1258511853199S04154952WA0099701092
B1258551853199S04154952WA0099701093
B1258591853199S04154952WA0099701093
B1259031853199S04154952WA0099701092
B1259071853199S04154952WA0099701092
B1259111853199S04154952WA0099701092
B1259151853199S04154952WA0099701092
B1259191853199S04154952WA0099701092
B1259231853199S04154952WA0099701092
B1259271853199S04154952WA0099701092
B1259311853199S04154952WA0099701091
B1259351853199S04154952WA0099701091
B1259391853199S04154952WA0099701091
B1259431853199S04154952WA0099701091
B1259471853199S04154952WA0099701091
B1259511853199S04154952WA0099701091
B1259551853199S04154952WA0099701090
B1259591853199S04154952WA0099701090
B1300031853199S04154952WA0099701089
B1300071853199S04154952WA0099701089
B1300111853199S04154952WA0099701089
B1300151853199S04154952WA0099701089
B1300191853199S04154952WA0099701089
B1300231853199S04154952WA0099701089
B1300271853199S04154952WA0099701089
B1300311853199S04154952WA0099701089
B1300351853199S04154952WA0099701089
B1300391853199S04154952WA0099701089
B1300431853199S04154951WA0099701089
B1300471853199S04154951WA0099701089
B1300511853199S04154951WA0099701089
B1300551853199S04154951WA0099701089
B1300591853199S04154951WA0099701089
B1301031853199S04154951WA0099701089
B1301071853199S04154951WA0099701089
B1301111853199S04154951WA0099701089
B1301151853199S04154951WA0099701089
B1301191853199S04154951WA0099701089
B1301231853199S04154951WA0099701089
B1301271853199S04154951WA0099701089
B1301311853199S04154951WA0099701089
B1301351853199S04154952WA0099701089
B1301391853199S04154952WA0099701089
B1301431853199S04154952WA0099701088
B1301471853199S04154952WA0099701088
B1301511853199S04154952WA0099701088
B1301551853199S04154952WA0099701088
B1301591853199S04154952WA0099701088
B1302031853199S04154952WA0099701088
B1302071853199S04154952WA0099701089
B1302111853199S04154952WA0099701088
B1302151853199S04154952WA0099701088
B1302191853199S04154951WA0099701088
B1302231853199S04154951WA0099701088
B1302271853199S04154951WA0099701088
B1302311853199S04154951WA0099701088
B1302351853199S04154951WA0099701089
B1302391853199S04154951WA0099701089
B1302431853199S04154951WA0099701089
B1302471853199S04154951WA0099701089
B1302511853199S04154951WA0099701089
B1302551853199S04154951WA0099701089
B1302591853199S04154951WA0099701089
B1303031853199S04154951WA0099701089
B1303071853198S04154951WA0099701089
B1303111853198S04154951WA0099701089
B1303151853198S04154951WA0099701089
B1303191853198S04154951WA0099701089
B1303231853198S04154952WA0099701090
B1303271853198S04154952WA0099701090
B1303311853198S04154952WA0099701090
B1303351853198S04154952WA0099701091
B1303391853198S04154952WA0099701091
B1303431853198S04154952WA0099701091
B1303471853198S04154952WA0099701091
B1303511853198S04154952WA0099701091
B1303551853198S04154952WA0099701091
B1303591853198S04154952WA0099701091
B1304031853198S04154952WA0099701091
B1304071853198S04154952WA0099701090
B1304111853198S04154952WA0099701090
B1304151853198S04154952WA0099701089
B1304191853198S04154952WA0099701089
B1304231853198S04154952WA0099701089
B1304271853198S04154951WA0099701088
B1304311853198S04154951WA0099701088
B1304351853198S04154951WA0099701087
B1304391853198S04154951WA0099701087
B1304431853198S04154951WA0099701087
B1304471853198S04154951WA0099701086
B1304511853198S04154951WA0099701086
B1304551853198S04154951WA0099701086
B1304591853198S04154951WA0099701087
B1305031853198S04154952WA0099701087
B1305071853198S04154952WA0099701088
B1305111853198S04154952WA0099701088
B1305151853198S04154952WA0099701088
B1305191853198S04154952WA0099701089
B1305231853198S04154952WA0099701089
B1305271853198S04154952WA0099701089
B1305311853198S04154952WA0099701090
B1305351853198S04154952WA0099701090
B1305391853198S04154952WA0099701090
B1305431853198S04154952WA0099701089
B1305471853198S04154952WA0099701089
B1305511853198S04154952WA0099701088
B1305551853198S04154952WA0099701088
B1305591853198S04154952WA0099701087
B1306031853198S04154951WA0099701087
B1306071853198S04154951WA0099701086
B1306111853199S04154951WA0099701086
B1306151853199S04154951WA0099701086
B1306191853199S04154951WA0099701086
B1306231853198S04154951WA0099701085
B1306271853198S04154951WA0099701085
B1306311853198S04154951WA0099701085
B1306351853198S04154951WA0099701084
B1306391853198S04154951WA0099701084
B1306431853198S04154951WA0099701084
B1306471853198S04154951WA0099701084
B1306511853199S04154951WA0099701084
B1306551853199S04154951WA0099701084
B1306591853199S04154951WA0099701084
B1307031853199S04154951WA0099701084
B1307071853199S04154951WA0099701084
B1307111853199S04154951WA0099701085
B1307151853199S04154951WA0099701085
B1307191853199S04154951WA0099701085
B1307231853199S04154951WA0099701085
B1307271853199S04154951WA0099701085
B1307311853199S04154951WA0099701086
B1307351853199S04154951WA0099701086
B1307391853199S04154952WA0099701086
B1307431853199S04154952WA0099701086
B1307471853199S04154952WA0099801086
B1307511853199S04154952WA0099801086
B1307551853199S04154952WA0099801086
B1307591853199S04154952WA0099801087
B1308031853199S04154952WA0099801087
B1308071853199S04154952WA0099801088
B1308111853199S04154952WA0099801088
B1308151853199S04154952WA0099801088
B1308191853199S04154952WA0099801088
B1308231853199S04154952WA0099801088
B1308271853199S04154952WA0099801088
B1308311853199S04154952WA0099801088
B1308351853199S04154952WA0099801088
B1308391853199S04154952WA0099801088
B1308431853199S04154952WA0099801088
B1308471853199S04154952WA0099801088
B1308511853199S04154952WA0099801088
B1308551853199S04154952WA0099801088
B1308591853199S04154952WA0099801088
B1309031853199S04154952WA0099801088
B1309071853199S04154952WA0099801088
B1309111853199S04154952WA0099801088
B1309151853199S04154952WA0099801088
B1309191853199S04154952WA0099801088
B1309231853199S04154952WA0099801087
B1309271853199S04154952WA0099801087
B1309311853199S04154952WA0099801087
B1309351853199S04154951WA0099801086
B1309391853199S04154951WA0099801086
B1309431853199S04154951WA0099801086
B1309471853199S04154951WA0099801086
B1309511853199S04154951WA0099801085
B1309551853199S04154951WA0099801086
B1309591853199S04154951WA0099801086
B1310031853199S04154951WA0099801086
B1310071853199S04154951WA0099801086
B1310111853199S04154951WA0099801086
B1310151853199S04154951WA0099801086
B1310191853199S04154951WA0099801087
B1310231853199S04154951WA0099801087
B1310271853199S04154951WA0099801087
B1310311853199S04154951WA0099801088
B1310351853199S04154952WA0099801088
B1310391853199S04154952WA0099801088
B1310431853199S04154952WA0099801088
B1310471853199S04154952WA0099801089
B1310511853199S04154952WA0099801089
B1310551853199S04154952WA0099801089
B1310591853199S04154952WA0099801090
B1311031853199S04154952WA0099801090
B1311071853199S04154952WA0099801090
B1311111853199S04154952WA0099801090
B1311151853199S04154952WA0099801091
B1311191853199S04154952WA0099801091
B1311231853199S04154952WA0099801091
B1311271853199S04154952WA0099801091
B1311311853199S04154952WA0099801091
B1311351853199S04154953WA0099801091
B1311391853199S04154953WA0099801091
B1311431853199S04154953WA0099801091
B1311471853199S04154953WA0099801091
B1311511853199S04154953WA0099801091
B1311551853199S04154953WA0099801091
B1311591853199S04154953WA0099801091
B1312031853199S04154953WA0099801091
B1312071853199S04154953WA0099801091
B1312111853199S04154953WA0099801091
B1312151853199S04154953WA0099801091
B1312191853199S04154952WA0099801091
B1312231853199S04154952WA0099801091
B1312271853199S04154952WA0099801091
B1312311853199S04154952WA0099801091
B1312351853199S04154952WA0099801090
B1312391853199S04154952WA0099801090
B1312431853199S04154952WA0099801090
B1312471853199S04154952WA0099801090
B1312511853199S04154952WA0099801090
B1312551853199S04154952WA0099801090
B1312591853199S04154952WA0099801090
B1313031853199S04154952WA0099801090
B1313071853199S04154952WA0099801090
B1313111853199S04154951WA0099801090
B1313151853199S04154951WA0099801090
B1313191853199S04154951WA0099801090
B1313231853199S04154951WA0099801090
B1313271853199S04154951WA0099801090
B1313311853199S04154951WA0099801090
B1313351853199S04154951WA0099801090
B1313391853199S04154951WA0099801090
B1313431853199S04154951WA0099801090
B1313471853199S04154951WA0099801090
B1313511853199S04154951WA0099801091
B1313551853199S04154951WA0099801090
B1313591853199S04154951WA0099801090
B1314031853199S04154951WA0099801090
B1314071853199S04154951WA0099801090
B1314111853199S04154951WA0099801089
B1314151853199S04154951WA0099801089
B1314191853199S04154951WA0099801089
B1314231853199S04154951WA0099801090
B1314271853199S04154952WA0099801090
B1314311853198S04154952WA0099801090
B1314351853198S04154952WA0099801090
B1314391853198S04154952WA0099801090
B1314431853198S04154952WA0099801090
B1314471853198S04154952WA0099801090
B1314511853198S04154952WA0099801090
B1314551853198S04154952WA0099801089
B1314591853198S04154952WA0099801089
B1315031853198S04154952WA0099801089
B1315071853198S04154952WA0099801089
B1315111853198S04154952WA0099801089
B1315151853198S04154951WA0099801089
B1315191853198S04154951WA0099801089
B1315231853198S04154951WA0099801089
B1315271853198S04154951WA0099801088
B1315311853198S04154951WA0099801088
B1315351853198S04154951WA0099801088
B1315391853198S04154951WA0099801088
B1315431853198S04154951WA0099801088
B1315471853198S04154951WA0099801088
B1315511853198S04154951WA0099801088
B1315551853198S04154951WA0099801089
B1315591853198S04154951WA0099801089
B1316031853198S04154951WA0099801089
B1316071853199S04154951WA0099801089
B1316111853199S04154951WA0099901089
B1316151853199S04154951WA0099901090
B1316191853199S04154952WA0099801090
B1316231853199S04154952WA0099801091
B1316271853199S04154952WA0099801091
B1316311853199S04154952WA0099901091
B1316351853199S04154952WA0099801091
B1316391853199S04154952WA0099901092
B1316431853199S04154952WA0099901092
B1316471853199S04154952WA0099801092
B1316511853199S04154952WA0099801092
B1316551853199S04154952WA0099801092
B1316591853199S04154952WA0099901092
B1317031853198S04154952WA0099901092
B1317071853198S04154952WA0099901092
B1317111853198S04154952WA0099901091
B1317151853198S04154952WA0099901090
B1317191853198S04154952WA0099901090
B1317231853198S04154952WA0099901090
B1317271853198S04154952WA0099901090
B1317311853198S04154952WA0099901090
B1317351853198S04154952WA0099901090
B1317391853198S04154952WA0099901091
B1317431853198S04154952WA0099901091
B1317471853198S04154952WA0099901091
B1317511853198S04154952WA0099901091
B1317551853198S04154952WA0099901092
B1317591853198S04154952WA0099901091
B1318031853198S04154952WA0099901091
B1318071853198S04154952WA0099901092
B1318111853198S04154952WA0099901092
B1318151853198S04154952WA0099901092
B1318191853198S04154952WA0099901092
B1318231853198S04154952WA0099901093
B1318271853198S04154952WA0099901093
B1318311853198S04154952WA0099901092
B1318351853198S04154952WA0099901092
B1318391853198S04154952WA0099901092
B1318431853199S04154952WA0099901091
B1318471853199S04154952WA0099901092
B1318511853198S04154952WA0099901091
B1318551853198S04154952WA0099901092
B1318591853198S04154952WA0099901091
B1319031853199S04154952WA0099901091
B1319071853199S04154952WA0099901092
B1319111853199S04154952WA0099901092
B1319151853198S04154952WA0099901092
B1319191853199S04154952WA0099901092
B1319231853198S04154952WA0099901092
B1319271853198S04154952WA0099901092
B1319311853199S04154952WA0099901092
B1319351853200S04154951WA0099901093
B1319391853201S04154950WA0099801092
B1319431853200S04154949WA0099801092
B1319471853199S04154948WA0099901089
B1319511853198S04154949WA0099901088
B1319551853199S04154950WA0099801086
B1319591853199S04154950WA0099801086
B1320031853199S04154949WA0099801086
B1320071853199S04154946WA0099901086
B1320111853198S04154943WA0100001086
B1320151853198S04154941WA0099901086
B1320191853198S04154939WA0099901085
B1320231853198S04154937WA0099801084
B1320271853197S04154933WA0099701084
B1320311853196S04154930WA0099601085
B1320351853195S04154927WA0099601086
B1320391853195S04154924WA0099501086
B1320431853195S04154921WA0099501085
B1320471853196S04154917WA0099501085
B1320511853196S04154915WA0099401085
B1320551853196S04154913WA0099501084
B1320591853196S04154910WA0099401083
B1321031853196S04154908WA0099401083
B1321071853195S04154906WA0099401084
B1321111853195S04154902WA0099401084
B1321151853196S04154899WA0099301084
B1321191853196S04154896WA0099301085
B1321231853197S04154894WA0099301084
B1321271853198S04154891WA0099301084
B1321311853198S04154889WA0099301084
B1321351853200S04154888WA0099301084
B1321391853201S04154887WA0099301083
B1321431853201S04154887WA0099201082
B1321471853201S04154887WA0099201083
B1321511853201S04154887WA0099201082
B1321551853201S04154886WA0099201082
B1321591853201S04154886WA0099301082
B1322031853201S04154885WA0099301082
B1322071853201S04154886WA0099201084
B1322111853201S04154886WA0099201085
B1322151853200S04154886WA0099201086
B1322191853200S04154885WA0099201086
B1322231853200S04154886WA0099201086
B1322271853200S04154886WA0099201086
B1322311853200S04154885WA0099201086
B1322351853201S04154886WA0099201086
B1322391853201S04154885WA0099301086
B1322431853201S04154886WA0099201085
B1322471853201S04154886WA0099201085
B1322511853201S04154885WA0099201085
B1322551853202S04154885WA0099201085
B1322591853202S04154885WA0099201085
B1323031853202S04154885WA0099201085
B1323071853201S04154885WA0099201085
B1323111853201S04154885WA0099201085
B1323151853201S04154885WA0099201085
B1323191853201S04154885WA0099201085
B1323231853201S04154885WA0099201085
B1323271853201S04154885WA0099201084
B1323311853202S04154885WA0099201084
B1323351853201S04154885WA0099201083
B1323391853201S04154886WA0099201083
B1323431853202S04154886WA0099201084
B1323471853202S04154886WA0099201084
B1323511853202S04154886WA0099201084
B1323551853202S04154886WA0099201084
B1323591853202S04154885WA0099201084
B1324031853202S04154885WA0099201083
B1324071853202S04154885WA0099201083
B1324111853202S04154885WA0099201082
B1324151853202S04154885WA0099201082
B1324191853202S04154885WA0099201081
B1324231853202S04154885WA0099201081
B1324271853202S04154885WA0099201081
B1324311853202S04154885WA0099201081
B1324351853202S04154885WA0099201081
B1324391853202S04154885WA0099201081
B1324431853202S04154885WA0099201081
B1324471853202S04154885WA0099201081
B1324511853202S04154885WA0099201081
B1324551853202S04154885WA0099201081
B1324591853202S04154884WA0099201080
B1325031853202S04154884WA0099201080
B1325071853202S04154884WA0099201080
B1325111853202S04154884WA0099201080
B1325151853202S04154884WA0099201080
B1325191853202S04154884WA0099201080
B1325231853202S04154884WA0099201079
B1325271853202S04154884WA0099201079
B1325311853202S04154884WA0099201079
B1325351853202S04154884WA0099201079
B1325391853202S04154884WA0099201079
B1325431853202S04154884WA0099201079
B1325471853202S04154884WA0099201079
B1325511853202S04154884WA0099201080
B1325551853202S04154884WA0099201080
B1325591853202S04154884WA0099201080
B1326031853202S04154884WA0099201080
B1326071853202S04154884WA0099201081
B1326111853202S04154884WA0099201081
B1326151853202S04154884WA0099201081
B1326191853202S04154884WA0099201082
B1326231853202S04154884WA0099201082
B1326271853202S04154884WA0099201083
B1326311853202S04154885WA0099201083
B1326351853202S04154885WA0099201083
B1326391853202S04154885WA0099201083
B1326431853202S04154885WA0099201083
B1326471853202S04154885WA0099201084
B1326511853202S04154885WA0099201084
B1326551853202S04154885WA0099201084
B1326591853202S04154885WA0099201084
B1327031853202S04154885WA0099201084
B1327071853202S04154885WA0099201084
B1327111853202S04154885WA0099201084
B1327151853202S04154885WA0099201084
B1327191853202S04154885WA0099201084
B1327231853202S04154885WA0099201084
B1327271853202S04154885WA0099201084
B1327311853202S04154885WA0099201083
B1327351853202S04154885WA0099201083
B1327391853202S04154885WA0099201083
B1327431853202S04154885WA0099201083
B1327471853201S04154885WA0099201082
B1327511853202S04154885WA0099201082
B1327551853202S04154885WA0099201082
B1327591853202S04154885WA0099201082
B1328031853202S04154885WA0099201082
B1328071853202S04154885WA0099201082
B1328111853202S04154885WA0099201082
B1328151853202S04154885WA0099201083
B1328191853202S04154885WA0099201083
B1328231853202S04154885WA0099201084
B1328271853202S04154885WA0099201084
B1328311853202S04154885WA0099201084
B1328351853202S04154885WA0099201084
B1328391853202S04154885WA0099201084
B1328431853202S04154885WA0099201084
B1328471853202S04154885WA0099201084
B1328511853202S04154885WA0099201083
B1328551853202S04154885WA0099201083
B1328591853202S04154885WA0099201083
B1329031853202S04154885WA0099201083
B1329071853202S04154885WA0099201083
B1329111853202S04154885WA0099201083
B1329151853202S04154885WA0099201083
B1329191853202S04154885WA0099201083
B1329231853202S04154885WA0099201083
B1329271853202S04154885WA0099201083
B1329311853202S04154885WA0099201084
B1329351853202S04154885WA0099301083
B1329391853202S04154885WA0099301082
B1329431853202S04154885WA0099301082
B1329471853202S04154885WA0099301082
B1329511853202S04154885WA0099301082
B1329551853202S04154885WA0099301083
B1329591853202S04154885WA0099301083
B1330031853202S04154885WA0099301084
B1330071853202S04154885WA0099301083
B1330111853202S04154885WA0099301083
B1330151853202S04154885WA0099301083
B1330191853203S04154885WA0099301083
B1330231853203S04154885WA0099301083
B1330271853203S04154885WA0099301083
B1330311853203S04154885WA0099301082
B1330351853203S04154885WA0099301082
B1330391853203S04154885WA0099301082
B1330431853203S04154885WA0099301082
B1330471853203S04154885WA0099301081
B1330511853203S04154885WA0099301081
B1330551853203S04154885WA0099301081
B1330591853203S04154885WA0099301080
B1331031853203S04154885WA0099301080
B1331071853203S04154885WA0099301081
B1331111853202S04154885WA0099301081
B1331151853202S04154885WA0099301081
B1331191853202S04154885WA0099301081
B1331231853202S04154885WA0099301081
B1331271853202S04154885WA0099301082
B1331311853202S04154885WA0099301082
B1331351853202S04154885WA0099301082
B1331391853202S04154885WA0099301082
B1331431853202S04154885WA0099301082
B1331471853202S04154885WA0099301082
B1331511853202S04154885WA0099301082
B1331551853202S04154885WA0099301082
B1331591853202S04154885WA0099301083
B1332031853202S04154885WA0099301083
B1332071853202S04154885WA0099301084
B1332111853201S04154885WA0099301084
B1332151853201S04154885WA0099301084
B1332191853201S04154885WA0099301084
B1332231853201S04154885WA0099301084
B1332271853201S04154885WA0099301083
B1332311853202S04154885WA0099301083
B1332351853202S04154885WA0099301083
B1332391853202S04154885WA0099301083
B1332431853202S04154885WA0099301083
B1332471853202S04154885WA0099301083
B1332511853202S04154885WA0099301084
B1332551853202S04154885WA0099301084
B1332591853202S04154885WA0099301084
B1333031853202S04154885WA0099301084
B1333071853202S04154885WA0099301084
B1333111853202S04154885WA0099301084
B1333151853202S04154885WA0099301084
B1333191853202S04154884WA0099301083
B1333231853202S04154884WA0099301083
B1333271853202S04154884WA0099301083
B1333311853202S04154885WA0099301083
B1333351853202S04154885WA0099301083
B1333391853202S04154885WA0099301083
B1333431853202S04154885WA0099301083
B1333471853202S04154885WA0099301083
B1333511853202S04154885WA0099301082
B1333551853202S04154885WA0099301082
B1333591853202S04154884WA0099301081
B1334031853202S04154884WA0099301081
B1334071853202S04154884WA0099301082
B1334111853202S04154884WA0099301082
B1334151853202S04154885WA0099301082
B1334191853202S04154885WA0099301082
B1334231853202S04154885WA0099301082
B1334271853202S04154885WA0099301081
B1334311853202S04154885WA0099301080
B1334351853202S04154885WA0099301080
B1334391853202S04154885WA0099301080
B1334431853202S04154885WA0099301081
B1334471853202S04154885WA0099301081
B1334511853202S04154885WA0099301081
B1334551853202S04154885WA0099301082
B1334591853202S04154885WA0099301082
B1335031853202S04154885WA0099301082
B1335071853202S04154885WA0099301082
B1335111853202S04154885WA0099301082
B1335151853202S04154885WA0099301082
B1335191853202S04154885WA0099301082
B1335231853202S04154885WA0099301082
B1335271853202S04154884WA0099301082
B1335311853202S04154884WA0099301082
B1335351853202S04154884WA0099301082
B1335391853202S04154884WA0099301082
B1335431853202S04154884WA0099301082
B1335471853202S04154884WA0099301081
B1335511853202S04154884WA0099301081
B1335551853203S04154884WA0099301081
B1335591853203S04154884WA0099301081
B1336031853203S04154884WA0099301081
B1336071853203S04154884WA0099301081
B1336111853203S04154884WA0099301081
B1336151853203S04154884WA0099301081
B1336191853203S04154884WA0099301081
B1336231853203S04154884WA0099301081
B1336271853203S04154884WA0099301081
B1336311853202S04154884WA0099301081
B1336351853202S04154884WA0099301081
B1336391853202S04154884WA0099301081
B1336431853202S04154884WA0099301081
B1336471853202S04154884WA0099301081
B1336511853202S04154884WA0099301081
B1336551853202S04154884WA0099301081
B1336591853202S04154884WA0099301081
B1337031853202S04154885WA0099301081
B1337071853202S04154884WA0099301080
B1337111853202S04154885WA0099301080
B1337151853202S04154885WA0099301080
B1337191853202S04154885WA0099301080
B1337231853202S04154885WA0099301081
B1337271853202S04154885WA0099301081
B1337311853202S04154884WA0099301081
B1337351853202S04154884WA0099301081
B1337391853203S04154884WA0099301080
B1337431853203S04154884WA0099301080
B1337471853202S04154884WA0099301080
B1337511853202S04154884WA0099301080
B1337551853202S04154884WA0099301080
B1337591853203S04154884WA0099301080
B1338031853203S04154884WA0099301080
B1338071853202S04154884WA0099301080
B1338111853202S04154884WA0099301080
B1338151853202S04154884WA0099301080
B1338191853202S04154884WA0099301080
B1338231853202S04154884WA0099301080
B1338271853202S04154884WA0099301080
B1338311853202S04154884WA0099301080
B1338351853202S04154884WA0099301079
B1338391853202S04154884WA0099301079
B1338431853202S04154884WA0099301079
B1338471853202S04154884WA0099301079
B1338511853202S04154884WA0099301079
B1338551853203S04154884WA0099301079
B1338591853203S04154884WA0099301079
B1339031853203S04154884WA0099301079
B1339071853203S04154884WA0099301079
B1339111853203S04154884WA0099301079
B1339151853202S04154884WA0099301079
B1339191853202S04154884WA0099401079
B1339231853202S04154884WA0099401079
B1339271853202S04154884WA0099401079
B1339311853202S04154884WA0099401079
B1339351853203S04154884WA0099401079
B1339391853202S04154884WA0099301079
B1339431853202S04154884WA0099301079
B1339471853202S04154884WA0099301080
B1339511853202S04154884WA0099401082
B1339551853202S04154884WA0099401082
B1339591853202S04154884WA0099401082
B1340031853202S04154884WA0099401082
B1340071853202S04154884WA0099401082
B1340111853202S04154884WA0099401082
B1340151853202S04154884WA0099401082
B1340191853202S04154884WA0099401082
B1340231853202S04154884WA0099401081
B1340271853202S04154884WA0099401080
B1340311853202S04154884WA0099401081
B1340351853202S04154884WA0099401081
B1340391853202S04154884WA0099401080
B1340431853202S04154884WA0099401080
B1340471853202S04154884WA0099401080
B1340511853202S04154883WA0099401080
B1340551853202S04154884WA0099401080
B1340591853201S04154884WA0099401080
B1341031853201S04154884WA0099401080
B1341071853201S04154884WA0099401080
B1341111853201S04154884WA0099401080
B1341151853201S04154885WA0099401080
B1341191853201S04154885WA0099401080
B1341231853201S04154885WA0099401081
B1341271853201S04154885WA0099401082
B1341311853201S04154884WA0099401082
B1341351853201S04154884WA0099401081
B1341391853201S04154884WA0099401080
B1341431853201S04154884WA0099401080
B1341471853201S04154883WA0099401080
B1341511853201S04154883WA0099401080
B1341551853201S04154883WA0099401080
B1341591853201S04154883WA0099401080
B1342031853201S04154883WA0099401079
B1342071853201S04154883WA0099401078
B1342111853201S04154883WA0099401078
B1342151853201S04154883WA0099401077
B1342191853202S04154883WA0099401077
B1342231853202S04154883WA0099401077
B1342271853202S04154883WA0099401077
B1342311853202S04154884WA0099401078
B1342351853202S04154884WA0099401078
B1342391853202S04154884WA0099401079
B1342431853201S04154884WA0099401080
B1342471853201S04154885WA0099401081
B1342511853201S04154884WA0099401081
B1342551853201S04154884WA0099401081
B1342591853201S04154884WA0099401081
B1343031853202S04154884WA0099401080
B1343071853202S04154884WA0099401080
B1343111853202S04154884WA0099401079
B1343151853201S04154884WA0099401080
B1343191853201S04154884WA0099401080
B1343231853201S04154884WA0099401079
B1343271853201S04154884WA0099401079
B1343311853201S04154884WA0099401079
B1343351853201S04154884WA0099401079
B1343391853201S04154884WA0099401078
B1343431853201S04154884WA0099401078
B1343471853201S04154883WA0099401078
B1343511853201S04154884WA0099401078
B1343551853201S04154884WA0099401079
B1343591853202S04154884WA0099401079
B1344031853202S04154884WA0099401080
B1344071853202S04154884WA0099401080
B1344111853202S04154884WA0099401080
B1344151853202S04154884WA0099401080
B1344191853202S04154884WA0099401080
B1344231853202S04154884WA0099401080
B1344271853201S04154883WA0099401082
B1344311853199S04154884WA0099501083
B1344351853198S04154886WA0099501082
B1344391853198S04154889WA0099501082
B1344431853197S04154892WA0099501083
B1344471853197S04154894WA0099501084
B1344511853196S04154897WA0099601084
B1344551853196S04154900WA0099601085
B1344591853195S04154902WA0099601085
B1345031853195S04154905WA0099601085
B1345071853195S04154908WA0099601084
B1345111853195S04154911WA0099701084
B1345151853195S04154913WA0099701084
B1345191853195S04154916WA0099701084
B1345231853194S04154920WA0099701083
B1345271853194S04154922WA0099701084
B1345311853193S04154925WA0099801084
B1345351853193S04154928WA0099801086
B1345391853192S04154931WA0099901087
B1345431853192S04154934WA0100001088
B1345471853193S04154936WA0100001087
B1345511853192S04154938WA0100101088
B1345551853192S04154941WA0100201090
B1345591853193S04154942WA0100201089
B1346031853193S04154943WA0100201089
B1346071853193S04154943WA0100201090
B1346111853193S04154943WA0100201090
B1346151853193S04154943WA0100201090
B1346191853193S04154943WA0100201091
B1346231853193S04154944WA0100201090
B1346271853194S04154945WA0100201090
B1346311853193S04154946WA0100201089
B1346351853193S04154949WA0100301088
B1346391853192S04154950WA0100301089
B1346431853192S04154951WA0100301089
B1346471853193S04154951WA0100301089
B1346511853193S04154952WA0100301088
B1346551853193S04154953WA0100301088
B1346591853193S04154954WA0100301089
B1347031853193S04154954WA0100301090
B1347071853193S04154955WA0100301091
B1347111853193S04154955WA0100301091
B1347151853192S04154956WA0100301091
B1347191853192S04154956WA0100301091
B1347231853192S04154956WA0100301091
B1347271853191S04154956WA0100301092
B1347311853191S04154957WA0100301092
B1347351853191S04154957WA0100301092
B1347391853191S04154957WA0100301092
B1347431853191S04154957WA0100301092
B1347471853191S04154956WA0100301092
B1347511853191S04154956WA0100301092
B1347551853191S04154956WA0100301092
B1347591853192S04154956WA0100301093
B1348031853192S04154956WA0100301092
B1348071853192S04154956WA0100301093
B1348111853192S04154956WA0100301092
B1348151853192S04154956WA0100301092
B1348191853193S04154956WA0100301092
B1348231853193S04154956WA0100301091
B1348271853193S04154956WA0100301091
B1348311853193S04154956WA0100301091
B1348351853193S04154956WA0100301091
B1348391853193S04154956WA0100301090
B1348431853193S04154956WA0100301090
B1348471853193S04154957WA0100301089
B1348511853193S04154956WA0100301089
B1348551853193S04154956WA0100301089
B1348591853193S04154956WA0100301089
B1349031853193S04154956WA0100301088
B1349071853193S04154957WA0100301088
B1349111853193S04154957WA0100301088
B1349151853193S04154957WA0100301088
B1349191853193S04154957WA0100301089
B1349231853193S04154958WA0100301089
B1349271853193S04154957WA0100301090
B1349311853193S04154957WA0100301090
B1349351853193S04154957WA0100301090
B1349391853193S04154957WA0100301090
B1349431853193S04154958WA0100301091
B1349471853193S04154957WA0100301091
B1349511853193S04154957WA0100301091
B1349551853194S04154957WA0100301091
B1349591853194S04154957WA0100301091
B1350031853194S04154957WA0100301092
B1350071853194S04154957WA0100301092
B1350111853194S04154956WA0100301093
B1350151853194S04154956WA0100301093
B1350191853193S04154956WA0100301094
B1350231853193S04154956WA0100301094
B1350271853194S04154956WA0100301094
B1350311853194S04154956WA0100301094
B1350351853194S04154956WA0100301095
B1350391853194S04154956WA0100301095
B1350431853194S04154956WA0100301096
B1350471853193S04154956WA0100301096
B1350511853193S04154956WA0100301096
B1350551853193S04154956WA0100301095
B1350591853193S04154956WA0100301095
B1351031853193S04154956WA0100301094
B1351071853193S04154957WA0100301094
B1351111853193S04154957WA0100301094
B1351151853193S04154957WA0100301093
B1351191853193S04154957WA0100301093
B1351231853193S04154957WA0100301093
B1351271853193S04154957WA0100301093
B1351311853193S04154957WA0100301093
B1351351853193S04154956WA0100301093
B1351391853193S04154957WA0100401093
B1351431853191S04154957WA0100401092
B1351471853189S04154958WA0100401093
B1351511853187S04154958WA0100401094
B1351551853187S04154958WA0100401093
B1351591853187S04154958WA0100401093
B1352031853186S04154959WA0100401094
B1352071853186S04154961WA0100401093
B1352111853186S04154960WA0100401092
B1352151853186S04154960WA0100401092
B1352191853186S04154960WA0100401093
B1352231853186S04154961WA0100401093
B1352271853186S04154961WA0100401093
B1352311853186S04154961WA0100401093
B1352351853186S04154961WA0100401093
B1352391853186S04154961WA0100401094
B1352431853186S04154961WA0100401093
B1352471853186S04154961WA0100401094
B1352511853186S04154961WA0100401094
B1352551853186S04154961WA0100401094
B1352591853186S04154960WA0100401095
B1353031853186S04154960WA0100401095
B1353071853186S04154961WA0100401096
B1353111853187S04154961WA0100401096
B1353151853187S04154961WA0100401097
B1353191853186S04154961WA0100401097
B1353231853186S04154961WA0100401097
B1353271853186S04154961WA0100401096
B1353311853186S04154961WA0100401094
B1353351853186S04154961WA0100401093
B1353391853186S04154962WA0100401092
B1353431853186S04154961WA0100401092
B1353471853186S04154961WA0100401093
B1353511853186S04154961WA0100401092
B1353551853186S04154961WA0100401091
B1353591853186S04154961WA0100401091
B1354031853186S04154961WA0100401092
B1354071853186S04154961WA0100401093
B1354111853186S04154961WA0100401093
B1354151853186S04154961WA0100401093
B1354191853186S04154961WA0100401092
B1354231853187S04154962WA0100401092
B1354271853187S04154961WA0100401092
B1354311853186S04154961WA0100401092
B1354351853186S04154961WA0100401092
B1354391853186S04154961WA0100401092
B1354431853186S04154961WA0100401092
B1354471853186S04154961WA0100401092
B1354511853186S04154961WA0100401091
B1354551853186S04154961WA0100401092
B1354591853186S04154961WA0100401092
B1355031853186S04154961WA0100401092
B1355071853186S04154961WA0100401093
B1355111853186S04154961WA0100401093
B1355151853186S04154961WA0100401093
B1355191853186S04154960WA0100401093
B1355231853186S04154960WA0100401092
B1355271853186S04154960WA0100401093
B1355311853186S04154960WA0100401093
B1355351853186S04154960WA0100401093
B1355391853186S04154960WA0100401093
B1355431853186S04154960WA0100401094
B1355471853186S04154960WA0100401094
B1355511853186S04154960WA0100401094
B1355551853186S04154960WA0100401093
B1355591853186S04154960WA0100401093
B1356031853186S04154960WA0100401093
B1356071853186S04154960WA0100401093
B1356111853186S04154960WA0100401093
B1356151853186S04154960WA0100401094
B1356191853186S04154960WA0100401093
B1356231853186S04154960WA0100401094
B1356271853186S04154960WA0100401094
B1356311853186S04154960WA0100401094
B1356351853186S04154960WA0100401094
B1356391853186S04154960WA0100401095
B1356431853186S04154960WA0100401095
B1356471853186S04154959WA0100401096
B1356511853186S04154959WA0100401096
B1356551853186S04154960WA0100401096
B1356591853186S04154960WA0100401096
B1357031853186S04154959WA0100401096
B1357071853186S04154959WA0100401096
B1357111853185S04154959WA0100401095
B1357151853185S04154959WA0100401095
B1357191853185S04154959WA0100401095
B1357231853185S04154959WA0100401095
B1357271853185S04154959WA0100401096
B1357311853185S04154959WA0100401095
B1357351853185S04154959WA0100401096
B1357391853185S04154959WA0100401096
B1357431853185S04154959WA0100401095
B1357471853186S04154959WA0100401095
B1357511853186S04154959WA0100401095
B1357551853186S04154959WA0100401095
B1357591853186S04154959WA0100401095
B1358031853186S04154959WA0100401095
B1358071853186S04154959WA0100401095
B1358111853186S04154959WA0100401095
B1358151853186S04154959WA0100401094
B1358191853186S04154960WA0100401094
B1358231853187S04154960WA0100501093
B1358271853187S04154960WA0100401093
B1358311853187S04154959WA0100501093
B1358351853187S04154959WA0100501093
B1358391853187S04154959WA0100501093
B1358431853187S04154960WA0100501093
B1358471853187S04154959WA0100501093
B1358511853187S04154959WA0100501094
B1358551853187S04154960WA0100501095
B1358591853187S04154959WA0100501095
B1359031853187S04154959WA0100501096
B1359071853187S04154959WA0100501097
B1359111853187S04154959WA0100501098
B1359151853187S04154960WA0100501097
B1359191853187S04154960WA0100501096
B1359231853187S04154959WA0100501095
B1359271853187S04154960WA0100501094
B1359311853187S04154959WA0100501094
B1359351853187S04154959WA0100501095
B1359391853187S04154959WA0100501095
B1359431853187S04154959WA0100501095
B1359471853187S04154959WA0100501096
B1359511853187S04154960WA0100501096
B1359551853187S04154960WA0100501096
B1359591853187S04154960WA0100501095
B1400031853187S04154960WA0100501094
B1400071853187S04154960WA0100501095
B1400111853187S04154960WA0100501094
B1400151853186S04154960WA0100501094
B1400191853186S04154960WA0100501095
B1400231853186S04154960WA0100501095
B1400271853186S04154960WA0100501095
B1400311853186S04154960WA0100501096
B1400351853186S04154960WA0100501096
B1400391853186S04154960WA0100501096
B1400431853186S04154960WA0100501096
B1400471853186S04154960WA0100501096
B1400511853187S04154960WA0100501096
B1400551853187S04154960WA0100501096
B1400591853187S04154960WA0100501096
B1401031853187S04154960WA0100501096
B1401071853187S04154960WA0100501096
B1401111853187S04154960WA0100501096
B1401151853187S04154960WA0100501097
B1401191853186S04154960WA0100501097
B1401231853186S04154960WA0100501098
B1401271853187S04154960WA0100501098
B1401311853187S04154960WA0100501097
B1401351853187S04154960WA0100501097
B1401391853187S04154960WA0100501097
B1401431853187S04154960WA0100501098
B1401471853187S04154960WA0100501097
B1401511853186S04154960WA0100501097
B1401551853187S04154960WA0100501096
B1401591853187S04154960WA0100501096
B1402031853187S04154960WA0100501095
B1402071853187S04154960WA0100501095
B1402111853186S04154960WA0100501094
B1402151853187S04154961WA0100501093
B1402191853187S04154961WA0100501093
B1402231853187S04154961WA0100501093
B1402271853187S04154961WA0100501093
B1402311853188S04154961WA0100501092
B1402351853189S04154961WA0100501091
B1402391853189S04154958WA0100501093
B1402431853191S04154957WA0100501094
B1402471853192S04154956WA0100501094
B1402511853192S04154956WA0100501094
B1402551853192S04154956WA0100501095
B1402591853192S04154956WA0100501096
B1403031853192S04154957WA0100501096
B1403071853192S04154957WA0100501094
B1403111853192S04154957WA0100501095
B1403151853192S04154958WA0100501095
B1403191853192S04154958WA0100501094
B1403231853193S04154958WA0100501094
B1403271853192S04154958WA0100501095
B1403311853192S04154958WA0100501095
B1403351853192S04154959WA0100501097
B1403391853192S04154959WA0100501098
B1403431853192S04154959WA0100501099
B1403471853192S04154959WA0100501098
B1403511853192S04154960WA0100501099
B1403551853191S04154960WA0100501099
B1403591853191S04154960WA0100501097
B1404031853190S04154960WA0100501096
B1404071853190S04154960WA0100601094
B1404111853190S04154960WA0100601093
B1404151853191S04154960WA0100601092
B1404191853191S04154961WA0100601091
B1404231853191S04154961WA0100601091
B1404271853191S04154960WA0100601091
B1404311853191S04154960WA0100601091
B1404351853191S04154960WA0100601091
B1404391853191S04154960WA0100601092
B1404431853191S04154960WA0100601092
B1404471853191S04154960WA0100601093
B1404511853191S04154960WA0100601093
B1404551853191S04154960WA0100601094
B1404591853191S04154960WA0100601095
B1405031853191S04154959WA0100601095
B1405071853191S04154959WA0100601096
B1405111853191S04154959WA0100601096
B1405151853191S04154959WA0100601096
B1405191853191S04154959WA0100601095
B1405231853192S04154959WA0100601094
B1405271853192S04154959WA0100601093
B1405311853192S04154959WA0100601094
B1405351853192S04154959WA0100601094
B1405391853192S04154959WA0100601094
B1405431853192S04154959WA0100601095
B1405471853191S04154958WA0100601095
B1405511853191S04154958WA0100601097
B1405551853191S04154958WA0100601097
B1405591853191S04154959WA0100601098
B1406031853191S04154959WA0100601098
B1406071853191S04154959WA0100601096
B1406111853192S04154960WA0100601095
B1406151853192S04154960WA0100601092
B1406191853192S04154959WA0100601092
B1406231853192S04154959WA0100601092
B1406271853192S04154959WA0100601093
B1406311853192S04154959WA0100601093
B1406351853192S04154960WA0100601093
B1406391853192S04154960WA0100601094
B1406431853192S04154960WA0100601095
B1406471853192S04154959WA0100601095
B1406511853191S04154959WA0100601095
B1406551853189S04154960WA0100601095
B1406591853190S04154960WA0100601094
B1407031853190S04154959WA0100601093
B1407071853191S04154958WA0100601094
B1407111853192S04154958WA0100601094
B1407151853192S04154958WA0100601094
B1407191853192S04154958WA0100601095
B1407231853192S04154958WA0100601096
B1407271853192S04154958WA0100601097
B1407311853192S04154958WA0100601097
B1407351853192S04154958WA0100601097
B1407391853192S04154958WA0100601097
B1407431853192S04154958WA0100601097
B1407471853192S04154958WA0100601097
B1407511853192S04154958WA0100601096
B1407551853192S04154959WA0100601095
B1407591853192S04154958WA0100601095
B1408031853192S04154958WA0100601095
B1408071853192S04154958WA0100601094
B1408111853192S04154957WA0100601094
B1408151853192S04154957WA0100601094
B1408191853192S04154957WA0100601094
B1408231853192S04154957WA0100601095
B1408271853192S04154957WA0100601095
B1408311853192S04154957WA0100601095
B1408351853192S04154957WA0100601096
B1408391853192S04154957WA0100601097
B1408431853192S04154957WA0100601097
B1408471853192S04154957WA0100601096
B1408511853192S04154957WA0100601096
B1408551853192S04154957WA0100601095
B1408591853192S04154957WA0100601095
B1409031853192S04154958WA0100601096
B1409071853192S04154957WA0100601096
B1409111853192S04154957WA0100601096
B1409151853192S04154957WA0100601095
B1409191853192S04154957WA0100601096
B1409231853192S04154958WA0100601096
B1409271853192S04154958WA0100601097
B1409311853192S04154958WA0100601096
B1409351853192S04154957WA0100601097
B1409391853192S04154958WA0100601097
B1409431853193S04154958WA0100601096
B1409471853193S04154958WA0100601096
B1409511853193S04154957WA0100601097
B1409551853193S04154957WA0100601097
B1409591853192S04154957WA0100601097
B1410031853192S04154957WA0100601098
B1410071853192S04154957WA0100601097
B1410111853192S04154956WA0100601097
B1410151853192S04154956WA0100601097
B1410191853193S04154956WA0100601097
B1410231853193S04154956WA0100601096
B1410271853193S04154957WA0100601096
B1410311853193S04154957WA0100601096
B1410351853194S04154957WA0100601096
B1410391853194S04154957WA0100601096
B1410431853194S04154957WA0100601096
B1410471853194S04154957WA0100601096
B1410511853194S04154957WA0100601096
B1410551853195S04154957WA0100601096
B1410591853195S04154957WA0100601096
B1411031853195S04154957WA0100601097
B1411071853195S04154958WA0100601097
B1411111853195S04154958WA0100601097
B1411151853195S04154958WA0100601097
B1411191853194S04154958WA0100601096
B1411231853194S04154958WA0100601096
B1411271853194S04154958WA0100601095
B1411311853194S04154958WA0100601095
B1411351853194S04154958WA0100601095
B1411391853194S04154958WA0100601094
B1411431853194S04154958WA0100601094
B1411471853194S04154958WA0100601094
B1411511853194S04154958WA0100601094
B1411551853194S04154958WA0100601094
B1411591853194S04154958WA0100601094
B1412031853195S04154958WA0100601093
B1412071853195S04154958WA0100601093
B1412111853195S04154958WA0100601092
B1412151853195S04154959WA0100601092
B1412191853196S04154959WA0100601091
B1412231853196S04154959WA0100601092
B1412271853196S04154959WA0100601092
B1412311853196S04154959WA0100601092
B1412351853196S04154959WA0100601092
B1412391853195S04154959WA0100601092
B1412431853195S04154959WA0100601092
B1412471853195S04154959WA0100601092
B1412511853195S04154959WA0100601092
B1412551853194S04154959WA0100601092
B1412591853193S04154959WA0100701092
B1413031853191S04154960WA0100701091
B1413071853189S04154961WA0100601091
B1413111853188S04154961WA0100601093
B1413151853188S04154960WA0100701093
B1413191853188S04154960WA0100601092
B1413231853188S04154960WA0100601092
B1413271853187S04154960WA0100601092
B1413311853188S04154961WA0100601092
B1413351853188S04154961WA0100701092
B1413391853188S04154961WA0100701092
B1413431853187S04154960WA0100701091
B1413471853187S04154960WA0100701091
B1413511853188S04154961WA0100701091
B1413551853188S04154961WA0100701090
B1413591853187S04154961WA0100701090
B1414031853187S04154961WA0100701090
B1414071853187S04154960WA0100701090
B1414111853187S04154960WA0100701091
B1414151853187S04154960WA0100701092
B1414191853187S04154960WA0100701092
B1414231853187S04154959WA0100701092
B1414271853187S04154959WA0100701092
B1414311853187S04154959WA0100701091
B1414351853187S04154959WA0100701090
B1414391853187S04154959WA0100701089
B1414431853187S04154959WA0100701090
B1414471853187S04154958WA0100701090
B1414511853187S04154958WA0100701092
B1414551853187S04154957WA0100701094
B1414591853187S04154956WA0100701096
B1415031853187S04154956WA0100701096
B1415071853187S04154956WA0100701097
B1415111853187S04154956WA0100701097
B1415151853186S04154956WA0100701097
B1415191853186S04154957WA0100701097
B1415231853186S04154957WA0100701097
B1415271853186S04154956WA0100701098
B1415311853186S04154956WA0100701099
B1415351853186S04154956WA0100701100
B1415391853186S04154956WA0100701100
B1415431853186S04154956WA0100701100
B1415471853186S04154956WA0100701100
B1415511853186S04154955WA0100701100
B1415551853186S04154955WA0100701100
B1415591853186S04154955WA0100701101
B1416031853186S04154955WA0100701101
B1416071853186S04154956WA0100701100
B1416111853186S04154957WA0100701098
B1416151853186S04154957WA0100701097
B1416191853186S04154957WA0100701097
B1416231853186S04154956WA0100701098
B1416271853187S04154956WA0100701099
B1416311853187S04154956WA0100701099
B1416351853187S04154956WA0100701099
B1416391853187S04154956WA0100701099
B1416431853187S04154956WA0100701098
B1416471853187S04154956WA0100701098
B1416511853187S04154956WA0100701098
B1416551853188S04154955WA0100701099
B1416591853188S04154955WA0100701100
B1417031853188S04154955WA0100701100
B1417071853188S04154954WA0100701101
B1417111853188S04154954WA0100701102
B1417151853188S04154954WA0100701103
B1417191853188S04154953WA0100701104
B1417231853188S04154953WA0100701104
B1417271853188S04154953WA0100701105
B1417311853188S04154952WA0100701106
B1417351853187S04154953WA0100701106
B1417391853187S04154953WA0100701105
B1417431853187S04154952WA0100701105
B1417471853187S04154952WA0100701106
B1417511853187S04154952WA0100701107
B1417551853187S04154951WA0100701107
B1417591853187S04154951WA0100701108
B1418031853187S04154951WA0100701108
B1418071853187S04154952WA0100701108
B1418111853187S04154952WA0100701104
B1418151853188S04154954WA0100701102
B1418191853187S04154954WA0100701100
B1418231853187S04154955WA0100701099
B1418271853187S04154956WA0100701098
B1418311853187S04154956WA0100701098
B1418351853187S04154956WA0100701098
B1418391853187S04154956WA0100701097
B1418431853187S04154957WA0100701097
B1418471853187S04154957WA0100701096
B1418511853187S04154957WA0100701095
B1418551853187S04154957WA0100701095
B1418591853187S04154957WA0100701094
B1419031853187S04154957WA0100701093
B1419071853187S04154957WA0100701093
B1419111853187S04154958WA0100701093
B1419151853187S04154958WA0100701093
B1419191853187S04154958WA0100701093
B1419231853187S04154958WA0100701093
B1419271853187S04154958WA0100701093
B1419311853188S04154959WA0100701093
B1419351853188S04154959WA0100701093
B1419391853187S04154959WA0100701093
B1419431853187S04154959WA0100701094
B1419471853187S04154959WA0100701094
B1419511853187S04154959WA0100701095
B1419551853187S04154959WA0100801095
B1419591853187S04154959WA0100801095
B1420031853187S04154959WA0100801095
B1420071853187S04154959WA0100801095
B1420111853187S04154958WA0100801096
B1420151853187S04154959WA0100801095
B1420191853187S04154959WA0100701096
B1420231853187S04154958WA0100701096
B1420271853187S04154958WA0100701097
B1420311853187S04154958WA0100701097
B1420351853188S04154959WA0100801098
B1420391853189S04154960WA0100801102
B1420431853188S04154963WA0100801105
B1420471853188S04154966WA0100701103
B1420511853185S04154970WA0100801100
B1420551853185S04154970WA0100801098
B1420591853186S04154969WA0100801092
B1421031853186S04154971WA0100801087
B1421071853186S04154970WA0100801081
B1421111853188S04154969WA0100801073
B1421151853189S04154970WA0100801069
B1421191853191S04154969WA0100801073
B1421231853190S04154968WA0100801081
B1421271853190S04154966WA0100801086
B1421311853190S04154964WA0100801087
B1421351853189S04154963WA0100801088
B1421391853189S04154963WA0100801088
B1421431853189S04154963WA0100801090
B1421471853189S04154963WA0100801092
B1421511853189S04154963WA0100801095
B1421551853188S04154964WA0100801096
B1421591853188S04154964WA0100801098
B1422031853189S04154962WA0100801099
B1422071853191S04154959WA0100801100
B1422111853191S04154957WA0100801101
B1422151853192S04154955WA0100801101
B1422191853193S04154953WA0100701103
B1422231853194S04154951WA0100701104
B1422271853195S04154949WA0100701103
B1422311853195S04154949WA0100701103
B1422351853195S04154949WA0100701103
B1422391853195S04154948WA0100701104
B1422431853196S04154949WA0100601104
B1422471853197S04154949WA0100601102
B1422511853198S04154950WA0100601099
B1422551853199S04154951WA0100601099
B1422591853198S04154952WA0100601096
B1423031853197S04154952WA0100601094
B1423071853197S04154952WA0100601095
B1423111853197S04154952WA0100601095
B1423151853197S04154952WA0100601096
B1423191853197S04154952WA0100601096
B1423231853198S04154952WA0100601095
B1423271853200S04154951WA0100601094
B1423311853201S04154949WA0100601095
B1423351853199S04154946WA0100601094
B1423391853198S04154944WA0100601095
B1423431853196S04154942WA0100601093
B1423471853196S04154940WA0100701092
B1423511853195S04154938WA0100601092
B1423551853194S04154935WA0100501093
B1423591853193S04154932WA0100501093
B1424031853193S04154930WA0100401094
B1424071853193S04154927WA0100401091
B1424111853193S04154925WA0100301090
B1424151853193S04154921WA0100301088
B1424191853194S04154918WA0100201087
B1424231853194S04154915WA0100201088
B1424271853194S04154913WA0100201086
B1424311853194S04154909WA0100201086
B1424351853194S04154907WA0100201087
B1424391853195S04154904WA0100201086
B1424431853196S04154901WA0100101086
B1424471853197S04154898WA0100101088
B1424511853198S04154896WA0100101087
B1424551853199S04154893WA0100001088
B1424591853200S04154890WA0100001089
B1425031853201S04154886WA0100001088
B1425071853202S04154885WA0100001089
B1425111853203S04154885WA0099901088
B1425151853202S04154885WA0099901088
B1425191853202S04154884WA0099901088
B1425231853202S04154884WA0099901088
B1425271853202S04154884WA0099901088
B1425311853202S04154884WA0099901088
B1425351853202S04154884WA0099901088
B1425391853201S04154884WA0099901088
B1425431853201S04154884WA0099901089
B1425471853201S04154885WA0099901090
B1425511853201S04154885WA0099901090
B1425551853201S04154885WA0099901089
B1425591853201S04154885WA0099901088
B1426031853201S04154885WA0099901086
B1426071853201S04154885WA0099901085
B1426111853201S04154885WA0099901084
B1426151853201S04154885WA0100001084
B1426191853201S04154885WA0100001083
B1426231853201S04154885WA0099901083
B1426271853201S04154885WA0099901083
B1426311853201S04154885WA0100001084
B1426351853201S04154885WA0100001083
B1426391853201S04154885WA0099901084
B1426431853201S04154885WA0100001084
B1426471853201S04154885WA0100001083
B1426511853201S04154885WA0100001083
B1426551853201S04154885WA0100001083
B1426591853201S04154885WA0100001083
B1427031853201S04154885WA0100001084
B1427071853201S04154885WA0100001084
B1427111853201S04154885WA0100001084
B1427151853201S04154885WA0100001084
B1427191853201S04154885WA0100001085
B1427231853201S04154885WA0100001085
B1427271853201S04154885WA0100001084
B1427311853202S04154885WA0100001085
B1427351853202S04154886WA0100001085
B1427391853202S04154886WA0100001086
B1427431853202S04154886WA0100001086
B1427471853202S04154885WA0100001086
B1427511853202S04154885WA0100001086
B1427551853202S04154885WA0100001086
B1427591853202S04154885WA0100001086
B1428031853202S04154885WA0100001086
B1428071853202S04154885WA0100001086
B1428111853202S04154885WA0100001086
B1428151853202S04154885WA0100001086
B1428191853201S04154885WA0100001085
B1428231853202S04154885WA0100001085
B1428271853202S04154885WA0100001085
B1428311853201S04154885WA0100001085
B1428351853201S04154885WA0100001084
B1428391853201S04154885WA0100001085
B1428431853201S04154885WA0100001085
B1428471853201S04154885WA0100001085
B1428511853201S04154885WA0100001085
B1428551853201S04154884WA0100001085
B1428591853201S04154884WA0100001084
B1429031853201S04154884WA0100001084
B1429071853201S04154884WA0100001085
B1429111853201S04154884WA0100001085
B1429151853201S04154884WA0100001085
B1429191853201S04154885WA0100001085
B1429231853200S04154884WA0100001085
B1429271853200S04154884WA0100001084
B1429311853200S04154884WA0100001084
B1429351853200S04154884WA0100001084
B1429391853200S04154884WA0100001084
B1429431853200S04154884WA0100001084
B1429471853200S04154884WA0100001084
B1429511853201S04154884WA0100001085
B1429551853201S04154884WA0100001085
B1429591853201S04154884WA0100001084
B1430031853201S04154884WA0100001084
B1430071853201S04154885WA0100001084
B1430111853201S04154885WA0100001085
B1430151853201S04154885WA0100001085
B1430191853201S04154885WA0100001086
B1430231853201S04154885WA0100001086
B1430271853201S04154885WA0100001087
B1430311853201S04154885WA0100001087
B1430351853201S04154885WA0100001087
B1430391853200S04154885WA0100001086
B1430431853201S04154885WA0100001086
B1430471853201S04154885WA0100001086
B1430511853201S04154885WA0100001085
B1430551853200S04154885WA0100001085
B1430591853200S04154885WA0100001086
B1431031853201S04154885WA0100001085
B1431071853201S04154885WA0100001085
B1431111853201S04154885WA0100001085
B1431151853200S04154884WA0100001084
B1431191853200S04154884WA0100001083
B1431231853200S04154884WA0100001083
B1431271853200S04154884WA0100001082
B1431311853200S04154884WA0100001082
B1431351853200S04154884WA0100001082
B1431391853199S04154883WA0100001082
B1431431853199S04154883WA0100001083
B1431471853199S04154883WA0100001083
B1431511853198S04154883WA0100001082
B1431551853198S04154883WA0100001082
B1431591853198S04154883WA0100001082
B1432031853198S04154883WA0100001083
B1432071853198S04154883WA0100001084
B1432111853197S04154883WA0100001084
B1432151853197S04154883WA0100001084
B1432191853197S04154883WA0100001085
B1432231853197S04154883WA0100001085
B1432271853197S04154883WA0100001085
B1432311853198S04154883WA0100001084
B1432351853198S04154883WA0100001084
B1432391853197S04154883WA0100001084
B1432431853197S04154884WA0100001085
B1432471853197S04154884WA0100001085
B1432511853197S04154884WA0100001086
B1432551853197S04154884WA0100001086
B1432591853197S04154883WA0100001086
B1433031853197S04154884WA0100001086
B1433071853197S04154884WA0100001087
B1433111853197S04154884WA0100001087
B1433151853198S04154884WA0100001087
B1433191853198S04154885WA0100001087
B1433231853198S04154885WA0100001087
B1433271853199S04154885WA0100001086
B1433311853199S04154885WA0100001086
B1433351853199S04154884WA0100001085
B1433391853199S04154884WA0100001084
B1433431853199S04154884WA0100001084
B1433471853199S04154884WA0100001083
B1433511853199S04154884WA0100001084
B1433551853199S04154884WA0100001084
B1433591853199S04154884WA0100001085
B1434031853199S04154884WA0100001085
B1434071853198S04154884WA0100001085
B1434111853199S04154884WA0100001086
B1434151853199S04154884WA0100101086
B1434191853199S04154885WA0100101087
B1434231853199S04154885WA0100101087
B1434271853199S04154885WA0100101087
B1434311853199S04154885WA0100101088
B1434351853199S04154885WA0100101088
B1434391853199S04154885WA0100101088
B1434431853199S04154885WA0100101088
B1434471853199S04154885WA0100101088
B1434511853199S04154885WA0100101088
B1434551853199S04154885WA0100101087
B1434591853199S04154885WA0100101086
B1435031853199S04154885WA0100101086
B1435071853199S04154885WA0100101086
B1435111853199S04154885WA0100101085
B1435151853199S04154885WA0100101085
B1435191853199S04154885WA0100101085
B1435231853199S04154885WA0100101086
B1435271853200S04154885WA0100101086
B1435311853200S04154885WA0100101086
B1435351853200S04154885WA0100101086
B1435391853200S04154885WA0100101086
B1435431853200S04154885WA0100101085
B1435471853200S04154885WA0100101085
B1435511853200S04154885WA0100101085
B1435551853200S04154885WA0100101085
B1435591853200S04154885WA0100101086
B1436031853200S04154885WA0100101086
B1436071853200S04154885WA0100101086
B1436111853200S04154885WA0100101086
B1436151853200S04154885WA0100101086
B1436191853201S04154885WA0100101086
B1436231853201S04154885WA0100101086
B1436271853201S04154885WA0100101085
B1436311853201S04154885WA0100101085
B1436351853200S04154885WA0100101085
B1436391853200S04154885WA0100101084
B1436431853201S04154885WA0100101084
B1436471853200S04154884WA0100101084
B1436511853200S04154884WA0100101085
B1436551853201S04154884WA0100101085
B1436591853201S04154884WA0100101085
B1437031853201S04154885WA0100101085
B1437071853201S04154885WA0100101085
B1437111853201S04154885WA0100101085
B1437151853201S04154885WA0100201085
B1437191853201S04154885WA0100101085
B1437231853202S04154885WA0100101085
B1437271853202S04154885WA0100101085
B1437311853201S04154884WA0100101085
B1437351853202S04154885WA0100101085
B1437391853200S04154884WA0100201085
B1437431853200S04154884WA0100201086
B1437471853200S04154884WA0100201086
B1437511853200S04154884WA0100201086
B1437551853200S04154884WA0100201086
B1437591853200S04154884WA0100201085
B1438031853201S04154884WA0100201083
B1438071853201S04154884WA0100201082
B1438111853201S04154884WA0100201082
B1438151853200S04154884WA0100201082
B1438191853200S04154884WA0100201082
B1438231853200S04154884WA0100201083
B1438271853200S04154884WA0100201084
B1438311853200S04154884WA0100201085
B1438351853200S04154884WA0100201085
B1438391853200S04154884WA0100201085
B1438431853200S04154884WA0100201084
B1438471853200S04154884WA0100201084
B1438511853200S04154884WA0100201085
B1438551853200S04154884WA0100201083
B1438591853200S04154884WA0100201082
B1439031853200S04154884WA0100201082
B1439071853200S04154884WA0100201082
B1439111853199S04154884WA0100201082
B1439151853200S04154885WA0100201081
B1439191853200S04154885WA0100201080
B1439231853200S04154885WA0100201079
B1439271853201S04154885WA0100201080
B1439311853201S04154885WA0100201080
B1439351853201S04154885WA0100201080
B1439391853201S04154885WA0100201080
B1439431853201S04154885WA0100201080
B1439471853201S04154885WA0100201079
B1439511853201S04154885WA0100201079
B1439551853202S04154885WA0100201078
B1439591853201S04154885WA0100201078
B1440031853201S04154885WA0100201078
B1440071853202S04154885WA0100201078
B1440111853202S04154885WA0100201079
B1440151853202S04154885WA0100201079
B1440191853202S04154885WA0100201079
B1440231853202S04154885WA0100201079
B1440271853202S04154885WA0100201079
B1440311853202S04154885WA0100201078
B1440351853202S04154885WA0100201078
B1440391853202S04154885WA0100201078
B1440431853202S04154885WA0100201078
B1440471853202S04154885WA0100201078
B1440511853202S04154885WA0100201078
B1440551853202S04154885WA0100201078
B1440591853202S04154885WA0100201078
B1441031853202S04154885WA0100201079
B1441071853202S04154884WA0100201079
B1441111853202S04154884WA0100201080
B1441151853202S04154884WA0100201080
B1441191853202S04154884WA0100201080
B1441231853202S04154884WA0100201080
B1441271853202S04154884WA0100201081
B1441311853202S04154884WA0100201081
B1441351853202S04154884WA0100201081
B1441391853201S04154885WA0100201081
B1441431853201S04154885WA0100201080
B1441471853201S04154885WA0100201080
B1441511853201S04154885WA0100201081
B1441551853201S04154885WA0100201080
B1441591853201S04154885WA0100201081
B1442031853201S04154885WA0100201081
B1442071853201S04154885WA0100201081
B1442111853201S04154884WA0100201081
B1442151853201S04154884WA0100201082
B1442191853201S04154884WA0100201082
B1442231853200S04154884WA0100201082
B1442271853199S04154884WA0100201083
B1442311853199S04154884WA0100201084
B1442351853199S04154884WA0100201086
B1442391853199S04154884WA0100201086
B1442431853199S04154885WA0100201085
B1442471853200S04154885WA0100201086
B1442511853200S04154884WA0100201085
B1442551853201S04154884WA0100201085
B1442591853201S04154884WA0100201084
B1443031853201S04154884WA0100201082
B1443071853201S04154884WA0100201081
B1443111853201S04154884WA0100201081
B1443151853201S04154884WA0100201080
B1443191853201S04154884WA0100201080
B1443231853202S04154883WA0100201080
B1443271853201S04154883WA0100201081
B1443311853201S04154883WA0100201081
B1443351853201S04154883WA0100201080
B1443391853201S04154883WA0100201081
B1443431853201S04154883WA0100201081
B1443471853201S04154883WA0100201080
B1443511853201S04154883WA0100201080
B1443551853201S04154884WA0100201081
B1443591853202S04154884WA0100201081
B1444031853201S04154884WA0100201082
B1444071853201S04154884WA0100201082
B1444111853201S04154884WA0100201082
B1444151853202S04154884WA0100201082
B1444191853202S04154884WA0100201082
B1444231853202S04154884WA0100201083
B1444271853201S04154884WA0100201083
B1444311853201S04154884WA0100201083
B1444351853201S04154884WA0100201082
B1444391853201S04154884WA0100201082
B1444431853201S04154884WA0100201083
B1444471853201S04154884WA0100201083
B1444511853201S04154884WA0100201083
B1444551853201S04154884WA0100201083
B1444591853201S04154884WA0100201083
B1445031853201S04154884WA0100201081
B1445071853200S04154885WA0100201081
B1445111853201S04154885WA0100201081
B1445151853201S04154885WA0100201080
B1445191853201S04154885WA0100201081
B1445231853200S04154885WA0100201081
B1445271853200S04154885WA0100201080
B1445311853200S04154885WA0100201080
B1445351853200S04154885WA0100201080
B1445391853200S04154884WA0100201080
B1445431853200S04154884WA0100201081
B1445471853200S04154884WA0100201081
B1445511853200S04154884WA0100201082
B1445551853200S04154884WA0100201080
B1445591853199S04154884WA0100201080
B1446031853199S04154884WA0100301080
B1446071853199S04154884WA0100301080
B1446111853199S04154884WA0100301080
B1446151853198S04154884WA0100301082
B1446191853197S04154885WA0100301081
B1446231853195S04154885WA0100301082
B1446271853194S04154886WA0100301082
B1446311853194S04154886WA0100301083
B1446351853193S04154886WA0100301084
B1446391853194S04154885WA0100301084
B1446431853194S04154886WA0100301085
B1446471853194S04154885WA0100301085
B1446511853194S04154886WA0100301085
B1446551853194S04154885WA0100301085
B1446591853194S04154885WA0100301085
B1447031853194S04154885WA0100301085
B1447071853194S04154885WA0100201085
B1447111853194S04154886WA0100301085
B1447151853194S04154886WA0100201085
B1447191853194S04154886WA0100301084
B1447231853194S04154886WA0100301084
B1447271853193S04154886WA0100301084
B1447311853193S04154886WA0100201085
B1447351853193S04154886WA0100201085
B1447391853193S04154886WA0100201085
B1447431853194S04154886WA0100301085
B1447471853194S04154886WA0100301085
B1447511853194S04154886WA0100301085
B1447551853194S04154886WA0100301085
B1447591853194S04154886WA0100301085
B1448031853194S04154885WA0100301085
B1448071853194S04154885WA0100301086
B1448111853194S04154885WA0100301086
B1448151853194S04154885WA0100301086
B1448191853194S04154885WA0100301086
B1448231853194S04154885WA0100301086
B1448271853194S04154885WA0100301086
B1448311853194S04154885WA0100301086
B1448351853194S04154885WA0100301086
B1448391853194S04154884WA0100301086
B1448431853194S04154884WA0100301086
B1448471853194S04154885WA0100301086
B1448511853194S04154885WA0100301086
B1448551853194S04154885WA0100301087
B1448591853194S04154885WA0100301087
B1449031853194S04154885WA0100301087
B1449071853194S04154885WA0100301088
B1449111853194S04154885WA0100301088
B1449151853194S04154886WA0100301089
B1449191853196S04154884WA0100301088
B1449231853198S04154883WA0100301089
B1449271853199S04154883WA0100301088
B1449311853199S04154883WA0100301087
B1449351853199S04154883WA0100301086
B1449391853199S04154883WA0100301085
B1449431853199S04154883WA0100301084
B1449471853200S04154884WA0100301083
B1449511853200S04154884WA0100301083
B1449551853200S04154884WA0100301083
B1449591853200S04154884WA0100301082
B1450031853200S04154884WA0100301082
B1450071853200S04154884WA0100301082
B1450111853201S04154884WA0100301082
B1450151853201S04154884WA0100301082
B1450191853201S04154884WA0100301081
B1450231853201S04154884WA0100301081
B1450271853201S04154884WA0100301081
B1450311853201S04154884WA0100301081
B1450351853201S04154884WA0100301081
B1450391853199S04154883WA0100301082
B1450431853197S04154884WA0100401082
B1450471853196S04154885WA0100401083
B1450511853196S04154885WA0100301083
B1450551853196S04154885WA0100301083
B1450591853197S04154883WA0100401084
B1451031853199S04154884WA0100401084
B1451071853200S04154884WA0100301084
B1451111853200S04154883WA0100301084
B1451151853200S04154884WA0100301085
B1451191853200S04154883WA0100301085
B1451231853200S04154882WA0100401085
B1451271853202S04154880WA0100301083
B1451311853204S04154879WA0100301083
B1451351853205S04154878WA0100301082
B1451391853205S04154877WA0100201081
B1451431853206S04154878WA0100201080
B1451471853206S04154878WA0100201080
B1451511853206S04154878WA0100201080
B1451551853205S04154877WA0100201080
B1451591853205S04154878WA0100201080
B1452031853205S04154878WA0100201080
B1452071853205S04154879WA0100201081
B1452111853204S04154880WA0100301082
B1452151853203S04154881WA0100301083
B1452191853202S04154883WA0100301083
B1452231853201S04154884WA0100401083
B1452271853202S04154884WA0100301083
B1452311853202S04154884WA0100301084
B1452351853201S04154884WA0100301083
B1452391853201S04154884WA0100401082
B1452431853201S04154884WA0100401083
B1452471853201S04154884WA0100401082
B1452511853201S04154884WA0100301082
B1452551853201S04154884WA0100301082
B1452591853201S04154884WA0100301082
B1453031853201S04154884WA0100301083
B1453071853201S04154884WA0100301082
B1453111853201S04154884WA0100301083
B1453151853200S04154884WA0100301084
B1453191853200S04154884WA0100301084
B1453231853200S04154884WA0100301084
B1453271853200S04154884WA0100301085
B1453311853200S04154884WA0100301086
B1453351853200S04154884WA0100301087
B1453391853199S04154884WA0100301087
B1453431853200S04154884WA0100301087
B1453471853200S04154884WA0100301088
B1453511853200S04154885WA0100301088
B1453551853201S04154885WA0100301087
B1453591853200S04154885WA0100301086
B1454031853200S04154885WA0100301086
B1454071853200S04154885WA0100301086
B1454111853200S04154884WA0100301086
B1454151853200S04154884WA0100301085
B1454191853200S04154884WA0100301084
B1454231853200S04154884WA0100301083
B1454271853200S04154884WA0100401083
B1454311853200S04154884WA0100401082
B1454351853200S04154884WA0100401082
B1454391853200S04154884WA0100401081
B1454431853200S04154884WA0100401081
B1454471853201S04154884WA0100401081
B1454511853201S04154884WA0100401081
B1454551853201S04154884WA0100401081
B1454591853201S04154884WA0100401081
B1455031853201S04154884WA0100401081
B1455071853201S04154885WA0100401081
B1455111853201S04154885WA0100401081
B1455151853201S04154885WA0100401081
B1455191853201S04154885WA0100401080
B1455231853201S04154885WA0100401080
B1455271853201S04154885WA0100401081
B1455311853201S04154885WA0100401080
B1455351853201S04154885WA0100401080
B1455391853201S04154885WA0100401080
B1455431853201S04154885WA0100401080
B1455471853201S04154885WA0100401079
B1455511853201S04154885WA0100401079
B1455551853202S04154885WA0100401079
B1455591853202S04154885WA0100401079
B1456031853202S04154885WA0100401080
B1456071853202S04154885WA0100401079
B1456111853202S04154885WA0100401079
B1456151853202S04154885WA0100401079
B1456191853202S04154885WA0100401080
B1456231853202S04154885WA0100401080
B1456271853202S04154885WA0100401080
B1456311853200S04154885WA0100401080
B1456351853198S04154885WA0100401080
B1456391853197S04154886WA0100401079
B1456431853196S04154887WA0100401079
B1456471853195S04154886WA0100401079
B1456511853195S04154887WA0100401079
B1456551853195S04154887WA0100401079
B1456591853195S04154887WA0100401079
B1457031853195S04154887WA0100401079
B1457071853195S04154887WA0100401079
B1457111853195S04154887WA0100401079
B1457151853195S04154887WA0100401079
B1457191853195S04154888WA0100401079
B1457231853195S04154887WA0100401079
B1457271853195S04154887WA0100401079
B1457311853195S04154887WA0100401079
B1457351853195S04154887WA0100401079
B1457391853196S04154887WA0100401078
B1457431853196S04154887WA0100401078
B1457471853196S04154887WA0100401077
B1457511853196S04154887WA0100401077
B1457551853196S04154887WA0100401077
B1457591853196S04154887WA0100401078
B1458031853196S04154887WA0100401078
B1458071853196S04154887WA0100401078
B1458111853196S04154886WA0100401080
B1458151853195S04154886WA0100401080
B1458191853195S04154886WA0100401081
B1458231853195S04154886WA0100401081
B1458271853195S04154886WA0100401082
B1458311853195S04154886WA0100401082
B1458351853195S04154886WA0100401082
B1458391853195S04154886WA0100401082
B1458431853195S04154886WA0100401082
B1458471853195S04154886WA0100401083
B1458511853195S04154886WA0100401083
B1458551853195S04154886WA0100401083
B1458591853195S04154886WA0100401083
B1459031853195S04154886WA0100401084
B1459071853195S04154886WA0100401084
B1459111853195S04154886WA0100401084
B1459151853195S04154886WA0100401084
B1459191853195S04154886WA0100401084
B1459231853195S04154886WA0100401084
B1459271853195S04154886WA0100401084
B1459311853195S04154886WA0100401084
B1459351853195S04154886WA0100401083
B1459391853195S04154886WA0100401083
B1459431853195S04154886WA0100401084
B1459471853195S04154886WA0100401084
B1459511853195S04154886WA0100501083
B1459551853195S04154886WA0100501084
B1459591853195S04154886WA0100501083
B1500031853195S04154887WA0100501083
B1500071853195S04154886WA0100501083
B1500111853195S04154887WA0100501083
B1500151853195S04154887WA0100501083
B1500191853195S04154887WA0100501083
B1500231853195S04154887WA0100501083
B1500271853195S04154887WA0100501083
B1500311853195S04154887WA0100501083
B1500351853195S04154887WA0100501084
B1500391853194S04154888WA0100501085
B1500431853195S04154889WA0100501085
B1500471853195S04154889WA0100501084
B1500511853195S04154889WA0100501084
B1500551853195S04154889WA0100501083
B1500591853195S04154888WA0100501083
B1501031853194S04154888WA0100501083
B1501071853195S04154888WA0100501083
B1501111853195S04154888WA0100501083
B1501151853195S04154888WA0100501083
B1501191853195S04154888WA0100501083
B1501231853195S04154888WA0100501083
B1501271853195S04154888WA0100501083
B1501311853195S04154888WA0100501083
B1501351853195S04154888WA0100501083
B1501391853195S04154888WA0100501082
B1501431853195S04154888WA0100501082
B1501471853195S04154888WA0100501082
B1501511853195S04154888WA0100501083
B1501551853195S04154888WA0100501084
B1501591853195S04154888WA0100501084
B1502031853195S04154888WA0100501083
B1502071853195S04154888WA0100501083
B1502111853195S04154888WA0100501082
B1502151853195S04154888WA0100501083
B1502191853195S04154888WA0100501082
B1502231853195S04154888WA0100501082
B1502271853194S04154888WA0100501082
B1502311853194S04154888WA0100501082
B1502351853194S04154888WA0100501081
B1502391853194S04154888WA0100501081
B1502431853194S04154888WA0100501081
B1502471853194S04154888WA0100501081
B1502511853194S04154888WA0100501081
B1502551853194S04154888WA0100501081
B1502591853194S04154888WA0100501081
B1503031853194S04154888WA0100501081
B1503071853194S04154888WA0100501081
B1503111853194S04154888WA0100501082
B1503151853194S04154888WA0100501081
B1503191853194S04154888WA0100501082
B1503231853194S04154888WA0100501081
B1503271853194S04154888WA0100501082
B1503311853194S04154888WA0100501082
B1503351853194S04154888WA0100501082
B1503391853194S04154888WA0100501082
B1503431853194S04154888WA0100501082
B1503471853194S04154888WA0100501082
B1503511853194S04154888WA0100501082
B1503551853194S04154888WA0100501082
B1503591853194S04154888WA0100501082
B1504031853194S04154888WA0100501082
B1504071853194S04154888WA0100501082
B1504111853194S04154888WA0100501082
B1504151853194S04154888WA0100501082
B1504191853194S04154888WA0100501082
B1504231853194S04154888WA0100501082
B1504271853194S04154888WA0100501083
B1504311853194S04154888WA0100501083
B1504351853194S04154888WA0100501083
B1504391853194S04154889WA0100501083
B1504431853195S04154889WA0100501083
B1504471853194S04154890WA0100501083
B1504511853194S04154890WA0100501083
B1504551853194S04154890WA0100501083
B1504591853194S04154890WA0100501084
B1505031853194S04154890WA0100501084
B1505071853194S04154891WA0100501083
B1505111853194S04154891WA0100501083
B1505151853194S04154891WA0100501083
B1505191853194S04154891WA0100501083
B1505231853194S04154891WA0100501083
B1505271853194S04154890WA0100501083
B1505311853194S04154891WA0100501082
B1505351853194S04154891WA0100501082
B1505391853194S04154891WA0100501082
B1505431853194S04154891WA0100501081
B1505471853194S04154891WA0100501081
B1505511853194S04154891WA0100501081
B1505551853193S04154890WA0100501082
B1505591853193S04154890WA0100501081
B1506031853193S04154890WA0100501082
B1506071853193S04154889WA0100501082
B1506111853193S04154889WA0100501083
B1506151853193S04154889WA0100501083
B1506191853193S04154889WA0100501084
B1506231853193S04154889WA0100501085
B1506271853193S04154889WA0100501085
B1506311853193S04154889WA0100501085
B1506351853193S04154889WA0100501085
B1506391853193S04154889WA0100501084
B1506431853193S04154889WA0100501084
B1506471853193S04154889WA0100501084
B1506511853193S04154889WA0100501085
B1506551853193S04154889WA0100501086
B1506591853193S04154889WA0100501086
B1507031853193S04154889WA0100501087
B1507071853193S04154889WA0100501087
B1507111853193S04154889WA0100501087
B1507151853193S04154889WA0100501086
B1507191853193S04154889WA0100501086
B1507231853193S04154889WA0100501086
B1507271853193S04154889WA0100501085
B1507311853193S04154889WA0100501085
B1507351853193S04154889WA0100501085
B1507391853193S04154889WA0100501085
B1507431853193S04154890WA0100601085
B1507471853191S04154890WA0100501084
B1507511853190S04154890WA0100501083
B1507551853190S04154890WA0100401084
B1507591853190S04154890WA0100501085
B1508031853190S04154890WA0100401086
B1508071853190S04154890WA0100401085
B1508111853190S04154890WA0100401085
B1508151853190S04154890WA0100401086
B1508191853190S04154890WA0100401086
B1508231853190S04154889WA0100401087
B1508271853190S04154889WA0100401087
B1508311853190S04154889WA0100401088
B1508351853190S04154889WA0100401088
B1508391853190S04154889WA0100401088
B1508431853190S04154889WA0100401088
B1508471853190S04154890WA0100401088
B1508511853190S04154889WA0100401088
B1508551853190S04154889WA0100401087
B1508591853190S04154889WA0100401088
B1509031853189S04154889WA0100401088
B1509071853190S04154889WA0100401088
B1509111853190S04154889WA0100501087
B1509151853190S04154889WA0100501085
B1509191853190S04154889WA0100501085
B1509231853190S04154889WA0100501084
B1509271853190S04154889WA0100501084
B1509311853190S04154889WA0100501083
B1509351853190S04154889WA0100501083
B1509391853190S04154889WA0100501083
B1509431853190S04154889WA0100501082
B1509471853190S04154889WA0100501082
B1509511853190S04154889WA0100501082
B1509551853190S04154889WA0100501082
B1509591853190S04154890WA0100501081
B1510031853190S04154890WA0100501081
B1510071853190S04154890WA0100501082
B1510111853190S04154890WA0100501082
B1510151853190S04154890WA0100501081
B1510191853190S04154890WA0100501081
B1510231853190S04154890WA0100501081
B1510271853190S04154890WA0100501081
B1510311853190S04154890WA0100501082
B1510351853191S04154890WA0100501081
B1510391853191S04154890WA0100501081
B1510431853191S04154890WA0100501080
B1510471853191S04154890WA0100501080
B1510511853191S04154890WA0100501080
B1510551853191S04154890WA0100501080
B1510591853191S04154890WA0100501080
B1511031853190S04154890WA0100501080
B1511071853190S04154890WA0100501080
B1511111853190S04154890WA0100501080
B1511151853190S04154890WA0100501081
B1511191853190S04154890WA0100501081
B1511231853190S04154890WA0100501081
B1511271853190S04154890WA0100501080
B1511311853191S04154890WA0100501080
B1511351853191S04154890WA0100501080
B1511391853190S04154890WA0100501080
B1511431853191S04154890WA0100501080
B1511471853191S04154889WA0100501080
B1511511853191S04154889WA0100501080
B1511551853191S04154889WA0100501080
B1511591853191S04154889WA0100501081
B1512031853191S04154889WA0100501081
B1512071853191S04154889WA0100501081
B1512111853190S04154889WA0100501082
B1512151853190S04154889WA0100501082
B1512191853190S04154889WA0100501082
B1512231853190S04154889WA0100501082
B1512271853191S04154889WA0100501082
B1512311853190S04154889WA0100501082
B1512351853191S04154889WA0100501082
B1512391853190S04154890WA0100501081
B1512431853190S04154890WA0100501081
B1512471853190S04154890WA0100501081
B1512511853190S04154890WA0100501082
B1512551853190S04154890WA0100501082
B1512591853190S04154889WA0100501082
B1513031853191S04154889WA0100501082
B1513071853190S04154890WA0100501081
B1513111853190S04154890WA0100501081
B1513151853190S04154890WA0100501081
B1513191853190S04154890WA0100501081
B1513231853190S04154890WA0100501081
B1513271853190S04154890WA0100601081
B1513311853190S04154889WA0100601081
B1513351853190S04154889WA0100601081
B1513391853190S04154889WA0100601081
B1513431853190S04154889WA0100601082
B1513471853190S04154889WA0100601082
B1513511853190S04154889WA0100601082
B1513551853190S04154889WA0100501083
B1513591853190S04154889WA0100501083
B1514031853190S04154889WA0100501083
B1514071853190S04154889WA0100501084
B1514111853190S04154889WA0100501084
B1514151853189S04154889WA0100501085
B1514191853189S04154889WA0100501085
B1514231853190S04154889WA0100501084
B1514271853190S04154889WA0100601083
B1514311853190S04154889WA0100501083
B1514351853190S04154889WA0100501084
B1514391853190S04154889WA0100501084
B1514431853189S04154889WA0100501084
B1514471853190S04154889WA0100501085
B1514511853190S04154889WA0100501084
B1514551853189S04154888WA0100601083
B1514591853185S04154886WA0100401081
B1515031853171S04154881WA0099801075
B1515071853158S04154871WA0099601075
B1515111853145S04154859WA0099401071
B1515151853138S04154843WA0099501073
B1515191853128S04154825WA0098901067
B1515231853122S04154806WA0098901067
B1515271853115S04154786WA0098901068
B1515311853112S04154769WA0099301071
B1515351853110S04154748WA0099301071
B1515391853102S04154737WA0099701075
B1515431853097S04154720WA0099201066
B1515471853097S04154697WA0099001067
B1515511853095S04154679WA0099001066
B1515551853084S04154667WA0099201069
B1515591853068S04154658WA0099101070
B1516031853056S04154650WA0099801077
B1516071853047S04154638WA0100201080
B1516111853036S04154626WA0099601070
B1516151853023S04154613WA0098701063
B1516191853006S04154598WA0097601053
B1516231852997S04154586WA0098001059
B1516271852984S04154574WA0097801056
B1516311852973S04154560WA0098201059
B1516351852959S04154550WA0098301060
B1516391852946S04154537WA0098101057
B1516431852934S04154525WA0098301059
B1516471852921S04154511WA0097801053
B1516511852911S04154496WA0097501049
B1516551852903S04154475WA0096701042
B1516591852897S04154454WA0096501040
B1517031852892S04154429WA0096201039
B1517071852897S04154406WA0096701043
B1517111852904S04154379WA0096901046
B1517151852914S04154353WA0097101047
B1517191852917S04154327WA0097301048
B1517231852907S04154309WA0097001045
B1517271852895S04154297WA0097201047
B1517311852884S04154292WA0097801055
B1517351852871S04154290WA0098301060
B1517391852861S04154285WA0099201069
B1517431852858S04154267WA0099301069
B1517471852851S04154264WA0100101077
B1517511852844S04154287WA0099901075
B1517551852866S04154310WA0100201084
B1517591852891S04154323WA0100501085
B1518031852926S04154323WA0100901095
B1518071852956S04154307WA0101601099
B1518111852980S04154285WA0102001103
B1518151853008S04154276WA0102401107
B1518191853021S04154297WA0102301105
B1518231853005S04154301WA0102301101
B1518271852993S04154280WA0102301101
B1518311852986S04154259WA0103201111
B1518351852976S04154240WA0103801114
B1518391852966S04154220WA0104801125
B1518431852954S04154197WA0105601134
B1518471852943S04154174WA0106701145
B1518511852939S04154149WA0106901145
B1518551852956S04154135WA0107601153
B1518591852969S04154156WA0107901157
B1519031852949S04154161WA0108501158
B1519071852935S04154143WA0109301167
B1519111852947S04154121WA0109501172
B1519151852967S04154133WA0110001177
B1519191852963S04154154WA0110501179
B1519231852953S04154172WA0111501186
B1519271852952S04154198WA0112301199
B1519311852943S04154213WA0113401213
B1519351852922S04154209WA0113901223
B1519391852907S04154199WA0115101235
B1519431852888S04154188WA0115801243
B1519471852870S04154181WA0116701254
B1519511852851S04154174WA0116901255
B1519551852832S04154177WA0117901268
B1519591852816S04154182WA0119001279
B1520031852800S04154180WA0120001291
B1520071852787S04154174WA0120901297
B1520111852786S04154158WA0121701305
B1520151852809S04154150WA0122601314
B1520191852824S04154170WA0123801327
B1520231852809S04154180WA0124801338
B1520271852799S04154171WA0126001347
B1520311852786S04154156WA0126901360
B1520351852802S04154145WA0128201371
B1520391852825S04154162WA0129301383
B1520431852817S04154188WA0130201394
B1520471852804S04154200WA0132101410
B1520511852788S04154197WA0132901416
B1520551852785S04154181WA0134201430
B1520591852806S04154171WA0135101439
B1521031852829S04154188WA0136101451
B1521071852837S04154211WA0137701464
B1521111852826S04154226WA0138501473
B1521151852810S04154219WA0139501483
B1521191852798S04154205WA0140301493
B1521231852804S04154189WA0141301502
B1521271852827S04154188WA0142001510
B1521311852841S04154214WA0142401514
B1521351852826S04154233WA0143801524
B1521391852813S04154221WA0145001534
B1521431852810S04154202WA0146201549
B1521471852802S04154184WA0146601553
B1521511852790S04154171WA0147201561
B1521551852780S04154155WA0146701555
B1521591852773S04154136WA0146901559
B1522031852761S04154116WA0146501553
B1522071852749S04154097WA0146101553
B1522111852733S04154078WA0145701550
B1522151852718S04154059WA0145701550
B1522191852711S04154036WA0145301546
B1522231852700S04154014WA0144801544
B1522271852685S04153995WA0144301540
B1522311852668S04153978WA0144001538
B1522351852653S04153965WA0144301543
B1522391852637S04153950WA0144801550
B1522431852625S04153935WA0145401554
B1522471852606S04153922WA0145801562
B1522511852589S04153915WA0146301564
B1522551852572S04153903WA0146001564
B1522591852556S04153892WA0145901563
B1523031852541S04153882WA0146001563
B1523071852528S04153865WA0145901564
B1523111852513S04153852WA0146301567
B1523151852498S04153836WA0146201568
B1523191852483S04153825WA0146401569
B1523231852464S04153812WA0146601572
B1523271852447S04153800WA0146701570
B1523311852426S04153788WA0146301567
B1523351852408S04153775WA0146101564
B1523391852395S04153756WA0145501557
B1523431852388S04153740WA0144801548
B1523471852378S04153722WA0143601536
B1523511852369S04153703WA0142501523
B1523551852364S04153680WA0141501515
B1523591852358S04153663WA0141501512
B1524031852351S04153644WA0141001508
B1524071852341S04153625WA0140701503
B1524111852328S04153606WA0140901507
B1524151852312S04153590WA0140901507
B1524191852298S04153575WA0141201509
B1524231852274S04153563WA0140501501
B1524271852252S04153549WA0140301501
B1524311852232S04153532WA0140401502
B1524351852222S04153510WA0140901511
B1524391852220S04153494WA0142101522
B1524431852232S04153480WA0142401524
B1524471852247S04153471WA0143401534
B1524511852265S04153474WA0144101543
B1524551852279S04153489WA0144601547
B1524591852278S04153516WA0145001553
B1525031852256S04153527WA0145901560
B1525071852233S04153519WA0146101557
B1525111852221S04153498WA0146301562
B1525151852233S04153488WA0146601565
B1525191852245S04153503WA0146501564
B1525231852238S04153527WA0146801567
B1525271852216S04153544WA0146801566
B1525311852188S04153562WA0146501568
B1525351852162S04153574WA0147201574
B1525391852135S04153579WA0147201574
B1525431852118S04153566WA0147301572
B1525471852127S04153545WA0146501563
B1525511852153S04153541WA0146001557
B1525551852173S04153550WA0145401550
B1525591852192S04153559WA0145301552
B1526031852208S04153571WA0145201550
B1526071852228S04153585WA0145301554
B1526111852245S04153594WA0146101563
B1526151852264S04153599WA0146501570
B1526191852279S04153605WA0147801583
B1526231852298S04153609WA0148501592
B1526271852314S04153616WA0150001608
B1526311852329S04153628WA0150901617
B1526351852344S04153636WA0152001628
B1526391852357S04153651WA0152001625
B1526431852367S04153671WA0152301630
B1526471852370S04153696WA0151801624
B1526511852365S04153720WA0152001626
B1526551852348S04153738WA0151501620
B1526591852325S04153748WA0151001617
B1527031852300S04153750WA0150501611
B1527071852275S04153755WA0150501613
B1527111852254S04153759WA0150901617
B1527151852239S04153746WA0151101615
B1527191852230S04153726WA0151301617
B1527231852210S04153716WA0151801624
B1527271852193S04153704WA0152101625
B1527311852185S04153683WA0152101626
B1527351852194S04153671WA0152501628
B1527391852211S04153663WA0152501630
B1527431852221S04153651WA0153001633
B1527471852232S04153642WA0153301636
B1527511852245S04153637WA0153501638
B1527551852259S04153630WA0153701642
B1527591852275S04153625WA0154101646
B1528031852289S04153617WA0154701653
B1528071852301S04153611WA0154701650
B1528111852320S04153609WA0154101648
B1528151852340S04153611WA0154201648
B1528191852361S04153618WA0154201647
B1528231852385S04153625WA0154001646
B1528271852403S04153619WA0154401650
B1528311852418S04153604WA0154101648
B1528351852430S04153588WA0154601652
B1528391852423S04153569WA0154401650
B1528431852406S04153556WA0154101644
B1528471852381S04153549WA0153501639
B1528511852356S04153542WA0153801644
B1528551852338S04153528WA0154301648
B1528591852347S04153508WA0153801641
B1529031852364S04153520WA0153701637
B1529071852371S04153544WA0153801639
B1529111852377S04153568WA0153701642
B1529151852372S04153591WA0154101645
B1529191852355S04153618WA0154201648
B1529231852326S04153628WA0155001654
B1529271852309S04153612WA0155301651
B1529311852309S04153594WA0155501653
B1529351852322S04153580WA0154701646
B1529391852336S04153571WA0155201653
B1529431852356S04153569WA0155201654
B1529471852376S04153567WA0155601658
B1529511852396S04153568WA0155801660
B1529551852416S04153578WA0155901661
B1529591852438S04153582WA0155901661
B1530031852455S04153570WA0155301654
B1530071852458S04153544WA0154501648
B1530111852444S04153524WA0154001644
B1530151852420S04153523WA0153301637
B1530191852406S04153540WA0152601631
B1530231852402S04153567WA0152001628
B1530271852398S04153593WA0152601636
B1530311852391S04153620WA0153101642
B1530351852379S04153643WA0153901650
B1530391852364S04153665WA0154801659
B1530431852353S04153687WA0155701669
B1530471852338S04153710WA0156401673
B1530511852311S04153718WA0156701678
B1530551852288S04153711WA0157601686
B1530591852272S04153695WA0158001686
B1531031852266S04153675WA0158001684
B1531071852271S04153654WA0157701682
B1531111852273S04153634WA0157401677
B1531151852286S04153622WA0156301665
B1531191852305S04153626WA0155901662
B1531231852315S04153650WA0156001663
B1531271852320S04153676WA0156501669
B1531311852337S04153697WA0156901676
B1531351852353S04153714WA0157901688
B1531391852356S04153739WA0158301694
B1531431852355S04153758WA0158901699
B1531471852346S04153786WA0158601698
B1531511852338S04153811WA0159101702
B1531551852313S04153823WA0159201707
B1531591852300S04153819WA0160601715
B1532031852292S04153797WA0159901707
B1532071852302S04153781WA0160401710
B1532111852316S04153767WA0161001716
B1532151852319S04153747WA0161201719
B1532191852295S04153746WA0161001718
B1532231852278S04153748WA0161501719
B1532271852264S04153733WA0160201703
B1532311852272S04153715WA0159501692
B1532351852291S04153704WA0158401680
B1532391852310S04153688WA0157801678
B1532431852332S04153684WA0157801676
B1532471852358S04153689WA0157601678
B1532511852374S04153678WA0157601678
B1532551852374S04153658WA0157401679
B1532591852358S04153647WA0157301677
B1533031852332S04153642WA0156701674
B1533071852312S04153626WA0156201665
B1533111852292S04153610WA0155801664
B1533151852274S04153600WA0155701661
B1533191852258S04153580WA0155101657
B1533231852241S04153567WA0155001655
B1533271852220S04153554WA0154301647
B1533311852198S04153543WA0153601640
B1533351852176S04153533WA0153301638
B1533391852154S04153521WA0153101638
B1533431852139S04153509WA0153301636
B1533471852120S04153493WA0152501628
B1533511852103S04153480WA0152101624
B1533551852086S04153466WA0151301614
B1533591852067S04153452WA0150501607
B1534031852048S04153436WA0149801599
B1534071852030S04153422WA0149601598
B1534111852009S04153411WA0149401596
B1534151851988S04153403WA0149701600
B1534191851961S04153401WA0149801603
B1534231851937S04153400WA0150301605
B1534271851913S04153397WA0150501609
B1534311851892S04153392WA0150801610
B1534351851873S04153383WA0150801611
B1534391851859S04153372WA0150601607
B1534431851849S04153350WA0150401610
B1534471851840S04153334WA0151001616
B1534511851824S04153321WA0151201618
B1534551851808S04153309WA0151401619
B1534591851791S04153289WA0150901614
B1535031851776S04153273WA0150601609
B1535071851761S04153250WA0149501598
B1535111851745S04153223WA0148001583
B1535151851732S04153197WA0146801569
B1535191851716S04153171WA0145701559
B1535231851706S04153153WA0145801560
B1535271851694S04153128WA0144601547
B1535311851683S04153104WA0144201546
B1535351851672S04153078WA0143801540
B1535391851659S04153054WA0143401537
B1535431851648S04153027WA0142401527
B1535471851636S04153000WA0141801521
B1535511851625S04152976WA0141401517
B1535551851613S04152951WA0140701510
B1535591851598S04152928WA0140001504
B1536031851585S04152905WA0139501499
B1536071851568S04152880WA0138901492
B1536111851554S04152854WA0138801491
B1536151851536S04152829WA0138301487
B1536191851520S04152803WA0138201486
B1536231851508S04152780WA0138001480
B1536271851491S04152753WA0137001475
B1536311851474S04152730WA0136801470
B1536351851458S04152702WA0136301469
B1536391851446S04152679WA0136601468
B1536431851430S04152652WA0135801462
B1536471851416S04152626WA0135601459
B1536511851402S04152599WA0135001454
B1536551851388S04152573WA0134701450
B1536591851375S04152544WA0134501448
B1537031851363S04152521WA0134501447
B1537071851354S04152497WA0134701448
B1537111851347S04152475WA0134501446
B1537151851335S04152452WA0133801436
B1537191851327S04152427WA0133001429
B1537231851312S04152404WA0132001418
B1537271851297S04152378WA0131001408
B1537311851283S04152352WA0130301401
B1537351851273S04152323WA0129601395
B1537391851262S04152295WA0128901387
B1537431851247S04152271WA0128501380
B1537471851233S04152248WA0127601371
B1537511851226S04152221WA0127001364
B1537551851217S04152197WA0126201357
B1537591851212S04152170WA0125201346
B1538031851212S04152142WA0124601342
B1538071851209S04152125WA0125001343
B1538111851202S04152098WA0123601331
B1538151851197S04152076WA0123801332
B1538191851192S04152049WA0122901323
B1538231851187S04152026WA0122801322
B1538271851178S04151999WA0121501309
B1538311851168S04151977WA0121101304
B1538351851158S04151950WA0120001293
B1538391851146S04151930WA0120001292
B1538431851135S04151906WA0119201283
B1538471851127S04151888WA0119601289
B1538511851119S04151871WA0119001280
B1538551851113S04151852WA0119001282
B1538591851109S04151833WA0118701278
B1539031851101S04151809WA0118501277
B1539071851092S04151789WA0118601278
B1539111851084S04151767WA0118801279
B1539151851076S04151743WA0118701279
B1539191851071S04151719WA0118801279
B1539231851064S04151696WA0119001282
B1539271851058S04151671WA0118801280
B1539311851050S04151644WA0118701280
B1539351851043S04151618WA0118601276
B1539391851034S04151591WA0117001260
B1539431851018S04151573WA0116101250
B1539471851004S04151551WA0114801237
B1539511850993S04151527WA0114201229
B1539551850987S04151501WA0113501223
B1539591850981S04151469WA0112301213
B1540031850982S04151444WA0112901218
B1540071850979S04151424WA0112501209
B1540111850977S04151396WA0111001196
B1540151850977S04151369WA0110701192
B1540191850985S04151336WA0109401180
B1540231850993S04151306WA0109501184
B1540271851002S04151281WA0109401179
B1540311851015S04151248WA0108301172
B1540351851028S04151225WA0108501169
B1540391851051S04151201WA0108001165
B1540431851071S04151177WA0107301153
B1540471851090S04151145WA0106601151
B1540511851096S04151116WA0106901154
B1540551851086S04151094WA0106901155
B1540591851069S04151079WA0107201159
B1541031851054S04151065WA0106801151
B1541071851041S04151051WA0106701152
B1541111851025S04151039WA0105601138
B1541151851003S04151031WA0104801133
B1541191850986S04151024WA0105201138
B1541231850972S04151021WA0105801143
B1541271850958S04151014WA0106101146
B1541311850948S04151007WA0106901154
B1541351850964S04150994WA0106901149
B1541391850986S04151013WA0107001149
B1541431850976S04151028WA0107701155
B1541471850962S04151024WA0108201158
B1541511850950S04151013WA0108401160
B1541551850941S04150999WA0108601164
B1541591850932S04150986WA0108601164
B1542031850924S04150974WA0108801165
B1542071850914S04150959WA0107901156
B1542111850903S04150940WA0107001148
B1542151850890S04150920WA0106301142
B1542191850880S04150899WA0105801137
B1542231850869S04150878WA0105301134
B1542271850855S04150860WA0104701129
B1542311850845S04150839WA0104201124
B1542351850837S04150816WA0103401116
B1542391850830S04150793WA0102901110
B1542431850827S04150766WA0102401107
B1542471850819S04150746WA0102601107
B1542511850815S04150723WA0102301106
B1542551850812S04150698WA0102001099
B1542591850807S04150670WA0101301095
B1543031850806S04150643WA0100801090
B1543071850805S04150614WA0100301086
B1543111850802S04150580WA0099201074
B1543151850800S04150547WA0098501066
B1543191850793S04150517WA0098101060
B1543231850787S04150486WA0097501052
B1543271850782S04150463WA0097701056
B1543311850771S04150445WA0097801058
B1543351850763S04150427WA0097901056
B1543391850754S04150402WA0096801047
B1543431850748S04150370WA0095801036
B1543471850743S04150343WA0096201045
B1543511850740S04150323WA0096901047
B1543551850734S04150296WA0096901050
B1543591850726S04150277WA0097801059
B1544031850715S04150257WA0098001062
B1544071850709S04150247WA0099801082
B1544111850708S04150232WA0100501087
B1544151850723S04150224WA0101701100
B1544191850741S04150244WA0102301105
B1544231850732S04150266WA0103101108
B1544271850713S04150281WA0103701116
B1544311850698S04150281WA0104901127
B1544351850702S04150267WA0105801138
B1544391850725S04150267WA0106801148
B1544431850741S04150293WA0107501157
B1544471850729S04150319WA0108301166
B1544511850714S04150325WA0109501173
B1544551850706S04150313WA0110301184
B1544591850723S04150305WA0111201193
B1545031850745S04150328WA0111701203
B1545071850732S04150347WA0112701209
B1545111850721S04150340WA0114201223
B1545151850722S04150326WA0114901229
B1545191850738S04150318WA0115601238
B1545231850763S04150322WA0116301247
B1545271850780S04150349WA0116801254
B1545311850771S04150376WA0117501261
B1545351850753S04150382WA0118401268
B1545391850739S04150371WA0119301280
B1545431850729S04150359WA0120201288
B1545471850723S04150347WA0120801292
B1545511850717S04150326WA0120501292
B1545551850710S04150312WA0121301298
B1545591850705S04150286WA0120501293
B1546031850706S04150267WA0121101299
B1546071850704S04150240WA0120301290
B1546111850701S04150211WA0119701286
B1546151850698S04150187WA0119801287
B1546191850697S04150160WA0118901278
B1546231850700S04150133WA0119001280
B1546271850700S04150106WA0118201268
B1546311850705S04150075WA0117401263
B1546351850707S04150046WA0116701253
B1546391850708S04150016WA0116101249
B1546431850710S04149984WA0115401241
B1546471850712S04149954WA0115101240
B1546511850710S04149932WA0116001248
B1546551850709S04149912WA0116801255
B1546591850706S04149890WA0117601264
B1547031850708S04149870WA0118801277
B1547071850709S04149849WA0118901274
B1547111850713S04149820WA0118301271
B1547151850715S04149786WA0116801255
B1547191850717S04149750WA0116101251
B1547231850718S04149717WA0115401241
B1547271850720S04149679WA0114301232
B1547311850720S04149646WA0114001227
B1547351850721S04149610WA0113101219
B1547391850720S04149577WA0112901216
B1547431850726S04149546WA0112301209
B1547471850731S04149514WA0111501202
B1547511850735S04149498WA0112901215
B1547551850735S04149477WA0113001215
B1547591850733S04149460WA0114001227
B1548031850728S04149435WA0113601220
B1548071850720S04149406WA0113201219
B1548111850712S04149377WA0113401220
B1548151850703S04149348WA0112901215
B1548191850691S04149316WA0112401212
B1548231850680S04149283WA0111601204
B1548271850673S04149244WA0110701197
B1548311850666S04149206WA0110201192
B1548351850659S04149167WA0109301183
B1548391850651S04149132WA0109201180
B1548431850642S04149101WA0109101179
B1548471850632S04149069WA0109001178
B1548511850625S04149039WA0109301181
B1548551850618S04149004WA0108701175
B1548591850618S04148966WA0108401174
B1549031850615S04148932WA0108601175
B1549071850611S04148896WA0108301172
B1549111850611S04148860WA0108001168
B1549151850612S04148823WA0107401162
B1549191850616S04148792WA0108101172
B1549231850615S04148766WA0108801176
B1549271850609S04148741WA0108601173
B1549311850602S04148713WA0108901178
B1549351850589S04148688WA0109601187
B1549391850577S04148661WA0110601200
B1549431850562S04148634WA0111601210
B1549471850549S04148612WA0113101222
B1549511850527S04148589WA0113001223
B1549551850509S04148568WA0112901218
B1549591850493S04148548WA0112101212
B1550031850477S04148521WA0110201192
B1550071850456S04148496WA0109301183
B1550111850436S04148466WA0107801168
B1550151850418S04148438WA0106801157
B1550191850402S04148408WA0105401142
B1550231850386S04148375WA0104301131
B1550271850370S04148343WA0103401120
B1550311850355S04148309WA0102201108
B1550351850342S04148275WA0101101095
B1550391850328S04148240WA0100501091
B1550431850313S04148213WA0101301097
B1550471850296S04148185WA0101401097
B1550511850278S04148161WA0101801105
B1550551850264S04148140WA0102001103
B1550591850241S04148110WA0100601091
B1551031850221S04148086WA0100601089
B1551071850198S04148063WA0099801080
B1551111850176S04148041WA0099901083
B1551151850155S04148019WA0100101081
B1551191850135S04147996WA0100001085
B1551231850119S04147977WA0100301084
B1551271850095S04147953WA0099201077
B1551311850074S04147931WA0100101085
B1551351850055S04147908WA0100501089
B1551391850032S04147885WA0100501088
B1551431850011S04147862WA0100501089
B1551471849990S04147836WA0100101083
B1551511849966S04147808WA0099701080
B1551551849944S04147781WA0100501088
B1551591849926S04147757WA0101401097
B1552031849905S04147732WA0101601098
B1552071849884S04147709WA0101601098
B1552111849863S04147690WA0101501098
B1552151849839S04147668WA0100501088
B1552191849811S04147646WA0099801084
B1552231849786S04147627WA0099301074
B1552271849760S04147606WA0097901060
B1552311849734S04147584WA0096501043
B1552351849705S04147560WA0095101029
B1552391849673S04147540WA0094301021
B1552431849646S04147522WA0094201020
B1552471849625S04147498WA0094401023
B1552511849610S04147474WA0095501035
B1552551849596S04147451WA0096301042
B1552591849583S04147429WA0097101050
B1553031849561S04147414WA0097401055
B1553071849538S04147403WA0098301066
B1553111849532S04147383WA0099501074
B1553151849551S04147380WA0099701076
B1553191849551S04147403WA0100301085
B1553231849547S04147422WA0101501094
B1553271849561S04147439WA0102201105
B1553311849566S04147457WA0103601120
B1553351849550S04147473WA0104801133
B1553391849534S04147471WA0106701148
B1553431849523S04147447WA0107401156
B1553471849531S04147426WA0108901175
B1553511849550S04147425WA0109701184
B1553551849557S04147444WA0110901197
B1553591849550S04147464WA0112101209
B1554031849534S04147477WA0113401223
B1554071849513S04147469WA0114701234
B1554111849502S04147446WA0115601242
B1554151849498S04147421WA0116501253
B1554191849495S04147399WA0117401262
B1554231849485S04147375WA0117901268
B1554271849476S04147354WA0118601274
B1554311849464S04147335WA0119201282
B1554351849450S04147316WA0119701287
B1554391849441S04147298WA0120601295
B1554431849432S04147271WA0119901288
B1554471849424S04147243WA0119901289
B1554511849415S04147213WA0119301282
B1554551849410S04147185WA0119001279
B1554591849399S04147155WA0118101268
B1555031849390S04147122WA0117001259
B1555071849385S04147092WA0116401252
B1555111849383S04147059WA0115601245
B1555151849378S04147023WA0115201242
B1555191849372S04146990WA0115601249
B1555231849366S04146957WA0115901249
B1555271849364S04146923WA0115901249
B1555311849360S04146890WA0115601247
B1555351849353S04146856WA0115101242
B1555391849344S04146822WA0114601234
B1555431849336S04146785WA0113701229
B1555471849329S04146753WA0114001229
B1555511849321S04146717WA0113501223
B1555551849313S04146683WA0113801228
B1555591849307S04146651WA0114301232
B1556031849302S04146617WA0114501236
B1556071849294S04146583WA0114901239
B1556111849286S04146550WA0115501246
B1556151849275S04146521WA0115801247
B1556191849269S04146490WA0115201241
B1556231849256S04146453WA0114101230
B1556271849252S04146418WA0113801229
B1556311849248S04146388WA0113801225
B1556351849241S04146355WA0113101222
B1556391849236S04146329WA0113301221
B1556431849226S04146300WA0112801216
B1556471849218S04146273WA0112801216
B1556511849218S04146241WA0112801214
B1556551849214S04146206WA0112601215
B1556591849209S04146174WA0113201219
B1557031849203S04146141WA0113001216
B1557071849195S04146107WA0112601212
B1557111849187S04146072WA0112201210
B1557151849179S04146038WA0111901206
B1557191849172S04146003WA0111501204
B1557231849167S04145972WA0111601200
B1557271849164S04145935WA0110501193
B1557311849161S04145903WA0110801195
B1557351849153S04145873WA0110301188
B1557391849138S04145851WA0109701181
B1557431849126S04145825WA0108801172
B1557471849107S04145803WA0107501157
B1557511849097S04145774WA0107001160
B1557551849089S04145756WA0108101167
B1557591849073S04145738WA0108601174
B1558031849062S04145721WA0109901188
B1558071849066S04145703WA0111401203
B1558111849081S04145686WA0112801219
B1558151849089S04145666WA0114701239
B1558191849071S04145652WA0116301258
B1558231849059S04145674WA0117901273
B1558271849080S04145694WA0119301290
B1558311849102S04145686WA0121101310
B1558351849107S04145664WA0123001329
B1558391849112S04145644WA0124801347
B1558431849119S04145622WA0126201361
B1558471849098S04145611WA0127501376
B1558511849086S04145629WA0129801398
B1558551849092S04145658WA0131101414
B1558591849114S04145649WA0132601429
B1559031849101S04145630WA0133901442
B1559071849082S04145645WA0135701462
B1559111849085S04145672WA0137601480
B1559151849108S04145691WA0138901495
B1559191849131S04145698WA0140801514
B1559231849148S04145684WA0142101528
B1559271849148S04145663WA0143001534
B1559311849139S04145638WA0144001547
B1559351849133S04145616WA0145501563
B1559391849127S04145594WA0147301582
B1559431849125S04145573WA0148301588
B1559471849125S04145546WA0147801584
B1559511849120S04145524WA0147901585
B1559551849110S04145505WA0148201588
B1559591849097S04145479WA0147601579
B1600031849083S04145460WA0147401579
B1600071849065S04145440WA0145701563
B1600111849048S04145414WA0144501551
B1600151849027S04145384WA0142501533
B1600191849008S04145358WA0142001529
B1600231848991S04145332WA0141201518
B1600271848974S04145305WA0140501512
B1600311848954S04145283WA0140201507
B1600351848941S04145256WA0139301497
B1600391848924S04145231WA0138801493
B1600431848907S04145209WA0138401486
B1600471848889S04145184WA0137501479
B1600511848871S04145165WA0137201475
B1600551848847S04145140WA0135201454
B1600591848821S04145114WA0134001443
B1601031848795S04145092WA0133001429
B1601071848770S04145066WA0131601416
B1601111848744S04145043WA0130501404
B1601151848716S04145018WA0129301393
B1601191848690S04144993WA0128601386
B1601231848664S04144970WA0127901377
B1601271848637S04144943WA0126701364
B1601311848610S04144915WA0125601354
B1601351848584S04144891WA0124901346
B1601391848558S04144867WA0124001335
B1601431848533S04144843WA0122901323
B1601471848508S04144817WA0121801311
B1601511848483S04144790WA0120501298
B1601551848458S04144764WA0119601289
B1601591848435S04144738WA0118601278
B1602031848415S04144708WA0117701268
B1602071848392S04144681WA0116801258
B1602111848372S04144655WA0116301254
B1602151848356S04144628WA0115501244
B1602191848338S04144601WA0115001240
B1602231848319S04144578WA0114601234
B1602271848296S04144559WA0113901226
B1602311848272S04144541WA0113601224
B1602351848249S04144519WA0113301223
B1602391848227S04144503WA0113901230
B1602431848206S04144484WA0114101230
B1602471848184S04144466WA0114501237
B1602511848162S04144450WA0114901241
B1602551848140S04144433WA0115501247
B1602591848117S04144418WA0116101253
B1603031848097S04144401WA0116401253
B1603071848074S04144379WA0115501247
B1603111848051S04144358WA0115101241
B1603151848028S04144327WA0113501227
B1603191848006S04144296WA0112601217
B1603231847981S04144268WA0111401203
B1603271847960S04144238WA0110201189
B1603311847935S04144211WA0109101179
B1603351847914S04144190WA0109001178
B1603391847894S04144165WA0108201168
B1603431847873S04144130WA0106801156
B1603471847854S04144099WA0106701153
B1603511847836S04144068WA0106001146
B1603551847823S04144043WA0106901158
B1603591847807S04144023WA0107801164
B1604031847794S04144007WA0108301167
B1604071847776S04143987WA0108101167
B1604111847765S04143970WA0108801171
B1604151847755S04143944WA0109101181
B1604191847744S04143932WA0110901196
B1604231847723S04143912WA0111201204
B1604271847711S04143904WA0113001219
B1604311847689S04143893WA0112901219
B1604351847671S04143884WA0113801228
B1604391847646S04143873WA0113101219
B1604431847624S04143864WA0113801231
B1604471847601S04143857WA0113701227
B1604511847575S04143847WA0113901233
B1604551847555S04143836WA0114501237
B1604591847531S04143822WA0114101232
B1605031847512S04143805WA0114401235
B1605071847497S04143787WA0114301234
B1605111847485S04143769WA0114501233
B1605151847474S04143747WA0114201230
B1605191847466S04143723WA0113901225
B1605231847458S04143698WA0113801226
B1605271847449S04143675WA0113301218
B1605311847438S04143650WA0113101216
B1605351847428S04143625WA0112401209
B1605391847420S04143598WA0112201209
B1605431847410S04143568WA0111101198
B1605471847401S04143541WA0110401190
B1605511847392S04143511WA0109001176
B1605551847383S04143486WA0108301166
B1605591847378S04143455WA0107401160
B1606031847366S04143435WA0107501158
B1606071847348S04143413WA0106601154
B1606111847335S04143392WA0106801153
B1606151847320S04143368WA0106501151
B1606191847304S04143345WA0106501152
B1606231847287S04143329WA0107401158
B1606271847270S04143312WA0107601160
B1606311847257S04143297WA0108401168
B1606351847241S04143282WA0108801173
B1606391847228S04143262WA0109301180
B1606431847218S04143247WA0110501190
B1606471847206S04143225WA0110601195
B1606511847201S04143211WA0112101207
B1606551847198S04143192WA0112701213
B1606591847183S04143184WA0114001224
B1607031847168S04143208WA0114901236
B1607071847182S04143233WA0115601243
B1607111847205S04143231WA0116201249
B1607151847204S04143213WA0117001259
B1607191847204S04143197WA0118001270
B1607231847206S04143180WA0119001279
B1607271847210S04143157WA0119101281
B1607311847220S04143133WA0119701289
B1607351847229S04143107WA0120701299
B1607391847234S04143081WA0121101299
B1607431847239S04143048WA0120901303
B1607471847243S04143025WA0121901308
B1607511847251S04142994WA0121401306
B1607551847259S04142970WA0121901309
B1607591847273S04142940WA0121501306
B1608031847285S04142915WA0121901307
B1608071847291S04142882WA0121601307
B1608111847297S04142851WA0121701304
B1608151847300S04142816WA0121301305
B1608191847303S04142783WA0121201302
B1608231847309S04142751WA0121701310
B1608271847313S04142719WA0122301314
B1608311847318S04142692WA0123601330
B1608351847336S04142680WA0124601335
B1608391847353S04142691WA0124801338
B1608431847341S04142700WA0125701341
B1608471847324S04142692WA0126601354
B1608511847327S04142670WA0127301361
B1608551847348S04142652WA0128001369
B1608591847372S04142628WA0127801369
B1609031847394S04142608WA0128501376
B1609071847420S04142586WA0128001370
B1609111847451S04142561WA0127301364
B1609151847479S04142537WA0126901360
B1609191847507S04142514WA0126701358
B1609231847536S04142493WA0126101348
B1609271847568S04142473WA0125101340
B1609311847600S04142452WA0124301330
B1609351847634S04142431WA0123201320
B1609391847660S04142406WA0122201308
B1609431847687S04142376WA0120701292
B1609471847719S04142351WA0119401280
B1609511847750S04142328WA0118401271
B1609551847778S04142302WA0117401261
B1609591847804S04142275WA0116501251
B1610031847829S04142245WA0115101236
B1610071847856S04142213WA0114101227
B1610111847880S04142184WA0113301215
B1610151847904S04142152WA0111901202
B1610191847928S04142119WA0110601188
B1610231847954S04142083WA0109201175
B1610271847978S04142050WA0108701168
B1610311848004S04142017WA0107601157
B1610351848029S04141987WA0107001150
B1610391848055S04141957WA0105901139
B1610431848081S04141934WA0105501135
B1610471848107S04141908WA0104601126
B1610511848132S04141883WA0104501124
B1610551848157S04141853WA0103301110
B1610591848178S04141823WA0103001108
B1611031848200S04141795WA0102301100
B1611071848222S04141767WA0101601091
B1611111848247S04141736WA0100601081
B1611151848269S04141706WA0099801074
B1611191848293S04141677WA0098801062
B1611231848318S04141647WA0098101056
B1611271848340S04141618WA0097401047
B1611311848362S04141587WA0096401036
B1611351848385S04141558WA0095601027
B1611391848409S04141531WA0094801016
B1611431848436S04141506WA0093601006
B1611471848460S04141483WA0093100999
B1611511848486S04141461WA0092200990
B1611551848511S04141438WA0091300979
B1611591848542S04141415WA0089700963
B1612031848574S04141393WA0088400951
B1612071848605S04141371WA0087300940
B1612111848635S04141347WA0086200929
B1612151848665S04141321WA0085000917
B1612191848692S04141297WA0084200909
B1612231848720S04141271WA0083100897
B1612271848746S04141245WA0082300889
B1612311848771S04141227WA0082600895
B1612351848792S04141214WA0082900892
B1612391848822S04141205WA0082100888
B1612431848846S04141198WA0082100884
B1612471848881S04141188WA0080400871
B1612511848910S04141181WA0080400868
B1612551848943S04141173WA0078900853
B1612591848975S04141168WA0078400846
B1613031849008S04141164WA0077100833
B1613071849040S04141161WA0076500827
B1613111849066S04141158WA0077000833
B1613151849094S04141149WA0077200835
B1613191849120S04141145WA0077900844
B1613231849140S04141145WA0079100855
B1613271849165S04141153WA0079800864
B1613311849169S04141172WA0080700873
B1613351849149S04141172WA0081000877
B1613391849147S04141154WA0082200888
B1613431849163S04141146WA0083100897
B1613471849184S04141129WA0082800894
B1613511849198S04141112WA0083800905
B1613551849210S04141090WA0084100908
B1613591849222S04141068WA0083800903
B1614031849226S04141041WA0084100911
B1614071849231S04141019WA0084500913
B1614111849244S04140993WA0084500916
B1614151849257S04140969WA0084600917
B1614191849275S04140940WA0084000912
B1614231849292S04140911WA0083600905
B1614271849309S04140881WA0082900900
B1614311849324S04140852WA0082700895
B1614351849341S04140822WA0081900886
B1614391849355S04140790WA0081300880
B1614431849373S04140763WA0080900877
B1614471849390S04140733WA0079900865
B1614511849405S04140703WA0079300860
B1614551849421S04140673WA0078600852
B1614591849439S04140648WA0079000861
B1615031849454S04140629WA0080300872
B1615071849463S04140608WA0081300881
B1615111849456S04140591WA0082000887
B1615151849439S04140607WA0082200891
B1615191849452S04140628WA0083000903
B1615231849474S04140633WA0084300915
B1615271849500S04140631WA0085200925
B1615311849521S04140620WA0086300935
B1615351849528S04140597WA0087300946
B1615391849513S04140587WA0088100954
B1615431849511S04140609WA0089200968
B1615471849534S04140621WA0090300978
B1615511849561S04140621WA0091500991
B1615551849577S04140599WA0092300998
B1615591849568S04140582WA0093401010
B1616031849559S04140564WA0094301020
B1616071849545S04140550WA0095401032
B1616111849530S04140561WA0096701046
B1616151849529S04140583WA0097901059
B1616191849544S04140602WA0099301073
B1616231849572S04140600WA0100101083
B1616271849586S04140577WA0101301096
B1616311849580S04140559WA0102501108
B1616351849561S04140557WA0103401119
B1616391849559S04140576WA0104801132
B1616431849582S04140586WA0105901144
B1616471849603S04140570WA0107001157
B1616511849593S04140549WA0107901166
B1616551849578S04140551WA0108901174
B1616591849572S04140572WA0109501182
B1617031849582S04140591WA0110901197
B1617071849607S04140600WA0111801207
B1617111849627S04140582WA0113001220
B1617151849624S04140561WA0114201231
B1617191849608S04140554WA0115001240
B1617231849593S04140566WA0115701247
B1617271849586S04140587WA0116701258
B1617311849586S04140611WA0117701269
B1617351849604S04140628WA0119101285
B1617391849624S04140613WA0120301299
B1617431849611S04140598WA0121601310
B1617471849595S04140607WA0123001324
B1617511849600S04140632WA0123901336
B1617551849626S04140634WA0125301351
B1617591849638S04140616WA0126701362
B1618031849629S04140601WA0127501370
B1618071849611S04140604WA0128401379
B1618111849604S04140627WA0129201389
B1618151849620S04140648WA0130401403
B1618191849642S04140647WA0131801416
B1618231849665S04140636WA0132601424
B1618271849684S04140623WA0133601435
B1618311849699S04140605WA0134301442
B1618351849717S04140588WA0135001448
B1618391849741S04140574WA0135601454
B1618431849764S04140561WA0136101458
B1618471849786S04140540WA0135701452
B1618511849801S04140511WA0135201447
B1618551849812S04140486WA0135101444
B1618591849827S04140452WA0133501429
B1619031849842S04140418WA0133201432
B1619071849857S04140387WA0133101427
B1619111849875S04140353WA0132401419
B1619151849889S04140320WA0131901413
B1619191849906S04140287WA0132201420
B1619231849923S04140258WA0132901423
B1619271849947S04140225WA0132901425
B1619311849973S04140197WA0133301426
B1619351850004S04140171WA0133501430
B1619391850029S04140142WA0133501428
B1619431850054S04140111WA0133501429
B1619471850070S04140080WA0133501427
B1619511850092S04140045WA0132501419
B1619551850112S04140014WA0132201414
B1619591850135S04139978WA0131101402
B1620031850159S04139948WA0131001401
B1620071850184S04139918WA0130501398
B1620111850206S04139895WA0131101403
B1620151850233S04139867WA0130301395
B1620191850261S04139846WA0130401394
B1620231850291S04139818WA0129001377
B1620271850320S04139791WA0127801366
B1620311850349S04139761WA0126201346
B1620351850377S04139732WA0125201341
B1620391850405S04139703WA0123601323
B1620431850434S04139672WA0122101309
B1620471850462S04139643WA0121201298
B1620511850489S04139619WA0120801294
B1620551850517S04139594WA0119301278
B1620591850547S04139567WA0118101269
B1621031850575S04139541WA0117601262
B1621071850604S04139514WA0116801252
B1621111850635S04139490WA0115901244
B1621151850665S04139466WA0115201238
B1621191850693S04139444WA0114701231
B1621231850724S04139425WA0114101224
B1621271850752S04139403WA0113301215
B1621311850779S04139385WA0112801210
B1621351850805S04139368WA0112101202
B1621391850833S04139353WA0111401195
B1621431850861S04139342WA0110701187
B1621471850892S04139334WA0109701178
B1621511850920S04139323WA0108901170
B1621551850948S04139306WA0107901160
B1621591850975S04139288WA0106701146
B1622031851008S04139267WA0105001130
B1622071851038S04139247WA0104301123
B1622111851068S04139229WA0103201110
B1622151851097S04139209WA0102101100
B1622191851125S04139188WA0100901087
B1622231851147S04139171WA0101001088
B1622271851172S04139152WA0100201079
B1622311851200S04139135WA0099301072
B1622351851231S04139126WA0098701062
B1622391851265S04139119WA0098401064
B1622431851295S04139112WA0098701066
B1622471851327S04139104WA0098801067
B1622511851359S04139096WA0098701066
B1622551851392S04139091WA0098901067
B1622591851425S04139085WA0098901068
B1623031851458S04139075WA0099101069
B1623071851487S04139067WA0100301082
B1623111851514S04139058WA0100901085
B1623151851544S04139045WA0100801086
B1623191851571S04139027WA0100801084
B1623231851604S04139008WA0100201081
B1623271851632S04138996WA0100901086
B1623311851664S04138999WA0100801084
B1623351851688S04139011WA0101701092
B1623391851718S04139021WA0101901095
B1623431851747S04139029WA0102201098
B1623471851770S04139043WA0102701102
B1623511851798S04139042WA0102501101
B1623551851812S04139022WA0103001108
B1623591851813S04138998WA0103301111
B1624031851811S04138971WA0102801106
B1624071851808S04138946WA0103001110
B1624111851806S04138922WA0103501113
B1624151851803S04138899WA0104201123
B1624191851802S04138878WA0105101131
B1624231851801S04138854WA0105601138
B1624271851805S04138832WA0106501146
B1624311851799S04138811WA0107201154
B1624351851794S04138790WA0108101163
B1624391851785S04138776WA0109401176
B1624431851767S04138771WA0110001183
B1624471851754S04138789WA0110601190
B1624511851755S04138812WA0111101195
B1624551851765S04138837WA0111701204
B1624591851786S04138850WA0112601211
B1625031851811S04138849WA0113501223
B1625071851825S04138838WA0114601231
B1625111851825S04138816WA0115101237
B1625151851811S04138810WA0116101244
B1625191851795S04138824WA0116401249
B1625231851795S04138845WA0117101256
B1625271851814S04138867WA0117301261
B1625311851838S04138879WA0118201270
B1625351851864S04138876WA0118801277
B1625391851876S04138858WA0119401282
B1625431851893S04138839WA0119601283
B1625471851915S04138827WA0119301279
B1625511851934S04138814WA0118701269
B1625551851960S04138799WA0117101254
B1625591851986S04138782WA0116401247
B1626031852011S04138761WA0115301235
B1626071852037S04138747WA0114601229
B1626111852066S04138733WA0113901221
B1626151852094S04138719WA0113201214
B1626191852126S04138704WA0111801199
B1626231852156S04138686WA0111001190
B1626271852190S04138669WA0109801177
B1626311852223S04138652WA0108901168
B1626351852259S04138631WA0107401152
B1626391852294S04138612WA0106601146
B1626431852330S04138591WA0106101140
B1626471852367S04138571WA0105301130
B1626511852402S04138552WA0104201119
B1626551852437S04138535WA0103201109
B1626591852468S04138517WA0102601101
B1627031852492S04138497WA0102001095
B1627071852518S04138477WA0101201087
B1627111852539S04138452WA0100401081
B1627151852557S04138426WA0100101076
B1627191852575S04138399WA0099601071
B1627231852590S04138374WA0099201066
B1627271852607S04138348WA0098701062
B1627311852625S04138323WA0098201056
B1627351852643S04138300WA0097801052
B1627391852660S04138271WA0097001044
B1627431852677S04138238WA0096001034
B1627471852690S04138206WA0095401030
B1627511852707S04138174WA0094701022
B1627551852721S04138142WA0093801014
B1627591852738S04138111WA0093001003
B1628031852751S04138081WA0092100993
B1628071852764S04138048WA0090900981
B1628111852776S04138017WA0090100973
B1628151852789S04137984WA0088700957
B1628191852801S04137949WA0087400945
B1628231852814S04137915WA0086500935
B1628271852827S04137881WA0085400925
B1628311852838S04137848WA0084300913
B1628351852847S04137813WA0083100900
B1628391852856S04137778WA0082300890
B1628431852864S04137742WA0081300884
B1628471852873S04137709WA0081000878
B1628511852885S04137678WA0080700876
B1628551852894S04137644WA0080500874
B1628591852901S04137613WA0080600874
B1629031852906S04137581WA0080100868
B1629071852914S04137547WA0079500862
B1629111852926S04137515WA0079300859
B1629151852936S04137480WA0078600852
B1629191852947S04137447WA0078200848
B1629231852959S04137414WA0077600841
B1629271852977S04137384WA0077200838
B1629311852997S04137358WA0077200836
B1629351853022S04137338WA0077100835
B1629391853040S04137324WA0078100844
B1629431853058S04137309WA0078600847
B1629471853080S04137298WA0079100853
B1629511853110S04137300WA0079200854
B1629551853140S04137308WA0079900862
B1629591853168S04137317WA0080500866
B1630031853193S04137336WA0080700867
B1630071853218S04137356WA0081100874
B1630111853235S04137378WA0082100886
B1630151853259S04137383WA0083200898
B1630191853278S04137358WA0083300900
B1630231853274S04137337WA0084300910
B1630271853259S04137340WA0085600926
B1630311853263S04137364WA0086600937
B1630351853289S04137358WA0087100941
B1630391853283S04137338WA0088300957
B1630431853271S04137342WA0089600967
B1630471853256S04137349WA0090700979
B1630511853241S04137361WA0091300984
B1630551853225S04137365WA0092400996
B1630591853211S04137379WA0093301006
B1631031853218S04137397WA0094301019
B1631071853240S04137394WA0095101026
B1631111853257S04137372WA0095401030
B1631151853263S04137353WA0096501043
B1631191853250S04137339WA0096901045
B1631231853234S04137325WA0097401052
B1631271853220S04137314WA0098401061
B1631311853203S04137300WA0098901067
B1631351853192S04137281WA0099501073
B1631391853181S04137260WA0100101080
B1631431853179S04137236WA0100701084
B1631471853178S04137206WA0100401078
B1631511853176S04137176WA0101001089
B1631551853180S04137152WA0102201100
B1631591853189S04137129WA0103301110
B1632031853213S04137116WA0104101118
B1632071853232S04137129WA0104801125
B1632111853224S04137148WA0105501133
B1632151853210S04137151WA0106301139
B1632191853194S04137139WA0106901147
B1632231853196S04137114WA0107701156
B1632271853222S04137106WA0108401165
B1632311853228S04137126WA0109601174
B1632351853212S04137131WA0110301180
B1632391853200S04137117WA0111501193
B1632431853198S04137093WA0112401203
B1632471853196S04137067WA0113401215
B1632511853198S04137043WA0114001219
B1632551853212S04137023WA0115101232
B1632591853239S04137032WA0115901241
B1633031853239S04137051WA0117301255
B1633071853222S04137048WA0118401263
B1633111853221S04137021WA0119101273
B1633151853247S04137021WA0120101281
B1633191853255S04137041WA0121401295
B1633231853239S04137045WA0122101299
B1633271853236S04137021WA0123001311
B1633311853258S04137008WA0124201321
B1633351853288S04137012WA0124701327
B1633391853306S04137034WA0125701341
B1633431853305S04137052WA0126901353
B1633471853289S04137045WA0127801363
B1633511853287S04137022WA0128801372
B1633551853287S04136998WA0129601382
B1633591853279S04136982WA0130401390
B1634031853272S04136963WA0131101397
B1634071853287S04136945WA0131801404
B1634111853310S04136952WA0132001405
B1634151853319S04136977WA0132301409
B1634191853323S04137002WA0133101419
B1634231853333S04137026WA0133801426
B1634271853345S04137049WA0134501434
B1634311853350S04137071WA0135501445
B1634351853346S04137091WA0136401456
B1634391853329S04137092WA0137501466
B1634431853314S04137074WA0138101473
B1634471853317S04137054WA0139101484
B1634511853338S04137042WA0139601486
B1634551853366S04137051WA0139901490
B1634591853392S04137061WA0140801498
B1635031853418S04137077WA0141201504
B1635071853448S04137091WA0141901513
B1635111853475S04137104WA0143101527
B1635151853481S04137128WA0144001535
B1635191853464S04137139WA0144701541
B1635231853451S04137133WA0145701552
B1635271853454S04137110WA0146301559
B1635311853475S04137093WA0147801576
B1635351853497S04137081WA0148601582
B1635391853524S04137068WA0149401592
B1635431853549S04137052WA0150401601
B1635471853569S04137031WA0150801605
B1635511853582S04137006WA0151001607
B1635551853598S04136979WA0150801607
B1635591853613S04136950WA0150701605
B1636031853638S04136928WA0150101597
B1636071853666S04136905WA0149301592
B1636111853685S04136880WA0148501580
B1636151853704S04136851WA0147401572
B1636191853723S04136827WA0146801561
B1636231853746S04136800WA0145501549
B1636271853768S04136771WA0144301535
B1636311853793S04136744WA0143701529
B1636351853811S04136715WA0142901520
B1636391853832S04136686WA0141601507
B1636431853856S04136659WA0140601497
B1636471853882S04136632WA0139501485
B1636511853907S04136606WA0138601478
B1636551853933S04136580WA0137901469
B1636591853958S04136552WA0136901461
B1637031853985S04136527WA0136301455
B1637071854011S04136503WA0135701448
B1637111854032S04136476WA0134701439
B1637151854052S04136445WA0133801429
B1637191854074S04136411WA0132801422
B1637231854098S04136379WA0132201414
B1637271854121S04136351WA0131701409
B1637311854146S04136323WA0130801396
B1637351854173S04136293WA0130201394
B1637391854196S04136265WA0130101388
B1637431854226S04136236WA0128701376
B1637471854253S04136210WA0128401374
B1637511854277S04136184WA0127601364
B1637551854302S04136155WA0126601354
B1637591854326S04136128WA0125801345
B1638031854351S04136100WA0124801332
B1638071854376S04136073WA0123901324
B1638111854399S04136048WA0123101314
B1638151854422S04136015WA0121601300
B1638191854440S04135984WA0121301295
B1638231854458S04135956WA0120701287
B1638271854476S04135926WA0119501274
B1638311854495S04135894WA0118001262
B1638351854511S04135863WA0117301251
B1638391854527S04135831WA0116201241
B1638431854542S04135800WA0115301230
B1638471854556S04135766WA0114101217
B1638511854567S04135734WA0113201210
B1638551854579S04135703WA0112401198
B1638591854595S04135671WA0111401189
B1639031854609S04135641WA0110301179
B1639071854625S04135611WA0108901162
B1639111854643S04135582WA0107701149
B1639151854659S04135550WA0106301134
B1639191854676S04135518WA0105601129
B1639231854693S04135496WA0105601125
B1639271854707S04135463WA0104201110
B1639311854721S04135437WA0104501116
B1639351854730S04135406WA0103901108
B1639391854735S04135375WA0103701108
B1639431854742S04135345WA0103201102
B1639471854752S04135312WA0102701098
B1639511854759S04135283WA0103401106
B1639551854763S04135257WA0104201114
B1639591854768S04135233WA0105201125
B1640031854778S04135216WA0105901130
B1640071854800S04135210WA0105801129
B1640111854815S04135233WA0105801129
B1640151854814S04135254WA0106701138
B1640191854813S04135274WA0106701134
B1640231854798S04135286WA0106501134
B1640271854783S04135272WA0106601136
B1640311854788S04135251WA0107301144
B1640351854804S04135244WA0108001150
B1640391854829S04135252WA0108001152
B1640431854837S04135267WA0108201153
B1640471854824S04135285WA0107501147
B1640511854803S04135285WA0107501147
B1640551854784S04135272WA0107501148
B1640591854782S04135253WA0107901152
B1641031854796S04135240WA0108101152
B1641071854816S04135228WA0107501145
B1641111854837S04135215WA0107601148
B1641151854858S04135195WA0107101141
B1641191854878S04135174WA0107001144
B1641231854897S04135156WA0106901139
B1641271854918S04135135WA0106501139
B1641311854938S04135121WA0106301135
B1641351854963S04135107WA0105301125
B1641391854987S04135094WA0104501118
B1641431855009S04135080WA0103701107
B1641471855035S04135062WA0102401096
B1641511855059S04135044WA0101601088
B1641551855089S04135025WA0100601077
B1641591855117S04135008WA0099901071
B1642031855146S04134988WA0098801059
B1642071855173S04134970WA0098201053
B1642111855201S04134954WA0097401042
B1642151855231S04134938WA0096301033
B1642191855259S04134921WA0095301022
B1642231855287S04134905WA0094801017
B1642271855316S04134887WA0093801007
B1642311855344S04134870WA0093100998
B1642351855372S04134851WA0091800985
B1642391855401S04134834WA0090900975
B1642431855429S04134812WA0089800965
B1642471855457S04134792WA0089400962
B1642511855484S04134770WA0088700955
B1642551855516S04134753WA0088100948
B1642591855548S04134747WA0088000946
B1643031855583S04134741WA0087400941
B1643071855614S04134736WA0088100949
B1643111855645S04134729WA0088300948
B1643151855677S04134724WA0088600955
B1643191855704S04134717WA0089300959
B1643231855734S04134707WA0089000956
B1643271855762S04134697WA0089100959
B1643311855789S04134688WA0089200960
B1643351855812S04134679WA0089300960
B1643391855836S04134670WA0089400962
B1643431855859S04134660WA0089600963
B1643471855885S04134649WA0089300959
B1643511855907S04134636WA0089300959
B1643551855932S04134620WA0088400948
B1643591855963S04134603WA0087600942
B1644031855989S04134585WA0087200935
B1644071856018S04134566WA0086500931
B1644111856032S04134544WA0086900934
B1644151856046S04134519WA0086600930
B1644191856062S04134495WA0086000923
B1644231856081S04134474WA0085400915
B1644271856101S04134451WA0084200905
B1644311856122S04134432WA0083500897
B1644351856150S04134412WA0082300887
B1644391856177S04134395WA0081900880
B1644431856207S04134377WA0081400877
B1644471856227S04134361WA0082000878
B1644511856253S04134333WA0080700870
B1644551856272S04134312WA0081000871
B1644591856299S04134286WA0079200852
B1645031856322S04134262WA0078500845
B1645071856347S04134238WA0077300831
B1645111856373S04134215WA0076300821
B1645151856399S04134193WA0075400809
B1645191856426S04134170WA0074100799
B1645231856452S04134148WA0073100787
B1645271856480S04134125WA0072200777
B1645311856508S04134102WA0071100765
B1645351856531S04134084WA0070400759
B1645391856549S04134068WA0069500743
B1645431856579S04134051WA0067800729
B1645471856603S04134039WA0067800729
B1645511856628S04134026WA0067600731
B1645551856647S04134012WA0068600741
B1645591856661S04133995WA0069700753
B1646031856683S04133987WA0071000765
B1646071856700S04134000WA0072000772
B1646111856689S04134016WA0072500779
B1646151856675S04134008WA0073600789
B1646191856677S04133987WA0074600802
B1646231856688S04133961WA0075600812
B1646271856698S04133936WA0076800823
B1646311856714S04133909WA0077200831
B1646351856731S04133881WA0077700833
B1646391856753S04133852WA0077900838
B1646431856772S04133831WA0078800848
B1646471856779S04133807WA0079700854
B1646511856756S04133789WA0079700855
B1646551856731S04133798WA0080500867
B1646591856709S04133817WA0080800867
B1647031856685S04133834WA0080800871
B1647071856654S04133845WA0080800870
B1647111856625S04133857WA0081100875
B1647151856597S04133871WA0081400877
B1647191856570S04133886WA0081800882
B1647231856546S04133900WA0082300889
B1647271856523S04133904WA0083200897
B1647311856500S04133906WA0083900903
B1647351856476S04133910WA0084100907
B1647391856460S04133927WA0085300920
B1647431856471S04133952WA0086200930
B1647471856490S04133944WA0087400943
B1647511856481S04133925WA0088200950
B1647551856466S04133913WA0089500965
B1647591856445S04133929WA0090400971
B1648031856452S04133958WA0091100980
B1648071856472S04133958WA0092000990
B1648111856473S04133939WA0093101001
B1648151856453S04133940WA0094101013
B1648191856446S04133970WA0094801019
B1648231856455S04133998WA0095801028
B1648271856462S04134027WA0096701039
B1648311856480S04134051WA0097801049
B1648351856497S04134050WA0098901061
B1648391856490S04134035WA0099601070
B1648431856471S04134051WA0100701080
B1648471856477S04134082WA0101701092
B1648511856501S04134089WA0102601102
B1648551856502S04134074WA0103401110
B1648591856496S04134060WA0104701122
B1649031856495S04134046WA0105601131
B1649071856500S04134029WA0106501141
B1649111856504S04134013WA0107401150
B1649151856509S04133993WA0108101157
B1649191856519S04133977WA0109301170
B1649231856531S04133964WA0110901189
B1649271856551S04133965WA0112201201
B1649311856564S04133983WA0113701216
B1649351856546S04134000WA0114801228
B1649391856539S04133985WA0116501243
B1649431856558S04133981WA0117901256
B1649471856571S04134001WA0119401272
B1649511856561S04134027WA0120401281
B1649551856549S04134043WA0121801295
B1649591856527S04134050WA0122401300
B1650031856515S04134041WA0123601312
B1650071856516S04134024WA0124501324
B1650111856518S04134009WA0126101344
B1650151856524S04133995WA0127601359
B1650191856520S04133978WA0128901371
B1650231856506S04133966WA0130101384
B1650271856479S04133975WA0130801396
B1650311856475S04134001WA0132101409
B1650351856491S04134020WA0132301411
B1650391856506S04134012WA0133301422
B1650431856491S04134000WA0134601439
B1650471856470S04134021WA0135701448
B1650511856482S04134044WA0136201452
B1650551856501S04134048WA0136601458
B1650591856505S04134031WA0137501467
B1651031856493S04134018WA0138501477
B1651071856469S04134033WA0139001481
B1651111856468S04134061WA0139901492
B1651151856484S04134080WA0139901489
B1651191856499S04134090WA0140601497
B1651231856517S04134101WA0140701496
B1651271856537S04134115WA0141101504
B1651311856559S04134114WA0141401508
B1651351856549S04134100WA0141901513
B1651391856528S04134117WA0142401515
B1651431856521S04134146WA0142801521
B1651471856525S04134177WA0143201525
B1651511856535S04134201WA0144001532
B1651551856548S04134226WA0144501537
B1651591856549S04134253WA0145201542
B1652031856528S04134276WA0145401544
B1652071856504S04134292WA0145601545
B1652111856480S04134308WA0145801548
B1652151856452S04134324WA0145701547
B1652191856431S04134336WA0146301554
B1652231856404S04134349WA0145401544
B1652271856382S04134361WA0145101539
B1652311856353S04134369WA0143801529
B1652351856330S04134379WA0143501524
B1652391856300S04134387WA0141801507
B1652431856274S04134397WA0141101499
B1652471856245S04134404WA0140201491
B1652511856220S04134416WA0139901488
B1652551856187S04134423WA0138801480
B1652591856157S04134434WA0138301473
B1653031856126S04134447WA0137701469
B1653071856096S04134459WA0137101462
B1653111856064S04134474WA0136301455
B1653151856035S04134487WA0135901448
B1653191856002S04134498WA0134901439
B1653231855972S04134507WA0134501433
B1653271855942S04134517WA0133801427
B1653311855912S04134527WA0132901418
B1653351855881S04134536WA0131901410
B1653391855850S04134546WA0131301401
B1653431855818S04134555WA0130301391
B1653471855786S04134565WA0129301383
B1653511855754S04134574WA0128601375
B1653551855723S04134581WA0128001368
B1653591855691S04134590WA0127101357
B1654031855661S04134591WA0126201348
B1654071855630S04134591WA0124701334
B1654111855599S04134591WA0124001324
B1654151855568S04134598WA0123101318
B1654191855542S04134611WA0123601322
B1654231855515S04134619WA0124001325
B1654271855492S04134637WA0124301330
B1654311855474S04134649WA0125601345
B1654351855454S04134655WA0126201351
B1654391855431S04134661WA0126701355
B1654431855406S04134664WA0126001346
B1654471855379S04134663WA0125401342
B1654511855349S04134658WA0123901325
B1654551855318S04134650WA0123101319
B1654591855287S04134645WA0122401308
B1655031855256S04134637WA0121401300
B1655071855225S04134630WA0120601293
B1655111855194S04134622WA0119701284
B1655151855161S04134614WA0118501271
B1655191855127S04134607WA0117701266
B1655231855095S04134602WA0117201256
B1655271855059S04134598WA0116001246
B1655311855026S04134593WA0115701242
B1655351854990S04134587WA0114701232
B1655391854955S04134585WA0114301229
B1655431854922S04134584WA0113901224
B1655471854885S04134582WA0112801214
B1655511854853S04134580WA0112401208
B1655551854817S04134578WA0111001193
B1655591854784S04134575WA0110501190
B1656031854750S04134574WA0109501177
B1656071854716S04134573WA0109001173
B1656111854684S04134573WA0108601166
B1656151854650S04134573WA0107501155
B1656191854620S04134578WA0106901147
B1656231854587S04134578WA0105801136
B1656271854556S04134579WA0105201130
B1656311854522S04134582WA0104401122
B1656351854489S04134586WA0103801115
B1656391854458S04134593WA0103201107
B1656431854425S04134596WA0102101095
B1656471854393S04134598WA0101501089
B1656511854360S04134602WA0100501079
B1656551854328S04134605WA0099701072
B1656591854294S04134604WA0098401058
B1657031854262S04134599WA0097801052
B1657071854228S04134592WA0097001040
B1657111854195S04134588WA0097101045
B1657151854163S04134587WA0096901039
B1657191854129S04134584WA0096601040
B1657231854098S04134580WA0096801041
B1657271854069S04134577WA0096701040
B1657311854038S04134575WA0096501036
B1657351854008S04134567WA0096501038
B1657391853979S04134565WA0097001042
B1657431853953S04134557WA0096901041
B1657471853925S04134558WA0096601037
B1657511853895S04134563WA0096501040
B1657551853874S04134567WA0097801052
B1657591853845S04134572WA0097701052
B1658031853818S04134575WA0098401062
B1658071853797S04134583WA0099501073
B1658111853777S04134596WA0100701086
B1658151853767S04134615WA0102001098
B1658191853784S04134624WA0102901109
B1658231853795S04134615WA0104501124
B1658271853786S04134596WA0104701125
B1658311853769S04134590WA0106101140
B1658351853746S04134596WA0106801147
B1658391853743S04134618WA0108201163
B1658431853760S04134631WA0109201173
B1658471853779S04134630WA0110601189
B1658511853786S04134615WA0111701197
B1658551853772S04134598WA0112301203
B1658591853753S04134594WA0113701216
B1659031853736S04134608WA0114201223
B1659071853754S04134620WA0115301237
B1659111853763S04134603WA0116701250
B1659151853747S04134589WA0117801260
B1659191853735S04134607WA0118601269
B1659231853752S04134618WA0119701280
B1659271853771S04134613WA0120801292
B1659311853779S04134597WA0122101306
B1659351853770S04134579WA0123101316
B1659391853750S04134570WA0123801323
B1659431853732S04134579WA0125201339
B1659471853726S04134601WA0125901346
B1659511853739S04134619WA0126701355
B1659551853750S04134638WA0127601364
B1659591853765S04134654WA0128501374
B1700031853780S04134666WA0129301380
B1700071853798S04134680WA0129801387
B1700111853815S04134694WA0130601394
B1700151853835S04134702WA0131601406
B1700191853858S04134694WA0132501414
B1700231853872S04134674WA0133701428
B1700271853867S04134652WA0134901440
B1700311853844S04134654WA0135701447
B1700351853837S04134678WA0136801460
B1700391853848S04134697WA0138101474
B1700431853871S04134697WA0139101486
B1700471853876S04134675WA0140101493
B1700511853869S04134655WA0141101503
B1700551853846S04134659WA0141701511
B1700591853844S04134683WA0142701521
B1701031853860S04134698WA0143801532
B1701071853879S04134690WA0144601540
B1701111853868S04134670WA0145301548
B1701151853848S04134670WA0146501561
B1701191853832S04134687WA0147201567
B1701231853829S04134712WA0148101578
B1701271853829S04134737WA0148901587
B1701311853825S04134762WA0150201602
B1701351853838S04134773WA0151401612
B1701391853846S04134755WA0152201622
B1701431853826S04134744WA0153401634
B1701471853803S04134751WA0154701647
B1701511853801S04134778WA0155501656
B1701551853814S04134793WA0157101674
B1701591853830S04134785WA0158101682
B1702031853816S04134766WA0158701689
B1702071853793S04134775WA0159901703
B1702111853777S04134791WA0161101715
B1702151853754S04134799WA0161901721
B1702191853730S04134805WA0162201722
B1702231853703S04134806WA0162301725
B1702271853676S04134809WA0161801718
B1702311853651S04134818WA0161801718
B1702351853622S04134822WA0160601704
B1702391853594S04134828WA0160301705
B1702431853566S04134831WA0159301693
B1702471853536S04134836WA0158801689
B1702511853507S04134840WA0158101678
B1702551853475S04134842WA0157701677
B1702591853445S04134843WA0157301669
B1703031853408S04134840WA0156101661
B1703071853373S04134838WA0156001660
B1703111853341S04134840WA0156101657
B1703151853308S04134835WA0155401652
B1703191853275S04134832WA0154301638
B1703231853239S04134823WA0153101628
B1703271853206S04134814WA0152501620
B1703311853171S04134802WA0151601613
B1703351853138S04134796WA0151001605
B1703391853101S04134783WA0149301586
B1703431853063S04134770WA0148101575
B1703471853025S04134756WA0146701559
B1703511852986S04134742WA0145501550
B1703551852951S04134729WA0144901542
B1703591852916S04134714WA0143801528
B1704031852881S04134698WA0142601517
B1704071852847S04134683WA0141501506
B1704111852814S04134668WA0140501497
B1704151852782S04134655WA0139801488
B1704191852750S04134641WA0138601475
B1704231852718S04134625WA0137801467
B1704271852687S04134610WA0137201460
B1704311852657S04134597WA0136401450
B1704351852625S04134584WA0135701445
B1704391852597S04134575WA0135701442
B1704431852565S04134561WA0134301427
B1704471852535S04134544WA0133201419
B1704511852504S04134526WA0132101408
B1704551852472S04134510WA0131601403
B1704591852441S04134496WA0131001396
B1705031852412S04134480WA0130401390
B1705071852383S04134468WA0130101386
B1705111852352S04134456WA0129101376
B1705151852320S04134445WA0128101366
B1705191852285S04134429WA0126401349
B1705231852252S04134413WA0125701343
B1705271852218S04134404WA0125201335
B1705311852181S04134398WA0124701333
B1705351852148S04134395WA0124901334
B1705391852119S04134395WA0125501337
B1705431852089S04134392WA0125401339
B1705471852069S04134391WA0126901353
B1705511852046S04134393WA0127201355
B1705551852023S04134393WA0127701360
B1705591852001S04134377WA0127501360
B1706031851986S04134362WA0128501370
B1706071851989S04134342WA0129001375
B1706111852012S04134337WA0129501378
B1706151852031S04134348WA0130401386
B1706191852040S04134372WA0130901392
B1706231852032S04134393WA0131601401
B1706271852015S04134402WA0132201406
B1706311851992S04134401WA0132501408
B1706351851979S04134386WA0133001412
B1706391851989S04134370WA0133201412
B1706431852010S04134381WA0133301413
B1706471852006S04134404WA0133901422
B1706511851987S04134418WA0134201423
B1706551851964S04134429WA0134501428
B1706591851943S04134444WA0135101435
B1707031851921S04134457WA0135901446
B1707071851913S04134446WA0136601452
B1707111851935S04134449WA0137101457
B1707151851931S04134479WA0138201469
B1707191851911S04134487WA0139601482
B1707231851906S04134472WA0140301490
B1707271851928S04134479WA0141201498
B1707311851927S04134510WA0142001508
B1707351851910S04134519WA0143101518
B1707391851912S04134501WA0143601524
B1707431851931S04134509WA0144901536
B1707471851940S04134535WA0145501542
B1707511851921S04134548WA0145901546
B1707551851913S04134530WA0146201548
B1707591851918S04134516WA0147401561
B1708031851941S04134516WA0147501561
B1708071851947S04134544WA0148001567
B1708111851928S04134554WA0148401569
B1708151851913S04134541WA0149001577
B1708191851925S04134530WA0149301580
B1708231851946S04134548WA0149301580
B1708271851948S04134575WA0150001588
B1708311851948S04134604WA0150001590
B1708351851953S04134630WA0151001601
B1708391851946S04134657WA0151201604
B1708431851931S04134662WA0151901611
B1708471851934S04134643WA0152201614
B1708511851957S04134649WA0152901620
B1708551851967S04134676WA0153001621
B1708591851956S04134698WA0153501628
B1709031851936S04134698WA0154301636
B1709071851915S04134692WA0154801643
B1709111851898S04134686WA0155401647
B1709151851877S04134677WA0155001644
B1709191851852S04134669WA0154901646
B1709231851824S04134674WA0154901646
B1709271851795S04134677WA0154901644
B1709311851766S04134683WA0154001635
B1709351851738S04134686WA0153501630
B1709391851705S04134687WA0151901615
B1709431851675S04134688WA0151601611
B1709471851646S04134699WA0150701601
B1709511851616S04134711WA0150001597
B1709551851588S04134722WA0149601592
B1709591851558S04134731WA0149001585
B1710031851528S04134737WA0148301580
B1710071851497S04134742WA0147901573
B1710111851464S04134747WA0147401569
B1710151851433S04134753WA0146801564
B1710191851403S04134759WA0146601561
B1710231851371S04134766WA0145801552
B1710271851339S04134772WA0145401548
B1710311851307S04134779WA0144901540
B1710351851274S04134786WA0144001534
B1710391851243S04134790WA0143401527
B1710431851212S04134800WA0142701518
B1710471851184S04134818WA0141901510
B1710511851157S04134838WA0141001502
B1710551851131S04134857WA0140101494
B1710591851105S04134877WA0139301485
B1711031851076S04134895WA0138301475
B1711071851047S04134905WA0137601466
B1711111851017S04134914WA0136301453
B1711151850987S04134918WA0135701446
B1711191850957S04134922WA0135001441
B1711231850927S04134927WA0134301431
B1711271850897S04134931WA0133301422
B1711311850865S04134939WA0132501411
B1711351850831S04134945WA0131601402
B1711391850797S04134949WA0130901396
B1711431850763S04134945WA0130101389
B1711471850728S04134948WA0129601384
B1711511850692S04134951WA0129301379
B1711551850658S04134950WA0129001378
B1711591850626S04134947WA0128901377
B1712031850596S04134942WA0128901375
B1712071850566S04134937WA0129101379
B1712111850539S04134937WA0129601384
B1712151850515S04134940WA0130501395
B1712191850495S04134946WA0130901395
B1712231850471S04134948WA0131001399
B1712271850448S04134946WA0131301400
B1712311850423S04134948WA0131701406
B1712351850399S04134952WA0132401413
B1712391850379S04134958WA0133501422
B1712431850355S04134965WA0133001418
B1712471850330S04134967WA0132901418
B1712511850301S04134968WA0132201410
B1712551850270S04134969WA0131501407
B1712591850242S04134971WA0131501404
B1713031850214S04134972WA0130701395
B1713071850182S04134972WA0129501381
B1713111850150S04134967WA0128501372
B1713151850120S04134961WA0127801365
B1713191850087S04134953WA0126901356
B1713231850056S04134944WA0126401352
B1713271850026S04134934WA0126001346
B1713311849996S04134924WA0125601341
B1713351849964S04134914WA0125101335
B1713391849934S04134904WA0124801332
B1713431849904S04134894WA0124401327
B1713471849874S04134882WA0124201325
B1713511849845S04134872WA0123601319
B1713551849817S04134861WA0123101314
B1713591849788S04134850WA0122501307
B1714031849758S04134838WA0122101304
B1714071849731S04134826WA0122001303
B1714111849702S04134814WA0121501298
B1714151849675S04134802WA0121301296
B1714191849646S04134793WA0120701289
B1714231849617S04134784WA0120401286
B1714271849589S04134776WA0120101283
B1714311849561S04134764WA0119801277
B1714351849530S04134754WA0119301274
B1714391849500S04134745WA0119301274
B1714431849473S04134735WA0119201270
B1714471849443S04134721WA0118501263
B1714511849416S04134709WA0118101258
B1714551849386S04134697WA0117101251
B1714591849359S04134688WA0116801245
B1715031849329S04134677WA0115901237
B1715071849303S04134668WA0115601233
B1715111849275S04134657WA0114601224
B1715151849248S04134647WA0113901216
B1715191849222S04134634WA0113101209
B1715231849197S04134624WA0112601203
B1715271849170S04134612WA0111801193
B1715311849142S04134600WA0111201187
B1715351849116S04134587WA0110801181
B1715391849089S04134573WA0110101175
B1715431849061S04134561WA0109701172
B1715471849033S04134551WA0109201166
B1715511849004S04134543WA0108701160
B1715551848977S04134529WA0108101154
B1715591848951S04134514WA0107401145
B1716031848923S04134499WA0106601141
B1716071848896S04134487WA0106001133
B1716111848869S04134474WA0105601130
B1716151848843S04134461WA0104901121
B1716191848816S04134448WA0104301115
B1716231848788S04134434WA0103001098
B1716271848755S04134422WA0101601085
B1716311848722S04134412WA0100701076
B1716351848690S04134405WA0099701066
B1716391848657S04134400WA0098701055
B1716431848626S04134392WA0097501039
B1716471848596S04134386WA0096301030
B1716511848580S04134383WA0096401027
B1716551848548S04134378WA0094501011
B1716591848519S04134375WA0094201008
B1717031848486S04134372WA0093301001
B1717071848456S04134373WA0093200999
B1717111848426S04134372WA0093100996
B1717151848397S04134369WA0093100997
B1717191848369S04134364WA0093300999
B1717231848342S04134361WA0093801006
B1717271848321S04134358WA0095201018
B1717311848292S04134352WA0095001016
B1717351848270S04134342WA0095401017
B1717391848243S04134330WA0094801012
B1717431848215S04134318WA0094801012
B1717471848182S04134305WA0094501009
B1717511848151S04134294WA0095001016
B1717551848128S04134285WA0096401030
B1717591848105S04134271WA0097201038
B1718031848080S04134257WA0097601041
B1718071848054S04134243WA0098401050
B1718111848027S04134228WA0098801054
B1718151848008S04134215WA0099901064
B1718191847989S04134200WA0100501071
B1718231847967S04134184WA0100801074
B1718271847944S04134171WA0101201078
B1718311847918S04134159WA0101201079
B1718351847891S04134153WA0101201078
B1718391847861S04134148WA0101001076
B1718431847836S04134140WA0101501082
B1718471847811S04134135WA0101801083
B1718511847785S04134127WA0102401095
B1718551847764S04134123WA0103301101
B1718591847738S04134121WA0103601106
B1719031847717S04134123WA0104601116
B1719071847696S04134128WA0105301123
B1719111847675S04134137WA0106001132
B1719151847653S04134147WA0106701139
B1719191847629S04134161WA0107101144
B1719231847606S04134177WA0107501152
B1719271847587S04134190WA0108801163
B1719311847566S04134210WA0109401173
B1719351847547S04134227WA0110601183
B1719391847525S04134244WA0111601197
B1719431847502S04134257WA0112501203
B1719471847479S04134262WA0113601218
B1719511847454S04134265WA0114201223
B1719551847430S04134270WA0114901230
B1719591847407S04134269WA0115301233
B1720031847410S04134245WA0115401232
B1720071847432S04134238WA0115901236
B1720111847457S04134237WA0116401244
B1720151847481S04134243WA0117101248
B1720191847504S04134260WA0117601255
B1720231847525S04134274WA0118701266
B1720271847548S04134275WA0119901279
B1720311847570S04134267WA0120901288
B1720351847592S04134264WA0122101302
B1720391847613S04134256WA0123301313
B1720431847635S04134247WA0124501327
B1720471847659S04134244WA0125601338
B1720511847681S04134243WA0126901352
B1720551847707S04134242WA0127701359
B1720591847733S04134248WA0128601367
B1721031847734S04134267WA0129301372
B1721071847710S04134271WA0129501374
B1721111847685S04134268WA0130201385
B1721151847665S04134264WA0131301394
B1721191847639S04134267WA0131601399
B1721231847617S04134267WA0132901412
B1721271847597S04134285WA0133701422
B1721311847578S04134300WA0134701431
B1721351847562S04134322WA0135401442
B1721391847564S04134343WA0136801454
B1721431847565S04134368WA0137501464
B1721471847550S04134380WA0139001479
B1721511847535S04134371WA0140201490
B1721551847544S04134350WA0140901496
B1721591847567S04134355WA0141601504
B1722031847570S04134378WA0142701515
B1722071847559S04134395WA0144001530
B1722111847544S04134412WA0145001541
B1722151847525S04134422WA0146201555
B1722191847505S04134417WA0147701570
B1722231847501S04134396WA0148901582
B1722271847516S04134381WA0150501599
B1722311847535S04134396WA0151001600
B1722351847522S04134414WA0151901611
B1722391847503S04134412WA0153101624
B1722431847485S04134398WA0154001635
B1722471847471S04134383WA0155701651
B1722511847454S04134361WA0156701662
B1722551847432S04134339WA0157601671
B1722591847411S04134320WA0159001687
B1723031847392S04134297WA0159601691
B1723071847374S04134277WA0161001708
B1723111847355S04134256WA0161501709
B1723151847331S04134228WA0161501714
B1723191847307S04134196WA0161501716
B1723231847283S04134165WA0161801721
B1723271847262S04134139WA0162201722
B1723311847240S04134107WA0161501716
B1723351847216S04134078WA0161301714
B1723391847196S04134054WA0162201725
B1723431847174S04134024WA0162201724
B1723471847151S04133995WA0162301728
B1723511847132S04133971WA0163001731
B1723551847111S04133943WA0162101723
B1723591847091S04133920WA0162301725
B1724031847071S04133895WA0161301712
B1724071847047S04133867WA0160401705
B1724111847020S04133841WA0158901686
B1724151846991S04133813WA0157501676
B1724191846963S04133789WA0156601665
B1724231846935S04133765WA0156201663
B1724271846908S04133745WA0156501666
B1724311846882S04133721WA0156701666
B1724351846854S04133696WA0156901671
B1724391846828S04133672WA0157501676
B1724431846802S04133645WA0157701676
B1724471846779S04133617WA0157601678
B1724511846759S04133592WA0157901678
B1724551846740S04133563WA0157701678
B1724591846724S04133539WA0158501687
B1725031846709S04133517WA0159001690
B1725071846694S04133490WA0159401698
B1725111846679S04133470WA0160301702
B1725151846661S04133446WA0159401696
B1725191846646S04133422WA0159101691
B1725231846628S04133398WA0158301682
B1725271846610S04133371WA0157501676
B1725311846594S04133344WA0157301673
B1725351846576S04133316WA0156801666
B1725391846559S04133285WA0156401662
B1725431846543S04133256WA0156101659
B1725471846524S04133229WA0155301650
B1725511846505S04133199WA0154101637
B1725551846485S04133170WA0153101626
B1725591846466S04133140WA0152001615
B1726031846447S04133108WA0150901601
B1726071846428S04133075WA0149901591
B1726111846404S04133044WA0149301586
B1726151846385S04133013WA0149101586
B1726191846363S04132985WA0148801578
B1726231846341S04132957WA0148501578
B1726271846318S04132928WA0148101573
B1726311846296S04132903WA0148701582
B1726351846275S04132876WA0148601579
B1726391846255S04132845WA0148401581
B1726431846238S04132818WA0148801582
B1726471846219S04132791WA0148901583
B1726511846202S04132761WA0148901583
B1726551846186S04132735WA0149701592
B1726591846165S04132708WA0149601591
B1727031846148S04132681WA0150401601
B1727071846133S04132657WA0152101619
B1727111846117S04132630WA0153601634
B1727151846102S04132601WA0155001648
B1727191846085S04132570WA0155501654
B1727231846065S04132540WA0156301664
B1727271846047S04132514WA0157001668
B1727311846023S04132488WA0155901657
B1727351846002S04132465WA0155401652
B1727391845984S04132441WA0154701640
B1727431845963S04132415WA0153301627
B1727471845945S04132388WA0152601620
B1727511845927S04132361WA0151501607
B1727551845907S04132333WA0150501599
B1727591845888S04132304WA0150501597
B1728031845872S04132273WA0150301596
B1728071845856S04132241WA0150101593
B1728111845837S04132210WA0149601591
B1728151845820S04132181WA0149701592
B1728191845801S04132148WA0149401589
B1728231845782S04132119WA0149701594
B1728271845764S04132095WA0150501600
B1728311845745S04132062WA0150001598
B1728351845727S04132031WA0150701608
B1728391845710S04132004WA0150901608
B1728431845688S04131972WA0150101600
B1728471845668S04131944WA0150401601
B1728511845650S04131915WA0150101599
B1728551845631S04131887WA0149601591
B1728591845611S04131856WA0148901585
B1729031845593S04131828WA0148701582
B1729071845572S04131793WA0147801575
B1729111845553S04131762WA0148201580
B1729151845531S04131733WA0148101577
B1729191845509S04131703WA0148001576
B1729231845490S04131675WA0148301581
B1729271845472S04131648WA0148801586
B1729311845455S04131619WA0149001586
B1729351845439S04131591WA0148701584
B1729391845422S04131564WA0148401580
B1729431845405S04131538WA0147901574
B1729471845387S04131513WA0147601571
B1729511845373S04131486WA0147301566
B1729551845353S04131458WA0146101555
B1729591845339S04131429WA0145701551
B1730031845319S04131403WA0144901541
B1730071845303S04131376WA0144201533
B1730111845280S04131351WA0143101520
B1730151845258S04131323WA0142001510
B1730191845236S04131293WA0141001500
B1730231845217S04131262WA0140501495
B1730271845200S04131232WA0140001486
B1730311845183S04131199WA0139101478
B1730351845168S04131173WA0139101477
B1730391845150S04131149WA0138201466
B1730431845137S04131119WA0137301459
B1730471845122S04131093WA0136701450
B1730511845106S04131065WA0135601440
B1730551845092S04131040WA0134601429
B1730591845076S04131010WA0132501408
B1731031845061S04130982WA0131601401
B1731071845044S04130957WA0130601389
B1731111845029S04130927WA0129401379
B1731151845015S04130901WA0128901371
B1731191844997S04130871WA0128301368
B1731231844983S04130842WA0128201365
B1731271844967S04130809WA0127201357
B1731311844950S04130781WA0127101356
B1731351844934S04130753WA0126901353
B1731391844916S04130728WA0126801352
B1731431844898S04130699WA0126201344
B1731471844880S04130670WA0125901343
B1731511844863S04130645WA0125301335
B1731551844846S04130615WA0124101324
B1731591844829S04130586WA0123301316
B1732031844814S04130559WA0122801310
B1732071844800S04130529WA0122201304
B1732111844785S04130499WA0121701298
B1732151844769S04130469WA0121301293
B1732191844753S04130439WA0120401281
B1732231844736S04130406WA0119201269
B1732271844718S04130378WA0118501262
B1732311844697S04130353WA0116901246
B1732351844675S04130326WA0115501232
B1732391844655S04130301WA0114401221
B1732431844636S04130274WA0113101207
B1732471844616S04130248WA0111901193
B1732511844599S04130221WA0111001185
B1732551844583S04130198WA0111501191
B1732591844566S04130172WA0111501191
B1733031844553S04130148WA0111901193
B1733071844535S04130117WA0110601179
B1733111844516S04130088WA0109601169
B1733151844496S04130060WA0108301154
B1733191844480S04130031WA0107301145
B1733231844468S04130000WA0106401134
B1733271844450S04129969WA0105101122
B1733311844431S04129939WA0104101111
B1733351844411S04129909WA0103101104
B1733391844393S04129883WA0102701099
B1733431844373S04129854WA0101201084
B1733471844352S04129826WA0100801081
B1733511844334S04129799WA0100101071
B1733551844315S04129769WA0099301062
B1733591844299S04129740WA0098501052
B1734031844279S04129709WA0097001036
B1734071844259S04129680WA0096001027
B1734111844240S04129651WA0094901016
B1734151844222S04129621WA0093601004
B1734191844207S04129597WA0093401001
B1734231844192S04129575WA0092900992
B1734271844175S04129550WA0092000985
B1734311844162S04129526WA0091800981
B1734351844147S04129501WA0091400977
B1734391844135S04129481WA0091500976
B1734431844127S04129463WA0091600974
B1734471844120S04129441WA0091300972
B1734511844121S04129418WA0091100971
B1734551844109S04129400WA0091000967
B1734591844092S04129388WA0090400961
B1735031844074S04129373WA0089500953
B1735071844058S04129357WA0088700944
B1735111844041S04129335WA0087600934
B1735151844025S04129316WA0086900924
B1735191844006S04129290WA0085600914
B1735231843989S04129269WA0085000907
B1735271843973S04129244WA0084400903
B1735311843957S04129223WA0084100898
B1735351843941S04129200WA0083900899
B1735391843927S04129182WA0083700894
B1735431843908S04129162WA0083000888
B1735471843891S04129142WA0082700886
B1735511843877S04129124WA0082600882
B1735551843861S04129102WA0081900877
B1735591843846S04129082WA0081700874
B1736031843830S04129060WA0081000867
B1736071843813S04129042WA0080100855
B1736111843788S04129031WA0078600839
B1736151843762S04129031WA0077700830
B1736191843733S04129031WA0076000812
B1736231843711S04129016WA0075000802
B1736271843701S04128992WA0074100791
B1736311843706S04128965WA0073200781
B1736351843722S04128943WA0072500774
B1736391843724S04128914WA0071900767
B1736431843713S04128890WA0072000769
B1736471843695S04128871WA0071300760
B1736511843681S04128851WA0070400750
B1736551843662S04128835WA0069900746
B1736591843646S04128816WA0069500741
B1737031843632S04128797WA0069400740
B1737071843619S04128779WA0069100739
B1737111843610S04128763WA0068800732
B1737151843596S04128745WA0067700723
B1737191843586S04128731WA0067300717
B1737231843575S04128714WA0066200705
B1737271843567S04128697WA0065200693
B1737311843553S04128682WA0064200685
B1737351843543S04128664WA0063300675
B1737391843527S04128655WA0062900673
B1737431843514S04128645WA0063000672
B1737471843497S04128638WA0063200675
B1737511843482S04128648WA0063800683
B1737551843464S04128655WA0064400690
B1737591843447S04128665WA0064200685
B1738031843430S04128676WA0064000683
B1738071843411S04128691WA0063600677
B1738111843401S04128712WA0063300677
B1738151843408S04128738WA0063000674
B1738191843429S04128752WA0062900672
B1738231843445S04128775WA0062400666
B1738271843456S04128800WA0062400663
B1738311843461S04128825WA0062000658
B1738351843442S04128834WA0061000646
B1738391843443S04128817WA0060300636
B1738431843465S04128816WA0060200636
B1738471843491S04128813WA0059400628
B1738511843512S04128808WA0059400627
B1738551843540S04128806WA0058300616
B1738591843564S04128805WA0057700610
B1739031843587S04128800WA0057200606
B1739071843608S04128791WA0056500598
B1739111843621S04128774WA0056000594
B1739151843632S04128757WA0055400583
B1739191843654S04128743WA0054100570
B1739231843663S04128769WA0052400547
B1739271843643S04128773WA0050700530
B1739311843644S04128753WA0050200517
B1739351843660S04128737WA0049600518
B1739391843686S04128743WA0048900510
B1739431843702S04128756WA0047900497
B1739471843713S04128783WA0046200482
B1739511843709S04128806WA0045100473
B1739551843704S04128832WA0043900461
B1739591843701S04128859WA0042900453
B1740031843686S04128874WA0042000445
B1740071843671S04128881WA0041300436
B1740111843649S04128888WA0040000426
B1740151843634S04128893WA0040400432
B1740191843626S04128878WA0040000426
B1740231843636S04128856WA0040300433
B1740271843639S04128834WA0040700436
B1740311843642S04128811WA0040900436
B1740351843642S04128785WA0040700436
B1740391843649S04128760WA0041200440
B1740431843658S04128735WA0041300442
B1740471843671S04128711WA0041600445
B1740511843668S04128694WA0041500441
B1740551843652S04128694WA0041200441
B1740591843643S04128703WA0041300442
B1741031843630S04128714WA0041200443
B1741071843619S04128727WA0041200442
B1741111843610S04128740WA0041500447
B1741151843601S04128760WA0041000440
B1741191843601S04128782WA0040900440
B1741231843593S04128801WA0039800428
B1741271843592S04128779WA0038700411
B1741311843618S04128785WA0038500409
B1741351843626S04128807WA0038400406
B1741391843617S04128829WA0037900403
B1741431843620S04128854WA0037300396
B1741471843641S04128869WA0037200396
B1741511843667S04128875WA0036800393
B1741551843694S04128873WA0036700393
B1741591843712S04128855WA0037400403
B1742031843721S04128837WA0037900406
B1742071843741S04128821WA0037900406
B1742111843765S04128829WA0037800403
B1742151843782S04128847WA0037300397
B1742191843784S04128870WA0037100396
B1742231843784S04128894WA0036500389
B1742271843785S04128918WA0036200386
B1742311843778S04128941WA0035700383
B1742351843762S04128952WA0035700383
B1742391843750S04128948WA0035600378
B1742431843765S04128928WA0035300373
B1742471843781S04128947WA0035100364
B1742511843767S04128955WA0035300367
B1742551843749S04128953WA0035300368
B1742591843736S04128951WA0036100378
B1743031843724S04128947WA0035900373
B1743071843711S04128939WA0035700373
B1743111843698S04128932WA0035700374
B1743151843689S04128924WA0035100365
B1743191843687S04128905WA0034600360
B1743231843693S04128886WA0034700365
B1743271843704S04128868WA0034500363
B1743311843718S04128847WA0034300363
B1743351843726S04128828WA0034300364
B1743391843725S04128809WA0033800358
B1743431843719S04128796WA0033400353
B1743471843711S04128782WA0032700343
B1743511843701S04128769WA0032100337
B1743551843689S04128759WA0031600331
B1743591843682S04128747WA0031000324
B1744031843670S04128734WA0030300316
B1744071843663S04128716WA0030100315
B1744111843658S04128698WA0029700310
B1744151843645S04128695WA0029100305
B1744191843638S04128700WA0029300309
B1744231843628S04128706WA0028600299
B1744271843619S04128708WA0028400296
B1744311843609S04128707WA0028000293
B1744351843607S04128709WA0027900292
B1744391843607S04128708WA0027900294
B1744431843607S04128708WA0027900297
B1744471843607S04128707WA0027900298
B1744511843607S04128707WA0027900299
B1744551843607S04128707WA0027900300
B1744591843607S04128708WA0027900300
B1745031843608S04128708WA0027900302
B1745071843608S04128708WA0027900301
B1745111843608S04128708WA0027900301
B1745151843608S04128708WA0027900301
B1745191843606S04128709WA0027900300
B1745231843605S04128711WA0027900300
B1745271843604S04128712WA0027900300
B1745311843604S04128714WA0027800300
B1745351843605S04128716WA0027800300
B1745391843604S04128718WA0027800301
B1745431843603S04128719WA0027800299
B1745471843602S04128719WA0027800299
B1745511843600S04128719WA0027700299
B1745551843599S04128719WA0027700299
B1745591843598S04128720WA0027700299
B1746031843597S04128722WA0027700298
B1746071843597S04128723WA0027700297
B1746111843598S04128724WA0027700298
B1746151843598S04128724WA0027700298
B1746191843597S04128725WA0027700297
B1746231843598S04128725WA0027700296
B1746271843598S04128725WA0027700296
B1746311843598S04128725WA0027700297
B1746351843598S04128724WA0027700297
B1746391843598S04128724WA0027700296
B1746431843598S04128724WA0027700297
B1746471843598S04128724WA0027700296
B1746511843598S04128724WA0027700295
B1746551843598S04128723WA0027700296
B1746591843598S04128723WA0027700296
B1747031843598S04128723WA0027700296
B1747071843598S04128723WA0027700295
B1747111843598S04128723WA0027700296
B1747151843598S04128723WA0027700296
B1747191843598S04128724WA0027700296
B1747231843598S04128724WA0027700297
B1747271843598S04128724WA0027700297
B1747311843598S04128724WA0027700298
B1747351843598S04128724WA0027700298
B1747391843598S04128725WA0027700298
B1747431843598S04128725WA0027700298
B1747471843598S04128725WA0027700298
B1747511843598S04128725WA0027700298
B1747551843598S04128725WA0027700297
B1747591843598S04128725WA0027700297
B1748031843598S04128725WA0027700298
B1748071843598S04128725WA0027700297
B1748111843598S04128725WA0027700298
B1748151843598S04128725WA0027700298
B1748191843598S04128725WA0027700298
B1748231843598S04128725WA0027700299
B1748271843598S04128725WA0027700299
B1748311843598S04128725WA0027700299
B1748351843598S04128725WA0027700299
B1748391843598S04128726WA0027700300
B1748431843598S04128726WA0027700300
B1748471843598S04128726WA0027700301
B1748511843598S04128726WA0027700301
B1748551843598S04128726WA0027700302
B1748591843597S04128726WA0027700302
B1749031843598S04128726WA0027700302
B1749071843598S04128726WA0027700303
B1749111843598S04128726WA0027700303
B1749151843598S04128726WA0027700302
B1749191843598S04128726WA0027700301
B1749231843598S04128726WA0027700301
B1749271843598S04128726WA0027700300
B1749311843598S04128726WA0027700300
B1749351843598S04128726WA0027700300
B1749391843598S04128726WA0027700299
B1749431843598S04128726WA0027700299
B1749471843598S04128726WA0027700300
B1749511843598S04128726WA0027700299
B1749551843598S04128726WA0027700299
B1749591843598S04128726WA0027700299
B1750031843597S04128726WA0027700299
B1750071843598S04128726WA0027700298
B1750111843598S04128726WA0027700297
B1750151843598S04128726WA0027700297
B1750191843598S04128726WA0027700296
B1750231843598S04128726WA0027700296
B1750271843598S04128726WA0027700296
B1750311843598S04128726WA0027700295
B1750351843598S04128726WA0027700295
B1750391843598S04128726WA0027700294
B1750431843598S04128725WA0027700295
B1750471843598S04128725WA0027700296
B1750511843598S04128725WA0027700295
B1750551843598S04128725WA0027700294
B1750591843598S04128725WA0027700295
B1751031843598S04128725WA0027700295
B1751071843598S04128725WA0027700294
B1751111843598S04128726WA0027700294
B1751151843598S04128726WA0027700294
B1751191843598S04128726WA0027700294
B1751231843598S04128726WA0027700292
B1751271843598S04128727WA0027700291
B1751311843598S04128726WA0027700292
B1751351843598S04128726WA0027700292
B1751391843598S04128726WA0027700294
B1751431843598S04128725WA0027700295
B1751471843598S04128725WA0027700295
B1751511843598S04128725WA0027700295
B1751551843597S04128725WA0027700296
B1751591843597S04128725WA0027700297
B1752031843597S04128725WA0027700298
B1752071843597S04128725WA0027700298
B1752111843597S04128725WA0027700298
B1752151843597S04128725WA0027700298
B1752191843597S04128725WA0027700298
B1752231843597S04128725WA0027700299
B1752271843597S04128725WA0027700298
B1752311843597S04128725WA0027700297
B1752351843597S04128724WA0027700297
B1752391843597S04128724WA0027700295
B1752431843597S04128724WA0027700294
B1752471843597S04128724WA0027700294
B1752511843598S04128724WA0027700294
B1752551843598S04128724WA0027700294
B1752591843598S04128724WA0027700294
B1753031843598S04128724WA0027700295
B1753071843598S04128725WA0027700295
B1753111843598S04128724WA0027700296
B1753151843598S04128725WA0027700295
B1753191843598S04128725WA0027700294
B1753231843597S04128725WA0027700294
B1753271843597S04128726WA0027700293
B1753311843597S04128726WA0027700293
B1753351843597S04128726WA0027700292
B1753391843597S04128726WA0027700292
B1753431843597S04128726WA0027700292
B1753471843597S04128726WA0027700293
B1753511843597S04128726WA0027700292
B1753551843597S04128726WA0027700293
B1753591843597S04128726WA0027700293
B1754031843597S04128726WA0027700292
B1754071843597S04128726WA0027700293
B1754111843597S04128726WA0027700293
B1754151843597S04128726WA0027700293
B1754191843597S04128726WA0027700293
B1754231843597S04128726WA0027700294
B1754271843597S04128726WA0027700294
B1754311843597S04128726WA0027700294
B1754351843597S04128726WA0027700294
B1754391843597S04128726WA0027700295
B1754431843598S04128726WA0027700295
B1754471843598S04128726WA0027700294
B1754511843598S04128726WA0027700294
B1754551843597S04128725WA0027700294
B1754591843598S04128725WA0027700295
B1755031843598S04128725WA0027700295
B1755071843598S04128725WA0027700294
B1755111843597S04128726WA0027700295
B1755151843597S04128726WA0027700295
B1755191843598S04128726WA0027700294
B1755231843598S04128726WA0027700296
B1755271843598S04128726WA0027700295
B1755311843597S04128727WA0027700296
B1755351843597S04128727WA0027700296
B1755391843597S04128726WA0027700296
B1755431843597S04128726WA0027700296
B1755471843596S04128726WA0027700298
B1755511843596S04128726WA0027700299
B1755551843596S04128727WA0027700298
B1755591843596S04128726WA0027700299
B1756031843596S04128726WA0027700299
B1756071843597S04128726WA0027700298
B1756111843597S04128726WA0027700299
B1756151843597S04128726WA0027700299
B1756191843597S04128726WA0027700300
B1756231843597S04128726WA0027600300
B1756271843597S04128726WA0027700301
B1756311843597S04128726WA0027700301
B1756351843597S04128726WA0027700302
B1756391843597S04128726WA0027600302
B1756431843598S04128725WA0027700301
B1756471843598S04128726WA0027700300
B1756511843598S04128726WA0027700299
B1756551843598S04128726WA0027700299
B1756591843598S04128726WA0027700298
B1757031843598S04128726WA0027600298
B1757071843597S04128726WA0027600298
B1757111843597S04128726WA0027600297
B1757151843597S04128726WA0027600297
B1757191843597S04128726WA0027700299
B1757231843597S04128725WA0027600299
B1757271843597S04128725WA0027700299
B1757311843597S04128725WA0027600298
B1757351843597S04128725WA0027600299
B1757391843597S04128725WA0027700299
B1757431843597S04128725WA0027600299
B1757471843597S04128725WA0027600300
B1757511843597S04128725WA0027600300
B1757551843597S04128725WA0027700300
B1757591843597S04128725WA0027600299
B1758031843597S04128726WA0027600298
B1758071843597S04128726WA0027600297
B1758111843597S04128726WA0027600297
B1758151843597S04128726WA0027600297
B1758191843597S04128726WA0027600298
B1758231843597S04128726WA0027600298
B1758271843597S04128726WA0027600298
B1758311843597S04128726WA0027600298
B1758351843597S04128726WA0027600299
B1758391843598S04128725WA0027600299
B1758431843597S04128725WA0027600298
B1758471843598S04128725WA0027600299
B1758511843598S04128725WA0027700299
B1758551843598S04128725WA0027600299
B1758591843598S04128725WA0027600298
B1759031843598S04128725WA0027600297
B1759071843598S04128724WA0027700297
B1759111843598S04128724WA0027700297
B1759151843598S04128724WA0027700298
B1759191843598S04128724WA0027700299
B1759231843598S04128724WA0027700300
B1759271843597S04128724WA0027700300
B1759311843598S04128724WA0027700301
B1759351843597S04128724WA0027700301
B1759391843597S04128724WA0027700301
B1759431843598S04128724WA0027700301
B1759471843598S04128724WA0027700301
B1759511843598S04128724WA0027700301
B1759551843598S04128724WA0027700300
B1759591843598S04128724WA0027700300
B1800031843598S04128724WA0027700299
B1800071843598S04128724WA0027700300
B1800111843598S04128725WA0027700300
B1800151843598S04128724WA0027700300
B1800191843598S04128724WA0027700300
B1800231843598S04128724WA0027700300
B1800271843598S04128724WA0027700300
B1800311843598S04128724WA0027700298
B1800351843598S04128724WA0027700297
B1800391843598S04128724WA0027700298
B1800431843598S04128723WA0027700297
B1800471843598S04128723WA0027700297
B1800511843598S04128723WA0027700296
B1800551843598S04128723WA0027700297
B1800591843598S04128723WA0027700297
B1801031843598S04128723WA0027700297
B1801071843597S04128723WA0027700297
B1801111843598S04128723WA0027700296
B1801151843598S04128723WA0027700295
B1801191843598S04128723WA0027700294
B1801231843598S04128724WA0027700295
B1801271843598S04128724WA0027700295
B1801311843598S04128725WA0027700295
B1801351843598S04128725WA0027700295
B1801391843597S04128725WA0027700295
B1801431843597S04128725WA0027700296
B1801471843598S04128725WA0027700297
B1801511843598S04128725WA0027700296
B1801551843598S04128725WA0027700296
B1801591843598S04128725WA0027700297
B1802031843597S04128725WA0027700296
B1802071843597S04128725WA0027700297
B1802111843596S04128725WA0027700297
B1802151843597S04128724WA0027700297
B1802191843597S04128724WA0027700296
B1802231843597S04128724WA0027700296
B1802271843598S04128724WA0027700295
B1802311843598S04128724WA0027700295
B1802351843598S04128724WA0027700295
B1802391843597S04128724WA0027700296
B1802431843597S04128724WA0027700296
B1802471843597S04128724WA0027700297
B1802511843598S04128724WA0027700297
B1802551843598S04128725WA0027700297
B1802591843597S04128725WA0027700296
B1803031843597S04128725WA0027700296
B1803071843597S04128724WA0027700296
B1803111843597S04128725WA0027700296
B1803151843597S04128725WA0027700296
B1803191843597S04128725WA0027700296
B1803231843597S04128725WA0027700296
B1803271843597S04128725WA0027700296
B1803311843597S04128725WA0027700296
B1803351843597S04128725WA0027700297
B1803391843597S04128725WA0027700297
B1803431843597S04128725WA0027700296
B1803471843597S04128725WA0027700296
B1803511843597S04128725WA0027700296
B1803551843597S04128724WA0027700295
B1803591843597S04128724WA0027700296
B1804031843597S04128725WA0027700296
B1804071843598S04128725WA0027700296
B1804111843598S04128725WA0027700297
B1804151843598S04128725WA0027700298
B1804191843598S04128725WA0027700298
B1804231843598S04128725WA0027700299
B1804271843598S04128724WA0027700300
B1804311843598S04128724WA0027700300
B1804351843598S04128724WA0027700300
B1804391843598S04128724WA0027700300
B1804431843598S04128724WA0027700301
B1804471843598S04128725WA0027700302
B1804511843598S04128725WA0027700302
B1804551843598S04128725WA0027700301
B1804591843598S04128724WA0027700301
B1805031843598S04128724WA0027700301
B1805071843598S04128724WA0027700301
B1805111843598S04128724WA0027700301
B1805151843598S04128724WA0027700301
B1805191843598S04128724WA0027700300
B1805231843598S04128723WA0027700300
B1805271843598S04128724WA0027700301
B1805311843598S04128724WA0027700301
B1805351843598S04128723WA0027700301
B1805391843598S04128723WA0027700301
B1805431843598S04128723WA0027700301
B1805471843598S04128723WA0027700301
B1805511843597S04128724WA0027700302
B1805551843597S04128723WA0027700302
B1805591843597S04128723WA0027700302
B1806031843597S04128724WA0027700302
B1806071843597S04128724WA0027700302
B1806111843597S04128724WA0027700302
B1806151843597S04128724WA0027700303
B1806191843597S04128724WA0027700303
B1806231843597S04128724WA0027700303
B1806271843597S04128724WA0027700302
B1806311843597S04128724WA0027700302
B1806351843598S04128724WA0027700302
B1806391843598S04128724WA0027700302
B1806431843598S04128724WA0027700302
B1806471843598S04128725WA0027700301
B1806511843598S04128725WA0027700301
B1806551843598S04128725WA0027700300
B1806591843597S04128725WA0027700299
B1807031843597S04128725WA0027700299
B1807071843597S04128725WA0027700299
B1807111843597S04128725WA0027700298
B1807151843597S04128725WA0027700299
B1807191843597S04128725WA0027700298
B1807231843597S04128725WA0027700297
B1807271843597S04128725WA0027700298
B1807311843597S04128725WA0027700298
B1807351843597S04128725WA0027700298
B1807391843597S04128725WA0027700297
B1807431843597S04128724WA0027700296
B1807471843597S04128724WA0027700296
B1807511843597S04128724WA0027700295
B1807551843597S04128724WA0027700295
B1807591843598S04128724WA0027700296
B1808031843598S04128724WA0027700297
B1808071843598S04128724WA0027700297
B1808111843598S04128724WA0027700297
B1808151843598S04128724WA0027700297
B1808191843598S04128724WA0027700297
B1808231843597S04128724WA0027700297
B1808271843598S04128724WA0027700297
B1808311843598S04128724WA0027700297
B1808351843598S04128724WA0027700297
B1808391843599S04128724WA0027700298
B1808431843599S04128724WA0027700298
B1808471843599S04128724WA0027700298
B1808511843598S04128724WA0027700298
B1808551843598S04128725WA0027700298
B1808591843598S04128726WA0027700298
B1809031843599S04128726WA0027700297
B1809071843599S04128726WA0027700298
B1809111843599S04128727WA0027700294
B1809151843598S04128728WA0027700295
B1809191843597S04128728WA0027700297
B1809231843596S04128729WA0027600297
B1809271843595S04128731WA0027600296
B1809311843595S04128734WA0027600296
B1809351843595S04128735WA0027600294
B1809391843595S04128737WA0027500293
B1809431843595S04128738WA0027500291
B1809471843594S04128740WA0027500290
B1809511843593S04128742WA0027400289
B1809551843592S04128743WA0027400291
B1809591843591S04128745WA0027300292
B1810031843592S04128747WA0027300292
B1810071843592S04128748WA0027300289
B1810111843593S04128750WA0027300290
B1810151843592S04128752WA0027200290
B1810191843591S04128754WA0027200290
B1810231843592S04128755WA0027200290
B1810271843592S04128756WA0027200290
B1810311843592S04128757WA0027200291
B1810351843592S04128757WA0027200291
B1810391843592S04128758WA0027200292
B1810431843591S04128758WA0027100294
B1810471843588S04128759WA0027100293
B1810511843587S04128760WA0027000293
B1810551843586S04128760WA0027000293
B1810591843585S04128761WA0027000292
B1811031843584S04128761WA0027000289
B1811071843583S04128761WA0026900286
B1811111843582S04128761WA0026900283
B1811151843580S04128761WA0026900280
B1811191843578S04128761WA0026900279
B1811231843575S04128760WA0026900278
B1811271843574S04128759WA0026900279
B1811311843571S04128758WA0026800278
B1811351843570S04128757WA0026800278
B1811391843569S04128758WA0026800276
B1811431843567S04128757WA0026800277
B1811471843566S04128756WA0026800280
B1811511843565S04128756WA0026800280
B1811551843563S04128754WA0026800281
B1811591843562S04128754WA0026800282
B1812031843561S04128753WA0026800283
B1812071843561S04128752WA0026800285
B1812111843561S04128752WA0026800285
B1812151843560S04128752WA0026800285
B1812191843560S04128752WA0026800284
B1812231843560S04128751WA0026800285
B1812271843562S04128752WA0026800287
B1812311843563S04128752WA0026800286
B1812351843564S04128752WA0026800286
B1812391843564S04128753WA0026800286
B1812431843564S04128753WA0026800288
B1812471843564S04128753WA0026800288
B1812511843564S04128753WA0026800287
B1812551843564S04128753WA0026800289
B1812591843564S04128752WA0026800288
B1813031843564S04128752WA0026800288
B1813071843564S04128752WA0026800288
B1813111843564S04128752WA0026800288
B1813151843564S04128753WA0026800287
B1813191843564S04128752WA0026800286
B1813231843563S04128752WA0026800285
B1813271843563S04128752WA0026800285
B1813311843563S04128752WA0026800285
B1813351843563S04128753WA0026800285
B1813391843563S04128753WA0026800284
B1813431843563S04128753WA0026800284
B1813471843563S04128753WA0026800284
B1813511843563S04128753WA0026800285
B1813551843563S04128753WA0026800286
B1813591843563S04128753WA0026800286
B1814031843563S04128753WA0026800286
B1814071843563S04128753WA0026800286
B1814111843563S04128753WA0026800286
B1814151843563S04128753WA0026800287
B1814191843563S04128753WA0026800286
B1814231843564S04128754WA0026800286
B1814271843564S04128754WA0026800286
B1814311843564S04128754WA0026800286
B1814351843564S04128753WA0026800287
B1814391843565S04128753WA0026800288
B1814431843565S04128752WA0026800289
B1814471843565S04128752WA0026800288
B1814511843565S04128752WA0026800288
B1814551843565S04128752WA0026800287
B1814591843565S04128752WA0026800287
B1815031843565S04128752WA0026800286
B1815071843565S04128752WA0026800286
B1815111843566S04128753WA0026800285
B1815151843566S04128753WA0026800284
B1815191843566S04128753WA0026800283
B1815231843566S04128753WA0026800284
B1815271843566S04128753WA0026800283
B1815311843566S04128753WA0026800282
B1815351843566S04128752WA0026800282
B1815391843566S04128752WA0026800282
B1815431843565S04128752WA0026800284
B1815471843565S04128752WA0026800285
B1815511843565S04128752WA0026800285
B1815551843565S04128752WA0026800283
B1815591843566S04128752WA0026800282
B1816031843566S04128752WA0026800282
B1816071843566S04128752WA0026800283
B1816111843565S04128753WA0026800282
B1816151843565S04128754WA0026800281
B1816191843565S04128754WA0026800278
B1816231843566S04128754WA0026800278
B1816271843566S04128755WA0026800278
B1816311843566S04128755WA0026800278
B1816351843566S04128755WA0026800278
B1816391843566S04128755WA0026800278
B1816431843566S04128755WA0026800278
B1816471843566S04128755WA0026800279
B1816511843564S04128754WA0026800280
B1816551843563S04128754WA0026800281
B1816591843563S04128754WA0026800283
B1817031843563S04128753WA0026800283
B1817071843563S04128753WA0026800284
B1817111843563S04128753WA0026800285
B1817151843563S04128752WA0026800285
B1817191843563S04128752WA0026800286
B1817231843563S04128752WA0026800286
B1817271843563S04128752WA0026800286
B1817311843563S04128752WA0026800287
B1817351843562S04128752WA0026800287
B1817391843562S04128752WA0026800286
B1817431843561S04128752WA0026800286
B1817471843561S04128752WA0026800287
B1817511843561S04128751WA0026800288
B1817551843561S04128751WA0026800288
B1817591843562S04128751WA0026800288
B1818031843561S04128751WA0026800289
B1818071843562S04128751WA0026800288
B1818111843562S04128750WA0026800287
B1818151843562S04128750WA0026800288
B1818191843562S04128751WA0026800288
B1818231843563S04128752WA0026800288
B1818271843563S04128752WA0026800287
B1818311843563S04128752WA0026800287
B1818351843564S04128752WA0026800287
B1818391843564S04128752WA0026800286
B1818431843564S04128752WA0026800286
B1818471843565S04128752WA0026800286
B1818511843565S04128752WA0026800286
B1818551843565S04128752WA0026800286
B1818591843566S04128752WA0026800286
B1819031843566S04128752WA0026800287
B1819071843566S04128752WA0026800287
B1819111843566S04128752WA0026800286
B1819151843565S04128752WA0026800287
B1819191843565S04128752WA0026800287
B1819231843565S04128752WA0026800288
B1819271843564S04128752WA0026800287
B1819311843564S04128752WA0026800287
B1819351843564S04128752WA0026800287
B1819391843564S04128752WA0026800287
B1819431843564S04128752WA0026800289
B1819471843564S04128752WA0026800290
B1819511843564S04128752WA0026800290
B1819551843564S04128752WA0026800291
B1819591843564S04128753WA0026800291
B1820031843566S04128753WA0026800291
B1820071843566S04128753WA0026800292
B1820111843566S04128753WA0026800292
B1820151843566S04128753WA0026800290
B1820191843566S04128753WA0026800290
B1820231843566S04128753WA0026800290
B1820271843566S04128753WA0026800289
B1820311843566S04128753WA0026800290
B1820351843566S04128752WA0026800291
B1820391843566S04128752WA0026800290
B1820431843566S04128752WA0026800290
B1820471843565S04128752WA0026800291
B1820511843565S04128752WA0026800291
B1820551843565S04128752WA0026800290
B1820591843563S04128753WA0026800289
B1821031843563S04128753WA0026800289
B1821071843563S04128752WA0026800290
B1821111843564S04128752WA0026800290
B1821151843563S04128752WA0026800290
B1821191843564S04128753WA0026800289
B1821231843564S04128752WA0026800288
B1821271843564S04128753WA0026800288
B1821311843565S04128753WA0026800287
B1821351843564S04128753WA0026800286
B1821391843564S04128753WA0026800286
B1821431843564S04128753WA0026800287
B1821471843564S04128753WA0026800287
B1821511843565S04128753WA0026800288
B1821551843565S04128753WA0026800288
B1821591843564S04128753WA0026800288
B1822031843564S04128753WA0026800287
B1822071843563S04128753WA0026800286
B1822111843563S04128754WA0026800287
B1822151843562S04128753WA0026800287
B1822191843562S04128754WA0026800286
B1822231843563S04128754WA0026800285
B1822271843563S04128753WA0026800287
B1822311843563S04128753WA0026800288
B1822351843563S04128753WA0026800287
B1822391843564S04128753WA0026800287
B1822431843564S04128753WA0026800288
B1822471843564S04128753WA0026800290
B1822511843564S04128753WA0026800291
B1822551843564S04128753WA0026800291
B1822591843564S04128753WA0026800291
B1823031843565S04128753WA0026800292
B1823071843565S04128753WA0026800292
B1823111843565S04128753WA0026800292
B1823151843565S04128753WA0026800292
B1823191843565S04128753WA0026800292
B1823231843565S04128753WA0026800292
B1823271843565S04128753WA0026800291
B1823311843565S04128753WA0026800291
B1823351843565S04128753WA0026800292
B1823391843565S04128753WA0026800292
B1823431843565S04128753WA0026800292
B1823471843565S04128753WA0026800292
B1823511843565S04128753WA0026800292
B1823551843565S04128753WA0026800291
B1823591843565S04128753WA0026800291
B1824031843565S04128753WA0026800290
B1824071843565S04128753WA0026800290
B1824111843565S04128753WA0026800290
B1824151843565S04128753WA0026900290
B1824191843565S04128753WA0026800289
B1824231843565S04128753WA0026900289
B1824271843564S04128752WA0026900288
B1824311843563S04128752WA0026800288
B1824351843563S04128753WA0026900288
B1824391843563S04128752WA0026800288
B1824431843563S04128752WA0026700289
B1824471843562S04128753WA0026800289
B1824511843562S04128753WA0026900288
B1824551843562S04128752WA0026800287
B1824591843562S04128752WA0026600286
B1825031843563S04128752WA0025700287
B1825071843563S04128752WA0025500286
B1825111843563S04128751WA0025400287
B1825151843563S04128751WA0026500288
B1825191843563S04128751WA0026800288
B1825231843563S04128752WA0026900289
B1825271843563S04128753WA0026800292
B1825311843563S04128753WA0026900294
B1825351843564S04128753WA0026800296
B1825391843565S04128753WA0026800298
B1825431843565S04128753WA0026900296
B1825471843564S04128754WA0026900296
B1825511843564S04128754WA0026900295
B1825551843564S04128753WA0026900293
B1825591843564S04128752WA0026900289
B1826031843563S04128751WA0026900287
B1826071843564S04128751WA0026900287
B1826111843564S04128751WA0026900285
B1826151843565S04128751WA0026900283
B1826191843565S04128750WA0026900282
B1826231843565S04128750WA0026900281
B1826271843565S04128749WA0026900282
B1826311843565S04128749WA0026800281
B1826351843565S04128749WA0026800281
B1826391843565S04128749WA0026800280
B1826431843564S04128747WA0026900280
B1826471843562S04128746WA0026800281
B1826511843558S04128742WA0026900281
B1826551843552S04128738WA0026900280
B1826591843544S04128731WA0026900281
B1827031843534S04128722WA0026900281
B1827071843525S04128710WA0026900280
B1827111843515S04128697WA0026800280
B1827151843504S04128684WA0026200278
B1827191843494S04128670WA0025100276
B1827231843483S04128655WA0024800273
B1827271843470S04128639WA0024600272
B1827311843463S04128619WA0024500271
B1827351843458S04128601WA0024300271
B1827391843454S04128583WA0024200271
B1827431843449S04128568WA0024100271
B1827471843443S04128553WA0024100271
B1827511843437S04128540WA0024200270
B1827551843433S04128529WA0024200270
B1827591843428S04128518WA0024300272
B1828031843423S04128507WA0024300272
B1828071843421S04128498WA0024400272
B1828111843419S04128493WA0024400273
B1828151843419S04128492WA0024400274
B1828191843420S04128495WA0024400274
B1828231843418S04128498WA0024400273
B1828271843416S04128500WA0024400272
B1828311843418S04128500WA0024400270
B1828351843421S04128503WA0024400266
B1828391843425S04128510WA0024400265
B1828431843430S04128520WA0024300263
B1828471843435S04128533WA0024300262
B1828511843441S04128549WA0024200264
B1828551843446S04128566WA0024100264
B1828591843450S04128584WA0024100265
B1829031843454S04128602WA0024200266
B1829071843457S04128620WA0024300267
B1829111843462S04128638WA0024500268
B1829151843473S04128653WA0024600270
B1829191843483S04128668WA0024800270
B1829231843494S04128681WA0024900270
B1829271843504S04128696WA0025100272
B1829311843515S04128710WA0025200272
B1829351843526S04128723WA0025300273
B1829391843534S04128732WA0025400274
B1829431843539S04128738WA0025400275
B1829471843541S04128740WA0025400275
B1829511843541S04128741WA0025400276
B1829551843541S04128742WA0025400277
B1829591843541S04128742WA0025400278
B1830031843542S04128743WA0025400279
B1830071843544S04128745WA0025400280
B1830111843548S04128748WA0025400280
B1830151843552S04128750WA0025800280
B1830191843553S04128750WA0026400279
B1830231843553S04128750WA0026500277
B1830271843554S04128750WA0026500276
B1830311843555S04128749WA0026500274
B1830351843555S04128749WA0026500273
B1830391843555S04128748WA0026500272
B1830431843555S04128747WA0026500272
B1830471843555S04128747WA0026500272
B1830511843555S04128746WA0026500273
B1830551843556S04128745WA0026500272
B1830591843555S04128744WA0026500272
B1831031843556S04128744WA0026500273
B1831071843556S04128745WA0026500275
B1831111843557S04128745WA0026500278
B1831151843557S04128746WA0026500280
B1831191843557S04128746WA0026500281
B1831231843557S04128746WA0026500283
B1831271843556S04128746WA0026500284
B1831311843557S04128747WA0026500284
B1831351843557S04128747WA0026500284
B1831391843556S04128746WA0026500283
B1831431843557S04128746WA0026500283
B1831471843557S04128746WA0026500283
B1831511843558S04128746WA0026500284
B1831551843559S04128746WA0026500284
B1831591843559S04128747WA0026500284
B1832031843560S04128748WA0026500284
B1832071843561S04128749WA0026500285
B1832111843560S04128749WA0026500286
B1832151843560S04128749WA0026500288
B1832191843560S04128749WA0026500289
B1832231843559S04128748WA0026500289
B1832271843559S04128747WA0026500289
B1832311843561S04128747WA0026400289
B1832351843565S04128749WA0026500288
B1832391843565S04128748WA0026500287
B1832431843565S04128749WA0026500286
B1832471843565S04128748WA0026500284
B1832511843565S04128748WA0026500281
B1832551843566S04128748WA0026500280
B1832591843565S04128748WA0026500279
B1833031843565S04128749WA0026500278
B1833071843565S04128749WA0026800278
B1833111843566S04128749WA0026800278
B1833151843566S04128749WA0026800277
B1833191843567S04128750WA0026800277
B1833231843568S04128751WA0026600277
B1833271843569S04128751WA0026500278
B1833311843570S04128751WA0026500278
B1833351843571S04128751WA0026500279
B1833391843572S04128751WA0026500281
B1833431843573S04128752WA0026500282
B1833471843574S04128752WA0026500281
B1833511843575S04128753WA0026500281
B1833551843575S04128754WA0026500281
B1833591843574S04128754WA0026500281
B1834031843575S04128753WA0026500281
B1834071843575S04128754WA0026500282
B1834111843576S04128754WA0026500282
B1834151843575S04128754WA0026500282
B1834191843575S04128754WA0026500281
B1834231843574S04128755WA0026500279
B1834271843574S04128755WA0026600280
B1834311843574S04128756WA0026900282
B1834351843574S04128757WA0026900283
B1834391843573S04128757WA0026900284
B1834431843573S04128758WA0026900284
B1834471843573S04128758WA0026900284
B1834511843572S04128758WA0026900284
B1834551843572S04128758WA0026900285
B1834591843572S04128758WA0026900285
B1835031843572S04128758WA0026900287
B1835071843572S04128758WA0026900287
B1835111843572S04128759WA0026900289
B1835151843572S04128759WA0026900290
B1835191843572S04128759WA0026900291
B1835231843572S04128759WA0026900290
B1835271843572S04128760WA0026900290
B1835311843572S04128760WA0026900290
B1835351843572S04128760WA0026900291
B1835391843572S04128760WA0026900292
B1835431843573S04128760WA0026900291
B1835471843573S04128759WA0026900290
B1835511843573S04128758WA0026900289
B1835551843573S04128758WA0026900288
B1835591843573S04128758WA0026900287
B1836031843573S04128759WA0026900286
B1836071843573S04128758WA0026900285
B1836111843573S04128758WA0026900285
B1836151843573S04128758WA0026900285
B1836191843573S04128758WA0026900286
B1836231843573S04128758WA0026900286
B1836271843574S04128758WA0026900286
B1836311843574S04128759WA0026900287
B1836351843575S04128759WA0026900288
B1836391843574S04128759WA0026900288
B1836431843574S04128758WA0026900288
B1836471843574S04128758WA0026900288
B1836511843574S04128757WA0026900287
B1836551843574S04128757WA0026900288
B1836591843574S04128756WA0026900288
B1837031843574S04128756WA0026900287
B1837071843573S04128756WA0026900289
B1837111843573S04128755WA0026900290
B1837151843573S04128755WA0026900291
B1837191843574S04128755WA0026900290
B1837231843574S04128756WA0026900291
B1837271843574S04128756WA0026900290
B1837311843574S04128757WA0026900290
B1837351843574S04128756WA0026900288
B1837391843574S04128756WA0026900287
B1837431843574S04128757WA0026900287
B1837471843575S04128757WA0026900288
B1837511843575S04128757WA0026900288
B1837551843574S04128758WA0026900288
B1837591843574S04128758WA0026900288
B1838031843574S04128758WA0026900289
B1838071843574S04128758WA0026900288
B1838111843574S04128758WA0026900288
B1838151843574S04128758WA0026900288
B1838191843574S04128758WA0026900288
B1838231843575S04128757WA0026900288
B1838271843576S04128758WA0026900287
B1838311843581S04128760WA0026900287
B1838351843584S04128762WA0027000285
B1838391843585S04128763WA0027000285
B1838431843585S04128763WA0027000287
B1838471843585S04128763WA0027000288
B1838511843585S04128763WA0027000288
B1838551843588S04128765WA0027000288
B1838591843590S04128766WA0027000287
B1839031843591S04128767WA0027000288
B1839071843595S04128771WA0027000287
B1839111843601S04128780WA0026900287
B1839151843604S04128793WA0026700283
B1839191843607S04128805WA0026500281
B1839231843609S04128813WA0026300279
B1839271843612S04128822WA0026200275
B1839311843613S04128835WA0026000274
B1839351843611S04128849WA0025900271
B1839391843608S04128864WA0025700270
B1839431843605S04128879WA0025500272
B1839471843604S04128889WA0025400270
B1839511843601S04128900WA0025200267
B1839551843598S04128913WA0025100261
B1839591843591S04128929WA0024900253
B1840031843588S04128939WA0024700249
B1840071843584S04128950WA0024600246
B1840111843580S04128963WA0024500244
B1840151843575S04128975WA0024400243
B1840191843572S04128987WA0024400242
B1840231843572S04128997WA0024300242
B1840271843572S04129004WA0024000242
B1840311843573S04129016WA0023900243
B1840351843575S04129029WA0023800242
B1840391843576S04129045WA0023800241
B1840431843577S04129061WA0024000242
B1840471843578S04129073WA0024000243
B1840511843577S04129086WA0024000243
B1840551843576S04129102WA0024000243
B1840591843574S04129114WA0023900243
B1841031843573S04129122WA0023900244
B1841071843572S04129135WA0023900245
B1841111843571S04129150WA0024000245
B1841151843572S04129162WA0023900245
B1841191843571S04129170WA0023800247
B1841231843570S04129183WA0023800246
B1841271843568S04129195WA0023800248
B1841311843569S04129201WA0023800247
B1841351843577S04129205WA0023800247
B1841391843590S04129211WA0023800246
B1841431843608S04129220WA0023800246
B1841471843626S04129230WA0023700246
B1841511843640S04129238WA0023700247
B1841551843649S04129244WA0023600248
B1841591843664S04129251WA0023700250
B1842031843682S04129261WA0023700251
B1842071843694S04129267WA0023600253
B1842111843707S04129275WA0023600253
B1842151843725S04129284WA0023700253
B1842191843741S04129292WA0023600253
B1842231843751S04129297WA0023500254
B1842271843763S04129305WA0023600252
B1842311843778S04129315WA0023600250
B1842351843794S04129324WA0023600249
B1842391843805S04129330WA0023500250
B1842431843820S04129337WA0023600249
B1842471843839S04129345WA0023600249
B1842511843858S04129355WA0023600248
B1842551843871S04129360WA0023400250
B1842591843888S04129367WA0023500252
B1843031843908S04129378WA0023600254
B1843071843919S04129382WA0023400255
B1843111843932S04129389WA0023400255
B1843151843951S04129398WA0023500258
B1843191843972S04129408WA0023500259
B1843231843985S04129415WA0023400259
B1843271844000S04129423WA0023400259
B1843311844020S04129435WA0023400257
B1843351844042S04129450WA0023500257
B1843391844067S04129466WA0023500256
B1843431844092S04129483WA0023500254
B1843471844113S04129499WA0023400251
B1843511844134S04129516WA0023400249
B1843551844153S04129531WA0023300247
B1843591844172S04129546WA0023300244
B1844031844187S04129558WA0023300243
B1844071844195S04129565WA0023300244
B1844111844210S04129576WA0023400244
B1844151844228S04129592WA0023400245
B1844191844246S04129611WA0023500247
B1844231844260S04129628WA0023700248
B1844271844264S04129650WA0023800249
B1844311844257S04129677WA0023900251
B1844351844247S04129711WA0024000251
B1844391844235S04129746WA0024100252
B1844431844223S04129785WA0024100253
B1844471844209S04129826WA0024400255
B1844511844196S04129869WA0024600256
B1844551844193S04129915WA0024700258
B1844591844204S04129962WA0024900259
B1845031844220S04130011WA0025200260
B1845071844236S04130062WA0025300262
B1845111844252S04130114WA0025400263
B1845151844254S04130165WA0025500268
B1845191844237S04130207WA0025500272
B1845231844212S04130242WA0025500272
B1845271844189S04130280WA0025500274
B1845311844181S04130321WA0025600274
B1845351844187S04130362WA0025900274
B1845391844205S04130403WA0025800276
B1845431844227S04130444WA0025800276
B1845471844250S04130486WA0025600274
B1845511844272S04130528WA0025600274
B1845551844294S04130568WA0025400274
B1845591844315S04130608WA0025500273
B1846031844339S04130649WA0025700273
B1846071844363S04130693WA0025800272
B1846111844385S04130737WA0025800272
B1846151844409S04130781WA0025900273
B1846191844433S04130825WA0026200277
B1846231844455S04130867WA0026600282
B1846271844472S04130907WA0026900287
B1846311844480S04130950WA0027200295
B1846351844483S04130993WA0027400302
B1846391844481S04131036WA0027400302
B1846431844477S04131079WA0027200297
B1846471844472S04131124WA0026900294
B1846511844467S04131169WA0026500288
B1846551844463S04131213WA0026300284
B1846591844458S04131254WA0026300281
B1847031844454S04131296WA0026400280
B1847071844451S04131336WA0026400278
B1847111844454S04131377WA0026200275
B1847151844461S04131418WA0026000270
B1847191844468S04131458WA0025800266
B1847231844476S04131498WA0025800265
B1847271844484S04131540WA0025900261
B1847311844493S04131582WA0025800259
B1847351844499S04131624WA0025700257
B1847391844503S04131671WA0025600255
B1847431844504S04131720WA0025600256
B1847471844501S04131771WA0025300256
B1847511844501S04131819WA0025100256
B1847551844502S04131867WA0025100258
B1847591844510S04131916WA0025200260
B1848031844523S04131964WA0025100261
B1848071844543S04132008WA0025000261
B1848111844567S04132049WA0025000262
B1848151844597S04132080WA0025100262
B1848191844630S04132105WA0025200262
B1848231844666S04132125WA0025100262
B1848271844701S04132146WA0024900260
B1848311844739S04132165WA0024700259
B1848351844775S04132185WA0024600257
B1848391844813S04132204WA0024600257
B1848431844850S04132223WA0024700258
B1848471844884S04132245WA0024700259
B1848511844916S04132274WA0024600261
B1848551844940S04132314WA0024300262
B1848591844957S04132356WA0024100263
B1849031844974S04132399WA0024000263
B1849071844991S04132442WA0023900263
B1849111845009S04132486WA0023900263
B1849151845029S04132528WA0023800261
B1849191845051S04132568WA0023800259
B1849231845078S04132602WA0023900255
B1849271845107S04132636WA0024000252
B1849311845137S04132673WA0024200249
B1849351845165S04132712WA0024200249
B1849391845183S04132760WA0023900250
B1849431845193S04132816WA0023900246
B1849471845203S04132870WA0023800252
B1849511845218S04132916WA0023500256
B1849551845242S04132958WA0023200255
B1849591845261S04133003WA0022900251
B1850031845266S04133052WA0022700250
B1850071845262S04133101WA0022600246
B1850111845258S04133148WA0022500245
B1850151845253S04133194WA0022300241
B1850191845249S04133240WA0022300238
B1850231845244S04133284WA0022200236
B1850271845241S04133326WA0021900231
B1850311845244S04133365WA0021800230
B1850351845259S04133398WA0021600228
B1850391845278S04133427WA0021500226
B1850431845296S04133453WA0021300226
B1850471845311S04133475WA0021200225
B1850511845323S04133494WA0021100224
B1850551845335S04133512WA0021100222
B1850591845347S04133531WA0021100221
B1851031845361S04133551WA0021100221
B1851071845378S04133572WA0021200221
B1851111845401S04133594WA0021300220
B1851151845432S04133611WA0021500220
B1851191845469S04133615WA0021600221
B1851231845505S04133607WA0021600220
B1851271845540S04133588WA0021400219
B1851311845573S04133572WA0021300219
B1851351845611S04133563WA0021300217
B1851391845652S04133567WA0021300217
B1851431845696S04133577WA0021300217
B1851471845740S04133591WA0021500218
B1851511845785S04133606WA0021600218
B1851551845828S04133623WA0021600219
B1851591845871S04133639WA0021700220
B1852031845915S04133655WA0021800222
B1852071845956S04133676WA0022100223
B1852111845992S04133710WA0022300224
B1852151846016S04133749WA0022300225
B1852191846046S04133781WA0022500228
B1852231846083S04133809WA0022800230
B1852271846121S04133836WA0022900230
B1852311846160S04133863WA0022800231
B1852351846200S04133890WA0022700231
B1852391846239S04133914WA0022900232
B1852431846282S04133932WA0023100232
B1852471846326S04133947WA0023100231
B1852511846373S04133959WA0023100231
B1852551846418S04133970WA0023100230
B1852591846464S04133981WA0023100234
B1853031846503S04133992WA0023000237
B1853071846538S04134005WA0023000239
B1853111846572S04134021WA0023200241
B1853151846605S04134043WA0023500241
B1853191846637S04134072WA0023700244
B1853231846667S04134106WA0023900246
B1853271846691S04134144WA0024000248
B1853311846711S04134186WA0024100249
B1853351846726S04134230WA0024300251
B1853391846735S04134277WA0024400252
B1853431846744S04134322WA0024500254
B1853471846753S04134367WA0024600258
B1853511846760S04134412WA0024800255
B1853551846766S04134460WA0025100252
B1853591846772S04134503WA0025300253
B1854031846772S04134545WA0025500256
B1854071846770S04134586WA0025500257
B1854111846770S04134627WA0025600260
B1854151846778S04134668WA0025700262
B1854191846796S04134707WA0025800263
B1854231846825S04134734WA0025800267
B1854271846862S04134753WA0026000272
B1854311846904S04134762WA0026400276
B1854351846946S04134756WA0027000280
B1854391846990S04134745WA0027500284
B1854431847033S04134735WA0028100287
B1854471847073S04134742WA0028600292
B1854511847106S04134766WA0029000299
B1854551847135S04134800WA0029300306
B1854591847157S04134839WA0029300307
B1855031847168S04134890WA0029000305
B1855071847173S04134947WA0028700304
B1855111847181S04135002WA0028300300
B1855151847188S04135054WA0028100298
B1855191847193S04135106WA0028000294
B1855231847190S04135154WA0027900295
B1855271847169S04135195WA0028000290
B1855311847155S04135234WA0028000283
B1855351847152S04135276WA0027900280
B1855391847160S04135317WA0027700281
B1855431847171S04135359WA0027400278
B1855471847181S04135401WA0027200282
B1855511847192S04135444WA0027300282
B1855551847204S04135486WA0027300284
B1855591847215S04135528WA0027200286
B1856031847228S04135568WA0027300286
B1856071847246S04135610WA0027500287
B1856111847273S04135644WA0027500289
B1856151847306S04135672WA0027600291
B1856191847346S04135689WA0027700293
B1856231847387S04135700WA0027800294
B1856271847436S04135708WA0028100294
B1856311847493S04135718WA0028600295
B1856351847555S04135728WA0029100295
B1856391847617S04135738WA0029200295
B1856431847678S04135749WA0029300295
B1856471847737S04135760WA0029400296
B1856511847794S04135770WA0028000297
B1856551847845S04135780WA0027800300
B1856591847893S04135793WA0028100302
B1857031847941S04135805WA0028400303
B1857071847987S04135820WA0028800306
B1857111848027S04135836WA0029300309
B1857151848060S04135861WA0029800312
B1857191848091S04135885WA0030300316
B1857231848127S04135894WA0030900320
B1857271848165S04135889WA0031400323
B1857311848202S04135872WA0031900329
B1857351848239S04135856WA0032300335
B1857391848279S04135839WA0032700339
B1857431848320S04135821WA0033100345
B1857471848362S04135803WA0033400349
B1857511848400S04135787WA0033700355
B1857551848436S04135773WA0033900359
B1857591848473S04135767WA0034000362
B1858031848509S04135765WA0033900365
B1858071848541S04135747WA0033700367
B1858111848574S04135724WA0033400367
B1858151848608S04135706WA0033000366
B1858191848627S04135675WA0032700365
B1858231848642S04135642WA0032400359
B1858271848675S04135622WA0032000358
B1858311848717S04135630WA0031600357
B1858351848744S04135665WA0031000356
B1858391848764S04135712WA0030600350
B1858431848783S04135757WA0030300347
B1858471848799S04135802WA0030000347
B1858511848813S04135845WA0029700348
B1858551848832S04135870WA0029500342
B1858591848862S04135880WA0029300337
B1859031848897S04135881WA0028900325
B1859071848924S04135903WA0028700317
B1859111848943S04135933WA0028500316
B1859151848949S04135968WA0028100306
B1859191848932S04136003WA0027700308
B1859231848904S04136026WA0027600308
B1859271848877S04136049WA0027400306
B1859311848851S04136076WA0027000301
B1859351848816S04136090WA0026500298
B1859391848785S04136107WA0026100297
B1859431848767S04136140WA0025600295
B1859471848757S04136182WA0025200289
B1859511848748S04136226WA0024800285
B1859551848731S04136269WA0024300282
B1859591848702S04136305WA0023900274
B1900031848664S04136337WA0023800268
B1900071848631S04136369WA0023900266
B1900111848614S04136410WA0024200265
B1900151848612S04136458WA0024200263
B1900191848627S04136507WA0024000261
B1900231848654S04136559WA0023500258
B1900271848670S04136619WA0023100255
B1900311848675S04136678WA0022800254
B1900351848669S04136737WA0022500252
B1900391848657S04136796WA0022200248
B1900431848643S04136856WA0021800245
B1900471848632S04136913WA0021400242
B1900511848627S04136966WA0021200239
B1900551848636S04137019WA0020900237
B1900591848653S04137072WA0020600234
B1901031848667S04137126WA0020300231
B1901071848671S04137183WA0020100227
B1901111848665S04137239WA0019900224
B1901151848656S04137295WA0019700220
B1901191848649S04137348WA0019600216
B1901231848642S04137399WA0019500213
B1901271848646S04137447WA0019400211
B1901311848665S04137494WA0019200206
B1901351848691S04137545WA0019100201
B1901391848718S04137600WA0019000199
B1901431848745S04137653WA0019000197
B1901471848765S04137708WA0019000200
B1901511848773S04137766WA0018900203
B1901551848776S04137826WA0018900203
B1901591848780S04137888WA0018700204
B1902031848782S04137945WA0018700205
B1902071848787S04137999WA0018700203
B1902111848800S04138050WA0018700204
B1902151848832S04138089WA0018700204
B1902191848870S04138120WA0018800206
B1902231848910S04138151WA0018800203
B1902271848949S04138187WA0018800202
B1902311848984S04138228WA0018700203
B1902351849016S04138276WA0018600202
B1902391849044S04138331WA0018400201
B1902431849070S04138388WA0018200198
B1902471849097S04138447WA0018000196
B1902511849124S04138506WA0017800195
B1902551849152S04138566WA0017700194
B1902591849178S04138624WA0017600193
B1903031849200S04138678WA0017500192
B1903071849218S04138735WA0017400192
B1903111849231S04138794WA0017300195
B1903151849238S04138855WA0017100194
B1903191849244S04138917WA0017000192
B1903231849251S04138982WA0016800190
B1903271849256S04139050WA0016700189
B1903311849262S04139116WA0016500188
B1903351849273S04139179WA0016500189
B1903391849292S04139239WA0016500192
B1903431849311S04139295WA0016600197
B1903471849332S04139349WA0016600201
B1903511849351S04139400WA0016700203
B1903551849363S04139452WA0016800203
B1903591849365S04139507WA0016800198
B1904031849358S04139558WA0016700195
B1904071849345S04139600WA0016500192
B1904111849327S04139638WA0016400190
B1904151849309S04139676WA0016300189
B1904191849290S04139716WA0016200188
B1904231849269S04139759WA0016100185
B1904271849247S04139803WA0015900181
B1904311849226S04139846WA0015700179
B1904351849205S04139889WA0015600177
B1904391849188S04139935WA0015600175
B1904431849181S04139985WA0015600173
B1904471849183S04140040WA0015600171
B1904511849197S04140098WA0015500171
B1904551849215S04140159WA0015600170
B1904591849234S04140223WA0015500171
B1905031849252S04140283WA0015300169
B1905071849268S04140346WA0015000169
B1905111849281S04140412WA0014900168
B1905151849291S04140479WA0014800167
B1905191849302S04140546WA0014600164
B1905231849312S04140613WA0014600165
B1905271849322S04140679WA0014500163
B1905311849331S04140742WA0014400163
B1905351849340S04140802WA0014400162
B1905391849348S04140860WA0014400163
B1905431849357S04140917WA0014300162
B1905471849366S04140976WA0014200160
B1905511849374S04141032WA0014200159
B1905551849381S04141085WA0014200158
B1905591849386S04141124WA0014100159
B1906031849390S04141151WA0014000163
B1906071849392S04141176WA0014000162
B1906111849389S04141197WA0014000162
B1906151849385S04141209WA0013900160
B1906191849381S04141229WA0014000158
B1906231849374S04141252WA0014000157
B1906271849369S04141272WA0014000157
B1906311849363S04141286WA0014000157
B1906351849362S04141291WA0014600157
B1906391849361S04141291WA0014700161
B1906431849361S04141291WA0014700161
B1906471849361S04141292WA0014700162
B1906511849359S04141290WA0014700159
B1906551849359S04141289WA0014700158
B1906591849359S04141289WA0014700158
B1907031849359S04141288WA0014700158
B1907071849359S04141288WA0014700158
B1907111849359S04141288WA0014700158
B1907151849359S04141288WA0014700157
B1907191849359S04141289WA0014700157
B1907231849359S04141289WA0014700157
B1907271849358S04141291WA0014700157
B1907311849358S04141291WA0014700157
B1907351849358S04141291WA0014700157
B1907391849358S04141291WA0014700157
B1907431849359S04141291WA0014700156
B1907471849359S04141291WA0014700155
B1907511849360S04141291WA0014700155
B1907551849360S04141291WA0014600155
B1907591849359S04141291WA0014700155
B1908031849360S04141291WA0014700153
B1908071849359S04141291WA0014700152
B1908111849359S04141291WA0014600152
B1908151849360S04141290WA0014600151
B1908191849361S04141290WA0014600149
B1908231849361S04141290WA0014700149
B1908271849360S04141290WA0014600147
B1908311849360S04141291WA0014600145
B1908351849360S04141291WA0014600143
B1908391849360S04141291WA0014600143
B1908431849361S04141291WA0014600146
B1908471849362S04141290WA0014600153
B1908511849361S04141291WA0014600155
B1908551849360S04141291WA0014600155
B1908591849360S04141291WA0014600157
B1909031849360S04141290WA0014600158
B1909071849360S04141290WA0014600155
B1909111849360S04141289WA0014600155
B1909151849360S04141289WA0014600155
B1909191849360S04141289WA0014600156
B1909231849361S04141290WA0014600154
B1909271849361S04141290WA0014600154
B1909311849361S04141290WA0014600154
B1909351849361S04141290WA0014600153
B1909391849361S04141290WA0014600153
B1909431849362S04141290WA0014600153
B1909471849362S04141290WA0014600153
B1909511849362S04141290WA0014600153
B1909551849363S04141290WA0014600153
B1909591849363S04141290WA0014600154
B1910031849363S04141289WA0014600153
B1910071849363S04141289WA0014600153
B1910111849363S04141289WA0014600154
B1910151849363S04141290WA0014600153
B1910191849364S04141290WA0014600155
B1910231849363S04141290WA0014600155
B1910271849363S04141290WA0014600154
B1910311849362S04141291WA0014600156
B1910351849362S04141291WA0014600157
B1910391849362S04141291WA0014600157
B1910431849362S04141291WA0014600157
B1910471849361S04141291WA0014600156
B1910511849361S04141291WA0014600156
B1910551849361S04141291WA0014600157
B1910591849360S04141291WA0014600157
B1911031849361S04141291WA0014600157
B1911071849360S04141291WA0014600156
B1911111849361S04141290WA0014600155
B1911151849360S04141290WA0014600155
B1911191849360S04141290WA0014600154
B1911231849360S04141290WA0014600153
B1911271849359S04141289WA0014600152
B1911311849360S04141289WA0014600152
B1911351849359S04141289WA0014600151
B1911391849359S04141288WA0014600151
B1911431849358S04141289WA0014600153
B1911471849357S04141290WA0014600152
B1911511849357S04141291WA0014600150
B1911551849358S04141293WA0014600148
B1911591849359S04141293WA0014600150
B1912031849360S04141293WA0014600152
B1912071849360S04141292WA0014600152
B1912111849361S04141291WA0014600151
B1912151849361S04141290WA0014600152
B1912191849361S04141290WA0014600153
B1912231849362S04141289WA0014600154
B1912271849361S04141289WA0014600154
B1912311849360S04141289WA0014600154
B1912351849360S04141289WA0014600153
B1912391849361S04141289WA0014600153
B1912431849362S04141289WA0014600153
B1912471849362S04141288WA0014600154
B1912511849361S04141289WA0014600154
B1912551849361S04141290WA0014600153
B1912591849361S04141290WA0014600152
B1913031849360S04141289WA0014600150
B1913071849359S04141290WA0014600150
B1913111849357S04141292WA0014600150
B1913151849355S04141293WA0014600150
B1913191849353S04141294WA0014600151
B1913231849350S04141295WA0014600151
B1913271849350S04141294WA0014600150
B1913311849349S04141295WA0014600149
B1913351849349S04141294WA0014600149
B1913391849348S04141294WA0014600150
B1913431849348S04141294WA0014600150
B1913471849347S04141294WA0014600152
B1913511849348S04141293WA0014600152
B1913551849348S04141294WA0014600152
B1913591849347S04141294WA0014600152
B1914031849349S04141294WA0014600151
B1914071849351S04141295WA0014600150
B1914111849351S04141294WA0014600149
B1914151849353S04141293WA0014600148
B1914191849351S04141294WA0014600149
B1914231849351S04141294WA0014600149
B1914271849352S04141295WA0014600147
B1914311849353S04141296WA0014600144
B1914351849353S04141296WA0014600142
B1914391849353S04141296WA0014600141
B1914431849353S04141295WA0014600142
B1914471849353S04141296WA0014600141
B1914511849352S04141297WA0014600138
B1914551849352S04141297WA0014600135
B1914591849353S04141297WA0014600132
B1915031849354S04141298WA0014600129
B1915071849354S04141299WA0014600126
B1915111849353S04141300WA0014600124
B1915151849354S04141300WA0014600123
B1915191849354S04141300WA0014600120
B1915231849355S04141299WA0014600119
B1915271849355S04141298WA0014600117
B1915311849354S04141298WA0014600115
B1915351849354S04141298WA0014600114
B1915391849354S04141298WA0014600115
B1915431849355S04141297WA0014600114
B1915471849357S04141296WA0014600112
B1915511849356S04141296WA0014600111
B1915551849356S04141297WA0014600112
B1915591849356S04141297WA0014600112
B1916031849356S04141296WA0014600111
B1916071849357S04141294WA0014600111
B1916111849357S04141294WA0014600110
B1916151849358S04141294WA0014600110
B1916191849358S04141294WA0014600109
B1916231849359S04141293WA0014600108
B1916271849361S04141291WA0014600107
B1916311849358S04141292WA0014600106
B1916351849357S04141293WA0014600105
B1916391849359S04141293WA0014600106
B1916431849356S04141293WA0014600108
B1916471849357S04141292WA0014600108
B1916511849359S04141292WA0014600108
B1916551849360S04141291WA0014600106
B1916591849359S04141289WA0014600104
B1917031849358S04141288WA0014600102
B1917071849359S04141287WA0014600103
B1917111849357S04141287WA0014600103
B1917151849357S04141287WA0014600103
B1917191849354S04141287WA0014600104
B1917231849351S04141286WA0014600103
B1917271849352S04141285WA0014600104
B1917311849350S04141285WA0014600107
B1917351849347S04141289WA0014600106
B1917391849347S04141291WA0014600105
B1917431849347S04141293WA0014600106
B1917471849346S04141296WA0014600109
B1917511849346S04141298WA0014600110
B1917551849346S04141300WA0014600108
B1917591849347S04141300WA0014600107
B1918031849347S04141299WA0014600109
B1918071849346S04141298WA0014600112
B1918111849344S04141298WA0014600112
B1918151849343S04141298WA0014600113
B1918191849343S04141297WA0014600113
B1918231849342S04141297WA0014600117
B1918271849342S04141297WA0014600116
B1918311849342S04141297WA0014600113
B1918351849342S04141297WA0014600113
B1918391849342S04141295WA0014600114
B1918431849341S04141294WA0014600116
B1918471849341S04141294WA0014600116
B1918511849343S04141295WA0014600118
B1918551849342S04141295WA0014600116
B1918591849342S04141295WA0014600118
B1919031849342S04141293WA0014600120
B1919071849343S04141292WA0014600123
B1919111849342S04141292WA0014600124
B1919151849340S04141292WA0014600123
B1919191849340S04141292WA0014600122
B1919231849340S04141291WA0014600122
B1919271849343S04141292WA0014600119
B1919311849346S04141293WA0014600120
B1919351849346S04141293WA0014600120
B1919391849346S04141292WA0014600119
B1919431849346S04141292WA0014600117
B1919471849346S04141292WA0014600117
B1919511849346S04141293WA0014600118
B1919551849346S04141291WA0014600120
B1919591849344S04141291WA0014600124
B1920031849340S04141290WA0014600123
B1920071849339S04141290WA0014600120
B1920111849339S04141290WA0014600120
B1920151849337S04141290WA0014600122
B1920191849336S04141290WA0014600120
B1920231849336S04141291WA0014600119
B1920271849341S04141289WA0014600121
B1920311849343S04141289WA0014600122
B1920351849343S04141290WA0014600124
B1920391849344S04141290WA0014600124
B1920431849345S04141291WA0014600122
B1920471849346S04141291WA0014600122
B1920511849348S04141290WA0014600122
B1920551849348S04141291WA0014600123
B1920591849350S04141291WA0014600124
B1921031849349S04141290WA0014600124
B1921071849349S04141290WA0014600125
B1921111849349S04141290WA0014600127
B1921151849349S04141291WA0014600130
B1921191849349S04141292WA0014600131
B1921231849347S04141292WA0014600131
B1921271849346S04141291WA0014600133
B1921311849346S04141290WA0014600135
B1921351849347S04141290WA0014600135
B1921391849345S04141290WA0014600136
B1921431849343S04141290WA0014600138
B1921471849340S04141290WA0014600141
B1921511849339S04141291WA0014600140
B1921551849340S04141291WA0014600140
B1921591849340S04141291WA0014600139
B1922031849343S04141291WA0014600141
B1922071849344S04141292WA0014600143
B1922111849344S04141294WA0014600146
B1922151849343S04141296WA0014600148
B1922191849345S04141296WA0014600149
B1922231849347S04141294WA0014600151
B1922271849349S04141292WA0014600150
B1922311849349S04141292WA0014600147
B1922351849348S04141292WA0014600147
B1922391849346S04141291WA0014600146
B1922431849343S04141292WA0014600145
B1922471849340S04141293WA0014600147
B1922511849339S04141295WA0014600144
B1922551849338S04141295WA0014600144
B1922591849339S04141294WA0014600142
B1923031849337S04141292WA0014600141
B1923071849337S04141293WA0014600138
B1923111849336S04141295WA0014600136
B1923151849335S04141295WA0014600133
B1923191849335S04141295WA0014600131
B1923231849337S04141295WA0014600128
B1923271849338S04141294WA0014600127
B1923311849341S04141294WA0014600129
B1923351849341S04141296WA0014600126
B1923391849344S04141296WA0014600124
B1923431849345S04141296WA0014600121
B1923471849347S04141297WA0014600116
B1923511849345S04141297WA0014600115
B1923551849345S04141295WA0014600111
B1923591849348S04141294WA0014600113
B1924031849349S04141293WA0014600111
B1924071849348S04141292WA0014600109
B1924111849348S04141292WA0014600108
B1924151849348S04141293WA0014600108
B1924191849346S04141294WA0014600104
B1924231849347S04141295WA0014600104
B1924271849347S04141295WA0014600101
B1924311849347S04141295WA0014600100
B1924351849348S04141297WA0014600098
B1924391849349S04141296WA0014600098
B1924431849347S04141293WA0014600105
B1924471849347S04141291WA0014600110
B1924511849347S04141291WA0014600113
B1924551849348S04141291WA0014600117
B1924591849349S04141291WA0014600118
B1925031849351S04141291WA0014600121
B1925071849351S04141291WA0014600123
B1925111849353S04141291WA0014600125
B1925151849356S04141292WA0014600126
B1925191849356S04141291WA0014600127
B1925231849355S04141291WA0014600126
B1925271849356S04141291WA0014600129
B1925311849358S04141290WA0014600133
B1925351849359S04141290WA0014600138
B1925391849359S04141289WA0014600140
B1925431849359S04141290WA0014600142
B1925471849359S04141290WA0014600143
B1925511849358S04141290WA0014600144
B1925551849359S04141290WA0014600145
B1925591849359S04141290WA0014700146
B1926031849359S04141290WA0014600147
B1926071849359S04141290WA0014600149
B1926111849359S04141291WA0014600151
B1926151849360S04141291WA0014700152
B1926191849359S04141291WA0014600152
B1926231849359S04141291WA0014700152
B1926271849359S04141291WA0014600151
B1926311849358S04141292WA0014700151
B1926351849358S04141292WA0014700152
B1926391849358S04141292WA0014700152
B1926431849358S04141292WA0014700153
B1926471849358S04141292WA0014700153
B1926511849358S04141292WA0014600154
B1926551849358S04141292WA0014700154
B1926591849359S04141292WA0014700155
B1927031849359S04141292WA0014600155
B1927071849359S04141296WA0014700157
B1927111849356S04141305WA0014700159
B1927151849352S04141318WA0014700161
B1927191849347S04141329WA0014700161
B1927231849345S04141335WA0014600160
B1927271849340S04141346WA0014700159
B1927311849332S04141364WA0014700158
B1927351849324S04141382WA0014600159
B1927391849321S04141391WA0014600160
B1927431849315S04141404WA0014600159
B1927471849305S04141426WA0014600160
B1927511849293S04141453WA0014700161
B1927551849279S04141486WA0014800162
B1927591849263S04141522WA0014900162
B1928031849246S04141561WA0015100165
B1928071849232S04141605WA0015300167
B1928111849228S04141651WA0015400168
B1928151849232S04141694WA0015400171
B1928191849239S04141735WA0015300171
B1928231849244S04141772WA0015300168
B1928271849250S04141810WA0015300168
B1928311849255S04141848WA0015300167
B1928351849257S04141888WA0015400166
B1928391849252S04141928WA0015700166
B1928431849243S04141965WA0015500166
B1928471849229S04142000WA0015500163
B1928511849209S04142035WA0015600164
B1928551849188S04142066WA0015600165
B1928591849166S04142096WA0015600166
B1929031849146S04142123WA0015700166
B1929071849128S04142149WA0015700165
B1929111849109S04142176WA0015800166
B1929151849092S04142202WA0016000168
B1929191849077S04142224WA0016100171
B1929231849061S04142248WA0016300175
B1929271849046S04142269WA0016600177
B1929311849034S04142285WA0016700178
B1929351849024S04142301WA0016900181
B1929391849013S04142318WA0017200184
B1929431849002S04142333WA0017400187
B1929471848992S04142348WA0017500189
B1929511848982S04142365WA0017700193
B1929551848968S04142384WA0017800196
B1929591848952S04142412WA0018100199
B1930001848947S04142421WA0018200199
