AXFMSFP Flymaster Live, V1.0, S/N 190986
HFDTE240426
HFPLTPILOTINCHARGE:Gabriel Rabello
B1335571853182S04154978WA0099001076
B1336011853176S04154985WA0099001074
B1336051853166S04154993WA0099001074
B1336091853159S04154995WA0099001073
B1336131853155S04154996WA0099001064
B1336171853156S04155001WA0099001062
B1336211853159S04154999WA0099001064
B1336521853189S04154975WA0099101059
B1336561853190S04154969WA0099101082
B1337001853190S04154967WA0099101085
B1337041853189S04154964WA0099101085
B1337081853187S04154964WA0099101087
B1337121853184S04154964WA0099101084
B1337161853186S04154964WA0099101088
B1337201853187S04154964WA0099001090
B1337241853188S04154965WA0099101093
B1337281853189S04154965WA0099101094
B1337321853190S04154966WA0099101094
B1337361853190S04154966WA0099101093
B1337401853188S04154967WA0099101092
B1337441853188S04154968WA0099101090
B1337481853193S04154968WA0099101089
B1337521853191S04154967WA0099101084
B1337561853190S04154965WA0099101083
B1338001853189S04154964WA0099101084
B1338041853189S04154965WA0099101084
B1338081853190S04154964WA0099101083
B1338121853190S04154965WA0099101082
B1338161853190S04154964WA0099101081
B1338201853191S04154962WA0099101082
B1338241853191S04154961WA0099101081
B1338281853191S04154960WA0099001082
B1338321853191S04154959WA0099101084
B1338361853192S04154959WA0099101085
B1338401853192S04154959WA0099101086
B1338441853192S04154959WA0099101087
B1338481853193S04154959WA0099101088
B1338521853193S04154959WA0099101088
B1338561853193S04154959WA0099101087
B1339001853193S04154958WA0099101086
B1339041853193S04154958WA0099101087
B1339081853194S04154958WA0099101088
B1339121853194S04154958WA0099101088
B1339161853194S04154958WA0099101090
B1339201853194S04154958WA0099101091
B1339241853195S04154958WA0099101092
B1339281853195S04154958WA0099101093
B1339321853195S04154958WA0099101094
B1339361853195S04154958WA0099101095
B1339401853195S04154958WA0099101095
B1339441853195S04154958WA0099101097
B1339481853195S04154957WA0099101097
B1339521853194S04154957WA0099101097
B1339561853194S04154956WA0099101097
B1340001853194S04154956WA0099101098
B1340041853194S04154956WA0099101099
B1340081853195S04154956WA0099101099
B1340121853195S04154956WA0099101099
B1340161853196S04154956WA0099101099
B1340201853196S04154956WA0099101099
B1340241853196S04154956WA0099101098
B1340281853196S04154957WA0099101098
B1340321853196S04154957WA0099101098
B1340361853196S04154956WA0099101098
B1340401853196S04154956WA0099101098
B1340441853196S04154957WA0099101098
B1340481853196S04154957WA0099101098
B1340521853196S04154957WA0099101097
B1340561853196S04154957WA0099101096
B1341001853197S04154957WA0099101095
B1341041853196S04154957WA0099101094
B1341081853196S04154957WA0099101094
B1341121853195S04154958WA0099101096
B1341161853194S04154958WA0099101096
B1341201853194S04154959WA0099101095
B1341241853193S04154959WA0099101095
B1341281853193S04154959WA0099101096
B1341321853193S04154958WA0099101097
B1341361853193S04154958WA0099101097
B1341401853193S04154958WA0099101097
B1341441853193S04154958WA0099101096
B1341481853193S04154958WA0099101096
B1341521853193S04154958WA0099101096
B1341561853193S04154958WA0099101096
B1342001853192S04154958WA0099101097
B1342041853193S04154958WA0099101096
B1342081853193S04154958WA0099101097
B1342121853193S04154958WA0099101097
B1342161853192S04154959WA0099101097
B1342201853192S04154959WA0099101097
B1342241853192S04154959WA0099101097
B1342281853192S04154960WA0099101097
B1342321853192S04154960WA0099101097
B1342361853192S04154960WA0099101097
B1342401853192S04154960WA0099101095
B1342441853192S04154959WA0099101095
B1342481853192S04154960WA0099101093
B1342521853192S04154960WA0099101092
B1342561853192S04154960WA0099101092
B1343001853192S04154960WA0099101092
B1343041853192S04154960WA0099101092
B1343081853192S04154960WA0099101092
B1343121853192S04154960WA0099101092
B1343161853192S04154960WA0099101093
B1343201853192S04154960WA0099101094
B1343241853192S04154959WA0099101094
B1343281853191S04154959WA0099101094
B1343321853191S04154959WA0099101094
B1343361853191S04154959WA0099101092
B1343401853192S04154959WA0099101090
B1343441853192S04154959WA0099101091
B1343481853191S04154958WA0099101092
B1343521853191S04154958WA0099101093
B1343561853192S04154958WA0099101093
B1344001853192S04154959WA0099101092
B1344041853192S04154959WA0099101092
B1344081853192S04154959WA0099101092
B1344121853192S04154959WA0099101091
B1344161853193S04154959WA0099101092
B1344201853193S04154959WA0099101091
B1344241853193S04154960WA0099101091
B1344281853193S04154960WA0099101091
B1344321853193S04154960WA0099101092
B1344361853193S04154960WA0099101093
B1344401853193S04154960WA0099101093
B1344441853192S04154960WA0099101093
B1344481853193S04154960WA0099101093
B1344521853193S04154960WA0099101093
B1344561853193S04154960WA0099101092
B1345001853193S04154959WA0099101092
B1345041853192S04154959WA0099101092
B1345081853192S04154959WA0099101093
B1345121853192S04154958WA0099101093
B1345161853192S04154958WA0099101092
B1345201853193S04154957WA0099101091
B1345241853193S04154957WA0099101093
B1345281853193S04154956WA0099101094
B1345321853193S04154955WA0099101095
B1345361853193S04154955WA0099101096
B1345401853193S04154954WA0099101096
B1345441853194S04154954WA0099101096
B1345481853194S04154954WA0099101096
B1345521853194S04154954WA0099101096
B1345561853194S04154954WA0099101095
B1346001853194S04154954WA0099101096
B1346041853194S04154954WA0099101095
B1346081853194S04154954WA0099101095
B1346121853194S04154954WA0099101095
B1346161853194S04154955WA0099101095
B1346201853195S04154955WA0099001095
B1346241853195S04154955WA0099001094
B1346281853195S04154955WA0099101094
B1346321853195S04154955WA0099101094
B1346361853195S04154955WA0099001094
B1346401853195S04154955WA0099101094
B1346441853195S04154955WA0099001095
B1346481853195S04154955WA0099001096
B1346521853195S04154955WA0099101097
B1346561853195S04154956WA0099001098
B1347001853195S04154956WA0099101098
B1347041853195S04154956WA0099101095
B1347081853195S04154956WA0099101094
B1347121853195S04154957WA0099101093
B1347161853195S04154956WA0099001092
B1347201853195S04154955WA0099001092
B1347241853194S04154955WA0099101093
B1347281853195S04154955WA0099101092
B1347321853195S04154955WA0099101093
B1347361853195S04154955WA0099101094
B1347401853195S04154955WA0099101095
B1347441853195S04154955WA0099001095
B1347481853195S04154955WA0099101096
B1347521853195S04154955WA0099101095
B1347561853195S04154955WA0099101095
B1348001853195S04154955WA0099101094
B1348041853194S04154955WA0099101094
B1348081853195S04154955WA0099101095
B1348121853195S04154955WA0099101093
B1348161853194S04154955WA0099101092
B1348201853194S04154956WA0099101091
B1348241853194S04154956WA0099101089
B1348281853194S04154956WA0099101088
B1348321853194S04154956WA0099101087
B1348361853194S04154956WA0099001087
B1348401853193S04154956WA0099101088
B1348441853194S04154956WA0099101088
B1348481853193S04154955WA0099101088
B1348521853193S04154955WA0099101087
B1348561853193S04154956WA0099101087
B1349001853193S04154956WA0099101087
B1349041853193S04154956WA0099101086
B1349081853193S04154956WA0099101086
B1349121853193S04154956WA0099101087
B1349161853193S04154955WA0099101087
B1349201853193S04154955WA0099101088
B1349241853193S04154955WA0099101089
B1349281853192S04154956WA0099101089
B1349321853192S04154955WA0099101090
B1349361853192S04154956WA0099101090
B1349401853192S04154956WA0099101091
B1349441853192S04154956WA0099101091
B1349481853192S04154956WA0099101091
B1349521853192S04154956WA0099101091
B1349561853193S04154956WA0099101089
B1350001853193S04154956WA0099101090
B1350041853193S04154956WA0099101090
B1350081853193S04154957WA0099101090
B1350121853193S04154956WA0099101090
B1350161853193S04154957WA0099101090
B1350201853193S04154957WA0099101089
B1350241853193S04154956WA0099101088
B1350281853192S04154957WA0099101089
B1350321853192S04154956WA0099101089
B1350361853192S04154956WA0099101090
B1350401853192S04154956WA0099101089
B1350441853192S04154956WA0099101090
B1350481853192S04154956WA0099101091
B1350521853192S04154956WA0099101092
B1350561853193S04154956WA0099101093
B1351001853193S04154957WA0099101094
B1351041853193S04154957WA0099101094
B1351081853193S04154957WA0099101094
B1351121853193S04154957WA0099101094
B1351161853193S04154958WA0099101095
B1351201853193S04154958WA0099101094
B1351241853193S04154958WA0099101094
B1351281853193S04154958WA0099101095
B1351321853193S04154958WA0099101094
B1351361853193S04154958WA0099101094
B1351401853193S04154958WA0099101094
B1351441853193S04154959WA0099101094
B1351481853193S04154958WA0099101096
B1351521853193S04154958WA0099101096
B1351561853193S04154958WA0099101097
B1352001853193S04154957WA0099101099
B1352041853192S04154957WA0099101097
B1352081853193S04154957WA0099101097
B1352121853193S04154957WA0099101096
B1352161853192S04154957WA0099101096
B1352201853192S04154957WA0099101097
B1352241853192S04154957WA0099101096
B1352281853193S04154957WA0099101097
B1352321853193S04154958WA0099101097
B1352361853193S04154958WA0099101098
B1352401853193S04154958WA0099101098
B1352441853193S04154958WA0099101098
B1352481853193S04154959WA0099201098
B1352521853193S04154959WA0099101099
B1352561853194S04154959WA0099101101
B1353001853194S04154959WA0099101102
B1353041853194S04154958WA0099101103
B1353081853194S04154958WA0099101104
B1353121853194S04154957WA0099101101
B1353161853194S04154955WA0099101099
B1353201853194S04154955WA0099101097
B1353241853195S04154954WA0099101096
B1353281853195S04154954WA0099101096
B1353321853194S04154954WA0099101095
B1353361853193S04154954WA0099101095
B1353401853193S04154954WA0099101094
B1353441853192S04154952WA0099101094
B1353481853191S04154950WA0099101092
B1353521853190S04154949WA0099101092
B1353561853190S04154948WA0099101091
B1354001853191S04154948WA0099101094
B1354041853192S04154948WA0099101095
B1354081853193S04154948WA0099101096
B1354121853194S04154949WA0099101095
B1354161853194S04154950WA0099101094
B1354201853194S04154952WA0099101095
B1354241853193S04154953WA0099101095
B1354281853194S04154954WA0099101096
B1354321853194S04154955WA0099101095
B1354361853195S04154955WA0099101095
B1354401853195S04154955WA0099101095
B1354441853195S04154955WA0099101094
B1354481853195S04154955WA0099101094
B1354521853195S04154955WA0099101095
B1354561853195S04154955WA0099101096
B1355001853195S04154956WA0099101096
B1355041853195S04154955WA0099101094
B1355081853195S04154955WA0099101093
B1355121853195S04154954WA0099101094
B1355161853196S04154955WA0099101094
B1355201853196S04154955WA0099101093
B1355241853196S04154954WA0099101092
B1355281853196S04154954WA0099101094
B1355321853196S04154953WA0099101096
B1355361853196S04154953WA0099101095
B1355401853196S04154953WA0099101095
B1355441853197S04154953WA0099101095
B1355481853197S04154952WA0099101095
B1355521853197S04154953WA0099101095
B1355561853197S04154952WA0099101095
B1356001853197S04154953WA0099101095
B1356041853196S04154953WA0099101095
B1356081853197S04154953WA0099101094
B1356121853197S04154953WA0099101093
B1356161853197S04154953WA0099101092
B1356201853196S04154954WA0099101091
B1356241853196S04154954WA0099101088
B1356281853196S04154954WA0099101087
B1356321853196S04154955WA0099101087
B1356361853196S04154954WA0099101088
B1356401853196S04154955WA0099101089
B1356441853196S04154955WA0099101088
B1356481853195S04154956WA0099101090
B1356521853195S04154956WA0099101092
B1356561853196S04154956WA0099101093
B1357001853196S04154956WA0099101093
B1357041853196S04154956WA0099101093
B1357081853196S04154956WA0099101094
B1357121853195S04154956WA0099101093
B1357161853195S04154957WA0099101091
B1357201853195S04154957WA0099101090
B1357241853196S04154956WA0099101090
B1357281853196S04154956WA0099101091
B1357321853196S04154957WA0099101091
B1357361853197S04154956WA0099101090
B1357401853198S04154956WA0099101089
B1357441853198S04154956WA0099101090
B1357481853197S04154956WA0099101092
B1357521853197S04154956WA0099101092
B1357561853197S04154956WA0099101092
B1358001853197S04154956WA0099101093
B1358041853196S04154956WA0099101096
B1358081853196S04154956WA0099101098
B1358121853195S04154956WA0099101098
B1358161853195S04154956WA0099101100
B1358201853195S04154956WA0099101101
B1358241853195S04154956WA0099101101
B1358281853195S04154956WA0099101101
B1358321853196S04154956WA0099101102
B1358361853196S04154956WA0099101104
B1358401853195S04154956WA0099101103
B1358441853195S04154956WA0099101102
B1358481853195S04154955WA0099101101
B1358521853194S04154955WA0099101099
B1358561853194S04154955WA0099101099
B1359001853194S04154955WA0099101100
B1359041853194S04154955WA0099101100
B1359081853194S04154955WA0099101099
B1359121853194S04154955WA0099101096
B1359161853194S04154955WA0099101096
B1359201853194S04154955WA0099101095
B1359241853195S04154955WA0099101095
B1359281853195S04154955WA0099101095
B1359321853195S04154955WA0099101098
B1359361853195S04154955WA0099101096
B1359401853194S04154955WA0099101095
B1359441853194S04154956WA0099101095
B1359481853194S04154956WA0099101096
B1359521853195S04154955WA0099101095
B1359561853195S04154955WA0099101094
B1400001853195S04154955WA0099101094
B1400041853195S04154955WA0099101094
B1400081853195S04154955WA0099101096
B1400121853196S04154956WA0099101098
B1400161853196S04154956WA0099101097
B1400201853196S04154956WA0099101097
B1400241853197S04154957WA0099101098
B1400281853197S04154957WA0099101099
B1400321853197S04154957WA0099101099
B1400361853197S04154957WA0099101100
B1400401853196S04154958WA0099101101
B1400441853196S04154958WA0099101101
B1400481853196S04154958WA0099101102
B1400521853196S04154958WA0099101102
B1400561853196S04154958WA0099101101
B1401001853196S04154957WA0099101101
B1401041853196S04154957WA0099101100
B1401081853196S04154957WA0099101099
B1401121853196S04154957WA0099101100
B1401161853196S04154957WA0099101098
B1401201853196S04154956WA0099201098
B1401241853196S04154956WA0099101099
B1401281853196S04154955WA0099201098
B1401321853195S04154955WA0099101098
B1401361853195S04154955WA0099201098
B1401401853194S04154956WA0099101099
B1401441853194S04154956WA0099101099
B1401481853194S04154956WA0099101098
B1401521853194S04154957WA0099101096
B1401561853195S04154956WA0099101097
B1402001853195S04154956WA0099201097
B1402041853195S04154956WA0099101098
B1402081853195S04154956WA0099101098
B1402121853195S04154955WA0099201098
B1402161853195S04154955WA0099201097
B1402201853195S04154955WA0099201096
B1402241853195S04154955WA0099201096
B1402281853196S04154956WA0099101097
B1402321853196S04154955WA0099101098
B1402361853196S04154955WA0099201099
B1402401853196S04154955WA0099201101
B1402441853195S04154955WA0099201101
B1402481853195S04154955WA0099201101
B1402521853195S04154955WA0099201099
B1402561853195S04154955WA0099201098
B1403001853195S04154955WA0099201096
B1403041853195S04154955WA0099201096
B1403081853196S04154955WA0099201094
B1403121853195S04154955WA0099201092
B1403161853196S04154955WA0099201090
B1403201853196S04154955WA0099201088
B1403241853196S04154955WA0099201088
B1403281853196S04154955WA0099201087
B1403321853196S04154955WA0099201086
B1403361853196S04154955WA0099201086
B1403401853196S04154955WA0099201087
B1403441853196S04154956WA0099201088
B1403481853196S04154956WA0099201088
B1403521853196S04154956WA0099201088
B1403561853196S04154956WA0099201089
B1404001853195S04154956WA0099201090
B1404041853195S04154956WA0099201090
B1404081853196S04154957WA0099201090
B1404121853196S04154957WA0099201090
B1404161853195S04154957WA0099201091
B1404201853195S04154957WA0099201092
B1404241853195S04154957WA0099201092
B1404281853195S04154957WA0099201092
B1404321853195S04154956WA0099201092
B1404361853195S04154956WA0099201092
B1404401853195S04154956WA0099201092
B1404441853196S04154955WA0099201093
B1404481853195S04154955WA0099201095
B1404521853195S04154955WA0099201096
B1404561853194S04154955WA0099201096
B1405001853195S04154955WA0099201095
B1405041853195S04154955WA0099201095
B1405081853195S04154955WA0099201096
B1405121853195S04154956WA0099201096
B1405161853195S04154956WA0099201096
B1405201853194S04154956WA0099201095
B1405241853194S04154956WA0099201095
B1405281853194S04154956WA0099201095
B1405321853194S04154956WA0099201095
B1405361853195S04154956WA0099201095
B1405401853195S04154955WA0099201095
B1405441853195S04154955WA0099201094
B1405481853196S04154956WA0099201094
B1405521853196S04154956WA0099201094
B1405561853196S04154956WA0099201093
B1406001853196S04154956WA0099201094
B1406041853196S04154955WA0099201094
B1406081853196S04154955WA0099201095
B1406121853196S04154955WA0099201095
B1406161853196S04154955WA0099201095
B1406201853195S04154955WA0099201095
B1406241853195S04154955WA0099201095
B1406281853194S04154954WA0099201094
B1406321853194S04154954WA0099201094
B1406361853194S04154953WA0099201095
B1406401853194S04154954WA0099201094
B1406441853193S04154954WA0099201092
B1406481853194S04154955WA0099201092
B1406521853195S04154955WA0099201094
B1406561853195S04154954WA0099201093
B1407001853194S04154954WA0099201093
B1407041853194S04154954WA0099201093
B1407081853194S04154954WA0099201094
B1407121853194S04154954WA0099201094
B1407161853195S04154954WA0099201095
B1407201853195S04154954WA0099201096
B1407241853195S04154954WA0099201095
B1407281853196S04154954WA0099201096
B1407321853196S04154954WA0099201096
B1407361853196S04154954WA0099201098
B1407401853196S04154955WA0099201097
B1407441853196S04154955WA0099201097
B1407481853196S04154955WA0099201098
B1407521853196S04154955WA0099201097
B1407561853196S04154955WA0099201096
B1408001853195S04154955WA0099201095
B1408041853195S04154954WA0099201095
B1408081853195S04154955WA0099201094
B1408121853195S04154954WA0099201095
B1408161853195S04154954WA0099201096
B1408201853195S04154954WA0099201096
B1408241853195S04154954WA0099201096
B1408281853195S04154954WA0099301097
B1408321853195S04154954WA0099301097
B1408361853195S04154954WA0099301096
B1408401853195S04154954WA0099201097
B1408441853195S04154954WA0099301097
B1408481853195S04154954WA0099301097
B1408521853195S04154954WA0099301097
B1408561853195S04154953WA0099201096
B1409001853195S04154953WA0099201094
B1409041853195S04154954WA0099201092
B1409081853196S04154954WA0099301092
B1409121853196S04154954WA0099201091
B1409161853196S04154955WA0099301090
B1409201853196S04154955WA0099301090
B1409241853196S04154955WA0099201091
B1409281853196S04154955WA0099201091
B1409321853196S04154955WA0099201091
B1409361853195S04154955WA0099201092
B1409401853196S04154955WA0099201092
B1409441853195S04154955WA0099201094
B1409481853195S04154956WA0099201095
B1409521853195S04154956WA0099201096
B1409561853195S04154955WA0099201099
B1410001853195S04154955WA0099201099
B1410041853196S04154954WA0099201098
B1410081853197S04154954WA0099201100
B1410121853197S04154955WA0099201098
B1410161853197S04154955WA0099201098
B1410201853197S04154956WA0099201099
B1410241853197S04154956WA0099201099
B1410281853197S04154956WA0099201098
B1410321853197S04154956WA0099201097
B1410361853197S04154956WA0099201095
B1410401853197S04154956WA0099301094
B1410441853196S04154956WA0099201093
B1410481853195S04154956WA0099201092
B1410521853195S04154956WA0099201091
B1410561853194S04154956WA0099201090
B1411001853195S04154956WA0099201091
B1411041853195S04154956WA0099201091
B1411081853195S04154956WA0099201092
B1411121853195S04154956WA0099201093
B1411161853195S04154956WA0099201092
B1411201853195S04154956WA0099301093
B1411241853195S04154956WA0099201093
B1411281853195S04154955WA0099301094
B1411321853195S04154955WA0099201096
B1411361853196S04154954WA0099301096
B1411401853196S04154954WA0099201097
B1411441853196S04154954WA0099201099
B1411481853195S04154953WA0099301101
B1411521853195S04154953WA0099201102
B1411561853194S04154955WA0099301102
B1412001853194S04154955WA0099201101
B1412041853194S04154954WA0099201101
B1412081853194S04154954WA0099301101
B1412121853194S04154954WA0099301101
B1412161853194S04154955WA0099201101
B1412201853194S04154955WA0099201102
B1412241853194S04154955WA0099201102
B1412281853194S04154955WA0099201103
B1412321853193S04154955WA0099201104
B1412361853193S04154956WA0099201104
B1412401853193S04154955WA0099301104
B1412441853192S04154954WA0099301101
B1412481853192S04154954WA0099301100
B1412521853192S04154956WA0099301095
B1412561853193S04154956WA0099201096
B1413001853193S04154958WA0099301094
B1413041853192S04154961WA0099301087
B1413081853191S04154961WA0099301086
B1413121853191S04154961WA0099301084
B1413161853191S04154961WA0099301081
B1413201853191S04154962WA0099301081
B1413241853192S04154961WA0099301077
B1413281853192S04154960WA0099301078
B1413321853192S04154959WA0099301081
B1413361853192S04154959WA0099301083
B1413401853192S04154959WA0099301088
B1413441853192S04154959WA0099301091
B1413481853192S04154959WA0099301093
B1413521853192S04154959WA0099301094
B1413561853193S04154958WA0099301097
B1414001853193S04154957WA0099301100
B1414041853193S04154957WA0099301101
B1414081853192S04154956WA0099301102
B1414121853193S04154956WA0099301101
B1414161853193S04154956WA0099301097
B1414201853194S04154956WA0099301094
B1414241853194S04154956WA0099301092
B1414281853195S04154956WA0099301091
B1414321853195S04154956WA0099301089
B1414361853194S04154956WA0099301086
B1414401853193S04154956WA0099301084
B1414441853193S04154956WA0099301082
B1414481853193S04154956WA0099301079
B1414521853194S04154956WA0099301077
B1414561853194S04154956WA0099301076
B1415001853194S04154956WA0099301075
B1415041853193S04154956WA0099301074
B1415081853194S04154956WA0099301075
B1415121853193S04154956WA0099301081
B1415161853194S04154955WA0099301084
B1415201853193S04154955WA0099301088
B1415241853194S04154954WA0099301091
B1415281853194S04154955WA0099301093
B1415321853194S04154954WA0099301093
B1415361853194S04154956WA0099301091
B1415401853194S04154955WA0099301091
B1415441853193S04154955WA0099301089
B1415481853190S04154955WA0099301087
B1415521853190S04154955WA0099301087
B1415561853190S04154955WA0099301084
B1416001853191S04154955WA0099301083
B1416041853191S04154956WA0099301081
B1416081853192S04154958WA0099301080
B1416121853193S04154960WA0099301078
B1416161853193S04154958WA0099301080
B1416201853193S04154959WA0099301079
B1416241853192S04154958WA0099301078
B1416281853190S04154958WA0099301076
B1416321853191S04154959WA0099301075
B1416361853192S04154958WA0099301073
B1416401853192S04154958WA0099301073
B1416441853193S04154958WA0099301072
B1416481853193S04154958WA0099301074
B1416521853193S04154958WA0099301075
B1416561853193S04154957WA0099301077
B1417001853193S04154957WA0099301078
B1417041853193S04154957WA0099301079
B1417081853193S04154956WA0099301081
B1417121853194S04154956WA0099301082
B1417161853194S04154955WA0099301083
B1417201853194S04154955WA0099301084
B1417241853194S04154955WA0099301085
B1417281853194S04154955WA0099301085
B1417321853194S04154955WA0099301085
B1417361853194S04154955WA0099301086
B1417401853194S04154955WA0099301087
B1417441853194S04154954WA0099301088
B1417481853194S04154954WA0099301089
B1417521853194S04154954WA0099301091
B1417561853194S04154954WA0099301091
B1418001853194S04154954WA0099301090
B1418041853194S04154954WA0099301090
B1418081853194S04154955WA0099301090
B1418121853194S04154955WA0099301091
B1418161853195S04154954WA0099301093
B1418201853195S04154954WA0099301095
B1418241853195S04154954WA0099301096
B1418281853195S04154954WA0099301095
B1418321853195S04154954WA0099401093
B1418361853195S04154955WA0099301092
B1418401853195S04154955WA0099301092
B1418441853195S04154955WA0099401093
B1418481853195S04154955WA0099301094
B1418521853195S04154955WA0099401095
B1418561853195S04154955WA0099401095
B1419001853194S04154955WA0099401095
B1419041853194S04154956WA0099401095
B1419081853195S04154956WA0099301096
B1419121853194S04154955WA0099301096
B1419161853194S04154956WA0099401095
B1419201853194S04154954WA0099401096
B1419241853194S04154954WA0099401096
B1419281853194S04154953WA0099401096
B1419321853194S04154953WA0099401097
B1419361853194S04154953WA0099401097
B1419401853194S04154953WA0099401097
B1419441853193S04154953WA0099401095
B1419481853193S04154954WA0099401093
B1419521853193S04154954WA0099401093
B1419561853194S04154954WA0099401092
B1420001853194S04154954WA0099401092
B1420041853194S04154954WA0099401091
B1420081853193S04154954WA0099501091
B1420121853193S04154954WA0099501091
B1420161853192S04154954WA0099501091
B1420201853190S04154953WA0099501092
B1420241853190S04154951WA0099401087
B1420281853190S04154949WA0099501086
B1420321853190S04154947WA0099401083
B1420361853190S04154944WA0099401084
B1420401853191S04154942WA0099301084
B1420441853192S04154938WA0099301083
B1420481853192S04154935WA0099101083
B1420521853192S04154932WA0099001082
B1420561853192S04154929WA0099001080
B1421001853192S04154926WA0098901080
B1421041853191S04154923WA0098901079
B1421081853191S04154920WA0098901078
B1421121853192S04154916WA0098801078
B1421161853192S04154912WA0098801079
B1421201853193S04154908WA0098801078
B1421241853193S04154904WA0098801078
B1421281853194S04154901WA0098801076
B1421321853194S04154897WA0098801076
B1421361853194S04154894WA0098701076
B1421401853193S04154893WA0098701072
B1421441853192S04154891WA0098701070
B1421481853192S04154890WA0098601069
B1421521853192S04154889WA0098601069
B1421561853193S04154889WA0098601072
B1422001853192S04154887WA0098601073
B1422041853191S04154885WA0098501072
B1422081853189S04154882WA0098401069
B1422121853186S04154880WA0098201067
B1422161853186S04154877WA0098101067
B1422201853185S04154876WA0097901067
B1422241853185S04154876WA0097901067
B1422281853185S04154876WA0097901066
B1422321853185S04154875WA0097901066
B1422361853185S04154875WA0097801067
B1422401853184S04154874WA0097901071
B1422441853183S04154874WA0097901073
B1422481853183S04154874WA0097801072
B1422521853183S04154875WA0097901072
B1422561853183S04154875WA0097901075
B1423001853185S04154876WA0098001074
B1423041853185S04154877WA0098101074
B1423081853186S04154879WA0098201076
B1423121853187S04154881WA0098201076
B1423161853188S04154882WA0098301076
B1423201853190S04154882WA0098401076
B1423241853190S04154882WA0098501078
B1423281853191S04154882WA0098501079
B1423321853191S04154883WA0098601080
B1423361853192S04154884WA0098601082
B1423401853192S04154883WA0098701084
B1423441853192S04154883WA0098601084
B1423481853193S04154883WA0098601084
B1423521853193S04154883WA0098601083
B1423561853193S04154883WA0098701084
B1424001853193S04154883WA0098701085
B1424041853193S04154883WA0098701084
B1424081853193S04154883WA0098701084
B1424121853193S04154883WA0098701083
B1424161853193S04154883WA0098701083
B1424201853192S04154883WA0098601083
B1424241853192S04154882WA0098601083
B1424281853193S04154881WA0098601083
B1424321853194S04154880WA0098601084
B1424361853194S04154880WA0098701084
B1424401853195S04154880WA0098701083
B1424441853194S04154879WA0098701083
B1424481853194S04154880WA0098601082
B1424521853194S04154879WA0098601083
B1424561853194S04154880WA0098601081
B1425001853194S04154880WA0098701080
B1425041853194S04154880WA0098601079
B1425081853194S04154880WA0098701081
B1425121853194S04154880WA0098701082
B1425161853194S04154880WA0098701081
B1425201853193S04154881WA0098701080
B1425241853193S04154881WA0098701080
B1425281853192S04154881WA0098701081
B1425321853192S04154882WA0098701082
B1425361853191S04154883WA0098601081
B1425401853192S04154883WA0098701083
B1425441853192S04154883WA0098701084
B1425481853193S04154882WA0098701086
B1425521853193S04154882WA0098601086
B1425561853194S04154882WA0098701088
B1426001853194S04154882WA0098701089
B1426041853194S04154882WA0098701089
B1426081853194S04154882WA0098701091
B1426121853194S04154882WA0098701092
B1426161853194S04154882WA0098701090
B1426201853194S04154882WA0098701086
B1426241853194S04154883WA0098701085
B1426281853193S04154883WA0098701085
B1426321853193S04154884WA0098701085
B1426361853193S04154884WA0098701086
B1426401853193S04154884WA0098701086
B1426441853193S04154884WA0098701085
B1426481853193S04154884WA0098701085
B1426521853193S04154884WA0098701084
B1426561853193S04154885WA0098701085
B1427001853193S04154885WA0098701085
B1427041853193S04154885WA0098701085
B1427081853193S04154885WA0098701085
B1427121853193S04154885WA0098701085
B1427161853192S04154885WA0098701086
B1427201853192S04154885WA0098701086
B1427241853192S04154885WA0098701086
B1427281853192S04154885WA0098701086
B1427321853192S04154884WA0098701086
B1427361853193S04154885WA0098701086
B1427401853193S04154885WA0098601086
B1427441853193S04154885WA0098701087
B1427481853193S04154885WA0098701087
B1427521853193S04154885WA0098701088
B1427561853193S04154885WA0098701089
B1428001853193S04154885WA0098701089
B1428041853193S04154885WA0098701089
B1428081853193S04154885WA0098701088
B1428121853193S04154885WA0098701088
B1428161853193S04154885WA0098701088
B1428201853192S04154885WA0098701088
B1428241853193S04154885WA0098701087
B1428281853193S04154885WA0098701086
B1428321853193S04154886WA0098601085
B1428361853193S04154887WA0098701084
B1428401853193S04154887WA0098701083
B1428441853193S04154887WA0098701084
B1428481853194S04154886WA0098801085
B1428521853194S04154885WA0098701087
B1428561853194S04154886WA0098701086
B1429001853194S04154885WA0098701087
B1429041853194S04154884WA0098701087
B1429081853193S04154884WA0098701087
B1429121853193S04154884WA0098701087
B1429161853193S04154884WA0098701087
B1429201853193S04154884WA0098801087
B1429241853193S04154884WA0098701086
B1429281853193S04154884WA0098701085
B1429321853193S04154884WA0098701085
B1429361853192S04154884WA0098701084
B1429401853192S04154884WA0098701084
B1429441853192S04154884WA0098701084
B1429481853192S04154884WA0098701083
B1429521853192S04154884WA0098701082
B1429561853192S04154884WA0098701082
B1430001853192S04154884WA0098701082
B1430041853192S04154885WA0098701082
B1430081853192S04154885WA0098701082
B1430121853192S04154886WA0098701082
B1430161853192S04154886WA0098701082
B1430201853192S04154885WA0098701083
B1430241853193S04154885WA0098701083
B1430281853193S04154884WA0098701084
B1430321853193S04154883WA0098701086
B1430361853193S04154883WA0098701086
B1430401853193S04154882WA0098701088
B1430441853193S04154882WA0098701088
B1430481853193S04154882WA0098701088
B1430521853193S04154882WA0098701088
B1430561853193S04154883WA0098701089
B1431001853193S04154883WA0098701089
B1431041853193S04154882WA0098701089
B1431081853193S04154883WA0098701089
B1431121853193S04154882WA0098701088
B1431161853193S04154882WA0098701089
B1431201853193S04154882WA0098701089
B1431241853193S04154882WA0098701088
B1431281853193S04154883WA0098701086
B1431321853193S04154883WA0098701085
B1431361853193S04154883WA0098701085
B1431401853193S04154882WA0098701085
B1431441853194S04154882WA0098701085
B1431481853194S04154882WA0098701085
B1431521853193S04154882WA0098701086
B1431561853193S04154883WA0098701086
B1432001853193S04154883WA0098701086
B1432041853193S04154882WA0098801087
B1432081853193S04154882WA0098701087
B1432121853194S04154882WA0098801086
B1432161853194S04154882WA0098701086
B1432201853194S04154882WA0098701086
B1432241853194S04154882WA0098701086
B1432281853194S04154882WA0098701085
B1432321853194S04154882WA0098701085
B1432361853194S04154882WA0098701084
B1432401853194S04154882WA0098701084
B1432441853194S04154882WA0098701084
B1432481853194S04154882WA0098701085
B1432521853194S04154882WA0098701084
B1432561853194S04154883WA0098701084
B1433001853193S04154883WA0098801084
B1433041853194S04154883WA0098801085
B1433081853194S04154883WA0098801086
B1433121853194S04154884WA0098801085
B1433161853194S04154884WA0098801085
B1433201853194S04154884WA0098801084
B1433241853194S04154885WA0098801084
B1433281853195S04154885WA0098801084
B1433321853195S04154885WA0098801083
B1433361853195S04154885WA0098801084
B1433401853195S04154885WA0098801085
B1433441853195S04154884WA0098801085
B1433481853195S04154884WA0098701087
B1433521853195S04154884WA0098701086
B1433561853195S04154885WA0098701085
B1434001853193S04154886WA0098801083
B1434041853194S04154885WA0098801082
B1434081853194S04154886WA0098801082
B1434121853194S04154885WA0098801083
B1434161853194S04154885WA0098801084
B1434201853194S04154884WA0098801086
B1434241853195S04154885WA0098801086
B1434281853195S04154885WA0098801087
B1434321853194S04154885WA0098801086
B1434361853194S04154886WA0098801084
B1434401853195S04154886WA0098801084
B1434441853195S04154886WA0098801083
B1434481853195S04154885WA0098801083
B1434521853194S04154886WA0098801083
B1434561853194S04154886WA0098801080
B1435001853193S04154887WA0098801078
B1435041853193S04154886WA0098801078
B1435081853193S04154886WA0098801077
B1435121853191S04154886WA0098801079
B1435161853191S04154886WA0098801080
B1435201853191S04154886WA0098801080
B1435241853190S04154885WA0098801081
B1435281853191S04154885WA0098801081
B1435321853191S04154885WA0098801081
B1435361853191S04154885WA0098801082
B1435401853191S04154885WA0098801082
B1435441853191S04154885WA0098801082
B1435481853191S04154885WA0098801082
B1435521853192S04154885WA0098801083
B1435561853192S04154885WA0098801083
B1436001853192S04154885WA0098801083
B1436041853192S04154885WA0098801083
B1436081853193S04154884WA0098801083
B1436121853193S04154885WA0098801084
B1436161853193S04154884WA0098801084
B1436201853193S04154884WA0098801084
B1436241853193S04154884WA0098801084
B1436281853193S04154883WA0098801084
B1436321853193S04154883WA0098801083
B1436361853192S04154883WA0098801082
B1436401853192S04154883WA0098801082
B1436441853192S04154883WA0098801083
B1436481853192S04154883WA0098801083
B1436521853192S04154883WA0098801083
B1436561853192S04154883WA0098801083
B1437001853192S04154883WA0098801083
B1437041853192S04154883WA0098801083
B1437081853192S04154883WA0098801082
B1437121853192S04154882WA0098801082
B1437161853192S04154882WA0098801082
B1437201853192S04154882WA0098801081
B1437241853191S04154882WA0098801080
B1437281853191S04154882WA0098801078
B1437321853191S04154881WA0098801078
B1437361853191S04154882WA0098801078
B1437401853191S04154882WA0098901080
B1437441853191S04154882WA0098801080
B1437481853192S04154883WA0098801078
B1437521853192S04154883WA0098901077
B1437561853192S04154883WA0098901077
B1438001853192S04154883WA0098801076
B1438041853193S04154883WA0098901075
B1438081853193S04154883WA0098801075
B1438121853192S04154884WA0098801073
B1438161853193S04154884WA0098801073
B1438201853193S04154884WA0098801074
B1438241853193S04154883WA0098801076
B1438281853192S04154884WA0098901076
B1438321853192S04154884WA0098801077
B1438361853192S04154884WA0098801077
B1438401853192S04154884WA0098801075
B1438441853192S04154885WA0098801075
B1438481853192S04154885WA0098801075
B1438521853192S04154884WA0098801077
B1438561853192S04154884WA0098901078
B1439001853192S04154883WA0098901080
B1439041853193S04154883WA0098901081
B1439081853193S04154883WA0098901082
B1439121853193S04154883WA0098901083
B1439161853193S04154884WA0098901083
B1439201853192S04154884WA0098901081
B1439241853192S04154884WA0098901081
B1439281853192S04154884WA0098901081
B1439321853192S04154884WA0098901081
B1439361853192S04154884WA0098901082
B1439401853192S04154884WA0098901083
B1439441853192S04154884WA0098901083
B1439481853193S04154883WA0098901084
B1439521853193S04154883WA0098901085
B1439561853193S04154883WA0098901087
B1440001853193S04154884WA0098901088
B1440041853193S04154884WA0098901088
B1440081853194S04154884WA0098901088
B1440121853194S04154884WA0098901086
B1440161853194S04154884WA0098901084
B1440201853194S04154884WA0098901085
B1440241853194S04154884WA0098901085
B1440281853194S04154884WA0098901084
B1440321853194S04154885WA0098901083
B1440361853194S04154885WA0098901082
B1440401853194S04154885WA0098901082
B1440441853194S04154885WA0098901081
B1440481853194S04154885WA0098901081
B1440521853193S04154884WA0098901082
B1440561853193S04154884WA0098901083
B1441001853193S04154884WA0098901085
B1441041853193S04154884WA0098901086
B1441081853193S04154885WA0098901086
B1441121853193S04154885WA0098901087
B1441161853194S04154884WA0098901088
B1441201853194S04154884WA0098901088
B1441241853194S04154884WA0098901088
B1441281853194S04154884WA0098901089
B1441321853194S04154884WA0098901089
B1441361853194S04154884WA0098901087
B1441401853194S04154884WA0098901088
B1441441853194S04154884WA0098901085
B1441481853194S04154884WA0098901085
B1441521853194S04154884WA0098901086
B1441561853194S04154884WA0098901087
B1442001853194S04154884WA0098901087
B1442041853194S04154884WA0098901086
B1442081853194S04154883WA0098901085
B1442121853194S04154883WA0098901086
B1442161853193S04154883WA0098901087
B1442201853193S04154884WA0098901086
B1442241853193S04154884WA0098901086
B1442281853193S04154884WA0098901086
B1442321853193S04154884WA0098901086
B1442361853193S04154884WA0098901086
B1442401853193S04154884WA0098901086
B1442441853193S04154884WA0098901084
B1442481853193S04154885WA0098901083
B1442521853193S04154885WA0098901082
B1442561853193S04154885WA0098901081
B1443001853193S04154885WA0098901082
B1443041853193S04154884WA0098901083
B1443081853193S04154884WA0098901085
B1443121853193S04154885WA0098901085
B1443161853193S04154885WA0098901085
B1443201853193S04154885WA0098901084
B1443241853193S04154885WA0098901083
B1443281853193S04154885WA0098901083
B1443321853193S04154885WA0098901084
B1443361853193S04154884WA0098901085
B1443401853193S04154884WA0098901085
B1443441853193S04154884WA0098901085
B1443481853193S04154884WA0098901084
B1443521853193S04154884WA0098901084
B1443561853193S04154884WA0098901084
B1444001853193S04154884WA0098801084
B1444041853193S04154884WA0098901083
B1444081853193S04154884WA0098901083
B1444121853193S04154884WA0098901082
B1444161853193S04154884WA0098901082
B1444201853193S04154884WA0098901081
B1444241853193S04154884WA0098901081
B1444281853193S04154884WA0098901081
B1444321853193S04154884WA0098901081
B1444361853193S04154883WA0098901080
B1444401853193S04154883WA0098901081
B1444441853193S04154884WA0098901081
B1444481853194S04154884WA0098901082
B1444521853195S04154883WA0099001082
B1444561853195S04154883WA0098901083
B1445001853195S04154884WA0098901084
B1445041853195S04154886WA0098901083
B1445081853194S04154888WA0098901083
B1445121853194S04154889WA0099001082
B1445161853193S04154890WA0099001083
B1445201853193S04154890WA0099001083
B1445241853193S04154890WA0099001084
B1445281853193S04154891WA0099001085
B1445321853192S04154892WA0099001082
B1445361853192S04154891WA0099001082
B1445401853192S04154891WA0099001082
B1445441853192S04154891WA0099001083
B1445481853192S04154891WA0099001083
B1445521853192S04154891WA0099001083
B1445561853192S04154891WA0099001084
B1446001853192S04154891WA0099001086
B1446041853191S04154891WA0099001087
B1446081853191S04154891WA0099001089
B1446121853191S04154892WA0099001089
B1446161853192S04154891WA0099001088
B1446201853192S04154891WA0099001087
B1446241853192S04154891WA0099001085
B1446281853193S04154891WA0099001085
B1446321853192S04154891WA0099001085
B1446361853192S04154891WA0099001084
B1446401853192S04154891WA0099001084
B1446441853193S04154890WA0098901082
B1446481853193S04154889WA0098901081
B1446521853192S04154889WA0099001080
B1446561853192S04154889WA0099001081
B1447001853191S04154889WA0098901081
B1447041853190S04154888WA0098901080
B1447081853190S04154889WA0098901080
B1447121853189S04154889WA0098901078
B1447161853189S04154890WA0098801076
B1447201853189S04154890WA0098801075
B1447241853189S04154891WA0098901076
B1447281853189S04154890WA0098801076
B1447321853189S04154890WA0098801076
B1447361853190S04154890WA0098801075
B1447401853189S04154891WA0098801075
B1447441853189S04154891WA0098801074
B1447481853190S04154892WA0098801074
B1447521853189S04154891WA0098801075
B1447561853186S04154888WA0098701076
B1448001853172S04154884WA0098101074
B1448041853153S04154881WA0097701073
B1448081853134S04154887WA0096901067
B1448121853112S04154896WA0096401066
B1448161853090S04154900WA0095601056
B1448201853071S04154909WA0095501052
B1448241853050S04154916WA0094901041
B1448281853030S04154923WA0094401038
B1448321853011S04154931WA0094101036
B1448361852992S04154937WA0093701031
B1448401852970S04154943WA0094101037
B1448441852950S04154949WA0094001035
B1448481852934S04154955WA0094501039
B1448521852920S04154955WA0094901044
B1448561852909S04154949WA0095101049
B1449001852896S04154946WA0095601054
B1449041852884S04154939WA0095601055
B1449081852881S04154924WA0096101062
B1449121852905S04154914WA0096601068
B1449161852920S04154942WA0097001071
B1449201852912S04154964WA0097801077
B1449241852898S04154963WA0097901081
B1449281852903S04154945WA0098701088
B1449321852922S04154936WA0099001091
B1449361852943S04154953WA0099801101
B1449401852935S04154977WA0100001102
B1449441852922S04154974WA0100601109
B1449481852929S04154957WA0101001114
B1449521852951S04154963WA0101801123
B1449561852949S04154989WA0102101125
B1450001852934S04154992WA0102801133
B1450041852930S04154975WA0103201139
B1450081852952S04154968WA0103601145
B1450121852967S04154986WA0104301150
B1450161852966S04155013WA0104701153
B1450201852950S04155023WA0105001157
B1450241852936S04155017WA0105601163
B1450281852924S04155008WA0106101167
B1450321852932S04154992WA0106201169
B1450361852954S04155006WA0106601171
B1450401852953S04155038WA0107201177
B1450441852940S04155052WA0107501180
B1450481852922S04155052WA0107801184
B1450521852904S04155052WA0107601183
B1450561852886S04155046WA0107401184
B1451001852862S04155041WA0106801180
B1451041852843S04155038WA0106901177
B1451081852819S04155035WA0105401164
B1451121852796S04155030WA0105101162
B1451161852775S04155024WA0105201162
B1451201852752S04155018WA0105101163
B1451241852726S04155011WA0104801161
B1451281852705S04155007WA0104701160
B1451321852678S04154999WA0103901155
B1451361852654S04154993WA0103501149
B1451401852627S04154983WA0102501140
B1451441852601S04154972WA0102001136
B1451481852573S04154962WA0101801133
B1451521852548S04154954WA0102201137
B1451561852523S04154951WA0103301146
B1452001852503S04154945WA0105701170
B1452041852491S04154935WA0108001191
B1452081852505S04154916WA0109201203
B1452121852520S04154936WA0110901221
B1452161852502S04154935WA0113001242
B1452201852519S04154916WA0115001263
B1452241852535S04154938WA0116601280
B1452281852516S04154945WA0118701302
B1452321852524S04154923WA0120601322
B1452361852548S04154934WA0122201340
B1452401852535S04154951WA0124001360
B1452441852528S04154935WA0126301381
B1452481852548S04154918WA0127701398
B1452521852570S04154935WA0129401414
B1452561852560S04154957WA0131101434
B1453001852549S04154946WA0133401454
B1453041852542S04154927WA0134801469
B1453081852540S04154906WA0136401485
B1453121852530S04154884WA0137401498
B1453161852524S04154856WA0138001505
B1453201852538S04154833WA0138801513
B1453241852549S04154808WA0139201519
B1453281852555S04154777WA0138701517
B1453321852564S04154755WA0138601514
B1453361852568S04154727WA0137501505
B1453401852567S04154703WA0137501502
B1453441852567S04154678WA0136601494
B1453481852566S04154659WA0136601492
B1453521852564S04154637WA0135701483
B1453561852566S04154617WA0135701483
B1454001852566S04154593WA0135301478
B1454041852566S04154576WA0134601470
B1454081852563S04154552WA0133301458
B1454121852565S04154524WA0132101447
B1454161852570S04154500WA0132001445
B1454201852570S04154472WA0131301439
B1454241852571S04154448WA0131801442
B1454281852573S04154419WA0130901434
B1454321852574S04154392WA0131301436
B1454361852574S04154364WA0131101436
B1454401852573S04154341WA0132201445
B1454441852571S04154317WA0132401447
B1454481852568S04154295WA0132301447
B1454521852569S04154274WA0132801450
B1454561852571S04154254WA0132801451
B1455001852566S04154233WA0132801452
B1455041852560S04154208WA0132401448
B1455081852553S04154183WA0132001443
B1455121852547S04154160WA0132001444
B1455161852546S04154138WA0131901442
B1455201852544S04154116WA0131901442
B1455241852539S04154097WA0132501448
B1455281852528S04154079WA0132801452
B1455321852525S04154059WA0133301455
B1455361852521S04154039WA0133501458
B1455401852514S04154020WA0133701459
B1455441852504S04154002WA0134201465
B1455481852494S04153984WA0135001472
B1455521852479S04153971WA0135701479
B1455561852462S04153954WA0134801472
B1456001852453S04153930WA0134501469
B1456041852450S04153910WA0134401469
B1456081852438S04153889WA0133901467
B1456121852431S04153876WA0135001475
B1456161852420S04153855WA0135101478
B1456201852408S04153832WA0136501490
B1456241852401S04153811WA0138101506
B1456281852391S04153791WA0139501523
B1456321852385S04153782WA0141101536
B1456361852376S04153765WA0139701526
B1456401852368S04153752WA0140001528
B1456441852358S04153737WA0140001529
B1456481852359S04153722WA0139401524
B1456521852361S04153701WA0139001520
B1456561852362S04153678WA0138001511
B1457001852359S04153653WA0137901510
B1457041852359S04153631WA0139401524
B1457081852358S04153610WA0140201533
B1457121852356S04153590WA0139701529
B1457161852350S04153564WA0139301523
B1457201852340S04153546WA0140501534
B1457241852328S04153531WA0140901537
B1457281852326S04153514WA0141101538
B1457321852344S04153519WA0141001538
B1457361852338S04153546WA0141701539
B1457401852324S04153574WA0141901542
B1457441852296S04153582WA0142101544
B1457481852285S04153562WA0142201545
B1457521852298S04153561WA0142501546
B1457561852299S04153590WA0142301544
B1458001852278S04153614WA0142601546
B1458041852249S04153609WA0142201543
B1458081852246S04153590WA0141901540
B1458121852257S04153578WA0141401535
B1458161852268S04153567WA0141601538
B1458201852278S04153562WA0142401545
B1458241852289S04153552WA0142801550
B1458281852302S04153542WA0143201552
B1458321852318S04153536WA0143201551
B1458361852333S04153526WA0143501552
B1458401852349S04153513WA0143001549
B1458441852359S04153495WA0142601544
B1458481852369S04153477WA0142001538
B1458521852382S04153455WA0140301524
B1458561852398S04153429WA0139701518
B1459001852411S04153416WA0139601513
B1459041852423S04153392WA0138101502
B1459081852430S04153372WA0137701496
B1459121852438S04153349WA0136701485
B1459161852450S04153328WA0135801476
B1459201852461S04153307WA0135101469
B1459241852471S04153287WA0134301459
B1459281852481S04153266WA0133701453
B1459321852492S04153244WA0133001446
B1459361852500S04153222WA0132701442
B1459401852509S04153198WA0132201438
B1459441852518S04153176WA0131601433
B1459481852529S04153153WA0131001427
B1459521852541S04153130WA0130701423
B1459561852554S04153105WA0130601423
B1500001852561S04153081WA0130801425
B1500041852564S04153055WA0130601425
B1500081852567S04153031WA0130401423
B1500121852571S04153008WA0129901418
B1500161852572S04152985WA0129301410
B1500201852578S04152961WA0128601403
B1500241852579S04152938WA0128001396
B1500281852580S04152916WA0127801393
B1500321852582S04152892WA0127201388
B1500361852586S04152868WA0127101385
B1500401852587S04152843WA0126701382
B1500441852585S04152819WA0126201377
B1500481852586S04152795WA0126101376
B1500521852583S04152767WA0125901375
B1500561852583S04152743WA0126201378
B1501001852583S04152716WA0125801375
B1501041852583S04152691WA0125601373
B1501081852583S04152666WA0125001368
B1501121852583S04152642WA0125101368
B1501161852580S04152617WA0124501362
B1501201852581S04152591WA0124201359
B1501241852584S04152565WA0123901355
B1501281852587S04152538WA0123101348
B1501321852597S04152511WA0122401341
B1501361852608S04152485WA0121901337
B1501401852620S04152462WA0122101337
B1501441852630S04152439WA0122001335
B1501481852643S04152414WA0121401330
B1501521852656S04152391WA0121601329
B1501561852671S04152373WA0121501329
B1502001852689S04152355WA0121401326
B1502041852704S04152330WA0120601320
B1502081852717S04152305WA0121101325
B1502121852728S04152289WA0121901332
B1502161852732S04152270WA0122101333
B1502201852722S04152254WA0122401336
B1502241852713S04152240WA0123201346
B1502281852712S04152223WA0124101356
B1502321852737S04152217WA0124601362
B1502361852751S04152243WA0125901373
B1502401852735S04152255WA0126801382
B1502441852729S04152238WA0127701392
B1502481852742S04152224WA0128701400
B1502521852772S04152224WA0128801405
B1502561852787S04152249WA0129701412
B1503001852773S04152268WA0130501419
B1503041852757S04152269WA0131601429
B1503081852747S04152262WA0132101434
B1503121852755S04152246WA0131901429
B1503161852763S04152228WA0131001420
B1503201852769S04152210WA0130001410
B1503241852774S04152188WA0128901400
B1503281852779S04152166WA0129201403
B1503321852783S04152143WA0129701408
B1503361852787S04152121WA0129901411
B1503401852802S04152105WA0130701419
B1503441852831S04152115WA0130601417
B1503481852833S04152140WA0130901421
B1503521852818S04152139WA0130901423
B1503561852805S04152126WA0131301427
B1504001852794S04152116WA0131001424
B1504041852779S04152102WA0130701421
B1504081852778S04152083WA0130501418
B1504121852789S04152064WA0130601419
B1504161852801S04152047WA0130701419
B1504201852826S04152036WA0130101413
B1504241852847S04152051WA0129501406
B1504281852840S04152068WA0128901400
B1504321852820S04152063WA0128601397
B1504361852805S04152053WA0129201400
B1504401852786S04152043WA0129101399
B1504441852766S04152041WA0129201401
B1504481852743S04152044WA0129301404
B1504521852723S04152044WA0129901411
B1504561852700S04152042WA0130101415
B1505001852692S04152029WA0130301416
B1505041852715S04152019WA0129801413
B1505081852735S04152044WA0129501409
B1505121852733S04152074WA0130101413
B1505161852718S04152098WA0130701420
B1505201852699S04152110WA0131601428
B1505241852691S04152098WA0131701428
B1505281852709S04152090WA0131801428
B1505321852730S04152111WA0131301424
B1505361852724S04152141WA0131601427
B1505401852706S04152145WA0132301432
B1505441852692S04152135WA0132601436
B1505481852678S04152123WA0132701438
B1505521852673S04152106WA0132901439
B1505561852694S04152094WA0132501437
B1506001852716S04152111WA0133201443
B1506041852715S04152138WA0132901442
B1506081852697S04152150WA0133101442
B1506121852682S04152146WA0132801439
B1506161852675S04152131WA0133101442
B1506201852685S04152115WA0133801449
B1506241852710S04152120WA0134701457
B1506281852715S04152145WA0134501453
B1506321852701S04152159WA0134801454
B1506361852684S04152160WA0134901456
B1506401852665S04152157WA0135301462
B1506441852663S04152142WA0135801467
B1506481852684S04152135WA0136301473
B1506521852699S04152158WA0136401476
B1506561852686S04152179WA0136801482
B1507001852668S04152186WA0137201484
B1507041852646S04152189WA0136901482
B1507081852625S04152189WA0137401486
B1507121852605S04152183WA0137901491
B1507161852605S04152162WA0138101496
B1507201852628S04152173WA0138501501
B1507241852620S04152194WA0139701513
B1507281852601S04152201WA0140501521
B1507321852578S04152210WA0140601524
B1507361852555S04152220WA0142201537
B1507401852537S04152231WA0143301548
B1507441852517S04152240WA0144301559
B1507481852498S04152257WA0145101566
B1507521852474S04152275WA0145601571
B1507561852451S04152290WA0146601581
B1508001852426S04152304WA0147101587
B1508041852404S04152321WA0147801594
B1508081852385S04152336WA0148401599
B1508121852360S04152353WA0148001595
B1508161852332S04152364WA0148601601
B1508201852309S04152357WA0148401599
B1508241852315S04152345WA0147001587
B1508281852330S04152362WA0146701584
B1508321852341S04152384WA0146701582
B1508361852348S04152411WA0146901584
B1508401852352S04152436WA0145901573
B1508441852373S04152444WA0144601560
B1508481852393S04152443WA0143901552
B1508521852414S04152440WA0143601550
B1508561852433S04152456WA0144301557
B1509001852429S04152489WA0144301558
B1509041852405S04152497WA0144201557
B1509081852391S04152484WA0143801555
B1509121852391S04152469WA0143801555
B1509161852395S04152452WA0143801554
B1509201852392S04152436WA0144101559
B1509241852373S04152437WA0144101558
B1509281852359S04152463WA0143901555
B1509321852359S04152494WA0143801552
B1509361852368S04152521WA0143901551
B1509401852391S04152536WA0143001544
B1509441852413S04152545WA0143301545
B1509481852431S04152537WA0142901543
B1509521852437S04152524WA0143801547
B1509561852424S04152511WA0143601547
B1510001852407S04152503WA0144401554
B1510041852390S04152487WA0143901550
B1510081852380S04152473WA0144901559
B1510121852379S04152453WA0143901551
B1510161852384S04152437WA0143701549
B1510201852403S04152426WA0142201537
B1510241852428S04152432WA0142101537
B1510281852446S04152450WA0142201537
B1510321852453S04152483WA0142201536
B1510361852458S04152517WA0142401537
B1510401852453S04152548WA0142301537
B1510441852431S04152556WA0141701532
B1510481852425S04152542WA0141601533
B1510521852438S04152535WA0141401532
B1510561852460S04152541WA0141201530
B1511001852481S04152552WA0140901526
B1511041852503S04152561WA0140401521
B1511081852521S04152583WA0139801516
B1511121852514S04152608WA0139501512
B1511161852493S04152628WA0138601502
B1511201852472S04152639WA0138301498
B1511241852450S04152651WA0137801493
B1511281852426S04152663WA0137101486
B1511321852400S04152669WA0136401480
B1511361852376S04152678WA0136201477
B1511401852362S04152700WA0135601471
B1511441852374S04152728WA0135001461
B1511481852388S04152749WA0133801450
B1511521852413S04152767WA0133001436
B1511561852436S04152774WA0132701432
B1512001852457S04152778WA0131401419
B1512041852483S04152770WA0130401410
B1512081852501S04152757WA0130201407
B1512121852512S04152735WA0129401403
B1512161852521S04152714WA0128801398
B1512201852529S04152691WA0127601387
B1512241852537S04152666WA0126801381
B1512281852543S04152643WA0126601381
B1512321852550S04152622WA0126101375
B1512361852557S04152599WA0125401367
B1512401852567S04152578WA0125301365
B1512441852579S04152561WA0125201364
B1512481852589S04152538WA0124901363
B1512521852597S04152515WA0124901363
B1512561852605S04152492WA0124801362
B1513001852613S04152469WA0124801362
B1513041852620S04152446WA0125701369
B1513081852624S04152428WA0126401376
B1513121852626S04152406WA0126601377
B1513161852626S04152386WA0127201385
B1513201852627S04152365WA0128101394
B1513241852626S04152346WA0128601399
B1513281852631S04152326WA0128901402
B1513321852639S04152304WA0129001404
B1513361852647S04152284WA0129801411
B1513401852656S04152262WA0130801419
B1513441852671S04152247WA0132001431
B1513481852694S04152265WA0132501434
B1513521852681S04152279WA0133401443
B1513561852670S04152264WA0134701459
B1514001852678S04152244WA0135701471
B1514041852704S04152243WA0136401476
B1514081852714S04152266WA0136601479
B1514121852703S04152281WA0137501487
B1514161852683S04152273WA0138401498
B1514201852678S04152253WA0140001513
B1514241852666S04152234WA0140801525
B1514281852653S04152222WA0142201537
B1514321852641S04152203WA0142101538
B1514361852639S04152182WA0142001539
B1514401852641S04152161WA0142601543
B1514441852641S04152143WA0143201549
B1514481852645S04152123WA0144001557
B1514521852646S04152104WA0144801566
B1514561852666S04152110WA0144801563
B1515001852664S04152140WA0145501574
B1515041852641S04152143WA0146001581
B1515081852632S04152128WA0146601590
B1515121852643S04152117WA0146701592
B1515161852666S04152123WA0146701588
B1515201852671S04152154WA0147101592
B1515241852655S04152176WA0147701598
B1515281852634S04152169WA0147601599
B1515321852638S04152153WA0148201604
B1515361852657S04152146WA0148301604
B1515401852668S04152172WA0148201603
B1515441852645S04152183WA0148401605
B1515481852636S04152168WA0148401606
B1515521852651S04152157WA0148501607
B1515561852671S04152174WA0148301607
B1516001852658S04152199WA0148501608
B1516041852638S04152204WA0148601610
B1516081852623S04152188WA0148201606
B1516121852631S04152171WA0148401608
B1516161852654S04152169WA0148201606
B1516201852665S04152194WA0148501609
B1516241852653S04152216WA0148801611
B1516281852633S04152214WA0148701610
B1516321852620S04152201WA0148601609
B1516361852627S04152183WA0148301607
B1516401852649S04152193WA0147601597
B1516441852651S04152222WA0148001601
B1516481852645S04152249WA0147701600
B1516521852631S04152270WA0148201603
B1516561852610S04152274WA0148001602
B1517001852608S04152255WA0147901601
B1517041852627S04152251WA0147701597
B1517081852645S04152275WA0147001592
B1517121852645S04152300WA0147401594
B1517161852633S04152319WA0146901587
B1517201852609S04152324WA0146201579
B1517241852588S04152322WA0145801576
B1517281852565S04152334WA0145601572
B1517321852538S04152348WA0145001567
B1517361852517S04152371WA0144701563
B1517401852501S04152398WA0144201557
B1517441852502S04152428WA0143401548
B1517481852519S04152446WA0142701537
B1517521852540S04152451WA0142501531
B1517561852559S04152449WA0142201528
B1518001852582S04152441WA0142201530
B1518041852604S04152439WA0142101530
B1518081852626S04152439WA0141701526
B1518121852649S04152439WA0140801516
B1518161852674S04152439WA0140101510
B1518201852698S04152437WA0139501505
B1518241852725S04152436WA0139301504
B1518281852748S04152429WA0139601508
B1518321852765S04152410WA0139101504
B1518361852766S04152389WA0139101505
B1518401852754S04152373WA0138601498
B1518441852741S04152350WA0137401488
B1518481852731S04152329WA0137501487
B1518521852717S04152311WA0137901491
B1518561852704S04152301WA0138901501
B1519001852714S04152287WA0138701501
B1519041852732S04152302WA0139301512
B1519081852722S04152323WA0139801516
B1519121852700S04152320WA0140101520
B1519161852715S04152309WA0140701527
B1519201852734S04152327WA0140801532
B1519241852715S04152341WA0141401537
B1519281852693S04152337WA0142001544
B1519321852688S04152322WA0142401547
B1519361852712S04152321WA0142201548
B1519401852716S04152346WA0143001554
B1519441852700S04152362WA0143401555
B1519481852681S04152357WA0142901552
B1519521852689S04152341WA0143001552
B1519561852708S04152356WA0143201554
B1520001852697S04152380WA0143501556
B1520041852678S04152389WA0143301555
B1520081852674S04152370WA0142901552
B1520121852694S04152363WA0143601555
B1520161852716S04152359WA0143401552
B1520201852730S04152377WA0143301549
B1520241852718S04152401WA0143201549
B1520281852702S04152404WA0143401550
B1520321852692S04152387WA0142801545
B1520361852699S04152371WA0143101547
B1520401852723S04152375WA0142601542
B1520441852726S04152401WA0142101535
B1520481852705S04152412WA0142101535
B1520521852686S04152425WA0142401538
B1520561852665S04152431WA0142501540
B1521001852645S04152429WA0142401539
B1521041852621S04152439WA0142401540
B1521081852599S04152454WA0142501542
B1521121852574S04152466WA0142601543
B1521161852556S04152457WA0142501544
B1521201852554S04152434WA0142401543
B1521241852576S04152432WA0142301543
B1521281852585S04152457WA0142701546
B1521321852575S04152483WA0142801547
B1521361852552S04152499WA0142501545
B1521401852527S04152494WA0142401543
B1521441852506S04152480WA0142301542
B1521481852490S04152465WA0142201540
B1521521852490S04152444WA0141201533
B1521561852512S04152440WA0141501536
B1522001852533S04152446WA0141201529
B1522041852554S04152459WA0141001526
B1522081852562S04152487WA0140301520
B1522121852561S04152518WA0140401519
B1522161852561S04152548WA0140801522
B1522201852559S04152580WA0141101525
B1522241852557S04152606WA0141001523
B1522281852555S04152638WA0140301517
B1522321852551S04152667WA0140501517
B1522361852547S04152697WA0140801522
B1522401852535S04152715WA0141701529
B1522441852514S04152705WA0141401532
B1522481852520S04152688WA0142101539
B1522521852538S04152689WA0142401544
B1522561852543S04152718WA0142401544
B1523001852526S04152735WA0143001548
B1523041852501S04152737WA0142801546
B1523081852489S04152718WA0142501546
B1523121852504S04152705WA0142701547
B1523161852524S04152713WA0142801550
B1523201852536S04152733WA0143201550
B1523241852539S04152759WA0143301550
B1523281852526S04152780WA0142501544
B1523321852509S04152803WA0142201540
B1523361852489S04152822WA0141901536
B1523401852465S04152838WA0141401532
B1523441852439S04152848WA0140601523
B1523481852417S04152850WA0140101518
B1523521852412S04152831WA0139001507
B1523561852423S04152815WA0138401501
B1524001852430S04152794WA0138401498
B1524041852447S04152782WA0137901490
B1524081852470S04152782WA0137601488
B1524121852491S04152783WA0137401487
B1524161852512S04152784WA0137201486
B1524201852536S04152788WA0137101485
B1524241852557S04152788WA0136901482
B1524281852582S04152786WA0136801480
B1524321852604S04152790WA0136701479
B1524361852625S04152800WA0136901480
B1524401852638S04152820WA0136701478
B1524441852640S04152849WA0136701478
B1524481852636S04152882WA0136601478
B1524521852631S04152909WA0137201483
B1524561852613S04152929WA0137001480
B1525001852589S04152930WA0137101482
B1525041852569S04152922WA0137101483
B1525081852556S04152908WA0136801482
B1525121852553S04152886WA0136501479
B1525161852539S04152867WA0136101475
B1525201852517S04152861WA0136001474
B1525241852492S04152860WA0135201467
B1525281852463S04152859WA0134701463
B1525321852434S04152859WA0134401460
B1525361852405S04152855WA0133801456
B1525401852387S04152840WA0133501454
B1525441852398S04152823WA0133001450
B1525481852420S04152826WA0132501444
B1525521852443S04152825WA0132201440
B1525561852465S04152832WA0131701432
B1526001852487S04152850WA0130901423
B1526041852511S04152867WA0130301417
B1526081852533S04152884WA0130001412
B1526121852549S04152905WA0129801410
B1526161852557S04152935WA0129501408
B1526201852562S04152965WA0129601408
B1526241852571S04152994WA0129201405
B1526281852583S04153018WA0128901401
B1526321852592S04153044WA0128701398
B1526361852599S04153073WA0128201392
B1526401852607S04153096WA0127401382
B1526441852622S04153115WA0126401372
B1526481852649S04153112WA0124901361
B1526521852671S04153098WA0124301356
B1526561852694S04153089WA0123801352
B1527001852714S04153083WA0123801351
B1527041852739S04153076WA0123301347
B1527081852766S04153073WA0123201345
B1527121852794S04153073WA0122701340
B1527161852820S04153069WA0122401336
B1527201852847S04153064WA0121601327
B1527241852875S04153062WA0121301323
B1527281852904S04153063WA0120601319
B1527321852931S04153067WA0121401326
B1527361852962S04153074WA0121201322
B1527401852995S04153077WA0121201321
B1527441853025S04153082WA0121901327
B1527481853044S04153101WA0121901322
B1527521853029S04153116WA0121101317
B1527561853020S04153102WA0122201326
B1528001853020S04153083WA0122101327
B1528041853040S04153063WA0122201330
B1528081853066S04153064WA0122201327
B1528121853081S04153091WA0122001329
B1528161853072S04153116WA0121901329
B1528201853065S04153135WA0122801337
B1528241853065S04153161WA0122501335
B1528281853056S04153183WA0122501334
B1528321853042S04153189WA0121901331
B1528361853024S04153182WA0121801330
B1528401853006S04153175WA0121101325
B1528441852983S04153168WA0121301328
B1528481852964S04153165WA0121801333
B1528521852949S04153161WA0122701339
B1528561852953S04153144WA0122501341
B1529001852976S04153160WA0122601339
B1529041852965S04153184WA0123001344
B1529081852949S04153188WA0123501351
B1529121852942S04153171WA0122601346
B1529161852963S04153156WA0122801346
B1529201852986S04153164WA0123201349
B1529241853001S04153190WA0123301350
B1529281852984S04153205WA0123501352
B1529321852980S04153194WA0124401359
B1529361852982S04153176WA0124501361
B1529401853003S04153164WA0124201357
B1529441853025S04153186WA0124201359
B1529481853013S04153205WA0124701364
B1529521853005S04153194WA0125101369
B1529561853017S04153175WA0125001369
B1530001853034S04153156WA0125601373
B1530041853057S04153158WA0126201377
B1530081853057S04153184WA0126101375
B1530121853046S04153179WA0126701380
B1530161853060S04153161WA0126901385
B1530201853083S04153161WA0127701391
B1530241853089S04153185WA0127701392
B1530281853068S04153191WA0127801394
B1530321853053S04153186WA0128601399
B1530361853038S04153178WA0128501399
B1530401853022S04153168WA0128101398
B1530441853006S04153157WA0128401400
B1530481852991S04153142WA0128901406
B1530521852989S04153122WA0129801413
B1530561853015S04153117WA0129801414
B1531001853019S04153142WA0130401421
B1531041853001S04153148WA0130701425
B1531081852988S04153130WA0131501432
B1531121852996S04153110WA0132201440
B1531161853023S04153109WA0132501446
B1531201853022S04153134WA0132801447
B1531241853005S04153128WA0133501455
B1531281853010S04153108WA0134101463
B1531321853039S04153108WA0134201467
B1531361853049S04153133WA0134401464
B1531401853044S04153154WA0135401473
B1531441853028S04153167WA0136101479
B1531481853012S04153162WA0136701487
B1531521853017S04153141WA0136601485
B1531561853039S04153131WA0136501484
B1532001853067S04153125WA0136701486
B1532041853090S04153142WA0137001488
B1532081853085S04153166WA0137101489
B1532121853066S04153173WA0137701494
B1532161853051S04153167WA0138301499
B1532201853057S04153146WA0137901496
B1532241853063S04153123WA0138001497
B1532281853072S04153098WA0137701494
B1532321853080S04153069WA0137301491
B1532361853091S04153042WA0137301490
B1532401853098S04153014WA0137301491
B1532441853103S04152990WA0137101489
B1532481853105S04152964WA0137201490
B1532521853110S04152939WA0137001489
B1532561853112S04152916WA0137601494
B1533001853121S04152900WA0138201501
B1533041853142S04152891WA0138801506
B1533081853166S04152904WA0138801505
B1533121853168S04152927WA0139101505
B1533161853152S04152944WA0138801503
B1533201853141S04152963WA0139601510
B1533241853123S04152965WA0139301509
B1533281853109S04152956WA0139501511
B1533321853099S04152942WA0139301510
B1533361853096S04152927WA0139301509
B1533401853107S04152911WA0139301510
B1533441853133S04152914WA0138901506
B1533481853156S04152932WA0139201508
B1533521853163S04152961WA0138901505
B1533561853146S04152979WA0138801504
B1534001853128S04152972WA0138601503
B1534041853117S04152953WA0138101500
B1534081853107S04152936WA0138101499
B1534121853099S04152915WA0137001490
B1534161853087S04152889WA0136001480
B1534201853070S04152865WA0134901470
B1534241853053S04152843WA0134601467
B1534281853041S04152821WA0133801460
B1534321853040S04152798WA0133201453
B1534361853044S04152775WA0132101443
B1534401853045S04152752WA0131601438
B1534441853044S04152731WA0131301433
B1534481853042S04152710WA0131501436
B1534521853041S04152688WA0131801440
B1534561853041S04152673WA0132701446
B1535001853048S04152656WA0132801447
B1535041853076S04152667WA0132601446
B1535081853090S04152693WA0133301449
B1535121853092S04152716WA0133701453
B1535161853080S04152720WA0133501452
B1535201853072S04152704WA0133501452
B1535241853060S04152691WA0133501451
B1535281853040S04152689WA0134101455
B1535321853023S04152685WA0134601460
B1535361853008S04152677WA0135401467
B1535401852999S04152665WA0135801471
B1535441852993S04152649WA0136101474
B1535481852983S04152627WA0135501471
B1535521852972S04152602WA0135401471
B1535561852958S04152577WA0135401472
B1536001852947S04152553WA0135001468
B1536041852935S04152529WA0134201461
B1536081852925S04152503WA0133401452
B1536121852916S04152474WA0132901446
B1536161852909S04152444WA0131801436
B1536201852905S04152413WA0131301429
B1536241852906S04152377WA0130501423
B1536281852907S04152343WA0130801423
B1536321852910S04152311WA0130801422
B1536361852909S04152283WA0131301425
B1536401852908S04152263WA0132201432
B1536441852905S04152239WA0131901429
B1536481852902S04152218WA0133301442
B1536521852902S04152197WA0134101449
B1536561852891S04152189WA0134801456
B1537001852880S04152210WA0134901459
B1537041852896S04152221WA0135601457
B1537081852911S04152216WA0136301459
B1537121852907S04152195WA0136601463
B1537161852893S04152183WA0137401476
B1537201852878S04152166WA0137801484
B1537241852869S04152146WA0138201488
B1537281852857S04152124WA0137201481
B1537321852844S04152098WA0136301473
B1537361852830S04152072WA0135401465
B1537401852817S04152048WA0134501455
B1537441852803S04152024WA0133301444
B1537481852786S04151998WA0132001431
B1537521852767S04151973WA0131001421
B1537561852747S04151948WA0130101413
B1538001852728S04151923WA0129801410
B1538041852708S04151900WA0129101404
B1538081852688S04151875WA0128301397
B1538121852668S04151852WA0127701389
B1538161852650S04151831WA0127301384
B1538201852631S04151811WA0126401376
B1538241852613S04151790WA0126001371
B1538281852596S04151771WA0125301363
B1538321852578S04151751WA0124801358
B1538361852559S04151728WA0123701348
B1538401852539S04151705WA0123101342
B1538441852520S04151683WA0122401335
B1538481852501S04151661WA0122001330
B1538521852480S04151639WA0121501325
B1538561852457S04151614WA0121001321
B1539001852435S04151592WA0122101330
B1539041852420S04151573WA0123301339
B1539081852406S04151553WA0123601342
B1539121852393S04151535WA0124301349
B1539161852378S04151515WA0124901354
B1539201852376S04151495WA0126701372
B1539241852396S04151498WA0127101381
B1539281852385S04151516WA0128401395
B1539321852365S04151502WA0129601407
B1539361852363S04151478WA0130701420
B1539401852355S04151452WA0131301428
B1539441852344S04151433WA0131601429
B1539481852328S04151408WA0131101426
B1539521852314S04151387WA0131201427
B1539561852295S04151366WA0130901424
B1540001852279S04151345WA0130801422
B1540041852257S04151320WA0129901415
B1540081852241S04151296WA0129601411
B1540121852222S04151268WA0128401399
B1540161852205S04151242WA0127801393
B1540201852187S04151215WA0126901384
B1540241852174S04151187WA0126701382
B1540281852170S04151156WA0126301378
B1540321852170S04151126WA0125901374
B1540361852167S04151093WA0125101368
B1540401852165S04151061WA0124601362
B1540441852161S04151029WA0123801353
B1540481852156S04150998WA0123101346
B1540521852149S04150967WA0122401338
B1540561852139S04150939WA0121801330
B1541001852122S04150914WA0121301323
B1541041852103S04150892WA0120701316
B1541081852082S04150870WA0119801306
B1541121852062S04150848WA0119401301
B1541161852043S04150824WA0118601293
B1541201852024S04150800WA0118301290
B1541241852009S04150776WA0117901284
B1541281851994S04150751WA0116901274
B1541321851982S04150725WA0116301268
B1541361851967S04150699WA0115301258
B1541401851952S04150674WA0114701252
B1541441851937S04150649WA0113901244
B1541481851922S04150624WA0113001235
B1541521851907S04150600WA0112401229
B1541561851890S04150579WA0111801222
B1542001851870S04150557WA0111301216
B1542041851853S04150534WA0110801211
B1542081851839S04150508WA0110501207
B1542121851827S04150481WA0109801201
B1542161851815S04150452WA0109101194
B1542201851803S04150426WA0108701189
B1542241851789S04150400WA0107901182
B1542281851776S04150377WA0107601178
B1542321851762S04150352WA0106801170
B1542361851747S04150329WA0106501166
B1542401851734S04150306WA0105701158
B1542441851725S04150281WA0105101152
B1542481851716S04150255WA0104001141
B1542521851704S04150229WA0103101132
B1542561851692S04150203WA0101801120
B1543001851675S04150178WA0100601108
B1543041851658S04150153WA0099601098
B1543081851641S04150128WA0098301085
B1543121851623S04150105WA0097301074
B1543161851606S04150078WA0096001060
B1543201851589S04150053WA0095301052
B1543241851569S04150026WA0094501043
B1543281851550S04150001WA0094001037
B1543321851532S04149977WA0093201029
B1543361851515S04149952WA0092301020
B1543401851498S04149929WA0091901015
B1543441851482S04149904WA0091001007
B1543481851468S04149878WA0090501001
B1543521851458S04149848WA0090000996
B1543561851452S04149818WA0089900995
B1544001851447S04149789WA0089700993
B1544041851441S04149759WA0089200989
B1544081851433S04149731WA0088900985
B1544121851424S04149706WA0088300977
B1544161851416S04149677WA0087300967
B1544201851398S04149655WA0086800962
B1544241851377S04149638WA0086500959
B1544281851359S04149622WA0085900951
B1544321851337S04149606WA0085400944
B1544361851316S04149593WA0084700936
B1544401851293S04149578WA0083900927
B1544441851268S04149564WA0083200921
B1544481851245S04149549WA0083100917
B1544521851221S04149535WA0082300910
B1544561851195S04149522WA0081600904
B1545001851166S04149509WA0081200901
B1545041851140S04149498WA0081200899
B1545081851109S04149489WA0080700896
B1545121851081S04149480WA0080900898
B1545161851053S04149471WA0080800897
B1545201851024S04149461WA0081100899
B1545241851003S04149457WA0082100908
B1545281850978S04149454WA0082800916
B1545321850971S04149438WA0083800926
B1545361850993S04149437WA0084100933
B1545401850984S04149460WA0085000941
B1545441850966S04149461WA0086000953
B1545481850950S04149446WA0086800963
B1545521850958S04149425WA0087400974
B1545561850981S04149419WA0088600985
B1546001851002S04149433WA0089100988
B1546041851003S04149456WA0090000997
B1546081850985S04149472WA0090501002
B1546121850965S04149473WA0091101008
B1546161850962S04149455WA0092201020
B1546201850979S04149438WA0092701028
B1546241851006S04149447WA0093101032
B1546281851006S04149470WA0093901039
B1546321850986S04149485WA0094001043
B1546361850964S04149496WA0094301046
B1546401850944S04149497WA0095501056
B1546441850929S04149482WA0096001062
B1546481850917S04149465WA0096901071
B1546521850901S04149459WA0097401075
B1546561850880S04149461WA0097701077
B1547001850862S04149467WA0098701086
B1547041850843S04149473WA0099701097
B1547081850823S04149472WA0100301105
B1547121850804S04149465WA0101001111
B1547161850786S04149454WA0101801120
B1547201850790S04149434WA0102901132
B1547241850810S04149432WA0104201142
B1547281850822S04149450WA0105001151
B1547321850808S04149466WA0105801160
B1547361850786S04149466WA0106501167
B1547401850771S04149452WA0107301175
B1547441850760S04149437WA0108201183
B1547481850753S04149413WA0107901183
B1547521850747S04149385WA0108201184
B1547561850739S04149353WA0107001175
B1548001850735S04149320WA0106901172
B1548041850725S04149285WA0106401167
B1548081850714S04149250WA0106201165
B1548121850706S04149218WA0105501157
B1548161850698S04149183WA0104601147
B1548201850693S04149148WA0103801139
B1548241850688S04149113WA0103001130
B1548281850684S04149079WA0103201132
B1548321850679S04149045WA0103201130
B1548361850676S04149009WA0103201131
B1548401850675S04148974WA0103301132
B1548441850672S04148940WA0103701136
B1548481850670S04148903WA0104201142
B1548521850667S04148869WA0104701147
B1548561850660S04148836WA0104901149
B1549001850651S04148802WA0104801149
B1549041850642S04148767WA0105001155
B1549081850637S04148737WA0105801163
B1549121850632S04148707WA0105601165
B1549161850625S04148675WA0105701167
B1549201850619S04148641WA0106401172
B1549241850610S04148608WA0106701176
B1549281850600S04148575WA0107601186
B1549321850590S04148553WA0109701202
B1549361850578S04148532WA0108901199
B1549401850565S04148512WA0108901199
B1549441850552S04148492WA0107901188
B1549481850532S04148467WA0106901178
B1549521850514S04148447WA0106401170
B1549561850496S04148420WA0105001155
B1550001850477S04148394WA0104201146
B1550041850458S04148366WA0102701132
B1550081850439S04148340WA0101901121
B1550121850420S04148313WA0100301105
B1550161850404S04148285WA0099601098
B1550201850387S04148258WA0099001091
B1550241850369S04148225WA0098401085
B1550281850350S04148192WA0098201084
B1550321850335S04148162WA0099001092
B1550361850321S04148138WA0099701097
B1550401850304S04148111WA0099501096
B1550441850289S04148086WA0099201092
B1550481850270S04148064WA0098301084
B1550521850249S04148045WA0098201082
B1550561850226S04148028WA0097001071
B1551001850204S04148010WA0097201071
B1551041850181S04147989WA0096901068
B1551081850155S04147973WA0097101071
B1551121850135S04147956WA0097301072
B1551161850112S04147937WA0097101070
B1551201850087S04147920WA0097001069
B1551241850063S04147897WA0097201072
B1551281850045S04147874WA0097601076
B1551321850024S04147850WA0097401074
B1551361850002S04147829WA0097301072
B1551401849979S04147804WA0096901068
B1551441849954S04147776WA0097201071
B1551481849934S04147750WA0098401082
B1551521849914S04147725WA0097801075
B1551561849887S04147703WA0097601074
B1552001849863S04147684WA0097301071
B1552041849841S04147665WA0097001067
B1552081849819S04147646WA0096501062
B1552121849796S04147628WA0096101057
B1552161849773S04147607WA0095101047
B1552201849751S04147584WA0094101037
B1552241849723S04147565WA0092801023
B1552281849689S04147547WA0091601011
B1552321849656S04147531WA0091401009
B1552361849628S04147510WA0091301008
B1552401849598S04147490WA0091501011
B1552441849571S04147469WA0092501021
B1552481849546S04147457WA0094801043
B1552521849535S04147443WA0096801062
B1552561849552S04147431WA0097701075
B1553001849556S04147450WA0099301095
B1553041849535S04147452WA0100701112
B1553081849543S04147432WA0101701125
B1553121849557S04147445WA0103001140
B1553161849542S04147461WA0104601156
B1553201849525S04147454WA0106101171
B1553241849527S04147431WA0106801179
B1553281849543S04147426WA0108501194
B1553321849559S04147443WA0109001202
B1553361849554S04147462WA0110701218
B1553401849533S04147469WA0111701227
B1553441849521S04147455WA0113201243
B1553481849533S04147434WA0114101253
B1553521849555S04147438WA0115301267
B1553561849567S04147455WA0116901285
B1554001849557S04147470WA0118101296
B1554041849538S04147458WA0118901303
B1554081849537S04147437WA0120201314
B1554121849531S04147414WA0120901322
B1554161849523S04147393WA0121601329
B1554201849509S04147366WA0121801332
B1554241849499S04147341WA0122401337
B1554281849492S04147314WA0122801341
B1554321849482S04147286WA0123101344
B1554361849477S04147257WA0122601341
B1554401849471S04147227WA0122401338
B1554441849463S04147198WA0122201334
B1554481849457S04147168WA0121501326
B1554521849457S04147136WA0120901319
B1554561849452S04147106WA0120601314
B1555001849445S04147074WA0119401303
B1555041849434S04147043WA0118701296
B1555081849424S04147014WA0118101288
B1555121849412S04146979WA0117501284
B1555161849400S04146949WA0117801287
B1555201849390S04146918WA0118201290
B1555241849381S04146886WA0118401293
B1555281849372S04146855WA0118001288
B1555321849365S04146824WA0117501282
B1555361849361S04146794WA0117101274
B1555401849356S04146759WA0116101266
B1555441849354S04146726WA0116101262
B1555481849348S04146694WA0116901267
B1555521849342S04146665WA0117301267
B1555561849331S04146634WA0117201266
B1556001849322S04146601WA0117801274
B1556041849315S04146570WA0118401280
B1556081849307S04146538WA0118001277
B1556121849299S04146504WA0117401271
B1556161849285S04146472WA0116801266
B1556201849273S04146441WA0116801267
B1556241849269S04146412WA0116501264
B1556281849263S04146381WA0115801259
B1556321849258S04146352WA0115801255
B1556361849253S04146321WA0115201251
B1556401849246S04146290WA0114701246
B1556441849240S04146260WA0114701244
B1556481849237S04146230WA0114701245
B1556521849230S04146199WA0114801246
B1556561849226S04146169WA0115001246
B1557001849222S04146138WA0114301238
B1557041849217S04146102WA0113701233
B1557081849210S04146069WA0113301229
B1557121849201S04146034WA0112701223
B1557161849194S04146001WA0112801225
B1557201849187S04145969WA0112301219
B1557241849179S04145937WA0112101217
B1557281849172S04145907WA0111601213
B1557321849163S04145875WA0110701204
B1557361849147S04145850WA0110001197
B1557401849135S04145824WA0109501190
B1557441849126S04145796WA0108301177
B1557481849122S04145767WA0107701171
B1557521849120S04145738WA0108201176
B1557561849121S04145709WA0108801181
B1558001849120S04145677WA0109301186
B1558041849118S04145646WA0110701201
B1558081849117S04145620WA0112701222
B1558121849097S04145614WA0113601236
B1558161849103S04145629WA0115001252
B1558201849113S04145613WA0116901260
B1558241849100S04145613WA0118601272
B1558281849114S04145629WA0120201271
B1558321849129S04145616WA0122401267
B1558361849121S04145612WA0123701284
B1558401849117S04145624WA0125001287
B1558441849119S04145637WA0126801298
B1558481849120S04145634WA0127901320
B1558521849107S04145617WA0130501307
B1558561849089S04145633WA0132001334
B1559001849079S04145654WA0134201365
B1559041849099S04145669WA0135201407
B1559081849108S04145662WA0136701430
B1559121849094S04145672WA0137801441
B1559161849100S04145688WA0139401436
B1559201849112S04145690WA0140701435
B1559241849126S04145682WA0142301441
B1559281849138S04145661WA0142701456
B1559321849148S04145634WA0144101482
B1559361849158S04145601WA0145001505
B1559401849167S04145571WA0146301531
B1559441849171S04145538WA0147601553
B1559481849171S04145506WA0148101570
B1559521849159S04145480WA0148501580
B1559561849142S04145454WA0147601581
B1600001849125S04145425WA0146701571
B1600041849107S04145402WA0146301568
B1600081849087S04145378WA0144701552
B1600121849067S04145354WA0143601542
B1600161849049S04145331WA0142701534
B1600201849030S04145307WA0141801529
B1600241849013S04145284WA0141801528
B1600281848992S04145263WA0141001523
B1600321848970S04145244WA0140401521
B1600361848952S04145224WA0139901518
B1600401848934S04145206WA0139801516
B1600441848914S04145190WA0139001511
B1600481848894S04145171WA0138301506
B1600521848877S04145152WA0137501500
B1600561848856S04145135WA0136801492
B1601001848834S04145115WA0135401480
B1601041848809S04145098WA0134401470
B1601081848787S04145080WA0133301460
B1601121848764S04145059WA0132201449
B1601161848742S04145039WA0131501441
B1601201848719S04145019WA0130601432
B1601241848694S04145001WA0130001424
B1601281848671S04144983WA0129501418
B1601321848648S04144963WA0128801409
B1601361848625S04144942WA0127901399
B1601401848603S04144917WA0127101389
B1601441848582S04144893WA0126301381
B1601481848562S04144871WA0125701373
B1601521848543S04144849WA0124701362
B1601561848522S04144827WA0123601351
B1602001848502S04144804WA0122801341
B1602041848481S04144782WA0122101335
B1602081848463S04144761WA0121201325
B1602121848448S04144737WA0120001312
B1602161848436S04144711WA0118901302
B1602201848421S04144685WA0118401296
B1602241848405S04144658WA0117301285
B1602281848388S04144633WA0116801282
B1602321848375S04144611WA0116401278
B1602361848358S04144588WA0115501272
B1602401848343S04144568WA0115101268
B1602441848323S04144551WA0114101261
B1602481848303S04144533WA0113901259
B1602521848282S04144518WA0113801257
B1602561848261S04144503WA0114001257
B1603001848241S04144485WA0114201258
B1603041848219S04144469WA0114501262
B1603081848199S04144453WA0115001264
B1603121848176S04144434WA0114901263
B1603161848157S04144413WA0115601268
B1603201848142S04144389WA0115801273
B1603241848131S04144370WA0116501276
B1603281848113S04144348WA0115201265
B1603321848094S04144323WA0114701261
B1603361848078S04144297WA0113801253
B1603401848059S04144272WA0113001245
B1603441848041S04144249WA0112201235
B1603481848021S04144225WA0110701221
B1603521848002S04144198WA0109701210
B1603561847985S04144170WA0109001202
B1604001847965S04144146WA0108501195
B1604041847944S04144122WA0107701187
B1604081847918S04144099WA0106901178
B1604121847892S04144075WA0106801176
B1604161847871S04144054WA0107001177
B1604201847853S04144032WA0107301181
B1604241847834S04144009WA0107001179
B1604281847814S04143988WA0107001179
B1604321847795S04143967WA0107701186
B1604361847778S04143947WA0109201197
B1604401847765S04143932WA0111001214
B1604441847747S04143921WA0112301226
B1604481847727S04143918WA0112601228
B1604521847706S04143914WA0113101234
B1604561847686S04143903WA0113201236
B1605001847671S04143886WA0113401237
B1605041847651S04143867WA0112901234
B1605081847636S04143854WA0113901244
B1605121847619S04143836WA0113201241
B1605161847596S04143818WA0113301244
B1605201847580S04143798WA0113301243
B1605241847563S04143776WA0112901237
B1605281847545S04143755WA0112701234
B1605321847527S04143731WA0112601234
B1605361847508S04143708WA0112701237
B1605401847493S04143682WA0113001241
B1605441847481S04143656WA0112701239
B1605481847467S04143628WA0112101233
B1605521847453S04143600WA0111901230
B1605561847442S04143574WA0111401223
B1606001847432S04143547WA0109901206
B1606041847415S04143523WA0108601194
B1606081847395S04143508WA0107801183
B1606121847383S04143483WA0106901173
B1606161847368S04143459WA0106301167
B1606201847355S04143441WA0106401165
B1606241847339S04143420WA0105701160
B1606281847324S04143397WA0105601158
B1606321847311S04143375WA0105501157
B1606361847295S04143352WA0105401157
B1606401847277S04143331WA0105201155
B1606441847259S04143310WA0105601156
B1606481847242S04143287WA0105901161
B1606521847228S04143264WA0106501168
B1606561847216S04143244WA0107901182
B1607001847210S04143232WA0109201194
B1607041847199S04143217WA0109601201
B1607081847184S04143208WA0110301209
B1607121847165S04143217WA0110901219
B1607161847182S04143234WA0111201222
B1607201847201S04143231WA0112301226
B1607241847209S04143214WA0112901233
B1607281847216S04143196WA0114001245
B1607321847227S04143181WA0114901255
B1607361847234S04143164WA0115801260
B1607401847229S04143145WA0116601264
B1607441847218S04143131WA0118201281
B1607481847198S04143131WA0118901287
B1607521847193S04143148WA0119501291
B1607561847208S04143141WA0120901295
B1608001847219S04143131WA0122001300
B1608041847231S04143115WA0122501307
B1608081847249S04143100WA0123201315
B1608121847263S04143079WA0123901322
B1608161847273S04143053WA0124401326
B1608201847278S04143026WA0124201327
B1608241847287S04142991WA0123601331
B1608281847294S04142960WA0124201339
B1608321847302S04142929WA0123701341
B1608361847308S04142893WA0123101341
B1608401847317S04142859WA0123101343
B1608441847330S04142826WA0122701343
B1608481847336S04142791WA0122901344
B1608521847335S04142754WA0122401342
B1608561847338S04142718WA0122701344
B1609001847346S04142680WA0122801346
B1609041847362S04142647WA0123801350
B1609081847375S04142624WA0125001354
B1609121847394S04142596WA0124201355
B1609161847426S04142577WA0124101354
B1609201847456S04142556WA0123601353
B1609241847486S04142535WA0123001353
B1609281847516S04142517WA0122801354
B1609321847546S04142498WA0121901348
B1609361847576S04142479WA0121001344
B1609401847603S04142458WA0120501340
B1609441847633S04142435WA0119101325
B1609481847660S04142410WA0118201313
B1609521847686S04142385WA0116801294
B1609561847712S04142358WA0115701280
B1610001847738S04142331WA0114301263
B1610041847764S04142303WA0113301250
B1610081847784S04142274WA0112301236
B1610121847804S04142245WA0111201224
B1610161847823S04142215WA0110501214
B1610201847843S04142186WA0109601204
B1610241847863S04142157WA0108901194
B1610281847884S04142128WA0108201185
B1610321847904S04142097WA0107401176
B1610361847922S04142065WA0106801168
B1610401847939S04142033WA0106101161
B1610441847958S04142003WA0105001150
B1610481847977S04141972WA0104101141
B1610521847997S04141944WA0103101129
B1610561848018S04141913WA0101901115
B1611001848040S04141887WA0101201107
B1611041848062S04141862WA0100101099
B1611081848085S04141836WA0098801089
B1611121848112S04141811WA0098101082
B1611161848137S04141787WA0097401073
B1611201848160S04141759WA0096401065
B1611241848184S04141735WA0096301061
B1611281848204S04141709WA0095601055
B1611321848227S04141682WA0095001051
B1611361848248S04141657WA0094301042
B1611401848270S04141631WA0093701035
B1611441848292S04141608WA0093001027
B1611481848315S04141582WA0092201018
B1611521848336S04141556WA0091701010
B1611561848359S04141533WA0091001000
B1612001848382S04141509WA0090100987
B1612041848406S04141487WA0089500979
B1612081848430S04141465WA0088400968
B1612121848456S04141445WA0087400958
B1612161848484S04141426WA0086200945
B1612201848515S04141408WA0084900933
B1612241848542S04141387WA0084200923
B1612281848568S04141364WA0082900912
B1612321848589S04141337WA0082000901
B1612361848605S04141307WA0080800890
B1612401848619S04141275WA0079800878
B1612441848632S04141244WA0078800870
B1612481848646S04141215WA0077900861
B1612521848659S04141186WA0077000850
B1612561848672S04141157WA0076500845
B1613001848683S04141132WA0076500842
B1613041848693S04141102WA0076000841
B1613081848706S04141073WA0076100841
B1613121848717S04141040WA0075700840
B1613161848727S04141010WA0075900839
B1613201848740S04140980WA0075100835
B1613241848751S04140945WA0074900833
B1613281848763S04140912WA0074500831
B1613321848776S04140877WA0073900827
B1613361848786S04140844WA0073800823
B1613401848799S04140810WA0073200820
B1613441848812S04140775WA0072800815
B1613481848826S04140740WA0072400810
B1613521848839S04140706WA0072200805
B1613561848856S04140674WA0071700803
B1614001848876S04140647WA0071600802
B1614041848898S04140616WA0070000789
B1614081848918S04140586WA0068900779
B1614121848940S04140558WA0068000771
B1614161848962S04140532WA0067300763
B1614201848983S04140508WA0066500752
B1614241849002S04140483WA0065700741
B1614281849023S04140451WA0064700732
B1614321849044S04140419WA0064800731
B1614361849065S04140385WA0064600732
B1614401849086S04140354WA0064200727
B1614441849111S04140329WA0063600721
B1614481849135S04140303WA0063000715
B1614521849158S04140282WA0063000712
B1614561849187S04140263WA0062700710
B1615001849217S04140249WA0062100702
B1615041849249S04140233WA0061000689
B1615081849282S04140220WA0059800676
B1615121849316S04140208WA0059500670
B1615161849349S04140200WA0058900663
B1615201849381S04140197WA0058200656
B1615241849411S04140193WA0057200645
B1615281849446S04140195WA0055800632
B1615321849476S04140200WA0055400624
B1615361849510S04140207WA0053900609
B1615401849546S04140215WA0052600594
B1615441849582S04140225WA0051200580
B1615481849611S04140245WA0050800574
B1615521849628S04140273WA0050900574
B1615561849635S04140305WA0050500572
B1616001849641S04140336WA0050000568
B1616041849649S04140359WA0050900576
B1616081849668S04140373WA0051100579
B1616121849690S04140379WA0052000585
B1616161849712S04140383WA0052300585
B1616201849735S04140384WA0053300599
B1616241849753S04140387WA0053300599
B1616281849769S04140378WA0053400596
B1616321849776S04140361WA0053800598
B1616361849779S04140340WA0054200602
B1616401849780S04140317WA0054500608
B1616441849779S04140296WA0054800613
B1616481849776S04140276WA0054900615
B1616521849760S04140278WA0054000605
B1616561849749S04140288WA0054500606
B1617001849737S04140313WA0053800606
B1617041849728S04140332WA0054800619
B1617081849717S04140353WA0054900622
B1617121849707S04140372WA0055300626
B1617161849707S04140393WA0055900633
B1617201849728S04140391WA0056500636
B1617241849727S04140372WA0057400639
B1617281849712S04140381WA0058000637
B1617321849723S04140392WA0059000639
B1617361849741S04140375WA0059900636
B1617401849757S04140364WA0060300635
B1617441849776S04140347WA0060400641
B1617481849793S04140329WA0061000653
B1617521849810S04140312WA0061700664
B1617561849827S04140294WA0062300673
B1618001849843S04140278WA0063300685
B1618041849862S04140282WA0063500689
B1618081849848S04140294WA0063800700
B1618121849829S04140290WA0064800711
B1618161849811S04140280WA0065500721
B1618201849817S04140261WA0066100732
B1618241849838S04140270WA0066900739
B1618281849831S04140289WA0067500749
B1618321849807S04140289WA0067900757
B1618361849787S04140298WA0068400764
B1618401849763S04140314WA0068400770
B1618441849746S04140331WA0068900775
B1618481849727S04140349WA0068900777
B1618521849711S04140366WA0069500781
B1618561849706S04140384WA0070400786
B1619001849718S04140403WA0070500785
B1619041849733S04140396WA0071000785
B1619081849732S04140374WA0071300787
B1619121849717S04140363WA0070800785
B1619161849704S04140381WA0072000804
B1619201849695S04140400WA0072700811
B1619241849694S04140420WA0073700820
B1619281849712S04140425WA0074100832
B1619321849710S04140407WA0075000840
B1619361849687S04140410WA0075500843
B1619401849674S04140419WA0076800858
B1619441849674S04140437WA0077300861
B1619481849689S04140436WA0078000863
B1619521849689S04140418WA0078800864
B1619561849674S04140401WA0079300874
B1620001849660S04140411WA0080100884
B1620041849675S04140415WA0080900888
B1620081849681S04140398WA0082000880
B1620121849672S04140372WA0082600878
B1620161849652S04140372WA0083100868
B1620201849640S04140388WA0084300894
B1620241849633S04140408WA0085100912
B1620281849636S04140426WA0086200926
B1620321849649S04140432WA0086700936
B1620361849656S04140428WA0088300941
B1620401849641S04140432WA0089300945
B1620441849647S04140446WA0090300956
B1620481849666S04140443WA0091300961
B1620521849679S04140427WA0091900970
B1620561849669S04140411WA0093000975
B1621001849664S04140414WA0094100981
B1621041849669S04140408WA0094800986
B1621081849662S04140384WA0096200985
B1621121849649S04140373WA0097100997
B1621161849662S04140365WA0097801013
B1621201849675S04140355WA0099201026
B1621241849674S04140336WA0100201039
B1621281849668S04140332WA0100901040
B1621321849672S04140335WA0102201047
B1621361849685S04140338WA0103301056
B1621401849701S04140319WA0103901068
B1621441849693S04140306WA0105001077
B1621481849699S04140316WA0105501084
B1621521849710S04140311WA0106701093
B1621561849716S04140291WA0107501102
B1622001849701S04140282WA0108001125
B1622041849709S04140276WA0109601140
B1622081849724S04140272WA0110401157
B1622121849735S04140266WA0110901171
B1622161849730S04140269WA0111501174
B1622201849742S04140267WA0112501185
B1622241849762S04140256WA0113501198
B1622281849767S04140228WA0114601209
B1622351849735S04140214WA0114901242
B1622391849712S04140250WA0116001266
B1622431849702S04140277WA0117301294
B1622471849699S04140295WA0118301305
B1622511849697S04140318WA0118801307
B1622551849698S04140343WA0119401312
B1622591849707S04140364WA0120601322
B1623031849714S04140389WA0120701322
B1623071849723S04140413WA0121401329
B1623111849732S04140438WA0122301337
B1623151849744S04140457WA0123501347
B1623191849766S04140460WA0123601354
B1623231849792S04140449WA0124201361
B1623271849818S04140441WA0125201372
B1623311849838S04140428WA0126101380
B1623351849865S04140415WA0126001386
B1623391849883S04140406WA0127101394
B1623431849908S04140400WA0126701394
B1623471849933S04140389WA0126801397
B1623511849956S04140376WA0126801396
B1623551849984S04140362WA0125601392
B1623591850014S04140346WA0124601388
B1624031850047S04140333WA0123401382
B1624071850081S04140316WA0122501378
B1624111850110S04140298WA0122901377
B1624151850139S04140279WA0122701373
B1624191850171S04140255WA0121801368
B1624231850202S04140233WA0121901366
B1624271850230S04140211WA0121201360
B1624311850261S04140188WA0120501355
B1624351850289S04140170WA0120201351
B1624391850317S04140148WA0118901344
B1624431850349S04140126WA0117401336
B1624471850382S04140106WA0116001328
B1624511850416S04140090WA0114701317
B1624551850452S04140077WA0113301307
B1624591850487S04140065WA0111901295
B1625031850521S04140058WA0110401276
B1625071850550S04140044WA0109101254
B1625111850575S04140024WA0107901237
B1625151850599S04140005WA0106601222
B1625191850624S04139985WA0105401207
B1625231850647S04139964WA0104601192
B1625271850671S04139943WA0103501177
B1625311850692S04139925WA0103001166
B1625351850712S04139907WA0102201154
B1625391850727S04139883WA0101501142
B1625431850744S04139859WA0101001130
B1625471850762S04139836WA0100201119
B1625511850778S04139814WA0099701107
B1625551850796S04139794WA0098501094
B1625591850817S04139773WA0097501082
B1626031850838S04139754WA0096501071
B1626071850859S04139735WA0095701060
B1626111850883S04139715WA0094701049
B1626151850906S04139695WA0093401036
B1626191850926S04139674WA0092901028
B1626231850947S04139656WA0091801017
B1626271850969S04139636WA0091101008
B1626311850990S04139617WA0090200998
B1626351851016S04139597WA0089000987
B1626391851041S04139581WA0088400977
B1626431851066S04139562WA0087100964
B1626471851091S04139544WA0086400955
B1626511851115S04139525WA0085500946
B1626551851141S04139507WA0084500937
B1626591851167S04139490WA0083800929
B1627031851195S04139477WA0083100922
B1627071851226S04139475WA0082400915
B1627111851261S04139477WA0081400905
B1627151851296S04139479WA0080800898
B1627191851330S04139487WA0080000891
B1627231851364S04139491WA0079800887
B1627271851396S04139495WA0079100879
B1627311851429S04139496WA0078200869
B1627351851461S04139499WA0077400859
B1627391851491S04139499WA0077800863
B1627431851518S04139501WA0078300866
B1627471851549S04139496WA0078600869
B1627511851575S04139492WA0079900879
B1627551851601S04139491WA0081200893
B1627591851625S04139493WA0082400906
B1628031851653S04139501WA0083200914
B1628071851680S04139511WA0084700929
B1628111851683S04139535WA0085600940
B1628151851665S04139527WA0086800952
B1628191851681S04139508WA0088800975
B1628231851705S04139521WA0090000989
B1628271851692S04139539WA0090800998
B1628311851684S04139520WA0092901023
B1628351851707S04139509WA0094401040
B1628391851714S04139532WA0095601051
B1628431851699S04139524WA0097001067
B1628471851718S04139506WA0098801087
B1628511851738S04139521WA0100001098
B1628551851722S04139533WA0100701106
B1628591851718S04139515WA0102501125
B1629031851737S04139499WA0104001140
B1629071851756S04139514WA0104301144
B1629111851736S04139525WA0104501147
B1629151851728S04139511WA0106901169
B1629191851731S04139489WA0108001182
B1629231851754S04139483WA0108701189
B1629271851755S04139501WA0109201192
B1629311851738S04139496WA0110301204
B1629351851741S04139472WA0111201214
B1629391851750S04139447WA0111601217
B1629431851763S04139423WA0112001223
B1629471851773S04139397WA0112201225
B1629511851786S04139371WA0112501226
B1629551851798S04139342WA0111901220
B1629591851811S04139308WA0110801211
B1630031851827S04139278WA0111001211
B1630071851844S04139251WA0110901211
B1630111851861S04139221WA0110701209
B1630151851879S04139196WA0110901208
B1630191851897S04139167WA0110501204
B1630231851912S04139139WA0110401204
B1630271851926S04139111WA0110301201
B1630311851937S04139081WA0109501192
B1630351851951S04139051WA0108701185
B1630391851962S04139021WA0108101174
B1630431851973S04138990WA0107401166
B1630471851984S04138957WA0106501157
B1630511851995S04138925WA0107101157
B1630551852006S04138896WA0107501160
B1630591852016S04138867WA0107201159
B1631031852030S04138840WA0106801156
B1631071852044S04138813WA0106101152
B1631111852062S04138790WA0105601148
B1631151852081S04138768WA0104801137
B1631191852101S04138743WA0103601124
B1631231852119S04138720WA0103301119
B1631271852138S04138696WA0102701115
B1631311852157S04138671WA0102201110
B1631351852177S04138646WA0101601106
B1631391852198S04138622WA0100901101
B1631431852224S04138603WA0100201095
B1631471852252S04138585WA0099001084
B1631511852276S04138563WA0098101074
B1631551852298S04138538WA0097101063
B1631591852318S04138512WA0096301055
B1632031852338S04138485WA0095201042
B1632071852359S04138457WA0094201032
B1632111852378S04138431WA0093201023
B1632151852399S04138402WA0091801010
B1632191852419S04138374WA0090901002
B1632231852439S04138346WA0089800990
B1632271852458S04138318WA0088800978
B1632311852476S04138290WA0087800967
B1632351852496S04138263WA0087000957
B1632391852515S04138235WA0086200948
B1632431852534S04138211WA0085900943
B1632471852553S04138186WA0084900932
B1632511852572S04138160WA0084000922
B1632551852591S04138135WA0083300912
B1632591852611S04138111WA0082600904
B1633031852630S04138087WA0081900896
B1633071852651S04138064WA0080900887
B1633111852669S04138042WA0080100879
B1633151852687S04138020WA0079100869
B1633191852704S04137995WA0078200860
B1633231852716S04137966WA0077300852
B1633271852725S04137940WA0076700846
B1633311852739S04137913WA0075600835
B1633351852752S04137885WA0074700828
B1633391852765S04137857WA0073800819
B1633431852780S04137830WA0072500808
B1633471852795S04137800WA0071500797
B1633511852810S04137775WA0071100790
B1633551852827S04137749WA0069700775
B1633591852841S04137721WA0069000770
B1634031852858S04137697WA0068300758
B1634071852878S04137673WA0067300749
B1634111852900S04137649WA0066400740
B1634151852927S04137631WA0065600731
B1634191852954S04137615WA0064600719
B1634231852983S04137594WA0063900713
B1634271853013S04137575WA0063800714
B1634311853045S04137556WA0063700711
B1634351853076S04137537WA0063300708
B1634391853109S04137520WA0063200708
B1634431853141S04137506WA0063200707
B1634471853175S04137496WA0062800705
B1634511853205S04137486WA0063400708
B1634551853234S04137474WA0063500711
B1634591853252S04137461WA0065200721
B1635031853266S04137445WA0065300720
B1635071853274S04137423WA0065800725
B1635111853283S04137400WA0065600720
B1635151853283S04137379WA0066200722
B1635191853281S04137350WA0065700718
B1635231853278S04137320WA0066500724
B1635271853272S04137291WA0066800727
B1635311853268S04137262WA0067100734
B1635351853263S04137238WA0068500745
B1635391853261S04137213WA0068300745
B1635431853263S04137190WA0069200755
B1635471853263S04137165WA0068900755
B1635511853260S04137140WA0069400764
B1635551853258S04137117WA0069700766
B1635591853257S04137094WA0070300772
B1636031853260S04137069WA0070400774
B1636071853268S04137045WA0071100782
B1636111853275S04137025WA0071900790
B1636151853282S04137010WA0072900796
B1636191853290S04136988WA0073300803
B1636231853301S04136973WA0074500817
B1636271853307S04136956WA0075000820
B1636311853296S04136935WA0075300824
B1636351853292S04136914WA0076100833
B1636391853291S04136892WA0076900838
B1636431853299S04136875WA0077100841
B1636471853323S04136881WA0077200839
B1636511853332S04136904WA0076800841
B1636551853340S04136931WA0076700843
B1636591853338S04136957WA0077000845
B1637031853329S04136985WA0077000846
B1637071853318S04137010WA0077100847
B1637111853303S04137028WA0077600851
B1637151853283S04137039WA0078100855
B1637191853264S04137045WA0079100865
B1637231853250S04137037WA0079800875
B1637271853264S04137024WA0080100884
B1637311853282S04137041WA0080700890
B1637351853284S04137071WA0081400897
B1637391853279S04137096WA0082700909
B1637431853261S04137094WA0083100916
B1637471853277S04137082WA0084400932
B1637511853290S04137105WA0085400943
B1637551853274S04137121WA0086600952
B1637591853262S04137106WA0087300961
B1638031853282S04137097WA0088500976
B1638071853295S04137120WA0089600986
B1638111853280S04137133WA0090400994
B1638151853277S04137115WA0091501007
B1638191853298S04137112WA0092801021
B1638231853315S04137136WA0093601029
B1638271853309S04137159WA0094901041
B1638311853288S04137157WA0095501049
B1638351853297S04137136WA0096201061
B1638391853321S04137140WA0097501073
B1638431853335S04137167WA0098001079
B1638471853335S04137192WA0099501090
B1638511853311S04137198WA0099001088
B1638551853299S04137182WA0100501101
B1638591853280S04137160WA0100001102
B1639031853259S04137138WA0100701108
B1639071853236S04137117WA0101401114
B1639111853215S04137094WA0101801118
B1639151853192S04137079WA0102701126
B1639191853177S04137071WA0104201140
B1639231853160S04137066WA0105001148
B1639271853141S04137061WA0105501155
B1639311853123S04137076WA0106601163
B1639351853134S04137092WA0107501174
B1639391853151S04137084WA0108501179
B1639431853140S04137069WA0109701183
B1639471853122S04137077WA0110601190
B1639511853130S04137092WA0111301188
B1639551853151S04137090WA0112601197
B1639591853174S04137088WA0113501205
B1640031853201S04137091WA0113901205
B1640071853231S04137093WA0114501214
B1640111853263S04137094WA0115301226
B1640151853295S04137090WA0115501230
B1640191853328S04137087WA0116601243
B1640231853356S04137084WA0117601254
B1640271853382S04137082WA0118201262
B1640311853406S04137073WA0118901270
B1640351853425S04137057WA0119701280
B1640391853436S04137035WA0119901283
B1640431853441S04137009WA0120001286
B1640471853443S04136979WA0119701288
B1640511853442S04136950WA0120101294
B1640551853439S04136916WA0119501293
B1640591853435S04136881WA0119901298
B1641031853437S04136851WA0120301303
B1641071853453S04136823WA0120201300
B1641111853475S04136797WA0119801296
B1641151853501S04136775WA0119401293
B1641191853526S04136751WA0119201292
B1641231853554S04136731WA0118801287
B1641271853583S04136707WA0117901279
B1641311853606S04136681WA0117801277
B1641351853633S04136656WA0116901268
B1641391853656S04136627WA0116201260
B1641431853674S04136600WA0115401251
B1641471853693S04136572WA0114201238
B1641511853710S04136544WA0113201226
B1641551853725S04136513WA0112001215
B1641591853741S04136484WA0111201206
B1642031853759S04136455WA0109901192
B1642071853779S04136428WA0109001177
B1642111853793S04136395WA0107801163
B1642151853807S04136363WA0106901151
B1642191853824S04136331WA0105701141
B1642231853844S04136303WA0104801135
B1642271853871S04136279WA0104001127
B1642311853895S04136252WA0103301123
B1642351853915S04136226WA0102901119
B1642391853940S04136202WA0102101111
B1642431853966S04136179WA0101601107
B1642471853991S04136154WA0100901101
B1642511854015S04136133WA0101001102
B1642551854040S04136112WA0100101093
B1642591854068S04136090WA0099601087
B1643031854096S04136070WA0099101082
B1643071854124S04136052WA0098401074
B1643111854154S04136036WA0097801067
B1643151854180S04136018WA0096901059
B1643191854207S04135999WA0096301052
B1643231854230S04135978WA0095701045
B1643271854250S04135953WA0094801036
B1643311854269S04135928WA0093801026
B1643351854289S04135903WA0092901016
B1643391854309S04135879WA0091801004
B1643431854328S04135855WA0090500991
B1643471854340S04135828WA0089300978
B1643511854353S04135802WA0088300966
B1643551854369S04135776WA0087100955
B1643591854388S04135756WA0086600947
B1644031854409S04135734WA0085300936
B1644071854427S04135713WA0085000931
B1644111854445S04135690WA0083800920
B1644151854465S04135668WA0083100910
B1644191854483S04135643WA0082100899
B1644231854501S04135619WA0081600894
B1644271854518S04135594WA0080900887
B1644311854536S04135566WA0080500883
B1644351854559S04135551WA0080700884
B1644391854588S04135537WA0079700877
B1644431854618S04135524WA0079400875
B1644471854648S04135515WA0079200872
B1644511854678S04135508WA0079200871
B1644551854704S04135505WA0078700864
B1644591854735S04135500WA0077400851
B1645031854766S04135497WA0076400839
B1645071854801S04135496WA0075700831
B1645111854835S04135494WA0075600832
B1645151854865S04135500WA0076300838
B1645191854893S04135506WA0076700842
B1645231854913S04135515WA0077500847
B1645271854937S04135523WA0077200846
B1645311854956S04135532WA0078200855
B1645351854979S04135538WA0078600860
B1645391854998S04135539WA0079400866
B1645431855026S04135541WA0079200864
B1645471855047S04135547WA0079900870
B1645511855072S04135548WA0079900870
B1645551855096S04135551WA0080100873
B1645591855124S04135551WA0080900883
B1646031855146S04135553WA0082400900
B1646071855174S04135550WA0083200909
B1646111855192S04135567WA0084100921
B1646151855180S04135585WA0084800929
B1646191855170S04135569WA0085600938
B1646231855177S04135549WA0087100953
B1646271855194S04135535WA0087600960
B1646311855216S04135525WA0088300966
B1646351855237S04135511WA0088500967
B1646391855260S04135500WA0089200974
B1646431855285S04135491WA0089900980
B1646471855312S04135491WA0090300983
B1646511855334S04135508WA0090500985
B1646551855357S04135528WA0090400987
B1646591855381S04135547WA0091100993
B1647031855406S04135565WA0091901002
B1647071855417S04135581WA0093301014
B1647111855401S04135599WA0093001014
B1647151855391S04135583WA0093701022
B1647191855406S04135568WA0094801034
B1647231855428S04135559WA0095201038
B1647271855449S04135550WA0096001045
B1647311855474S04135539WA0095501041
B1647351855501S04135525WA0095801044
B1647391855530S04135512WA0095901044
B1647431855560S04135504WA0096301048
B1647471855590S04135498WA0096401049
B1647511855619S04135491WA0097001055
B1647551855646S04135486WA0098801074
B1647591855653S04135507WA0100101089
B1648031855634S04135514WA0100801098
B1648071855631S04135495WA0102201116
B1648111855653S04135486WA0103301127
B1648151855671S04135504WA0104501139
B1648191855655S04135516WA0105701150
B1648231855649S04135497WA0107001167
B1648271855674S04135497WA0108101178
B1648311855675S04135520WA0109401190
B1648351855655S04135525WA0110901207
B1648391855649S04135507WA0111901219
B1648431855670S04135497WA0113001231
B1648471855677S04135520WA0114201243
B1648511855658S04135524WA0115701258
B1648551855655S04135508WA0116801270
B1648591855667S04135485WA0117801280
B1649031855690S04135481WA0118801291
B1649071855691S04135504WA0120101303
B1649111855673S04135502WA0121401316
B1649151855671S04135479WA0122601330
B1649191855693S04135473WA0123501341
B1649231855695S04135496WA0124501351
B1649271855675S04135498WA0125801365
B1649311855670S04135476WA0126901377
B1649351855692S04135468WA0127901388
B1649391855702S04135487WA0128801395
B1649431855692S04135507WA0129901406
B1649471855676S04135521WA0131101419
B1649511855662S04135507WA0131601425
B1649551855669S04135487WA0133301443
B1649591855692S04135483WA0134301455
B1650031855697S04135504WA0135101464
B1650071855680S04135508WA0136801481
B1650111855666S04135492WA0137901491
B1650151855679S04135474WA0138801501
B1650191855701S04135481WA0140101513
B1650231855698S04135505WA0140901522
B1650271855679S04135510WA0142501537
B1650311855666S04135494WA0143301547
B1650351855682S04135479WA0144201558
B1650391855696S04135497WA0145001567
B1650431855680S04135512WA0146501582
B1650471855662S04135499WA0147401593
B1650511855677S04135483WA0148101601
B1650551855694S04135498WA0149001608
B1650591855685S04135522WA0150001618
B1651031855669S04135530WA0151301630
B1651071855662S04135508WA0151401633
B1651111855680S04135492WA0152301643
B1651151855701S04135479WA0153001649
B1651191855726S04135474WA0154101658
B1651231855751S04135466WA0154401661
B1651271855775S04135454WA0155201670
B1651311855805S04135445WA0154801667
B1651351855835S04135435WA0155301673
B1651391855862S04135424WA0155101670
B1651431855894S04135415WA0154301662
B1651471855927S04135406WA0154901666
B1651511855964S04135395WA0154901666
B1651551856000S04135383WA0155301669
B1651591856035S04135373WA0156201679
B1652031856067S04135366WA0157101687
B1652071856098S04135354WA0157701693
B1652111856127S04135343WA0158401698
B1652151856156S04135329WA0158101697
B1652191856182S04135305WA0157501692
B1652231856208S04135279WA0156801687
B1652271856234S04135252WA0156301682
B1652311856257S04135227WA0155801677
B1652351856278S04135199WA0155201672
B1652391856297S04135171WA0154601665
B1652431856317S04135143WA0154001659
B1652471856338S04135111WA0152701648
B1652511856360S04135079WA0151901639
B1652551856382S04135050WA0150901627
B1652591856401S04135022WA0150001617
B1653031856413S04134991WA0148801604
B1653071856427S04134961WA0147801593
B1653111856444S04134932WA0146701582
B1653151856460S04134901WA0145501570
B1653191856475S04134874WA0145101564
B1653231856490S04134845WA0144301555
B1653271856504S04134816WA0143601546
B1653311856517S04134786WA0142601536
B1653351856530S04134756WA0142101530
B1653391856541S04134727WA0141601524
B1653431856552S04134695WA0140701516
B1653471856565S04134665WA0140301511
B1653511856582S04134636WA0139601504
B1653551856600S04134609WA0139001498
B1653591856619S04134579WA0138201492
B1654031856636S04134554WA0138101489
B1654071856647S04134528WA0137501483
B1654111856653S04134497WA0136801476
B1654151856664S04134468WA0136201471
B1654191856679S04134444WA0136201469
B1654231856694S04134417WA0135801466
B1654271856712S04134394WA0136301470
B1654311856728S04134371WA0136501471
B1654351856743S04134347WA0136201468
B1654391856759S04134321WA0135801464
B1654431856779S04134298WA0135801464
B1654471856801S04134278WA0136401468
B1654511856824S04134259WA0136701472
B1654551856851S04134241WA0137101476
B1654591856875S04134228WA0138401488
B1655031856895S04134218WA0139001494
B1655071856914S04134208WA0139301496
B1655111856926S04134193WA0139601499
B1655151856934S04134173WA0139701501
B1655191856939S04134155WA0140201505
B1655231856924S04134143WA0139801504
B1655271856900S04134153WA0140301508
B1655311856875S04134171WA0140601514
B1655351856853S04134185WA0141701523
B1655391856827S04134196WA0141101520
B1655431856798S04134203WA0141801527
B1655471856771S04134211WA0142001529
B1655511856744S04134217WA0142601535
B1655551856715S04134225WA0142301534
B1655591856686S04134232WA0143101541
B1656031856661S04134242WA0142701536
B1656071856629S04134258WA0141601529
B1656111856599S04134272WA0142401535
B1656151856570S04134288WA0142501536
B1656191856538S04134309WA0143201546
B1656231856513S04134323WA0144601554
B1656271856489S04134332WA0145001558
B1656311856467S04134339WA0145301560
B1656351856438S04134347WA0144201551
B1656391856405S04134360WA0143301543
B1656431856374S04134371WA0142201530
B1656471856340S04134385WA0140301513
B1656511856304S04134394WA0139201501
B1656551856273S04134406WA0138001490
B1656591856238S04134418WA0136701477
B1657031856203S04134430WA0135801467
B1657071856172S04134438WA0135001458
B1657111856139S04134442WA0134301449
B1657151856108S04134446WA0133401439
B1657191856078S04134444WA0132601431
B1657231856046S04134442WA0131401420
B1657271856016S04134439WA0130601412
B1657311855986S04134435WA0129701403
B1657351855953S04134437WA0128801395
B1657391855924S04134438WA0128301388
B1657431855894S04134436WA0127901383
B1657471855865S04134431WA0127501379
B1657511855836S04134429WA0127501377
B1657551855807S04134427WA0127201374
B1657591855777S04134424WA0126801370
B1658031855743S04134424WA0126301367
B1658071855713S04134424WA0126501367
B1658111855682S04134424WA0126301365
B1658151855647S04134423WA0125601359
B1658191855615S04134426WA0125601358
B1658231855585S04134426WA0124801351
B1658271855553S04134428WA0123501340
B1658311855520S04134428WA0122801332
B1658351855487S04134430WA0122201326
B1658391855454S04134434WA0121701321
B1658431855421S04134439WA0121401317
B1658471855390S04134446WA0120901311
B1658511855359S04134454WA0120001300
B1658551855328S04134464WA0119601297
B1658591855306S04134468WA0120701304
B1659031855284S04134473WA0121101310
B1659071855259S04134476WA0121701316
B1659111855231S04134480WA0122001322
B1659151855206S04134481WA0122101322
B1659191855176S04134487WA0121001313
B1659231855145S04134492WA0120101305
B1659271855112S04134497WA0119601300
B1659311855078S04134504WA0118901293
B1659351855044S04134510WA0119101293
B1659391855016S04134513WA0119301294
B1659431854984S04134515WA0118301285
B1659471854952S04134519WA0117601277
B1659511854922S04134518WA0117001270
B1659551854890S04134521WA0116101261
B1659591854859S04134526WA0115601254
B1700031854829S04134531WA0114501243
B1700071854798S04134538WA0113501231
B1700111854768S04134544WA0112301218
B1700151854739S04134549WA0111101205
B1700191854709S04134555WA0109501190
B1700231854680S04134566WA0108301177
B1700271854651S04134580WA0106901163
B1700311854623S04134591WA0106301154
B1700351854595S04134599WA0104901141
B1700391854565S04134602WA0104101132
B1700431854535S04134607WA0103201122
B1700471854507S04134612WA0102601116
B1700511854477S04134617WA0101501105
B1700551854451S04134622WA0101101099
B1700591854424S04134629WA0100401094
B1701031854395S04134639WA0100401094
B1701071854369S04134651WA0101101100
B1701111854344S04134660WA0102001109
B1701151854322S04134664WA0103701124
B1701191854306S04134665WA0104401133
B1701231854297S04134654WA0105201141
B1701271854315S04134637WA0105501147
B1701311854333S04134661WA0104501138
B1701351854322S04134686WA0104901143
B1701391854305S04134700WA0106001153
B1701431854290S04134712WA0107001163
B1701471854269S04134717WA0107401170
B1701511854262S04134702WA0108301179
B1701551854286S04134699WA0109101186
B1701591854291S04134723WA0110101194
B1702031854275S04134736WA0110701202
B1702071854258S04134745WA0111501210
B1702111854238S04134755WA0112101215
B1702151854214S04134753WA0112101216
B1702191854189S04134748WA0113101225
B1702231854171S04134746WA0113801229
B1702271854150S04134740WA0113201225
B1702311854123S04134733WA0112601219
B1702351854097S04134725WA0112701220
B1702391854074S04134716WA0113101222
B1702431854052S04134704WA0113301223
B1702471854026S04134693WA0113901229
B1702511854006S04134682WA0115201241
B1702551853989S04134676WA0115801247
B1702591853969S04134672WA0116201252
B1703031853950S04134666WA0116401254
B1703071853929S04134654WA0117101260
B1703111853911S04134638WA0118101270
B1703151853888S04134633WA0119001280
B1703191853876S04134653WA0119701286
B1703231853889S04134665WA0120701296
B1703271853900S04134649WA0121301299
B1703311853888S04134631WA0122101306
B1703351853866S04134627WA0122901314
B1703391853839S04134636WA0123601329
B1703431853822S04134651WA0124801342
B1703471853839S04134667WA0125301345
B1703511853847S04134651WA0126901352
B1703551853829S04134640WA0127501356
B1703591853817S04134660WA0128401369
B1704031853834S04134675WA0129401384
B1704071853847S04134658WA0130301393
B1704111853832S04134647WA0131201406
B1704151853811S04134662WA0132601420
B1704191853821S04134683WA0132901424
B1704231853836S04134677WA0134201422
B1704271853833S04134659WA0135101426
B1704311853814S04134636WA0135401435
B1704351853796S04134613WA0136401447
B1704391853779S04134594WA0136601452
B1704431853758S04134575WA0136701456
B1704471853738S04134558WA0137201464
B1704511853721S04134544WA0138101473
B1704551853700S04134535WA0138701486
B1704591853679S04134526WA0139101495
B1705031853658S04134521WA0139201500
B1705071853628S04134521WA0138501502
B1705111853601S04134520WA0138301498
B1705151853575S04134525WA0137801498
B1705191853547S04134529WA0137501496
B1705231853520S04134536WA0137001492
B1705271853495S04134535WA0136301487
B1705311853466S04134532WA0135301480
B1705351853438S04134534WA0134601474
B1705391853410S04134537WA0133401465
B1705431853379S04134536WA0132701459
B1705471853351S04134537WA0132701455
B1705511853319S04134538WA0131201444
B1705551853284S04134540WA0130401435
B1705591853254S04134542WA0129501426
B1706031853221S04134543WA0128801418
B1706071853189S04134543WA0128101410
B1706111853156S04134545WA0127801403
B1706151853126S04134543WA0127101393
B1706191853091S04134544WA0125701378
B1706231853060S04134544WA0125001367
B1706271853028S04134547WA0124001354
B1706311852996S04134546WA0122901341
B1706351852966S04134545WA0122501334
B1706391852934S04134544WA0121401324
B1706431852904S04134544WA0121001317
B1706471852874S04134546WA0119801303
B1706511852838S04134550WA0118601290
B1706551852803S04134554WA0118101285
B1706591852766S04134557WA0117801281
B1707031852733S04134562WA0117601278
B1707071852702S04134561WA0117001272
B1707111852669S04134561WA0116001259
B1707151852638S04134563WA0115301250
B1707191852606S04134563WA0114001237
B1707231852575S04134560WA0113201228
B1707271852544S04134560WA0112201219
B1707311852510S04134566WA0111201209
B1707351852478S04134574WA0110801203
B1707391852446S04134582WA0110401198
B1707431852416S04134590WA0110001192
B1707471852384S04134591WA0109001182
B1707511852352S04134591WA0108201172
B1707551852320S04134592WA0107301163
B1707591852289S04134589WA0106701156
B1708031852257S04134589WA0105601146
B1708071852226S04134588WA0104901137
B1708111852197S04134586WA0104001127
B1708151852166S04134583WA0102801116
B1708191852136S04134585WA0102401111
B1708231852106S04134588WA0101701104
B1708271852076S04134596WA0100901096
B1708311852047S04134602WA0100001088
B1708351852018S04134610WA0099301082
B1708391851988S04134620WA0098701076
B1708431851958S04134631WA0098501072
B1708471851930S04134646WA0098001066
B1708511851902S04134664WA0097901066
B1708551851877S04134680WA0098401068
B1708591851857S04134689WA0099401076
B1709031851843S04134689WA0099301076
B1709071851844S04134671WA0099101075
B1709111851850S04134653WA0099501078
B1709151851855S04134633WA0099801081
B1709191851857S04134615WA0100601090
B1709231851867S04134596WA0100101085
B1709271851879S04134581WA0100501088
B1709311851894S04134564WA0100501088
B1709351851909S04134550WA0101401096
B1709391851931S04134547WA0101901102
B1709431851937S04134570WA0102501108
B1709471851921S04134574WA0103101114
B1709511851919S04134554WA0103601122
B1709551851934S04134541WA0104601131
B1709591851959S04134539WA0105301140
B1710031851970S04134558WA0106301149
B1710071851952S04134562WA0107301160
B1710111851949S04134544WA0108401174
B1710151851972S04134534WA0109301184
B1710191851988S04134553WA0110501196
B1710231851973S04134569WA0111301205
B1710271851962S04134554WA0112301217
B1710311851979S04134542WA0113301227
B1710351851998S04134559WA0114201236
B1710391851984S04134573WA0115301249
B1710431851979S04134553WA0116201259
B1710471851998S04134544WA0117501272
B1710511852023S04134551WA0118301280
B1710551852030S04134576WA0118801287
B1710591852015S04134583WA0120301300
B1711031852004S04134567WA0120701306
B1711071852023S04134554WA0121401316
B1711111852045S04134566WA0122701327
B1711151852056S04134590WA0123301334
B1711191852043S04134602WA0124201342
B1711231852027S04134590WA0124701347
B1711271852017S04134574WA0125401356
B1711311852035S04134558WA0125501359
B1711351852057S04134571WA0126701367
B1711391852066S04134597WA0127101370
B1711431852060S04134620WA0128001378
B1711471852045S04134625WA0128701384
B1711511852023S04134624WA0128901388
B1711551851999S04134624WA0129101389
B1711591851972S04134616WA0129101391
B1712031851946S04134609WA0129401394
B1712071851918S04134606WA0129001392
B1712111851885S04134608WA0128201386
B1712151851854S04134607WA0128301386
B1712191851824S04134605WA0127801382
B1712231851793S04134605WA0127301376
B1712271851760S04134603WA0126401367
B1712311851728S04134599WA0126001363
B1712351851699S04134600WA0125501357
B1712391851667S04134603WA0124501348
B1712431851637S04134602WA0124001342
B1712471851608S04134601WA0123401335
B1712511851577S04134598WA0122901329
B1712551851546S04134596WA0122401322
B1712591851516S04134594WA0122001317
B1713031851488S04134593WA0121501310
B1713071851458S04134595WA0120801303
B1713111851428S04134598WA0120301298
B1713151851399S04134602WA0119801292
B1713191851370S04134605WA0119101285
B1713231851341S04134604WA0118401278
B1713271851311S04134603WA0117301267
B1713311851280S04134604WA0116701260
B1713351851248S04134602WA0115701251
B1713391851215S04134603WA0114901243
B1713431851186S04134604WA0114401235
B1713471851154S04134602WA0113201222
B1713511851123S04134599WA0112501216
B1713551851096S04134595WA0111801207
B1713591851063S04134593WA0110501195
B1714031851035S04134595WA0110501194
B1714071851005S04134594WA0109601186
B1714111850976S04134593WA0109301184
B1714151850947S04134591WA0108701179
B1714191850919S04134589WA0108601177
B1714231850891S04134585WA0108301174
B1714271850862S04134580WA0108101172
B1714311850833S04134577WA0107901170
B1714351850805S04134572WA0107701168
B1714391850776S04134567WA0107301164
B1714431850748S04134564WA0106701158
B1714471850718S04134563WA0105901149
B1714511850690S04134559WA0105401144
B1714551850661S04134549WA0105001140
B1714591850634S04134538WA0104601134
B1715031850600S04134532WA0103601125
B1715071850568S04134530WA0103401121
B1715111850536S04134528WA0102801115
B1715151850504S04134528WA0102201110
B1715191850471S04134526WA0101901105
B1715231850439S04134525WA0101201098
B1715271850405S04134528WA0100601090
B1715311850373S04134538WA0100001084
B1715351850341S04134547WA0099601079
B1715391850311S04134557WA0099201075
B1715431850282S04134567WA0098501067
B1715471850251S04134577WA0097901062
B1715511850221S04134584WA0097701058
B1715551850190S04134586WA0097101052
B1715591850160S04134584WA0096601047
B1716031850131S04134581WA0096101042
B1716071850100S04134578WA0095101033
B1716111850069S04134577WA0094401025
B1716151850037S04134576WA0093501017
B1716191850006S04134574WA0092901010
B1716231849976S04134569WA0092201003
B1716271849947S04134559WA0091600997
B1716311849918S04134546WA0091000990
B1716351849891S04134528WA0090300984
B1716391849864S04134511WA0089800977
B1716431849837S04134494WA0089200971
B1716471849810S04134479WA0088400963
B1716511849781S04134470WA0088000958
B1716551849750S04134467WA0087500953
B1716591849720S04134465WA0086700946
B1717031849688S04134465WA0086000938
B1717071849657S04134463WA0085300931
B1717111849625S04134458WA0084500923
B1717151849594S04134456WA0083900917
B1717191849563S04134454WA0083400911
B1717231849533S04134448WA0082800906
B1717271849503S04134440WA0082300899
B1717311849473S04134429WA0081600892
B1717351849445S04134413WA0081100885
B1717391849415S04134398WA0080400878
B1717431849385S04134385WA0079700870
B1717471849353S04134377WA0079200864
B1717511849321S04134375WA0078600857
B1717551849288S04134375WA0077800849
B1717591849254S04134375WA0077000842
B1718031849221S04134375WA0076300835
B1718071849189S04134374WA0075600827
B1718111849156S04134374WA0074800820
B1718151849124S04134373WA0074300813
B1718191849092S04134370WA0073500805
B1718231849059S04134366WA0072800798
B1718271849026S04134364WA0072300792
B1718311848992S04134365WA0071600785
B1718351848958S04134368WA0071000778
B1718391848924S04134370WA0070400772
B1718431848890S04134372WA0069800765
B1718471848856S04134372WA0069200759
B1718511848824S04134372WA0068700754
B1718551848791S04134372WA0067900746
B1718591848759S04134370WA0067300742
B1719031848728S04134369WA0066500733
B1719071848696S04134368WA0065800725
B1719111848662S04134367WA0064800716
B1719151848629S04134368WA0064400710
B1719191848593S04134368WA0063600703
B1719231848558S04134366WA0063300701
B1719271848525S04134364WA0063000697
B1719311848492S04134360WA0062500690
B1719351848459S04134356WA0062000684
B1719391848428S04134350WA0061700682
B1719431848401S04134344WA0061700681
B1719471848373S04134337WA0061400678
B1719511848344S04134323WA0060900676
B1719551848315S04134316WA0061500680
B1719591848288S04134316WA0062300687
B1720031848263S04134316WA0063000694
B1720071848245S04134310WA0064000704
B1720111848254S04134290WA0064500711
B1720151848270S04134305WA0065800725
B1720191848258S04134329WA0066300729
B1720231848235S04134333WA0067200737
B1720271848214S04134327WA0067900745
B1720311848192S04134322WA0068500751
B1720351848170S04134314WA0069500760
B1720391848148S04134309WA0070000763
B1720431848127S04134303WA0070800772
B1720471848103S04134302WA0071400778
B1720511848078S04134305WA0072400787
B1720551848053S04134301WA0072900794
B1720591848026S04134297WA0073900803
B1721031848007S04134286WA0074800814
B1721071848015S04134265WA0074900818
B1721111848031S04134269WA0076000829
B1721151848036S04134291WA0076400835
B1721191848017S04134307WA0077200843
B1721231847992S04134312WA0077900851
B1721271847967S04134315WA0078600861
B1721311847953S04134294WA0078900864
B1721351847966S04134283WA0079800873
B1721391847984S04134287WA0080400878
B1721431847986S04134308WA0081100884
B1721471847965S04134319WA0081700892
B1721511847950S04134303WA0082600901
B1721551847961S04134289WA0082900905
B1721591847976S04134301WA0083300908
B1722031847981S04134322WA0083600909
B1722071847974S04134348WA0084100914
B1722111847958S04134369WA0085200924
B1722151847933S04134365WA0086300937
B1722191847943S04134349WA0086900944
B1722231847945S04134370WA0087900954
B1722271847928S04134390WA0089100967
B1722311847903S04134392WA0090400981
B1722351847897S04134370WA0091500993
B1722391847913S04134376WA0092401004
B1722431847898S04134396WA0093801018
B1722471847874S04134389WA0095101034
B1722511847879S04134371WA0095901040
B1722551847890S04134386WA0096601049
B1722591847873S04134408WA0097801060
B1723031847848S04134417WA0099101074
B1723071847831S04134399WA0100001085
B1723111847843S04134391WA0100601092
B1723151847842S04134413WA0101701102
B1723191847817S04134429WA0102501110
B1723231847789S04134430WA0103501118
B1723271847766S04134428WA0103001117
B1723311847735S04134420WA0101801108
B1723351847704S04134415WA0102001110
B1723391847676S04134411WA0102301113
B1723431847646S04134406WA0102201113
B1723471847617S04134399WA0102401114
B1723511847587S04134396WA0102701118
B1723551847558S04134393WA0103101123
B1723591847537S04134388WA0104001129
B1724031847514S04134382WA0104001128
B1724071847487S04134379WA0104401134
B1724111847460S04134376WA0104901139
B1724151847437S04134371WA0106001149
B1724191847412S04134361WA0106001152
B1724231847388S04134347WA0106301154
B1724271847369S04134329WA0106501156
B1724311847348S04134308WA0106301155
B1724351847327S04134291WA0106801160
B1724391847304S04134277WA0106801160
B1724431847282S04134256WA0107401167
B1724471847262S04134235WA0108201176
B1724511847247S04134216WA0110501198
B1724551847240S04134203WA0111701209
B1724591847220S04134184WA0111201210
B1725031847199S04134164WA0112201216
B1725071847180S04134145WA0112301217
B1725111847159S04134127WA0112901223
B1725151847142S04134107WA0114401236
B1725191847133S04134095WA0116601258
B1725231847121S04134078WA0116901268
B1725271847115S04134060WA0118201282
B1725311847100S04134032WA0117801281
B1725351847082S04134005WA0118801291
B1725391847063S04133979WA0120001302
B1725431847045S04133954WA0121301316
B1725471847028S04133928WA0121901322
B1725511847008S04133903WA0122801331
B1725551846990S04133878WA0123601338
B1725591846972S04133851WA0124501348
B1726031846955S04133823WA0125201355
B1726071846937S04133794WA0125901362
B1726111846919S04133765WA0126901372
B1726151846899S04133739WA0127701380
B1726191846880S04133710WA0128401388
B1726231846863S04133688WA0129401396
B1726271846843S04133663WA0129401398
B1726311846824S04133637WA0129401397
B1726351846806S04133609WA0129301397
B1726391846787S04133583WA0128901394
B1726431846768S04133557WA0128301386
B1726471846748S04133530WA0127701380
B1726511846732S04133506WA0127801379
B1726551846715S04133478WA0127101374
B1726591846698S04133454WA0127101374
B1727031846682S04133428WA0126401367
B1727071846663S04133402WA0125801362
B1727111846645S04133378WA0125301357
B1727151846630S04133354WA0125001354
B1727191846615S04133329WA0125101353
B1727231846597S04133299WA0124501351
B1727271846583S04133274WA0125501359
B1727311846568S04133246WA0125501359
B1727351846552S04133217WA0126201366
B1727391846539S04133190WA0126901373
B1727431846527S04133166WA0126801371
B1727471846512S04133143WA0126001365
B1727511846495S04133121WA0125901364
B1727551846477S04133099WA0125701361
B1727591846460S04133076WA0125101354
B1728031846440S04133050WA0123801341
B1728071846420S04133021WA0122801333
B1728111846403S04132993WA0122601331
B1728151846386S04132966WA0122201326
B1728191846368S04132942WA0121901322
B1728231846348S04132916WA0121401319
B1728271846330S04132888WA0121301316
B1728311846314S04132860WA0121101315
B1728351846298S04132835WA0120901312
B1728391846279S04132809WA0120301306
B1728431846260S04132783WA0120001303
B1728471846241S04132757WA0120001302
B1728511846222S04132733WA0120101303
B1728551846202S04132709WA0120001302
B1728591846184S04132685WA0120201302
B1729031846168S04132667WA0121201312
B1729071846157S04132647WA0121401313
B1729111846140S04132620WA0120201303
B1729151846123S04132594WA0120701307
B1729191846106S04132569WA0120601306
B1729231846086S04132543WA0120601306
B1729271846069S04132519WA0121101309
B1729311846054S04132491WA0121001308
B1729351846041S04132465WA0121901316
B1729391846031S04132444WA0122601323
B1729431846021S04132418WA0123001329
B1729471846007S04132394WA0123501335
B1729511845991S04132370WA0123101333
B1729551845974S04132349WA0123101331
B1729591845958S04132324WA0122701326
B1730031845941S04132298WA0122601325
B1730071845922S04132271WA0122101321
B1730111845906S04132242WA0122301322
B1730151845890S04132219WA0122201318
B1730191845870S04132189WA0121101311
B1730231845854S04132163WA0121901317
B1730271845836S04132135WA0121501316
B1730311845819S04132106WA0122101322
B1730351845804S04132082WA0122501325
B1730391845786S04132055WA0122201325
B1730431845772S04132033WA0123901338
B1730471845757S04132010WA0123301334
B1730511845738S04131985WA0122801330
B1730551845725S04131963WA0123001331
B1730591845714S04131933WA0122101323
B1731031845702S04131906WA0122301324
B1731071845685S04131881WA0122001320
B1731111845672S04131853WA0122501327
B1731151845662S04131828WA0122801331
B1731191845646S04131801WA0122601330
B1731231845634S04131780WA0123401336
B1731271845617S04131757WA0122701331
B1731311845602S04131736WA0122701328
B1731351845586S04131712WA0121601317
B1731391845571S04131689WA0121401315
B1731431845559S04131668WA0120801308
B1731471845541S04131642WA0119601297
B1731511845523S04131618WA0119201292
B1731551845504S04131595WA0118801288
B1731591845489S04131571WA0118901289
B1732031845477S04131546WA0119301292
B1732071845460S04131519WA0118901289
B1732111845442S04131496WA0119501294
B1732151845426S04131473WA0118501285
B1732191845410S04131445WA0117701277
B1732231845394S04131418WA0117001269
B1732271845376S04131391WA0116301260
B1732311845356S04131366WA0115901257
B1732351845340S04131344WA0115501251
B1732391845322S04131319WA0114801244
B1732431845308S04131293WA0114401239
B1732471845295S04131266WA0113501231
B1732511845279S04131240WA0113001225
B1732551845263S04131214WA0112201218
B1732591845249S04131191WA0111401209
B1733031845233S04131168WA0110201197
B1733071845219S04131146WA0109601190
B1733111845204S04131123WA0108701181
B1733151845187S04131101WA0108001174
B1733191845174S04131078WA0107401167
B1733231845161S04131054WA0106601160
B1733271845148S04131030WA0105901152
B1733311845132S04131007WA0105401145
B1733351845118S04130983WA0104901140
B1733391845103S04130958WA0103701130
B1733431845091S04130933WA0103801128
B1733471845079S04130909WA0102601117
B1733511845064S04130883WA0102101110
B1733551845051S04130862WA0101701105
B1733591845037S04130838WA0100601095
B1734031845024S04130814WA0100101089
B1734071845008S04130790WA0099001080
B1734111844991S04130767WA0099001078
B1734151844978S04130741WA0099101080
B1734191844964S04130717WA0100101090
B1734231844951S04130695WA0101201101
B1734271844935S04130671WA0102101109
B1734311844919S04130649WA0102601114
B1734351844906S04130630WA0102301111
B1734391844890S04130606WA0101601106
B1734431844876S04130586WA0101601105
B1734471844861S04130562WA0100801098
B1734511844846S04130537WA0100601096
B1734551844831S04130514WA0100101090
B1734591844815S04130490WA0099101079
B1735031844798S04130467WA0098101069
B1735071844780S04130442WA0096701055
B1735111844761S04130415WA0095901045
B1735151844744S04130389WA0095601042
B1735191844728S04130365WA0095301039
B1735231844711S04130342WA0094901036
B1735271844695S04130322WA0094801034
B1735311844681S04130300WA0094701032
B1735351844667S04130277WA0094301028
B1735391844655S04130256WA0093601021
B1735431844640S04130233WA0092501010
B1735471844627S04130210WA0091701000
B1735511844612S04130186WA0090800990
B1735551844596S04130161WA0090200985
B1735591844583S04130140WA0090200983
B1736031844568S04130115WA0089600978
B1736071844553S04130092WA0089900980
B1736111844534S04130070WA0089700979
B1736151844515S04130050WA0089800980
B1736191844500S04130028WA0089500975
B1736231844485S04130003WA0088700968
B1736271844469S04129976WA0088500965
B1736311844450S04129951WA0087900959
B1736351844432S04129926WA0087200952
B1736391844416S04129903WA0086600945
B1736431844398S04129877WA0085500935
B1736471844382S04129854WA0084700925
B1736511844364S04129827WA0083100910
B1736551844348S04129803WA0082500902
B1736591844331S04129779WA0081400891
B1737031844314S04129755WA0080500882
B1737071844296S04129732WA0079300870
B1737111844277S04129708WA0078300860
B1737151844257S04129684WA0077400851
B1737191844239S04129661WA0077000846
B1737231844223S04129638WA0076200837
B1737271844207S04129613WA0075200827
B1737311844188S04129588WA0074300817
B1737351844170S04129564WA0073500808
B1737391844153S04129539WA0072500799
B1737431844137S04129514WA0071800791
B1737471844118S04129489WA0070800781
B1737511844100S04129463WA0070000771
B1737551844079S04129439WA0068900760
B1737591844061S04129415WA0068100751
B1738031844046S04129391WA0067400744
B1738071844035S04129369WA0066900737
B1738111844022S04129345WA0066000729
B1738151844011S04129322WA0065600723
B1738191843996S04129298WA0064900718
B1738231843981S04129275WA0064700714
B1738271843966S04129255WA0064400712
B1738311843952S04129235WA0064000708
B1738351843942S04129217WA0063300700
B1738391843932S04129200WA0062500693
B1738431843922S04129181WA0061500683
B1738471843913S04129165WA0062100687
B1738511843903S04129148WA0061800687
B1738551843892S04129130WA0061800687
B1738591843879S04129111WA0061000681
B1739031843868S04129092WA0061100679
B1739071843856S04129081WA0061000677
B1739111843844S04129066WA0060600675
B1739151843837S04129053WA0061000676
B1739191843826S04129036WA0060000670
B1739231843814S04129014WA0059300662
B1739271843797S04128995WA0058500654
B1739311843779S04128974WA0057500644
B1739351843767S04128956WA0057500641
B1739391843749S04128936WA0056200630
B1739431843733S04128917WA0056000626
B1739471843720S04128895WA0054600613
B1739511843703S04128874WA0053400601
B1739551843685S04128857WA0051900585
B1739591843666S04128835WA0050700571
B1740031843649S04128811WA0050100566
B1740071843633S04128791WA0050100563
B1740111843618S04128770WA0049900561
B1740151843603S04128749WA0049900561
B1740191843587S04128730WA0049300556
B1740231843570S04128714WA0049000551
B1740271843556S04128694WA0048600545
B1740311843564S04128671WA0048700543
B1740351843585S04128655WA0048700542
B1740391843614S04128655WA0048400539
B1740431843637S04128667WA0048700541
B1740471843660S04128685WA0048200540
B1740511843675S04128706WA0048200542
B1740551843686S04128730WA0048100540
B1740591843696S04128753WA0048000539
B1741031843700S04128776WA0047300530
B1741071843706S04128797WA0047700528
B1741111843712S04128817WA0047100520
B1741151843719S04128837WA0047100518
B1741191843725S04128855WA0046700513
B1741231843713S04128859WA0045700503
B1741271843735S04128853WA0044000491
B1741311843723S04128844WA0042000467
B1741351843745S04128856WA0043600478
B1741391843750S04128875WA0043300477
B1741431843769S04128868WA0042300473
B1741471843776S04128849WA0042900476
B1741511843771S04128832WA0041700463
B1741551843757S04128846WA0041400460
B1741591843751S04128858WA0041500465
B1742031843741S04128873WA0041300465
B1742071843727S04128879WA0041600469
B1742111843738S04128896WA0041600471
B1742151843757S04128878WA0042300475
B1742191843762S04128859WA0042500474
B1742231843759S04128838WA0043000482
B1742271843750S04128822WA0042900481
B1742311843749S04128833WA0040300478
B1742371843770S04128822WA0037200476
B1742411843771S04128827WA0038500473
B1742451843750S04128832WA0039800485
B1742491843736S04128823WA0039200466
B1742531843731S04128813WA0039600468
B1742571843712S04128820WA0039000456
B1743011843698S04128833WA0038600449
B1743051843686S04128843WA0039300458
B1743091843673S04128849WA0038700449
B1743131843655S04128854WA0038600447
B1743171843638S04128859WA0038100443
B1743211843624S04128870WA0037700438
B1743251843612S04128875WA0037100432
B1743291843622S04128861WA0036000422
B1743331843649S04128873WA0035200417
B1743371843651S04128897WA0034900413
B1743411843638S04128895WA0033700401
B1743451843655S04128881WA0033200392
B1743491843679S04128898WA0032500384
B1743531843675S04128920WA0031700376
B1743571843663S04128910WA0030900367
B1744011843659S04128896WA0030700361
B1744051843656S04128879WA0030000353
B1744091843653S04128860WA0029100344
B1744131843652S04128842WA0028700338
B1744171843652S04128823WA0028000331
B1744211843647S04128803WA0027600325
B1744251843643S04128784WA0027200319
B1744291843636S04128764WA0026800314
B1744331843627S04128749WA0026600309
B1744371843623S04128741WA0026400303
B1744411843623S04128741WA0026500299
B1744451843624S04128742WA0026400294
B1744491843624S04128742WA0026500290
B1744531843624S04128743WA0026400286
B1744571843625S04128743WA0026400284
B1745011843625S04128743WA0026400281
B1745051843626S04128743WA0026400279
B1745091843626S04128744WA0026400278
B1745131843627S04128743WA0026400278
B1745171843627S04128743WA0026500278
B1745211843627S04128743WA0026500279
B1745251843626S04128743WA0026400280
B1745291843625S04128743WA0026400282
B1745331843625S04128743WA0026400284
B1745371843625S04128743WA0026400285
B1745411843625S04128743WA0026400286
B1745451843625S04128743WA0026500288
B1745491843624S04128743WA0026400289
B1745531843624S04128743WA0026500290
B1745571843624S04128743WA0026400292
B1746011843624S04128743WA0026400294
B1746051843624S04128743WA0026400294
B1746091843624S04128743WA0026400294
B1746131843624S04128743WA0026500293
B1746171843625S04128743WA0026500293
B1746211843625S04128743WA0026400292
B1746251843625S04128743WA0026500290
B1746291843626S04128743WA0026500290
B1746331843626S04128743WA0026500291
B1746371843625S04128743WA0026400291
B1746411843625S04128743WA0026400291
B1746451843625S04128743WA0026400290
B1746491843625S04128743WA0026500290
B1746531843625S04128743WA0026500290
B1746571843625S04128743WA0026400290
B1747011843625S04128743WA0026500291
B1747051843625S04128743WA0026400291
B1747091843625S04128743WA0026400293
B1747131843624S04128743WA0026400293
B1747171843624S04128744WA0026400293
B1747211843622S04128743WA0026500295
B1747251843621S04128741WA0026500297
B1747291843619S04128741WA0026400298
B1747331843618S04128740WA0026500300
B1747371843616S04128740WA0026500301
B1747411843615S04128739WA0026400303
B1747451843613S04128738WA0026500304
B1747491843612S04128738WA0026400304
B1747531843610S04128737WA0026400304
B1747571843609S04128735WA0026500304
B1748011843607S04128734WA0026500304
B1748051843606S04128732WA0026500304
B1748091843605S04128731WA0026400302
B1748131843603S04128731WA0026400302
B1748171843602S04128730WA0026400301
B1748211843601S04128731WA0026400301
B1748251843599S04128730WA0026300301
B1748291843598S04128731WA0026300302
B1748331843599S04128733WA0026300302
B1748371843598S04128733WA0026300301
B1748411843598S04128732WA0026300301
B1748451843598S04128733WA0026300300
B1748491843598S04128732WA0026300300
B1748531843598S04128733WA0026300299
B1748571843598S04128733WA0026300298
B1749011843598S04128732WA0026300298
B1749051843598S04128732WA0026400299
B1749091843598S04128732WA0026300299
B1749131843598S04128732WA0026300297
B1749171843598S04128732WA0026300297
B1749211843598S04128733WA0026300297
B1749251843598S04128733WA0026300297
B1749291843598S04128732WA0026300299
B1749331843597S04128732WA0026300299
B1749371843598S04128732WA0026300299
B1749411843598S04128733WA0026300297
B1749451843598S04128733WA0026300297
B1749491843598S04128733WA0026300297
B1749531843598S04128733WA0026300297
B1749571843598S04128733WA0026300296
B1750011843598S04128734WA0026300295
B1750051843598S04128734WA0026300294
B1750091843598S04128733WA0026300295
B1750131843598S04128733WA0026300296
B1750171843598S04128733WA0026300296
B1750211843597S04128733WA0026300296
B1750251843597S04128733WA0026300296
B1750291843597S04128733WA0026400295
B1750331843598S04128733WA0026300296
B1750371843598S04128733WA0026200298
B1750411843598S04128733WA0026400298
B1750451843597S04128733WA0026300298
B1750491843597S04128732WA0026300298
B1750531843597S04128732WA0026300299
B1750571843597S04128732WA0026300299
B1751011843597S04128732WA0026300299
B1751051843597S04128732WA0026300299
B1751091843596S04128732WA0026300297
B1751131843596S04128732WA0026300298
B1751171843596S04128732WA0026300297
B1751211843596S04128733WA0026300297
B1751251843596S04128733WA0026300297
B1751291843596S04128733WA0026300296
B1751331843596S04128733WA0026300297
B1751371843597S04128733WA0026300296
B1751411843597S04128733WA0026300296
B1751451843597S04128734WA0026300296
B1751491843597S04128734WA0026300296
B1751531843597S04128734WA0026300295
B1751571843598S04128735WA0026400295
B1752011843598S04128735WA0026300293
B1752051843598S04128736WA0026300292
B1752091843598S04128736WA0026300291
B1752131843599S04128736WA0026300292
B1752171843599S04128735WA0026300292
B1752211843598S04128735WA0026300294
B1752251843598S04128735WA0026300296
B1752291843598S04128735WA0026300297
B1752331843598S04128735WA0026300298
B1752371843598S04128735WA0026300298
B1752411843598S04128734WA0026300299
B1752451843598S04128734WA0026300300
B1752491843598S04128733WA0026300301
B1752531843598S04128733WA0026300300
B1752571843598S04128733WA0026300300
B1753011843599S04128733WA0026300301
B1753051843598S04128733WA0026300302
B1753091843599S04128733WA0026300302
B1753131843599S04128733WA0026300301
B1753171843599S04128733WA0026300301
B1753211843599S04128733WA0026300301
B1753251843598S04128733WA0026300300
B1753291843598S04128733WA0026300300
B1753331843598S04128733WA0026300300
B1753371843598S04128733WA0026300300
B1753411843598S04128733WA0026300299
B1753451843598S04128732WA0026300299
B1753491843598S04128732WA0026300299
B1753531843598S04128732WA0026400298
B1753571843598S04128732WA0026400298
B1754011843598S04128732WA0026300298
B1754051843598S04128732WA0026400297
B1754091843598S04128731WA0026300297
B1754131843598S04128731WA0026300297
B1754171843598S04128731WA0026300296
B1754211843598S04128731WA0026300296
B1754251843598S04128731WA0026300296
B1754291843598S04128731WA0026300296
B1754331843598S04128731WA0026300296
B1754371843599S04128731WA0026300296
B1754411843598S04128731WA0026300297
B1754451843598S04128731WA0026300298
B1754491843598S04128731WA0026300298
B1754531843598S04128731WA0026300299
B1754571843598S04128731WA0026300300
B1755011843598S04128732WA0026300301
B1755051843598S04128732WA0026300301
B1755091843598S04128732WA0026300304
B1755131843598S04128732WA0026300305
B1755171843598S04128732WA0026300305
B1755211843598S04128732WA0026300304
B1755251843598S04128732WA0026300304
B1755291843598S04128732WA0026300304
B1755331843597S04128732WA0026300304
B1755371843597S04128732WA0026300303
B1755411843597S04128733WA0026300303
B1755451843597S04128733WA0026300302
B1755491843597S04128733WA0026300302
B1755531843597S04128734WA0026300301
B1755571843597S04128733WA0026300300
B1756011843597S04128734WA0026300299
B1756051843597S04128734WA0026300298
B1756091843598S04128733WA0026300299
B1756131843598S04128733WA0026300300
B1756171843598S04128733WA0026300301
B1756211843598S04128733WA0026300303
B1756251843598S04128733WA0026300303
B1756291843597S04128733WA0026300303
B1756331843597S04128733WA0026300303
B1756371843597S04128732WA0026300303
B1756411843597S04128732WA0026300305
B1756451843597S04128733WA0026300304
B1756491843598S04128733WA0026300302
B1756531843598S04128733WA0026300302
B1756571843597S04128733WA0026300303
B1757011843597S04128732WA0026400302
B1757051843596S04128732WA0026300305
B1757091843596S04128732WA0026300305
B1757131843597S04128732WA0026300305
B1757171843597S04128732WA0026300304
B1757211843597S04128731WA0026300302
B1757251843597S04128731WA0026300301
B1757291843598S04128732WA0026300299
B1757331843598S04128732WA0026300299
B1757371843598S04128732WA0026300300
B1757411843598S04128732WA0026300299
B1757451843598S04128732WA0026300300
B1757491843598S04128732WA0026300300
B1757531843597S04128732WA0026300300
B1757571843597S04128731WA0026300300
B1758011843597S04128732WA0026200299
B1758051843597S04128731WA0026300299
B1758091843597S04128731WA0026300299
B1758131843598S04128731WA0026300299
B1758171843598S04128731WA0026300299
B1758211843598S04128731WA0026300299
B1758251843598S04128731WA0026300299
B1758291843599S04128731WA0026300299
B1758331843598S04128731WA0026300300
B1758371843599S04128731WA0026300300
B1758411843599S04128731WA0026300300
B1758451843599S04128731WA0026300299
B1758491843599S04128731WA0026300300
B1758531843598S04128731WA0026300301
B1758571843599S04128731WA0026300304
B1759011843599S04128731WA0026300305
B1759051843599S04128732WA0026200308
B1759091843599S04128732WA0026300308
B1759131843599S04128732WA0026300310
B1759171843599S04128732WA0026200310
B1759211843599S04128733WA0026300309
B1759251843599S04128734WA0026300305
B1759291843599S04128734WA0026300304
B1759331843599S04128734WA0026300303
B1759371843599S04128734WA0026300303
B1759411843598S04128733WA0026300303
B1759451843598S04128733WA0026300303
B1759491843598S04128733WA0026300303
B1759531843598S04128733WA0026300303
B1759571843598S04128733WA0026200300
B1800011843598S04128734WA0026300299
B1800051843598S04128733WA0026300298
B1800091843597S04128733WA0026300300
B1800131843597S04128732WA0026300301
B1800171843597S04128732WA0026300300
B1800211843597S04128732WA0026300299
B1800251843597S04128732WA0026300299
B1800291843597S04128732WA0026300301
B1800331843597S04128732WA0026300301
B1800371843597S04128732WA0026200301
B1800411843597S04128732WA0026300301
B1800451843597S04128732WA0026300302
B1800491843597S04128732WA0026300302
B1800531843597S04128732WA0026300302
B1800571843596S04128731WA0026300300
B1801011843596S04128732WA0026300300
B1801051843596S04128732WA0026300299
B1801091843596S04128732WA0026300300
B1801131843596S04128732WA0026200301
B1801171843596S04128732WA0026300302
B1801211843597S04128732WA0026300302
B1801251843597S04128732WA0026300302
B1801291843596S04128732WA0026300302
B1801331843596S04128731WA0026300302
B1801371843596S04128731WA0026300302
B1801411843596S04128732WA0026300301
B1801451843596S04128732WA0026300300
B1801491843597S04128732WA0026300300
B1801531843597S04128732WA0026300301
B1801571843597S04128732WA0026300300
B1802011843597S04128732WA0026300299
B1802051843597S04128732WA0026300299
B1802091843597S04128732WA0026300298
B1802131843597S04128732WA0026300297
B1802171843597S04128732WA0026300296
B1802211843598S04128733WA0026300295
B1802251843598S04128733WA0026300293
B1802291843598S04128734WA0026200293
B1802331843598S04128734WA0026300293
B1802371843598S04128734WA0026300293
B1802411843598S04128735WA0026300290
B1802451843598S04128734WA0026300289
B1802491843598S04128734WA0026300291
B1802531843598S04128734WA0026300292
B1802571843598S04128734WA0026300293
B1803011843598S04128734WA0026300293
B1803051843598S04128734WA0026300293
B1803091843598S04128734WA0026300292
B1803131843598S04128733WA0026300293
B1803171843598S04128733WA0026300296
B1803211843597S04128732WA0026300297
B1803251843597S04128732WA0026300297
B1803291843597S04128732WA0026300298
B1803331843597S04128732WA0026300299
B1803371843597S04128732WA0026300298
B1803411843597S04128732WA0026300299
B1803451843597S04128732WA0026300299
B1803491843597S04128732WA0026300299
B1803531843597S04128732WA0026300300
B1803571843597S04128732WA0026300300
B1804011843597S04128732WA0026300300
B1804051843597S04128732WA0026300300
B1804091843597S04128732WA0026300300
B1804131843597S04128732WA0026300299
B1804171843597S04128732WA0026200299
B1804211843597S04128732WA0026300299
B1804251843597S04128732WA0026300299
B1804291843597S04128732WA0026300299
B1804331843596S04128732WA0026300298
B1804371843597S04128732WA0026300299
B1804411843597S04128732WA0026300298
B1804451843597S04128732WA0026300298
B1804491843597S04128732WA0026300298
B1804531843597S04128732WA0026300297
B1804571843597S04128732WA0026300297
B1805011843597S04128733WA0026300296
B1805051843597S04128733WA0026300294
B1805091843597S04128733WA0026300294
B1805131843597S04128733WA0026300297
B1805171843597S04128733WA0026300298
B1805211843597S04128732WA0026300299
B1805251843597S04128733WA0026300301
B1805291843597S04128733WA0026300301
B1805331843597S04128732WA0026300301
B1805371843597S04128732WA0026300301
B1805411843597S04128732WA0026300300
B1805451843598S04128732WA0026300299
B1805491843598S04128733WA0026300299
B1805531843598S04128733WA0026300299
B1805571843598S04128733WA0026300299
B1806011843598S04128733WA0026300298
B1806051843598S04128733WA0026300299
B1806091843598S04128733WA0026300299
B1806131843598S04128733WA0026300299
B1806171843598S04128734WA0026300298
B1806211843598S04128734WA0026300298
B1806251843598S04128734WA0026300299
B1806291843598S04128734WA0026300299
B1806331843598S04128733WA0026300299
B1806371843598S04128733WA0026300299
B1806411843598S04128733WA0026300299
B1806451843597S04128733WA0026300300
B1806491843597S04128733WA0026300301
B1806531843597S04128733WA0026300301
B1806571843597S04128733WA0026300301
B1807011843598S04128733WA0026300302
B1807051843598S04128733WA0026300303
B1807091843598S04128733WA0026300303
B1807131843598S04128733WA0026300304
B1807171843597S04128733WA0026300303
B1807211843597S04128733WA0026300304
B1807251843597S04128733WA0026300304
B1807291843597S04128733WA0026300304
B1807331843597S04128733WA0026300304
B1807371843597S04128733WA0026300303
B1807411843597S04128733WA0026300303
B1807451843597S04128733WA0026300304
B1807491843598S04128733WA0026300304
B1807531843598S04128733WA0026300305
B1807571843598S04128732WA0026300305
B1808011843598S04128732WA0026300304
B1808051843598S04128732WA0026300304
B1808091843597S04128732WA0026300303
B1808131843597S04128732WA0026200301
B1808171843598S04128731WA0026300300
B1808211843600S04128730WA0026300298
B1808251843601S04128730WA0026300298
B1808291843603S04128730WA0026400297
B1808331843605S04128730WA0026400297
B1808371843608S04128731WA0026400297
B1808411843610S04128731WA0026400297
B1808451843612S04128731WA0026400297
B1808491843615S04128731WA0026500298
B1808531843615S04128731WA0026500296
B1808571843615S04128731WA0026500296
B1809011843616S04128731WA0026500296
B1809051843616S04128731WA0026500295
B1809091843616S04128731WA0026500295
B1809131843616S04128731WA0026500295
B1809171843615S04128731WA0026500295
B1809211843615S04128731WA0026500296
B1809251843615S04128731WA0026500296
B1809291843614S04128732WA0026500296
B1809331843612S04128732WA0026500297
B1809371843610S04128731WA0026500299
B1809411843609S04128730WA0026400299
B1809451843607S04128730WA0026400298
B1809491843605S04128730WA0026400298
B1809531843605S04128730WA0026400297
B1809571843604S04128730WA0026400298
B1810011843604S04128729WA0026400298
B1810051843604S04128729WA0026400298
B1810091843604S04128729WA0026400298
B1810131843604S04128729WA0026400298
B1810171843604S04128729WA0026400298
B1810211843604S04128730WA0026400298
B1810251843602S04128729WA0026400298
B1810291843602S04128730WA0026400299
B1810331843600S04128730WA0026300300
B1810371843599S04128730WA0026400301
B1810411843599S04128730WA0026400301
B1810451843598S04128730WA0026300301
B1810491843598S04128730WA0026300301
B1810531843598S04128730WA0026300301
B1810571843599S04128730WA0026300301
B1811011843597S04128730WA0026300301
B1811051843598S04128730WA0026300298
B1811091843598S04128731WA0026300298
B1811131843598S04128731WA0026300298
B1811171843598S04128731WA0026300299
B1811211843598S04128731WA0026300299
B1811251843598S04128731WA0026300300
B1811291843597S04128731WA0026300301
B1811331843597S04128731WA0026300300
B1811371843596S04128731WA0026300300
B1811411843596S04128731WA0026300300
B1811451843595S04128731WA0026200300
B1811491843595S04128731WA0026300298
B1811531843594S04128732WA0026200298
B1811571843592S04128732WA0026100297
B1812011843590S04128734WA0026200296
B1812051843590S04128735WA0026200295
B1812091843589S04128736WA0026200295
B1812131843589S04128738WA0026100294
B1812171843587S04128739WA0026000292
B1812211843586S04128740WA0025900290
B1812251843584S04128742WA0025900289
B1812291843583S04128744WA0025900289
B1812331843582S04128745WA0025900291
B1812371843582S04128747WA0025800291
B1812411843581S04128749WA0025800291
B1812451843580S04128751WA0025800291
B1812491843578S04128751WA0025700291
B1812531843577S04128750WA0025700292
B1812571843575S04128749WA0025700293
B1813011843574S04128749WA0025700294
B1813051843572S04128749WA0025700293
B1813091843570S04128748WA0025600294
B1813131843569S04128747WA0025600294
B1813171843569S04128747WA0025700293
B1813211843568S04128747WA0025700292
B1813251843568S04128747WA0025700291
B1813291843568S04128747WA0025600294
B1813331843568S04128747WA0025700294
B1813371843569S04128749WA0025600293
B1813411843571S04128749WA0025600292
B1813451843573S04128751WA0025600292
B1813491843574S04128753WA0025700293
B1813531843576S04128754WA0025600292
B1813571843578S04128755WA0025700291
B1814011843580S04128756WA0025600291
B1814051843581S04128758WA0025700291
B1814091843582S04128760WA0025700291
B1814131843583S04128761WA0025700291
B1814171843584S04128763WA0025600290
B1814211843584S04128763WA0025600289
B1814251843586S04128765WA0025500289
B1814291843589S04128766WA0025600290
B1814331843591S04128768WA0025500289
B1814371843593S04128770WA0025600289
B1814411843595S04128771WA0025500287
B1814451843598S04128773WA0025500287
B1814491843598S04128775WA0025500285
B1814531843600S04128777WA0025400283
B1814571843601S04128779WA0025300280
B1815011843603S04128781WA0025300279
B1815051843603S04128784WA0025200279
B1815091843603S04128787WA0025100278
B1815131843604S04128791WA0025000278
B1815171843604S04128794WA0025000279
B1815211843605S04128796WA0025000278
B1815251843605S04128799WA0024900275
B1815291843606S04128803WA0024900277
B1815331843607S04128805WA0024900277
B1815371843608S04128807WA0024800276
B1815411843608S04128810WA0024900277
B1815451843609S04128811WA0024900277
B1815491843609S04128814WA0024900277
B1815531843609S04128816WA0024800278
B1815571843610S04128818WA0024800279
B1816011843609S04128820WA0024700276
B1816051843608S04128822WA0024600276
B1816091843609S04128825WA0024600275
B1816131843609S04128827WA0024500275
B1816171843609S04128829WA0024500270
B1816211843610S04128833WA0024500270
B1816251843611S04128834WA0024600270
B1816291843612S04128834WA0024500270
B1816331843612S04128835WA0024500270
B1816371843613S04128835WA0024500271
B1816411843613S04128835WA0024600271
B1816451843613S04128836WA0024500271
B1816491843613S04128836WA0024500273
B1816531843612S04128835WA0024500274
B1816571843612S04128836WA0024500275
B1817011843612S04128836WA0024500277
B1817051843613S04128836WA0024500276
B1817091843614S04128836WA0024500276
B1817131843614S04128836WA0024500276
B1817171843614S04128836WA0024500276
B1817211843615S04128836WA0024500277
B1817251843616S04128835WA0024500277
B1817291843615S04128835WA0024500278
B1817331843614S04128836WA0024500280
B1817371843614S04128837WA0024500282
B1817411843613S04128838WA0024600283
B1817451843612S04128838WA0024500285
B1817491843612S04128839WA0024500287
B1817531843612S04128839WA0024500287
B1817571843612S04128839WA0024500287
B1818011843611S04128839WA0024500287
B1818051843611S04128840WA0024500287
B1818091843611S04128840WA0024500287
B1818131843611S04128840WA0024500287
B1818171843610S04128840WA0024500286
B1818211843610S04128839WA0024500286
B1818251843610S04128840WA0024500286
B1818291843611S04128841WA0024500284
B1818331843611S04128842WA0024500282
B1818371843611S04128842WA0024600282
B1818411843610S04128840WA0024500282
B1818451843610S04128841WA0024500282
B1818491843611S04128842WA0024500282
B1818531843611S04128845WA0024500281
B1818571843611S04128846WA0024500281
B1819011843612S04128844WA0024500279
B1819051843612S04128844WA0024500279
B1819091843612S04128844WA0024500279
B1819131843613S04128844WA0024500279
B1819171843613S04128845WA0024500278
B1819211843614S04128845WA0024500277
B1819251843614S04128845WA0024500276
B1819291843614S04128846WA0024500275
B1819331843614S04128846WA0024500274
B1819371843615S04128846WA0024500274
B1819411843614S04128846WA0024500274
B1819451843613S04128847WA0024500274
B1819491843613S04128849WA0024400274
B1819531843613S04128851WA0024400273
B1819571843614S04128850WA0024400272
B1820011843615S04128849WA0024400271
B1820051843615S04128849WA0024400270
B1820091843614S04128849WA0024400272
B1820131843615S04128850WA0024400271
B1820171843615S04128851WA0024300271
B1820211843615S04128852WA0024300272
B1820251843615S04128851WA0024400271
B1820291843615S04128851WA0024400270
B1820331843614S04128851WA0024300272
B1820371843614S04128850WA0024400272
B1820411843614S04128850WA0024400272
B1820451843614S04128850WA0024400273
B1820491843614S04128850WA0024400274
B1820531843614S04128850WA0024400275
B1820571843613S04128850WA0024400277
B1821011843613S04128850WA0024400278
B1821051843612S04128850WA0024400279
B1821091843612S04128850WA0024400278
B1821131843612S04128850WA0024400279
B1821171843612S04128850WA0024400279
B1821211843612S04128851WA0024400278
B1821251843612S04128852WA0024400277
B1821291843612S04128853WA0024400276
B1821331843612S04128852WA0024400276
B1821371843613S04128852WA0024400275
B1821411843612S04128851WA0024400274
B1821451843611S04128850WA0024400275
B1821491843611S04128850WA0024400273
B1821531843612S04128852WA0024400273
B1821571843611S04128851WA0024400272
B1822011843613S04128847WA0024400271
B1822051843611S04128848WA0024400270
B1822091843612S04128846WA0024400272
B1822131843613S04128847WA0024400270
B1822171843613S04128847WA0024400269
B1822211843613S04128847WA0024400269
B1822251843613S04128847WA0024400269
B1822291843612S04128847WA0024400269
B1822331843610S04128846WA0024400269
B1822371843610S04128847WA0024400269
B1822411843610S04128847WA0024400268
B1822451843611S04128848WA0024400268
B1822491843612S04128847WA0024400268
B1822531843612S04128852WA0024400268
B1822571843608S04128860WA0024300269
B1823011843607S04128868WA0024200268
B1823051843606S04128874WA0024100269
B1823091843605S04128881WA0024000270
B1823131843606S04128887WA0024000269
B1823171843606S04128895WA0023900266
B1823211843604S04128905WA0023800265
B1823251843602S04128917WA0023700264
B1823291843599S04128929WA0023600261
B1823331843596S04128939WA0023400262
B1823371843593S04128950WA0023300261
B1823411843589S04128959WA0023200260
B1823451843586S04128967WA0023200258
B1823491843585S04128965WA0023100258
B1823531843585S04128962WA0023200257
B1823571843584S04128960WA0023200261
B1824011843584S04128960WA0023100261
B1824051843584S04128960WA0023100263
B1824091843582S04128959WA0023100264
B1824131843582S04128958WA0023200267
B1824171843583S04128957WA0023100266
B1824211843583S04128957WA0023200266
B1824251843584S04128958WA0023100267
B1824291843584S04128958WA0023100268
B1824331843582S04128964WA0023100267
B1824371843579S04128981WA0023000266
B1824411843578S04128998WA0023000264
B1824451843578S04129018WA0022800263
B1824491843580S04129037WA0022700262
B1824531843582S04129057WA0022700261
B1824571843584S04129079WA0022700262
B1825011843583S04129099WA0022600262
B1825051843581S04129121WA0022600262
B1825091843578S04129140WA0022600262
B1825131843575S04129155WA0022600261
B1825171843574S04129172WA0022500260
B1825211843575S04129178WA0022500259
B1825251843576S04129187WA0022500258
B1825291843575S04129200WA0022400260
B1825331843577S04129206WA0022400259
B1825371843582S04129212WA0022500257
B1825411843599S04129219WA0022500256
B1825451843620S04129230WA0022400256
B1825491843640S04129242WA0022300254
B1825531843655S04129249WA0022300252
B1825571843675S04129258WA0022300248
B1826011843695S04129267WA0022200245
B1826051843706S04129273WA0022200238
B1826091843720S04129283WA0022200235
B1826131843740S04129295WA0022200233
B1826171843754S04129299WA0022200232
B1826211843771S04129303WA0022200232
B1826251843790S04129312WA0022200230
B1826291843809S04129320WA0022100229
B1826331843827S04129326WA0022100226
B1826371843848S04129330WA0022200224
B1826411843874S04129341WA0022200224
B1826451843892S04129348WA0022100223
B1826491843906S04129356WA0022100219
B1826531843925S04129366WA0022100218
B1826571843940S04129375WA0022100216
B1827011843954S04129381WA0022100215
B1827051843973S04129391WA0022100214
B1827091843996S04129404WA0022000212
B1827131844013S04129411WA0022000210
B1827171844031S04129424WA0022100210
B1827211844054S04129443WA0022100212
B1827251844085S04129466WA0022200215
B1827291844121S04129495WA0022200217
B1827331844156S04129523WA0022100218
B1827371844189S04129551WA0022000219
B1827411844209S04129568WA0021900220
B1827451844219S04129577WA0022000218
B1827491844223S04129585WA0021900222
B1827531844225S04129586WA0022000228
B1827571844234S04129594WA0022000235
B1828011844252S04129611WA0022100232
B1828051844271S04129635WA0022400229
B1828091844280S04129663WA0022500226
B1828131844271S04129704WA0022500220
B1828171844252S04129748WA0022600217
B1828211844233S04129794WA0022700218
B1828251844215S04129843WA0022900219
B1828291844202S04129890WA0023100222
B1828331844201S04129942WA0023200222
B1828371844213S04130004WA0023400225
B1828411844228S04130061WA0023500227
B1828451844245S04130119WA0023600227
B1828491844245S04130182WA0023800228
B1828531844233S04130238WA0024000228
B1828571844220S04130294WA0024100229
B1829011844209S04130353WA0024200233
B1829051844210S04130403WA0024200240
B1829091844221S04130453WA0024100244
B1829131844242S04130505WA0024000248
B1829171844269S04130566WA0024000264
B1829211844298S04130624WA0024000275
B1829251844331S04130680WA0024100281
B1829291844365S04130737WA0024000284
B1829331844397S04130790WA0024100285
B1829371844427S04130840WA0024600287
B1829411844454S04130884WA0025100287
B1829451844473S04130924WA0025300290
B1829491844486S04130956WA0025400292
B1829531844497S04130988WA0025500293
B1829571844503S04131019WA0025500293
B1830011844510S04131051WA0025400291
B1830051844484S04131102WA0025300291
B1830091844471S04131158WA0025100288
B1830131844465S04131217WA0024800288
B1830171844460S04131279WA0025000287
B1830211844455S04131341WA0025100288
B1830251844458S04131404WA0024600290
B1830291844461S04131466WA0024400291
B1830331844466S04131527WA0024400290
B1830371844473S04131585WA0024300289
B1830411844478S04131645WA0024100290
B1830451844486S04131706WA0023900291
B1830491844491S04131759WA0023700288
B1830531844490S04131820WA0023500285
B1830571844485S04131882WA0023500286
B1831011844481S04131936WA0023400276
B1831051844489S04131985WA0023300266
B1831091844515S04132042WA0023500262
B1831131844557S04132089WA0023800261
B1831171844631S04132126WA0023700262
B1831211844683S04132166WA0023300261
B1831251844740S04132199WA0023100257
B1831291844798S04132228WA0023200251
B1831331844861S04132248WA0023200250
B1831371844911S04132282WA0023000247
B1831411844953S04132334WA0022600245
B1831451844988S04132394WA0022400248
B1831491845016S04132457WA0022300245
B1831531845039S04132521WA0022200243
B1831571845070S04132578WA0022300243
B1832011845106S04132631WA0022500243
B1832051845137S04132683WA0022700244
B1832091845163S04132736WA0022300244
B1832131845180S04132793WA0021900245
B1832171845195S04132857WA0021900246
B1832211845209S04132920WA0021800246
B1832251845232S04132984WA0021400243
B1832291845259S04133041WA0020900242
B1832331845265S04133102WA0020900240
B1832441845270S04133283WA0020700238
B1832481845263S04133352WA0020500238
B1832521845284S04133414WA0020200238
B1832561845303S04133455WA0020100235
B1833001845324S04133486WA0019800227
B1833041845343S04133512WA0019700222
B1833191845426S04133620WA0020100220
B1833231845474S04133626WA0020200217
B1833371845631S04133625WV0019700000
B1833431845729S04133643WA0019800183
B1833471845796S04133643WA0019900178
B1833511845858S04133656WA0020100180
B1833551845917S04133673WA0020200182
B1833591845968S04133696WA0020300191
B1834031846006S04133733WA0020400198
B1834071846041S04133769WA0020600208
B1834111846077S04133803WA0020900212
B1834151846120S04133838WA0021000218
B1834191846164S04133873WA0020900224
B1834231846212S04133907WA0021000227
B1834301846304S04133944WA0021200229
B1834341846361S04133952WA0021200233
B1834381846418S04133966WA0021300241
B1834421846476S04133987WA0021400246
B1834461846532S04134008WA0021600252
B1834501846585S04134034WA0021800254
B1834541846634S04134070WA0022100256
B1834581846679S04134110WA0022200256
B1835071846773S04134217WA0022600254
B1835111846807S04134279WA0022800251
B1835151846822S04134350WA0023000249
B1835191846835S04134411WA0023300251
B1835231846840S04134470WA0023500255
B1835271846846S04134529WA0023900258
B1835351846826S04134650WA0024200261
B1835391846824S04134701WA0024300258
B1835431846839S04134735WA0024500252
B1835471846896S04134757WA0024900255
B1835511846945S04134764WA0025500254
B1835551846991S04134757WA0026100254
B1835591847036S04134752WA0026600257
B1836031847082S04134764WA0027200265
B1836071847121S04134793WA0027600267
B1836111847158S04134825WA0027500270
B1836151847192S04134864WA0027100275
B1836191847219S04134917WA0026600280
B1836231847244S04134974WA0026400281
B1836271847253S04135038WA0026300288
B1836311847257S04135104WA0026200291
B1836451847216S04135299WA0026200296
B1836491847202S04135365WA0025900277
B1836531847213S04135432WA0025900271
B1836571847226S04135495WA0025900269
B1837011847236S04135554WA0025900269
B1837081847267S04135658WV0026100000
B1837121847294S04135700WA0026200269
B1837161847341S04135729WA0026400268
B1838241848197S04135882WV0031800000
B1838281848238S04135869WA0032300278
B1838361848347S04135814WA0033200302
B1838401848403S04135787WA0033600310
B1838511848550S04135734WA0033400322
B1840561848689S04136631WA0022400306
B1841091848670S04136835WA0021300305
B1841131848660S04136897WA0020800295
B1841201848652S04137003WA0020300279
B1841261848670S04137095WA0019900270
B1841301848685S04137162WA0019700267
B1841341848682S04137236WA0019400265
B1841381848678S04137303WA0019200263
B1841421848670S04137367WV0019100000
B1841461848652S04137440WA0019000246
B1841521848671S04137521WA0018700210
B1841561848684S04137584WA0018400196
B1842021848718S04137676WV0018500000
B1842061848743S04137735WA0018500160
B1842101848760S04137798WA0018500140
B1842141848781S04137861WA0018300122
B1842181848796S04137928WA0018100112
B1842221848806S04137997WA0018200113
B1842261848826S04138060WA0018200121
B1842321848856S04138155WA0018200133
B1842361848879S04138181WA0018200134
B1842401848924S04138206WA0018100120
B1842441848963S04138239WA0018100111
B1842501849021S04138282WA0017900131
B1842581849095S04138376WV0017400000
B1843021849132S04138424WA0017200141
B1843061849161S04138481WV0017100000
B1843131849211S04138585WV0016900000
B1843191849252S04138673WV0016800000
B1843381849286S04138996WA0016000147
B1843421849281S04139056WA0015900147
B1843461849286S04139121WA0015900146
B1843571849319S04139296WA0016000141
B1844011849336S04139362WA0016100137
B1844051849350S04139424WA0016200134
B1844091849361S04139491WV0016200000
B1844131849365S04139551WA0016000132
B1844171849361S04139613WA0015900131
B1845051849276S04140379WA0014600272
B1845181849307S04140584WA0014200235
B1845221849313S04140640WA0014200206
B1845261849324S04140701WA0014200196
B1845301849335S04140764WA0014200186
B1845341849341S04140830WA0014100178
B1845381849347S04140896WA0014000179
B1845421849358S04140959WA0014000179
B1845511849373S04141093WA0013800178
B1845551849383S04141144WA0013700189
B1845591849390S04141187WA0013700197
B1846061849389S04141251WA0013500201
B1846121849384S04141285WA0013500198
B1846161849380S04141309WA0013500202
B1846201849374S04141324WA0013500205
B1846241849372S04141325WA0013500213
B1846281849372S04141327WV0013500000
B1846321849370S04141331WA0013500208
B1846361849358S04141338WA0013500209
B1846401849346S04141337WA0013400207
B1846441849334S04141345WA0013400204
B1846481849316S04141351WA0013400201
B1846521849302S04141357WA0013400199
B1846561849295S04141358WA0013500201
B1847001849285S04141362WA0013400201
B1847041849277S04141366WA0013500204
B1847081849270S04141367WA0013500205
B1847121849271S04141364WA0013400205
B1847161849280S04141354WA0013500198
B1847201849284S04141349WA0013500196
B1847241849285S04141347WA0013500193
B1847281849283S04141346WA0013500188
B1847321849280S04141347WA0013600187
B1847361849280S04141344WA0013500185
B1847401849278S04141339WA0013500183
B1847441849276S04141333WA0013500179
B1847481849273S04141330WA0013500176
B1847521849270S04141329WA0013500172
B1847561849271S04141330WA0013500170
B1848001849265S04141330WA0013500168
B1848041849263S04141329WA0013500165
B1848081849261S04141329WA0013500163
B1848121849260S04141329WA0013500166
B1848161849259S04141331WA0013500164
B1848201849256S04141329WA0013500162
B1848241849255S04141328WA0013500159
B1848281849254S04141330WA0013500157
B1848321849263S04141333WA0013500158
B1848361849267S04141332WA0013500159
B1848401849268S04141332WA0013500159
B1848441849269S04141331WA0013500157
B1848481849269S04141329WA0013500158
B1848521849268S04141332WA0013500159
B1848561849270S04141334WA0013500160
B1849001849269S04141335WA0013500161
B1849041849269S04141336WA0013500163
B1849081849267S04141337WA0013500165
B1849121849268S04141337WA0013500162
B1849161849268S04141338WA0013500161
B1849201849268S04141339WA0013500161
B1849241849268S04141340WA0013500157
B1849281849264S04141338WA0013500158
B1849321849265S04141336WA0013500156
B1849361849267S04141335WA0013500154
B1849401849270S04141335WA0013500152
B1849441849276S04141337WA0013500149
B1849481849279S04141338WA0013500148
B1849521849281S04141339WA0013500148
B1849561849282S04141338WA0013500148
B1850001849284S04141338WA0013500145
B1850041849284S04141333WA0013500143
B1850081849284S04141331WA0013500142
B1850121849285S04141331WA0013500140
B1850161849288S04141333WA0013500141
B1850201849289S04141334WA0013500140
B1850241849290S04141333WA0013500138
B1850281849289S04141334WA0013500136
B1850321849286S04141335WA0013500136
B1850361849282S04141336WA0013500132
B1850401849282S04141337WA0013500129
B1850441849281S04141338WA0013500129
B1850481849279S04141338WA0013500128
B1850521849278S04141336WA0013500128
B1850561849275S04141335WA0013500125
B1851001849275S04141333WA0013500125
B1851041849274S04141331WA0013500124
B1851161849268S04141332WA0013500121
B1851201849266S04141334WA0013500120
B1851241849266S04141331WA0013500119
B1851281849268S04141333WA0013500118
B1851321849273S04141332WA0013500118
B1851361849276S04141329WA0013500118
B1851401849278S04141331WA0013500116
B1851441849276S04141325WA0013500116
B1851481849277S04141327WA0013500114
B1851521849278S04141330WA0013500116
B1851561849283S04141335WA0013500122
B1852001849287S04141331WA0013500122
B1852041849292S04141327WA0013500116
B1852081849297S04141326WA0013500111
B1852121849292S04141323WA0013500109
B1852161849288S04141323WA0013500107
B1852201849284S04141323WA0013500106
B1852241849291S04141320WA0013500104
B1852281849284S04141321WA0013500103
B1852321849288S04141320WA0013500104
B1852361849284S04141321WA0013500105
B1852401849285S04141322WA0013500107
B1852441849291S04141323WA0013500110
B1852481849291S04141324WA0013500114
B1852521849291S04141326WA0013500117
B1852561849290S04141327WA0013500118
B1853001849291S04141328WA0013500120
B1853041849288S04141329WA0013500121
B1853081849291S04141330WA0013500123
B1853121849288S04141330WA0013500124
B1853161849286S04141331WA0013500125
B1853201849287S04141332WA0013500128
B1853241849289S04141333WA0013500131
B1853281849288S04141333WA0013500131
B1853321849290S04141333WA0013500134
B1853361849291S04141333WA0013500135
B1853401849294S04141332WA0013500137
B1853441849297S04141331WA0013500138
B1853481849296S04141332WA0013500140
B1853521849296S04141332WA0013500143
B1853561849292S04141335WA0013500144
B1854001849291S04141336WA0013500144
B1854041849292S04141335WA0013500146
B1854081849291S04141336WA0013500148
B1854121849290S04141336WA0013500151
B1854161849289S04141337WA0013500153
B1854201849288S04141336WA0013500155
B1854241849286S04141336WA0013500156
B1854281849285S04141337WA0013500158
B1854321849282S04141339WA0013500158
B1854361849283S04141338WA0013500158
B1854401849284S04141338WA0013500157
B1854441849283S04141340WA0013500158
B1854481849285S04141341WA0013500157
B1854521849284S04141343WA0013500159
B1854561849284S04141343WA0013500159
B1855001849282S04141342WA0013500161
B1855041849280S04141342WA0013500160
B1855081849277S04141340WA0013500159
B1855121849275S04141340WA0013500156
B1855161849275S04141339WA0013500155
B1855201849275S04141339WA0013500153
B1855241849275S04141336WA0013500150
B1855281849274S04141333WA0013500148
B1855321849275S04141333WA0013500147
B1855361849275S04141332WA0013500145
B1855401849274S04141332WA0013500144
B1855441849272S04141333WA0013500144
B1855481849274S04141334WA0013500145
B1855521849276S04141334WA0013500145
B1855561849278S04141331WA0013500144
B1856001849280S04141330WA0013500141
B1856041849282S04141329WA0013500141
B1856081849285S04141328WA0013500141
B1856121849283S04141328WA0013500140
B1856161849280S04141328WA0013500140
B1856201849279S04141332WA0013500141
B1856241849277S04141334WA0013500139
B1856281849277S04141337WA0013500137
B1856321849278S04141337WA0013500138
B1856361849275S04141337WA0013500135
B1856401849275S04141335WA0013500137
B1856441849279S04141336WA0013500137
B1856481849280S04141334WA0013500136
B1856521849281S04141333WA0013500137
B1856561849280S04141329WA0013500135
B1857001849278S04141328WA0013500132
B1857041849280S04141327WA0013500135
B1857081849280S04141327WA0013500136
B1857121849280S04141326WA0013500137
B1857161849279S04141325WA0013500140
B1857201849278S04141325WA0013500141
B1857241849275S04141326WA0013500142
B1857281849276S04141326WA0013500144
B1857321849275S04141328WA0013500143
B1857361849273S04141331WA0013500141
B1857401849278S04141331WA0013500144
B1857441849273S04141334WA0013500144
B1857481849273S04141332WA0013500145
B1857521849273S04141331WA0013500147
B1857561849270S04141332WA0013500146
B1858001849272S04141332WA0013500145
B1858041849272S04141334WA0013500141
B1858081849270S04141336WA0013500137
B1858121849268S04141336WA0013500134
B1858161849267S04141335WA0013500134
B1858201849267S04141334WA0013500133
B1858241849269S04141332WA0013500131
B1858281849271S04141331WA0013500130
B1858321849279S04141328WA0013500129
B1858361849279S04141326WA0013500126
B1858401849277S04141326WA0013500124
B1858441849280S04141326WA0013500121
B1858481849281S04141326WA0013500120
B1858521849282S04141327WA0013500115
B1858561849283S04141329WA0013500115
B1859001849281S04141330WA0013500116
B1859041849279S04141330WA0013500114
B1859081849278S04141331WA0013500113
B1859121849276S04141332WA0013500111
B1859161849276S04141333WA0013500108
B1859201849275S04141332WA0013500104
B1859241849275S04141330WA0013500100
B1859281849273S04141330WA0013500095
B1859321849275S04141328WA0013500092
B1859361849275S04141328WA0013500092
B1859401849275S04141330WA0013500089
B1859441849273S04141331WA0013500088
B1859481849273S04141329WA0013500084
B1859521849272S04141326WA0013500081
B1859561849272S04141329WA0013500081
B1900001849273S04141331WA0013400083
B1900041849271S04141332WA0013400084
B1900081849268S04141335WA0013400084
B1900121849267S04141337WA0013400078
B1900161849263S04141338WA0013400075
B1900201849260S04141339WA0013400073
B1900241849262S04141338WA0013400066
B1900281849262S04141337WA0013500062
B1900321849261S04141338WA0013500056
B1900361849262S04141338WA0013400055
B1900401849260S04141340WA0013400048
B1900441849256S04141341WA0013400041
B1900481849254S04141341WA0013400037
B1900521849252S04141343WA0013400032
B1900561849252S04141343WA0013400032
B1901001849250S04141343WA0013400033
B1901041849249S04141345WA0013500033
B1901081849250S04141343WA0013400036
B1901121849249S04141343WA0013400030
B1901161849250S04141343WA0013400030
B1901201849250S04141343WA0013400032
B1901241849251S04141344WA0013400035
B1901281849251S04141346WA0013400040
B1901321849250S04141349WA0013400043
B1901361849250S04141349WA0013400046
B1901401849247S04141345WA0013400055
B1901441849246S04141344WA0013400062
B1901481849247S04141342WA0013400068
B1901521849247S04141341WA0013400074
B1901561849247S04141343WA0013400078
B1902001849246S04141342WA0013400078
B1902041849246S04141341WA0013400079
B1902081849247S04141342WA0013400080
B1902121849249S04141341WA0013500083
B1902161849252S04141339WA0013400084
B1902201849257S04141336WA0013400086
B1902241849259S04141334WA0013400088
B1902281849260S04141333WA0013400092
B1902321849261S04141332WA0013400095
B1902361849263S04141331WA0013400099
B1902401849262S04141332WA0013400100
B1902441849265S04141334WA0013400102
B1902481849265S04141334WA0013400103
B1902521849268S04141333WA0013400106
B1902561849268S04141334WA0013400107
B1903001849267S04141334WA0013400106
B1903041849267S04141334WA0013400107
B1903081849269S04141334WA0013400107
B1903121849268S04141334WA0013400105
B1903161849266S04141333WA0013400102
B1903201849264S04141334WA0013400102
B1903241849264S04141334WA0013400105
B1903281849264S04141334WA0013400106
B1903321849263S04141336WA0013400107
B1903361849263S04141338WA0013400109
B1903401849263S04141338WA0013400109
B1903441849265S04141338WA0013400112
B1903481849265S04141337WA0013400114
B1903521849266S04141337WA0013400114
B1903561849265S04141338WA0013400116
B1904001849264S04141340WA0013400118
B1904041849263S04141339WA0013400119
B1904081849264S04141339WA0013400121
B1904121849263S04141340WA0013400119
B1904161849263S04141341WA0013400120
B1904201849262S04141342WA0013400121
B1904241849261S04141343WA0013400122
B1904281849262S04141344WA0013400124
B1904321849262S04141344WA0013400125
B1904361849261S04141346WA0013400126
B1904401849258S04141347WA0013400126
B1904441849259S04141350WA0013400128
B1904481849260S04141349WA0013400133
B1904521849260S04141350WA0013400130
B1904561849257S04141350WA0013400127
B1905001849255S04141351WA0013400123
B1905041849255S04141350WA0013400121
B1905081849254S04141350WA0013400120
B1905121849253S04141350WA0013400120
B1905161849253S04141349WA0013400121
B1905201849256S04141346WA0013400119
B1905241849257S04141345WA0013400119
B1905281849255S04141344WA0013400116
B1905321849255S04141343WA0013400113
B1905361849255S04141341WA0013400112
B1905401849256S04141342WA0013400110
B1905441849255S04141343WA0013400110
B1905481849252S04141344WA0013400110
B1905521849252S04141345WA0013400112
B1905561849249S04141346WA0013400113
B1906001849250S04141347WA0013400115
B1906041849248S04141347WA0013400115
B1906081849247S04141347WA0013400116
B1906121849245S04141347WA0013400117
B1906161849245S04141348WA0013400117
B1906201849248S04141348WA0013400119
B1906241849251S04141346WA0013400120
B1906281849257S04141343WA0013400120
B1906321849263S04141341WA0013400121
B1906361849269S04141338WA0013400124
B1906401849276S04141335WA0013400127
B1906441849277S04141337WA0013400131
B1906481849280S04141337WA0013400134
B1906521849285S04141337WA0013400138
B1906561849287S04141338WA0013400141
B1907001849290S04141338WA0013400145
B1907041849288S04141338WA0013400147
B1907081849286S04141338WA0013400149
B1907121849284S04141338WA0013400150
B1907161849282S04141339WA0013400152
B1907201849282S04141341WA0013400155
B1907241849283S04141339WA0013400158
B1907281849286S04141337WA0013400159
B1907321849285S04141337WA0013400158
B1907361849284S04141337WA0013400160
B1907401849280S04141335WA0013400160
B1907441849279S04141336WA0013400156
B1907481849282S04141336WA0013400157
B1907521849277S04141335WA0013400157
B1907561849277S04141335WA0013400154
B1908001849278S04141335WA0013400154
B1908041849279S04141335WA0013400154
B1908081849280S04141334WA0013400153
B1908121849278S04141334WA0013400152
B1908161849277S04141336WA0013400152
B1908201849279S04141336WA0013400152
B1908241849279S04141337WA0013400149
B1908281849276S04141336WA0013400148
B1908321849274S04141336WA0013400145
B1908361849273S04141338WA0013400147
B1908401849272S04141338WA0013400149
B1908441849271S04141339WA0013400150
B1908481849270S04141338WA0013400152
B1908521849270S04141338WA0013400153
B1908561849271S04141337WA0013300153
B1909001849272S04141336WA0013300155
B1909041849275S04141338WA0013300157
B1909081849277S04141338WA0013400160
B1909121849276S04141337WA0013400158
B1909161849278S04141338WA0013400159
B1909201849280S04141336WA0013300159
B1909241849277S04141338WA0013400156
B1909281849278S04141338WA0013400156
B1909321849283S04141337WA0013400157
B1909361849282S04141338WA0013400158
B1909401849277S04141338WA0013400155
B1909441849277S04141339WA0013400154
B1909481849275S04141340WA0013300153
B1909521849273S04141342WA0013300153
B1909561849274S04141341WA0013300153
B1910001849273S04141343WA0013400150
B1910041849270S04141343WA0013400149
B1910081849267S04141341WA0013300147
B1910121849266S04141341WA0013400149
B1910161849266S04141338WA0013300151
B1910201849272S04141333WA0013400151
B1910241849272S04141330WA0013400152
B1910281849273S04141328WA0013400154
B1910321849274S04141324WA0013400152
B1910361849281S04141321WA0013400154
B1910401849284S04141326WA0013400156
B1910441849286S04141324WA0013400159
B1910481849297S04141322WA0013400164
B1910521849297S04141322WA0013400162
B1910561849297S04141323WA0013400162
B1911001849295S04141326WA0013400163
B1911041849293S04141328WA0013400162
B1911081849295S04141329WA0013300161
B1911121849295S04141329WA0013300158
B1911161849290S04141334WA0013400159
B1911201849292S04141334WA0013400161
B1911241849292S04141337WA0013400164
B1911281849292S04141337WA0013400165
B1911321849290S04141339WA0013400166
B1911361849292S04141338WA0013400169
B1911401849290S04141338WA0013400170
B1911441849290S04141337WA0013400171
B1911481849285S04141338WA0013300168
B1911521849283S04141338WA0013400165
B1911561849281S04141339WA0013300164
B1912001849280S04141340WA0013300163
B1912041849281S04141339WA0013400162
B1912081849282S04141343WA0013300160
B1912121849282S04141344WA0013400160
B1912161849278S04141343WA0013400157
B1912201849277S04141344WA0013400151
B1912241849278S04141344WA0013400152
B1912281849276S04141342WA0013300153
B1912321849277S04141344WA0013400148
B1912361849279S04141345WA0013400146
B1912401849295S04141340WA0013300147
B1912441849298S04141335WA0013300146
B1912481849303S04141334WA0013400144
B1912521849301S04141335WA0013400142
B1912561849306S04141336WA0013400142
B1913001849308S04141338WA0013400141
B1913041849307S04141338WA0013400137
B1913081849307S04141338WA0013300132
B1913121849308S04141339WA0013400134
B1913161849305S04141340WA0013400132
B1913201849305S04141341WA0013400128
B1913241849306S04141336WA0013300124
B1913281849298S04141336WA0013300120
B1913321849297S04141336WA0013300116
B1913361849296S04141333WA0013300115
B1913401849291S04141335WA0013300115
B1913441849287S04141336WA0013300111
B1913481849283S04141335WA0013300112
B1913521849284S04141336WA0013300114
B1913561849283S04141334WA0013300114
B1914001849281S04141336WA0013300115
B1914041849277S04141336WA0013400115
B1914081849275S04141338WA0013400111
B1914121849271S04141338WA0013400110
B1914161849271S04141338WA0013400111
B1914201849273S04141339WA0013400113
B1914241849273S04141339WA0013400115
B1914281849284S04141337WA0013400120
B1914321849289S04141336WA0013400125
B1914361849289S04141336WA0013400126
B1914401849289S04141338WA0013400125
B1914441849289S04141340WA0013300126
B1914481849289S04141339WA0013300123
B1914521849286S04141340WA0013400123
B1914561849285S04141340WA0013300118
B1915001849285S04141339WA0013400113
B1915041849288S04141339WA0013300107
B1915081849289S04141340WA0013300103
B1915121849289S04141341WA0013300105
B1915161849288S04141343WA0013400107
B1915201849286S04141343WA0013300107
B1915241849285S04141343WA0013400105
B1915281849284S04141339WA0013400103
B1915321849282S04141337WA0013300101
B1915361849282S04141337WA0013300106
B1915401849276S04141336WA0013300109
B1915441849276S04141337WA0013300111
B1915481849279S04141336WA0013400114
B1915521849285S04141335WA0013400119
B1915561849287S04141334WA0013400119
B1916001849286S04141333WA0013400119
B1916041849283S04141330WA0013300116
B1916081849281S04141329WA0013300115
B1916121849280S04141330WA0013300115
B1916161849277S04141329WA0013300113
B1916201849276S04141331WA0013400114
B1916241849273S04141330WA0013400114
B1916281849274S04141332WA0013400113
B1916321849274S04141333WA0013400116
B1916361849270S04141335WA0013400114
B1916401849265S04141335WA0013300113
B1916441849264S04141334WA0013300111
B1916481849267S04141335WA0013400108
B1916521849271S04141339WA0013300107
B1916561849273S04141340WA0013400105
B1917001849271S04141338WA0013400108
B1917041849269S04141339WA0013400115
B1917081849269S04141341WA0013300120
B1917121849272S04141341WA0013200120
B1917161849276S04141342WA0013300122
B1917201849277S04141342WA0013300124
B1917241849276S04141344WA0013300124
B1917281849269S04141348WA0013300125
B1917321849268S04141349WA0013300126
B1917361849267S04141354WA0013300128
B1917401849271S04141362WA0013300130
B1917441849272S04141373WA0013200126
B1917481849277S04141387WA0013200127
B1917521849286S04141405WA0013200131
B1917561849284S04141423WA0013300130
B1918001849278S04141447WA0013400128
B1918041849269S04141477WA0013500129
B1918081849256S04141510WA0013600131
B1918241849212S04141666WV0014000000
B1918281849216S04141711WA0014000144
B1918341849223S04141782WA0014000150
B1918381849231S04141823WV0014100000
B1918521849223S04141980WA0014400157
B1918581849208S04142059WV0014500000
B1919151849073S04142265WA0015500156
B1919191849036S04142306WA0016100161
B1919231848998S04142352WA0016700169
B1919401848859S04142554WA0016900175
B1919501848798S04142629WA0017200175
B1919541848781S04142656WA0017300175
B1919581848771S04142686WA0017400174
B1920021848771S04142718WA0017600172
B1920061848777S04142751WA0017800175
B1920101848790S04142785WA0017900178
B1920141848810S04142819WA0018000180
B1920181848833S04142853WA0017800182
B1920221848853S04142883WA0017400183
B1920261848877S04142916WA0017100183
B1920301848895S04142948WA0016900181
B1920341848919S04142985WA0016700180
B1920381848948S04143026WA0016700180
B1920421848981S04143065WA0016600180
B1920461849020S04143102WA0016600184
B1920501849059S04143135WA0016500185
B1920541849101S04143163WA0016400190
B1920581849145S04143190WA0016400191
B1921021849193S04143216WA0016400193
B1921061849240S04143240WA0016100193
B1921101849285S04143261WA0015900194
B1921141849330S04143281WA0015800196
B1921181849373S04143301WA0015800196
B1921221849409S04143327WA0015700196
B1921261849443S04143356WA0015700197
B1921301849477S04143388WA0015700195
B1921341849511S04143423WA0015800192
B1921381849537S04143461WA0015800191
B1921421849559S04143497WA0015800190
B1921461849582S04143532WA0015800189
B1921501849601S04143572WA0015800188
B1921541849613S04143617WA0015700187
B1921581849613S04143664WA0015600186
B1922021849612S04143711WA0015500186
B1922061849606S04143756WA0015500184
B1922101849600S04143801WA0015400183
B1922191849597S04143911WA0015300181
B1922231849608S04143953WA0015200179
B1922271849613S04143996WV0015200000
B1922461849590S04144183WV0015300000
B1922551849591S04144291WA0015600183
B1922591849612S04144359WA0015000176
B1923031849636S04144422WA0014700174
B1923071849661S04144486WA0014600171
B1923111849684S04144547WA0014400169
B1923151849712S04144605WV0014300000
B1923191849722S04144661WA0014400176
B1923311849664S04144799WA0014300178
B1923481849615S04144999WA0014600176
B1923521849632S04145041WA0014600179
B1923561849660S04145081WA0014300182
B1924001849705S04145118WA0014000183
B1924041849752S04145156WA0014000181
B1924081849803S04145191WA0014100179
B1924121849853S04145227WA0014000176
B1924161849898S04145262WA0013800174
B1924201849930S04145311WA0013700173
B1924241849952S04145371WA0013600170
B1924281849969S04145437WA0013500168
B1924321849997S04145495WA0013400166
B1924361850035S04145547WA0013400166
B1924401850079S04145596WA0013600163
B1924441850119S04145643WA0013800153
B1924481850165S04145693WA0013900145
B1924521850212S04145743WA0013700140
B1924561850260S04145793WA0013500135
B1925001850307S04145844WA0013400132
B1925041850349S04145892WA0013600129
B1925081850390S04145928WA0013500126
B1925121850426S04145943WA0013300122
B1925161850460S04145950WA0013300123
B1925201850495S04145954WA0013200127
B1925241850526S04145957WA0013200131
B1925281850555S04145968WA0013400133
B1925321850577S04145994WA0013400135
B1925361850584S04146031WA0013400139
B1925401850578S04146072WA0013500143
B1925441850560S04146120WA0013300144
B1925481850542S04146175WA0013300145
B1925521850528S04146234WA0013400146
B1925561850526S04146296WA0013500148
B1926001850528S04146361WA0013600149
B1926041850531S04146427WA0013700150
B1926081850536S04146492WA0013800152
B1926121850556S04146555WA0013900149
B1926161850586S04146613WA0013900149
B1926201850617S04146668WA0013900149
B1926241850648S04146722WA0014000152
B1926281850678S04146774WA0014000154
B1926321850712S04146821WA0014000153
B1926361850751S04146852WA0013800152
B1926401850788S04146869WA0013600151
B1926441850827S04146877WA0013500152
B1926481850865S04146880WA0013400156
B1926521850902S04146881WA0013400155
B1926561850937S04146886WA0013300153
B1927001850970S04146903WA0013200154
B1927041851000S04146925WA0013100153
B1927081851024S04146954WA0013000155
B1927121851039S04146987WA0012900156
B1927161851047S04147028WA0013000160
B1927201851048S04147078WA0013100160
B1927241851043S04147134WA0013000159
B1927281851039S04147192WA0013000155
B1927321851034S04147248WA0013100157
B1927361851022S04147301WA0013000154
B1927401851009S04147348WA0012700154
B1927441850997S04147393WA0012700156
B1927481850987S04147434WA0012800158
B1927521850978S04147472WA0012800158
B1927561850977S04147509WA0012900160
B1928001850982S04147547WA0012900160
B1928041850993S04147582WA0012900159
B1928081851011S04147614WA0012900159
B1928121851032S04147641WA0012800166
B1928161851049S04147663WA0012800167
B1928201851070S04147679WA0012800166
B1928241851081S04147689WA0012700170
B1928281851082S04147695WA0012700168
B1928321851093S04147707WA0012800169
B1928361851109S04147723WA0012800168
B1928401851131S04147745WA0012900168
B1928441851162S04147772WA0013000169
B1928481851197S04147805WA0013000169
B1928521851234S04147843WA0012900168
B1928561851275S04147882WA0012900169
B1929001851314S04147921WA0012800167
B1929041851354S04147961WA0012800165
B1929081851392S04147999WA0012700165
B1929121851426S04148037WA0012600164
B1929161851460S04148077WA0012700161
B1929201851497S04148117WA0012700159
B1929241851535S04148157WA0012800159
B1929281851573S04148198WA0012800159
B1929321851613S04148239WA0012800158
B1929361851651S04148278WA0012800158
B1929401851690S04148318WA0012900158
B1929441851728S04148358WA0012900158
B1929481851769S04148399WA0013000158
B1929521851805S04148446WA0013000158
B1929561851833S04148498WA0013100158
B1930001851840S04148554WA0013200158
